collected_at,source_url,name,foil_status,price,url,print_variation,image_url,cn_price,en_price,set_number,raw_text
2026-09-22T20:02:46+00:00,https://bilgewatermarket.com/cards,Baccai Sandspinner,foil,0.11,https://bilgewatermarket.com/cards/VEN-001?print_variation=foiled,foiled,https://bilgewatermarket.com/assets/VEN-001-EN-CwT4oNk9.png,¥0.50,$0.11,,Baccai Sandspinner VEN-001/166 Foiled CN ¥0.50 EN $0.11
2026-09-22T20:02:46+00:00,https://bilgewatermarket.com/cards,Baccai Sandspinner,nonfoil,0.05,https://bilgewatermarket.com/cards/VEN-001,normal,https://bilgewatermarket.com/assets/VEN-001-EN-CwT4oNk9.png,¥0.58,$0.05,,Baccai Sandspinner VEN-001/166 CN ¥0.58 EN $0.05
2026-09-22T20:02:46+00:00,https://bilgewatermarket.com/cards,Blade Twirler,foil,0.15,https://bilgewatermarket.com/cards/VEN-002?print_variation=foiled,foiled,https://bilgewatermarket.com/assets/VEN-002-EN-DhiWbxgH.png,¥0.89,$0.15,,Blade Twirler VEN-002/166 Foiled CN ¥0.89 EN $0.15
2026-09-22T20:02:46+00:00,https://bilgewatermarket.com/cards,Blade Twirler,nonfoil,0.05,https://bilgewatermarket.com/cards/VEN-002,normal,https://bilgewatermarket.com/assets/VEN-002-EN-DhiWbxgH.png,¥0.50,$0.05,,Blade Twirler VEN-002/166 CN ¥0.50 EN $0.05
2026-09-22T20:02:46+00:00,https://bilgewatermarket.com/cards,Brittle Steel,foil,0.32,https://bilgewatermarket.com/cards/VEN-003?print_variation=foiled,foiled,https://bilgewatermarket.com/assets/VEN-003-EN-BLstdxYc.png,¥2.04,$0.32,,Brittle Steel VEN-003/166 Foiled CN ¥2.04 EN $0.32
2026-09-22T20:02:46+00:00,https://bilgewatermarket.com/cards,Brittle Steel,nonfoil,0.08,https://bilgewatermarket.com/cards/VEN-003,normal,https://bilgewatermarket.com/assets/VEN-003-EN-BLstdxYc.png,¥0.82,$0.08,,Brittle Steel VEN-003/166 CN ¥0.82 EN $0.08
2026-09-22T20:02:46+00:00,https://bilgewatermarket.com/cards,Dune Surfer,foil,0.22,https://bilgewatermarket.com/cards/VEN-004?print_variation=foiled,foiled,https://bilgewatermarket.com/assets/VEN-004-EN-CDFnHbgU.png,¥0.51,$0.22,,Dune Surfer VEN-004/166 Foiled CN ¥0.51 EN $0.22
2026-09-22T20:02:46+00:00,https://bilgewatermarket.com/cards,Dune Surfer,nonfoil,0.08,https://bilgewatermarket.com/cards/VEN-004,normal,https://bilgewatermarket.com/assets/VEN-004-EN-CDFnHbgU.png,¥0.50,$0.08,,Dune Surfer VEN-004/166 CN ¥0.50 EN $0.08
2026-09-22T20:02:46+00:00,https://bilgewatermarket.com/cards,Forsaken Baccai,foil,0.22,https://bilgewatermarket.com/cards/VEN-005?print_variation=foiled,foiled,https://bilgewatermarket.com/assets/VEN-005-EN-B296W7Pp.png,¥0.51,$0.22,,Forsaken Baccai VEN-005/166 Foiled CN ¥0.51 EN $0.22
2026-09-22T20:02:46+00:00,https://bilgewatermarket.com/cards,Forsaken Baccai,nonfoil,0.08,https://bilgewatermarket.com/cards/VEN-005,normal,https://bilgewatermarket.com/assets/VEN-005-EN-B296W7Pp.png,¥0.50,$0.08,,Forsaken Baccai VEN-005/166 CN ¥0.50 EN $0.08
2026-09-22T20:02:46+00:00,https://bilgewatermarket.com/cards,Oasis Raider,foil,0.15,https://bilgewatermarket.com/cards/VEN-006?print_variation=foiled,foiled,https://bilgewatermarket.com/assets/VEN-006-EN-BXQcW2nP.png,¥0.56,$0.15,,Oasis Raider VEN-006/166 Foiled CN ¥0.56 EN $0.15
2026-09-22T20:02:46+00:00,https://bilgewatermarket.com/cards,Oasis Raider,nonfoil,0.07,https://bilgewatermarket.com/cards/VEN-006,normal,https://bilgewatermarket.com/assets/VEN-006-EN-BXQcW2nP.png,¥0.50,$0.07,,Oasis Raider VEN-006/166 CN ¥0.50 EN $0.07
2026-09-22T20:02:46+00:00,https://bilgewatermarket.com/cards,Punching Poro,foil,0.20,https://bilgewatermarket.com/cards/VEN-007?print_variation=foiled,foiled,https://bilgewatermarket.com/assets/VEN-007-EN-BC4DnhHy.png,¥0.62,$0.20,,Punching Poro VEN-007/166 Foiled CN ¥0.62 EN $0.20
2026-09-22T20:02:46+00:00,https://bilgewatermarket.com/cards,Punching Poro,nonfoil,0.08,https://bilgewatermarket.com/cards/VEN-007,normal,https://bilgewatermarket.com/assets/VEN-007-EN-BC4DnhHy.png,¥0.50,$0.08,,Punching Poro VEN-007/166 CN ¥0.50 EN $0.08
2026-09-22T20:02:46+00:00,https://bilgewatermarket.com/cards,Ruthless Strike,foil,0.20,https://bilgewatermarket.com/cards/VEN-008?print_variation=foiled,foiled,https://bilgewatermarket.com/assets/VEN-008-EN-QwSBQX3c.png,¥0.97,$0.20,,Ruthless Strike VEN-008/166 Foiled CN ¥0.97 EN $0.20
2026-09-22T20:02:46+00:00,https://bilgewatermarket.com/cards,Ruthless Strike,nonfoil,0.08,https://bilgewatermarket.com/cards/VEN-008,normal,https://bilgewatermarket.com/assets/VEN-008-EN-QwSBQX3c.png,¥0.50,$0.08,,Ruthless Strike VEN-008/166 CN ¥0.50 EN $0.08
2026-09-22T20:02:46+00:00,https://bilgewatermarket.com/cards,Baccai Reaper,foil,0.24,https://bilgewatermarket.com/cards/VEN-009?print_variation=foiled,foiled,https://bilgewatermarket.com/assets/VEN-009-EN-GkgxpQJM.png,¥0.52,$0.24,,Baccai Reaper VEN-009/166 Foiled CN ¥0.52 EN $0.24
2026-09-22T20:02:46+00:00,https://bilgewatermarket.com/cards,Baccai Reaper,nonfoil,0.06,https://bilgewatermarket.com/cards/VEN-009,normal,https://bilgewatermarket.com/assets/VEN-009-EN-GkgxpQJM.png,¥0.50,$0.06,,Baccai Reaper VEN-009/166 CN ¥0.50 EN $0.06
2026-09-22T20:02:46+00:00,https://bilgewatermarket.com/cards,Consuming Curse,foil,0.18,https://bilgewatermarket.com/cards/VEN-010?print_variation=foiled,foiled,https://bilgewatermarket.com/assets/VEN-010-EN-C4KbjOi9.png,¥0.88,$0.18,,Consuming Curse VEN-010/166 Foiled CN ¥0.88 EN $0.18
2026-09-22T20:02:46+00:00,https://bilgewatermarket.com/cards,Consuming Curse,nonfoil,0.09,https://bilgewatermarket.com/cards/VEN-010,normal,https://bilgewatermarket.com/assets/VEN-010-EN-C4KbjOi9.png,¥0.53,$0.09,,Consuming Curse VEN-010/166 CN ¥0.53 EN $0.09
2026-09-22T20:02:46+00:00,https://bilgewatermarket.com/cards,Pendulum Blade,foil,0.32,https://bilgewatermarket.com/cards/VEN-011?print_variation=foiled,foiled,https://bilgewatermarket.com/assets/VEN-011-EN-abjrVRf0.png,¥3.12,$0.32,,Pendulum Blade VEN-011/166 Foiled CN ¥3.12 EN $0.32
2026-09-22T20:02:46+00:00,https://bilgewatermarket.com/cards,Pendulum Blade,nonfoil,0.10,https://bilgewatermarket.com/cards/VEN-011,normal,https://bilgewatermarket.com/assets/VEN-011-EN-abjrVRf0.png,¥1.02,$0.10,,Pendulum Blade VEN-011/166 CN ¥1.02 EN $0.10
2026-09-22T20:02:46+00:00,https://bilgewatermarket.com/cards,Perfect Execution,foil,0.41,https://bilgewatermarket.com/cards/VEN-012?print_variation=foiled,foiled,https://bilgewatermarket.com/assets/VEN-012-EN-DOVssiky.png,¥2.58,$0.41,,Perfect Execution VEN-012/166 Foiled CN ¥2.58 EN $0.41
2026-09-22T20:02:46+00:00,https://bilgewatermarket.com/cards,Perfect Execution,nonfoil,0.11,https://bilgewatermarket.com/cards/VEN-012,normal,https://bilgewatermarket.com/assets/VEN-012-EN-DOVssiky.png,¥1.34,$0.11,,Perfect Execution VEN-012/166 CN ¥1.34 EN $0.11
2026-09-22T20:02:46+00:00,https://bilgewatermarket.com/cards,Shadow Assassin,foil,0.25,https://bilgewatermarket.com/cards/VEN-013?print_variation=foiled,foiled,https://bilgewatermarket.com/assets/VEN-013-EN-Z3fdgB-s.png,¥0.57,$0.25,,Shadow Assassin VEN-013/166 Foiled CN ¥0.57 EN $0.25
2026-09-22T20:02:46+00:00,https://bilgewatermarket.com/cards,Shadow Assassin,nonfoil,0.08,https://bilgewatermarket.com/cards/VEN-013,normal,https://bilgewatermarket.com/assets/VEN-013-EN-Z3fdgB-s.png,¥0.50,$0.08,,Shadow Assassin VEN-013/166 CN ¥0.50 EN $0.08
2026-09-22T20:02:46+00:00,https://bilgewatermarket.com/cards,Shadow Fiend,foil,0.26,https://bilgewatermarket.com/cards/VEN-014?print_variation=foiled,foiled,https://bilgewatermarket.com/assets/VEN-014-EN-BTkAV4rh.png,¥1.99,$0.26,,Shadow Fiend VEN-014/166 Foiled CN ¥1.99 EN $0.26
2026-09-22T20:02:46+00:00,https://bilgewatermarket.com/cards,Shadow Fiend,nonfoil,0.07,https://bilgewatermarket.com/cards/VEN-014,normal,https://bilgewatermarket.com/assets/VEN-014-EN-BTkAV4rh.png,¥0.91,$0.07,,Shadow Fiend VEN-014/166 CN ¥0.91 EN $0.07
2026-09-22T20:02:46+00:00,https://bilgewatermarket.com/cards,Decree of Rage,nonfoil,0.24,https://bilgewatermarket.com/cards/VEN-015,normal,https://bilgewatermarket.com/assets/VEN-015-EN-BsGYYCiU.png,¥3.73,$0.24,,Decree of Rage VEN-015/166 CN ¥3.73 EN $0.24
2026-09-22T20:02:46+00:00,https://bilgewatermarket.com/cards,Eclipse Dragon,nonfoil,0.12,https://bilgewatermarket.com/cards/VEN-016,normal,https://bilgewatermarket.com/assets/VEN-016-EN-BuFaigBn.png,¥0.61,$0.12,,Eclipse Dragon VEN-016/166 CN ¥0.61 EN $0.12
2026-09-22T20:02:46+00:00,https://bilgewatermarket.com/cards,"Morgana, Vindictive",nonfoil,0.15,https://bilgewatermarket.com/cards/VEN-017,normal,https://bilgewatermarket.com/assets/VEN-017-EN-8wnGKgvv.png,¥0.61,$0.15,,"Morgana, Vindictive VEN-017/166 CN ¥0.61 EN $0.15"
2026-09-22T20:02:46+00:00,https://bilgewatermarket.com/cards,Rage Amplifier,nonfoil,0.17,https://bilgewatermarket.com/cards/VEN-018,normal,https://bilgewatermarket.com/assets/VEN-018-EN-RmQ_A8Q3.png,¥0.71,$0.17,,Rage Amplifier VEN-018/166 CN ¥0.71 EN $0.17
2026-09-22T20:02:46+00:00,https://bilgewatermarket.com/cards,"Renekton, Rage Fueled",nonfoil,0.14,https://bilgewatermarket.com/cards/VEN-019,normal,https://bilgewatermarket.com/assets/VEN-019-EN-DL0bY2ZM.png,¥0.56,$0.14,,"Renekton, Rage Fueled VEN-019/166 CN ¥0.56 EN $0.14"
2026-09-22T20:02:46+00:00,https://bilgewatermarket.com/cards,"Renekton, Rage Fueled",nonfoil,1.19,https://bilgewatermarket.com/cards/VEN-019a?print_variation=showcase,showcase,https://bilgewatermarket.com/assets/VEN-019a-EN-BnEfMIC6.png,¥3.35,$1.19,,"Renekton, Rage Fueled VEN-019A/166 Showcase CN ¥3.35 EN $1.19"
2026-09-22T20:02:46+00:00,https://bilgewatermarket.com/cards,Twilight Reveler,nonfoil,0.21,https://bilgewatermarket.com/cards/VEN-020,normal,https://bilgewatermarket.com/assets/VEN-020-EN-CMJPOZWt.png,¥2.59,$0.21,,Twilight Reveler VEN-020/166 CN ¥2.59 EN $0.21
2026-09-22T20:02:46+00:00,https://bilgewatermarket.com/cards,"Akali, Deadly Weapon",nonfoil,1.10,https://bilgewatermarket.com/cards/VEN-021,normal,https://bilgewatermarket.com/assets/VEN-021-EN-C07AHWS6.png,¥6.49,$1.10,,"Akali, Deadly Weapon VEN-021/166 CN ¥6.49 EN $1.10"
2026-09-22T20:02:46+00:00,https://bilgewatermarket.com/cards,"Akali, Deadly Weapon",nonfoil,13.49,https://bilgewatermarket.com/cards/VEN-021a?print_variation=showcase,showcase,https://bilgewatermarket.com/assets/VEN-021a-EN-DqhHd3uM.png,¥29.87,$13.49,,"Akali, Deadly Weapon VEN-021A/166 Showcase CN ¥29.87 EN $13.49"
2026-09-22T20:02:46+00:00,https://bilgewatermarket.com/cards,Endless Riches,nonfoil,0.96,https://bilgewatermarket.com/cards/VEN-022,normal,https://bilgewatermarket.com/assets/VEN-022-EN-rRxduvKk.png,¥4.11,$0.96,,Endless Riches VEN-022/166 CN ¥4.11 EN $0.96
2026-09-22T20:02:46+00:00,https://bilgewatermarket.com/cards,"Zed, From the Shadows",nonfoil,0.47,https://bilgewatermarket.com/cards/VEN-023,normal,https://bilgewatermarket.com/assets/VEN-023-EN-9vllZTnU.png,¥4.65,$0.47,,"Zed, From the Shadows VEN-023/166 CN ¥4.65 EN $0.47"
2026-09-22T20:02:46+00:00,https://bilgewatermarket.com/cards,"Zed, From the Shadows",nonfoil,2.81,https://bilgewatermarket.com/cards/VEN-023a?print_variation=showcase,showcase,https://bilgewatermarket.com/assets/VEN-023a-EN-C2qiG0ec.png,¥9.06,$2.81,,"Zed, From the Shadows VEN-023A/166 Showcase CN ¥9.06 EN $2.81"
2026-09-22T20:02:46+00:00,https://bilgewatermarket.com/cards,Affectionate Poro,foil,0.21,https://bilgewatermarket.com/cards/VEN-024?print_variation=foiled,foiled,https://bilgewatermarket.com/assets/VEN-024-EN-DH64eq9Y.png,¥0.68,$0.21,,Affectionate Poro VEN-024/166 Foiled CN ¥0.68 EN $0.21
2026-09-22T20:02:46+00:00,https://bilgewatermarket.com/cards,Affectionate Poro,nonfoil,0.06,https://bilgewatermarket.com/cards/VEN-024,normal,https://bilgewatermarket.com/assets/VEN-024-EN-DH64eq9Y.png,¥0.51,$0.06,,Affectionate Poro VEN-024/166 CN ¥0.51 EN $0.06
2026-09-22T20:02:46+00:00,https://bilgewatermarket.com/cards,Esteemed Hierophant,foil,0.10,https://bilgewatermarket.com/cards/VEN-025?print_variation=foiled,foiled,https://bilgewatermarket.com/assets/VEN-025-EN-CdKDhYdf.png,¥0.50,$0.10,,Esteemed Hierophant VEN-025/166 Foiled CN ¥0.50 EN $0.10
2026-09-22T20:02:46+00:00,https://bilgewatermarket.com/cards,Esteemed Hierophant,nonfoil,0.04,https://bilgewatermarket.com/cards/VEN-025,normal,https://bilgewatermarket.com/assets/VEN-025-EN-CdKDhYdf.png,¥0.51,$0.04,,Esteemed Hierophant VEN-025/166 CN ¥0.51 EN $0.04
2026-09-22T20:02:46+00:00,https://bilgewatermarket.com/cards,Field Musicians,foil,0.10,https://bilgewatermarket.com/cards/VEN-026?print_variation=foiled,foiled,https://bilgewatermarket.com/assets/VEN-026-EN-DM1O5HO-.png,¥0.55,$0.10,,Field Musicians VEN-026/166 Foiled CN ¥0.55 EN $0.10
2026-09-22T20:02:46+00:00,https://bilgewatermarket.com/cards,Field Musicians,nonfoil,0.05,https://bilgewatermarket.com/cards/VEN-026,normal,https://bilgewatermarket.com/assets/VEN-026-EN-DM1O5HO-.png,¥0.50,$0.05,,Field Musicians VEN-026/166 CN ¥0.50 EN $0.05
2026-09-22T20:02:46+00:00,https://bilgewatermarket.com/cards,Hand Hammer,foil,0.29,https://bilgewatermarket.com/cards/VEN-027?print_variation=foiled,foiled,https://bilgewatermarket.com/assets/VEN-027-EN-CiHmLLkz.png,¥1.01,$0.29,,Hand Hammer VEN-027/166 Foiled CN ¥1.01 EN $0.29
2026-09-22T20:02:46+00:00,https://bilgewatermarket.com/cards,Hand Hammer,nonfoil,0.05,https://bilgewatermarket.com/cards/VEN-027,normal,https://bilgewatermarket.com/assets/VEN-027-EN-CiHmLLkz.png,¥0.55,$0.05,,Hand Hammer VEN-027/166 CN ¥0.55 EN $0.05
2026-09-22T20:02:46+00:00,https://bilgewatermarket.com/cards,Mournful Witness,foil,0.29,https://bilgewatermarket.com/cards/VEN-028?print_variation=foiled,foiled,https://bilgewatermarket.com/assets/VEN-028-EN-2bCFb-MU.png,¥2.64,$0.29,,Mournful Witness VEN-028/166 Foiled CN ¥2.64 EN $0.29
2026-09-22T20:02:46+00:00,https://bilgewatermarket.com/cards,Mournful Witness,nonfoil,0.05,https://bilgewatermarket.com/cards/VEN-028,normal,https://bilgewatermarket.com/assets/VEN-028-EN-2bCFb-MU.png,¥0.53,$0.05,,Mournful Witness VEN-028/166 CN ¥0.53 EN $0.05
2026-09-22T20:02:46+00:00,https://bilgewatermarket.com/cards,Ol' Poro,foil,0.29,https://bilgewatermarket.com/cards/VEN-029?print_variation=foiled,foiled,https://bilgewatermarket.com/assets/VEN-029-EN-KWJAVihx.png,¥0.57,$0.29,,Ol' Poro VEN-029/166 Foiled CN ¥0.57 EN $0.29
2026-09-22T20:02:46+00:00,https://bilgewatermarket.com/cards,Ol' Poro,nonfoil,0.08,https://bilgewatermarket.com/cards/VEN-029,normal,https://bilgewatermarket.com/assets/VEN-029-EN-KWJAVihx.png,¥0.50,$0.08,,Ol' Poro VEN-029/166 CN ¥0.50 EN $0.08
2026-09-22T20:02:46+00:00,https://bilgewatermarket.com/cards,Serene Ascetic,foil,0.15,https://bilgewatermarket.com/cards/VEN-030?print_variation=foiled,foiled,https://bilgewatermarket.com/assets/VEN-030-EN-COobBbuO.png,¥0.51,$0.15,,Serene Ascetic VEN-030/166 Foiled CN ¥0.51 EN $0.15
2026-09-22T20:02:46+00:00,https://bilgewatermarket.com/cards,Serene Ascetic,nonfoil,0.04,https://bilgewatermarket.com/cards/VEN-030,normal,https://bilgewatermarket.com/assets/VEN-030-EN-COobBbuO.png,¥0.50,$0.04,,Serene Ascetic VEN-030/166 CN ¥0.50 EN $0.04
2026-09-22T20:02:46+00:00,https://bilgewatermarket.com/cards,Twilight Shroud,foil,0.30,https://bilgewatermarket.com/cards/VEN-031?print_variation=foiled,foiled,https://bilgewatermarket.com/assets/VEN-031-EN-gTBfzKTy.png,¥2.81,$0.30,,Twilight Shroud VEN-031/166 Foiled CN ¥2.81 EN $0.30
2026-09-22T20:02:46+00:00,https://bilgewatermarket.com/cards,Twilight Shroud,nonfoil,0.08,https://bilgewatermarket.com/cards/VEN-031,normal,https://bilgewatermarket.com/assets/VEN-031-EN-gTBfzKTy.png,¥1.35,$0.08,,Twilight Shroud VEN-031/166 CN ¥1.35 EN $0.08
2026-09-22T20:02:46+00:00,https://bilgewatermarket.com/cards,Frostcoat Mother,foil,0.22,https://bilgewatermarket.com/cards/VEN-032?print_variation=foiled,foiled,https://bilgewatermarket.com/assets/VEN-032-EN-tr67-nkz.png,¥1.02,$0.22,,Frostcoat Mother VEN-032/166 Foiled CN ¥1.02 EN $0.22
2026-09-22T20:02:46+00:00,https://bilgewatermarket.com/cards,Frostcoat Mother,nonfoil,0.07,https://bilgewatermarket.com/cards/VEN-032,normal,https://bilgewatermarket.com/assets/VEN-032-EN-tr67-nkz.png,¥0.61,$0.07,,Frostcoat Mother VEN-032/166 CN ¥0.61 EN $0.07
2026-09-22T20:02:46+00:00,https://bilgewatermarket.com/cards,Pakaa Protector,foil,0.26,https://bilgewatermarket.com/cards/VEN-033?print_variation=foiled,foiled,https://bilgewatermarket.com/assets/VEN-033-EN-DXvB-R4_.png,¥0.56,$0.26,,Pakaa Protector VEN-033/166 Foiled CN ¥0.56 EN $0.26
2026-09-22T20:02:46+00:00,https://bilgewatermarket.com/cards,Pakaa Protector,nonfoil,0.07,https://bilgewatermarket.com/cards/VEN-033,normal,https://bilgewatermarket.com/assets/VEN-033-EN-DXvB-R4_.png,¥0.50,$0.07,,Pakaa Protector VEN-033/166 CN ¥0.50 EN $0.07
2026-09-22T20:02:46+00:00,https://bilgewatermarket.com/cards,Resonating Strike,foil,0.26,https://bilgewatermarket.com/cards/VEN-034?print_variation=foiled,foiled,https://bilgewatermarket.com/assets/VEN-034-EN-CKOawcph.png,¥2.17,$0.26,,Resonating Strike VEN-034/166 Foiled CN ¥2.17 EN $0.26
2026-09-22T20:02:46+00:00,https://bilgewatermarket.com/cards,Resonating Strike,nonfoil,0.16,https://bilgewatermarket.com/cards/VEN-034,normal,https://bilgewatermarket.com/assets/VEN-034-EN-CKOawcph.png,¥1.12,$0.16,,Resonating Strike VEN-034/166 CN ¥1.12 EN $0.16
2026-09-22T20:02:46+00:00,https://bilgewatermarket.com/cards,Sanction,foil,0.25,https://bilgewatermarket.com/cards/VEN-035?print_variation=foiled,foiled,https://bilgewatermarket.com/assets/VEN-035-EN-DQiTZ1ig.png,¥1.98,$0.25,,Sanction VEN-035/166 Foiled CN ¥1.98 EN $0.25
2026-09-22T20:02:46+00:00,https://bilgewatermarket.com/cards,Sanction,nonfoil,0.08,https://bilgewatermarket.com/cards/VEN-035,normal,https://bilgewatermarket.com/assets/VEN-035-EN-DQiTZ1ig.png,¥0.52,$0.08,,Sanction VEN-035/166 CN ¥0.52 EN $0.08
2026-09-22T20:02:46+00:00,https://bilgewatermarket.com/cards,Sandstone Chimera,foil,0.17,https://bilgewatermarket.com/cards/VEN-036?print_variation=foiled,foiled,https://bilgewatermarket.com/assets/VEN-036-EN-DNCwMOMs.png,¥1.02,$0.17,,Sandstone Chimera VEN-036/166 Foiled CN ¥1.02 EN $0.17
2026-09-22T20:02:46+00:00,https://bilgewatermarket.com/cards,Sandstone Chimera,nonfoil,0.05,https://bilgewatermarket.com/cards/VEN-036,normal,https://bilgewatermarket.com/assets/VEN-036-EN-DNCwMOMs.png,¥0.50,$0.05,,Sandstone Chimera VEN-036/166 CN ¥0.50 EN $0.05
2026-09-22T20:02:46+00:00,https://bilgewatermarket.com/cards,Tomb-Raider Barbara,foil,0.38,https://bilgewatermarket.com/cards/VEN-037?print_variation=foiled,foiled,https://bilgewatermarket.com/assets/VEN-037-EN-Di1ikYYh.png,¥1.92,$0.38,,Tomb-Raider Barbara VEN-037/166 Foiled CN ¥1.92 EN $0.38
2026-09-22T20:02:46+00:00,https://bilgewatermarket.com/cards,Tomb-Raider Barbara,nonfoil,0.12,https://bilgewatermarket.com/cards/VEN-037,normal,https://bilgewatermarket.com/assets/VEN-037-EN-Di1ikYYh.png,¥0.88,$0.12,,Tomb-Raider Barbara VEN-037/166 CN ¥0.88 EN $0.12
2026-09-22T20:02:46+00:00,https://bilgewatermarket.com/cards,"Akali, Silent",nonfoil,0.30,https://bilgewatermarket.com/cards/VEN-038,normal,https://bilgewatermarket.com/assets/VEN-038-EN-BX81ymB0.png,¥2.29,$0.30,,"Akali, Silent VEN-038/166 CN ¥2.29 EN $0.30"
2026-09-22T20:02:46+00:00,https://bilgewatermarket.com/cards,"Akali, Silent",nonfoil,11.30,https://bilgewatermarket.com/cards/VEN-038a?print_variation=showcase,showcase,https://bilgewatermarket.com/assets/VEN-038a-EN-Db18MocF.png,¥31.58,$11.30,,"Akali, Silent VEN-038A/166 Showcase CN ¥31.58 EN $11.30"
2026-09-22T20:02:46+00:00,https://bilgewatermarket.com/cards,Crumbling Sands,nonfoil,0.22,https://bilgewatermarket.com/cards/VEN-039,normal,https://bilgewatermarket.com/assets/VEN-039-EN-BkBKpeBC.png,¥4.03,$0.22,,Crumbling Sands VEN-039/166 CN ¥4.03 EN $0.22
2026-09-22T20:02:46+00:00,https://bilgewatermarket.com/cards,Decree of Focus,nonfoil,0.40,https://bilgewatermarket.com/cards/VEN-040,normal,https://bilgewatermarket.com/assets/VEN-040-EN-BBaQ8vdf.png,¥3.73,$0.40,,Decree of Focus VEN-040/166 CN ¥3.73 EN $0.40
2026-09-22T20:02:46+00:00,https://bilgewatermarket.com/cards,"Riven, Shattered",nonfoil,0.23,https://bilgewatermarket.com/cards/VEN-041,normal,https://bilgewatermarket.com/assets/VEN-041-EN-Bvbbssj_.png,¥0.53,$0.23,,"Riven, Shattered VEN-041/166 CN ¥0.53 EN $0.23"
2026-09-22T20:02:46+00:00,https://bilgewatermarket.com/cards,"Shen, Scourge of Shadows",nonfoil,0.13,https://bilgewatermarket.com/cards/VEN-042,normal,https://bilgewatermarket.com/assets/VEN-042-EN-DB0f2liY.png,¥0.53,$0.13,,"Shen, Scourge of Shadows VEN-042/166 CN ¥0.53 EN $0.13"
2026-09-22T20:02:46+00:00,https://bilgewatermarket.com/cards,"Shen, Scourge of Shadows",nonfoil,1.00,https://bilgewatermarket.com/cards/VEN-042a?print_variation=showcase,showcase,https://bilgewatermarket.com/assets/VEN-042a-EN-CmIMdxRz.png,¥2.58,$1.00,,"Shen, Scourge of Shadows VEN-042A/166 Showcase CN ¥2.58 EN $1.00"
2026-09-22T20:02:46+00:00,https://bilgewatermarket.com/cards,Steel Paws,nonfoil,0.31,https://bilgewatermarket.com/cards/VEN-043,normal,https://bilgewatermarket.com/assets/VEN-043-EN-D3rM5hd3.png,¥2.30,$0.31,,Steel Paws VEN-043/166 CN ¥2.30 EN $0.31
2026-09-22T20:02:46+00:00,https://bilgewatermarket.com/cards,Astral Heron,nonfoil,45.70,https://bilgewatermarket.com/cards/VEN-044,normal,https://bilgewatermarket.com/assets/VEN-044-EN-DoJyXdAU.png,¥130.75,$45.70,,Astral Heron VEN-044/166 CN ¥130.75 EN $45.70
2026-09-22T20:02:46+00:00,https://bilgewatermarket.com/cards,Helm of Suppression,nonfoil,3.30,https://bilgewatermarket.com/cards/VEN-045,normal,https://bilgewatermarket.com/assets/VEN-045-EN-Cc1MGZba.png,¥9.94,$3.30,,Helm of Suppression VEN-045/166 CN ¥9.94 EN $3.30
2026-09-22T20:02:46+00:00,https://bilgewatermarket.com/cards,"Nasus, Ascended",nonfoil,0.69,https://bilgewatermarket.com/cards/VEN-046,normal,https://bilgewatermarket.com/assets/VEN-046-EN-Kl4d9GPB.png,¥3.14,$0.69,,"Nasus, Ascended VEN-046/166 CN ¥3.14 EN $0.69"
2026-09-22T20:02:46+00:00,https://bilgewatermarket.com/cards,"Nasus, Ascended",nonfoil,2.37,https://bilgewatermarket.com/cards/VEN-046a?print_variation=showcase,showcase,https://bilgewatermarket.com/assets/VEN-046a-EN-DNtt-B1N.png,¥11.24,$2.37,,"Nasus, Ascended VEN-046A/166 Showcase CN ¥11.24 EN $2.37"
2026-09-22T20:02:46+00:00,https://bilgewatermarket.com/cards,Apprentice Mage,foil,0.17,https://bilgewatermarket.com/cards/VEN-047?print_variation=foiled,foiled,https://bilgewatermarket.com/assets/VEN-047-EN-IKhxvAeH.png,¥0.82,$0.17,,Apprentice Mage VEN-047/166 Foiled CN ¥0.82 EN $0.17
2026-09-22T20:02:46+00:00,https://bilgewatermarket.com/cards,Apprentice Mage,nonfoil,0.04,https://bilgewatermarket.com/cards/VEN-047,normal,https://bilgewatermarket.com/assets/VEN-047-EN-IKhxvAeH.png,¥0.50,$0.04,,Apprentice Mage VEN-047/166 CN ¥0.50 EN $0.04
2026-09-22T20:02:46+00:00,https://bilgewatermarket.com/cards,Cloud Drake,foil,0.20,https://bilgewatermarket.com/cards/VEN-048?print_variation=foiled,foiled,https://bilgewatermarket.com/assets/VEN-048-EN-WGFx_9br.png,¥0.50,$0.20,,Cloud Drake VEN-048/166 Foiled CN ¥0.50 EN $0.20
2026-09-22T20:02:46+00:00,https://bilgewatermarket.com/cards,Cloud Drake,nonfoil,0.04,https://bilgewatermarket.com/cards/VEN-048,normal,https://bilgewatermarket.com/assets/VEN-048-EN-WGFx_9br.png,¥0.50,$0.04,,Cloud Drake VEN-048/166 CN ¥0.50 EN $0.04
2026-09-22T20:02:46+00:00,https://bilgewatermarket.com/cards,Dredge Up,foil,0.43,https://bilgewatermarket.com/cards/VEN-049?print_variation=foiled,foiled,https://bilgewatermarket.com/assets/VEN-049-EN-B_ePmYth.png,¥1.84,$0.43,,Dredge Up VEN-049/166 Foiled CN ¥1.84 EN $0.43
2026-09-22T20:02:46+00:00,https://bilgewatermarket.com/cards,Dredge Up,nonfoil,0.08,https://bilgewatermarket.com/cards/VEN-049,normal,https://bilgewatermarket.com/assets/VEN-049-EN-B_ePmYth.png,¥0.59,$0.08,,Dredge Up VEN-049/166 CN ¥0.59 EN $0.08
2026-09-22T20:02:46+00:00,https://bilgewatermarket.com/cards,Grumpy Rockbear,foil,0.13,https://bilgewatermarket.com/cards/VEN-050?print_variation=foiled,foiled,https://bilgewatermarket.com/assets/VEN-050-EN-DsmQ1aGy.png,¥0.64,$0.13,,Grumpy Rockbear VEN-050/166 Foiled CN ¥0.64 EN $0.13
2026-09-22T20:02:46+00:00,https://bilgewatermarket.com/cards,Grumpy Rockbear,nonfoil,0.04,https://bilgewatermarket.com/cards/VEN-050,normal,https://bilgewatermarket.com/assets/VEN-050-EN-DsmQ1aGy.png,¥0.50,$0.04,,Grumpy Rockbear VEN-050/166 CN ¥0.50 EN $0.04
2026-09-22T20:02:46+00:00,https://bilgewatermarket.com/cards,Iterative Design,foil,0.23,https://bilgewatermarket.com/cards/VEN-051?print_variation=foiled,foiled,https://bilgewatermarket.com/assets/VEN-051-EN-MrRDJaWe.png,¥0.66,$0.23,,Iterative Design VEN-051/166 Foiled CN ¥0.66 EN $0.23
2026-09-22T20:02:46+00:00,https://bilgewatermarket.com/cards,Iterative Design,nonfoil,0.08,https://bilgewatermarket.com/cards/VEN-051,normal,https://bilgewatermarket.com/assets/VEN-051-EN-MrRDJaWe.png,¥0.66,$0.08,,Iterative Design VEN-051/166 CN ¥0.66 EN $0.08
2026-09-22T20:02:46+00:00,https://bilgewatermarket.com/cards,Mesmerize,foil,0.28,https://bilgewatermarket.com/cards/VEN-052?print_variation=foiled,foiled,https://bilgewatermarket.com/assets/VEN-052-EN-DXojzohb.png,¥1.00,$0.28,,Mesmerize VEN-052/166 Foiled CN ¥1.00 EN $0.28
2026-09-22T20:02:46+00:00,https://bilgewatermarket.com/cards,Mesmerize,nonfoil,0.12,https://bilgewatermarket.com/cards/VEN-052,normal,https://bilgewatermarket.com/assets/VEN-052-EN-DXojzohb.png,¥0.50,$0.12,,Mesmerize VEN-052/166 CN ¥0.50 EN $0.12
2026-09-22T20:02:46+00:00,https://bilgewatermarket.com/cards,Otterpus,foil,0.16,https://bilgewatermarket.com/cards/VEN-053?print_variation=foiled,foiled,https://bilgewatermarket.com/assets/VEN-053-EN-wfW1Layq.png,¥0.95,$0.16,,Otterpus VEN-053/166 Foiled CN ¥0.95 EN $0.16
2026-09-22T20:02:46+00:00,https://bilgewatermarket.com/cards,Otterpus,nonfoil,0.10,https://bilgewatermarket.com/cards/VEN-053,normal,https://bilgewatermarket.com/assets/VEN-053-EN-wfW1Layq.png,¥0.50,$0.10,,Otterpus VEN-053/166 CN ¥0.50 EN $0.10
2026-09-22T20:02:46+00:00,https://bilgewatermarket.com/cards,Questionable Tome,foil,0.32,https://bilgewatermarket.com/cards/VEN-054?print_variation=foiled,foiled,https://bilgewatermarket.com/assets/VEN-054-EN-WKHM6QTR.png,¥1.00,$0.32,,Questionable Tome VEN-054/166 Foiled CN ¥1.00 EN $0.32
2026-09-22T20:02:46+00:00,https://bilgewatermarket.com/cards,Questionable Tome,nonfoil,0.06,https://bilgewatermarket.com/cards/VEN-054,normal,https://bilgewatermarket.com/assets/VEN-054-EN-WKHM6QTR.png,¥0.57,$0.06,,Questionable Tome VEN-054/166 CN ¥0.57 EN $0.06
2026-09-22T20:02:46+00:00,https://bilgewatermarket.com/cards,Applied Researchers,foil,0.73,https://bilgewatermarket.com/cards/VEN-055?print_variation=foiled,foiled,https://bilgewatermarket.com/assets/VEN-055-EN-BT5B6yNz.png,¥2.59,$0.73,,Applied Researchers VEN-055/166 Foiled CN ¥2.59 EN $0.73
2026-09-22T20:02:46+00:00,https://bilgewatermarket.com/cards,Applied Researchers,nonfoil,0.15,https://bilgewatermarket.com/cards/VEN-055,normal,https://bilgewatermarket.com/assets/VEN-055-EN-BT5B6yNz.png,¥1.09,$0.15,,Applied Researchers VEN-055/166 CN ¥1.09 EN $0.15
2026-09-22T20:02:46+00:00,https://bilgewatermarket.com/cards,Clairvoyance,foil,0.25,https://bilgewatermarket.com/cards/VEN-056?print_variation=foiled,foiled,https://bilgewatermarket.com/assets/VEN-056-EN-DZNiFWB9.png,¥2.64,$0.25,,Clairvoyance VEN-056/166 Foiled CN ¥2.64 EN $0.25
2026-09-22T20:02:46+00:00,https://bilgewatermarket.com/cards,Clairvoyance,nonfoil,0.14,https://bilgewatermarket.com/cards/VEN-056,normal,https://bilgewatermarket.com/assets/VEN-056-EN-DZNiFWB9.png,¥1.11,$0.14,,Clairvoyance VEN-056/166 CN ¥1.11 EN $0.14
2026-09-22T20:02:46+00:00,https://bilgewatermarket.com/cards,Covert Informant,foil,0.20,https://bilgewatermarket.com/cards/VEN-057?print_variation=foiled,foiled,https://bilgewatermarket.com/assets/VEN-057-EN-t70vRLK_.png,¥1.00,$0.20,,Covert Informant VEN-057/166 Foiled CN ¥1.00 EN $0.20
2026-09-22T20:02:46+00:00,https://bilgewatermarket.com/cards,Covert Informant,nonfoil,0.07,https://bilgewatermarket.com/cards/VEN-057,normal,https://bilgewatermarket.com/assets/VEN-057-EN-t70vRLK_.png,¥0.50,$0.07,,Covert Informant VEN-057/166 CN ¥0.50 EN $0.07
2026-09-22T20:02:46+00:00,https://bilgewatermarket.com/cards,Patched Porobot,foil,0.60,https://bilgewatermarket.com/cards/VEN-058?print_variation=foiled,foiled,https://bilgewatermarket.com/assets/VEN-058-EN-i_v0R9Mh.png,¥3.40,$0.60,,Patched Porobot VEN-058/166 Foiled CN ¥3.40 EN $0.60
2026-09-22T20:02:46+00:00,https://bilgewatermarket.com/cards,Patched Porobot,nonfoil,0.20,https://bilgewatermarket.com/cards/VEN-058,normal,https://bilgewatermarket.com/assets/VEN-058-EN-i_v0R9Mh.png,¥1.94,$0.20,,Patched Porobot VEN-058/166 CN ¥1.94 EN $0.20
2026-09-22T20:02:46+00:00,https://bilgewatermarket.com/cards,Shock Blast,foil,0.43,https://bilgewatermarket.com/cards/VEN-059?print_variation=foiled,foiled,https://bilgewatermarket.com/assets/VEN-059-EN-wy9ej77B.png,¥3.09,$0.43,,Shock Blast VEN-059/166 Foiled CN ¥3.09 EN $0.43
2026-09-22T20:02:46+00:00,https://bilgewatermarket.com/cards,Shock Blast,nonfoil,0.09,https://bilgewatermarket.com/cards/VEN-059,normal,https://bilgewatermarket.com/assets/VEN-059-EN-wy9ej77B.png,¥0.96,$0.09,,Shock Blast VEN-059/166 CN ¥0.96 EN $0.09
2026-09-22T20:02:46+00:00,https://bilgewatermarket.com/cards,Sky Cruiser,foil,0.13,https://bilgewatermarket.com/cards/VEN-060?print_variation=foiled,foiled,https://bilgewatermarket.com/assets/VEN-060-EN-CmvVMeEj.png,¥0.52,$0.13,,Sky Cruiser VEN-060/166 Foiled CN ¥0.52 EN $0.13
2026-09-22T20:02:46+00:00,https://bilgewatermarket.com/cards,Sky Cruiser,nonfoil,0.07,https://bilgewatermarket.com/cards/VEN-060,normal,https://bilgewatermarket.com/assets/VEN-060-EN-CmvVMeEj.png,¥0.50,$0.07,,Sky Cruiser VEN-060/166 CN ¥0.50 EN $0.07
2026-09-22T20:02:46+00:00,https://bilgewatermarket.com/cards,Decree of Insight,nonfoil,0.32,https://bilgewatermarket.com/cards/VEN-061,normal,https://bilgewatermarket.com/assets/VEN-061-EN-Do6MPRUG.png,¥3.57,$0.32,,Decree of Insight VEN-061/166 CN ¥3.57 EN $0.32
2026-09-22T20:02:46+00:00,https://bilgewatermarket.com/cards,Hextech Formula,nonfoil,0.16,https://bilgewatermarket.com/cards/VEN-062,normal,https://bilgewatermarket.com/assets/VEN-062-EN-BnHJRos-.png,¥0.75,$0.16,,Hextech Formula VEN-062/166 CN ¥0.75 EN $0.16
2026-09-22T20:02:46+00:00,https://bilgewatermarket.com/cards,"Nasus, Guardian of Knowledge",nonfoil,0.15,https://bilgewatermarket.com/cards/VEN-063,normal,https://bilgewatermarket.com/assets/VEN-063-EN-DqS1r1N9.png,¥0.54,$0.15,,"Nasus, Guardian of Knowledge VEN-063/166 CN ¥0.54 EN $0.15"
2026-09-22T20:02:46+00:00,https://bilgewatermarket.com/cards,"Nasus, Guardian of Knowledge",nonfoil,1.19,https://bilgewatermarket.com/cards/VEN-063a?print_variation=showcase,showcase,https://bilgewatermarket.com/assets/VEN-063a-EN-pRvjhPfW.png,¥2.62,$1.19,,"Nasus, Guardian of Knowledge VEN-063A/166 Showcase CN ¥2.62 EN $1.19"
2026-09-22T20:02:46+00:00,https://bilgewatermarket.com/cards,Plaza Guardian,nonfoil,0.20,https://bilgewatermarket.com/cards/VEN-064,normal,https://bilgewatermarket.com/assets/VEN-064-EN-DvBVQ6iF.png,¥0.59,$0.20,,Plaza Guardian VEN-064/166 CN ¥0.59 EN $0.20
2026-09-22T20:02:46+00:00,https://bilgewatermarket.com/cards,"Swain, Visionary",nonfoil,0.20,https://bilgewatermarket.com/cards/VEN-065,normal,https://bilgewatermarket.com/assets/VEN-065-EN-DvT4ExBY.png,¥2.01,$0.20,,"Swain, Visionary VEN-065/166 CN ¥2.01 EN $0.20"
2026-09-22T20:02:46+00:00,https://bilgewatermarket.com/cards,Temporal Breach,nonfoil,0.63,https://bilgewatermarket.com/cards/VEN-066,normal,https://bilgewatermarket.com/assets/VEN-066-EN-beejkN42.png,¥9.46,$0.63,,Temporal Breach VEN-066/166 CN ¥9.46 EN $0.63
2026-09-22T20:02:46+00:00,https://bilgewatermarket.com/cards,Bottled Constellation,nonfoil,0.51,https://bilgewatermarket.com/cards/VEN-067,normal,https://bilgewatermarket.com/assets/VEN-067-EN-DNHLa_rY.png,¥2.62,$0.51,,Bottled Constellation VEN-067/166 CN ¥2.62 EN $0.51
2026-09-22T20:02:46+00:00,https://bilgewatermarket.com/cards,"Jayce, Brilliant Inventor",nonfoil,0.45,https://bilgewatermarket.com/cards/VEN-068,normal,https://bilgewatermarket.com/assets/VEN-068-EN-Dtumw_Zz.png,¥2.88,$0.45,,"Jayce, Brilliant Inventor VEN-068/166 CN ¥2.88 EN $0.45"
2026-09-22T20:02:46+00:00,https://bilgewatermarket.com/cards,"Jayce, Brilliant Inventor",nonfoil,1.70,https://bilgewatermarket.com/cards/VEN-068a?print_variation=showcase,showcase,https://bilgewatermarket.com/assets/VEN-068a-EN-BXlDNQr4.png,¥6.78,$1.70,,"Jayce, Brilliant Inventor VEN-068A/166 Showcase CN ¥6.78 EN $1.70"
2026-09-22T20:02:46+00:00,https://bilgewatermarket.com/cards,"Mel, Newly Awakened",nonfoil,1.14,https://bilgewatermarket.com/cards/VEN-069,normal,https://bilgewatermarket.com/assets/VEN-069-EN-COmTRmaG.png,¥6.11,$1.14,,"Mel, Newly Awakened VEN-069/166 CN ¥6.11 EN $1.14"
2026-09-22T20:02:46+00:00,https://bilgewatermarket.com/cards,"Mel, Newly Awakened",nonfoil,3.49,https://bilgewatermarket.com/cards/VEN-069a?print_variation=showcase,showcase,https://bilgewatermarket.com/assets/VEN-069a-EN-BgBHxMWH.png,¥10.85,$3.49,,"Mel, Newly Awakened VEN-069A/166 Showcase CN ¥10.85 EN $3.49"
2026-09-22T20:02:46+00:00,https://bilgewatermarket.com/cards,Brutal Hunter,foil,0.15,https://bilgewatermarket.com/cards/VEN-070?print_variation=foiled,foiled,https://bilgewatermarket.com/assets/VEN-070-EN-BBw0JrIr.png,¥0.51,$0.15,,Brutal Hunter VEN-070/166 Foiled CN ¥0.51 EN $0.15
2026-09-22T20:02:46+00:00,https://bilgewatermarket.com/cards,Brutal Hunter,nonfoil,0.05,https://bilgewatermarket.com/cards/VEN-070,normal,https://bilgewatermarket.com/assets/VEN-070-EN-BBw0JrIr.png,¥0.50,$0.05,,Brutal Hunter VEN-070/166 CN ¥0.50 EN $0.05
2026-09-22T20:02:46+00:00,https://bilgewatermarket.com/cards,Fretful Feline,foil,0.14,https://bilgewatermarket.com/cards/VEN-071?print_variation=foiled,foiled,https://bilgewatermarket.com/assets/VEN-071-EN-Do7lfOl3.png,¥0.50,$0.14,,Fretful Feline VEN-071/166 Foiled CN ¥0.50 EN $0.14
2026-09-22T20:02:46+00:00,https://bilgewatermarket.com/cards,Fretful Feline,nonfoil,0.04,https://bilgewatermarket.com/cards/VEN-071,normal,https://bilgewatermarket.com/assets/VEN-071-EN-Do7lfOl3.png,¥0.50,$0.04,,Fretful Feline VEN-071/166 CN ¥0.50 EN $0.04
2026-09-22T20:02:46+00:00,https://bilgewatermarket.com/cards,Guttural Roar,foil,0.24,https://bilgewatermarket.com/cards/VEN-072?print_variation=foiled,foiled,https://bilgewatermarket.com/assets/VEN-072-EN-BmIr8-tQ.png,¥1.05,$0.24,,Guttural Roar VEN-072/166 Foiled CN ¥1.05 EN $0.24
2026-09-22T20:02:46+00:00,https://bilgewatermarket.com/cards,Guttural Roar,nonfoil,0.06,https://bilgewatermarket.com/cards/VEN-072,normal,https://bilgewatermarket.com/assets/VEN-072-EN-BmIr8-tQ.png,¥0.51,$0.06,,Guttural Roar VEN-072/166 CN ¥0.51 EN $0.06
2026-09-22T20:02:46+00:00,https://bilgewatermarket.com/cards,Jagged Cutlass,foil,0.18,https://bilgewatermarket.com/cards/VEN-073?print_variation=foiled,foiled,https://bilgewatermarket.com/assets/VEN-073-EN-i0eR0RLy.png,¥0.61,$0.18,,Jagged Cutlass VEN-073/166 Foiled CN ¥0.61 EN $0.18
2026-09-22T20:02:46+00:00,https://bilgewatermarket.com/cards,Jagged Cutlass,nonfoil,0.07,https://bilgewatermarket.com/cards/VEN-073,normal,https://bilgewatermarket.com/assets/VEN-073-EN-i0eR0RLy.png,¥0.50,$0.07,,Jagged Cutlass VEN-073/166 CN ¥0.50 EN $0.07
2026-09-22T20:02:46+00:00,https://bilgewatermarket.com/cards,Legion Marauder,foil,0.23,https://bilgewatermarket.com/cards/VEN-074?print_variation=foiled,foiled,https://bilgewatermarket.com/assets/VEN-074-EN-Ccc3s0Aw.png,¥1.40,$0.23,,Legion Marauder VEN-074/166 Foiled CN ¥1.40 EN $0.23
2026-09-22T20:02:46+00:00,https://bilgewatermarket.com/cards,Legion Marauder,nonfoil,0.05,https://bilgewatermarket.com/cards/VEN-074,normal,https://bilgewatermarket.com/assets/VEN-074-EN-Ccc3s0Aw.png,¥0.51,$0.05,,Legion Marauder VEN-074/166 CN ¥0.51 EN $0.05
2026-09-22T20:02:46+00:00,https://bilgewatermarket.com/cards,Platewyrm Egg,foil,0.25,https://bilgewatermarket.com/cards/VEN-075?print_variation=foiled,foiled,https://bilgewatermarket.com/assets/VEN-075-EN-n7AqzMTZ.png,¥2.67,$0.25,,Platewyrm Egg VEN-075/166 Foiled CN ¥2.67 EN $0.25
2026-09-22T20:02:46+00:00,https://bilgewatermarket.com/cards,Platewyrm Egg,nonfoil,0.11,https://bilgewatermarket.com/cards/VEN-075,normal,https://bilgewatermarket.com/assets/VEN-075-EN-n7AqzMTZ.png,¥0.55,$0.11,,Platewyrm Egg VEN-075/166 CN ¥0.55 EN $0.11
2026-09-22T20:02:46+00:00,https://bilgewatermarket.com/cards,Repair Specialist,foil,0.26,https://bilgewatermarket.com/cards/VEN-076?print_variation=foiled,foiled,https://bilgewatermarket.com/assets/VEN-076-EN-C3K8gFpm.png,¥0.85,$0.26,,Repair Specialist VEN-076/166 Foiled CN ¥0.85 EN $0.26
2026-09-22T20:02:46+00:00,https://bilgewatermarket.com/cards,Repair Specialist,nonfoil,0.09,https://bilgewatermarket.com/cards/VEN-076,normal,https://bilgewatermarket.com/assets/VEN-076-EN-C3K8gFpm.png,¥0.50,$0.09,,Repair Specialist VEN-076/166 CN ¥0.50 EN $0.09
2026-09-22T20:02:46+00:00,https://bilgewatermarket.com/cards,Tools of Empire,foil,0.31,https://bilgewatermarket.com/cards/VEN-077?print_variation=foiled,foiled,https://bilgewatermarket.com/assets/VEN-077-EN-CsEVKpSM.png,¥1.00,$0.31,,Tools of Empire VEN-077/166 Foiled CN ¥1.00 EN $0.31
2026-09-22T20:02:46+00:00,https://bilgewatermarket.com/cards,Tools of Empire,nonfoil,0.05,https://bilgewatermarket.com/cards/VEN-077,normal,https://bilgewatermarket.com/assets/VEN-077-EN-CsEVKpSM.png,¥0.51,$0.05,,Tools of Empire VEN-077/166 CN ¥0.51 EN $0.05
2026-09-22T20:02:46+00:00,https://bilgewatermarket.com/cards,Baccai Witherclaw,foil,0.32,https://bilgewatermarket.com/cards/VEN-078?print_variation=foiled,foiled,https://bilgewatermarket.com/assets/VEN-078-EN-hWHuk34D.png,¥1.00,$0.32,,Baccai Witherclaw VEN-078/166 Foiled CN ¥1.00 EN $0.32
2026-09-22T20:02:46+00:00,https://bilgewatermarket.com/cards,Baccai Witherclaw,nonfoil,0.06,https://bilgewatermarket.com/cards/VEN-078,normal,https://bilgewatermarket.com/assets/VEN-078-EN-hWHuk34D.png,¥0.53,$0.06,,Baccai Witherclaw VEN-078/166 CN ¥0.53 EN $0.06
2026-09-22T20:02:46+00:00,https://bilgewatermarket.com/cards,Dame the Despoiler,foil,0.21,https://bilgewatermarket.com/cards/VEN-079?print_variation=foiled,foiled,https://bilgewatermarket.com/assets/VEN-079-EN-Dgt9D4yo.png,¥0.52,$0.21,,Dame the Despoiler VEN-079/166 Foiled CN ¥0.52 EN $0.21
2026-09-22T20:02:46+00:00,https://bilgewatermarket.com/cards,Dame the Despoiler,nonfoil,0.07,https://bilgewatermarket.com/cards/VEN-079,normal,https://bilgewatermarket.com/assets/VEN-079-EN-Dgt9D4yo.png,¥0.50,$0.07,,Dame the Despoiler VEN-079/166 CN ¥0.50 EN $0.07
2026-09-22T20:02:46+00:00,https://bilgewatermarket.com/cards,Noxian Demolitionist,foil,0.19,https://bilgewatermarket.com/cards/VEN-080?print_variation=foiled,foiled,https://bilgewatermarket.com/assets/VEN-080-EN--Wu8GZn8.png,¥1.07,$0.19,,Noxian Demolitionist VEN-080/166 Foiled CN ¥1.07 EN $0.19
2026-09-22T20:02:46+00:00,https://bilgewatermarket.com/cards,Noxian Demolitionist,nonfoil,0.08,https://bilgewatermarket.com/cards/VEN-080,normal,https://bilgewatermarket.com/assets/VEN-080-EN--Wu8GZn8.png,¥0.64,$0.08,,Noxian Demolitionist VEN-080/166 CN ¥0.64 EN $0.08
2026-09-22T20:02:46+00:00,https://bilgewatermarket.com/cards,Onslaught,foil,0.31,https://bilgewatermarket.com/cards/VEN-081?print_variation=foiled,foiled,https://bilgewatermarket.com/assets/VEN-081-EN-DGC01Mt6.png,¥1.92,$0.31,,Onslaught VEN-081/166 Foiled CN ¥1.92 EN $0.31
2026-09-22T20:02:46+00:00,https://bilgewatermarket.com/cards,Onslaught,nonfoil,0.13,https://bilgewatermarket.com/cards/VEN-081,normal,https://bilgewatermarket.com/assets/VEN-081-EN-DGC01Mt6.png,¥1.04,$0.13,,Onslaught VEN-081/166 CN ¥1.04 EN $0.13
2026-09-22T20:02:46+00:00,https://bilgewatermarket.com/cards,Profiteer,foil,0.29,https://bilgewatermarket.com/cards/VEN-082?print_variation=foiled,foiled,https://bilgewatermarket.com/assets/VEN-082-EN-6kic8myQ.png,¥2.00,$0.29,,Profiteer VEN-082/166 Foiled CN ¥2.00 EN $0.29
2026-09-22T20:02:46+00:00,https://bilgewatermarket.com/cards,Profiteer,nonfoil,0.12,https://bilgewatermarket.com/cards/VEN-082,normal,https://bilgewatermarket.com/assets/VEN-082-EN-6kic8myQ.png,¥1.22,$0.12,,Profiteer VEN-082/166 CN ¥1.22 EN $0.12
2026-09-22T20:02:46+00:00,https://bilgewatermarket.com/cards,Rampage,foil,0.77,https://bilgewatermarket.com/cards/VEN-083?print_variation=foiled,foiled,https://bilgewatermarket.com/assets/VEN-083-EN-BIEybsQE.png,¥6.61,$0.77,,Rampage VEN-083/166 Foiled CN ¥6.61 EN $0.77
2026-09-22T20:02:46+00:00,https://bilgewatermarket.com/cards,Rampage,nonfoil,0.25,https://bilgewatermarket.com/cards/VEN-083,normal,https://bilgewatermarket.com/assets/VEN-083-EN-BIEybsQE.png,¥1.52,$0.25,,Rampage VEN-083/166 CN ¥1.52 EN $0.25
2026-09-22T20:02:46+00:00,https://bilgewatermarket.com/cards,"Ambessa, The Wolf",nonfoil,0.19,https://bilgewatermarket.com/cards/VEN-084,normal,https://bilgewatermarket.com/assets/VEN-084-EN-Det7UPYF.png,¥1.86,$0.19,,"Ambessa, The Wolf VEN-084/166 CN ¥1.86 EN $0.19"
2026-09-22T20:02:46+00:00,https://bilgewatermarket.com/cards,"Ambessa, The Wolf",nonfoil,1.75,https://bilgewatermarket.com/cards/VEN-084a?print_variation=showcase,showcase,https://bilgewatermarket.com/assets/VEN-084a-EN-Bne2UZi0.png,¥9.34,$1.75,,"Ambessa, The Wolf VEN-084A/166 Showcase CN ¥9.34 EN $1.75"
2026-09-22T20:02:46+00:00,https://bilgewatermarket.com/cards,Decree of Strength,nonfoil,0.31,https://bilgewatermarket.com/cards/VEN-085,normal,https://bilgewatermarket.com/assets/VEN-085-EN-DGsRPBZ7.png,¥3.58,$0.31,,Decree of Strength VEN-085/166 CN ¥3.58 EN $0.31
2026-09-22T20:02:46+00:00,https://bilgewatermarket.com/cards,"Gangplank, Naval",nonfoil,0.24,https://bilgewatermarket.com/cards/VEN-086,normal,https://bilgewatermarket.com/assets/VEN-086-EN-CvTg0bFJ.png,¥1.41,$0.24,,"Gangplank, Naval VEN-086/166 CN ¥1.41 EN $0.24"
2026-09-22T20:02:46+00:00,https://bilgewatermarket.com/cards,Hextech Disc,nonfoil,0.16,https://bilgewatermarket.com/cards/VEN-087,normal,https://bilgewatermarket.com/assets/VEN-087-EN-CrcAMXPZ.png,¥0.84,$0.16,,Hextech Disc VEN-087/166 CN ¥0.84 EN $0.16
2026-09-22T20:02:46+00:00,https://bilgewatermarket.com/cards,"Jayce, Hammer in Hand",nonfoil,0.18,https://bilgewatermarket.com/cards/VEN-088,normal,https://bilgewatermarket.com/assets/VEN-088-EN-pWbYFoGK.png,¥1.35,$0.18,,"Jayce, Hammer in Hand VEN-088/166 CN ¥1.35 EN $0.18"
2026-09-22T20:02:46+00:00,https://bilgewatermarket.com/cards,"Jayce, Hammer in Hand",nonfoil,1.12,https://bilgewatermarket.com/cards/VEN-088a?print_variation=showcase,showcase,https://bilgewatermarket.com/assets/VEN-088a-EN-D-tcu65A.png,¥4.03,$1.12,,"Jayce, Hammer in Hand VEN-088A/166 Showcase CN ¥4.03 EN $1.12"
2026-09-22T20:02:46+00:00,https://bilgewatermarket.com/cards,Wild Claw,nonfoil,0.16,https://bilgewatermarket.com/cards/VEN-089,normal,https://bilgewatermarket.com/assets/VEN-089-EN-DjuOh8bv.png,¥0.60,$0.16,,Wild Claw VEN-089/166 CN ¥0.60 EN $0.16
2026-09-22T20:02:46+00:00,https://bilgewatermarket.com/cards,Cataclysmic Duel,nonfoil,0.45,https://bilgewatermarket.com/cards/VEN-090,normal,https://bilgewatermarket.com/assets/VEN-090-EN-DcLtUoYu.png,¥2.24,$0.45,,Cataclysmic Duel VEN-090/166 CN ¥2.24 EN $0.45
2026-09-22T20:02:46+00:00,https://bilgewatermarket.com/cards,Corrupted Dragon,nonfoil,0.57,https://bilgewatermarket.com/cards/VEN-091,normal,https://bilgewatermarket.com/assets/VEN-091-EN-_RU-3yoI.png,¥3.53,$0.57,,Corrupted Dragon VEN-091/166 CN ¥3.53 EN $0.57
2026-09-22T20:02:46+00:00,https://bilgewatermarket.com/cards,"Renekton, Brute",nonfoil,0.40,https://bilgewatermarket.com/cards/VEN-092,normal,https://bilgewatermarket.com/assets/VEN-092-EN-DkMPRHL8.png,¥1.61,$0.40,,"Renekton, Brute VEN-092/166 CN ¥1.61 EN $0.40"
2026-09-22T20:02:46+00:00,https://bilgewatermarket.com/cards,"Renekton, Brute",nonfoil,1.99,https://bilgewatermarket.com/cards/VEN-092a?print_variation=showcase,showcase,https://bilgewatermarket.com/assets/VEN-092a-EN--0lOGwVx.png,¥4.41,$1.99,,"Renekton, Brute VEN-092A/166 Showcase CN ¥4.41 EN $1.99"
2026-09-22T20:02:46+00:00,https://bilgewatermarket.com/cards,Kinkou Lifeblade,foil,0.13,https://bilgewatermarket.com/cards/VEN-093?print_variation=foiled,foiled,https://bilgewatermarket.com/assets/VEN-093-EN-CCh8yFUu.png,¥0.51,$0.13,,Kinkou Lifeblade VEN-093/166 Foiled CN ¥0.51 EN $0.13
2026-09-22T20:02:46+00:00,https://bilgewatermarket.com/cards,Kinkou Lifeblade,nonfoil,0.05,https://bilgewatermarket.com/cards/VEN-093,normal,https://bilgewatermarket.com/assets/VEN-093-EN-CCh8yFUu.png,¥0.50,$0.05,,Kinkou Lifeblade VEN-093/166 CN ¥0.50 EN $0.05
2026-09-22T20:02:46+00:00,https://bilgewatermarket.com/cards,Mask Mother,foil,0.21,https://bilgewatermarket.com/cards/VEN-094?print_variation=foiled,foiled,https://bilgewatermarket.com/assets/VEN-094-EN-zhkibLfS.png,¥1.05,$0.21,,Mask Mother VEN-094/166 Foiled CN ¥1.05 EN $0.21
2026-09-22T20:02:46+00:00,https://bilgewatermarket.com/cards,Mask Mother,nonfoil,0.08,https://bilgewatermarket.com/cards/VEN-094,normal,https://bilgewatermarket.com/assets/VEN-094-EN-zhkibLfS.png,¥0.50,$0.08,,Mask Mother VEN-094/166 CN ¥0.50 EN $0.08
2026-09-22T20:02:46+00:00,https://bilgewatermarket.com/cards,Shadow Order Disciple,foil,0.33,https://bilgewatermarket.com/cards/VEN-095?print_variation=foiled,foiled,https://bilgewatermarket.com/assets/VEN-095-EN-Djs_M261.png,¥2.32,$0.33,,Shadow Order Disciple VEN-095/166 Foiled CN ¥2.32 EN $0.33
2026-09-22T20:02:46+00:00,https://bilgewatermarket.com/cards,Shadow Order Disciple,nonfoil,0.08,https://bilgewatermarket.com/cards/VEN-095,normal,https://bilgewatermarket.com/assets/VEN-095-EN-Djs_M261.png,¥0.59,$0.08,,Shadow Order Disciple VEN-095/166 CN ¥0.59 EN $0.08
2026-09-22T20:02:46+00:00,https://bilgewatermarket.com/cards,Shadowblade Lurker,foil,0.23,https://bilgewatermarket.com/cards/VEN-096?print_variation=foiled,foiled,https://bilgewatermarket.com/assets/VEN-096-EN-LleB4Kxh.png,¥2.55,$0.23,,Shadowblade Lurker VEN-096/166 Foiled CN ¥2.55 EN $0.23
2026-09-22T20:02:46+00:00,https://bilgewatermarket.com/cards,Shadowblade Lurker,nonfoil,0.05,https://bilgewatermarket.com/cards/VEN-096,normal,https://bilgewatermarket.com/assets/VEN-096-EN-LleB4Kxh.png,¥0.50,$0.05,,Shadowblade Lurker VEN-096/166 CN ¥0.50 EN $0.05
2026-09-22T20:02:46+00:00,https://bilgewatermarket.com/cards,Spiderling,foil,0.49,https://bilgewatermarket.com/cards/VEN-097?print_variation=foiled,foiled,https://bilgewatermarket.com/assets/VEN-097-EN-05nsFlAy.png,¥1.06,$0.49,,Spiderling VEN-097/166 Foiled CN ¥1.06 EN $0.49
2026-09-22T20:02:46+00:00,https://bilgewatermarket.com/cards,Spiderling,nonfoil,0.25,https://bilgewatermarket.com/cards/VEN-097,normal,https://bilgewatermarket.com/assets/VEN-097-EN-05nsFlAy.png,¥0.72,$0.25,,Spiderling VEN-097/166 CN ¥0.72 EN $0.25
2026-09-22T20:02:46+00:00,https://bilgewatermarket.com/cards,Stargazer,foil,0.13,https://bilgewatermarket.com/cards/VEN-098?print_variation=foiled,foiled,https://bilgewatermarket.com/assets/VEN-098-EN-7CMTOXwI.png,¥0.51,$0.13,,Stargazer VEN-098/166 Foiled CN ¥0.51 EN $0.13
2026-09-22T20:02:46+00:00,https://bilgewatermarket.com/cards,Stargazer,nonfoil,0.05,https://bilgewatermarket.com/cards/VEN-098,normal,https://bilgewatermarket.com/assets/VEN-098-EN-7CMTOXwI.png,¥0.50,$0.05,,Stargazer VEN-098/166 CN ¥0.50 EN $0.05
2026-09-22T20:02:46+00:00,https://bilgewatermarket.com/cards,Tornado Warrior,foil,0.29,https://bilgewatermarket.com/cards/VEN-099?print_variation=foiled,foiled,https://bilgewatermarket.com/assets/VEN-099-EN-B9G9hLDc.png,¥2.53,$0.29,,Tornado Warrior VEN-099/166 Foiled CN ¥2.53 EN $0.29
2026-09-22T20:02:46+00:00,https://bilgewatermarket.com/cards,Tornado Warrior,nonfoil,0.09,https://bilgewatermarket.com/cards/VEN-099,normal,https://bilgewatermarket.com/assets/VEN-099-EN-B9G9hLDc.png,¥0.56,$0.09,,Tornado Warrior VEN-099/166 CN ¥0.56 EN $0.09
2026-09-22T20:02:46+00:00,https://bilgewatermarket.com/cards,Up from the Deep,foil,0.71,https://bilgewatermarket.com/cards/VEN-100?print_variation=foiled,foiled,https://bilgewatermarket.com/assets/VEN-100-EN-CDeicDP5.png,¥1.99,$0.71,,Up from the Deep VEN-100/166 Foiled CN ¥1.99 EN $0.71
2026-09-22T20:02:46+00:00,https://bilgewatermarket.com/cards,Up from the Deep,nonfoil,0.14,https://bilgewatermarket.com/cards/VEN-100,normal,https://bilgewatermarket.com/assets/VEN-100-EN-CDeicDP5.png,¥0.62,$0.14,,Up from the Deep VEN-100/166 CN ¥0.62 EN $0.14
2026-09-22T20:02:46+00:00,https://bilgewatermarket.com/cards,Gust Monk,foil,0.33,https://bilgewatermarket.com/cards/VEN-101?print_variation=foiled,foiled,https://bilgewatermarket.com/assets/VEN-101-EN-Cfs11m7w.png,¥3.53,$0.33,,Gust Monk VEN-101/166 Foiled CN ¥3.53 EN $0.33
2026-09-22T20:02:46+00:00,https://bilgewatermarket.com/cards,Gust Monk,nonfoil,0.12,https://bilgewatermarket.com/cards/VEN-101,normal,https://bilgewatermarket.com/assets/VEN-101-EN-Cfs11m7w.png,¥1.29,$0.12,,Gust Monk VEN-101/166 CN ¥1.29 EN $0.12
2026-09-22T20:02:46+00:00,https://bilgewatermarket.com/cards,Ravenbloom Prefect,foil,1.28,https://bilgewatermarket.com/cards/VEN-102?print_variation=foiled,foiled,https://bilgewatermarket.com/assets/VEN-102-EN-E3NZ3v4J.png,¥7.13,$1.28,,Ravenbloom Prefect VEN-102/166 Foiled CN ¥7.13 EN $1.28
2026-09-22T20:02:46+00:00,https://bilgewatermarket.com/cards,Ravenbloom Prefect,nonfoil,0.18,https://bilgewatermarket.com/cards/VEN-102,normal,https://bilgewatermarket.com/assets/VEN-102-EN-E3NZ3v4J.png,¥1.87,$0.18,,Ravenbloom Prefect VEN-102/166 CN ¥1.87 EN $0.18
2026-09-22T20:02:46+00:00,https://bilgewatermarket.com/cards,Shadows of the Past,foil,0.34,https://bilgewatermarket.com/cards/VEN-103?print_variation=foiled,foiled,https://bilgewatermarket.com/assets/VEN-103-EN-CnLVojsO.png,¥3.77,$0.34,,Shadows of the Past VEN-103/166 Foiled CN ¥3.77 EN $0.34
2026-09-22T20:02:46+00:00,https://bilgewatermarket.com/cards,Shadows of the Past,nonfoil,0.11,https://bilgewatermarket.com/cards/VEN-103,normal,https://bilgewatermarket.com/assets/VEN-103-EN-CnLVojsO.png,¥1.11,$0.11,,Shadows of the Past VEN-103/166 CN ¥1.11 EN $0.11
2026-09-22T20:02:46+00:00,https://bilgewatermarket.com/cards,Tail-Cloaked Matriarch,foil,0.54,https://bilgewatermarket.com/cards/VEN-104?print_variation=foiled,foiled,https://bilgewatermarket.com/assets/VEN-104-EN-g6J6Ukj4.png,¥3.56,$0.54,,Tail-Cloaked Matriarch VEN-104/166 Foiled CN ¥3.56 EN $0.54
2026-09-22T20:02:46+00:00,https://bilgewatermarket.com/cards,Tail-Cloaked Matriarch,nonfoil,0.16,https://bilgewatermarket.com/cards/VEN-104,normal,https://bilgewatermarket.com/assets/VEN-104-EN-g6J6Ukj4.png,¥1.99,$0.16,,Tail-Cloaked Matriarch VEN-104/166 CN ¥1.99 EN $0.16
2026-09-22T20:02:46+00:00,https://bilgewatermarket.com/cards,Twilight Step,foil,0.33,https://bilgewatermarket.com/cards/VEN-105?print_variation=foiled,foiled,https://bilgewatermarket.com/assets/VEN-105-EN-sXCnXaRy.png,¥1.11,$0.33,,Twilight Step VEN-105/166 Foiled CN ¥1.11 EN $0.33
2026-09-22T20:02:46+00:00,https://bilgewatermarket.com/cards,Twilight Step,nonfoil,0.08,https://bilgewatermarket.com/cards/VEN-105,normal,https://bilgewatermarket.com/assets/VEN-105-EN-sXCnXaRy.png,¥0.51,$0.08,,Twilight Step VEN-105/166 CN ¥0.51 EN $0.08
2026-09-22T20:02:46+00:00,https://bilgewatermarket.com/cards,Wind and Ghosts,foil,0.59,https://bilgewatermarket.com/cards/VEN-106?print_variation=foiled,foiled,https://bilgewatermarket.com/assets/VEN-106-EN-DMu1DLbf.png,¥3.99,$0.59,,Wind and Ghosts VEN-106/166 Foiled CN ¥3.99 EN $0.59
2026-09-22T20:02:46+00:00,https://bilgewatermarket.com/cards,Wind and Ghosts,nonfoil,0.15,https://bilgewatermarket.com/cards/VEN-106,normal,https://bilgewatermarket.com/assets/VEN-106-EN-DMu1DLbf.png,¥2.00,$0.15,,Wind and Ghosts VEN-106/166 CN ¥2.00 EN $0.15
2026-09-22T20:02:46+00:00,https://bilgewatermarket.com/cards,Decree of Discord,nonfoil,0.24,https://bilgewatermarket.com/cards/VEN-107,normal,https://bilgewatermarket.com/assets/VEN-107-EN-D-gVhqXY.png,¥1.69,$0.24,,Decree of Discord VEN-107/166 CN ¥1.69 EN $0.24
2026-09-22T20:02:46+00:00,https://bilgewatermarket.com/cards,Forgotten Relic,nonfoil,0.16,https://bilgewatermarket.com/cards/VEN-108,normal,https://bilgewatermarket.com/assets/VEN-108-EN-CFAyxxig.png,¥0.66,$0.16,,Forgotten Relic VEN-108/166 CN ¥0.66 EN $0.16
2026-09-22T20:02:46+00:00,https://bilgewatermarket.com/cards,"Illaoi, Prophet of the Great Kraken",nonfoil,0.19,https://bilgewatermarket.com/cards/VEN-109,normal,https://bilgewatermarket.com/assets/VEN-109-EN-hIJHzxhp.png,¥1.61,$0.19,,"Illaoi, Prophet of the Great Kraken VEN-109/166 CN ¥1.61 EN $0.19"
2026-09-22T20:02:46+00:00,https://bilgewatermarket.com/cards,"Mel, Defiant Soul",nonfoil,0.15,https://bilgewatermarket.com/cards/VEN-110,normal,https://bilgewatermarket.com/assets/VEN-110-EN-CDeRZYEh.png,¥0.98,$0.15,,"Mel, Defiant Soul VEN-110/166 CN ¥0.98 EN $0.15"
2026-09-22T20:02:46+00:00,https://bilgewatermarket.com/cards,"Mel, Defiant Soul",nonfoil,1.38,https://bilgewatermarket.com/cards/VEN-110a?print_variation=showcase,showcase,https://bilgewatermarket.com/assets/VEN-110a-EN-ChC82MvM.png,¥5.39,$1.38,,"Mel, Defiant Soul VEN-110A/166 Showcase CN ¥5.39 EN $1.38"
2026-09-22T20:02:46+00:00,https://bilgewatermarket.com/cards,Minah Swiftfoot,nonfoil,0.20,https://bilgewatermarket.com/cards/VEN-111,normal,https://bilgewatermarket.com/assets/VEN-111-EN-CCUPoBUU.png,¥0.52,$0.20,,Minah Swiftfoot VEN-111/166 CN ¥0.52 EN $0.20
2026-09-22T20:02:46+00:00,https://bilgewatermarket.com/cards,"Zed, Without a Sound",nonfoil,0.25,https://bilgewatermarket.com/cards/VEN-112,normal,https://bilgewatermarket.com/assets/VEN-112-EN-cv7eYR1P.png,¥1.09,$0.25,,"Zed, Without a Sound VEN-112/166 CN ¥1.09 EN $0.25"
2026-09-22T20:02:46+00:00,https://bilgewatermarket.com/cards,"Zed, Without a Sound",nonfoil,3.48,https://bilgewatermarket.com/cards/VEN-112a?print_variation=showcase,showcase,https://bilgewatermarket.com/assets/VEN-112a-EN-ajY8ipqJ.png,¥6.94,$3.48,,"Zed, Without a Sound VEN-112A/166 Showcase CN ¥6.94 EN $3.48"
2026-09-22T20:02:46+00:00,https://bilgewatermarket.com/cards,"Kennen, Storm of Shuriken",nonfoil,1.66,https://bilgewatermarket.com/cards/VEN-113,normal,https://bilgewatermarket.com/assets/VEN-113-EN-DC0HFiXj.png,¥11.81,$1.66,,"Kennen, Storm of Shuriken VEN-113/166 CN ¥11.81 EN $1.66"
2026-09-22T20:02:46+00:00,https://bilgewatermarket.com/cards,"Kennen, Storm of Shuriken",nonfoil,4.53,https://bilgewatermarket.com/cards/VEN-113a?print_variation=showcase,showcase,https://bilgewatermarket.com/assets/VEN-113a-EN-BIhr190O.png,¥23.32,$4.53,,"Kennen, Storm of Shuriken VEN-113A/166 Showcase CN ¥23.32 EN $4.53"
2026-09-22T20:02:46+00:00,https://bilgewatermarket.com/cards,Kharox,nonfoil,4.42,https://bilgewatermarket.com/cards/VEN-114,normal,https://bilgewatermarket.com/assets/VEN-114-EN-CQZ3mmbC.png,¥15.43,$4.42,,Kharox VEN-114/166 CN ¥15.43 EN $4.42
2026-09-22T20:02:46+00:00,https://bilgewatermarket.com/cards,Ocean Drake,nonfoil,1.31,https://bilgewatermarket.com/cards/VEN-115,normal,https://bilgewatermarket.com/assets/VEN-115-EN-D0nMt3w8.png,¥6.48,$1.31,,Ocean Drake VEN-115/166 CN ¥6.48 EN $1.31
2026-09-22T20:02:46+00:00,https://bilgewatermarket.com/cards,Dragon Form,foil,0.27,https://bilgewatermarket.com/cards/VEN-116?print_variation=foiled,foiled,https://bilgewatermarket.com/assets/VEN-116-EN-Bt8UgnTk.png,¥1.13,$0.27,,Dragon Form VEN-116/166 Foiled CN ¥1.13 EN $0.27
2026-09-22T20:02:46+00:00,https://bilgewatermarket.com/cards,Dragon Form,nonfoil,0.08,https://bilgewatermarket.com/cards/VEN-116,normal,https://bilgewatermarket.com/assets/VEN-116-EN-Bt8UgnTk.png,¥0.52,$0.08,,Dragon Form VEN-116/166 CN ¥0.52 EN $0.08
2026-09-22T20:02:46+00:00,https://bilgewatermarket.com/cards,Disciple of Shen,foil,0.21,https://bilgewatermarket.com/cards/VEN-117?print_variation=foiled,foiled,https://bilgewatermarket.com/assets/VEN-117-EN-B_yM4GJW.png,¥1.23,$0.21,,Disciple of Shen VEN-117/166 Foiled CN ¥1.23 EN $0.21
2026-09-22T20:02:46+00:00,https://bilgewatermarket.com/cards,Disciple of Shen,nonfoil,0.07,https://bilgewatermarket.com/cards/VEN-117,normal,https://bilgewatermarket.com/assets/VEN-117-EN-B_yM4GJW.png,¥0.50,$0.07,,Disciple of Shen VEN-117/166 CN ¥0.50 EN $0.07
2026-09-22T20:02:46+00:00,https://bilgewatermarket.com/cards,Horns of the Dragon,foil,0.14,https://bilgewatermarket.com/cards/VEN-118?print_variation=foiled,foiled,https://bilgewatermarket.com/assets/VEN-118-EN-4sJWjecS.png,¥0.50,$0.14,,Horns of the Dragon VEN-118/166 Foiled CN ¥0.50 EN $0.14
2026-09-22T20:02:46+00:00,https://bilgewatermarket.com/cards,Horns of the Dragon,nonfoil,0.03,https://bilgewatermarket.com/cards/VEN-118,normal,https://bilgewatermarket.com/assets/VEN-118-EN-4sJWjecS.png,¥0.50,$0.03,,Horns of the Dragon VEN-118/166 CN ¥0.50 EN $0.03
2026-09-22T20:02:46+00:00,https://bilgewatermarket.com/cards,Keeper of Law,foil,0.14,https://bilgewatermarket.com/cards/VEN-119?print_variation=foiled,foiled,https://bilgewatermarket.com/assets/VEN-119-EN-B94zn0sC.png,¥0.63,$0.14,,Keeper of Law VEN-119/166 Foiled CN ¥0.63 EN $0.14
2026-09-22T20:02:46+00:00,https://bilgewatermarket.com/cards,Keeper of Law,nonfoil,0.06,https://bilgewatermarket.com/cards/VEN-119,normal,https://bilgewatermarket.com/assets/VEN-119-EN-B94zn0sC.png,¥0.50,$0.06,,Keeper of Law VEN-119/166 CN ¥0.50 EN $0.06
2026-09-22T20:02:46+00:00,https://bilgewatermarket.com/cards,"Masa, Crashing Thunder",foil,0.16,https://bilgewatermarket.com/cards/VEN-120?print_variation=foiled,foiled,https://bilgewatermarket.com/assets/VEN-120-EN-DHcPgd86.png,¥0.51,$0.16,,"Masa, Crashing Thunder VEN-120/166 Foiled CN ¥0.51 EN $0.16"
2026-09-22T20:02:46+00:00,https://bilgewatermarket.com/cards,"Masa, Crashing Thunder",nonfoil,0.07,https://bilgewatermarket.com/cards/VEN-120,normal,https://bilgewatermarket.com/assets/VEN-120-EN-DHcPgd86.png,¥0.50,$0.07,,"Masa, Crashing Thunder VEN-120/166 CN ¥0.50 EN $0.07"
2026-09-22T20:02:46+00:00,https://bilgewatermarket.com/cards,Reluctant Leader,foil,0.13,https://bilgewatermarket.com/cards/VEN-121?print_variation=foiled,foiled,https://bilgewatermarket.com/assets/VEN-121-EN-BbtJBtUW.png,¥0.50,$0.13,,Reluctant Leader VEN-121/166 Foiled CN ¥0.50 EN $0.13
2026-09-22T20:02:46+00:00,https://bilgewatermarket.com/cards,Reluctant Leader,nonfoil,0.06,https://bilgewatermarket.com/cards/VEN-121,normal,https://bilgewatermarket.com/assets/VEN-121-EN-BbtJBtUW.png,¥0.50,$0.06,,Reluctant Leader VEN-121/166 CN ¥0.50 EN $0.06
2026-09-22T20:02:46+00:00,https://bilgewatermarket.com/cards,Solari Sunhawk,foil,0.35,https://bilgewatermarket.com/cards/VEN-122?print_variation=foiled,foiled,https://bilgewatermarket.com/assets/VEN-122-EN-0YWRcky6.png,¥0.66,$0.35,,Solari Sunhawk VEN-122/166 Foiled CN ¥0.66 EN $0.35
2026-09-22T20:02:46+00:00,https://bilgewatermarket.com/cards,Solari Sunhawk,nonfoil,0.10,https://bilgewatermarket.com/cards/VEN-122,normal,https://bilgewatermarket.com/assets/VEN-122-EN-0YWRcky6.png,¥0.50,$0.10,,Solari Sunhawk VEN-122/166 CN ¥0.50 EN $0.10
2026-09-22T20:02:46+00:00,https://bilgewatermarket.com/cards,Soulspinner,foil,0.16,https://bilgewatermarket.com/cards/VEN-123?print_variation=foiled,foiled,https://bilgewatermarket.com/assets/VEN-123-EN-DsL_H6zs.png,¥0.53,$0.16,,Soulspinner VEN-123/166 Foiled CN ¥0.53 EN $0.16
2026-09-22T20:02:46+00:00,https://bilgewatermarket.com/cards,Soulspinner,nonfoil,0.04,https://bilgewatermarket.com/cards/VEN-123,normal,https://bilgewatermarket.com/assets/VEN-123-EN-DsL_H6zs.png,¥0.50,$0.04,,Soulspinner VEN-123/166 CN ¥0.50 EN $0.04
2026-09-22T20:02:46+00:00,https://bilgewatermarket.com/cards,Escaped Grayback,foil,0.37,https://bilgewatermarket.com/cards/VEN-124?print_variation=foiled,foiled,https://bilgewatermarket.com/assets/VEN-124-EN-BgPMS7JC.png,¥1.04,$0.37,,Escaped Grayback VEN-124/166 Foiled CN ¥1.04 EN $0.37
2026-09-22T20:02:46+00:00,https://bilgewatermarket.com/cards,Escaped Grayback,nonfoil,0.20,https://bilgewatermarket.com/cards/VEN-124,normal,https://bilgewatermarket.com/assets/VEN-124-EN-BgPMS7JC.png,¥0.58,$0.20,,Escaped Grayback VEN-124/166 CN ¥0.58 EN $0.20
2026-09-22T20:02:46+00:00,https://bilgewatermarket.com/cards,Hungry Wolf,foil,0.19,https://bilgewatermarket.com/cards/VEN-125?print_variation=foiled,foiled,https://bilgewatermarket.com/assets/VEN-125-EN-ygpWWhje.png,¥1.00,$0.19,,Hungry Wolf VEN-125/166 Foiled CN ¥1.00 EN $0.19
2026-09-22T20:02:46+00:00,https://bilgewatermarket.com/cards,Hungry Wolf,nonfoil,0.05,https://bilgewatermarket.com/cards/VEN-125,normal,https://bilgewatermarket.com/assets/VEN-125-EN-ygpWWhje.png,¥0.51,$0.05,,Hungry Wolf VEN-125/166 CN ¥0.51 EN $0.05
2026-09-22T20:02:46+00:00,https://bilgewatermarket.com/cards,Ki Barrier,foil,0.36,https://bilgewatermarket.com/cards/VEN-126?print_variation=foiled,foiled,https://bilgewatermarket.com/assets/VEN-126-EN-U5km56qq.png,¥3.31,$0.36,,Ki Barrier VEN-126/166 Foiled CN ¥3.31 EN $0.36
2026-09-22T20:02:46+00:00,https://bilgewatermarket.com/cards,Ki Barrier,nonfoil,0.17,https://bilgewatermarket.com/cards/VEN-126,normal,https://bilgewatermarket.com/assets/VEN-126-EN-U5km56qq.png,¥1.12,$0.17,,Ki Barrier VEN-126/166 CN ¥1.12 EN $0.17
2026-09-22T20:02:46+00:00,https://bilgewatermarket.com/cards,Lacerate,foil,0.34,https://bilgewatermarket.com/cards/VEN-127?print_variation=foiled,foiled,https://bilgewatermarket.com/assets/VEN-127-EN-EQ1Hrn1v.png,¥6.33,$0.34,,Lacerate VEN-127/166 Foiled CN ¥6.33 EN $0.34
2026-09-22T20:02:46+00:00,https://bilgewatermarket.com/cards,Lacerate,nonfoil,0.11,https://bilgewatermarket.com/cards/VEN-127,normal,https://bilgewatermarket.com/assets/VEN-127-EN-EQ1Hrn1v.png,¥1.92,$0.11,,Lacerate VEN-127/166 CN ¥1.92 EN $0.11
2026-09-22T20:02:46+00:00,https://bilgewatermarket.com/cards,Noxian Emissary,foil,0.39,https://bilgewatermarket.com/cards/VEN-128?print_variation=foiled,foiled,https://bilgewatermarket.com/assets/VEN-128-EN-CGePnjX8.png,¥3.00,$0.39,,Noxian Emissary VEN-128/166 Foiled CN ¥3.00 EN $0.39
2026-09-22T20:02:46+00:00,https://bilgewatermarket.com/cards,Noxian Emissary,nonfoil,0.16,https://bilgewatermarket.com/cards/VEN-128,normal,https://bilgewatermarket.com/assets/VEN-128-EN-CGePnjX8.png,¥1.22,$0.16,,Noxian Emissary VEN-128/166 CN ¥1.22 EN $0.16
2026-09-22T20:02:46+00:00,https://bilgewatermarket.com/cards,Sacred Protector,foil,0.34,https://bilgewatermarket.com/cards/VEN-129?print_variation=foiled,foiled,https://bilgewatermarket.com/assets/VEN-129-EN-Dvn8dDbH.png,¥0.51,$0.34,,Sacred Protector VEN-129/166 Foiled CN ¥0.51 EN $0.34
2026-09-22T20:02:46+00:00,https://bilgewatermarket.com/cards,Sacred Protector,nonfoil,0.08,https://bilgewatermarket.com/cards/VEN-129,normal,https://bilgewatermarket.com/assets/VEN-129-EN-Dvn8dDbH.png,¥0.51,$0.08,,Sacred Protector VEN-129/166 CN ¥0.51 EN $0.08
2026-09-22T20:02:46+00:00,https://bilgewatermarket.com/cards,Aurok General,nonfoil,0.13,https://bilgewatermarket.com/cards/VEN-130,normal,https://bilgewatermarket.com/assets/VEN-130-EN-BJk1OtBj.png,¥0.63,$0.13,,Aurok General VEN-130/166 CN ¥0.63 EN $0.13
2026-09-22T20:02:46+00:00,https://bilgewatermarket.com/cards,Decree of Unity,nonfoil,0.46,https://bilgewatermarket.com/cards/VEN-131,normal,https://bilgewatermarket.com/assets/VEN-131-EN-KJm7m92q.png,¥2.41,$0.46,,Decree of Unity VEN-131/166 CN ¥2.41 EN $0.46
2026-09-22T20:02:46+00:00,https://bilgewatermarket.com/cards,Fallen Feline,nonfoil,0.22,https://bilgewatermarket.com/cards/VEN-132,normal,https://bilgewatermarket.com/assets/VEN-132-EN-NGraPDZw.png,¥2.24,$0.22,,Fallen Feline VEN-132/166 CN ¥2.24 EN $0.22
2026-09-22T20:02:46+00:00,https://bilgewatermarket.com/cards,Glowstone,nonfoil,0.14,https://bilgewatermarket.com/cards/VEN-133,normal,https://bilgewatermarket.com/assets/VEN-133-EN-DNCd1Yt6.png,¥0.66,$0.14,,Glowstone VEN-133/166 CN ¥0.66 EN $0.14
2026-09-22T20:02:46+00:00,https://bilgewatermarket.com/cards,"Kayle, Justified",nonfoil,0.31,https://bilgewatermarket.com/cards/VEN-134,normal,https://bilgewatermarket.com/assets/VEN-134-EN-2unK_ljh.png,¥2.20,$0.31,,"Kayle, Justified VEN-134/166 CN ¥2.20 EN $0.31"
2026-09-22T20:02:46+00:00,https://bilgewatermarket.com/cards,"Kennen, Keeper of Balance",nonfoil,0.30,https://bilgewatermarket.com/cards/VEN-135,normal,https://bilgewatermarket.com/assets/VEN-135-EN-CetCr0Fl.png,¥2.68,$0.30,,"Kennen, Keeper of Balance VEN-135/166 CN ¥2.68 EN $0.30"
2026-09-22T20:02:46+00:00,https://bilgewatermarket.com/cards,"Kennen, Keeper of Balance",nonfoil,4.72,https://bilgewatermarket.com/cards/VEN-135a?print_variation=showcase,showcase,https://bilgewatermarket.com/assets/VEN-135a-EN-D0fbx7ia.png,¥9.59,$4.72,,"Kennen, Keeper of Balance VEN-135A/166 Showcase CN ¥9.59 EN $4.72"
2026-09-22T20:02:46+00:00,https://bilgewatermarket.com/cards,"Ambessa, Respected and Feared",nonfoil,0.50,https://bilgewatermarket.com/cards/VEN-136,normal,https://bilgewatermarket.com/assets/VEN-136-EN-DfUZ7aIr.png,¥2.95,$0.50,,"Ambessa, Respected and Feared VEN-136/166 CN ¥2.95 EN $0.50"
2026-09-22T20:02:46+00:00,https://bilgewatermarket.com/cards,"Ambessa, Respected and Feared",nonfoil,2.55,https://bilgewatermarket.com/cards/VEN-136a?print_variation=showcase,showcase,https://bilgewatermarket.com/assets/VEN-136a-EN-BKEg1eoS.png,¥7.94,$2.55,,"Ambessa, Respected and Feared VEN-136A/166 Showcase CN ¥7.94 EN $2.55"
2026-09-22T20:02:46+00:00,https://bilgewatermarket.com/cards,Shady Spectacles,nonfoil,1.28,https://bilgewatermarket.com/cards/VEN-137,normal,https://bilgewatermarket.com/assets/VEN-137-EN-DJPd0p4y.png,¥8.08,$1.28,,Shady Spectacles VEN-137/166 CN ¥8.08 EN $1.28
2026-09-22T20:02:46+00:00,https://bilgewatermarket.com/cards,"Shen, Leader of the Kinkou Order",nonfoil,0.37,https://bilgewatermarket.com/cards/VEN-138,normal,https://bilgewatermarket.com/assets/VEN-138-EN-BayAsprZ.png,¥1.11,$0.37,,"Shen, Leader of the Kinkou Order VEN-138/166 CN ¥1.11 EN $0.37"
2026-09-22T20:02:46+00:00,https://bilgewatermarket.com/cards,"Shen, Leader of the Kinkou Order",nonfoil,1.97,https://bilgewatermarket.com/cards/VEN-138a?print_variation=showcase,showcase,https://bilgewatermarket.com/assets/VEN-138a-EN-D6NZZPi1.png,¥7.01,$1.97,,"Shen, Leader of the Kinkou Order VEN-138A/166 Showcase CN ¥7.01 EN $1.97"
2026-09-22T20:02:46+00:00,https://bilgewatermarket.com/cards,"Akali, Rogue Assassin",nonfoil,0.15,https://bilgewatermarket.com/cards/VEN-139,normal,https://bilgewatermarket.com/assets/VEN-139-EN-BFDPdv9k.png,¥0.56,$0.15,,"Akali, Rogue Assassin VEN-139/166 CN ¥0.56 EN $0.15"
2026-09-22T20:02:46+00:00,https://bilgewatermarket.com/cards,Shuriken Flip,nonfoil,11.02,https://bilgewatermarket.com/cards/VEN-140,normal,https://bilgewatermarket.com/assets/VEN-140-EN-CRFPFsXT.png,¥35.54,$11.02,,Shuriken Flip VEN-140/166 CN ¥35.54 EN $11.02
2026-09-22T20:02:46+00:00,https://bilgewatermarket.com/cards,"Renekton, Butcher of the Sands",nonfoil,0.18,https://bilgewatermarket.com/cards/VEN-141,normal,https://bilgewatermarket.com/assets/VEN-141-EN-B7iijjIr.png,¥0.50,$0.18,,"Renekton, Butcher of the Sands VEN-141/166 CN ¥0.50 EN $0.18"
2026-09-22T20:02:46+00:00,https://bilgewatermarket.com/cards,Dominus,nonfoil,0.64,https://bilgewatermarket.com/cards/VEN-142,normal,https://bilgewatermarket.com/assets/VEN-142-EN-CfX7ovFI.png,¥2.87,$0.64,,Dominus VEN-142/166 CN ¥2.87 EN $0.64
2026-09-22T20:02:46+00:00,https://bilgewatermarket.com/cards,"Zed, Master of Shadows",nonfoil,0.10,https://bilgewatermarket.com/cards/VEN-143,normal,https://bilgewatermarket.com/assets/VEN-143-EN-DVFlTrkm.png,¥0.51,$0.10,,"Zed, Master of Shadows VEN-143/166 CN ¥0.51 EN $0.10"
2026-09-22T20:02:46+00:00,https://bilgewatermarket.com/cards,Death Mark,nonfoil,1.45,https://bilgewatermarket.com/cards/VEN-144,normal,https://bilgewatermarket.com/assets/VEN-144-EN-C8DwJ5eP.png,¥6.16,$1.45,,Death Mark VEN-144/166 CN ¥6.16 EN $1.45
2026-09-22T20:02:46+00:00,https://bilgewatermarket.com/cards,"Nasus, Curator of the Sands",nonfoil,0.12,https://bilgewatermarket.com/cards/VEN-145,normal,https://bilgewatermarket.com/assets/VEN-145-EN-ZXyKsBTB.png,¥0.52,$0.12,,"Nasus, Curator of the Sands VEN-145/166 CN ¥0.52 EN $0.12"
2026-09-22T20:02:46+00:00,https://bilgewatermarket.com/cards,Siphoning Strike,nonfoil,1.20,https://bilgewatermarket.com/cards/VEN-146,normal,https://bilgewatermarket.com/assets/VEN-146-EN-I1aNVw6w.png,¥6.80,$1.20,,Siphoning Strike VEN-146/166 CN ¥6.80 EN $1.20
2026-09-22T20:02:46+00:00,https://bilgewatermarket.com/cards,"Shen, Eye of Twilight",nonfoil,0.11,https://bilgewatermarket.com/cards/VEN-147,normal,https://bilgewatermarket.com/assets/VEN-147-EN-Db0qigxf.png,¥0.54,$0.11,,"Shen, Eye of Twilight VEN-147/166 CN ¥0.54 EN $0.11"
2026-09-22T20:02:46+00:00,https://bilgewatermarket.com/cards,Shadow Dash,nonfoil,0.44,https://bilgewatermarket.com/cards/VEN-148,normal,https://bilgewatermarket.com/assets/VEN-148-EN-BbJdmWxi.png,¥2.68,$0.44,,Shadow Dash VEN-148/166 CN ¥2.68 EN $0.44
2026-09-22T20:02:46+00:00,https://bilgewatermarket.com/cards,"Jayce, Defender of Tomorrow",nonfoil,0.14,https://bilgewatermarket.com/cards/VEN-149,normal,https://bilgewatermarket.com/assets/VEN-149-EN-BEx9Q_bl.png,¥0.57,$0.14,,"Jayce, Defender of Tomorrow VEN-149/166 CN ¥0.57 EN $0.14"
2026-09-22T20:02:46+00:00,https://bilgewatermarket.com/cards,Acceleration Gate,nonfoil,0.87,https://bilgewatermarket.com/cards/VEN-150,normal,https://bilgewatermarket.com/assets/VEN-150-EN-CM0x4JWd.png,¥10.54,$0.87,,Acceleration Gate VEN-150/166 CN ¥10.54 EN $0.87
2026-09-22T20:02:46+00:00,https://bilgewatermarket.com/cards,"Mel, Soul's Reflection",nonfoil,0.14,https://bilgewatermarket.com/cards/VEN-151,normal,https://bilgewatermarket.com/assets/VEN-151-EN-CYB46DBN.png,¥0.52,$0.14,,"Mel, Soul's Reflection VEN-151/166 CN ¥0.52 EN $0.14"
2026-09-22T20:02:46+00:00,https://bilgewatermarket.com/cards,Rebuttal,nonfoil,2.13,https://bilgewatermarket.com/cards/VEN-152,normal,https://bilgewatermarket.com/assets/VEN-152-EN-DotKJDJ5.png,¥16.07,$2.13,,Rebuttal VEN-152/166 CN ¥16.07 EN $2.13
2026-09-22T20:02:46+00:00,https://bilgewatermarket.com/cards,"Ambessa, Matriarch of War",nonfoil,0.09,https://bilgewatermarket.com/cards/VEN-153,normal,https://bilgewatermarket.com/assets/VEN-153-EN-dAsKZFPf.png,¥0.50,$0.09,,"Ambessa, Matriarch of War VEN-153/166 CN ¥0.50 EN $0.09"
2026-09-22T20:02:46+00:00,https://bilgewatermarket.com/cards,Public Execution,nonfoil,1.38,https://bilgewatermarket.com/cards/VEN-154,normal,https://bilgewatermarket.com/assets/VEN-154-EN-MYgJ7Dme.png,¥5.62,$1.38,,Public Execution VEN-154/166 CN ¥5.62 EN $1.38
2026-09-22T20:02:46+00:00,https://bilgewatermarket.com/cards,"Kennen, Heart of the Tempest",nonfoil,0.15,https://bilgewatermarket.com/cards/VEN-155,normal,https://bilgewatermarket.com/assets/VEN-155-EN-DFejSbOS.png,¥0.56,$0.15,,"Kennen, Heart of the Tempest VEN-155/166 CN ¥0.56 EN $0.15"
2026-09-22T20:02:46+00:00,https://bilgewatermarket.com/cards,Lightning Rush,nonfoil,7.35,https://bilgewatermarket.com/cards/VEN-156,normal,https://bilgewatermarket.com/assets/VEN-156-EN-uYZ-l7gC.png,¥58.14,$7.35,,Lightning Rush VEN-156/166 CN ¥58.14 EN $7.35
2026-09-22T20:02:46+00:00,https://bilgewatermarket.com/cards,Dragon Roost,foil,0.58,https://bilgewatermarket.com/cards/VEN-157?print_variation=foiled,foiled,https://bilgewatermarket.com/assets/VEN-157-EN-Bhg3aWIq.png,¥1.66,$0.58,,Dragon Roost VEN-157/166 Foiled CN ¥1.66 EN $0.58
2026-09-22T20:02:46+00:00,https://bilgewatermarket.com/cards,Dragon Roost,nonfoil,0.10,https://bilgewatermarket.com/cards/VEN-157,normal,https://bilgewatermarket.com/assets/VEN-157-EN-Bhg3aWIq.png,¥0.65,$0.10,,Dragon Roost VEN-157/166 CN ¥0.65 EN $0.10
2026-09-22T20:02:46+00:00,https://bilgewatermarket.com/cards,"Heisho, Shell of the World",foil,1.02,https://bilgewatermarket.com/cards/VEN-158?print_variation=foiled,foiled,https://bilgewatermarket.com/assets/VEN-158-EN-BH4aNl7O.png,¥3.16,$1.02,,"Heisho, Shell of the World VEN-158/166 Foiled CN ¥3.16 EN $1.02"
2026-09-22T20:02:46+00:00,https://bilgewatermarket.com/cards,"Heisho, Shell of the World",nonfoil,0.11,https://bilgewatermarket.com/cards/VEN-158,normal,https://bilgewatermarket.com/assets/VEN-158-EN-BH4aNl7O.png,¥1.23,$0.11,,"Heisho, Shell of the World VEN-158/166 CN ¥1.23 EN $0.11"
2026-09-22T20:02:46+00:00,https://bilgewatermarket.com/cards,Kinkou Temple,foil,0.27,https://bilgewatermarket.com/cards/VEN-159?print_variation=foiled,foiled,https://bilgewatermarket.com/assets/VEN-159-EN-DqejB9wD.png,¥1.05,$0.27,,Kinkou Temple VEN-159/166 Foiled CN ¥1.05 EN $0.27
2026-09-22T20:02:46+00:00,https://bilgewatermarket.com/cards,Kinkou Temple,nonfoil,0.07,https://bilgewatermarket.com/cards/VEN-159,normal,https://bilgewatermarket.com/assets/VEN-159-EN-DqejB9wD.png,¥0.56,$0.07,,Kinkou Temple VEN-159/166 CN ¥0.56 EN $0.07
2026-09-22T20:02:46+00:00,https://bilgewatermarket.com/cards,Mystic Vortex,foil,0.25,https://bilgewatermarket.com/cards/VEN-160?print_variation=foiled,foiled,https://bilgewatermarket.com/assets/VEN-160-EN-BlwqSIVG.png,¥3.13,$0.25,,Mystic Vortex VEN-160/166 Foiled CN ¥3.13 EN $0.25
2026-09-22T20:02:46+00:00,https://bilgewatermarket.com/cards,Mystic Vortex,nonfoil,0.08,https://bilgewatermarket.com/cards/VEN-160,normal,https://bilgewatermarket.com/assets/VEN-160-EN-BlwqSIVG.png,¥0.98,$0.08,,Mystic Vortex VEN-160/166 CN ¥0.98 EN $0.08
2026-09-22T20:02:46+00:00,https://bilgewatermarket.com/cards,Piltovan Forge,foil,0.20,https://bilgewatermarket.com/cards/VEN-161?print_variation=foiled,foiled,https://bilgewatermarket.com/assets/VEN-161-EN-DleOsuA9.png,¥3.32,$0.20,,Piltovan Forge VEN-161/166 Foiled CN ¥3.32 EN $0.20
2026-09-22T20:02:46+00:00,https://bilgewatermarket.com/cards,Piltovan Forge,nonfoil,0.06,https://bilgewatermarket.com/cards/VEN-161,normal,https://bilgewatermarket.com/assets/VEN-161-EN-DleOsuA9.png,¥0.51,$0.06,,Piltovan Forge VEN-161/166 CN ¥0.51 EN $0.06
2026-09-22T20:02:46+00:00,https://bilgewatermarket.com/cards,Protective Sands,foil,0.28,https://bilgewatermarket.com/cards/VEN-162?print_variation=foiled,foiled,https://bilgewatermarket.com/assets/VEN-162-EN-CMpht29h.png,¥2.52,$0.28,,Protective Sands VEN-162/166 Foiled CN ¥2.52 EN $0.28
2026-09-22T20:02:46+00:00,https://bilgewatermarket.com/cards,Protective Sands,nonfoil,0.06,https://bilgewatermarket.com/cards/VEN-162,normal,https://bilgewatermarket.com/assets/VEN-162-EN-CMpht29h.png,¥0.53,$0.06,,Protective Sands VEN-162/166 CN ¥0.53 EN $0.06
2026-09-22T20:02:46+00:00,https://bilgewatermarket.com/cards,Risen Altar,foil,0.33,https://bilgewatermarket.com/cards/VEN-163?print_variation=foiled,foiled,https://bilgewatermarket.com/assets/VEN-163-EN-ClKDrWfS.png,¥5.20,$0.33,,Risen Altar VEN-163/166 Foiled CN ¥5.20 EN $0.33
2026-09-22T20:02:46+00:00,https://bilgewatermarket.com/cards,Risen Altar,nonfoil,0.10,https://bilgewatermarket.com/cards/VEN-163,normal,https://bilgewatermarket.com/assets/VEN-163-EN-ClKDrWfS.png,¥0.97,$0.10,,Risen Altar VEN-163/166 CN ¥0.97 EN $0.10
2026-09-22T20:02:46+00:00,https://bilgewatermarket.com/cards,Sandswept Tomb,foil,0.31,https://bilgewatermarket.com/cards/VEN-164?print_variation=foiled,foiled,https://bilgewatermarket.com/assets/VEN-164-EN-CQiCuERT.png,¥1.97,$0.31,,Sandswept Tomb VEN-164/166 Foiled CN ¥1.97 EN $0.31
2026-09-22T20:02:46+00:00,https://bilgewatermarket.com/cards,Sandswept Tomb,nonfoil,0.11,https://bilgewatermarket.com/cards/VEN-164,normal,https://bilgewatermarket.com/assets/VEN-164-EN-CQiCuERT.png,¥1.01,$0.11,,Sandswept Tomb VEN-164/166 CN ¥1.01 EN $0.11
2026-09-22T20:02:46+00:00,https://bilgewatermarket.com/cards,Shadow Temple,foil,0.33,https://bilgewatermarket.com/cards/VEN-165?print_variation=foiled,foiled,https://bilgewatermarket.com/assets/VEN-165-EN-DCMjr8DY.png,¥1.25,$0.33,,Shadow Temple VEN-165/166 Foiled CN ¥1.25 EN $0.33
2026-09-22T20:02:46+00:00,https://bilgewatermarket.com/cards,Shadow Temple,nonfoil,0.07,https://bilgewatermarket.com/cards/VEN-165,normal,https://bilgewatermarket.com/assets/VEN-165-EN-DCMjr8DY.png,¥0.92,$0.07,,Shadow Temple VEN-165/166 CN ¥0.92 EN $0.07
2026-09-22T20:02:46+00:00,https://bilgewatermarket.com/cards,Threshold of the Gray,foil,0.29,https://bilgewatermarket.com/cards/VEN-166?print_variation=foiled,foiled,https://bilgewatermarket.com/assets/VEN-166-EN-DdpvPIEO.png,¥3.49,$0.29,,Threshold of the Gray VEN-166/166 Foiled CN ¥3.49 EN $0.29
2026-09-22T20:02:46+00:00,https://bilgewatermarket.com/cards,Threshold of the Gray,nonfoil,0.09,https://bilgewatermarket.com/cards/VEN-166,normal,https://bilgewatermarket.com/assets/VEN-166-EN-DdpvPIEO.png,¥0.72,$0.09,,Threshold of the Gray VEN-166/166 CN ¥0.72 EN $0.09
2026-09-22T20:02:46+00:00,https://bilgewatermarket.com/cards,"Vi, Destructive",nonfoil,102.98,https://bilgewatermarket.com/cards/VEN-167?print_variation=showcase,showcase,https://bilgewatermarket.com/assets/VEN-167-EN-lpKDuayz.png,¥256.00,$102.98,,"Vi, Destructive VEN-167/166 Showcase CN ¥256.00 EN $102.98"
2026-09-22T20:02:46+00:00,https://bilgewatermarket.com/cards,"Jinx, Demolitionist",nonfoil,112.18,https://bilgewatermarket.com/cards/VEN-168?print_variation=showcase,showcase,https://bilgewatermarket.com/assets/VEN-168-EN-Bnn4ApJC.png,¥252.27,$112.18,,"Jinx, Demolitionist VEN-168/166 Showcase CN ¥252.27 EN $112.18"
2026-09-22T20:02:46+00:00,https://bilgewatermarket.com/cards,"Zed, From the Shadows",nonfoil,64.10,https://bilgewatermarket.com/cards/VEN-169?print_variation=showcase,showcase,https://bilgewatermarket.com/assets/VEN-169-EN-BF1EjRBl.png,¥138.34,$64.10,,"Zed, From the Shadows VEN-169/166 Showcase CN ¥138.34 EN $64.10"
2026-09-22T20:02:46+00:00,https://bilgewatermarket.com/cards,"Shen, Scourge of Shadows",nonfoil,50.96,https://bilgewatermarket.com/cards/VEN-170?print_variation=showcase,showcase,https://bilgewatermarket.com/assets/VEN-170-EN-vj7w15gG.png,¥100.02,$50.96,,"Shen, Scourge of Shadows VEN-170/166 Showcase CN ¥100.02 EN $50.96"
2026-09-22T20:02:46+00:00,https://bilgewatermarket.com/cards,"Riven, Shattered",nonfoil,72.60,https://bilgewatermarket.com/cards/VEN-171?print_variation=showcase,showcase,https://bilgewatermarket.com/assets/VEN-171-EN-ZuNFo-jz.png,¥116.94,$72.60,,"Riven, Shattered VEN-171/166 Showcase CN ¥116.94 EN $72.60"
2026-09-22T20:02:46+00:00,https://bilgewatermarket.com/cards,"Draven, Showboat",nonfoil,78.77,https://bilgewatermarket.com/cards/VEN-172?print_variation=showcase,showcase,https://bilgewatermarket.com/assets/VEN-172-EN-hoUVkTM0.png,¥132.29,$78.77,,"Draven, Showboat VEN-172/166 Showcase CN ¥132.29 EN $78.77"
2026-09-22T20:02:46+00:00,https://bilgewatermarket.com/cards,"Swain, Visionary",nonfoil,81.39,https://bilgewatermarket.com/cards/VEN-173?print_variation=showcase,showcase,https://bilgewatermarket.com/assets/VEN-173-EN-L-xt_H_w.png,¥233.76,$81.39,,"Swain, Visionary VEN-173/166 Showcase CN ¥233.76 EN $81.39"
2026-09-22T20:02:46+00:00,https://bilgewatermarket.com/cards,"Irelia, Fervent",nonfoil,219.81,https://bilgewatermarket.com/cards/VEN-174?print_variation=showcase,showcase,https://bilgewatermarket.com/assets/VEN-174-EN-CwcFbbhj.png,¥484.11,$219.81,,"Irelia, Fervent VEN-174/166 Showcase CN ¥484.11 EN $219.81"
2026-09-22T20:02:46+00:00,https://bilgewatermarket.com/cards,"Jayce, Man of Progress",nonfoil,92.13,https://bilgewatermarket.com/cards/VEN-175?print_variation=showcase,showcase,https://bilgewatermarket.com/assets/VEN-175-EN-WITa-1BS.png,¥308.12,$92.13,,"Jayce, Man of Progress VEN-175/166 Showcase CN ¥308.12 EN $92.13"
2026-09-22T20:02:46+00:00,https://bilgewatermarket.com/cards,"Viktor, Innovator",nonfoil,79.42,https://bilgewatermarket.com/cards/VEN-176?print_variation=showcase,showcase,https://bilgewatermarket.com/assets/VEN-176-EN-wO7TbmTk.png,¥179.10,$79.42,,"Viktor, Innovator VEN-176/166 Showcase CN ¥179.10 EN $79.42"
2026-09-22T20:02:46+00:00,https://bilgewatermarket.com/cards,"Renekton, Brute",nonfoil,64.27,https://bilgewatermarket.com/cards/VEN-177?print_variation=showcase,showcase,https://bilgewatermarket.com/assets/VEN-177-EN-DEEI5e3H.png,¥100.86,$64.27,,"Renekton, Brute VEN-177/166 Showcase CN ¥100.86 EN $64.27"
2026-09-22T20:02:46+00:00,https://bilgewatermarket.com/cards,"Nasus, Guardian of Knowledge",nonfoil,63.59,https://bilgewatermarket.com/cards/VEN-178?print_variation=showcase,showcase,https://bilgewatermarket.com/assets/VEN-178-EN-Cp-yJ8pH.png,¥87.79,$63.59,,"Nasus, Guardian of Knowledge VEN-178/166 Showcase CN ¥87.79 EN $63.59"
2026-09-22T20:02:46+00:00,https://bilgewatermarket.com/cards,"Rengar, Trophy Hunter",nonfoil,166.48,https://bilgewatermarket.com/cards/VEN-179?print_variation=showcase,showcase,https://bilgewatermarket.com/assets/VEN-179-EN-CNBYOa2h.png,¥436.55,$166.48,,"Rengar, Trophy Hunter VEN-179/166 Showcase CN ¥436.55 EN $166.48"
2026-09-22T20:02:46+00:00,https://bilgewatermarket.com/cards,"Kha'Zix, Evolving Hunter",nonfoil,72.83,https://bilgewatermarket.com/cards/VEN-180?print_variation=showcase,showcase,https://bilgewatermarket.com/assets/VEN-180-EN-DvzJuQEg.png,¥93.30,$72.83,,"Kha'Zix, Evolving Hunter VEN-180/166 Showcase CN ¥93.30 EN $72.83"
2026-09-22T20:02:46+00:00,https://bilgewatermarket.com/cards,"Gangplank, Naval",nonfoil,97.92,https://bilgewatermarket.com/cards/VEN-181?print_variation=showcase,showcase,https://bilgewatermarket.com/assets/VEN-181-EN-CJrXpE4V.png,¥167.53,$97.92,,"Gangplank, Naval VEN-181/166 Showcase CN ¥167.53 EN $97.92"
2026-09-22T20:02:46+00:00,https://bilgewatermarket.com/cards,"Illaoi, Prophet of the Great Kraken",nonfoil,97.92,https://bilgewatermarket.com/cards/VEN-182?print_variation=showcase,showcase,https://bilgewatermarket.com/assets/VEN-182-EN-BAgnk1V0.png,¥125.02,$97.92,,"Illaoi, Prophet of the Great Kraken VEN-182/166 Showcase CN ¥125.02 EN $97.92"
2026-09-22T20:02:46+00:00,https://bilgewatermarket.com/cards,"Diana, No Longer Human",nonfoil,136.94,https://bilgewatermarket.com/cards/VEN-183?print_variation=showcase,showcase,https://bilgewatermarket.com/assets/VEN-183-EN-sutxxXVc.png,¥176.96,$136.94,,"Diana, No Longer Human VEN-183/166 Showcase CN ¥176.96 EN $136.94"
2026-09-22T20:02:46+00:00,https://bilgewatermarket.com/cards,"Leona, Determined",nonfoil,84.66,https://bilgewatermarket.com/cards/VEN-184?print_variation=showcase,showcase,https://bilgewatermarket.com/assets/VEN-184-EN-Cuzu2DpO.png,¥156.74,$84.66,,"Leona, Determined VEN-184/166 Showcase CN ¥156.74 EN $84.66"
2026-09-22T20:02:46+00:00,https://bilgewatermarket.com/cards,"Kayle, Justified",nonfoil,173.34,https://bilgewatermarket.com/cards/VEN-185?print_variation=showcase,showcase,https://bilgewatermarket.com/assets/VEN-185-EN-DgvQuieo.png,¥481.87,$173.34,,"Kayle, Justified VEN-185/166 Showcase CN ¥481.87 EN $173.34"
2026-09-22T20:02:46+00:00,https://bilgewatermarket.com/cards,"Morgana, Vindictive",nonfoil,114.01,https://bilgewatermarket.com/cards/VEN-186?print_variation=showcase,showcase,https://bilgewatermarket.com/assets/VEN-186-EN-89oo7vIb.png,¥288.39,$114.01,,"Morgana, Vindictive VEN-186/166 Showcase CN ¥288.39 EN $114.01"
2026-09-22T20:02:46+00:00,https://bilgewatermarket.com/cards,"Ambessa, Respected and Feared",nonfoil,49.67,https://bilgewatermarket.com/cards/VEN-187?print_variation=showcase,showcase,https://bilgewatermarket.com/assets/VEN-187-EN-BDIOZjkq.png,¥95.90,$49.67,,"Ambessa, Respected and Feared VEN-187/166 Showcase CN ¥95.90 EN $49.67"
2026-09-22T20:02:46+00:00,https://bilgewatermarket.com/cards,"Mel, Defiant Soul",nonfoil,78.90,https://bilgewatermarket.com/cards/VEN-188?print_variation=showcase,showcase,https://bilgewatermarket.com/assets/VEN-188-EN-CdeCa_ni.png,¥112.27,$78.90,,"Mel, Defiant Soul VEN-188/166 Showcase CN ¥112.27 EN $78.90"
2026-09-22T20:02:46+00:00,https://bilgewatermarket.com/cards,"Akali, Rogue Assassin",nonfoil,586.88,https://bilgewatermarket.com/cards/VEN-189?print_variation=showcase,showcase,https://bilgewatermarket.com/assets/VEN-189-EN-B4lT7ISJ.png,"¥1,266.41",$586.88,,"Akali, Rogue Assassin VEN-189/166 Showcase CN ¥1,266.41 EN $586.88"
2026-09-22T20:02:46+00:00,https://bilgewatermarket.com/cards,"Renekton, Butcher of the Sands",nonfoil,60.14,https://bilgewatermarket.com/cards/VEN-190?print_variation=showcase,showcase,https://bilgewatermarket.com/assets/VEN-190-EN-BU2owRjx.png,¥59.64,$60.14,,"Renekton, Butcher of the Sands VEN-190/166 Showcase CN ¥59.64 EN $60.14"
2026-09-22T20:02:46+00:00,https://bilgewatermarket.com/cards,"Zed, Master of Shadows",nonfoil,177.74,https://bilgewatermarket.com/cards/VEN-191?print_variation=showcase,showcase,https://bilgewatermarket.com/assets/VEN-191-EN-mQhEHzQ5.png,¥289.28,$177.74,,"Zed, Master of Shadows VEN-191/166 Showcase CN ¥289.28 EN $177.74"
2026-09-22T20:02:46+00:00,https://bilgewatermarket.com/cards,"Nasus, Curator of the Sands",nonfoil,163.83,https://bilgewatermarket.com/cards/VEN-192?print_variation=showcase,showcase,https://bilgewatermarket.com/assets/VEN-192-EN-Vg8mwmAl.png,¥205.35,$163.83,,"Nasus, Curator of the Sands VEN-192/166 Showcase CN ¥205.35 EN $163.83"
2026-09-22T20:02:46+00:00,https://bilgewatermarket.com/cards,"Shen, Eye of Twilight",nonfoil,77.70,https://bilgewatermarket.com/cards/VEN-193?print_variation=showcase,showcase,https://bilgewatermarket.com/assets/VEN-193-EN-DdOf7tax.png,¥102.49,$77.70,,"Shen, Eye of Twilight VEN-193/166 Showcase CN ¥102.49 EN $77.70"
2026-09-22T20:02:46+00:00,https://bilgewatermarket.com/cards,"Jayce, Defender of Tomorrow",nonfoil,212.87,https://bilgewatermarket.com/cards/VEN-194?print_variation=showcase,showcase,https://bilgewatermarket.com/assets/VEN-194-EN-s1zJRwok.png,¥618.46,$212.87,,"Jayce, Defender of Tomorrow VEN-194/166 Showcase CN ¥618.46 EN $212.87"
2026-09-22T20:02:46+00:00,https://bilgewatermarket.com/cards,"Mel, Soul's Reflection",nonfoil,177.79,https://bilgewatermarket.com/cards/VEN-195?print_variation=showcase,showcase,https://bilgewatermarket.com/assets/VEN-195-EN-D48z7zAy.png,¥294.25,$177.79,,"Mel, Soul's Reflection VEN-195/166 Showcase CN ¥294.25 EN $177.79"
2026-09-22T20:02:46+00:00,https://bilgewatermarket.com/cards,"Ambessa, Matriarch of War",nonfoil,130.53,https://bilgewatermarket.com/cards/VEN-196?print_variation=showcase,showcase,https://bilgewatermarket.com/assets/VEN-196-EN-DdVVDAod.png,¥114.19,$130.53,,"Ambessa, Matriarch of War VEN-196/166 Showcase CN ¥114.19 EN $130.53"
2026-09-22T20:02:46+00:00,https://bilgewatermarket.com/cards,"Kennen, Heart of the Tempest",nonfoil,228.86,https://bilgewatermarket.com/cards/VEN-197?print_variation=showcase,showcase,https://bilgewatermarket.com/assets/VEN-197-EN-CxaAukcp.png,¥608.18,$228.86,,"Kennen, Heart of the Tempest VEN-197/166 Showcase CN ¥608.18 EN $228.86"
2026-09-22T20:02:46+00:00,https://bilgewatermarket.com/cards,Arena Kingpin,foil,0.15,https://bilgewatermarket.com/cards/UNL-001?print_variation=foiled,foiled,https://bilgewatermarket.com/assets/UNL-001-EN-CN6qRx__.webp,¥0.50,$0.15,,Arena Kingpin UNL-001/219 Foiled CN ¥0.50 EN $0.15
2026-09-22T20:02:46+00:00,https://bilgewatermarket.com/cards,Arena Kingpin,nonfoil,0.09,https://bilgewatermarket.com/cards/UNL-001,normal,https://bilgewatermarket.com/assets/UNL-001-EN-CN6qRx__.webp,¥0.50,$0.09,,Arena Kingpin UNL-001/219 CN ¥0.50 EN $0.09
2026-09-22T20:02:46+00:00,https://bilgewatermarket.com/cards,Inferna,foil,0.36,https://bilgewatermarket.com/cards/UNL-002?print_variation=foiled,foiled,https://bilgewatermarket.com/assets/UNL-002-EN-BEAeHv56.webp,¥1.19,$0.36,,Inferna UNL-002/219 Foiled CN ¥1.19 EN $0.36
2026-09-22T20:02:46+00:00,https://bilgewatermarket.com/cards,Inferna,nonfoil,0.12,https://bilgewatermarket.com/cards/UNL-002,normal,https://bilgewatermarket.com/assets/UNL-002-EN-BEAeHv56.webp,¥0.56,$0.12,,Inferna UNL-002/219 CN ¥0.56 EN $0.12
2026-09-22T20:02:46+00:00,https://bilgewatermarket.com/cards,Mischievous Marai,foil,0.23,https://bilgewatermarket.com/cards/UNL-003?print_variation=foiled,foiled,https://bilgewatermarket.com/assets/UNL-003-EN-BN8no39d.webp,¥1.07,$0.23,,Mischievous Marai UNL-003/219 Foiled CN ¥1.07 EN $0.23
2026-09-22T20:02:46+00:00,https://bilgewatermarket.com/cards,Mischievous Marai,nonfoil,0.09,https://bilgewatermarket.com/cards/UNL-003,normal,https://bilgewatermarket.com/assets/UNL-003-EN-BN8no39d.webp,¥0.53,$0.09,,Mischievous Marai UNL-003/219 CN ¥0.53 EN $0.09
2026-09-22T20:02:46+00:00,https://bilgewatermarket.com/cards,Prepared Neophyte,foil,0.16,https://bilgewatermarket.com/cards/UNL-004?print_variation=foiled,foiled,https://bilgewatermarket.com/assets/UNL-004-EN-X8qOqNsB.webp,¥0.60,$0.16,,Prepared Neophyte UNL-004/219 Foiled CN ¥0.60 EN $0.16
2026-09-22T20:02:46+00:00,https://bilgewatermarket.com/cards,Prepared Neophyte,nonfoil,0.03,https://bilgewatermarket.com/cards/UNL-004,normal,https://bilgewatermarket.com/assets/UNL-004-EN-X8qOqNsB.webp,¥0.50,$0.03,,Prepared Neophyte UNL-004/219 CN ¥0.50 EN $0.03
2026-09-22T20:02:46+00:00,https://bilgewatermarket.com/cards,Revna the Lorekeeper,foil,0.15,https://bilgewatermarket.com/cards/UNL-005?print_variation=foiled,foiled,https://bilgewatermarket.com/assets/UNL-005-EN-ClM8yEo9.webp,¥0.50,$0.15,,Revna the Lorekeeper UNL-005/219 Foiled CN ¥0.50 EN $0.15
2026-09-22T20:02:46+00:00,https://bilgewatermarket.com/cards,Revna the Lorekeeper,nonfoil,0.03,https://bilgewatermarket.com/cards/UNL-005,normal,https://bilgewatermarket.com/assets/UNL-005-EN-ClM8yEo9.webp,¥0.50,$0.03,,Revna the Lorekeeper UNL-005/219 CN ¥0.50 EN $0.03
2026-09-22T20:02:46+00:00,https://bilgewatermarket.com/cards,Sharkling,foil,0.24,https://bilgewatermarket.com/cards/UNL-006?print_variation=foiled,foiled,https://bilgewatermarket.com/assets/UNL-006-EN-DlvuPfs1.webp,¥0.63,$0.24,,Sharkling UNL-006/219 Foiled CN ¥0.63 EN $0.24
2026-09-22T20:02:46+00:00,https://bilgewatermarket.com/cards,Sharkling,nonfoil,0.05,https://bilgewatermarket.com/cards/UNL-006,normal,https://bilgewatermarket.com/assets/UNL-006-EN-DlvuPfs1.webp,¥0.56,$0.05,,Sharkling UNL-006/219 CN ¥0.56 EN $0.05
2026-09-22T20:02:46+00:00,https://bilgewatermarket.com/cards,Smite,foil,0.18,https://bilgewatermarket.com/cards/UNL-007?print_variation=foiled,foiled,https://bilgewatermarket.com/assets/UNL-007-EN-D42dcdUi.webp,¥1.19,$0.18,,Smite UNL-007/219 Foiled CN ¥1.19 EN $0.18
2026-09-22T20:02:46+00:00,https://bilgewatermarket.com/cards,Smite,nonfoil,0.08,https://bilgewatermarket.com/cards/UNL-007,normal,https://bilgewatermarket.com/assets/UNL-007-EN-D42dcdUi.webp,¥0.50,$0.08,,Smite UNL-007/219 CN ¥0.50 EN $0.08
2026-09-22T20:02:46+00:00,https://bilgewatermarket.com/cards,Towering Pairofant,foil,0.07,https://bilgewatermarket.com/cards/UNL-008?print_variation=foiled,foiled,https://bilgewatermarket.com/assets/UNL-008-EN-D-2Dad2f.webp,¥0.50,$0.07,,Towering Pairofant UNL-008/219 Foiled CN ¥0.50 EN $0.07
2026-09-22T20:02:46+00:00,https://bilgewatermarket.com/cards,Towering Pairofant,nonfoil,0.03,https://bilgewatermarket.com/cards/UNL-008,normal,https://bilgewatermarket.com/assets/UNL-008-EN-D-2Dad2f.webp,¥0.50,$0.03,,Towering Pairofant UNL-008/219 CN ¥0.50 EN $0.03
2026-09-22T20:02:46+00:00,https://bilgewatermarket.com/cards,Upstage Comedy,foil,0.24,https://bilgewatermarket.com/cards/UNL-009?print_variation=foiled,foiled,https://bilgewatermarket.com/assets/UNL-009-EN-D8P6CA8o.webp,¥0.98,$0.24,,Upstage Comedy UNL-009/219 Foiled CN ¥0.98 EN $0.24
2026-09-22T20:02:46+00:00,https://bilgewatermarket.com/cards,Upstage Comedy,nonfoil,0.11,https://bilgewatermarket.com/cards/UNL-009,normal,https://bilgewatermarket.com/assets/UNL-009-EN-D8P6CA8o.webp,¥0.50,$0.11,,Upstage Comedy UNL-009/219 CN ¥0.50 EN $0.11
2026-09-22T20:02:46+00:00,https://bilgewatermarket.com/cards,Vault Breaker,foil,0.22,https://bilgewatermarket.com/cards/UNL-010?print_variation=foiled,foiled,https://bilgewatermarket.com/assets/UNL-010-EN-DIJopLyy.webp,¥0.57,$0.22,,Vault Breaker UNL-010/219 Foiled CN ¥0.57 EN $0.22
2026-09-22T20:02:46+00:00,https://bilgewatermarket.com/cards,Vault Breaker,nonfoil,0.09,https://bilgewatermarket.com/cards/UNL-010,normal,https://bilgewatermarket.com/assets/UNL-010-EN-DIJopLyy.webp,¥0.50,$0.09,,Vault Breaker UNL-010/219 CN ¥0.50 EN $0.09
2026-09-22T20:02:46+00:00,https://bilgewatermarket.com/cards,Fresh Beans,foil,0.24,https://bilgewatermarket.com/cards/UNL-011?print_variation=foiled,foiled,https://bilgewatermarket.com/assets/UNL-011-EN-Pl-7Kky-.webp,¥0.51,$0.24,,Fresh Beans UNL-011/219 Foiled CN ¥0.51 EN $0.24
2026-09-22T20:02:46+00:00,https://bilgewatermarket.com/cards,Fresh Beans,nonfoil,0.09,https://bilgewatermarket.com/cards/UNL-011,normal,https://bilgewatermarket.com/assets/UNL-011-EN-Pl-7Kky-.webp,¥0.50,$0.09,,Fresh Beans UNL-011/219 CN ¥0.50 EN $0.09
2026-09-22T20:02:46+00:00,https://bilgewatermarket.com/cards,Lord Broadmane,foil,0.25,https://bilgewatermarket.com/cards/UNL-012?print_variation=foiled,foiled,https://bilgewatermarket.com/assets/UNL-012-EN-DKMRS0b6.webp,¥0.51,$0.25,,Lord Broadmane UNL-012/219 Foiled CN ¥0.51 EN $0.25
2026-09-22T20:02:46+00:00,https://bilgewatermarket.com/cards,Lord Broadmane,nonfoil,0.07,https://bilgewatermarket.com/cards/UNL-012,normal,https://bilgewatermarket.com/assets/UNL-012-EN-DKMRS0b6.webp,¥0.50,$0.07,,Lord Broadmane UNL-012/219 CN ¥0.50 EN $0.07
2026-09-22T20:02:46+00:00,https://bilgewatermarket.com/cards,Lotus Trap,foil,0.42,https://bilgewatermarket.com/cards/UNL-013?print_variation=foiled,foiled,https://bilgewatermarket.com/assets/UNL-013-EN-u80gWiY-.webp,¥0.52,$0.42,,Lotus Trap UNL-013/219 Foiled CN ¥0.52 EN $0.42
2026-09-22T20:02:46+00:00,https://bilgewatermarket.com/cards,Lotus Trap,nonfoil,0.14,https://bilgewatermarket.com/cards/UNL-013,normal,https://bilgewatermarket.com/assets/UNL-013-EN-u80gWiY-.webp,¥0.58,$0.14,,Lotus Trap UNL-013/219 CN ¥0.58 EN $0.14
2026-09-22T20:02:46+00:00,https://bilgewatermarket.com/cards,Monster Harpoon,foil,0.28,https://bilgewatermarket.com/cards/UNL-014?print_variation=foiled,foiled,https://bilgewatermarket.com/assets/UNL-014-EN-CaUBxiqe.webp,¥0.50,$0.28,,Monster Harpoon UNL-014/219 Foiled CN ¥0.50 EN $0.28
2026-09-22T20:02:46+00:00,https://bilgewatermarket.com/cards,Monster Harpoon,nonfoil,0.10,https://bilgewatermarket.com/cards/UNL-014,normal,https://bilgewatermarket.com/assets/UNL-014-EN-CaUBxiqe.webp,¥0.50,$0.10,,Monster Harpoon UNL-014/219 CN ¥0.50 EN $0.10
2026-09-22T20:02:46+00:00,https://bilgewatermarket.com/cards,Right of Conquest,foil,0.25,https://bilgewatermarket.com/cards/UNL-015?print_variation=foiled,foiled,https://bilgewatermarket.com/assets/UNL-015-EN-B42EzyGF.webp,¥0.74,$0.25,,Right of Conquest UNL-015/219 Foiled CN ¥0.74 EN $0.25
2026-09-22T20:02:46+00:00,https://bilgewatermarket.com/cards,Right of Conquest,nonfoil,0.07,https://bilgewatermarket.com/cards/UNL-015,normal,https://bilgewatermarket.com/assets/UNL-015-EN-B42EzyGF.webp,¥0.58,$0.07,,Right of Conquest UNL-015/219 CN ¥0.58 EN $0.07
2026-09-22T20:02:46+00:00,https://bilgewatermarket.com/cards,Scorchclaw,foil,0.17,https://bilgewatermarket.com/cards/UNL-016?print_variation=foiled,foiled,https://bilgewatermarket.com/assets/UNL-016-EN-3OZO5Mlz.webp,¥0.54,$0.17,,Scorchclaw UNL-016/219 Foiled CN ¥0.54 EN $0.17
2026-09-22T20:02:46+00:00,https://bilgewatermarket.com/cards,Scorchclaw,nonfoil,0.07,https://bilgewatermarket.com/cards/UNL-016,normal,https://bilgewatermarket.com/assets/UNL-016-EN-3OZO5Mlz.webp,¥0.50,$0.07,,Scorchclaw UNL-016/219 CN ¥0.50 EN $0.07
2026-09-22T20:02:46+00:00,https://bilgewatermarket.com/cards,Square Up,foil,0.45,https://bilgewatermarket.com/cards/UNL-017?print_variation=foiled,foiled,https://bilgewatermarket.com/assets/UNL-017-EN-CPM767zB.webp,¥1.47,$0.45,,Square Up UNL-017/219 Foiled CN ¥1.47 EN $0.45
2026-09-22T20:02:46+00:00,https://bilgewatermarket.com/cards,Square Up,nonfoil,0.10,https://bilgewatermarket.com/cards/UNL-017,normal,https://bilgewatermarket.com/assets/UNL-017-EN-CPM767zB.webp,¥0.51,$0.10,,Square Up UNL-017/219 CN ¥0.51 EN $0.10
2026-09-22T20:02:46+00:00,https://bilgewatermarket.com/cards,Yeti Brawler,foil,0.27,https://bilgewatermarket.com/cards/UNL-018?print_variation=foiled,foiled,https://bilgewatermarket.com/assets/UNL-018-EN-BB0id8KZ.webp,¥0.82,$0.27,,Yeti Brawler UNL-018/219 Foiled CN ¥0.82 EN $0.27
2026-09-22T20:02:46+00:00,https://bilgewatermarket.com/cards,Yeti Brawler,nonfoil,0.07,https://bilgewatermarket.com/cards/UNL-018,normal,https://bilgewatermarket.com/assets/UNL-018-EN-BB0id8KZ.webp,¥0.50,$0.07,,Yeti Brawler UNL-018/219 CN ¥0.50 EN $0.07
2026-09-22T20:02:46+00:00,https://bilgewatermarket.com/cards,Blighted Battleaxe,nonfoil,0.40,https://bilgewatermarket.com/cards/UNL-019,normal,https://bilgewatermarket.com/assets/UNL-019-EN-IfLOj2YF.webp,¥0.70,$0.40,,Blighted Battleaxe UNL-019/219 CN ¥0.70 EN $0.40
2026-09-22T20:02:46+00:00,https://bilgewatermarket.com/cards,Dancing Grenade,nonfoil,0.20,https://bilgewatermarket.com/cards/UNL-020,normal,https://bilgewatermarket.com/assets/UNL-020-EN-BG6DrdpA.webp,¥0.50,$0.20,,Dancing Grenade UNL-020/219 CN ¥0.50 EN $0.20
2026-09-22T20:02:46+00:00,https://bilgewatermarket.com/cards,Grim Apothecary,nonfoil,0.23,https://bilgewatermarket.com/cards/UNL-021,normal,https://bilgewatermarket.com/assets/UNL-021-EN-FBB4bbd0.webp,¥0.66,$0.23,,Grim Apothecary UNL-021/219 CN ¥0.66 EN $0.23
2026-09-22T20:02:46+00:00,https://bilgewatermarket.com/cards,"Jhin, Murderous Artist",nonfoil,0.28,https://bilgewatermarket.com/cards/UNL-022,normal,https://bilgewatermarket.com/assets/UNL-022-EN-n-k2I53n.webp,¥1.10,$0.28,,"Jhin, Murderous Artist UNL-022/219 CN ¥1.10 EN $0.28"
2026-09-22T20:02:46+00:00,https://bilgewatermarket.com/cards,"Jhin, Murderous Artist",nonfoil,7.13,https://bilgewatermarket.com/cards/UNL-022a?print_variation=showcase,showcase,https://bilgewatermarket.com/assets/UNL-022A-EN-CbrHneV0.webp,¥17.19,$7.13,,"Jhin, Murderous Artist UNL-022A/219 Showcase CN ¥17.19 EN $7.13"
2026-09-22T20:02:46+00:00,https://bilgewatermarket.com/cards,"Katarina, Reckless",nonfoil,0.27,https://bilgewatermarket.com/cards/UNL-023,normal,https://bilgewatermarket.com/assets/UNL-023-EN-CIpViq7N.webp,¥0.53,$0.27,,"Katarina, Reckless UNL-023/219 CN ¥0.53 EN $0.27"
2026-09-22T20:02:46+00:00,https://bilgewatermarket.com/cards,"Rengar, Unseen",nonfoil,0.36,https://bilgewatermarket.com/cards/UNL-024,normal,https://bilgewatermarket.com/assets/UNL-024-EN-CYpxJxUB.webp,¥0.74,$0.36,,"Rengar, Unseen UNL-024/219 CN ¥0.74 EN $0.36"
2026-09-22T20:02:46+00:00,https://bilgewatermarket.com/cards,"Rengar, Unseen",nonfoil,2.85,https://bilgewatermarket.com/cards/UNL-024a?print_variation=showcase,showcase,https://bilgewatermarket.com/assets/UNL-024a-EN-CkIZ_u3T.webp,¥4.40,$2.85,,"Rengar, Unseen UNL-024A/219 Showcase CN ¥4.40 EN $2.85"
2026-09-22T20:02:46+00:00,https://bilgewatermarket.com/cards,Undying Legion,nonfoil,0.19,https://bilgewatermarket.com/cards/UNL-025,normal,https://bilgewatermarket.com/assets/UNL-025-EN-BRINnkPv.webp,¥0.61,$0.19,,Undying Legion UNL-025/219 CN ¥0.61 EN $0.19
2026-09-22T20:02:46+00:00,https://bilgewatermarket.com/cards,"Xerath, Freed",nonfoil,0.21,https://bilgewatermarket.com/cards/UNL-026,normal,https://bilgewatermarket.com/assets/UNL-026-EN-BY-wSYk2.webp,¥0.52,$0.21,,"Xerath, Freed UNL-026/219 CN ¥0.52 EN $0.21"
2026-09-22T20:02:46+00:00,https://bilgewatermarket.com/cards,Inviolus Vox,nonfoil,0.60,https://bilgewatermarket.com/cards/UNL-027,normal,https://bilgewatermarket.com/assets/UNL-027-EN-H2fXIwNC.webp,¥1.15,$0.60,,Inviolus Vox UNL-027/219 CN ¥1.15 EN $0.60
2026-09-22T20:02:46+00:00,https://bilgewatermarket.com/cards,"Pyke, Dockside Butcher",nonfoil,16.88,https://bilgewatermarket.com/cards/UNL-028,normal,https://bilgewatermarket.com/assets/UNL-028-EN-SI5gVsXO.webp,¥11.51,$16.88,,"Pyke, Dockside Butcher UNL-028/219 CN ¥11.51 EN $16.88"
2026-09-22T20:02:46+00:00,https://bilgewatermarket.com/cards,"Pyke, Dockside Butcher",nonfoil,18.81,https://bilgewatermarket.com/cards/UNL-028a?print_variation=showcase,showcase,https://bilgewatermarket.com/assets/UNL-028a-EN-CfVRuC65.webp,¥17.54,$18.81,,"Pyke, Dockside Butcher UNL-028A/219 Showcase CN ¥17.54 EN $18.81"
2026-09-22T20:02:46+00:00,https://bilgewatermarket.com/cards,Red Brambleback,nonfoil,0.82,https://bilgewatermarket.com/cards/UNL-029,normal,https://bilgewatermarket.com/assets/UNL-029-EN-DXGcHPC8.webp,¥1.25,$0.82,,Red Brambleback UNL-029/219 CN ¥1.25 EN $0.82
2026-09-22T20:02:46+00:00,https://bilgewatermarket.com/cards,Red Brambleback,nonfoil,2.35,https://bilgewatermarket.com/cards/UNL-029a?print_variation=showcase,showcase,https://bilgewatermarket.com/assets/UNL-029a-EN-DjTliYJa.webp,¥3.15,$2.35,,Red Brambleback UNL-029A/219 Showcase CN ¥3.15 EN $2.35
2026-09-22T20:02:46+00:00,https://bilgewatermarket.com/cards,"Vi, Hotheaded",nonfoil,0.37,https://bilgewatermarket.com/cards/UNL-030,normal,https://bilgewatermarket.com/assets/UNL-030-EN-DbsfM_ea.webp,¥1.05,$0.37,,"Vi, Hotheaded UNL-030/219 CN ¥1.05 EN $0.37"
2026-09-22T20:02:46+00:00,https://bilgewatermarket.com/cards,"Vi, Hotheaded",nonfoil,4.61,https://bilgewatermarket.com/cards/UNL-030a?print_variation=showcase,showcase,https://bilgewatermarket.com/assets/UNL-030A-EN-Dq_3Nz_A.webp,¥2.48,$4.61,,"Vi, Hotheaded UNL-030A/219 Showcase CN ¥2.48 EN $4.61"
2026-09-22T20:02:46+00:00,https://bilgewatermarket.com/cards,Combat Experience,foil,0.10,https://bilgewatermarket.com/cards/UNL-031?print_variation=foiled,foiled,https://bilgewatermarket.com/assets/UNL-031-EN-DcNCiolo.webp,¥0.52,$0.10,,Combat Experience UNL-031/219 Foiled CN ¥0.52 EN $0.10
2026-09-22T20:02:46+00:00,https://bilgewatermarket.com/cards,Combat Experience,nonfoil,0.05,https://bilgewatermarket.com/cards/UNL-031,normal,https://bilgewatermarket.com/assets/UNL-031-EN-DcNCiolo.webp,¥0.50,$0.05,,Combat Experience UNL-031/219 CN ¥0.50 EN $0.05
2026-09-22T20:02:46+00:00,https://bilgewatermarket.com/cards,Double Trouble,foil,0.16,https://bilgewatermarket.com/cards/UNL-032?print_variation=foiled,foiled,https://bilgewatermarket.com/assets/UNL-032-EN-BOjYPd6q.webp,¥0.55,$0.16,,Double Trouble UNL-032/219 Foiled CN ¥0.55 EN $0.16
2026-09-22T20:02:46+00:00,https://bilgewatermarket.com/cards,Double Trouble,nonfoil,0.08,https://bilgewatermarket.com/cards/UNL-032,normal,https://bilgewatermarket.com/assets/UNL-032-EN-BOjYPd6q.webp,¥0.50,$0.08,,Double Trouble UNL-032/219 CN ¥0.50 EN $0.08
2026-09-22T20:02:46+00:00,https://bilgewatermarket.com/cards,Frisky Hunter,foil,0.22,https://bilgewatermarket.com/cards/UNL-033?print_variation=foiled,foiled,https://bilgewatermarket.com/assets/UNL-033-EN-BKds2bYj.webp,¥0.83,$0.22,,Frisky Hunter UNL-033/219 Foiled CN ¥0.83 EN $0.22
2026-09-22T20:02:46+00:00,https://bilgewatermarket.com/cards,Frisky Hunter,nonfoil,0.07,https://bilgewatermarket.com/cards/UNL-033,normal,https://bilgewatermarket.com/assets/UNL-033-EN-BKds2bYj.webp,¥0.50,$0.07,,Frisky Hunter UNL-033/219 CN ¥0.50 EN $0.07
2026-09-22T20:02:46+00:00,https://bilgewatermarket.com/cards,Herald of Spring,foil,0.12,https://bilgewatermarket.com/cards/UNL-034?print_variation=foiled,foiled,https://bilgewatermarket.com/assets/UNL-034-EN-Ck9gji2L.webp,¥1.00,$0.12,,Herald of Spring UNL-034/219 Foiled CN ¥1.00 EN $0.12
2026-09-22T20:02:46+00:00,https://bilgewatermarket.com/cards,Herald of Spring,nonfoil,0.06,https://bilgewatermarket.com/cards/UNL-034,normal,https://bilgewatermarket.com/assets/UNL-034-EN-Ck9gji2L.webp,¥0.50,$0.06,,Herald of Spring UNL-034/219 CN ¥0.50 EN $0.06
2026-09-22T20:02:46+00:00,https://bilgewatermarket.com/cards,Monch,foil,0.18,https://bilgewatermarket.com/cards/UNL-035?print_variation=foiled,foiled,https://bilgewatermarket.com/assets/UNL-035-EN-uM_-uM0w.webp,¥0.60,$0.18,,Monch UNL-035/219 Foiled CN ¥0.60 EN $0.18
2026-09-22T20:02:46+00:00,https://bilgewatermarket.com/cards,Monch,nonfoil,0.06,https://bilgewatermarket.com/cards/UNL-035,normal,https://bilgewatermarket.com/assets/UNL-035-EN-uM_-uM0w.webp,¥0.50,$0.06,,Monch UNL-035/219 CN ¥0.50 EN $0.06
2026-09-22T20:02:46+00:00,https://bilgewatermarket.com/cards,Mutated Mouser,foil,0.26,https://bilgewatermarket.com/cards/UNL-036?print_variation=foiled,foiled,https://bilgewatermarket.com/assets/UNL-036-EN-Bku3wAWV.webp,¥1.79,$0.26,,Mutated Mouser UNL-036/219 Foiled CN ¥1.79 EN $0.26
2026-09-22T20:02:46+00:00,https://bilgewatermarket.com/cards,Mutated Mouser,nonfoil,0.11,https://bilgewatermarket.com/cards/UNL-036,normal,https://bilgewatermarket.com/assets/UNL-036-EN-Bku3wAWV.webp,¥0.52,$0.11,,Mutated Mouser UNL-036/219 CN ¥0.52 EN $0.11
2026-09-22T20:02:46+00:00,https://bilgewatermarket.com/cards,Shadow Watcher,foil,0.15,https://bilgewatermarket.com/cards/UNL-037?print_variation=foiled,foiled,https://bilgewatermarket.com/assets/UNL-037-EN-DJxe6NSs.webp,¥0.50,$0.15,,Shadow Watcher UNL-037/219 Foiled CN ¥0.50 EN $0.15
2026-09-22T20:02:46+00:00,https://bilgewatermarket.com/cards,Shadow Watcher,nonfoil,0.04,https://bilgewatermarket.com/cards/UNL-037,normal,https://bilgewatermarket.com/assets/UNL-037-EN-DJxe6NSs.webp,¥0.50,$0.04,,Shadow Watcher UNL-037/219 CN ¥0.50 EN $0.04
2026-09-22T20:02:46+00:00,https://bilgewatermarket.com/cards,Skyward Strike,foil,0.20,https://bilgewatermarket.com/cards/UNL-038?print_variation=foiled,foiled,https://bilgewatermarket.com/assets/UNL-038-EN-Db8QhD6T.webp,¥1.03,$0.20,,Skyward Strike UNL-038/219 Foiled CN ¥1.03 EN $0.20
2026-09-22T20:02:46+00:00,https://bilgewatermarket.com/cards,Skyward Strike,nonfoil,0.08,https://bilgewatermarket.com/cards/UNL-038,normal,https://bilgewatermarket.com/assets/UNL-038-EN-Db8QhD6T.webp,¥0.50,$0.08,,Skyward Strike UNL-038/219 CN ¥0.50 EN $0.08
2026-09-22T20:02:46+00:00,https://bilgewatermarket.com/cards,Soul Sword,foil,0.29,https://bilgewatermarket.com/cards/UNL-039?print_variation=foiled,foiled,https://bilgewatermarket.com/assets/UNL-039-EN-LuonHqwB.webp,¥0.87,$0.29,,Soul Sword UNL-039/219 Foiled CN ¥0.87 EN $0.29
2026-09-22T20:02:46+00:00,https://bilgewatermarket.com/cards,Soul Sword,nonfoil,0.11,https://bilgewatermarket.com/cards/UNL-039,normal,https://bilgewatermarket.com/assets/UNL-039-EN-LuonHqwB.webp,¥0.53,$0.11,,Soul Sword UNL-039/219 CN ¥0.53 EN $0.11
2026-09-22T20:02:46+00:00,https://bilgewatermarket.com/cards,Wuju Apprentice,foil,0.16,https://bilgewatermarket.com/cards/UNL-040?print_variation=foiled,foiled,https://bilgewatermarket.com/assets/UNL-040-EN-DVqrXEo3.webp,¥0.98,$0.16,,Wuju Apprentice UNL-040/219 Foiled CN ¥0.98 EN $0.16
2026-09-22T20:02:46+00:00,https://bilgewatermarket.com/cards,Wuju Apprentice,nonfoil,0.08,https://bilgewatermarket.com/cards/UNL-040,normal,https://bilgewatermarket.com/assets/UNL-040-EN-DVqrXEo3.webp,¥0.50,$0.08,,Wuju Apprentice UNL-040/219 CN ¥0.50 EN $0.08
2026-09-22T20:02:46+00:00,https://bilgewatermarket.com/cards,"Allay, Eager Admirer",foil,0.43,https://bilgewatermarket.com/cards/UNL-041?print_variation=foiled,foiled,https://bilgewatermarket.com/assets/UNL-041-EN-NXNqRn-y.webp,¥1.23,$0.43,,"Allay, Eager Admirer UNL-041/219 Foiled CN ¥1.23 EN $0.43"
2026-09-22T20:02:46+00:00,https://bilgewatermarket.com/cards,"Allay, Eager Admirer",nonfoil,0.15,https://bilgewatermarket.com/cards/UNL-041,normal,https://bilgewatermarket.com/assets/UNL-041-EN-NXNqRn-y.webp,¥0.81,$0.15,,"Allay, Eager Admirer UNL-041/219 CN ¥0.81 EN $0.15"
2026-09-22T20:02:46+00:00,https://bilgewatermarket.com/cards,Back Off,foil,1.38,https://bilgewatermarket.com/cards/UNL-042?print_variation=foiled,foiled,https://bilgewatermarket.com/assets/UNL-042-EN-Buern1l2.webp,¥6.07,$1.38,,Back Off UNL-042/219 Foiled CN ¥6.07 EN $1.38
2026-09-22T20:02:46+00:00,https://bilgewatermarket.com/cards,Back Off,nonfoil,0.26,https://bilgewatermarket.com/cards/UNL-042,normal,https://bilgewatermarket.com/assets/UNL-042-EN-Buern1l2.webp,¥2.19,$0.26,,Back Off UNL-042/219 CN ¥2.19 EN $0.26
2026-09-22T20:02:46+00:00,https://bilgewatermarket.com/cards,Enthusiastic Promoter,foil,0.21,https://bilgewatermarket.com/cards/UNL-043?print_variation=foiled,foiled,https://bilgewatermarket.com/assets/UNL-043-EN-Rhl5y_aE.webp,¥0.50,$0.21,,Enthusiastic Promoter UNL-043/219 Foiled CN ¥0.50 EN $0.21
2026-09-22T20:02:46+00:00,https://bilgewatermarket.com/cards,Enthusiastic Promoter,nonfoil,0.07,https://bilgewatermarket.com/cards/UNL-043,normal,https://bilgewatermarket.com/assets/UNL-043-EN-Rhl5y_aE.webp,¥0.50,$0.07,,Enthusiastic Promoter UNL-043/219 CN ¥0.50 EN $0.07
2026-09-22T20:02:46+00:00,https://bilgewatermarket.com/cards,Flurry of Feathers,foil,0.45,https://bilgewatermarket.com/cards/UNL-044?print_variation=foiled,foiled,https://bilgewatermarket.com/assets/UNL-044-EN-0dmkpnLh.webp,¥2.74,$0.45,,Flurry of Feathers UNL-044/219 Foiled CN ¥2.74 EN $0.45
2026-09-22T20:02:46+00:00,https://bilgewatermarket.com/cards,Flurry of Feathers,nonfoil,0.16,https://bilgewatermarket.com/cards/UNL-044,normal,https://bilgewatermarket.com/assets/UNL-044-EN-0dmkpnLh.webp,¥1.01,$0.16,,Flurry of Feathers UNL-044/219 CN ¥1.01 EN $0.16
2026-09-22T20:02:46+00:00,https://bilgewatermarket.com/cards,Forgotten Signpost,foil,0.33,https://bilgewatermarket.com/cards/UNL-045?print_variation=foiled,foiled,https://bilgewatermarket.com/assets/UNL-045-EN-COEbARo5.webp,¥0.99,$0.33,,Forgotten Signpost UNL-045/219 Foiled CN ¥0.99 EN $0.33
2026-09-22T20:02:46+00:00,https://bilgewatermarket.com/cards,Forgotten Signpost,nonfoil,0.15,https://bilgewatermarket.com/cards/UNL-045,normal,https://bilgewatermarket.com/assets/UNL-045-EN-COEbARo5.webp,¥0.72,$0.15,,Forgotten Signpost UNL-045/219 CN ¥0.72 EN $0.15
2026-09-22T20:02:46+00:00,https://bilgewatermarket.com/cards,Friendship,foil,0.37,https://bilgewatermarket.com/cards/UNL-046?print_variation=foiled,foiled,https://bilgewatermarket.com/assets/UNL-046-EN-BW2olehp.webp,¥1.76,$0.37,,Friendship UNL-046/219 Foiled CN ¥1.76 EN $0.37
2026-09-22T20:02:46+00:00,https://bilgewatermarket.com/cards,Friendship,nonfoil,0.15,https://bilgewatermarket.com/cards/UNL-046,normal,https://bilgewatermarket.com/assets/UNL-046-EN-BW2olehp.webp,¥0.53,$0.15,,Friendship UNL-046/219 CN ¥0.53 EN $0.15
2026-09-22T20:02:46+00:00,https://bilgewatermarket.com/cards,Mosstomper,foil,0.28,https://bilgewatermarket.com/cards/UNL-047?print_variation=foiled,foiled,https://bilgewatermarket.com/assets/UNL-047-EN-By0s-ZLa.webp,¥0.50,$0.28,,Mosstomper UNL-047/219 Foiled CN ¥0.50 EN $0.28
2026-09-22T20:02:46+00:00,https://bilgewatermarket.com/cards,Mosstomper,nonfoil,0.11,https://bilgewatermarket.com/cards/UNL-047,normal,https://bilgewatermarket.com/assets/UNL-047-EN-By0s-ZLa.webp,¥0.50,$0.11,,Mosstomper UNL-047/219 CN ¥0.50 EN $0.11
2026-09-22T20:02:46+00:00,https://bilgewatermarket.com/cards,Trevor Snoozebottom,foil,0.21,https://bilgewatermarket.com/cards/UNL-048?print_variation=foiled,foiled,https://bilgewatermarket.com/assets/UNL-048-EN-BId4iV5T.webp,¥1.21,$0.21,,Trevor Snoozebottom UNL-048/219 Foiled CN ¥1.21 EN $0.21
2026-09-22T20:02:46+00:00,https://bilgewatermarket.com/cards,Trevor Snoozebottom,nonfoil,0.08,https://bilgewatermarket.com/cards/UNL-048,normal,https://bilgewatermarket.com/assets/UNL-048-EN-BId4iV5T.webp,¥0.52,$0.08,,Trevor Snoozebottom UNL-048/219 CN ¥0.52 EN $0.08
2026-09-22T20:02:46+00:00,https://bilgewatermarket.com/cards,Honeyfruit,nonfoil,0.23,https://bilgewatermarket.com/cards/UNL-049,normal,https://bilgewatermarket.com/assets/UNL-049-EN-BKOQBB8R.webp,¥1.07,$0.23,,Honeyfruit UNL-049/219 CN ¥1.07 EN $0.23
2026-09-22T20:02:46+00:00,https://bilgewatermarket.com/cards,Iascylla,nonfoil,0.18,https://bilgewatermarket.com/cards/UNL-050,normal,https://bilgewatermarket.com/assets/UNL-050-EN-BjvNso48.webp,¥0.50,$0.18,,Iascylla UNL-050/219 CN ¥0.50 EN $0.18
2026-09-22T20:02:46+00:00,https://bilgewatermarket.com/cards,"Ivern, Nurturer",nonfoil,0.21,https://bilgewatermarket.com/cards/UNL-051,normal,https://bilgewatermarket.com/assets/UNL-051-EN-Do8PHT-3.webp,¥0.54,$0.21,,"Ivern, Nurturer UNL-051/219 CN ¥0.54 EN $0.21"
2026-09-22T20:02:46+00:00,https://bilgewatermarket.com/cards,"Ivern, Nurturer",nonfoil,2.10,https://bilgewatermarket.com/cards/UNL-051a?print_variation=showcase,showcase,https://bilgewatermarket.com/assets/UNL-051A-EN-LSfJSKRl.webp,¥2.02,$2.10,,"Ivern, Nurturer UNL-051A/219 Showcase CN ¥2.02 EN $2.10"
2026-09-22T20:02:46+00:00,https://bilgewatermarket.com/cards,"Nami, Headstrong",nonfoil,0.37,https://bilgewatermarket.com/cards/UNL-052,normal,https://bilgewatermarket.com/assets/UNL-052-EN-C3Cxj-wz.webp,¥0.95,$0.37,,"Nami, Headstrong UNL-052/219 CN ¥0.95 EN $0.37"
2026-09-22T20:02:46+00:00,https://bilgewatermarket.com/cards,Scuttle Crab,nonfoil,3.19,https://bilgewatermarket.com/cards/UNL-053,normal,https://bilgewatermarket.com/assets/UNL-053-EN-B_4pY2K1.webp,¥16.70,$3.19,,Scuttle Crab UNL-053/219 CN ¥16.70 EN $3.19
2026-09-22T20:02:46+00:00,https://bilgewatermarket.com/cards,Tricksy Tentacles,nonfoil,0.24,https://bilgewatermarket.com/cards/UNL-054,normal,https://bilgewatermarket.com/assets/UNL-054-EN-a_y_-az3.webp,¥0.85,$0.24,,Tricksy Tentacles UNL-054/219 CN ¥0.85 EN $0.24
2026-09-22T20:02:46+00:00,https://bilgewatermarket.com/cards,"Vex, Mocking",nonfoil,0.21,https://bilgewatermarket.com/cards/UNL-055,normal,https://bilgewatermarket.com/assets/UNL-055-EN-Bm-HvfJO.webp,¥0.72,$0.21,,"Vex, Mocking UNL-055/219 CN ¥0.72 EN $0.21"
2026-09-22T20:02:46+00:00,https://bilgewatermarket.com/cards,"Vex, Mocking",nonfoil,2.34,https://bilgewatermarket.com/cards/UNL-055a?print_variation=showcase,showcase,https://bilgewatermarket.com/assets/UNL-055a-EN-CY2pbK3d.webp,¥3.78,$2.34,,"Vex, Mocking UNL-055A/219 Showcase CN ¥3.78 EN $2.34"
2026-09-22T20:02:46+00:00,https://bilgewatermarket.com/cards,"Yuumi, Magical Cat",nonfoil,0.23,https://bilgewatermarket.com/cards/UNL-056,normal,https://bilgewatermarket.com/assets/UNL-056-EN-B1w1m3yk.webp,¥0.60,$0.23,,"Yuumi, Magical Cat UNL-056/219 CN ¥0.60 EN $0.23"
2026-09-22T20:02:46+00:00,https://bilgewatermarket.com/cards,Alpha Wildclaw,nonfoil,0.80,https://bilgewatermarket.com/cards/UNL-057,normal,https://bilgewatermarket.com/assets/UNL-057-EN-C74Gh3Ub.webp,¥4.40,$0.80,,Alpha Wildclaw UNL-057/219 CN ¥4.40 EN $0.80
2026-09-22T20:02:46+00:00,https://bilgewatermarket.com/cards,"Lillia, Protector of Dreams",nonfoil,0.64,https://bilgewatermarket.com/cards/UNL-058,normal,https://bilgewatermarket.com/assets/UNL-058-EN-BcGzJVH9.webp,¥1.10,$0.64,,"Lillia, Protector of Dreams UNL-058/219 CN ¥1.10 EN $0.64"
2026-09-22T20:02:46+00:00,https://bilgewatermarket.com/cards,"Lillia, Protector of Dreams",nonfoil,7.59,https://bilgewatermarket.com/cards/UNL-058a?print_variation=showcase,showcase,https://bilgewatermarket.com/assets/UNL-058A-EN-CG9hoIX4.webp,¥5.74,$7.59,,"Lillia, Protector of Dreams UNL-058A/219 Showcase CN ¥5.74 EN $7.59"
2026-09-22T20:02:46+00:00,https://bilgewatermarket.com/cards,"Master Yi, Unstoppable",nonfoil,0.99,https://bilgewatermarket.com/cards/UNL-059,normal,https://bilgewatermarket.com/assets/UNL-059-EN-Dk7qRV9R.webp,¥4.15,$0.99,,"Master Yi, Unstoppable UNL-059/219 CN ¥4.15 EN $0.99"
2026-09-22T20:02:46+00:00,https://bilgewatermarket.com/cards,"Master Yi, Unstoppable",nonfoil,3.44,https://bilgewatermarket.com/cards/UNL-059a?print_variation=showcase,showcase,https://bilgewatermarket.com/assets/UNL-059A-EN-CQk9HuBe.webp,¥9.67,$3.44,,"Master Yi, Unstoppable UNL-059A/219 Showcase CN ¥9.67 EN $3.44"
2026-09-22T20:02:46+00:00,https://bilgewatermarket.com/cards,Vilemaw,nonfoil,20.10,https://bilgewatermarket.com/cards/UNL-060,normal,https://bilgewatermarket.com/assets/UNL-060-EN-BUcVHge1.webp,¥38.20,$20.10,,Vilemaw UNL-060/219 CN ¥38.20 EN $20.10
2026-09-22T20:02:46+00:00,https://bilgewatermarket.com/cards,Vilemaw,nonfoil,23.71,https://bilgewatermarket.com/cards/UNL-060a?print_variation=showcase,showcase,https://bilgewatermarket.com/assets/UNL-060A-EN-BCQMqWKV.webp,¥49.95,$23.71,,Vilemaw UNL-060A/219 Showcase CN ¥49.95 EN $23.71
2026-09-22T20:02:46+00:00,https://bilgewatermarket.com/cards,Downstage Dramatics,foil,0.22,https://bilgewatermarket.com/cards/UNL-061?print_variation=foiled,foiled,https://bilgewatermarket.com/assets/UNL-061-EN-tm1hOwmc.webp,¥1.00,$0.22,,Downstage Dramatics UNL-061/219 Foiled CN ¥1.00 EN $0.22
2026-09-22T20:02:46+00:00,https://bilgewatermarket.com/cards,Downstage Dramatics,nonfoil,0.06,https://bilgewatermarket.com/cards/UNL-061,normal,https://bilgewatermarket.com/assets/UNL-061-EN-tm1hOwmc.webp,¥0.55,$0.06,,Downstage Dramatics UNL-061/219 CN ¥0.55 EN $0.06
2026-09-22T20:02:46+00:00,https://bilgewatermarket.com/cards,Dramatic Visionary,foil,0.16,https://bilgewatermarket.com/cards/UNL-062?print_variation=foiled,foiled,https://bilgewatermarket.com/assets/UNL-062-EN-BizGwpBK.webp,¥0.50,$0.16,,Dramatic Visionary UNL-062/219 Foiled CN ¥0.50 EN $0.16
2026-09-22T20:02:46+00:00,https://bilgewatermarket.com/cards,Dramatic Visionary,nonfoil,0.05,https://bilgewatermarket.com/cards/UNL-062,normal,https://bilgewatermarket.com/assets/UNL-062-EN-BizGwpBK.webp,¥0.51,$0.05,,Dramatic Visionary UNL-062/219 CN ¥0.51 EN $0.05
2026-09-22T20:02:46+00:00,https://bilgewatermarket.com/cards,Eclipse,foil,0.31,https://bilgewatermarket.com/cards/UNL-063?print_variation=foiled,foiled,https://bilgewatermarket.com/assets/UNL-063-EN-Blu5QzRZ.webp,¥1.55,$0.31,,Eclipse UNL-063/219 Foiled CN ¥1.55 EN $0.31
2026-09-22T20:02:46+00:00,https://bilgewatermarket.com/cards,Eclipse,nonfoil,0.13,https://bilgewatermarket.com/cards/UNL-063,normal,https://bilgewatermarket.com/assets/UNL-063-EN-Blu5QzRZ.webp,¥0.57,$0.13,,Eclipse UNL-063/219 CN ¥0.57 EN $0.13
2026-09-22T20:02:46+00:00,https://bilgewatermarket.com/cards,Fate Weaver,foil,0.11,https://bilgewatermarket.com/cards/UNL-064?print_variation=foiled,foiled,https://bilgewatermarket.com/assets/UNL-064-EN-CpmHBHPZ.webp,¥0.50,$0.11,,Fate Weaver UNL-064/219 Foiled CN ¥0.50 EN $0.11
2026-09-22T20:02:46+00:00,https://bilgewatermarket.com/cards,Fate Weaver,nonfoil,0.04,https://bilgewatermarket.com/cards/UNL-064,normal,https://bilgewatermarket.com/assets/UNL-064-EN-CpmHBHPZ.webp,¥0.50,$0.04,,Fate Weaver UNL-064/219 CN ¥0.50 EN $0.04
2026-09-22T20:02:46+00:00,https://bilgewatermarket.com/cards,Icevale Archer,foil,0.12,https://bilgewatermarket.com/cards/UNL-065?print_variation=foiled,foiled,https://bilgewatermarket.com/assets/UNL-065-EN-Dyqtymor.webp,¥0.50,$0.12,,Icevale Archer UNL-065/219 Foiled CN ¥0.50 EN $0.12
2026-09-22T20:02:46+00:00,https://bilgewatermarket.com/cards,Icevale Archer,nonfoil,0.05,https://bilgewatermarket.com/cards/UNL-065,normal,https://bilgewatermarket.com/assets/UNL-065-EN-Dyqtymor.webp,¥0.51,$0.05,,Icevale Archer UNL-065/219 CN ¥0.51 EN $0.05
2026-09-22T20:02:46+00:00,https://bilgewatermarket.com/cards,Moonlight Affliction,foil,0.16,https://bilgewatermarket.com/cards/UNL-066?print_variation=foiled,foiled,https://bilgewatermarket.com/assets/UNL-066-EN-BZqDZFpx.webp,¥0.90,$0.16,,Moonlight Affliction UNL-066/219 Foiled CN ¥0.90 EN $0.16
2026-09-22T20:02:46+00:00,https://bilgewatermarket.com/cards,Moonlight Affliction,nonfoil,0.04,https://bilgewatermarket.com/cards/UNL-066,normal,https://bilgewatermarket.com/assets/UNL-066-EN-BZqDZFpx.webp,¥0.50,$0.04,,Moonlight Affliction UNL-066/219 CN ¥0.50 EN $0.04
2026-09-22T20:02:46+00:00,https://bilgewatermarket.com/cards,Ruined Rex,foil,0.24,https://bilgewatermarket.com/cards/UNL-067?print_variation=foiled,foiled,https://bilgewatermarket.com/assets/UNL-067-EN-VCtsAkY8.webp,¥1.14,$0.24,,Ruined Rex UNL-067/219 Foiled CN ¥1.14 EN $0.24
2026-09-22T20:02:46+00:00,https://bilgewatermarket.com/cards,Ruined Rex,nonfoil,0.07,https://bilgewatermarket.com/cards/UNL-067,normal,https://bilgewatermarket.com/assets/UNL-067-EN-VCtsAkY8.webp,¥0.55,$0.07,,Ruined Rex UNL-067/219 CN ¥0.55 EN $0.07
2026-09-22T20:02:46+00:00,https://bilgewatermarket.com/cards,Spectral Centaur,foil,0.13,https://bilgewatermarket.com/cards/UNL-068?print_variation=foiled,foiled,https://bilgewatermarket.com/assets/UNL-068-EN-CF86_zxr.webp,¥0.50,$0.13,,Spectral Centaur UNL-068/219 Foiled CN ¥0.50 EN $0.13
2026-09-22T20:02:46+00:00,https://bilgewatermarket.com/cards,Spectral Centaur,nonfoil,0.04,https://bilgewatermarket.com/cards/UNL-068,normal,https://bilgewatermarket.com/assets/UNL-068-EN-CF86_zxr.webp,¥0.50,$0.04,,Spectral Centaur UNL-068/219 CN ¥0.50 EN $0.04
2026-09-22T20:02:46+00:00,https://bilgewatermarket.com/cards,Sprite Burst,foil,0.35,https://bilgewatermarket.com/cards/UNL-069?print_variation=foiled,foiled,https://bilgewatermarket.com/assets/UNL-069-EN-nzdFEtn2.webp,¥1.88,$0.35,,Sprite Burst UNL-069/219 Foiled CN ¥1.88 EN $0.35
2026-09-22T20:02:46+00:00,https://bilgewatermarket.com/cards,Sprite Burst,nonfoil,0.13,https://bilgewatermarket.com/cards/UNL-069,normal,https://bilgewatermarket.com/assets/UNL-069-EN-nzdFEtn2.webp,¥0.53,$0.13,,Sprite Burst UNL-069/219 CN ¥0.53 EN $0.13
2026-09-22T20:02:46+00:00,https://bilgewatermarket.com/cards,Turn to Dust,foil,0.90,https://bilgewatermarket.com/cards/UNL-070?print_variation=foiled,foiled,https://bilgewatermarket.com/assets/UNL-070-EN-Dfd5N5TK.webp,¥2.38,$0.90,,Turn to Dust UNL-070/219 Foiled CN ¥2.38 EN $0.90
2026-09-22T20:02:46+00:00,https://bilgewatermarket.com/cards,Turn to Dust,nonfoil,0.11,https://bilgewatermarket.com/cards/UNL-070,normal,https://bilgewatermarket.com/assets/UNL-070-EN-Dfd5N5TK.webp,¥0.55,$0.11,,Turn to Dust UNL-070/219 CN ¥0.55 EN $0.11
2026-09-22T20:02:46+00:00,https://bilgewatermarket.com/cards,Chakram Dancer,foil,0.20,https://bilgewatermarket.com/cards/UNL-071?print_variation=foiled,foiled,https://bilgewatermarket.com/assets/UNL-071-EN-B-mjlYQn.webp,¥1.07,$0.20,,Chakram Dancer UNL-071/219 Foiled CN ¥1.07 EN $0.20
2026-09-22T20:02:46+00:00,https://bilgewatermarket.com/cards,Chakram Dancer,nonfoil,0.10,https://bilgewatermarket.com/cards/UNL-071,normal,https://bilgewatermarket.com/assets/UNL-071-EN-B-mjlYQn.webp,¥0.60,$0.10,,Chakram Dancer UNL-071/219 CN ¥0.60 EN $0.10
2026-09-22T20:02:46+00:00,https://bilgewatermarket.com/cards,Crescent Strike,foil,0.27,https://bilgewatermarket.com/cards/UNL-072?print_variation=foiled,foiled,https://bilgewatermarket.com/assets/UNL-072-EN-Bf53vKDM.webp,¥1.51,$0.27,,Crescent Strike UNL-072/219 Foiled CN ¥1.51 EN $0.27
2026-09-22T20:02:46+00:00,https://bilgewatermarket.com/cards,Crescent Strike,nonfoil,0.11,https://bilgewatermarket.com/cards/UNL-072,normal,https://bilgewatermarket.com/assets/UNL-072-EN-Bf53vKDM.webp,¥0.52,$0.11,,Crescent Strike UNL-072/219 CN ¥0.52 EN $0.11
2026-09-22T20:02:46+00:00,https://bilgewatermarket.com/cards,Deadly Flourish,foil,5.23,https://bilgewatermarket.com/cards/UNL-073?print_variation=foiled,foiled,https://bilgewatermarket.com/assets/UNL-073-EN-C5jm9cDL.webp,¥2.30,$5.23,,Deadly Flourish UNL-073/219 Foiled CN ¥2.30 EN $5.23
2026-09-22T20:02:46+00:00,https://bilgewatermarket.com/cards,Deadly Flourish,nonfoil,0.29,https://bilgewatermarket.com/cards/UNL-073,normal,https://bilgewatermarket.com/assets/UNL-073-EN-C5jm9cDL.webp,¥0.87,$0.29,,Deadly Flourish UNL-073/219 CN ¥0.87 EN $0.29
2026-09-22T20:02:46+00:00,https://bilgewatermarket.com/cards,Frigid Jewel,foil,0.49,https://bilgewatermarket.com/cards/UNL-074?print_variation=foiled,foiled,https://bilgewatermarket.com/assets/UNL-074-EN-DhLBIaAJ.webp,¥1.42,$0.49,,Frigid Jewel UNL-074/219 Foiled CN ¥1.42 EN $0.49
2026-09-22T20:02:46+00:00,https://bilgewatermarket.com/cards,Frigid Jewel,nonfoil,0.12,https://bilgewatermarket.com/cards/UNL-074,normal,https://bilgewatermarket.com/assets/UNL-074-EN-DhLBIaAJ.webp,¥0.58,$0.12,,Frigid Jewel UNL-074/219 CN ¥0.58 EN $0.12
2026-09-22T20:02:46+00:00,https://bilgewatermarket.com/cards,Gustwalker,foil,0.28,https://bilgewatermarket.com/cards/UNL-075?print_variation=foiled,foiled,https://bilgewatermarket.com/assets/UNL-075-EN-DMd-ptQm.webp,¥0.70,$0.28,,Gustwalker UNL-075/219 Foiled CN ¥0.70 EN $0.28
2026-09-22T20:02:46+00:00,https://bilgewatermarket.com/cards,Gustwalker,nonfoil,0.12,https://bilgewatermarket.com/cards/UNL-075,normal,https://bilgewatermarket.com/assets/UNL-075-EN-DMd-ptQm.webp,¥0.50,$0.12,,Gustwalker UNL-075/219 CN ¥0.50 EN $0.12
2026-09-22T20:02:46+00:00,https://bilgewatermarket.com/cards,Petal Pixie,foil,0.27,https://bilgewatermarket.com/cards/UNL-076?print_variation=foiled,foiled,https://bilgewatermarket.com/assets/UNL-076-EN-BfONaq_I.webp,¥1.00,$0.27,,Petal Pixie UNL-076/219 Foiled CN ¥1.00 EN $0.27
2026-09-22T20:02:46+00:00,https://bilgewatermarket.com/cards,Petal Pixie,nonfoil,0.12,https://bilgewatermarket.com/cards/UNL-076,normal,https://bilgewatermarket.com/assets/UNL-076-EN-BfONaq_I.webp,¥0.53,$0.12,,Petal Pixie UNL-076/219 CN ¥0.53 EN $0.12
2026-09-22T20:02:46+00:00,https://bilgewatermarket.com/cards,Soul Shepherd,foil,0.31,https://bilgewatermarket.com/cards/UNL-077?print_variation=foiled,foiled,https://bilgewatermarket.com/assets/UNL-077-EN-DuzYbmwh.webp,¥0.72,$0.31,,Soul Shepherd UNL-077/219 Foiled CN ¥0.72 EN $0.31
2026-09-22T20:02:46+00:00,https://bilgewatermarket.com/cards,Soul Shepherd,nonfoil,0.12,https://bilgewatermarket.com/cards/UNL-077,normal,https://bilgewatermarket.com/assets/UNL-077-EN-DuzYbmwh.webp,¥0.76,$0.12,,Soul Shepherd UNL-077/219 CN ¥0.76 EN $0.12
2026-09-22T20:02:46+00:00,https://bilgewatermarket.com/cards,Sprite Fountain,foil,7.45,https://bilgewatermarket.com/cards/UNL-078?print_variation=foiled,foiled,https://bilgewatermarket.com/assets/UNL-078-EN-DLS_b69H.webp,¥5.55,$7.45,,Sprite Fountain UNL-078/219 Foiled CN ¥5.55 EN $7.45
2026-09-22T20:02:46+00:00,https://bilgewatermarket.com/cards,Sprite Fountain,nonfoil,2.71,https://bilgewatermarket.com/cards/UNL-078,normal,https://bilgewatermarket.com/assets/UNL-078-EN-DLS_b69H.webp,¥2.29,$2.71,,Sprite Fountain UNL-078/219 CN ¥2.29 EN $2.71
2026-09-22T20:02:46+00:00,https://bilgewatermarket.com/cards,"Diana, Lunari",nonfoil,0.22,https://bilgewatermarket.com/cards/UNL-079,normal,https://bilgewatermarket.com/assets/UNL-079-EN-DCLt2sli.webp,¥1.02,$0.22,,"Diana, Lunari UNL-079/219 CN ¥1.02 EN $0.22"
2026-09-22T20:02:46+00:00,https://bilgewatermarket.com/cards,"Diana, Lunari",nonfoil,5.74,https://bilgewatermarket.com/cards/UNL-079a?print_variation=showcase,showcase,https://bilgewatermarket.com/assets/UNL-079a-EN-C-UIvsBz.webp,¥12.19,$5.74,,"Diana, Lunari UNL-079A/219 Showcase CN ¥12.19 EN $5.74"
2026-09-22T20:02:46+00:00,https://bilgewatermarket.com/cards,"Hwei, Brooding Painter",nonfoil,3.26,https://bilgewatermarket.com/cards/UNL-080,normal,https://bilgewatermarket.com/assets/UNL-080-EN-cpnGEpWi.webp,¥2.89,$3.26,,"Hwei, Brooding Painter UNL-080/219 CN ¥2.89 EN $3.26"
2026-09-22T20:02:46+00:00,https://bilgewatermarket.com/cards,Keeper of Masks,nonfoil,0.17,https://bilgewatermarket.com/cards/UNL-081,normal,https://bilgewatermarket.com/assets/UNL-081-EN-BD2ihnle.webp,¥0.68,$0.17,,Keeper of Masks UNL-081/219 CN ¥0.68 EN $0.17
2026-09-22T20:02:46+00:00,https://bilgewatermarket.com/cards,"Lillia, Fae Fawn",nonfoil,0.37,https://bilgewatermarket.com/cards/UNL-082,normal,https://bilgewatermarket.com/assets/UNL-082-EN-D4h2dWaw.webp,¥0.68,$0.37,,"Lillia, Fae Fawn UNL-082/219 CN ¥0.68 EN $0.37"
2026-09-22T20:02:46+00:00,https://bilgewatermarket.com/cards,"Lillia, Fae Fawn",nonfoil,9.33,https://bilgewatermarket.com/cards/UNL-082a?print_variation=showcase,showcase,https://bilgewatermarket.com/assets/UNL-082a-EN-BGn8VW3r.webp,¥11.93,$9.33,,"Lillia, Fae Fawn UNL-082A/219 Showcase CN ¥11.93 EN $9.33"
2026-09-22T20:02:46+00:00,https://bilgewatermarket.com/cards,Smoke and Mirrors,nonfoil,0.65,https://bilgewatermarket.com/cards/UNL-083,normal,https://bilgewatermarket.com/assets/UNL-083-EN-gBPEIMmK.webp,¥1.45,$0.65,,Smoke and Mirrors UNL-083/219 CN ¥1.45 EN $0.65
2026-09-22T20:02:46+00:00,https://bilgewatermarket.com/cards,Sprite Queen,nonfoil,0.21,https://bilgewatermarket.com/cards/UNL-084,normal,https://bilgewatermarket.com/assets/UNL-084-EN-X2XeQDWh.webp,¥1.43,$0.21,,Sprite Queen UNL-084/219 CN ¥1.43 EN $0.21
2026-09-22T20:02:46+00:00,https://bilgewatermarket.com/cards,Sumpworks Map,nonfoil,0.15,https://bilgewatermarket.com/cards/UNL-085,normal,https://bilgewatermarket.com/assets/UNL-085-EN-lI2aHH3Y.webp,¥0.73,$0.15,,Sumpworks Map UNL-085/219 CN ¥0.73 EN $0.15
2026-09-22T20:02:46+00:00,https://bilgewatermarket.com/cards,"Zilean, Time Mage",nonfoil,0.23,https://bilgewatermarket.com/cards/UNL-086,normal,https://bilgewatermarket.com/assets/UNL-086-EN-82c5Y-k9.webp,¥0.53,$0.23,,"Zilean, Time Mage UNL-086/219 CN ¥0.53 EN $0.23"
2026-09-22T20:02:46+00:00,https://bilgewatermarket.com/cards,Blue Sentinel,nonfoil,2.60,https://bilgewatermarket.com/cards/UNL-087,normal,https://bilgewatermarket.com/assets/UNL-087-EN-Cqi4CbxN.webp,¥2.47,$2.60,,Blue Sentinel UNL-087/219 CN ¥2.47 EN $2.60
2026-09-22T20:02:46+00:00,https://bilgewatermarket.com/cards,Blue Sentinel,nonfoil,4.83,https://bilgewatermarket.com/cards/UNL-087a?print_variation=showcase,showcase,https://bilgewatermarket.com/assets/UNL-087A-EN-qJwqaLaJ.webp,¥6.03,$4.83,,Blue Sentinel UNL-087A/219 Showcase CN ¥6.03 EN $4.83
2026-09-22T20:02:46+00:00,https://bilgewatermarket.com/cards,Gutter Palace,nonfoil,3.32,https://bilgewatermarket.com/cards/UNL-088,normal,https://bilgewatermarket.com/assets/UNL-088-EN-DE_65eAp.webp,¥5.80,$3.32,,Gutter Palace UNL-088/219 CN ¥5.80 EN $3.32
2026-09-22T20:02:46+00:00,https://bilgewatermarket.com/cards,"Jhin, Meticulous Killer",nonfoil,1.74,https://bilgewatermarket.com/cards/UNL-089,normal,https://bilgewatermarket.com/assets/UNL-089-EN-Dl88m0Z_.webp,¥3.95,$1.74,,"Jhin, Meticulous Killer UNL-089/219 CN ¥3.95 EN $1.74"
2026-09-22T20:02:46+00:00,https://bilgewatermarket.com/cards,"Jhin, Meticulous Killer",nonfoil,4.28,https://bilgewatermarket.com/cards/UNL-089a?print_variation=showcase,showcase,https://bilgewatermarket.com/assets/UNL-089A-EN-C7vwBDMb.webp,¥8.14,$4.28,,"Jhin, Meticulous Killer UNL-089A/219 Showcase CN ¥8.14 EN $4.28"
2026-09-22T20:02:46+00:00,https://bilgewatermarket.com/cards,"LeBlanc, Everywhere at Once",nonfoil,5.10,https://bilgewatermarket.com/cards/UNL-090,normal,https://bilgewatermarket.com/assets/UNL-090-EN-DSSLtE-E.webp,¥2.41,$5.10,,"LeBlanc, Everywhere at Once UNL-090/219 CN ¥2.41 EN $5.10"
2026-09-22T20:02:46+00:00,https://bilgewatermarket.com/cards,"LeBlanc, Everywhere at Once",nonfoil,8.14,https://bilgewatermarket.com/cards/UNL-090a?print_variation=showcase,showcase,https://bilgewatermarket.com/assets/UNL-090A-EN-E-wWfZOR.webp,¥8.87,$8.14,,"LeBlanc, Everywhere at Once UNL-090A/219 Showcase CN ¥8.87 EN $8.14"
2026-09-22T20:02:46+00:00,https://bilgewatermarket.com/cards,Concentrate,foil,0.19,https://bilgewatermarket.com/cards/UNL-091?print_variation=foiled,foiled,https://bilgewatermarket.com/assets/UNL-091-EN-BwuCxjNO.webp,¥1.36,$0.19,,Concentrate UNL-091/219 Foiled CN ¥1.36 EN $0.19
2026-09-22T20:02:46+00:00,https://bilgewatermarket.com/cards,Concentrate,nonfoil,0.07,https://bilgewatermarket.com/cards/UNL-091,normal,https://bilgewatermarket.com/assets/UNL-091-EN-BwuCxjNO.webp,¥0.50,$0.07,,Concentrate UNL-091/219 CN ¥0.50 EN $0.07
2026-09-22T20:02:46+00:00,https://bilgewatermarket.com/cards,Demacian Diplomat,foil,0.15,https://bilgewatermarket.com/cards/UNL-092?print_variation=foiled,foiled,https://bilgewatermarket.com/assets/UNL-092-EN-BdtQQvCq.webp,¥0.90,$0.15,,Demacian Diplomat UNL-092/219 Foiled CN ¥0.90 EN $0.15
2026-09-22T20:02:46+00:00,https://bilgewatermarket.com/cards,Demacian Diplomat,nonfoil,0.04,https://bilgewatermarket.com/cards/UNL-092,normal,https://bilgewatermarket.com/assets/UNL-092-EN-BdtQQvCq.webp,¥0.51,$0.04,,Demacian Diplomat UNL-092/219 CN ¥0.51 EN $0.04
2026-09-22T20:02:46+00:00,https://bilgewatermarket.com/cards,Dragonsoul Sage,foil,0.28,https://bilgewatermarket.com/cards/UNL-093?print_variation=foiled,foiled,https://bilgewatermarket.com/assets/UNL-093-EN-CHmRWoMD.webp,¥0.67,$0.28,,Dragonsoul Sage UNL-093/219 Foiled CN ¥0.67 EN $0.28
2026-09-22T20:02:46+00:00,https://bilgewatermarket.com/cards,Dragonsoul Sage,nonfoil,0.07,https://bilgewatermarket.com/cards/UNL-093,normal,https://bilgewatermarket.com/assets/UNL-093-EN-CHmRWoMD.webp,¥0.50,$0.07,,Dragonsoul Sage UNL-093/219 CN ¥0.50 EN $0.07
2026-09-22T20:02:46+00:00,https://bilgewatermarket.com/cards,Gemhand Hunter,foil,0.21,https://bilgewatermarket.com/cards/UNL-094?print_variation=foiled,foiled,https://bilgewatermarket.com/assets/UNL-094-EN-ydq7vFPq.webp,¥0.56,$0.21,,Gemhand Hunter UNL-094/219 Foiled CN ¥0.56 EN $0.21
2026-09-22T20:02:46+00:00,https://bilgewatermarket.com/cards,Gemhand Hunter,nonfoil,0.08,https://bilgewatermarket.com/cards/UNL-094,normal,https://bilgewatermarket.com/assets/UNL-094-EN-ydq7vFPq.webp,¥0.50,$0.08,,Gemhand Hunter UNL-094/219 CN ¥0.50 EN $0.08
2026-09-22T20:02:46+00:00,https://bilgewatermarket.com/cards,Grim Resolve,foil,0.23,https://bilgewatermarket.com/cards/UNL-095?print_variation=foiled,foiled,https://bilgewatermarket.com/assets/UNL-095-EN-BLZxf5Sw.webp,¥1.30,$0.23,,Grim Resolve UNL-095/219 Foiled CN ¥1.30 EN $0.23
2026-09-22T20:02:46+00:00,https://bilgewatermarket.com/cards,Grim Resolve,nonfoil,0.08,https://bilgewatermarket.com/cards/UNL-095,normal,https://bilgewatermarket.com/assets/UNL-095-EN-BLZxf5Sw.webp,¥0.52,$0.08,,Grim Resolve UNL-095/219 CN ¥0.52 EN $0.08
2026-09-22T20:02:46+00:00,https://bilgewatermarket.com/cards,Hunter's Machete,foil,0.17,https://bilgewatermarket.com/cards/UNL-096?print_variation=foiled,foiled,https://bilgewatermarket.com/assets/UNL-096-EN-C37qf7wm.webp,¥1.00,$0.17,,Hunter's Machete UNL-096/219 Foiled CN ¥1.00 EN $0.17
2026-09-22T20:02:46+00:00,https://bilgewatermarket.com/cards,Hunter's Machete,nonfoil,0.06,https://bilgewatermarket.com/cards/UNL-096,normal,https://bilgewatermarket.com/assets/UNL-096-EN-C37qf7wm.webp,¥0.50,$0.06,,Hunter's Machete UNL-096/219 CN ¥0.50 EN $0.06
2026-09-22T20:02:46+00:00,https://bilgewatermarket.com/cards,Kinkou Initiate,foil,0.22,https://bilgewatermarket.com/cards/UNL-097?print_variation=foiled,foiled,https://bilgewatermarket.com/assets/UNL-097-EN-B2x_9zlw.webp,¥1.36,$0.22,,Kinkou Initiate UNL-097/219 Foiled CN ¥1.36 EN $0.22
2026-09-22T20:02:46+00:00,https://bilgewatermarket.com/cards,Kinkou Initiate,nonfoil,0.12,https://bilgewatermarket.com/cards/UNL-097,normal,https://bilgewatermarket.com/assets/UNL-097-EN-B2x_9zlw.webp,¥0.52,$0.12,,Kinkou Initiate UNL-097/219 CN ¥0.52 EN $0.12
2026-09-22T20:02:46+00:00,https://bilgewatermarket.com/cards,Targonian Visionary,foil,0.12,https://bilgewatermarket.com/cards/UNL-098?print_variation=foiled,foiled,https://bilgewatermarket.com/assets/UNL-098-EN-B50emeKj.webp,¥0.50,$0.12,,Targonian Visionary UNL-098/219 Foiled CN ¥0.50 EN $0.12
2026-09-22T20:02:46+00:00,https://bilgewatermarket.com/cards,Targonian Visionary,nonfoil,0.05,https://bilgewatermarket.com/cards/UNL-098,normal,https://bilgewatermarket.com/assets/UNL-098-EN-B50emeKj.webp,¥0.50,$0.05,,Targonian Visionary UNL-098/219 CN ¥0.50 EN $0.05
2026-09-22T20:02:46+00:00,https://bilgewatermarket.com/cards,Towering Combatant,foil,0.14,https://bilgewatermarket.com/cards/UNL-099?print_variation=foiled,foiled,https://bilgewatermarket.com/assets/UNL-099-EN-DI3i13pG.webp,¥0.50,$0.14,,Towering Combatant UNL-099/219 Foiled CN ¥0.50 EN $0.14
2026-09-22T20:02:46+00:00,https://bilgewatermarket.com/cards,Towering Combatant,nonfoil,0.03,https://bilgewatermarket.com/cards/UNL-099,normal,https://bilgewatermarket.com/assets/UNL-099-EN-DI3i13pG.webp,¥0.50,$0.03,,Towering Combatant UNL-099/219 CN ¥0.50 EN $0.03
2026-09-22T20:02:46+00:00,https://bilgewatermarket.com/cards,Voracious Gromp,foil,0.15,https://bilgewatermarket.com/cards/UNL-100?print_variation=foiled,foiled,https://bilgewatermarket.com/assets/UNL-100-EN-CsXPG5Lo.webp,¥0.51,$0.15,,Voracious Gromp UNL-100/219 Foiled CN ¥0.51 EN $0.15
2026-09-22T20:02:46+00:00,https://bilgewatermarket.com/cards,Voracious Gromp,nonfoil,0.08,https://bilgewatermarket.com/cards/UNL-100,normal,https://bilgewatermarket.com/assets/UNL-100-EN-CsXPG5Lo.webp,¥0.50,$0.08,,Voracious Gromp UNL-100/219 CN ¥0.50 EN $0.08
2026-09-22T20:02:46+00:00,https://bilgewatermarket.com/cards,Call to Battle,foil,0.23,https://bilgewatermarket.com/cards/UNL-101?print_variation=foiled,foiled,https://bilgewatermarket.com/assets/UNL-101-EN-BYP9i3eB.webp,¥0.50,$0.23,,Call to Battle UNL-101/219 Foiled CN ¥0.50 EN $0.23
2026-09-22T20:02:46+00:00,https://bilgewatermarket.com/cards,Call to Battle,nonfoil,0.09,https://bilgewatermarket.com/cards/UNL-101,normal,https://bilgewatermarket.com/assets/UNL-101-EN-BYP9i3eB.webp,¥0.50,$0.09,,Call to Battle UNL-101/219 CN ¥0.50 EN $0.09
2026-09-22T20:02:46+00:00,https://bilgewatermarket.com/cards,Crowd Favorite,foil,0.13,https://bilgewatermarket.com/cards/UNL-102?print_variation=foiled,foiled,https://bilgewatermarket.com/assets/UNL-102-EN-B8TyjRDq.webp,¥0.50,$0.13,,Crowd Favorite UNL-102/219 Foiled CN ¥0.50 EN $0.13
2026-09-22T20:02:46+00:00,https://bilgewatermarket.com/cards,Crowd Favorite,nonfoil,0.03,https://bilgewatermarket.com/cards/UNL-102,normal,https://bilgewatermarket.com/assets/UNL-102-EN-B8TyjRDq.webp,¥0.50,$0.03,,Crowd Favorite UNL-102/219 CN ¥0.50 EN $0.03
2026-09-22T20:02:46+00:00,https://bilgewatermarket.com/cards,Disposal Order,foil,0.43,https://bilgewatermarket.com/cards/UNL-103?print_variation=foiled,foiled,https://bilgewatermarket.com/assets/UNL-103-EN-M3wP5zaL.webp,¥1.44,$0.43,,Disposal Order UNL-103/219 Foiled CN ¥1.44 EN $0.43
2026-09-22T20:02:46+00:00,https://bilgewatermarket.com/cards,Disposal Order,nonfoil,0.18,https://bilgewatermarket.com/cards/UNL-103,normal,https://bilgewatermarket.com/assets/UNL-103-EN-M3wP5zaL.webp,¥0.71,$0.18,,Disposal Order UNL-103/219 CN ¥0.71 EN $0.18
2026-09-22T20:02:46+00:00,https://bilgewatermarket.com/cards,Gentle Gemdragon,foil,0.37,https://bilgewatermarket.com/cards/UNL-104?print_variation=foiled,foiled,https://bilgewatermarket.com/assets/UNL-104-EN-BauUvNAt.webp,¥1.10,$0.37,,Gentle Gemdragon UNL-104/219 Foiled CN ¥1.10 EN $0.37
2026-09-22T20:02:46+00:00,https://bilgewatermarket.com/cards,Gentle Gemdragon,nonfoil,0.08,https://bilgewatermarket.com/cards/UNL-104,normal,https://bilgewatermarket.com/assets/UNL-104-EN-BauUvNAt.webp,¥0.88,$0.08,,Gentle Gemdragon UNL-104/219 CN ¥0.88 EN $0.08
2026-09-22T20:02:46+00:00,https://bilgewatermarket.com/cards,Imposing Challenger,foil,0.32,https://bilgewatermarket.com/cards/UNL-105?print_variation=foiled,foiled,https://bilgewatermarket.com/assets/UNL-105-EN-DqeiGgb-.webp,¥0.50,$0.32,,Imposing Challenger UNL-105/219 Foiled CN ¥0.50 EN $0.32
2026-09-22T20:02:46+00:00,https://bilgewatermarket.com/cards,Imposing Challenger,nonfoil,0.08,https://bilgewatermarket.com/cards/UNL-105,normal,https://bilgewatermarket.com/assets/UNL-105-EN-DqeiGgb-.webp,¥0.60,$0.08,,Imposing Challenger UNL-105/219 CN ¥0.60 EN $0.08
2026-09-22T20:02:46+00:00,https://bilgewatermarket.com/cards,Repulse,foil,2.01,https://bilgewatermarket.com/cards/UNL-106?print_variation=foiled,foiled,https://bilgewatermarket.com/assets/UNL-106-EN-CxtdAKy-.webp,¥3.84,$2.01,,Repulse UNL-106/219 Foiled CN ¥3.84 EN $2.01
2026-09-22T20:02:46+00:00,https://bilgewatermarket.com/cards,Repulse,nonfoil,0.46,https://bilgewatermarket.com/cards/UNL-106,normal,https://bilgewatermarket.com/assets/UNL-106-EN-CxtdAKy-.webp,¥1.25,$0.46,,Repulse UNL-106/219 CN ¥1.25 EN $0.46
2026-09-22T20:02:46+00:00,https://bilgewatermarket.com/cards,Stare Down,foil,0.30,https://bilgewatermarket.com/cards/UNL-107?print_variation=foiled,foiled,https://bilgewatermarket.com/assets/UNL-107-EN-DWokmyMg.webp,¥0.87,$0.30,,Stare Down UNL-107/219 Foiled CN ¥0.87 EN $0.30
2026-09-22T20:02:46+00:00,https://bilgewatermarket.com/cards,Stare Down,nonfoil,0.12,https://bilgewatermarket.com/cards/UNL-107,normal,https://bilgewatermarket.com/assets/UNL-107-EN-DWokmyMg.webp,¥0.50,$0.12,,Stare Down UNL-107/219 CN ¥0.50 EN $0.12
2026-09-22T20:02:46+00:00,https://bilgewatermarket.com/cards,Wily Newtfish,foil,0.22,https://bilgewatermarket.com/cards/UNL-108?print_variation=foiled,foiled,https://bilgewatermarket.com/assets/UNL-108-EN-DQjTwQwo.webp,¥0.51,$0.22,,Wily Newtfish UNL-108/219 Foiled CN ¥0.51 EN $0.22
2026-09-22T20:02:46+00:00,https://bilgewatermarket.com/cards,Wily Newtfish,nonfoil,0.07,https://bilgewatermarket.com/cards/UNL-108,normal,https://bilgewatermarket.com/assets/UNL-108-EN-DQjTwQwo.webp,¥0.50,$0.07,,Wily Newtfish UNL-108/219 CN ¥0.50 EN $0.07
2026-09-22T20:02:46+00:00,https://bilgewatermarket.com/cards,Blood Rose,nonfoil,0.17,https://bilgewatermarket.com/cards/UNL-109,normal,https://bilgewatermarket.com/assets/UNL-109-EN-ChE958rW.webp,¥0.64,$0.17,,Blood Rose UNL-109/219 CN ¥0.64 EN $0.17
2026-09-22T20:02:46+00:00,https://bilgewatermarket.com/cards,Clash of Giants,nonfoil,0.13,https://bilgewatermarket.com/cards/UNL-110,normal,https://bilgewatermarket.com/assets/UNL-110-EN-zJtcTFFz.webp,¥0.54,$0.13,,Clash of Giants UNL-110/219 CN ¥0.54 EN $0.13
2026-09-22T20:02:46+00:00,https://bilgewatermarket.com/cards,Determined Sentry,nonfoil,0.27,https://bilgewatermarket.com/cards/UNL-111,normal,https://bilgewatermarket.com/assets/UNL-111-EN-C2jA-UZZ.webp,¥0.89,$0.27,,Determined Sentry UNL-111/219 CN ¥0.89 EN $0.27
2026-09-22T20:02:46+00:00,https://bilgewatermarket.com/cards,Irresistible Faefolk,nonfoil,7.09,https://bilgewatermarket.com/cards/UNL-112,normal,https://bilgewatermarket.com/assets/UNL-112-EN-CF0LeXb1.webp,¥1.89,$7.09,,Irresistible Faefolk UNL-112/219 CN ¥1.89 EN $7.09
2026-09-22T20:02:46+00:00,https://bilgewatermarket.com/cards,"Master Yi, Tempered",nonfoil,0.17,https://bilgewatermarket.com/cards/UNL-113,normal,https://bilgewatermarket.com/assets/UNL-113-EN-7u7x1oc3.webp,¥1.17,$0.17,,"Master Yi, Tempered UNL-113/219 CN ¥1.17 EN $0.17"
2026-09-22T20:02:46+00:00,https://bilgewatermarket.com/cards,"Master Yi, Tempered",nonfoil,3.00,https://bilgewatermarket.com/cards/UNL-113a?print_variation=showcase,showcase,https://bilgewatermarket.com/assets/UNL-113A-EN-CJftnarb.webp,¥8.77,$3.00,,"Master Yi, Tempered UNL-113A/219 Showcase CN ¥8.77 EN $3.00"
2026-09-22T20:02:46+00:00,https://bilgewatermarket.com/cards,"Nidalee, Cat Form",nonfoil,3.59,https://bilgewatermarket.com/cards/UNL-114,normal,https://bilgewatermarket.com/assets/UNL-114-EN-DrTHr2A3.webp,¥1.51,$3.59,,"Nidalee, Cat Form UNL-114/219 CN ¥1.51 EN $3.59"
2026-09-22T20:02:46+00:00,https://bilgewatermarket.com/cards,"Nilah, Joyful Ascetic",nonfoil,0.22,https://bilgewatermarket.com/cards/UNL-115,normal,https://bilgewatermarket.com/assets/UNL-115-EN-BIx37tdl.webp,¥0.54,$0.22,,"Nilah, Joyful Ascetic UNL-115/219 CN ¥0.54 EN $0.22"
2026-09-22T20:02:46+00:00,https://bilgewatermarket.com/cards,"Poppy, Paragon",nonfoil,0.30,https://bilgewatermarket.com/cards/UNL-116,normal,https://bilgewatermarket.com/assets/UNL-116-EN-Bq1YTfbs.webp,¥0.73,$0.30,,"Poppy, Paragon UNL-116/219 CN ¥0.73 EN $0.30"
2026-09-22T20:02:46+00:00,https://bilgewatermarket.com/cards,"Poppy, Paragon",nonfoil,1.54,https://bilgewatermarket.com/cards/UNL-116a?print_variation=showcase,showcase,https://bilgewatermarket.com/assets/UNL-116a-EN-s6bp_YBS.webp,¥4.10,$1.54,,"Poppy, Paragon UNL-116A/219 Showcase CN ¥4.10 EN $1.54"
2026-09-22T20:02:46+00:00,https://bilgewatermarket.com/cards,Arachnoid Horror,nonfoil,1.74,https://bilgewatermarket.com/cards/UNL-117,normal,https://bilgewatermarket.com/assets/UNL-117-EN-qsjUHDBr.webp,¥5.91,$1.74,,Arachnoid Horror UNL-117/219 CN ¥5.91 EN $1.74
2026-09-22T20:02:46+00:00,https://bilgewatermarket.com/cards,Elder Dragon,nonfoil,27.08,https://bilgewatermarket.com/cards/UNL-118,normal,https://bilgewatermarket.com/assets/UNL-118-EN-kfJ74wzQ.webp,¥41.77,$27.08,,Elder Dragon UNL-118/219 CN ¥41.77 EN $27.08
2026-09-22T20:02:46+00:00,https://bilgewatermarket.com/cards,Elder Dragon,nonfoil,30.09,https://bilgewatermarket.com/cards/UNL-118a?print_variation=showcase,showcase,https://bilgewatermarket.com/assets/UNL-118a-EN-CNgfQIL9.webp,¥65.01,$30.09,,Elder Dragon UNL-118A/219 Showcase CN ¥65.01 EN $30.09
2026-09-22T20:02:46+00:00,https://bilgewatermarket.com/cards,"Kha'Zix, Evolving Hunter",nonfoil,0.55,https://bilgewatermarket.com/cards/UNL-119,normal,https://bilgewatermarket.com/assets/UNL-119-EN-CxLXcuxO.webp,¥1.02,$0.55,,"Kha'Zix, Evolving Hunter UNL-119/219 CN ¥1.02 EN $0.55"
2026-09-22T20:02:46+00:00,https://bilgewatermarket.com/cards,"Kha'Zix, Evolving Hunter",nonfoil,2.22,https://bilgewatermarket.com/cards/UNL-119a?print_variation=showcase,showcase,https://bilgewatermarket.com/assets/UNL-119A-EN-BsH5Guw4.webp,¥2.37,$2.22,,"Kha'Zix, Evolving Hunter UNL-119A/219 Showcase CN ¥2.37 EN $2.22"
2026-09-22T20:02:46+00:00,https://bilgewatermarket.com/cards,"Rengar, Trophy Hunter",nonfoil,40.87,https://bilgewatermarket.com/cards/UNL-120,normal,https://bilgewatermarket.com/assets/UNL-120-EN-Dl8rheKC.webp,¥103.93,$40.87,,"Rengar, Trophy Hunter UNL-120/219 CN ¥103.93 EN $40.87"
2026-09-22T20:02:46+00:00,https://bilgewatermarket.com/cards,"Rengar, Trophy Hunter",nonfoil,43.40,https://bilgewatermarket.com/cards/UNL-120a?print_variation=showcase,showcase,https://bilgewatermarket.com/assets/UNL-120A-EN-VPXCTKaF.webp,¥105.71,$43.40,,"Rengar, Trophy Hunter UNL-120A/219 Showcase CN ¥105.71 EN $43.40"
2026-09-22T20:02:46+00:00,https://bilgewatermarket.com/cards,Bewitching Spirit,foil,0.26,https://bilgewatermarket.com/cards/UNL-121?print_variation=foiled,foiled,https://bilgewatermarket.com/assets/UNL-121-EN-DQvoj--4.webp,¥1.67,$0.26,,Bewitching Spirit UNL-121/219 Foiled CN ¥1.67 EN $0.26
2026-09-22T20:02:46+00:00,https://bilgewatermarket.com/cards,Bewitching Spirit,nonfoil,0.12,https://bilgewatermarket.com/cards/UNL-121,normal,https://bilgewatermarket.com/assets/UNL-121-EN-DQvoj--4.webp,¥0.58,$0.12,,Bewitching Spirit UNL-121/219 CN ¥0.58 EN $0.12
2026-09-22T20:02:46+00:00,https://bilgewatermarket.com/cards,Crescent Guardian,foil,0.10,https://bilgewatermarket.com/cards/UNL-122?print_variation=foiled,foiled,https://bilgewatermarket.com/assets/UNL-122-EN-DrwPpGmF.webp,¥0.50,$0.10,,Crescent Guardian UNL-122/219 Foiled CN ¥0.50 EN $0.10
2026-09-22T20:02:46+00:00,https://bilgewatermarket.com/cards,Crescent Guardian,nonfoil,0.06,https://bilgewatermarket.com/cards/UNL-122,normal,https://bilgewatermarket.com/assets/UNL-122-EN-DrwPpGmF.webp,¥0.50,$0.06,,Crescent Guardian UNL-122/219 CN ¥0.50 EN $0.06
2026-09-22T20:02:46+00:00,https://bilgewatermarket.com/cards,Evershade Stalker,foil,0.18,https://bilgewatermarket.com/cards/UNL-123?print_variation=foiled,foiled,https://bilgewatermarket.com/assets/UNL-123-EN-CsVciQU8.webp,¥0.52,$0.18,,Evershade Stalker UNL-123/219 Foiled CN ¥0.52 EN $0.18
2026-09-22T20:02:46+00:00,https://bilgewatermarket.com/cards,Evershade Stalker,nonfoil,0.07,https://bilgewatermarket.com/cards/UNL-123,normal,https://bilgewatermarket.com/assets/UNL-123-EN-CsVciQU8.webp,¥0.55,$0.07,,Evershade Stalker UNL-123/219 CN ¥0.55 EN $0.07
2026-09-22T20:02:46+00:00,https://bilgewatermarket.com/cards,Isolate,foil,0.18,https://bilgewatermarket.com/cards/UNL-124?print_variation=foiled,foiled,https://bilgewatermarket.com/assets/UNL-124-EN-BBwK6AVQ.webp,¥0.58,$0.18,,Isolate UNL-124/219 Foiled CN ¥0.58 EN $0.18
2026-09-22T20:02:46+00:00,https://bilgewatermarket.com/cards,Isolate,nonfoil,0.08,https://bilgewatermarket.com/cards/UNL-124,normal,https://bilgewatermarket.com/assets/UNL-124-EN-BBwK6AVQ.webp,¥0.50,$0.08,,Isolate UNL-124/219 CN ¥0.50 EN $0.08
2026-09-22T20:02:46+00:00,https://bilgewatermarket.com/cards,Lunar Boon,foil,0.19,https://bilgewatermarket.com/cards/UNL-125?print_variation=foiled,foiled,https://bilgewatermarket.com/assets/UNL-125-EN-pmN72IVD.webp,¥1.16,$0.19,,Lunar Boon UNL-125/219 Foiled CN ¥1.16 EN $0.19
2026-09-22T20:02:46+00:00,https://bilgewatermarket.com/cards,Lunar Boon,nonfoil,0.08,https://bilgewatermarket.com/cards/UNL-125,normal,https://bilgewatermarket.com/assets/UNL-125-EN-pmN72IVD.webp,¥0.57,$0.08,,Lunar Boon UNL-125/219 CN ¥0.57 EN $0.08
2026-09-22T20:02:46+00:00,https://bilgewatermarket.com/cards,Megatusk,foil,0.09,https://bilgewatermarket.com/cards/UNL-126?print_variation=foiled,foiled,https://bilgewatermarket.com/assets/UNL-126-EN-VW2VE074.webp,¥0.54,$0.09,,Megatusk UNL-126/219 Foiled CN ¥0.54 EN $0.09
2026-09-22T20:02:46+00:00,https://bilgewatermarket.com/cards,Megatusk,nonfoil,0.04,https://bilgewatermarket.com/cards/UNL-126,normal,https://bilgewatermarket.com/assets/UNL-126-EN-VW2VE074.webp,¥0.50,$0.04,,Megatusk UNL-126/219 CN ¥0.50 EN $0.04
2026-09-22T20:02:46+00:00,https://bilgewatermarket.com/cards,Mister Root,foil,0.31,https://bilgewatermarket.com/cards/UNL-127?print_variation=foiled,foiled,https://bilgewatermarket.com/assets/UNL-127-EN-BvbWbqHA.webp,¥0.50,$0.31,,Mister Root UNL-127/219 Foiled CN ¥0.50 EN $0.31
2026-09-22T20:02:46+00:00,https://bilgewatermarket.com/cards,Mister Root,nonfoil,0.09,https://bilgewatermarket.com/cards/UNL-127,normal,https://bilgewatermarket.com/assets/UNL-127-EN-BvbWbqHA.webp,¥0.50,$0.09,,Mister Root UNL-127/219 CN ¥0.50 EN $0.09
2026-09-22T20:02:46+00:00,https://bilgewatermarket.com/cards,"Star,Crossed",foil,0.89,https://bilgewatermarket.com/cards/UNL-128?print_variation=foiled,foiled,https://bilgewatermarket.com/assets/UNL-128-EN-B1IcNVe9.webp,¥6.30,$0.89,,"Star,Crossed UNL-128/219 Foiled CN ¥6.30 EN $0.89"
2026-09-22T20:02:46+00:00,https://bilgewatermarket.com/cards,"Star,Crossed",nonfoil,0.20,https://bilgewatermarket.com/cards/UNL-128,normal,https://bilgewatermarket.com/assets/UNL-128-EN-B1IcNVe9.webp,¥0.78,$0.20,,"Star,Crossed UNL-128/219 CN ¥0.78 EN $0.20"
2026-09-22T20:02:46+00:00,https://bilgewatermarket.com/cards,Vicious Snapjaws,foil,0.17,https://bilgewatermarket.com/cards/UNL-129?print_variation=foiled,foiled,https://bilgewatermarket.com/assets/UNL-129-EN-fKlkeXoi.webp,¥0.60,$0.17,,Vicious Snapjaws UNL-129/219 Foiled CN ¥0.60 EN $0.17
2026-09-22T20:02:46+00:00,https://bilgewatermarket.com/cards,Vicious Snapjaws,nonfoil,0.03,https://bilgewatermarket.com/cards/UNL-129,normal,https://bilgewatermarket.com/assets/UNL-129-EN-fKlkeXoi.webp,¥0.50,$0.03,,Vicious Snapjaws UNL-129/219 CN ¥0.50 EN $0.03
2026-09-22T20:02:46+00:00,https://bilgewatermarket.com/cards,Walking Roost,foil,0.15,https://bilgewatermarket.com/cards/UNL-130?print_variation=foiled,foiled,https://bilgewatermarket.com/assets/UNL-130-EN-CcMOo_iY.webp,¥0.60,$0.15,,Walking Roost UNL-130/219 Foiled CN ¥0.60 EN $0.15
2026-09-22T20:02:46+00:00,https://bilgewatermarket.com/cards,Walking Roost,nonfoil,0.05,https://bilgewatermarket.com/cards/UNL-130,normal,https://bilgewatermarket.com/assets/UNL-130-EN-CcMOo_iY.webp,¥0.50,$0.05,,Walking Roost UNL-130/219 CN ¥0.50 EN $0.05
2026-09-22T20:02:46+00:00,https://bilgewatermarket.com/cards,Abandon,foil,3.80,https://bilgewatermarket.com/cards/UNL-131?print_variation=foiled,foiled,https://bilgewatermarket.com/assets/UNL-131-EN-RenedvHA.webp,¥7.49,$3.80,,Abandon UNL-131/219 Foiled CN ¥7.49 EN $3.80
2026-09-22T20:02:46+00:00,https://bilgewatermarket.com/cards,Abandon,nonfoil,0.46,https://bilgewatermarket.com/cards/UNL-131,normal,https://bilgewatermarket.com/assets/UNL-131-EN-RenedvHA.webp,¥2.44,$0.46,,Abandon UNL-131/219 CN ¥2.44 EN $0.46
2026-09-22T20:02:46+00:00,https://bilgewatermarket.com/cards,Angler Beast,foil,0.54,https://bilgewatermarket.com/cards/UNL-132?print_variation=foiled,foiled,https://bilgewatermarket.com/assets/UNL-132-EN-CUF1GCNt.webp,¥1.28,$0.54,,Angler Beast UNL-132/219 Foiled CN ¥1.28 EN $0.54
2026-09-22T20:02:46+00:00,https://bilgewatermarket.com/cards,Angler Beast,nonfoil,0.16,https://bilgewatermarket.com/cards/UNL-132,normal,https://bilgewatermarket.com/assets/UNL-132-EN-CUF1GCNt.webp,¥0.78,$0.16,,Angler Beast UNL-132/219 CN ¥0.78 EN $0.16
2026-09-22T20:02:46+00:00,https://bilgewatermarket.com/cards,Blast Cone,foil,0.18,https://bilgewatermarket.com/cards/UNL-133?print_variation=foiled,foiled,https://bilgewatermarket.com/assets/UNL-133-EN-YbmrHFbY.webp,¥0.81,$0.18,,Blast Cone UNL-133/219 Foiled CN ¥0.81 EN $0.18
2026-09-22T20:02:46+00:00,https://bilgewatermarket.com/cards,Blast Cone,nonfoil,0.06,https://bilgewatermarket.com/cards/UNL-133,normal,https://bilgewatermarket.com/assets/UNL-133-EN-YbmrHFbY.webp,¥0.50,$0.06,,Blast Cone UNL-133/219 CN ¥0.50 EN $0.06
2026-09-22T20:02:46+00:00,https://bilgewatermarket.com/cards,Existential Dread,foil,1.20,https://bilgewatermarket.com/cards/UNL-134?print_variation=foiled,foiled,https://bilgewatermarket.com/assets/UNL-134-EN-DXv1ha3O.webp,¥2.07,$1.20,,Existential Dread UNL-134/219 Foiled CN ¥2.07 EN $1.20
2026-09-22T20:02:46+00:00,https://bilgewatermarket.com/cards,Existential Dread,nonfoil,0.18,https://bilgewatermarket.com/cards/UNL-134,normal,https://bilgewatermarket.com/assets/UNL-134-EN-DXv1ha3O.webp,¥0.96,$0.18,,Existential Dread UNL-134/219 CN ¥0.96 EN $0.18
2026-09-22T20:02:46+00:00,https://bilgewatermarket.com/cards,Insightful Investigator,foil,0.28,https://bilgewatermarket.com/cards/UNL-135?print_variation=foiled,foiled,https://bilgewatermarket.com/assets/UNL-135-EN-4LHWxiVs.webp,¥0.50,$0.28,,Insightful Investigator UNL-135/219 Foiled CN ¥0.50 EN $0.28
2026-09-22T20:02:46+00:00,https://bilgewatermarket.com/cards,Insightful Investigator,nonfoil,0.09,https://bilgewatermarket.com/cards/UNL-135,normal,https://bilgewatermarket.com/assets/UNL-135-EN-4LHWxiVs.webp,¥0.51,$0.09,,Insightful Investigator UNL-135/219 CN ¥0.51 EN $0.09
2026-09-22T20:02:46+00:00,https://bilgewatermarket.com/cards,Scryer's Bloom,foil,0.27,https://bilgewatermarket.com/cards/UNL-136?print_variation=foiled,foiled,https://bilgewatermarket.com/assets/UNL-136-EN-DSg0wjPr.webp,¥1.92,$0.27,,Scryer's Bloom UNL-136/219 Foiled CN ¥1.92 EN $0.27
2026-09-22T20:02:46+00:00,https://bilgewatermarket.com/cards,Scryer's Bloom,nonfoil,0.09,https://bilgewatermarket.com/cards/UNL-136,normal,https://bilgewatermarket.com/assets/UNL-136-EN-DSg0wjPr.webp,¥0.79,$0.09,,Scryer's Bloom UNL-136/219 CN ¥0.79 EN $0.09
2026-09-22T20:02:46+00:00,https://bilgewatermarket.com/cards,Sinister Poro,foil,0.39,https://bilgewatermarket.com/cards/UNL-137?print_variation=foiled,foiled,https://bilgewatermarket.com/assets/UNL-137-EN-Dlsnsp5c.webp,¥0.70,$0.39,,Sinister Poro UNL-137/219 Foiled CN ¥0.70 EN $0.39
2026-09-22T20:02:46+00:00,https://bilgewatermarket.com/cards,Sinister Poro,nonfoil,0.15,https://bilgewatermarket.com/cards/UNL-137,normal,https://bilgewatermarket.com/assets/UNL-137-EN-Dlsnsp5c.webp,¥0.50,$0.15,,Sinister Poro UNL-137/219 CN ¥0.50 EN $0.15
2026-09-22T20:02:46+00:00,https://bilgewatermarket.com/cards,The List,foil,0.81,https://bilgewatermarket.com/cards/UNL-138?print_variation=foiled,foiled,https://bilgewatermarket.com/assets/UNL-138-EN-DrqLpGAd.webp,¥1.18,$0.81,,The List UNL-138/219 Foiled CN ¥1.18 EN $0.81
2026-09-22T20:02:46+00:00,https://bilgewatermarket.com/cards,The List,nonfoil,0.17,https://bilgewatermarket.com/cards/UNL-138,normal,https://bilgewatermarket.com/assets/UNL-138-EN-DrqLpGAd.webp,¥0.76,$0.17,,The List UNL-138/219 CN ¥0.76 EN $0.17
2026-09-22T20:02:46+00:00,https://bilgewatermarket.com/cards,Bone Skewer,nonfoil,0.31,https://bilgewatermarket.com/cards/UNL-139,normal,https://bilgewatermarket.com/assets/UNL-139-EN-JyqnIBSa.webp,¥1.86,$0.31,,Bone Skewer UNL-139/219 CN ¥1.86 EN $0.31
2026-09-22T20:02:46+00:00,https://bilgewatermarket.com/cards,Conscription,nonfoil,0.19,https://bilgewatermarket.com/cards/UNL-140,normal,https://bilgewatermarket.com/assets/UNL-140-EN-BwCRdfxx.webp,¥0.68,$0.19,,Conscription UNL-140/219 CN ¥0.68 EN $0.19
2026-09-22T20:02:46+00:00,https://bilgewatermarket.com/cards,"Evelynn, Entrancing",nonfoil,1.24,https://bilgewatermarket.com/cards/UNL-141,normal,https://bilgewatermarket.com/assets/UNL-141-EN-C6iFISbP.webp,¥1.66,$1.24,,"Evelynn, Entrancing UNL-141/219 CN ¥1.66 EN $1.24"
2026-09-22T20:02:46+00:00,https://bilgewatermarket.com/cards,Heedless Resurrection,nonfoil,0.37,https://bilgewatermarket.com/cards/UNL-142,normal,https://bilgewatermarket.com/assets/UNL-142-EN-Dh1WFGmb.webp,¥1.60,$0.37,,Heedless Resurrection UNL-142/219 CN ¥1.60 EN $0.37
2026-09-22T20:02:46+00:00,https://bilgewatermarket.com/cards,"Kha'Zix, Mutating Horror",nonfoil,0.28,https://bilgewatermarket.com/cards/UNL-143,normal,https://bilgewatermarket.com/assets/UNL-143-EN-AuRQA97f.webp,¥1.07,$0.28,,"Kha'Zix, Mutating Horror UNL-143/219 CN ¥1.07 EN $0.28"
2026-09-22T20:02:46+00:00,https://bilgewatermarket.com/cards,"Kha'Zix, Mutating Horror",nonfoil,7.90,https://bilgewatermarket.com/cards/UNL-143a?print_variation=showcase,showcase,https://bilgewatermarket.com/assets/UNL-143a-EN-C7YT9DxJ.webp,¥16.76,$7.90,,"Kha'Zix, Mutating Horror UNL-143A/219 Showcase CN ¥16.76 EN $7.90"
2026-09-22T20:02:46+00:00,https://bilgewatermarket.com/cards,Maduli the Gatekeeper,nonfoil,0.10,https://bilgewatermarket.com/cards/UNL-144,normal,https://bilgewatermarket.com/assets/UNL-144-EN-B_7am7Qq.webp,¥0.52,$0.10,,Maduli the Gatekeeper UNL-144/219 CN ¥0.52 EN $0.10
2026-09-22T20:02:46+00:00,https://bilgewatermarket.com/cards,"Pyke, Returned",nonfoil,0.71,https://bilgewatermarket.com/cards/UNL-145,normal,https://bilgewatermarket.com/assets/UNL-145-EN-UrbSVIQC.webp,¥1.27,$0.71,,"Pyke, Returned UNL-145/219 CN ¥1.27 EN $0.71"
2026-09-22T20:02:46+00:00,https://bilgewatermarket.com/cards,"Pyke, Returned",nonfoil,9.25,https://bilgewatermarket.com/cards/UNL-145a?print_variation=showcase,showcase,https://bilgewatermarket.com/assets/UNL-145A-EN-CSYf1yB8.webp,¥15.70,$9.25,,"Pyke, Returned UNL-145A/219 Showcase CN ¥15.70 EN $9.25"
2026-09-22T20:02:46+00:00,https://bilgewatermarket.com/cards,"Syndra, Transcendent",nonfoil,0.30,https://bilgewatermarket.com/cards/UNL-146,normal,https://bilgewatermarket.com/assets/UNL-146-EN-Cz19TxoF.webp,¥0.51,$0.30,,"Syndra, Transcendent UNL-146/219 CN ¥0.51 EN $0.30"
2026-09-22T20:02:46+00:00,https://bilgewatermarket.com/cards,Baron Nashor,nonfoil,23.80,https://bilgewatermarket.com/cards/UNL-147,normal,https://bilgewatermarket.com/assets/UNL-147-EN-DoSj8dTs.webp,¥31.87,$23.80,,Baron Nashor UNL-147/219 CN ¥31.87 EN $23.80
2026-09-22T20:02:46+00:00,https://bilgewatermarket.com/cards,Baron Nashor,nonfoil,27.42,https://bilgewatermarket.com/cards/UNL-147a?print_variation=showcase,showcase,https://bilgewatermarket.com/assets/UNL-147A-EN-D2Y6aT_f.webp,¥47.07,$27.42,,Baron Nashor UNL-147A/219 Showcase CN ¥47.07 EN $27.42
2026-09-22T20:02:46+00:00,https://bilgewatermarket.com/cards,Cursed Sarcophagus,nonfoil,0.65,https://bilgewatermarket.com/cards/UNL-148,normal,https://bilgewatermarket.com/assets/UNL-148-EN-DjUhXxen.webp,¥1.48,$0.65,,Cursed Sarcophagus UNL-148/219 CN ¥1.48 EN $0.65
2026-09-22T20:02:46+00:00,https://bilgewatermarket.com/cards,"Diana, No Longer Human",nonfoil,0.97,https://bilgewatermarket.com/cards/UNL-149,normal,https://bilgewatermarket.com/assets/UNL-149-EN-DpKI3PKR.webp,¥2.78,$0.97,,"Diana, No Longer Human UNL-149/219 CN ¥2.78 EN $0.97"
2026-09-22T20:02:46+00:00,https://bilgewatermarket.com/cards,"Diana, No Longer Human",nonfoil,6.16,https://bilgewatermarket.com/cards/UNL-149a?print_variation=showcase,showcase,https://bilgewatermarket.com/assets/UNL-149A-EN-BHivHxly.webp,¥7.98,$6.16,,"Diana, No Longer Human UNL-149A/219 Showcase CN ¥7.98 EN $6.16"
2026-09-22T20:02:46+00:00,https://bilgewatermarket.com/cards,"Vex, Apathetic",nonfoil,16.26,https://bilgewatermarket.com/cards/UNL-150,normal,https://bilgewatermarket.com/assets/UNL-150-EN-yVbHxeE-.webp,¥32.07,$16.26,,"Vex, Apathetic UNL-150/219 CN ¥32.07 EN $16.26"
2026-09-22T20:02:46+00:00,https://bilgewatermarket.com/cards,"Vex, Apathetic",nonfoil,26.55,https://bilgewatermarket.com/cards/UNL-150a?print_variation=showcase,showcase,https://bilgewatermarket.com/assets/UNL-150a-EN-B6EXUfc1.webp,¥62.27,$26.55,,"Vex, Apathetic UNL-150A/219 Showcase CN ¥62.27 EN $26.55"
2026-09-22T20:02:46+00:00,https://bilgewatermarket.com/cards,Bandle Soldier,foil,0.11,https://bilgewatermarket.com/cards/UNL-151?print_variation=foiled,foiled,https://bilgewatermarket.com/assets/UNL-151-EN-CEh68Sds.webp,¥0.80,$0.11,,Bandle Soldier UNL-151/219 Foiled CN ¥0.80 EN $0.11
2026-09-22T20:02:46+00:00,https://bilgewatermarket.com/cards,Bandle Soldier,nonfoil,0.03,https://bilgewatermarket.com/cards/UNL-151,normal,https://bilgewatermarket.com/assets/UNL-151-EN-CEh68Sds.webp,¥0.50,$0.03,,Bandle Soldier UNL-151/219 CN ¥0.50 EN $0.03
2026-09-22T20:02:46+00:00,https://bilgewatermarket.com/cards,Black Rose Dignitary,foil,0.20,https://bilgewatermarket.com/cards/UNL-152?print_variation=foiled,foiled,https://bilgewatermarket.com/assets/UNL-152-EN-DqjPQXlw.webp,¥1.05,$0.20,,Black Rose Dignitary UNL-152/219 Foiled CN ¥1.05 EN $0.20
2026-09-22T20:02:46+00:00,https://bilgewatermarket.com/cards,Black Rose Dignitary,nonfoil,0.07,https://bilgewatermarket.com/cards/UNL-152,normal,https://bilgewatermarket.com/assets/UNL-152-EN-DqjPQXlw.webp,¥0.52,$0.07,,Black Rose Dignitary UNL-152/219 CN ¥0.52 EN $0.07
2026-09-22T20:02:46+00:00,https://bilgewatermarket.com/cards,Carrion Dredger,foil,0.25,https://bilgewatermarket.com/cards/UNL-153?print_variation=foiled,foiled,https://bilgewatermarket.com/assets/UNL-153-EN-HqssLerk.webp,¥1.09,$0.25,,Carrion Dredger UNL-153/219 Foiled CN ¥1.09 EN $0.25
2026-09-22T20:02:46+00:00,https://bilgewatermarket.com/cards,Carrion Dredger,nonfoil,0.12,https://bilgewatermarket.com/cards/UNL-153,normal,https://bilgewatermarket.com/assets/UNL-153-EN-HqssLerk.webp,¥0.57,$0.12,,Carrion Dredger UNL-153/219 CN ¥0.57 EN $0.12
2026-09-22T20:02:46+00:00,https://bilgewatermarket.com/cards,Crimson Pigeons,foil,0.22,https://bilgewatermarket.com/cards/UNL-154?print_variation=foiled,foiled,https://bilgewatermarket.com/assets/UNL-154-EN-CAXKlENX.webp,¥0.94,$0.22,,Crimson Pigeons UNL-154/219 Foiled CN ¥0.94 EN $0.22
2026-09-22T20:02:46+00:00,https://bilgewatermarket.com/cards,Crimson Pigeons,nonfoil,0.06,https://bilgewatermarket.com/cards/UNL-154,normal,https://bilgewatermarket.com/assets/UNL-154-EN-CAXKlENX.webp,¥0.50,$0.06,,Crimson Pigeons UNL-154/219 CN ¥0.50 EN $0.06
2026-09-22T20:02:46+00:00,https://bilgewatermarket.com/cards,Heroic Charge,foil,0.19,https://bilgewatermarket.com/cards/UNL-155?print_variation=foiled,foiled,https://bilgewatermarket.com/assets/UNL-155-EN-DeY1dV1X.webp,¥0.90,$0.19,,Heroic Charge UNL-155/219 Foiled CN ¥0.90 EN $0.19
2026-09-22T20:02:46+00:00,https://bilgewatermarket.com/cards,Heroic Charge,nonfoil,0.08,https://bilgewatermarket.com/cards/UNL-155,normal,https://bilgewatermarket.com/assets/UNL-155-EN-DeY1dV1X.webp,¥0.50,$0.08,,Heroic Charge UNL-155/219 CN ¥0.50 EN $0.08
2026-09-22T20:02:46+00:00,https://bilgewatermarket.com/cards,Loyal Poro,foil,0.26,https://bilgewatermarket.com/cards/UNL-156?print_variation=foiled,foiled,https://bilgewatermarket.com/assets/UNL-156-EN-DXPw4hOS.webp,¥0.62,$0.26,,Loyal Poro UNL-156/219 Foiled CN ¥0.62 EN $0.26
2026-09-22T20:02:46+00:00,https://bilgewatermarket.com/cards,Loyal Poro,nonfoil,0.07,https://bilgewatermarket.com/cards/UNL-156,normal,https://bilgewatermarket.com/assets/UNL-156-EN-DXPw4hOS.webp,¥0.51,$0.07,,Loyal Poro UNL-156/219 CN ¥0.51 EN $0.07
2026-09-22T20:02:46+00:00,https://bilgewatermarket.com/cards,Scrutinizing Sergeant,foil,0.12,https://bilgewatermarket.com/cards/UNL-157?print_variation=foiled,foiled,https://bilgewatermarket.com/assets/UNL-157-EN-CQyKyoh5.webp,¥0.50,$0.12,,Scrutinizing Sergeant UNL-157/219 Foiled CN ¥0.50 EN $0.12
2026-09-22T20:02:46+00:00,https://bilgewatermarket.com/cards,Scrutinizing Sergeant,nonfoil,0.04,https://bilgewatermarket.com/cards/UNL-157,normal,https://bilgewatermarket.com/assets/UNL-157-EN-CQyKyoh5.webp,¥0.50,$0.04,,Scrutinizing Sergeant UNL-157/219 CN ¥0.50 EN $0.04
2026-09-22T20:02:46+00:00,https://bilgewatermarket.com/cards,Shepherd's Heirloom,foil,0.31,https://bilgewatermarket.com/cards/UNL-158?print_variation=foiled,foiled,https://bilgewatermarket.com/assets/UNL-158-EN-Bog8bjwv.webp,¥1.23,$0.31,,Shepherd's Heirloom UNL-158/219 Foiled CN ¥1.23 EN $0.31
2026-09-22T20:02:46+00:00,https://bilgewatermarket.com/cards,Shepherd's Heirloom,nonfoil,0.09,https://bilgewatermarket.com/cards/UNL-158,normal,https://bilgewatermarket.com/assets/UNL-158-EN-Bog8bjwv.webp,¥0.51,$0.09,,Shepherd's Heirloom UNL-158/219 CN ¥0.51 EN $0.09
2026-09-22T20:02:46+00:00,https://bilgewatermarket.com/cards,Soul Harvest,foil,0.15,https://bilgewatermarket.com/cards/UNL-159?print_variation=foiled,foiled,https://bilgewatermarket.com/assets/UNL-159-EN-2vJBQWMJ.webp,¥0.50,$0.15,,Soul Harvest UNL-159/219 Foiled CN ¥0.50 EN $0.15
2026-09-22T20:02:46+00:00,https://bilgewatermarket.com/cards,Soul Harvest,nonfoil,0.08,https://bilgewatermarket.com/cards/UNL-159,normal,https://bilgewatermarket.com/assets/UNL-159-EN-2vJBQWMJ.webp,¥0.50,$0.08,,Soul Harvest UNL-159/219 CN ¥0.50 EN $0.08
2026-09-22T20:02:46+00:00,https://bilgewatermarket.com/cards,Ultrasoft Poro,foil,0.35,https://bilgewatermarket.com/cards/UNL-160?print_variation=foiled,foiled,https://bilgewatermarket.com/assets/UNL-160-EN-BuEI10Q6.webp,¥1.03,$0.35,,Ultrasoft Poro UNL-160/219 Foiled CN ¥1.03 EN $0.35
2026-09-22T20:02:46+00:00,https://bilgewatermarket.com/cards,Ultrasoft Poro,nonfoil,0.10,https://bilgewatermarket.com/cards/UNL-160,normal,https://bilgewatermarket.com/assets/UNL-160-EN-BuEI10Q6.webp,¥0.50,$0.10,,Ultrasoft Poro UNL-160/219 CN ¥0.50 EN $0.10
2026-09-22T20:02:46+00:00,https://bilgewatermarket.com/cards,Divining Shells,foil,0.31,https://bilgewatermarket.com/cards/UNL-161?print_variation=foiled,foiled,https://bilgewatermarket.com/assets/UNL-161-EN-mn_A0Ndv.webp,¥1.01,$0.31,,Divining Shells UNL-161/219 Foiled CN ¥1.01 EN $0.31
2026-09-22T20:02:46+00:00,https://bilgewatermarket.com/cards,Divining Shells,nonfoil,0.14,https://bilgewatermarket.com/cards/UNL-161,normal,https://bilgewatermarket.com/assets/UNL-161-EN-mn_A0Ndv.webp,¥0.55,$0.14,,Divining Shells UNL-161/219 CN ¥0.55 EN $0.14
2026-09-22T20:02:46+00:00,https://bilgewatermarket.com/cards,Enthralling Protector,foil,0.22,https://bilgewatermarket.com/cards/UNL-162?print_variation=foiled,foiled,https://bilgewatermarket.com/assets/UNL-162-EN-_6J6Hk9F.webp,¥0.55,$0.22,,Enthralling Protector UNL-162/219 Foiled CN ¥0.55 EN $0.22
2026-09-22T20:02:46+00:00,https://bilgewatermarket.com/cards,Enthralling Protector,nonfoil,0.08,https://bilgewatermarket.com/cards/UNL-162,normal,https://bilgewatermarket.com/assets/UNL-162-EN-_6J6Hk9F.webp,¥0.61,$0.08,,Enthralling Protector UNL-162/219 CN ¥0.61 EN $0.08
2026-09-22T20:02:46+00:00,https://bilgewatermarket.com/cards,Mageseeker Investigator,foil,0.21,https://bilgewatermarket.com/cards/UNL-163?print_variation=foiled,foiled,https://bilgewatermarket.com/assets/UNL-163-EN-BV0PMg28.webp,¥0.50,$0.21,,Mageseeker Investigator UNL-163/219 Foiled CN ¥0.50 EN $0.21
2026-09-22T20:02:46+00:00,https://bilgewatermarket.com/cards,Mageseeker Investigator,nonfoil,0.11,https://bilgewatermarket.com/cards/UNL-163,normal,https://bilgewatermarket.com/assets/UNL-163-EN-BV0PMg28.webp,¥0.50,$0.11,,Mageseeker Investigator UNL-163/219 CN ¥0.50 EN $0.11
2026-09-22T20:02:46+00:00,https://bilgewatermarket.com/cards,Safety Inspector,foil,0.81,https://bilgewatermarket.com/cards/UNL-164?print_variation=foiled,foiled,https://bilgewatermarket.com/assets/UNL-164-EN-CbnKgXeJ.webp,¥1.10,$0.81,,Safety Inspector UNL-164/219 Foiled CN ¥1.10 EN $0.81
2026-09-22T20:02:46+00:00,https://bilgewatermarket.com/cards,Safety Inspector,nonfoil,0.20,https://bilgewatermarket.com/cards/UNL-164,normal,https://bilgewatermarket.com/assets/UNL-164-EN-CbnKgXeJ.webp,¥0.81,$0.20,,Safety Inspector UNL-164/219 CN ¥0.81 EN $0.20
2026-09-22T20:02:46+00:00,https://bilgewatermarket.com/cards,Shadow's Call,foil,1.68,https://bilgewatermarket.com/cards/UNL-165?print_variation=foiled,foiled,https://bilgewatermarket.com/assets/UNL-165-EN-DixP8nuW.webp,¥4.12,$1.68,,Shadow's Call UNL-165/219 Foiled CN ¥4.12 EN $1.68
2026-09-22T20:02:46+00:00,https://bilgewatermarket.com/cards,Shadow's Call,nonfoil,0.36,https://bilgewatermarket.com/cards/UNL-165,normal,https://bilgewatermarket.com/assets/UNL-165-EN-DixP8nuW.webp,¥2.29,$0.36,,Shadow's Call UNL-165/219 CN ¥2.29 EN $0.36
2026-09-22T20:02:46+00:00,https://bilgewatermarket.com/cards,Stalking Wolf,foil,0.18,https://bilgewatermarket.com/cards/UNL-166?print_variation=foiled,foiled,https://bilgewatermarket.com/assets/UNL-166-EN-B_noFlGt.webp,¥1.12,$0.18,,Stalking Wolf UNL-166/219 Foiled CN ¥1.12 EN $0.18
2026-09-22T20:02:46+00:00,https://bilgewatermarket.com/cards,Stalking Wolf,nonfoil,0.07,https://bilgewatermarket.com/cards/UNL-166,normal,https://bilgewatermarket.com/assets/UNL-166-EN-B_noFlGt.webp,¥0.60,$0.07,,Stalking Wolf UNL-166/219 CN ¥0.60 EN $0.07
2026-09-22T20:02:46+00:00,https://bilgewatermarket.com/cards,Starhound,foil,0.23,https://bilgewatermarket.com/cards/UNL-167?print_variation=foiled,foiled,https://bilgewatermarket.com/assets/UNL-167-EN-C0deYBoU.webp,¥0.70,$0.23,,Starhound UNL-167/219 Foiled CN ¥0.70 EN $0.23
2026-09-22T20:02:46+00:00,https://bilgewatermarket.com/cards,Starhound,nonfoil,0.14,https://bilgewatermarket.com/cards/UNL-167,normal,https://bilgewatermarket.com/assets/UNL-167-EN-C0deYBoU.webp,¥0.50,$0.14,,Starhound UNL-167/219 CN ¥0.50 EN $0.14
2026-09-22T20:02:46+00:00,https://bilgewatermarket.com/cards,Undying Loyalty,foil,0.34,https://bilgewatermarket.com/cards/UNL-168?print_variation=foiled,foiled,https://bilgewatermarket.com/assets/UNL-168-EN-BPVhrgS3.webp,¥0.68,$0.34,,Undying Loyalty UNL-168/219 Foiled CN ¥0.68 EN $0.34
2026-09-22T20:02:46+00:00,https://bilgewatermarket.com/cards,Undying Loyalty,nonfoil,0.12,https://bilgewatermarket.com/cards/UNL-168,normal,https://bilgewatermarket.com/assets/UNL-168-EN-BPVhrgS3.webp,¥0.50,$0.12,,Undying Loyalty UNL-168/219 CN ¥0.50 EN $0.12
2026-09-22T20:02:46+00:00,https://bilgewatermarket.com/cards,"Ashe, Focused",nonfoil,1.26,https://bilgewatermarket.com/cards/UNL-169,normal,https://bilgewatermarket.com/assets/UNL-169-EN-BUq1c4xf.webp,¥1.87,$1.26,,"Ashe, Focused UNL-169/219 CN ¥1.87 EN $1.26"
2026-09-22T20:02:46+00:00,https://bilgewatermarket.com/cards,Atakhan,nonfoil,0.24,https://bilgewatermarket.com/cards/UNL-170,normal,https://bilgewatermarket.com/assets/UNL-170-EN-DtKxXDw7.webp,¥1.28,$0.24,,Atakhan UNL-170/219 CN ¥1.28 EN $0.24
2026-09-22T20:02:46+00:00,https://bilgewatermarket.com/cards,"Galio, Indefatigable",nonfoil,0.23,https://bilgewatermarket.com/cards/UNL-171,normal,https://bilgewatermarket.com/assets/UNL-171-EN-ojnOpaGS.webp,¥1.11,$0.23,,"Galio, Indefatigable UNL-171/219 CN ¥1.11 EN $0.23"
2026-09-22T20:02:46+00:00,https://bilgewatermarket.com/cards,"LeBlanc, Fragmented",nonfoil,0.38,https://bilgewatermarket.com/cards/UNL-172,normal,https://bilgewatermarket.com/assets/UNL-172-EN-BkP5bmzN.webp,¥1.33,$0.38,,"LeBlanc, Fragmented UNL-172/219 CN ¥1.33 EN $0.38"
2026-09-22T20:02:46+00:00,https://bilgewatermarket.com/cards,"LeBlanc, Fragmented",nonfoil,4.58,https://bilgewatermarket.com/cards/UNL-172a?print_variation=showcase,showcase,https://bilgewatermarket.com/assets/UNL-172a-EN-CGkSEWup.webp,¥7.41,$4.58,,"LeBlanc, Fragmented UNL-172A/219 Showcase CN ¥7.41 EN $4.58"
2026-09-22T20:02:46+00:00,https://bilgewatermarket.com/cards,Sacrifice,nonfoil,4.96,https://bilgewatermarket.com/cards/UNL-173,normal,https://bilgewatermarket.com/assets/UNL-173-EN-Ewg_bL9y.webp,¥5.69,$4.96,,Sacrifice UNL-173/219 CN ¥5.69 EN $4.96
2026-09-22T20:02:46+00:00,https://bilgewatermarket.com/cards,Shard of Undoing,nonfoil,0.18,https://bilgewatermarket.com/cards/UNL-174,normal,https://bilgewatermarket.com/assets/UNL-174-EN-D_6q7Zv2.webp,¥0.57,$0.18,,Shard of Undoing UNL-174/219 CN ¥0.57 EN $0.18
2026-09-22T20:02:46+00:00,https://bilgewatermarket.com/cards,Tactical Retreat,nonfoil,0.25,https://bilgewatermarket.com/cards/UNL-175,normal,https://bilgewatermarket.com/assets/UNL-175-EN-CdsOQ7ht.webp,¥1.97,$0.25,,Tactical Retreat UNL-175/219 CN ¥1.97 EN $0.25
2026-09-22T20:02:46+00:00,https://bilgewatermarket.com/cards,"Vi, Peacekeeper",nonfoil,4.77,https://bilgewatermarket.com/cards/UNL-176,normal,https://bilgewatermarket.com/assets/UNL-176-EN-DMd-dYzS.webp,¥4.01,$4.77,,"Vi, Peacekeeper UNL-176/219 CN ¥4.01 EN $4.77"
2026-09-22T20:02:46+00:00,https://bilgewatermarket.com/cards,"Vi, Peacekeeper",nonfoil,15.42,https://bilgewatermarket.com/cards/UNL-176a?print_variation=showcase,showcase,https://bilgewatermarket.com/assets/UNL-176a-EN-Cy2jvSGJ.webp,¥25.31,$15.42,,"Vi, Peacekeeper UNL-176A/219 Showcase CN ¥25.31 EN $15.42"
2026-09-22T20:02:46+00:00,https://bilgewatermarket.com/cards,"Ivern, Friend to All",nonfoil,1.48,https://bilgewatermarket.com/cards/UNL-177,normal,https://bilgewatermarket.com/assets/UNL-177-EN-DYlogs58.webp,¥1.47,$1.48,,"Ivern, Friend to All UNL-177/219 CN ¥1.47 EN $1.48"
2026-09-22T20:02:46+00:00,https://bilgewatermarket.com/cards,"Ivern, Friend to All",nonfoil,2.60,https://bilgewatermarket.com/cards/UNL-177a?print_variation=showcase,showcase,https://bilgewatermarket.com/assets/UNL-177A-EN-C8hacV8j.webp,¥3.14,$2.60,,"Ivern, Friend to All UNL-177A/219 Showcase CN ¥3.14 EN $2.60"
2026-09-22T20:02:46+00:00,https://bilgewatermarket.com/cards,"Poppy, Defender of the Meek",nonfoil,0.59,https://bilgewatermarket.com/cards/UNL-178,normal,https://bilgewatermarket.com/assets/UNL-178-EN-Cs288QlU.webp,¥1.22,$0.59,,"Poppy, Defender of the Meek UNL-178/219 CN ¥1.22 EN $0.59"
2026-09-22T20:02:46+00:00,https://bilgewatermarket.com/cards,"Poppy, Defender of the Meek",nonfoil,2.28,https://bilgewatermarket.com/cards/UNL-178a?print_variation=showcase,showcase,https://bilgewatermarket.com/assets/UNL-178a-EN-DNVPq4D7.webp,¥4.60,$2.28,,"Poppy, Defender of the Meek UNL-178A/219 Showcase CN ¥4.60 EN $2.28"
2026-09-22T20:02:46+00:00,https://bilgewatermarket.com/cards,Rift Herald,nonfoil,9.54,https://bilgewatermarket.com/cards/UNL-179,normal,https://bilgewatermarket.com/assets/UNL-179-EN-BLmbmJ4a.webp,¥18.82,$9.54,,Rift Herald UNL-179/219 CN ¥18.82 EN $9.54
2026-09-22T20:02:46+00:00,https://bilgewatermarket.com/cards,Rift Herald,nonfoil,14.42,https://bilgewatermarket.com/cards/UNL-179a?print_variation=showcase,showcase,https://bilgewatermarket.com/assets/UNL-179a-EN-BwVRYp8h.webp,¥30.54,$14.42,,Rift Herald UNL-179A/219 Showcase CN ¥30.54 EN $14.42
2026-09-22T20:02:46+00:00,https://bilgewatermarket.com/cards,The Ruination,nonfoil,8.43,https://bilgewatermarket.com/cards/UNL-180,normal,https://bilgewatermarket.com/assets/UNL-180-EN-bfN24x83.webp,¥19.58,$8.43,,The Ruination UNL-180/219 CN ¥19.58 EN $8.43
2026-09-22T20:02:46+00:00,https://bilgewatermarket.com/cards,"Jhin, Virtuoso",nonfoil,0.16,https://bilgewatermarket.com/cards/UNL-181,normal,https://bilgewatermarket.com/assets/UNL-181-EN-U2aMjJ5U.webp,¥0.50,$0.16,,"Jhin, Virtuoso UNL-181/219 CN ¥0.50 EN $0.16"
2026-09-22T20:02:46+00:00,https://bilgewatermarket.com/cards,Curtain Call,nonfoil,1.09,https://bilgewatermarket.com/cards/UNL-182,normal,https://bilgewatermarket.com/assets/UNL-182-EN-DY32jETE.webp,¥2.72,$1.09,,Curtain Call UNL-182/219 CN ¥2.72 EN $1.09
2026-09-22T20:02:46+00:00,https://bilgewatermarket.com/cards,"Rengar, Pridestalker",nonfoil,0.20,https://bilgewatermarket.com/cards/UNL-183,normal,https://bilgewatermarket.com/assets/UNL-183-EN-B4cRVZDo.webp,¥0.52,$0.20,,"Rengar, Pridestalker UNL-183/219 CN ¥0.52 EN $0.20"
2026-09-22T20:02:46+00:00,https://bilgewatermarket.com/cards,Thrill of the Hunt,nonfoil,10.25,https://bilgewatermarket.com/cards/UNL-184,normal,https://bilgewatermarket.com/assets/UNL-184-EN-CIDe2FFX.webp,¥12.51,$10.25,,Thrill of the Hunt UNL-184/219 CN ¥12.51 EN $10.25
2026-09-22T20:02:46+00:00,https://bilgewatermarket.com/cards,"Pyke, Bloodharbor Ripper",nonfoil,0.16,https://bilgewatermarket.com/cards/UNL-185,normal,https://bilgewatermarket.com/assets/UNL-185-EN-qdyFAFT1.webp,¥0.51,$0.16,,"Pyke, Bloodharbor Ripper UNL-185/219 CN ¥0.51 EN $0.16"
2026-09-22T20:02:46+00:00,https://bilgewatermarket.com/cards,Death from Below,nonfoil,0.83,https://bilgewatermarket.com/cards/UNL-186,normal,https://bilgewatermarket.com/assets/UNL-186-EN-9MZnqrak.webp,¥2.23,$0.83,,Death from Below UNL-186/219 CN ¥2.23 EN $0.83
2026-09-22T20:02:46+00:00,https://bilgewatermarket.com/cards,"Vi, Piltover Enforcer",nonfoil,0.16,https://bilgewatermarket.com/cards/UNL-187,normal,https://bilgewatermarket.com/assets/UNL-187-EN-BPjSbsKQ.webp,¥0.50,$0.16,,"Vi, Piltover Enforcer UNL-187/219 CN ¥0.50 EN $0.16"
2026-09-22T20:02:46+00:00,https://bilgewatermarket.com/cards,Hextech Gauntlets,nonfoil,0.65,https://bilgewatermarket.com/cards/UNL-188,normal,https://bilgewatermarket.com/assets/UNL-188-EN-DDZT2s9K.webp,¥1.34,$0.65,,Hextech Gauntlets UNL-188/219 CN ¥1.34 EN $0.65
2026-09-22T20:02:46+00:00,https://bilgewatermarket.com/cards,"Lillia, Bashful Bloom",nonfoil,0.23,https://bilgewatermarket.com/cards/UNL-189,normal,https://bilgewatermarket.com/assets/UNL-189-EN-kQBpLE9j.webp,¥0.54,$0.23,,"Lillia, Bashful Bloom UNL-189/219 CN ¥0.54 EN $0.23"
2026-09-22T20:02:46+00:00,https://bilgewatermarket.com/cards,Lilting Lullaby,nonfoil,2.17,https://bilgewatermarket.com/cards/UNL-190,normal,https://bilgewatermarket.com/assets/UNL-190-EN-Dn1XtAnW.webp,¥10.48,$2.17,,Lilting Lullaby UNL-190/219 CN ¥10.48 EN $2.17
2026-09-22T20:02:46+00:00,https://bilgewatermarket.com/cards,"Master Yi, Wuju Master",nonfoil,0.15,https://bilgewatermarket.com/cards/UNL-191,normal,https://bilgewatermarket.com/assets/UNL-191-EN-CefqZVC-.webp,¥0.51,$0.15,,"Master Yi, Wuju Master UNL-191/219 CN ¥0.51 EN $0.15"
2026-09-22T20:02:46+00:00,https://bilgewatermarket.com/cards,Alpha Strike,nonfoil,3.01,https://bilgewatermarket.com/cards/UNL-192,normal,https://bilgewatermarket.com/assets/UNL-192-EN-Cq4PsRGb.webp,¥10.95,$3.01,,Alpha Strike UNL-192/219 CN ¥10.95 EN $3.01
2026-09-22T20:02:46+00:00,https://bilgewatermarket.com/cards,"Vex, Gloomist",nonfoil,0.15,https://bilgewatermarket.com/cards/UNL-193,normal,https://bilgewatermarket.com/assets/UNL-193-EN-DNlP_F4B.webp,¥0.52,$0.15,,"Vex, Gloomist UNL-193/219 CN ¥0.52 EN $0.15"
2026-09-22T20:02:46+00:00,https://bilgewatermarket.com/cards,Shadow,nonfoil,0.40,https://bilgewatermarket.com/cards/UNL-194,normal,https://bilgewatermarket.com/assets/UNL-194-EN-DpsNrwjx.webp,¥1.44,$0.40,,Shadow UNL-194/219 CN ¥1.44 EN $0.40
2026-09-22T20:02:46+00:00,https://bilgewatermarket.com/cards,"Ivern, Green Father",nonfoil,0.15,https://bilgewatermarket.com/cards/UNL-195,normal,https://bilgewatermarket.com/assets/UNL-195-EN-e54tnICv.webp,¥0.51,$0.15,,"Ivern, Green Father UNL-195/219 CN ¥0.51 EN $0.15"
2026-09-22T20:02:46+00:00,https://bilgewatermarket.com/cards,Daisy!,nonfoil,1.26,https://bilgewatermarket.com/cards/UNL-196,normal,https://bilgewatermarket.com/assets/UNL-196-EN-SMW5qYhA.webp,¥3.60,$1.26,,Daisy! UNL-196/219 CN ¥3.60 EN $1.26
2026-09-22T20:02:46+00:00,https://bilgewatermarket.com/cards,"Diana, Scorn of the Moon",nonfoil,0.22,https://bilgewatermarket.com/cards/UNL-197,normal,https://bilgewatermarket.com/assets/UNL-197-EN-CNKWIhcH.webp,¥0.52,$0.22,,"Diana, Scorn of the Moon UNL-197/219 CN ¥0.52 EN $0.22"
2026-09-22T20:02:46+00:00,https://bilgewatermarket.com/cards,Moonfall,nonfoil,11.62,https://bilgewatermarket.com/cards/UNL-198,normal,https://bilgewatermarket.com/assets/UNL-198-EN-C577_q1f.webp,¥33.16,$11.62,,Moonfall UNL-198/219 CN ¥33.16 EN $11.62
2026-09-22T20:02:46+00:00,https://bilgewatermarket.com/cards,"LeBlanc, Deceiver",nonfoil,0.18,https://bilgewatermarket.com/cards/UNL-199,normal,https://bilgewatermarket.com/assets/UNL-199-EN-rwWohJbI.webp,¥0.59,$0.18,,"LeBlanc, Deceiver UNL-199/219 CN ¥0.59 EN $0.18"
2026-09-22T20:02:46+00:00,https://bilgewatermarket.com/cards,Mirror Image,nonfoil,20.38,https://bilgewatermarket.com/cards/UNL-200,normal,https://bilgewatermarket.com/assets/UNL-200-EN-BFJZsggW.webp,¥23.67,$20.38,,Mirror Image UNL-200/219 CN ¥23.67 EN $20.38
2026-09-22T20:02:46+00:00,https://bilgewatermarket.com/cards,"Kha'Zix, Voidreaver",nonfoil,0.15,https://bilgewatermarket.com/cards/UNL-201,normal,https://bilgewatermarket.com/assets/UNL-201-EN-eJCqdA7M.webp,¥0.57,$0.15,,"Kha'Zix, Voidreaver UNL-201/219 CN ¥0.57 EN $0.15"
2026-09-22T20:02:46+00:00,https://bilgewatermarket.com/cards,Void Assault,nonfoil,7.34,https://bilgewatermarket.com/cards/UNL-202,normal,https://bilgewatermarket.com/assets/UNL-202-EN-BYsayl9r.webp,¥8.93,$7.34,,Void Assault UNL-202/219 CN ¥8.93 EN $7.34
2026-09-22T20:02:46+00:00,https://bilgewatermarket.com/cards,"Poppy, Keeper of the Hammer",nonfoil,0.15,https://bilgewatermarket.com/cards/UNL-203,normal,https://bilgewatermarket.com/assets/UNL-203-EN-DQZOV_ef.webp,¥0.51,$0.15,,"Poppy, Keeper of the Hammer UNL-203/219 CN ¥0.51 EN $0.15"
2026-09-22T20:02:46+00:00,https://bilgewatermarket.com/cards,Keeper's Verdict,nonfoil,0.57,https://bilgewatermarket.com/cards/UNL-204,normal,https://bilgewatermarket.com/assets/UNL-204-EN-DfO5hbOA.webp,¥1.35,$0.57,,Keeper's Verdict UNL-204/219 CN ¥1.35 EN $0.57
2026-09-22T20:02:46+00:00,https://bilgewatermarket.com/cards,Abandoned Hall,foil,0.46,https://bilgewatermarket.com/cards/UNL-205?print_variation=foiled,foiled,https://bilgewatermarket.com/assets/UNL-205-EN-B3i0oFVT.webp,¥3.60,$0.46,,Abandoned Hall UNL-205/219 Foiled CN ¥3.60 EN $0.46
2026-09-22T20:02:46+00:00,https://bilgewatermarket.com/cards,Abandoned Hall,nonfoil,0.09,https://bilgewatermarket.com/cards/UNL-205,normal,https://bilgewatermarket.com/assets/UNL-205-EN-B3i0oFVT.webp,¥0.96,$0.09,,Abandoned Hall UNL-205/219 CN ¥0.96 EN $0.09
2026-09-22T20:02:46+00:00,https://bilgewatermarket.com/cards,Altar of Blood,foil,0.23,https://bilgewatermarket.com/cards/UNL-206?print_variation=foiled,foiled,https://bilgewatermarket.com/assets/UNL-206-EN-B2xbXvkO.webp,¥1.14,$0.23,,Altar of Blood UNL-206/219 Foiled CN ¥1.14 EN $0.23
2026-09-22T20:02:46+00:00,https://bilgewatermarket.com/cards,Altar of Blood,nonfoil,0.08,https://bilgewatermarket.com/cards/UNL-206,normal,https://bilgewatermarket.com/assets/UNL-206-EN-B2xbXvkO.webp,¥0.55,$0.08,,Altar of Blood UNL-206/219 CN ¥0.55 EN $0.08
2026-09-22T20:02:46+00:00,https://bilgewatermarket.com/cards,Amateur Recital,foil,0.25,https://bilgewatermarket.com/cards/UNL-207?print_variation=foiled,foiled,https://bilgewatermarket.com/assets/UNL-207-EN-C4fKtPbC.webp,¥2.11,$0.25,,Amateur Recital UNL-207/219 Foiled CN ¥2.11 EN $0.25
2026-09-22T20:02:46+00:00,https://bilgewatermarket.com/cards,Amateur Recital,nonfoil,0.06,https://bilgewatermarket.com/cards/UNL-207,normal,https://bilgewatermarket.com/assets/UNL-207-EN-C4fKtPbC.webp,¥0.56,$0.06,,Amateur Recital UNL-207/219 CN ¥0.56 EN $0.06
2026-09-22T20:02:46+00:00,https://bilgewatermarket.com/cards,Black Flame Altar,foil,0.24,https://bilgewatermarket.com/cards/UNL-208?print_variation=foiled,foiled,https://bilgewatermarket.com/assets/UNL-208-EN-BFfUgtpR.webp,¥1.16,$0.24,,Black Flame Altar UNL-208/219 Foiled CN ¥1.16 EN $0.24
2026-09-22T20:02:46+00:00,https://bilgewatermarket.com/cards,Black Flame Altar,nonfoil,0.08,https://bilgewatermarket.com/cards/UNL-208,normal,https://bilgewatermarket.com/assets/UNL-208-EN-BFfUgtpR.webp,¥0.55,$0.08,,Black Flame Altar UNL-208/219 CN ¥0.55 EN $0.08
2026-09-22T20:02:46+00:00,https://bilgewatermarket.com/cards,Dusk Rose Lab,foil,0.25,https://bilgewatermarket.com/cards/UNL-209?print_variation=foiled,foiled,https://bilgewatermarket.com/assets/UNL-209-EN-BuBON7qI.webp,¥2.98,$0.25,,Dusk Rose Lab UNL-209/219 Foiled CN ¥2.98 EN $0.25
2026-09-22T20:02:46+00:00,https://bilgewatermarket.com/cards,Dusk Rose Lab,nonfoil,0.07,https://bilgewatermarket.com/cards/UNL-209,normal,https://bilgewatermarket.com/assets/UNL-209-EN-BuBON7qI.webp,¥0.70,$0.07,,Dusk Rose Lab UNL-209/219 CN ¥0.70 EN $0.07
2026-09-22T20:02:46+00:00,https://bilgewatermarket.com/cards,Forbidding Waste,foil,0.32,https://bilgewatermarket.com/cards/UNL-210?print_variation=foiled,foiled,https://bilgewatermarket.com/assets/UNL-210-EN--IbLa7Sk.webp,¥2.51,$0.32,,Forbidding Waste UNL-210/219 Foiled CN ¥2.51 EN $0.32
2026-09-22T20:02:46+00:00,https://bilgewatermarket.com/cards,Forbidding Waste,nonfoil,0.16,https://bilgewatermarket.com/cards/UNL-210,normal,https://bilgewatermarket.com/assets/UNL-210-EN--IbLa7Sk.webp,¥0.67,$0.16,,Forbidding Waste UNL-210/219 CN ¥0.67 EN $0.16
2026-09-22T20:02:46+00:00,https://bilgewatermarket.com/cards,Forgotten Library,foil,0.18,https://bilgewatermarket.com/cards/UNL-211?print_variation=foiled,foiled,https://bilgewatermarket.com/assets/UNL-211-EN-7oK7vflT.webp,¥1.40,$0.18,,Forgotten Library UNL-211/219 Foiled CN ¥1.40 EN $0.18
2026-09-22T20:02:46+00:00,https://bilgewatermarket.com/cards,Forgotten Library,nonfoil,0.07,https://bilgewatermarket.com/cards/UNL-211,normal,https://bilgewatermarket.com/assets/UNL-211-EN-7oK7vflT.webp,¥0.50,$0.07,,Forgotten Library UNL-211/219 CN ¥0.50 EN $0.07
2026-09-22T20:02:46+00:00,https://bilgewatermarket.com/cards,Frozen Fortress,foil,0.28,https://bilgewatermarket.com/cards/UNL-212?print_variation=foiled,foiled,https://bilgewatermarket.com/assets/UNL-212-EN-DiwGxiqY.webp,¥1.57,$0.28,,Frozen Fortress UNL-212/219 Foiled CN ¥1.57 EN $0.28
2026-09-22T20:02:46+00:00,https://bilgewatermarket.com/cards,Frozen Fortress,nonfoil,0.10,https://bilgewatermarket.com/cards/UNL-212,normal,https://bilgewatermarket.com/assets/UNL-212-EN-DiwGxiqY.webp,¥0.64,$0.10,,Frozen Fortress UNL-212/219 CN ¥0.64 EN $0.10
2026-09-22T20:02:46+00:00,https://bilgewatermarket.com/cards,Gardens of Becoming,foil,0.24,https://bilgewatermarket.com/cards/UNL-213?print_variation=foiled,foiled,https://bilgewatermarket.com/assets/UNL-213-EN-CX1vd13o.webp,¥1.16,$0.24,,Gardens of Becoming UNL-213/219 Foiled CN ¥1.16 EN $0.24
2026-09-22T20:02:46+00:00,https://bilgewatermarket.com/cards,Gardens of Becoming,nonfoil,0.06,https://bilgewatermarket.com/cards/UNL-213,normal,https://bilgewatermarket.com/assets/UNL-213-EN-CX1vd13o.webp,¥0.50,$0.06,,Gardens of Becoming UNL-213/219 CN ¥0.50 EN $0.06
2026-09-22T20:02:46+00:00,https://bilgewatermarket.com/cards,Ripper's Bay,foil,0.25,https://bilgewatermarket.com/cards/UNL-214?print_variation=foiled,foiled,https://bilgewatermarket.com/assets/UNL-214-EN-Ny9KFUes.webp,¥1.04,$0.25,,Ripper's Bay UNL-214/219 Foiled CN ¥1.04 EN $0.25
2026-09-22T20:02:46+00:00,https://bilgewatermarket.com/cards,Ripper's Bay,nonfoil,0.07,https://bilgewatermarket.com/cards/UNL-214,normal,https://bilgewatermarket.com/assets/UNL-214-EN-Ny9KFUes.webp,¥0.51,$0.07,,Ripper's Bay UNL-214/219 CN ¥0.51 EN $0.07
2026-09-22T20:02:46+00:00,https://bilgewatermarket.com/cards,Star Spring,foil,0.39,https://bilgewatermarket.com/cards/UNL-215?print_variation=foiled,foiled,https://bilgewatermarket.com/assets/UNL-215-EN-CkgDq3o1.webp,¥3.40,$0.39,,Star Spring UNL-215/219 Foiled CN ¥3.40 EN $0.39
2026-09-22T20:02:46+00:00,https://bilgewatermarket.com/cards,Star Spring,nonfoil,0.11,https://bilgewatermarket.com/cards/UNL-215,normal,https://bilgewatermarket.com/assets/UNL-215-EN-CkgDq3o1.webp,¥0.73,$0.11,,Star Spring UNL-215/219 CN ¥0.73 EN $0.11
2026-09-22T20:02:46+00:00,https://bilgewatermarket.com/cards,The Academy,foil,0.19,https://bilgewatermarket.com/cards/UNL-216?print_variation=foiled,foiled,https://bilgewatermarket.com/assets/UNL-216-EN-C6l-ju5k.webp,¥0.52,$0.19,,The Academy UNL-216/219 Foiled CN ¥0.52 EN $0.19
2026-09-22T20:02:46+00:00,https://bilgewatermarket.com/cards,The Academy,nonfoil,0.05,https://bilgewatermarket.com/cards/UNL-216,normal,https://bilgewatermarket.com/assets/UNL-216-EN-C6l-ju5k.webp,¥0.59,$0.05,,The Academy UNL-216/219 CN ¥0.59 EN $0.05
2026-09-22T20:02:46+00:00,https://bilgewatermarket.com/cards,Trapping Grounds,foil,0.17,https://bilgewatermarket.com/cards/UNL-217?print_variation=foiled,foiled,https://bilgewatermarket.com/assets/UNL-217-EN-BWCfkzuB.webp,¥1.05,$0.17,,Trapping Grounds UNL-217/219 Foiled CN ¥1.05 EN $0.17
2026-09-22T20:02:46+00:00,https://bilgewatermarket.com/cards,Trapping Grounds,nonfoil,0.06,https://bilgewatermarket.com/cards/UNL-217,normal,https://bilgewatermarket.com/assets/UNL-217-EN-BWCfkzuB.webp,¥0.50,$0.06,,Trapping Grounds UNL-217/219 CN ¥0.50 EN $0.06
2026-09-22T20:02:46+00:00,https://bilgewatermarket.com/cards,Valley of Idols,foil,0.23,https://bilgewatermarket.com/cards/UNL-218?print_variation=foiled,foiled,https://bilgewatermarket.com/assets/UNL-218-EN-8C6J9Tai.webp,¥1.93,$0.23,,Valley of Idols UNL-218/219 Foiled CN ¥1.93 EN $0.23
2026-09-22T20:02:46+00:00,https://bilgewatermarket.com/cards,Valley of Idols,nonfoil,0.07,https://bilgewatermarket.com/cards/UNL-218,normal,https://bilgewatermarket.com/assets/UNL-218-EN-8C6J9Tai.webp,¥0.58,$0.07,,Valley of Idols UNL-218/219 CN ¥0.58 EN $0.07
2026-09-22T20:02:46+00:00,https://bilgewatermarket.com/cards,Vaults of Helia,foil,0.19,https://bilgewatermarket.com/cards/UNL-219?print_variation=foiled,foiled,https://bilgewatermarket.com/assets/UNL-219-EN-KP4dsgM_.webp,¥1.71,$0.19,,Vaults of Helia UNL-219/219 Foiled CN ¥1.71 EN $0.19
2026-09-22T20:02:46+00:00,https://bilgewatermarket.com/cards,Vaults of Helia,nonfoil,0.05,https://bilgewatermarket.com/cards/UNL-219,normal,https://bilgewatermarket.com/assets/UNL-219-EN-KP4dsgM_.webp,¥0.65,$0.05,,Vaults of Helia UNL-219/219 CN ¥0.65 EN $0.05
2026-09-22T20:02:46+00:00,https://bilgewatermarket.com/cards,Pouty Poro,nonfoil,178.20,https://bilgewatermarket.com/cards/UNL-220?print_variation=showcase,showcase,https://bilgewatermarket.com/assets/UNL-220-EN-BU3HFBrU.webp,¥196.42,$178.20,,Pouty Poro UNL-220/219 Showcase CN ¥196.42 EN $178.20
2026-09-22T20:02:46+00:00,https://bilgewatermarket.com/cards,Lonely Poro,nonfoil,342.98,https://bilgewatermarket.com/cards/UNL-221?print_variation=showcase,showcase,https://bilgewatermarket.com/assets/UNL-221-EN-BuQVYFZY.webp,¥470.76,$342.98,,Lonely Poro UNL-221/219 Showcase CN ¥470.76 EN $342.98
2026-09-22T20:02:46+00:00,https://bilgewatermarket.com/cards,Plundering Poro,nonfoil,192.42,https://bilgewatermarket.com/cards/UNL-222?print_variation=showcase,showcase,https://bilgewatermarket.com/assets/UNL-222-EN-BFFWmkuO.webp,¥330.45,$192.42,,Plundering Poro UNL-222/219 Showcase CN ¥330.45 EN $192.42
2026-09-22T20:02:46+00:00,https://bilgewatermarket.com/cards,Veteran Poro,nonfoil,165.36,https://bilgewatermarket.com/cards/UNL-223?print_variation=showcase,showcase,https://bilgewatermarket.com/assets/UNL-223-EN-DjYUB0Qh.webp,¥151.09,$165.36,,Veteran Poro UNL-223/219 Showcase CN ¥151.09 EN $165.36
2026-09-22T20:02:46+00:00,https://bilgewatermarket.com/cards,Mystic Poro,nonfoil,180.06,https://bilgewatermarket.com/cards/UNL-224?print_variation=showcase,showcase,https://bilgewatermarket.com/assets/UNL-224-EN-CBO2fcyz.webp,¥199.25,$180.06,,Mystic Poro UNL-224/219 Showcase CN ¥199.25 EN $180.06
2026-09-22T20:02:46+00:00,https://bilgewatermarket.com/cards,Daring Poro,nonfoil,151.60,https://bilgewatermarket.com/cards/UNL-225?print_variation=showcase,showcase,https://bilgewatermarket.com/assets/UNL-225-EN-BTiJoP5C.webp,¥200.72,$151.60,,Daring Poro UNL-225/219 Showcase CN ¥200.72 EN $151.60
2026-09-22T20:02:46+00:00,https://bilgewatermarket.com/cards,"Jhin, Virtuoso",nonfoil,69.80,https://bilgewatermarket.com/cards/UNL-226?print_variation=showcase,showcase,https://bilgewatermarket.com/assets/UNL-226-EN-LeTYYDjl.webp,¥67.73,$69.80,,"Jhin, Virtuoso UNL-226/219 Showcase CN ¥67.73 EN $69.80"
2026-09-22T20:02:46+00:00,https://bilgewatermarket.com/cards,"Rengar, Pridestalker",nonfoil,115.18,https://bilgewatermarket.com/cards/UNL-227?print_variation=showcase,showcase,https://bilgewatermarket.com/assets/UNL-227-EN-It77lMx2.webp,¥97.21,$115.18,,"Rengar, Pridestalker UNL-227/219 Showcase CN ¥97.21 EN $115.18"
2026-09-22T20:02:46+00:00,https://bilgewatermarket.com/cards,"Pyke, Bloodharbor Ripper",nonfoil,96.77,https://bilgewatermarket.com/cards/UNL-228?print_variation=showcase,showcase,https://bilgewatermarket.com/assets/UNL-228-EN-B_4X0rcx.webp,¥103.60,$96.77,,"Pyke, Bloodharbor Ripper UNL-228/219 Showcase CN ¥103.60 EN $96.77"
2026-09-22T20:02:46+00:00,https://bilgewatermarket.com/cards,"Vi, Piltover Enforcer",nonfoil,91.16,https://bilgewatermarket.com/cards/UNL-229?print_variation=showcase,showcase,https://bilgewatermarket.com/assets/UNL-229-EN-DMaA_WrZ.webp,¥88.70,$91.16,,"Vi, Piltover Enforcer UNL-229/219 Showcase CN ¥88.70 EN $91.16"
2026-09-22T20:02:46+00:00,https://bilgewatermarket.com/cards,"Lillia, Bashful Bloom",nonfoil,79.90,https://bilgewatermarket.com/cards/UNL-230?print_variation=showcase,showcase,https://bilgewatermarket.com/assets/UNL-230-EN-HFfdZJFb.webp,¥91.61,$79.90,,"Lillia, Bashful Bloom UNL-230/219 Showcase CN ¥91.61 EN $79.90"
2026-09-22T20:02:46+00:00,https://bilgewatermarket.com/cards,"Master Yi, Wuju Master",nonfoil,51.27,https://bilgewatermarket.com/cards/UNL-231?print_variation=showcase,showcase,https://bilgewatermarket.com/assets/UNL-231-EN-DtYBY2xr.webp,¥100.03,$51.27,,"Master Yi, Wuju Master UNL-231/219 Showcase CN ¥100.03 EN $51.27"
2026-09-22T20:02:46+00:00,https://bilgewatermarket.com/cards,"Vex, Gloomist",nonfoil,109.15,https://bilgewatermarket.com/cards/UNL-232?print_variation=showcase,showcase,https://bilgewatermarket.com/assets/UNL-232-EN-BYXRnHrj.webp,¥316.68,$109.15,,"Vex, Gloomist UNL-232/219 Showcase CN ¥316.68 EN $109.15"
2026-09-22T20:02:46+00:00,https://bilgewatermarket.com/cards,"Ivern, Green Father",nonfoil,65.00,https://bilgewatermarket.com/cards/UNL-233?print_variation=showcase,showcase,https://bilgewatermarket.com/assets/UNL-233-EN-CeEkAtl7.webp,¥51.28,$65.00,,"Ivern, Green Father UNL-233/219 Showcase CN ¥51.28 EN $65.00"
2026-09-22T20:02:46+00:00,https://bilgewatermarket.com/cards,"Diana, Scorn of the Moon",nonfoil,237.64,https://bilgewatermarket.com/cards/UNL-234?print_variation=showcase,showcase,https://bilgewatermarket.com/assets/UNL-234-EN-jyyftaCH.webp,¥330.13,$237.64,,"Diana, Scorn of the Moon UNL-234/219 Showcase CN ¥330.13 EN $237.64"
2026-09-22T20:02:46+00:00,https://bilgewatermarket.com/cards,"LeBlanc, Deceiver",nonfoil,215.60,https://bilgewatermarket.com/cards/UNL-235?print_variation=showcase,showcase,https://bilgewatermarket.com/assets/UNL-235-EN-xrKLyHRv.webp,¥213.92,$215.60,,"LeBlanc, Deceiver UNL-235/219 Showcase CN ¥213.92 EN $215.60"
2026-09-22T20:02:46+00:00,https://bilgewatermarket.com/cards,"Kha'Zix, Voidreaver",nonfoil,112.41,https://bilgewatermarket.com/cards/UNL-236?print_variation=showcase,showcase,https://bilgewatermarket.com/assets/UNL-236-EN-uQp0Dv5x.webp,¥91.30,$112.41,,"Kha'Zix, Voidreaver UNL-236/219 Showcase CN ¥91.30 EN $112.41"
2026-09-22T20:02:46+00:00,https://bilgewatermarket.com/cards,"Poppy, Keeper of the Hammer",nonfoil,45.31,https://bilgewatermarket.com/cards/UNL-237?print_variation=showcase,showcase,https://bilgewatermarket.com/assets/UNL-237-EN-BPuD6POI.webp,¥52.09,$45.31,,"Poppy, Keeper of the Hammer UNL-237/219 Showcase CN ¥52.09 EN $45.31"
2026-09-22T20:02:46+00:00,https://bilgewatermarket.com/cards,Baron Nashor,nonfoil,1828.46,https://bilgewatermarket.com/cards/UNL-238?print_variation=showcase,showcase,https://bilgewatermarket.com/assets/UNL-238-EN-Dch1B17l.webp,"¥7,383.89","$1,828.46",,"Baron Nashor UNL-238/219 Showcase CN ¥7,383.89 EN $1,828.46"
2026-09-22T20:02:46+00:00,https://bilgewatermarket.com/cards,Against the Odds,foil,0.27,https://bilgewatermarket.com/cards/SFD-001?print_variation=foiled,foiled,https://bilgewatermarket.com/assets/SFD-001-EN-BFpb8lmI.jpg,¥1.71,$0.27,,Against the Odds SFD-001/221 Foiled CN ¥1.71 EN $0.27
2026-09-22T20:02:46+00:00,https://bilgewatermarket.com/cards,Against the Odds,nonfoil,0.11,https://bilgewatermarket.com/cards/SFD-001,normal,https://bilgewatermarket.com/assets/SFD-001-EN-BFpb8lmI.jpg,¥0.51,$0.11,,Against the Odds SFD-001/221 CN ¥0.51 EN $0.11
2026-09-22T20:02:46+00:00,https://bilgewatermarket.com/cards,Armed Assailant,foil,0.14,https://bilgewatermarket.com/cards/SFD-002?print_variation=foiled,foiled,https://bilgewatermarket.com/assets/SFD-002-EN-p5lNE6jO.jpg,¥0.50,$0.14,,Armed Assailant SFD-002/221 Foiled CN ¥0.50 EN $0.14
2026-09-22T20:02:46+00:00,https://bilgewatermarket.com/cards,Armed Assailant,nonfoil,0.04,https://bilgewatermarket.com/cards/SFD-002,normal,https://bilgewatermarket.com/assets/SFD-002-EN-p5lNE6jO.jpg,¥0.30,$0.04,,Armed Assailant SFD-002/221 CN ¥0.30 EN $0.04
2026-09-22T20:02:46+00:00,https://bilgewatermarket.com/cards,Blood Rush,foil,0.27,https://bilgewatermarket.com/cards/SFD-003?print_variation=foiled,foiled,https://bilgewatermarket.com/assets/SFD-003-EN-Dk4rhHcM.jpg,¥1.18,$0.27,,Blood Rush SFD-003/221 Foiled CN ¥1.18 EN $0.27
2026-09-22T20:02:46+00:00,https://bilgewatermarket.com/cards,Blood Rush,nonfoil,0.09,https://bilgewatermarket.com/cards/SFD-003,normal,https://bilgewatermarket.com/assets/SFD-003-EN-Dk4rhHcM.jpg,¥0.53,$0.09,,Blood Rush SFD-003/221 CN ¥0.53 EN $0.09
2026-09-22T20:02:46+00:00,https://bilgewatermarket.com/cards,Bushwhack,foil,0.22,https://bilgewatermarket.com/cards/SFD-004?print_variation=foiled,foiled,https://bilgewatermarket.com/assets/SFD-004-EN-CMjg6u9O.jpg,¥0.64,$0.22,,Bushwhack SFD-004/221 Foiled CN ¥0.64 EN $0.22
2026-09-22T20:02:46+00:00,https://bilgewatermarket.com/cards,Bushwhack,nonfoil,0.06,https://bilgewatermarket.com/cards/SFD-004,normal,https://bilgewatermarket.com/assets/SFD-004-EN-CMjg6u9O.jpg,¥0.51,$0.06,,Bushwhack SFD-004/221 CN ¥0.51 EN $0.06
2026-09-22T20:02:46+00:00,https://bilgewatermarket.com/cards,Detonate,foil,0.25,https://bilgewatermarket.com/cards/SFD-005?print_variation=foiled,foiled,https://bilgewatermarket.com/assets/SFD-005-EN-DSLMILlk.jpg,¥0.55,$0.25,,Detonate SFD-005/221 Foiled CN ¥0.55 EN $0.25
2026-09-22T20:02:46+00:00,https://bilgewatermarket.com/cards,Detonate,nonfoil,0.07,https://bilgewatermarket.com/cards/SFD-005,normal,https://bilgewatermarket.com/assets/SFD-005-EN-DSLMILlk.jpg,¥0.55,$0.07,,Detonate SFD-005/221 CN ¥0.55 EN $0.07
2026-09-22T20:02:46+00:00,https://bilgewatermarket.com/cards,Eager Drakehound,foil,0.19,https://bilgewatermarket.com/cards/SFD-006?print_variation=foiled,foiled,https://bilgewatermarket.com/assets/SFD-006-EN-BrJLWNrD.jpg,¥0.50,$0.19,,Eager Drakehound SFD-006/221 Foiled CN ¥0.50 EN $0.19
2026-09-22T20:02:46+00:00,https://bilgewatermarket.com/cards,Eager Drakehound,nonfoil,0.05,https://bilgewatermarket.com/cards/SFD-006,normal,https://bilgewatermarket.com/assets/SFD-006-EN-BrJLWNrD.jpg,¥0.50,$0.05,,Eager Drakehound SFD-006/221 CN ¥0.50 EN $0.05
2026-09-22T20:02:46+00:00,https://bilgewatermarket.com/cards,Gem Jammer,foil,0.22,https://bilgewatermarket.com/cards/SFD-007?print_variation=foiled,foiled,https://bilgewatermarket.com/assets/SFD-007-EN-BNfcC7-B.jpg,¥0.75,$0.22,,Gem Jammer SFD-007/221 Foiled CN ¥0.75 EN $0.22
2026-09-22T20:02:46+00:00,https://bilgewatermarket.com/cards,Gem Jammer,nonfoil,0.08,https://bilgewatermarket.com/cards/SFD-007,normal,https://bilgewatermarket.com/assets/SFD-007-EN-BNfcC7-B.jpg,¥0.50,$0.08,,Gem Jammer SFD-007/221 CN ¥0.50 EN $0.08
2026-09-22T20:02:46+00:00,https://bilgewatermarket.com/cards,Sentinel Adept,foil,0.20,https://bilgewatermarket.com/cards/SFD-008?print_variation=foiled,foiled,https://bilgewatermarket.com/assets/SFD-008-EN-xDDBtw5Y.jpg,¥0.50,$0.20,,Sentinel Adept SFD-008/221 Foiled CN ¥0.50 EN $0.20
2026-09-22T20:02:46+00:00,https://bilgewatermarket.com/cards,Sentinel Adept,nonfoil,0.05,https://bilgewatermarket.com/cards/SFD-008,normal,https://bilgewatermarket.com/assets/SFD-008-EN-xDDBtw5Y.jpg,¥0.50,$0.05,,Sentinel Adept SFD-008/221 CN ¥0.50 EN $0.05
2026-09-22T20:02:46+00:00,https://bilgewatermarket.com/cards,Serrated Dirk,foil,0.20,https://bilgewatermarket.com/cards/SFD-009?print_variation=foiled,foiled,https://bilgewatermarket.com/assets/SFD-009-EN-B-OT2bsM.jpg,¥0.50,$0.20,,Serrated Dirk SFD-009/221 Foiled CN ¥0.50 EN $0.20
2026-09-22T20:02:46+00:00,https://bilgewatermarket.com/cards,Serrated Dirk,nonfoil,0.08,https://bilgewatermarket.com/cards/SFD-009,normal,https://bilgewatermarket.com/assets/SFD-009-EN-B-OT2bsM.jpg,¥0.50,$0.08,,Serrated Dirk SFD-009/221 CN ¥0.50 EN $0.08
2026-09-22T20:02:46+00:00,https://bilgewatermarket.com/cards,Void Drone,foil,0.20,https://bilgewatermarket.com/cards/SFD-010?print_variation=foiled,foiled,https://bilgewatermarket.com/assets/SFD-010-EN-B1im6mgC.jpg,¥0.54,$0.20,,Void Drone SFD-010/221 Foiled CN ¥0.54 EN $0.20
2026-09-22T20:02:46+00:00,https://bilgewatermarket.com/cards,Void Drone,nonfoil,0.07,https://bilgewatermarket.com/cards/SFD-010,normal,https://bilgewatermarket.com/assets/SFD-010-EN-B1im6mgC.jpg,¥0.50,$0.07,,Void Drone SFD-010/221 CN ¥0.50 EN $0.07
2026-09-22T20:02:46+00:00,https://bilgewatermarket.com/cards,Angle Shot,foil,0.25,https://bilgewatermarket.com/cards/SFD-011?print_variation=foiled,foiled,https://bilgewatermarket.com/assets/SFD-011-EN-5f9ma-PY.jpg,¥1.34,$0.25,,Angle Shot SFD-011/221 Foiled CN ¥1.34 EN $0.25
2026-09-22T20:02:46+00:00,https://bilgewatermarket.com/cards,Angle Shot,nonfoil,0.08,https://bilgewatermarket.com/cards/SFD-011,normal,https://bilgewatermarket.com/assets/SFD-011-EN-5f9ma-PY.jpg,¥0.60,$0.08,,Angle Shot SFD-011/221 CN ¥0.60 EN $0.08
2026-09-22T20:02:46+00:00,https://bilgewatermarket.com/cards,Battering Ram,foil,0.42,https://bilgewatermarket.com/cards/SFD-012?print_variation=foiled,foiled,https://bilgewatermarket.com/assets/SFD-012-EN-6Sj70Pjz.jpg,¥1.53,$0.42,,Battering Ram SFD-012/221 Foiled CN ¥1.53 EN $0.42
2026-09-22T20:02:46+00:00,https://bilgewatermarket.com/cards,Battering Ram,nonfoil,0.13,https://bilgewatermarket.com/cards/SFD-012,normal,https://bilgewatermarket.com/assets/SFD-012-EN-6Sj70Pjz.jpg,¥0.52,$0.13,,Battering Ram SFD-012/221 CN ¥0.52 EN $0.13
2026-09-22T20:02:46+00:00,https://bilgewatermarket.com/cards,Blast Corps Cadet,foil,0.21,https://bilgewatermarket.com/cards/SFD-013?print_variation=foiled,foiled,https://bilgewatermarket.com/assets/SFD-013-EN-C-T_q2XE.jpg,¥0.50,$0.21,,Blast Corps Cadet SFD-013/221 Foiled CN ¥0.50 EN $0.21
2026-09-22T20:02:46+00:00,https://bilgewatermarket.com/cards,Blast Corps Cadet,nonfoil,0.09,https://bilgewatermarket.com/cards/SFD-013,normal,https://bilgewatermarket.com/assets/SFD-013-EN-C-T_q2XE.jpg,¥0.50,$0.09,,Blast Corps Cadet SFD-013/221 CN ¥0.50 EN $0.09
2026-09-22T20:02:46+00:00,https://bilgewatermarket.com/cards,Minotaur Reckoner,foil,0.31,https://bilgewatermarket.com/cards/SFD-014?print_variation=foiled,foiled,https://bilgewatermarket.com/assets/SFD-014-EN-B-kpq3T5.jpg,¥1.10,$0.31,,Minotaur Reckoner SFD-014/221 Foiled CN ¥1.10 EN $0.31
2026-09-22T20:02:46+00:00,https://bilgewatermarket.com/cards,Minotaur Reckoner,nonfoil,0.09,https://bilgewatermarket.com/cards/SFD-014,normal,https://bilgewatermarket.com/assets/SFD-014-EN-B-kpq3T5.jpg,¥0.50,$0.09,,Minotaur Reckoner SFD-014/221 CN ¥0.50 EN $0.09
2026-09-22T20:02:46+00:00,https://bilgewatermarket.com/cards,Perched Grimwyrm,foil,0.22,https://bilgewatermarket.com/cards/SFD-015?print_variation=foiled,foiled,https://bilgewatermarket.com/assets/SFD-015-EN-DqbsTd7E.jpg,¥0.60,$0.22,,Perched Grimwyrm SFD-015/221 Foiled CN ¥0.60 EN $0.22
2026-09-22T20:02:46+00:00,https://bilgewatermarket.com/cards,Perched Grimwyrm,nonfoil,0.10,https://bilgewatermarket.com/cards/SFD-015,normal,https://bilgewatermarket.com/assets/SFD-015-EN-DqbsTd7E.jpg,¥0.50,$0.10,,Perched Grimwyrm SFD-015/221 CN ¥0.50 EN $0.10
2026-09-22T20:02:46+00:00,https://bilgewatermarket.com/cards,Recurve Bow,foil,0.21,https://bilgewatermarket.com/cards/SFD-016?print_variation=foiled,foiled,https://bilgewatermarket.com/assets/SFD-016-EN-DQkT5Opa.jpg,¥0.52,$0.21,,Recurve Bow SFD-016/221 Foiled CN ¥0.52 EN $0.21
2026-09-22T20:02:46+00:00,https://bilgewatermarket.com/cards,Recurve Bow,nonfoil,0.11,https://bilgewatermarket.com/cards/SFD-016,normal,https://bilgewatermarket.com/assets/SFD-016-EN-DQkT5Opa.jpg,¥0.50,$0.11,,Recurve Bow SFD-016/221 CN ¥0.50 EN $0.11
2026-09-22T20:02:46+00:00,https://bilgewatermarket.com/cards,Sudden Storm,foil,0.28,https://bilgewatermarket.com/cards/SFD-017?print_variation=foiled,foiled,https://bilgewatermarket.com/assets/SFD-017-EN-BK5N42lM.jpg,¥0.54,$0.28,,Sudden Storm SFD-017/221 Foiled CN ¥0.54 EN $0.28
2026-09-22T20:02:46+00:00,https://bilgewatermarket.com/cards,Sudden Storm,nonfoil,0.11,https://bilgewatermarket.com/cards/SFD-017,normal,https://bilgewatermarket.com/assets/SFD-017-EN-BK5N42lM.jpg,¥0.50,$0.11,,Sudden Storm SFD-017/221 CN ¥0.50 EN $0.11
2026-09-22T20:02:46+00:00,https://bilgewatermarket.com/cards,Void Hatchling,foil,0.28,https://bilgewatermarket.com/cards/SFD-018?print_variation=foiled,foiled,https://bilgewatermarket.com/assets/SFD-018-EN-BmdzoQJT.jpg,¥0.80,$0.28,,Void Hatchling SFD-018/221 Foiled CN ¥0.80 EN $0.28
2026-09-22T20:02:46+00:00,https://bilgewatermarket.com/cards,Void Hatchling,nonfoil,0.09,https://bilgewatermarket.com/cards/SFD-018,normal,https://bilgewatermarket.com/assets/SFD-018-EN-BmdzoQJT.jpg,¥0.50,$0.09,,Void Hatchling SFD-018/221 CN ¥0.50 EN $0.09
2026-09-22T20:02:46+00:00,https://bilgewatermarket.com/cards,Assembly Rig,nonfoil,0.18,https://bilgewatermarket.com/cards/SFD-019,normal,https://bilgewatermarket.com/assets/SFD-019-EN-Db9nnn7g.jpg,¥0.50,$0.18,,Assembly Rig SFD-019/221 CN ¥0.50 EN $0.18
2026-09-22T20:02:46+00:00,https://bilgewatermarket.com/cards,"Draven, Vanquisher",nonfoil,0.24,https://bilgewatermarket.com/cards/SFD-020,normal,https://bilgewatermarket.com/assets/SFD-020-EN-TBdmCQGg.jpg,¥0.51,$0.24,,"BANNED Draven, Vanquisher SFD-020/221 CN ¥0.51 EN $0.24"
2026-09-22T20:02:46+00:00,https://bilgewatermarket.com/cards,"Draven, Vanquisher",nonfoil,2.02,https://bilgewatermarket.com/cards/SFD-020a?print_variation=showcase,showcase,https://bilgewatermarket.com/assets/SFD-020a-EN-BcyEVAuX.jpg,¥1.14,$2.02,,"BANNED Draven, Vanquisher SFD-020A/221 Showcase CN ¥1.14 EN $2.02"
2026-09-22T20:02:46+00:00,https://bilgewatermarket.com/cards,Ferrous Forerunner,nonfoil,2.48,https://bilgewatermarket.com/cards/SFD-021,normal,https://bilgewatermarket.com/assets/SFD-021-EN-5Qmhkz1S.jpg,¥2.45,$2.48,,Ferrous Forerunner SFD-021/221 CN ¥2.45 EN $2.48
2026-09-22T20:02:46+00:00,https://bilgewatermarket.com/cards,Long Sword,nonfoil,0.41,https://bilgewatermarket.com/cards/SFD-022,normal,https://bilgewatermarket.com/assets/SFD-022-EN-YbFX3fQ2.jpg,¥1.14,$0.41,,Long Sword SFD-022/221 CN ¥1.14 EN $0.41
2026-09-22T20:02:46+00:00,https://bilgewatermarket.com/cards,Piercing Light,nonfoil,0.26,https://bilgewatermarket.com/cards/SFD-023,normal,https://bilgewatermarket.com/assets/SFD-023-EN-BqFCDf32.jpg,¥1.19,$0.26,,Piercing Light SFD-023/221 CN ¥1.19 EN $0.26
2026-09-22T20:02:46+00:00,https://bilgewatermarket.com/cards,"Rell, Magnetic",nonfoil,0.20,https://bilgewatermarket.com/cards/SFD-024,normal,https://bilgewatermarket.com/assets/SFD-024-EN-B5IK6b0-.jpg,¥0.50,$0.20,,"Rell, Magnetic SFD-024/221 CN ¥0.50 EN $0.20"
2026-09-22T20:02:46+00:00,https://bilgewatermarket.com/cards,"Rengar, Pouncing",nonfoil,0.66,https://bilgewatermarket.com/cards/SFD-025,normal,https://bilgewatermarket.com/assets/SFD-025-EN-DwBeHyLw.jpg,¥0.69,$0.66,,"Rengar, Pouncing SFD-025/221 CN ¥0.69 EN $0.66"
2026-09-22T20:02:46+00:00,https://bilgewatermarket.com/cards,"Rumble, Hotheaded",nonfoil,0.26,https://bilgewatermarket.com/cards/SFD-026,normal,https://bilgewatermarket.com/assets/SFD-026-EN-D82yvB8K.jpg,¥0.55,$0.26,,"Rumble, Hotheaded SFD-026/221 CN ¥0.55 EN $0.26"
2026-09-22T20:02:46+00:00,https://bilgewatermarket.com/cards,"Rumble, Hotheaded",nonfoil,1.12,https://bilgewatermarket.com/cards/SFD-026a?print_variation=showcase,showcase,https://bilgewatermarket.com/assets/SFD-026a-EN-BssuS5ud.jpg,¥1.71,$1.12,,"Rumble, Hotheaded SFD-026A/221 Showcase CN ¥1.71 EN $1.12"
2026-09-22T20:02:46+00:00,https://bilgewatermarket.com/cards,Dunebreaker,nonfoil,1.06,https://bilgewatermarket.com/cards/SFD-027,normal,https://bilgewatermarket.com/assets/SFD-027-EN-Cr2ZQdTY.jpg,¥4.00,$1.06,,Dunebreaker SFD-027/221 CN ¥4.00 EN $1.06
2026-09-22T20:02:46+00:00,https://bilgewatermarket.com/cards,"Lucian, Gunslinger",nonfoil,0.69,https://bilgewatermarket.com/cards/SFD-028,normal,https://bilgewatermarket.com/assets/SFD-028-EN-BHngvG56.jpg,¥1.00,$0.69,,"Lucian, Gunslinger SFD-028/221 CN ¥1.00 EN $0.69"
2026-09-22T20:02:46+00:00,https://bilgewatermarket.com/cards,"Lucian, Gunslinger",nonfoil,1.35,https://bilgewatermarket.com/cards/SFD-028a?print_variation=showcase,showcase,https://bilgewatermarket.com/assets/SFD-028a-EN-2ZqfLj5j.jpg,¥1.30,$1.35,,"Lucian, Gunslinger SFD-028A/221 Showcase CN ¥1.30 EN $1.35"
2026-09-22T20:02:46+00:00,https://bilgewatermarket.com/cards,"Rek'Sai, Breacher",nonfoil,7.85,https://bilgewatermarket.com/cards/SFD-029,normal,https://bilgewatermarket.com/assets/SFD-029-EN-Dy1luUnR.jpg,¥4.40,$7.85,,"Rek'Sai, Breacher SFD-029/221 CN ¥4.40 EN $7.85"
2026-09-22T20:02:46+00:00,https://bilgewatermarket.com/cards,"Rek'Sai, Breacher",nonfoil,9.28,https://bilgewatermarket.com/cards/SFD-029a?print_variation=showcase,showcase,https://bilgewatermarket.com/assets/SFD-029a-EN-B_hxEtl4.jpg,¥6.96,$9.28,,"Rek'Sai, Breacher SFD-029A/221 Showcase CN ¥6.96 EN $9.28"
2026-09-22T20:02:46+00:00,https://bilgewatermarket.com/cards,Skyfall of Areion,nonfoil,4.11,https://bilgewatermarket.com/cards/SFD-030,normal,https://bilgewatermarket.com/assets/SFD-030-EN-BoSygp9y.jpg,¥5.76,$4.11,,Skyfall of Areion SFD-030/221 CN ¥5.76 EN $4.11
2026-09-22T20:02:46+00:00,https://bilgewatermarket.com/cards,Desert's Call,foil,0.28,https://bilgewatermarket.com/cards/SFD-031?print_variation=foiled,foiled,https://bilgewatermarket.com/assets/SFD-031-EN-BXVrWN10.jpg,¥1.02,$0.28,,Desert's Call SFD-031/221 Foiled CN ¥1.02 EN $0.28
2026-09-22T20:02:46+00:00,https://bilgewatermarket.com/cards,Desert's Call,nonfoil,0.12,https://bilgewatermarket.com/cards/SFD-031,normal,https://bilgewatermarket.com/assets/SFD-031-EN-BXVrWN10.jpg,¥0.50,$0.12,,Desert's Call SFD-031/221 CN ¥0.50 EN $0.12
2026-09-22T20:02:46+00:00,https://bilgewatermarket.com/cards,Disarming Rake,foil,0.49,https://bilgewatermarket.com/cards/SFD-032?print_variation=foiled,foiled,https://bilgewatermarket.com/assets/SFD-032-EN-D89KB-1-.jpg,¥1.76,$0.49,,Disarming Rake SFD-032/221 Foiled CN ¥1.76 EN $0.49
2026-09-22T20:02:46+00:00,https://bilgewatermarket.com/cards,Disarming Rake,nonfoil,0.14,https://bilgewatermarket.com/cards/SFD-032,normal,https://bilgewatermarket.com/assets/SFD-032-EN-D89KB-1-.jpg,¥0.59,$0.14,,Disarming Rake SFD-032/221 CN ¥0.59 EN $0.14
2026-09-22T20:02:46+00:00,https://bilgewatermarket.com/cards,Doran's Shield,foil,0.27,https://bilgewatermarket.com/cards/SFD-033?print_variation=foiled,foiled,https://bilgewatermarket.com/assets/SFD-033-EN-CmVKaPlZ.jpg,¥0.87,$0.27,,Doran's Shield SFD-033/221 Foiled CN ¥0.87 EN $0.27
2026-09-22T20:02:46+00:00,https://bilgewatermarket.com/cards,Doran's Shield,nonfoil,0.08,https://bilgewatermarket.com/cards/SFD-033,normal,https://bilgewatermarket.com/assets/SFD-033-EN-CmVKaPlZ.jpg,¥0.52,$0.08,,Doran's Shield SFD-033/221 CN ¥0.52 EN $0.08
2026-09-22T20:02:46+00:00,https://bilgewatermarket.com/cards,Feral Strength,foil,0.20,https://bilgewatermarket.com/cards/SFD-034?print_variation=foiled,foiled,https://bilgewatermarket.com/assets/SFD-034-EN-Bz6xVcXR.jpg,¥0.54,$0.20,,Feral Strength SFD-034/221 Foiled CN ¥0.54 EN $0.20
2026-09-22T20:02:46+00:00,https://bilgewatermarket.com/cards,Feral Strength,nonfoil,0.09,https://bilgewatermarket.com/cards/SFD-034,normal,https://bilgewatermarket.com/assets/SFD-034-EN-Bz6xVcXR.jpg,¥0.51,$0.09,,Feral Strength SFD-034/221 CN ¥0.51 EN $0.09
2026-09-22T20:02:46+00:00,https://bilgewatermarket.com/cards,Guardian of the Passage,foil,0.18,https://bilgewatermarket.com/cards/SFD-035?print_variation=foiled,foiled,https://bilgewatermarket.com/assets/SFD-035-EN-BibuowUN.jpg,¥0.50,$0.18,,Guardian of the Passage SFD-035/221 Foiled CN ¥0.50 EN $0.18
2026-09-22T20:02:46+00:00,https://bilgewatermarket.com/cards,Guardian of the Passage,nonfoil,0.08,https://bilgewatermarket.com/cards/SFD-035,normal,https://bilgewatermarket.com/assets/SFD-035-EN-BibuowUN.jpg,¥0.50,$0.08,,Guardian of the Passage SFD-035/221 CN ¥0.50 EN $0.08
2026-09-22T20:02:46+00:00,https://bilgewatermarket.com/cards,Lonely Poro,foil,0.67,https://bilgewatermarket.com/cards/SFD-036?print_variation=foiled,foiled,https://bilgewatermarket.com/assets/SFD-036-EN-f_DNln-c.jpg,¥2.23,$0.67,,Lonely Poro SFD-036/221 Foiled CN ¥2.23 EN $0.67
2026-09-22T20:02:46+00:00,https://bilgewatermarket.com/cards,Lonely Poro,nonfoil,0.19,https://bilgewatermarket.com/cards/SFD-036,normal,https://bilgewatermarket.com/assets/SFD-036-EN-f_DNln-c.jpg,¥0.58,$0.19,,Lonely Poro SFD-036/221 CN ¥0.58 EN $0.19
2026-09-22T20:02:46+00:00,https://bilgewatermarket.com/cards,Navori Scout,foil,0.16,https://bilgewatermarket.com/cards/SFD-037?print_variation=foiled,foiled,https://bilgewatermarket.com/assets/SFD-037-EN-Ddn6971-.jpg,¥0.50,$0.16,,Navori Scout SFD-037/221 Foiled CN ¥0.50 EN $0.16
2026-09-22T20:02:46+00:00,https://bilgewatermarket.com/cards,Navori Scout,nonfoil,0.05,https://bilgewatermarket.com/cards/SFD-037,normal,https://bilgewatermarket.com/assets/SFD-037-EN-Ddn6971-.jpg,¥0.50,$0.05,,Navori Scout SFD-037/221 CN ¥0.50 EN $0.05
2026-09-22T20:02:46+00:00,https://bilgewatermarket.com/cards,Ribbon Dancer,foil,0.15,https://bilgewatermarket.com/cards/SFD-038?print_variation=foiled,foiled,https://bilgewatermarket.com/assets/SFD-038-EN-_8Wp4S2X.jpg,¥0.50,$0.15,,Ribbon Dancer SFD-038/221 Foiled CN ¥0.50 EN $0.15
2026-09-22T20:02:46+00:00,https://bilgewatermarket.com/cards,Ribbon Dancer,nonfoil,0.06,https://bilgewatermarket.com/cards/SFD-038,normal,https://bilgewatermarket.com/assets/SFD-038-EN-_8Wp4S2X.jpg,¥0.33,$0.06,,Ribbon Dancer SFD-038/221 CN ¥0.33 EN $0.06
2026-09-22T20:02:46+00:00,https://bilgewatermarket.com/cards,Royal Entourage,foil,0.19,https://bilgewatermarket.com/cards/SFD-039?print_variation=foiled,foiled,https://bilgewatermarket.com/assets/SFD-039-EN-B5y6TWaO.jpg,¥0.50,$0.19,,Royal Entourage SFD-039/221 Foiled CN ¥0.50 EN $0.19
2026-09-22T20:02:46+00:00,https://bilgewatermarket.com/cards,Royal Entourage,nonfoil,0.03,https://bilgewatermarket.com/cards/SFD-039,normal,https://bilgewatermarket.com/assets/SFD-039-EN-B5y6TWaO.jpg,¥0.30,$0.03,,Royal Entourage SFD-039/221 CN ¥0.30 EN $0.03
2026-09-22T20:02:46+00:00,https://bilgewatermarket.com/cards,Thwonk!,foil,0.24,https://bilgewatermarket.com/cards/SFD-040?print_variation=foiled,foiled,https://bilgewatermarket.com/assets/SFD-040-EN-Cwt2PqZP.jpg,¥1.00,$0.24,,Thwonk! SFD-040/221 Foiled CN ¥1.00 EN $0.24
2026-09-22T20:02:46+00:00,https://bilgewatermarket.com/cards,Thwonk!,nonfoil,0.08,https://bilgewatermarket.com/cards/SFD-040,normal,https://bilgewatermarket.com/assets/SFD-040-EN-Cwt2PqZP.jpg,¥0.50,$0.08,,Thwonk! SFD-040/221 CN ¥0.50 EN $0.08
2026-09-22T20:02:46+00:00,https://bilgewatermarket.com/cards,Apprentice Smith,foil,0.28,https://bilgewatermarket.com/cards/SFD-041?print_variation=foiled,foiled,https://bilgewatermarket.com/assets/SFD-041-EN-CJvMwxFG.jpg,¥0.63,$0.28,,Apprentice Smith SFD-041/221 Foiled CN ¥0.63 EN $0.28
2026-09-22T20:02:46+00:00,https://bilgewatermarket.com/cards,Apprentice Smith,nonfoil,0.10,https://bilgewatermarket.com/cards/SFD-041,normal,https://bilgewatermarket.com/assets/SFD-041-EN-CJvMwxFG.jpg,¥0.50,$0.10,,Apprentice Smith SFD-041/221 CN ¥0.50 EN $0.10
2026-09-22T20:02:46+00:00,https://bilgewatermarket.com/cards,Brutalizer,foil,1.46,https://bilgewatermarket.com/cards/SFD-042?print_variation=foiled,foiled,https://bilgewatermarket.com/assets/SFD-042-EN-CiUHZ4Gc.jpg,¥2.58,$1.46,,Brutalizer SFD-042/221 Foiled CN ¥2.58 EN $1.46
2026-09-22T20:02:46+00:00,https://bilgewatermarket.com/cards,Brutalizer,nonfoil,0.37,https://bilgewatermarket.com/cards/SFD-042,normal,https://bilgewatermarket.com/assets/SFD-042-EN-CiUHZ4Gc.jpg,¥1.39,$0.37,,Brutalizer SFD-042/221 CN ¥1.39 EN $0.37
2026-09-22T20:02:46+00:00,https://bilgewatermarket.com/cards,Emperor's Divide,foil,1.17,https://bilgewatermarket.com/cards/SFD-043?print_variation=foiled,foiled,https://bilgewatermarket.com/assets/SFD-043-EN-BhtuGwbJ.jpg,¥2.77,$1.17,,Emperor's Divide SFD-043/221 Foiled CN ¥2.77 EN $1.17
2026-09-22T20:02:46+00:00,https://bilgewatermarket.com/cards,Emperor's Divide,nonfoil,0.36,https://bilgewatermarket.com/cards/SFD-043,normal,https://bilgewatermarket.com/assets/SFD-043-EN-BhtuGwbJ.jpg,¥1.19,$0.36,,Emperor's Divide SFD-043/221 CN ¥1.19 EN $0.36
2026-09-22T20:02:46+00:00,https://bilgewatermarket.com/cards,Legion Quartermaster,foil,0.24,https://bilgewatermarket.com/cards/SFD-044?print_variation=foiled,foiled,https://bilgewatermarket.com/assets/SFD-044-EN-CEEtQxxt.jpg,¥0.64,$0.24,,Legion Quartermaster SFD-044/221 Foiled CN ¥0.64 EN $0.24
2026-09-22T20:02:46+00:00,https://bilgewatermarket.com/cards,Legion Quartermaster,nonfoil,0.09,https://bilgewatermarket.com/cards/SFD-044,normal,https://bilgewatermarket.com/assets/SFD-044-EN-CEEtQxxt.jpg,¥0.50,$0.09,,Legion Quartermaster SFD-044/221 CN ¥0.50 EN $0.09
2026-09-22T20:02:46+00:00,https://bilgewatermarket.com/cards,Not So Fast,foil,3.79,https://bilgewatermarket.com/cards/SFD-045?print_variation=foiled,foiled,https://bilgewatermarket.com/assets/SFD-045-EN--JRHO4tX.jpg,¥8.38,$3.79,,Not So Fast SFD-045/221 Foiled CN ¥8.38 EN $3.79
2026-09-22T20:02:46+00:00,https://bilgewatermarket.com/cards,Not So Fast,nonfoil,1.35,https://bilgewatermarket.com/cards/SFD-045,normal,https://bilgewatermarket.com/assets/SFD-045-EN--JRHO4tX.jpg,¥2.92,$1.35,,Not So Fast SFD-045/221 CN ¥2.92 EN $1.35
2026-09-22T20:02:46+00:00,https://bilgewatermarket.com/cards,Poro Snax,foil,0.45,https://bilgewatermarket.com/cards/SFD-046?print_variation=foiled,foiled,https://bilgewatermarket.com/assets/SFD-046-EN-BDitKWVB.jpg,¥1.28,$0.45,,Poro Snax SFD-046/221 Foiled CN ¥1.28 EN $0.45
2026-09-22T20:02:46+00:00,https://bilgewatermarket.com/cards,Poro Snax,nonfoil,0.20,https://bilgewatermarket.com/cards/SFD-046,normal,https://bilgewatermarket.com/assets/SFD-046-EN-BDitKWVB.jpg,¥0.54,$0.20,,Poro Snax SFD-046/221 CN ¥0.54 EN $0.20
2026-09-22T20:02:46+00:00,https://bilgewatermarket.com/cards,Simian Ancestor,foil,0.17,https://bilgewatermarket.com/cards/SFD-047?print_variation=foiled,foiled,https://bilgewatermarket.com/assets/SFD-047-EN-DxIZtOP2.jpg,¥0.50,$0.17,,Simian Ancestor SFD-047/221 Foiled CN ¥0.50 EN $0.17
2026-09-22T20:02:46+00:00,https://bilgewatermarket.com/cards,Simian Ancestor,nonfoil,0.10,https://bilgewatermarket.com/cards/SFD-047,normal,https://bilgewatermarket.com/assets/SFD-047-EN-DxIZtOP2.jpg,¥0.32,$0.10,,Simian Ancestor SFD-047/221 CN ¥0.32 EN $0.10
2026-09-22T20:02:46+00:00,https://bilgewatermarket.com/cards,Stellacorn Herder,foil,2.41,https://bilgewatermarket.com/cards/SFD-048?print_variation=foiled,foiled,https://bilgewatermarket.com/assets/SFD-048-EN-C15-C8QU.jpg,¥3.59,$2.41,,Stellacorn Herder SFD-048/221 Foiled CN ¥3.59 EN $2.41
2026-09-22T20:02:46+00:00,https://bilgewatermarket.com/cards,Stellacorn Herder,nonfoil,1.15,https://bilgewatermarket.com/cards/SFD-048,normal,https://bilgewatermarket.com/assets/SFD-048-EN-C15-C8QU.jpg,¥1.31,$1.15,,Stellacorn Herder SFD-048/221 CN ¥1.31 EN $1.15
2026-09-22T20:02:46+00:00,https://bilgewatermarket.com/cards,"Aphelios, Exalted",nonfoil,0.27,https://bilgewatermarket.com/cards/SFD-049,normal,https://bilgewatermarket.com/assets/SFD-049-EN-CfL7UahE.jpg,¥0.52,$0.27,,"Aphelios, Exalted SFD-049/221 CN ¥0.52 EN $0.27"
2026-09-22T20:02:46+00:00,https://bilgewatermarket.com/cards,"Azir, Ascendant",nonfoil,0.20,https://bilgewatermarket.com/cards/SFD-050,normal,https://bilgewatermarket.com/assets/SFD-050-EN-DS8DQi5a.jpg,¥0.53,$0.20,,"Azir, Ascendant SFD-050/221 CN ¥0.53 EN $0.20"
2026-09-22T20:02:46+00:00,https://bilgewatermarket.com/cards,"Azir, Ascendant",nonfoil,0.84,https://bilgewatermarket.com/cards/SFD-050a?print_variation=showcase,showcase,https://bilgewatermarket.com/assets/SFD-050a-EN-BU2RTaeW.jpg,¥2.28,$0.84,,"Azir, Ascendant SFD-050A/221 Showcase CN ¥2.28 EN $0.84"
2026-09-22T20:02:46+00:00,https://bilgewatermarket.com/cards,Guardian Angel,nonfoil,0.83,https://bilgewatermarket.com/cards/SFD-051,normal,https://bilgewatermarket.com/assets/SFD-051-EN-Bv55qoS8.jpg,¥3.97,$0.83,,Guardian Angel SFD-051/221 CN ¥3.97 EN $0.83
2026-09-22T20:02:46+00:00,https://bilgewatermarket.com/cards,Heart of Dark Ice,nonfoil,0.35,https://bilgewatermarket.com/cards/SFD-052,normal,https://bilgewatermarket.com/assets/SFD-052-EN-BeoxypYN.jpg,¥1.16,$0.35,,Heart of Dark Ice SFD-052/221 CN ¥1.16 EN $0.35
2026-09-22T20:02:46+00:00,https://bilgewatermarket.com/cards,"Janna, Savior",nonfoil,0.45,https://bilgewatermarket.com/cards/SFD-053,normal,https://bilgewatermarket.com/assets/SFD-053-EN-NJLKVsDP.jpg,¥1.28,$0.45,,"Janna, Savior SFD-053/221 CN ¥1.28 EN $0.45"
2026-09-22T20:02:46+00:00,https://bilgewatermarket.com/cards,"Jax, Unmatched",nonfoil,0.25,https://bilgewatermarket.com/cards/SFD-054,normal,https://bilgewatermarket.com/assets/SFD-054-EN-D7I0RpAZ.jpg,¥0.52,$0.25,,"Jax, Unmatched SFD-054/221 CN ¥0.52 EN $0.25"
2026-09-22T20:02:46+00:00,https://bilgewatermarket.com/cards,"Jax, Unmatched",nonfoil,1.25,https://bilgewatermarket.com/cards/SFD-054a?print_variation=showcase,showcase,https://bilgewatermarket.com/assets/SFD-054a-EN-BFcUXrht.jpg,¥2.99,$1.25,,"Jax, Unmatched SFD-054A/221 Showcase CN ¥2.99 EN $1.25"
2026-09-22T20:02:46+00:00,https://bilgewatermarket.com/cards,Needlessly Large Yordle,nonfoil,0.13,https://bilgewatermarket.com/cards/SFD-055,normal,https://bilgewatermarket.com/assets/SFD-055-EN-7wjMZbXP.jpg,¥0.50,$0.13,,Needlessly Large Yordle SFD-055/221 CN ¥0.50 EN $0.13
2026-09-22T20:02:46+00:00,https://bilgewatermarket.com/cards,Sterak's Gage,nonfoil,0.36,https://bilgewatermarket.com/cards/SFD-056,normal,https://bilgewatermarket.com/assets/SFD-056-EN-DAOlzGZ_.jpg,¥0.93,$0.36,,Sterak's Gage SFD-056/221 CN ¥0.93 EN $0.36
2026-09-22T20:02:46+00:00,https://bilgewatermarket.com/cards,"Irelia, Fervent",nonfoil,24.92,https://bilgewatermarket.com/cards/SFD-057,normal,https://bilgewatermarket.com/assets/SFD-057-EN-CfJkyyx3.jpg,¥29.04,$24.92,,"Irelia, Fervent SFD-057/221 CN ¥29.04 EN $24.92"
2026-09-22T20:02:46+00:00,https://bilgewatermarket.com/cards,"Irelia, Fervent",nonfoil,27.69,https://bilgewatermarket.com/cards/SFD-057a?print_variation=showcase,showcase,https://bilgewatermarket.com/assets/SFD-057a-EN-DGxfrF-0.jpg,¥34.91,$27.69,,"Irelia, Fervent SFD-057A/221 Showcase CN ¥34.91 EN $27.69"
2026-09-22T20:02:46+00:00,https://bilgewatermarket.com/cards,"Ornn, Blacksmith",nonfoil,1.90,https://bilgewatermarket.com/cards/SFD-058,normal,https://bilgewatermarket.com/assets/SFD-058-EN-DDc7ajpt.jpg,¥1.31,$1.90,,"Ornn, Blacksmith SFD-058/221 CN ¥1.31 EN $1.90"
2026-09-22T20:02:46+00:00,https://bilgewatermarket.com/cards,"Ornn, Blacksmith",nonfoil,3.13,https://bilgewatermarket.com/cards/SFD-058a?print_variation=showcase,showcase,https://bilgewatermarket.com/assets/SFD-058a-EN-D_Glg_83.jpg,¥3.24,$3.13,,"Ornn, Blacksmith SFD-058A/221 Showcase CN ¥3.24 EN $3.13"
2026-09-22T20:02:46+00:00,https://bilgewatermarket.com/cards,Svellsongur,nonfoil,11.27,https://bilgewatermarket.com/cards/SFD-059,normal,https://bilgewatermarket.com/assets/SFD-059-EN-Cmb9RxTm.jpg,¥22.92,$11.27,,Svellsongur SFD-059/221 CN ¥22.92 EN $11.27
2026-09-22T20:02:46+00:00,https://bilgewatermarket.com/cards,Tianna Crownguard,nonfoil,2.04,https://bilgewatermarket.com/cards/SFD-060,normal,https://bilgewatermarket.com/assets/SFD-060-EN-L9czvAQk.jpg,¥4.08,$2.04,,Tianna Crownguard SFD-060/221 CN ¥4.08 EN $2.04
2026-09-22T20:02:46+00:00,https://bilgewatermarket.com/cards,Aspiring Engineer,foil,0.26,https://bilgewatermarket.com/cards/SFD-061?print_variation=foiled,foiled,https://bilgewatermarket.com/assets/SFD-061-EN-BR5_eTm_.jpg,¥0.55,$0.26,,Aspiring Engineer SFD-061/221 Foiled CN ¥0.55 EN $0.26
2026-09-22T20:02:46+00:00,https://bilgewatermarket.com/cards,Aspiring Engineer,nonfoil,0.06,https://bilgewatermarket.com/cards/SFD-061,normal,https://bilgewatermarket.com/assets/SFD-061-EN-BR5_eTm_.jpg,¥0.52,$0.06,,Aspiring Engineer SFD-061/221 CN ¥0.52 EN $0.06
2026-09-22T20:02:46+00:00,https://bilgewatermarket.com/cards,Bubble Bot,foil,0.23,https://bilgewatermarket.com/cards/SFD-062?print_variation=foiled,foiled,https://bilgewatermarket.com/assets/SFD-062-EN-ttM-yAEg.jpg,¥0.50,$0.23,,Bubble Bot SFD-062/221 Foiled CN ¥0.50 EN $0.23
2026-09-22T20:02:46+00:00,https://bilgewatermarket.com/cards,Bubble Bot,nonfoil,0.11,https://bilgewatermarket.com/cards/SFD-062,normal,https://bilgewatermarket.com/assets/SFD-062-EN-ttM-yAEg.jpg,¥0.50,$0.11,,Bubble Bot SFD-062/221 CN ¥0.50 EN $0.11
2026-09-22T20:02:46+00:00,https://bilgewatermarket.com/cards,Chemtech Cask,foil,0.24,https://bilgewatermarket.com/cards/SFD-063?print_variation=foiled,foiled,https://bilgewatermarket.com/assets/SFD-063-EN-B_EMAVhk.jpg,¥0.53,$0.24,,Chemtech Cask SFD-063/221 Foiled CN ¥0.53 EN $0.24
2026-09-22T20:02:46+00:00,https://bilgewatermarket.com/cards,Chemtech Cask,nonfoil,0.06,https://bilgewatermarket.com/cards/SFD-063,normal,https://bilgewatermarket.com/assets/SFD-063-EN-B_EMAVhk.jpg,¥0.50,$0.06,,Chemtech Cask SFD-063/221 CN ¥0.50 EN $0.06
2026-09-22T20:02:46+00:00,https://bilgewatermarket.com/cards,Cloth Armor,foil,0.21,https://bilgewatermarket.com/cards/SFD-064?print_variation=foiled,foiled,https://bilgewatermarket.com/assets/SFD-064-EN-dUzFsmPC.jpg,¥0.58,$0.21,,Cloth Armor SFD-064/221 Foiled CN ¥0.58 EN $0.21
2026-09-22T20:02:46+00:00,https://bilgewatermarket.com/cards,Cloth Armor,nonfoil,0.06,https://bilgewatermarket.com/cards/SFD-064,normal,https://bilgewatermarket.com/assets/SFD-064-EN-dUzFsmPC.jpg,¥0.51,$0.06,,Cloth Armor SFD-064/221 CN ¥0.51 EN $0.06
2026-09-22T20:02:46+00:00,https://bilgewatermarket.com/cards,Forecaster,foil,0.19,https://bilgewatermarket.com/cards/SFD-065?print_variation=foiled,foiled,https://bilgewatermarket.com/assets/SFD-065-EN-D5kdl4DS.jpg,¥1.07,$0.19,,Forecaster SFD-065/221 Foiled CN ¥1.07 EN $0.19
2026-09-22T20:02:46+00:00,https://bilgewatermarket.com/cards,Forecaster,nonfoil,0.05,https://bilgewatermarket.com/cards/SFD-065,normal,https://bilgewatermarket.com/assets/SFD-065-EN-D5kdl4DS.jpg,¥0.51,$0.05,,Forecaster SFD-065/221 CN ¥0.51 EN $0.05
2026-09-22T20:02:46+00:00,https://bilgewatermarket.com/cards,Frigid Touch,foil,0.26,https://bilgewatermarket.com/cards/SFD-066?print_variation=foiled,foiled,https://bilgewatermarket.com/assets/SFD-066-EN-BCLthVSQ.jpg,¥0.85,$0.26,,Frigid Touch SFD-066/221 Foiled CN ¥0.85 EN $0.26
2026-09-22T20:02:46+00:00,https://bilgewatermarket.com/cards,Frigid Touch,nonfoil,0.06,https://bilgewatermarket.com/cards/SFD-066,normal,https://bilgewatermarket.com/assets/SFD-066-EN-BCLthVSQ.jpg,¥0.53,$0.06,,Frigid Touch SFD-066/221 CN ¥0.53 EN $0.06
2026-09-22T20:02:46+00:00,https://bilgewatermarket.com/cards,Frostcoat Cub,foil,0.16,https://bilgewatermarket.com/cards/SFD-067?print_variation=foiled,foiled,https://bilgewatermarket.com/assets/SFD-067-EN-CmlgccZ3.jpg,¥0.50,$0.16,,Frostcoat Cub SFD-067/221 Foiled CN ¥0.50 EN $0.16
2026-09-22T20:02:46+00:00,https://bilgewatermarket.com/cards,Frostcoat Cub,nonfoil,0.05,https://bilgewatermarket.com/cards/SFD-067,normal,https://bilgewatermarket.com/assets/SFD-067-EN-CmlgccZ3.jpg,¥0.31,$0.05,,Frostcoat Cub SFD-067/221 CN ¥0.31 EN $0.05
2026-09-22T20:02:46+00:00,https://bilgewatermarket.com/cards,Gearhead,foil,0.21,https://bilgewatermarket.com/cards/SFD-068?print_variation=foiled,foiled,https://bilgewatermarket.com/assets/SFD-068-EN-C3cBhpOf.jpg,¥0.50,$0.21,,Gearhead SFD-068/221 Foiled CN ¥0.50 EN $0.21
2026-09-22T20:02:46+00:00,https://bilgewatermarket.com/cards,Gearhead,nonfoil,0.05,https://bilgewatermarket.com/cards/SFD-068,normal,https://bilgewatermarket.com/assets/SFD-068-EN-C3cBhpOf.jpg,¥0.50,$0.05,,Gearhead SFD-068/221 CN ¥0.50 EN $0.05
2026-09-22T20:02:46+00:00,https://bilgewatermarket.com/cards,Plundering Poro,foil,0.49,https://bilgewatermarket.com/cards/SFD-069?print_variation=foiled,foiled,https://bilgewatermarket.com/assets/SFD-069-EN-YK56v1jc.jpg,¥1.53,$0.49,,Plundering Poro SFD-069/221 Foiled CN ¥1.53 EN $0.49
2026-09-22T20:02:46+00:00,https://bilgewatermarket.com/cards,Plundering Poro,nonfoil,0.14,https://bilgewatermarket.com/cards/SFD-069,normal,https://bilgewatermarket.com/assets/SFD-069-EN-YK56v1jc.jpg,¥0.52,$0.14,,Plundering Poro SFD-069/221 CN ¥0.52 EN $0.14
2026-09-22T20:02:46+00:00,https://bilgewatermarket.com/cards,Wages of Pain,foil,0.74,https://bilgewatermarket.com/cards/SFD-070?print_variation=foiled,foiled,https://bilgewatermarket.com/assets/SFD-070-EN-D6Q0YJ3Z.jpg,¥1.81,$0.74,,Wages of Pain SFD-070/221 Foiled CN ¥1.81 EN $0.74
2026-09-22T20:02:46+00:00,https://bilgewatermarket.com/cards,Wages of Pain,nonfoil,0.15,https://bilgewatermarket.com/cards/SFD-070,normal,https://bilgewatermarket.com/assets/SFD-070-EN-D6Q0YJ3Z.jpg,¥0.53,$0.15,,Wages of Pain SFD-070/221 CN ¥0.53 EN $0.15
2026-09-22T20:02:46+00:00,https://bilgewatermarket.com/cards,Breakneck Mech,foil,0.28,https://bilgewatermarket.com/cards/SFD-071?print_variation=foiled,foiled,https://bilgewatermarket.com/assets/SFD-071-EN-CpuTdraG.jpg,¥0.50,$0.28,,Breakneck Mech SFD-071/221 Foiled CN ¥0.50 EN $0.28
2026-09-22T20:02:46+00:00,https://bilgewatermarket.com/cards,Breakneck Mech,nonfoil,0.10,https://bilgewatermarket.com/cards/SFD-071,normal,https://bilgewatermarket.com/assets/SFD-071-EN-CpuTdraG.jpg,¥0.50,$0.10,,Breakneck Mech SFD-071/221 CN ¥0.50 EN $0.10
2026-09-22T20:02:46+00:00,https://bilgewatermarket.com/cards,Dropboarder,foil,0.32,https://bilgewatermarket.com/cards/SFD-072?print_variation=foiled,foiled,https://bilgewatermarket.com/assets/SFD-072-EN-B1QqDaIg.jpg,¥0.61,$0.32,,Dropboarder SFD-072/221 Foiled CN ¥0.61 EN $0.32
2026-09-22T20:02:46+00:00,https://bilgewatermarket.com/cards,Dropboarder,nonfoil,0.12,https://bilgewatermarket.com/cards/SFD-072,normal,https://bilgewatermarket.com/assets/SFD-072-EN-B1QqDaIg.jpg,¥0.50,$0.12,,Dropboarder SFD-072/221 CN ¥0.50 EN $0.12
2026-09-22T20:02:46+00:00,https://bilgewatermarket.com/cards,Experimental Hexplate,foil,0.29,https://bilgewatermarket.com/cards/SFD-073?print_variation=foiled,foiled,https://bilgewatermarket.com/assets/SFD-073-EN-hKyuwMRd.jpg,¥0.55,$0.29,,Experimental Hexplate SFD-073/221 Foiled CN ¥0.55 EN $0.29
2026-09-22T20:02:46+00:00,https://bilgewatermarket.com/cards,Experimental Hexplate,nonfoil,0.09,https://bilgewatermarket.com/cards/SFD-073,normal,https://bilgewatermarket.com/assets/SFD-073-EN-hKyuwMRd.jpg,¥0.50,$0.09,,Experimental Hexplate SFD-073/221 CN ¥0.50 EN $0.09
2026-09-22T20:02:46+00:00,https://bilgewatermarket.com/cards,Pickpocket,foil,1.32,https://bilgewatermarket.com/cards/SFD-074?print_variation=foiled,foiled,https://bilgewatermarket.com/assets/SFD-074-EN-DOoWpIam.jpg,¥1.48,$1.32,,Pickpocket SFD-074/221 Foiled CN ¥1.48 EN $1.32
2026-09-22T20:02:46+00:00,https://bilgewatermarket.com/cards,Pickpocket,nonfoil,0.25,https://bilgewatermarket.com/cards/SFD-074,normal,https://bilgewatermarket.com/assets/SFD-074-EN-DOoWpIam.jpg,¥0.61,$0.25,,Pickpocket SFD-074/221 CN ¥0.61 EN $0.25
2026-09-22T20:02:46+00:00,https://bilgewatermarket.com/cards,Prize of Progress,foil,0.23,https://bilgewatermarket.com/cards/SFD-075?print_variation=foiled,foiled,https://bilgewatermarket.com/assets/SFD-075-EN-BAZdmt8k.jpg,¥0.70,$0.23,,Prize of Progress SFD-075/221 Foiled CN ¥0.70 EN $0.23
2026-09-22T20:02:46+00:00,https://bilgewatermarket.com/cards,Prize of Progress,nonfoil,0.09,https://bilgewatermarket.com/cards/SFD-075,normal,https://bilgewatermarket.com/assets/SFD-075-EN-BAZdmt8k.jpg,¥0.50,$0.09,,Prize of Progress SFD-075/221 CN ¥0.50 EN $0.09
2026-09-22T20:02:46+00:00,https://bilgewatermarket.com/cards,Production Surge,foil,0.28,https://bilgewatermarket.com/cards/SFD-076?print_variation=foiled,foiled,https://bilgewatermarket.com/assets/SFD-076-EN-DwyiCjwl.jpg,¥0.92,$0.28,,Production Surge SFD-076/221 Foiled CN ¥0.92 EN $0.28
2026-09-22T20:02:46+00:00,https://bilgewatermarket.com/cards,Production Surge,nonfoil,0.10,https://bilgewatermarket.com/cards/SFD-076,normal,https://bilgewatermarket.com/assets/SFD-076-EN-DwyiCjwl.jpg,¥0.53,$0.10,,Production Surge SFD-076/221 CN ¥0.53 EN $0.10
2026-09-22T20:02:46+00:00,https://bilgewatermarket.com/cards,Rocket Barrage,foil,0.85,https://bilgewatermarket.com/cards/SFD-077?print_variation=foiled,foiled,https://bilgewatermarket.com/assets/SFD-077-EN-CYM3X_kM.jpg,¥1.99,$0.85,,Rocket Barrage SFD-077/221 Foiled CN ¥1.99 EN $0.85
2026-09-22T20:02:46+00:00,https://bilgewatermarket.com/cards,Rocket Barrage,nonfoil,0.19,https://bilgewatermarket.com/cards/SFD-077,normal,https://bilgewatermarket.com/assets/SFD-077-EN-CYM3X_kM.jpg,¥0.84,$0.19,,Rocket Barrage SFD-077/221 CN ¥0.84 EN $0.19
2026-09-22T20:02:46+00:00,https://bilgewatermarket.com/cards,Temporal Portal,foil,0.23,https://bilgewatermarket.com/cards/SFD-078?print_variation=foiled,foiled,https://bilgewatermarket.com/assets/SFD-078-EN-DqZX6kjr.jpg,¥0.50,$0.23,,Temporal Portal SFD-078/221 Foiled CN ¥0.50 EN $0.23
2026-09-22T20:02:46+00:00,https://bilgewatermarket.com/cards,Temporal Portal,nonfoil,0.10,https://bilgewatermarket.com/cards/SFD-078,normal,https://bilgewatermarket.com/assets/SFD-078-EN-DqZX6kjr.jpg,¥0.60,$0.10,,Temporal Portal SFD-078/221 CN ¥0.60 EN $0.10
2026-09-22T20:02:46+00:00,https://bilgewatermarket.com/cards,"Bard, Mercurial",nonfoil,0.25,https://bilgewatermarket.com/cards/SFD-079,normal,https://bilgewatermarket.com/assets/SFD-079-EN-Cb5XApGd.jpg,¥0.51,$0.25,,"Bard, Mercurial SFD-079/221 CN ¥0.51 EN $0.25"
2026-09-22T20:02:46+00:00,https://bilgewatermarket.com/cards,Bellows Breath,nonfoil,2.79,https://bilgewatermarket.com/cards/SFD-080,normal,https://bilgewatermarket.com/assets/SFD-080-EN-q4KkoNR0.jpg,¥5.61,$2.79,,Bellows Breath SFD-080/221 CN ¥5.61 EN $2.79
2026-09-22T20:02:46+00:00,https://bilgewatermarket.com/cards,Card Sharp,nonfoil,0.27,https://bilgewatermarket.com/cards/SFD-081,normal,https://bilgewatermarket.com/assets/SFD-081-EN-DrRv1rOQ.jpg,¥1.12,$0.27,,Card Sharp SFD-081/221 CN ¥1.12 EN $0.27
2026-09-22T20:02:46+00:00,https://bilgewatermarket.com/cards,"Ezreal, Dashing",nonfoil,0.24,https://bilgewatermarket.com/cards/SFD-082,normal,https://bilgewatermarket.com/assets/SFD-082-EN-YgYDtU4N.jpg,¥0.50,$0.24,,"Ezreal, Dashing SFD-082/221 CN ¥0.50 EN $0.24"
2026-09-22T20:02:46+00:00,https://bilgewatermarket.com/cards,"Ezreal, Dashing",nonfoil,1.42,https://bilgewatermarket.com/cards/SFD-082a?print_variation=showcase,showcase,https://bilgewatermarket.com/assets/SFD-082a-EN-DXVaa8I9.jpg,¥1.63,$1.42,,"Ezreal, Dashing SFD-082A/221 Showcase CN ¥1.63 EN $1.42"
2026-09-22T20:02:46+00:00,https://bilgewatermarket.com/cards,Hextech Anomaly,nonfoil,0.18,https://bilgewatermarket.com/cards/SFD-083,normal,https://bilgewatermarket.com/assets/SFD-083-EN-BBfc4JUT.jpg,¥0.51,$0.18,,Hextech Anomaly SFD-083/221 CN ¥0.51 EN $0.18
2026-09-22T20:02:46+00:00,https://bilgewatermarket.com/cards,"Jayce, Man of Progress",nonfoil,0.31,https://bilgewatermarket.com/cards/SFD-084,normal,https://bilgewatermarket.com/assets/SFD-084-EN-LvzdCxv8.jpg,¥1.04,$0.31,,"Jayce, Man of Progress SFD-084/221 CN ¥1.04 EN $0.31"
2026-09-22T20:02:46+00:00,https://bilgewatermarket.com/cards,"Ornn, Forge God",nonfoil,0.26,https://bilgewatermarket.com/cards/SFD-085,normal,https://bilgewatermarket.com/assets/SFD-085-EN-Cqt4JJBJ.jpg,¥0.55,$0.26,,"Ornn, Forge God SFD-085/221 CN ¥0.55 EN $0.26"
2026-09-22T20:02:46+00:00,https://bilgewatermarket.com/cards,"Ornn, Forge God",nonfoil,1.87,https://bilgewatermarket.com/cards/SFD-085a?print_variation=showcase,showcase,https://bilgewatermarket.com/assets/SFD-085a-EN-CQskfZaI.jpg,¥3.99,$1.87,,"Ornn, Forge God SFD-085A/221 Showcase CN ¥3.99 EN $1.87"
2026-09-22T20:02:46+00:00,https://bilgewatermarket.com/cards,World Atlas,nonfoil,0.18,https://bilgewatermarket.com/cards/SFD-086,normal,https://bilgewatermarket.com/assets/SFD-086-EN-CHslvxE0.jpg,¥0.51,$0.18,,World Atlas SFD-086/221 CN ¥0.51 EN $0.18
2026-09-22T20:02:46+00:00,https://bilgewatermarket.com/cards,Premonition,nonfoil,6.58,https://bilgewatermarket.com/cards/SFD-087,normal,https://bilgewatermarket.com/assets/SFD-087-EN-DTVC40cu.jpg,¥11.43,$6.58,,Premonition SFD-087/221 CN ¥11.43 EN $6.58
2026-09-22T20:02:46+00:00,https://bilgewatermarket.com/cards,"Renata Glasc, Mastermind",nonfoil,1.02,https://bilgewatermarket.com/cards/SFD-088,normal,https://bilgewatermarket.com/assets/SFD-088-EN-C5Krf7Gi.jpg,¥1.25,$1.02,,"Renata Glasc, Mastermind SFD-088/221 CN ¥1.25 EN $1.02"
2026-09-22T20:02:46+00:00,https://bilgewatermarket.com/cards,"Renata Glasc, Mastermind",nonfoil,2.73,https://bilgewatermarket.com/cards/SFD-088a?print_variation=showcase,showcase,https://bilgewatermarket.com/assets/SFD-088a-EN-BWxuTdu4.jpg,¥3.95,$2.73,,"Renata Glasc, Mastermind SFD-088A/221 Showcase CN ¥3.95 EN $2.73"
2026-09-22T20:02:46+00:00,https://bilgewatermarket.com/cards,"Rumble, Scrapper",nonfoil,0.54,https://bilgewatermarket.com/cards/SFD-089,normal,https://bilgewatermarket.com/assets/SFD-089-EN-CtNx9xd9.jpg,¥1.04,$0.54,,"Rumble, Scrapper SFD-089/221 CN ¥1.04 EN $0.54"
2026-09-22T20:02:46+00:00,https://bilgewatermarket.com/cards,"Rumble, Scrapper",nonfoil,2.19,https://bilgewatermarket.com/cards/SFD-089a?print_variation=showcase,showcase,https://bilgewatermarket.com/assets/SFD-089a-EN-UVeVGNJ-.jpg,¥2.05,$2.19,,"Rumble, Scrapper SFD-089A/221 Showcase CN ¥2.05 EN $2.19"
2026-09-22T20:02:46+00:00,https://bilgewatermarket.com/cards,The Zero Drive,nonfoil,7.06,https://bilgewatermarket.com/cards/SFD-090,normal,https://bilgewatermarket.com/assets/SFD-090-EN-lx9MsAH0.jpg,¥3.54,$7.06,,The Zero Drive SFD-090/221 CN ¥3.54 EN $7.06
2026-09-22T20:02:46+00:00,https://bilgewatermarket.com/cards,Buhru Captain,foil,0.17,https://bilgewatermarket.com/cards/SFD-091?print_variation=foiled,foiled,https://bilgewatermarket.com/assets/SFD-091-EN-Dlp8XR_X.jpg,¥0.50,$0.17,,Buhru Captain SFD-091/221 Foiled CN ¥0.50 EN $0.17
2026-09-22T20:02:46+00:00,https://bilgewatermarket.com/cards,Buhru Captain,nonfoil,0.05,https://bilgewatermarket.com/cards/SFD-091,normal,https://bilgewatermarket.com/assets/SFD-091-EN-Dlp8XR_X.jpg,¥0.50,$0.05,,Buhru Captain SFD-091/221 CN ¥0.50 EN $0.05
2026-09-22T20:02:46+00:00,https://bilgewatermarket.com/cards,Combat Chef,foil,0.12,https://bilgewatermarket.com/cards/SFD-092?print_variation=foiled,foiled,https://bilgewatermarket.com/assets/SFD-092-EN-gjNNOvL0.jpg,¥0.50,$0.12,,Combat Chef SFD-092/221 Foiled CN ¥0.50 EN $0.12
2026-09-22T20:02:46+00:00,https://bilgewatermarket.com/cards,Combat Chef,nonfoil,0.04,https://bilgewatermarket.com/cards/SFD-092,normal,https://bilgewatermarket.com/assets/SFD-092-EN-gjNNOvL0.jpg,¥0.30,$0.04,,Combat Chef SFD-092/221 CN ¥0.30 EN $0.04
2026-09-22T20:02:46+00:00,https://bilgewatermarket.com/cards,Dauntless Vanguard,foil,0.14,https://bilgewatermarket.com/cards/SFD-093?print_variation=foiled,foiled,https://bilgewatermarket.com/assets/SFD-093-EN-DWomr0GK.jpg,¥0.50,$0.14,,Dauntless Vanguard SFD-093/221 Foiled CN ¥0.50 EN $0.14
2026-09-22T20:02:46+00:00,https://bilgewatermarket.com/cards,Dauntless Vanguard,nonfoil,0.07,https://bilgewatermarket.com/cards/SFD-093,normal,https://bilgewatermarket.com/assets/SFD-093-EN-DWomr0GK.jpg,¥0.50,$0.07,,Dauntless Vanguard SFD-093/221 CN ¥0.50 EN $0.07
2026-09-22T20:02:46+00:00,https://bilgewatermarket.com/cards,Direwing,foil,0.21,https://bilgewatermarket.com/cards/SFD-094?print_variation=foiled,foiled,https://bilgewatermarket.com/assets/SFD-094-EN-Bhl6y8ZV.jpg,¥0.50,$0.21,,Direwing SFD-094/221 Foiled CN ¥0.50 EN $0.21
2026-09-22T20:02:46+00:00,https://bilgewatermarket.com/cards,Direwing,nonfoil,0.07,https://bilgewatermarket.com/cards/SFD-094,normal,https://bilgewatermarket.com/assets/SFD-094-EN-Bhl6y8ZV.jpg,¥0.51,$0.07,,Direwing SFD-094/221 CN ¥0.51 EN $0.07
2026-09-22T20:02:46+00:00,https://bilgewatermarket.com/cards,Doran's Blade,foil,0.20,https://bilgewatermarket.com/cards/SFD-095?print_variation=foiled,foiled,https://bilgewatermarket.com/assets/SFD-095-EN-CRta9C0p.jpg,¥0.52,$0.20,,Doran's Blade SFD-095/221 Foiled CN ¥0.52 EN $0.20
2026-09-22T20:02:46+00:00,https://bilgewatermarket.com/cards,Doran's Blade,nonfoil,0.07,https://bilgewatermarket.com/cards/SFD-095,normal,https://bilgewatermarket.com/assets/SFD-095-EN-CRta9C0p.jpg,¥0.50,$0.07,,Doran's Blade SFD-095/221 CN ¥0.50 EN $0.07
2026-09-22T20:02:46+00:00,https://bilgewatermarket.com/cards,Laurent Bladekeeper,foil,0.14,https://bilgewatermarket.com/cards/SFD-096?print_variation=foiled,foiled,https://bilgewatermarket.com/assets/SFD-096-EN-C_TZfFxs.jpg,¥0.50,$0.14,,Laurent Bladekeeper SFD-096/221 Foiled CN ¥0.50 EN $0.14
2026-09-22T20:02:46+00:00,https://bilgewatermarket.com/cards,Laurent Bladekeeper,nonfoil,0.07,https://bilgewatermarket.com/cards/SFD-096,normal,https://bilgewatermarket.com/assets/SFD-096-EN-C_TZfFxs.jpg,¥0.30,$0.07,,Laurent Bladekeeper SFD-096/221 CN ¥0.30 EN $0.07
2026-09-22T20:02:46+00:00,https://bilgewatermarket.com/cards,Punch First,foil,2.47,https://bilgewatermarket.com/cards/SFD-097?print_variation=foiled,foiled,https://bilgewatermarket.com/assets/SFD-097-EN-CqHN1eIf.jpg,¥3.36,$2.47,,Punch First SFD-097/221 Foiled CN ¥3.36 EN $2.47
2026-09-22T20:02:46+00:00,https://bilgewatermarket.com/cards,Punch First,nonfoil,0.25,https://bilgewatermarket.com/cards/SFD-097,normal,https://bilgewatermarket.com/assets/SFD-097-EN-CqHN1eIf.jpg,¥0.64,$0.25,,Punch First SFD-097/221 CN ¥0.64 EN $0.25
2026-09-22T20:02:46+00:00,https://bilgewatermarket.com/cards,Sea Monkey,foil,0.25,https://bilgewatermarket.com/cards/SFD-098?print_variation=foiled,foiled,https://bilgewatermarket.com/assets/SFD-098-EN-B2UMXXPJ.jpg,¥0.80,$0.25,,Sea Monkey SFD-098/221 Foiled CN ¥0.80 EN $0.25
2026-09-22T20:02:46+00:00,https://bilgewatermarket.com/cards,Sea Monkey,nonfoil,0.08,https://bilgewatermarket.com/cards/SFD-098,normal,https://bilgewatermarket.com/assets/SFD-098-EN-B2UMXXPJ.jpg,¥0.57,$0.08,,Sea Monkey SFD-098/221 CN ¥0.57 EN $0.08
2026-09-22T20:02:46+00:00,https://bilgewatermarket.com/cards,Veteran Poro,foil,0.22,https://bilgewatermarket.com/cards/SFD-099?print_variation=foiled,foiled,https://bilgewatermarket.com/assets/SFD-099-EN-Clm0Eidv.jpg,¥0.51,$0.22,,Veteran Poro SFD-099/221 Foiled CN ¥0.51 EN $0.22
2026-09-22T20:02:46+00:00,https://bilgewatermarket.com/cards,Veteran Poro,nonfoil,0.07,https://bilgewatermarket.com/cards/SFD-099,normal,https://bilgewatermarket.com/assets/SFD-099-EN-Clm0Eidv.jpg,¥0.50,$0.07,,Veteran Poro SFD-099/221 CN ¥0.50 EN $0.07
2026-09-22T20:02:46+00:00,https://bilgewatermarket.com/cards,Yordle Explorer,foil,0.14,https://bilgewatermarket.com/cards/SFD-100?print_variation=foiled,foiled,https://bilgewatermarket.com/assets/SFD-100-EN-D5dGaNy_.jpg,¥0.50,$0.14,,Yordle Explorer SFD-100/221 Foiled CN ¥0.50 EN $0.14
2026-09-22T20:02:46+00:00,https://bilgewatermarket.com/cards,Yordle Explorer,nonfoil,0.04,https://bilgewatermarket.com/cards/SFD-100,normal,https://bilgewatermarket.com/assets/SFD-100-EN-D5dGaNy_.jpg,¥0.50,$0.04,,Yordle Explorer SFD-100/221 CN ¥0.50 EN $0.04
2026-09-22T20:02:46+00:00,https://bilgewatermarket.com/cards,Fae Dragon,foil,0.32,https://bilgewatermarket.com/cards/SFD-101?print_variation=foiled,foiled,https://bilgewatermarket.com/assets/SFD-101-EN-C88yOsMJ.jpg,¥0.73,$0.32,,Fae Dragon SFD-101/221 Foiled CN ¥0.73 EN $0.32
2026-09-22T20:02:46+00:00,https://bilgewatermarket.com/cards,Fae Dragon,nonfoil,0.12,https://bilgewatermarket.com/cards/SFD-101,normal,https://bilgewatermarket.com/assets/SFD-101-EN-C88yOsMJ.jpg,¥0.50,$0.12,,Fae Dragon SFD-101/221 CN ¥0.50 EN $0.12
2026-09-22T20:02:46+00:00,https://bilgewatermarket.com/cards,Hexdrinker,foil,0.26,https://bilgewatermarket.com/cards/SFD-102?print_variation=foiled,foiled,https://bilgewatermarket.com/assets/SFD-102-EN-jGY-nlUm.jpg,¥0.60,$0.26,,Hexdrinker SFD-102/221 Foiled CN ¥0.60 EN $0.26
2026-09-22T20:02:46+00:00,https://bilgewatermarket.com/cards,Hexdrinker,nonfoil,0.08,https://bilgewatermarket.com/cards/SFD-102,normal,https://bilgewatermarket.com/assets/SFD-102-EN-jGY-nlUm.jpg,¥0.50,$0.08,,Hexdrinker SFD-102/221 CN ¥0.50 EN $0.08
2026-09-22T20:02:46+00:00,https://bilgewatermarket.com/cards,Jaull-Fish,foil,0.27,https://bilgewatermarket.com/cards/SFD-103?print_variation=foiled,foiled,https://bilgewatermarket.com/assets/SFD-103-EN-BSyet-WB.jpg,¥0.50,$0.27,,Jaull-Fish SFD-103/221 Foiled CN ¥0.50 EN $0.27
2026-09-22T20:02:46+00:00,https://bilgewatermarket.com/cards,Jaull-Fish,nonfoil,0.08,https://bilgewatermarket.com/cards/SFD-103,normal,https://bilgewatermarket.com/assets/SFD-103-EN-BSyet-WB.jpg,¥0.50,$0.08,,Jaull-Fish SFD-103/221 CN ¥0.50 EN $0.08
2026-09-22T20:02:46+00:00,https://bilgewatermarket.com/cards,Petricite Monument,foil,0.21,https://bilgewatermarket.com/cards/SFD-104?print_variation=foiled,foiled,https://bilgewatermarket.com/assets/SFD-104-EN-pTXMeLiJ.jpg,¥0.70,$0.21,,Petricite Monument SFD-104/221 Foiled CN ¥0.70 EN $0.21
2026-09-22T20:02:46+00:00,https://bilgewatermarket.com/cards,Petricite Monument,nonfoil,0.06,https://bilgewatermarket.com/cards/SFD-104,normal,https://bilgewatermarket.com/assets/SFD-104-EN-pTXMeLiJ.jpg,¥0.50,$0.06,,Petricite Monument SFD-104/221 CN ¥0.50 EN $0.06
2026-09-22T20:02:46+00:00,https://bilgewatermarket.com/cards,Ruin Runner,foil,2.76,https://bilgewatermarket.com/cards/SFD-105?print_variation=foiled,foiled,https://bilgewatermarket.com/assets/SFD-105-EN-DhGE1Jkq.jpg,¥4.27,$2.76,,Ruin Runner SFD-105/221 Foiled CN ¥4.27 EN $2.76
2026-09-22T20:02:46+00:00,https://bilgewatermarket.com/cards,Ruin Runner,nonfoil,0.47,https://bilgewatermarket.com/cards/SFD-105,normal,https://bilgewatermarket.com/assets/SFD-105-EN-DhGE1Jkq.jpg,¥1.24,$0.47,,Ruin Runner SFD-105/221 CN ¥1.24 EN $0.47
2026-09-22T20:02:46+00:00,https://bilgewatermarket.com/cards,Show of Strength,foil,0.38,https://bilgewatermarket.com/cards/SFD-106?print_variation=foiled,foiled,https://bilgewatermarket.com/assets/SFD-106-EN-Bu6uspGq.jpg,¥0.72,$0.38,,Show of Strength SFD-106/221 Foiled CN ¥0.72 EN $0.38
2026-09-22T20:02:46+00:00,https://bilgewatermarket.com/cards,Show of Strength,nonfoil,0.13,https://bilgewatermarket.com/cards/SFD-106,normal,https://bilgewatermarket.com/assets/SFD-106-EN-Bu6uspGq.jpg,¥0.51,$0.13,,Show of Strength SFD-106/221 CN ¥0.51 EN $0.13
2026-09-22T20:02:46+00:00,https://bilgewatermarket.com/cards,Strike Down,foil,0.28,https://bilgewatermarket.com/cards/SFD-107?print_variation=foiled,foiled,https://bilgewatermarket.com/assets/SFD-107-EN-C2s9QDaH.jpg,¥0.53,$0.28,,Strike Down SFD-107/221 Foiled CN ¥0.53 EN $0.28
2026-09-22T20:02:46+00:00,https://bilgewatermarket.com/cards,Strike Down,nonfoil,0.08,https://bilgewatermarket.com/cards/SFD-107,normal,https://bilgewatermarket.com/assets/SFD-107-EN-C2s9QDaH.jpg,¥0.50,$0.08,,Strike Down SFD-107/221 CN ¥0.50 EN $0.08
2026-09-22T20:02:46+00:00,https://bilgewatermarket.com/cards,Warmog's Armor,foil,0.26,https://bilgewatermarket.com/cards/SFD-108?print_variation=foiled,foiled,https://bilgewatermarket.com/assets/SFD-108-EN-CNBcYxPh.jpg,¥1.01,$0.26,,Warmog's Armor SFD-108/221 Foiled CN ¥1.01 EN $0.26
2026-09-22T20:02:46+00:00,https://bilgewatermarket.com/cards,Warmog's Armor,nonfoil,0.08,https://bilgewatermarket.com/cards/SFD-108,normal,https://bilgewatermarket.com/assets/SFD-108-EN-CNBcYxPh.jpg,¥0.63,$0.08,,Warmog's Armor SFD-108/221 CN ¥0.63 EN $0.08
2026-09-22T20:02:46+00:00,https://bilgewatermarket.com/cards,"Akshan, Mischievous",nonfoil,0.96,https://bilgewatermarket.com/cards/SFD-109,normal,https://bilgewatermarket.com/assets/SFD-109-EN-FZ-ISCGo.jpg,¥2.49,$0.96,,"Akshan, Mischievous SFD-109/221 CN ¥2.49 EN $0.96"
2026-09-22T20:02:46+00:00,https://bilgewatermarket.com/cards,"Fiora, Peerless",nonfoil,0.20,https://bilgewatermarket.com/cards/SFD-110,normal,https://bilgewatermarket.com/assets/SFD-110-EN-BxdDhCAa.jpg,¥0.64,$0.20,,"Fiora, Peerless SFD-110/221 CN ¥0.64 EN $0.20"
2026-09-22T20:02:46+00:00,https://bilgewatermarket.com/cards,"Fiora, Peerless",nonfoil,3.23,https://bilgewatermarket.com/cards/SFD-110a?print_variation=showcase,showcase,https://bilgewatermarket.com/assets/SFD-110a-EN-BJOr926U.jpg,¥5.58,$3.23,,"Fiora, Peerless SFD-110A/221 Showcase CN ¥5.58 EN $3.23"
2026-09-22T20:02:46+00:00,https://bilgewatermarket.com/cards,Here to Help,nonfoil,0.23,https://bilgewatermarket.com/cards/SFD-111,normal,https://bilgewatermarket.com/assets/SFD-111-EN-DIquvv8l.jpg,¥0.62,$0.23,,Here to Help SFD-111/221 CN ¥0.62 EN $0.23
2026-09-22T20:02:46+00:00,https://bilgewatermarket.com/cards,Kato the Arm,nonfoil,0.15,https://bilgewatermarket.com/cards/SFD-112,normal,https://bilgewatermarket.com/assets/SFD-112-EN-CEcEItCx.jpg,¥0.50,$0.15,,Kato the Arm SFD-112/221 CN ¥0.50 EN $0.15
2026-09-22T20:02:46+00:00,https://bilgewatermarket.com/cards,"Lucian, Merciless",nonfoil,0.30,https://bilgewatermarket.com/cards/SFD-113,normal,https://bilgewatermarket.com/assets/SFD-113-EN-BotdsLvt.jpg,¥0.61,$0.30,,"Lucian, Merciless SFD-113/221 CN ¥0.61 EN $0.30"
2026-09-22T20:02:46+00:00,https://bilgewatermarket.com/cards,"Lucian, Merciless",nonfoil,3.80,https://bilgewatermarket.com/cards/SFD-113a?print_variation=showcase,showcase,https://bilgewatermarket.com/assets/SFD-113a-EN-Bx1y6D-E.jpg,¥6.71,$3.80,,"Lucian, Merciless SFD-113A/221 Showcase CN ¥6.71 EN $3.80"
2026-09-22T20:02:46+00:00,https://bilgewatermarket.com/cards,Marching Orders,nonfoil,0.23,https://bilgewatermarket.com/cards/SFD-114,normal,https://bilgewatermarket.com/assets/SFD-114-EN-2vdTI2B0.jpg,¥0.51,$0.23,,Marching Orders SFD-114/221 CN ¥0.51 EN $0.23
2026-09-22T20:02:46+00:00,https://bilgewatermarket.com/cards,Trinity Force,nonfoil,0.35,https://bilgewatermarket.com/cards/SFD-115,normal,https://bilgewatermarket.com/assets/SFD-115-EN-BFeFyLHY.jpg,¥1.05,$0.35,,Trinity Force SFD-115/221 CN ¥1.05 EN $0.35
2026-09-22T20:02:46+00:00,https://bilgewatermarket.com/cards,"Yone, Blademaster",nonfoil,0.22,https://bilgewatermarket.com/cards/SFD-116,normal,https://bilgewatermarket.com/assets/SFD-116-EN-BQUYouMr.jpg,¥0.52,$0.22,,"Yone, Blademaster SFD-116/221 CN ¥0.52 EN $0.22"
2026-09-22T20:02:46+00:00,https://bilgewatermarket.com/cards,Ancient Henge,nonfoil,1.16,https://bilgewatermarket.com/cards/SFD-117,normal,https://bilgewatermarket.com/assets/SFD-117-EN-msq3Ze4b.jpg,¥2.00,$1.16,,Ancient Henge SFD-117/221 CN ¥2.00 EN $1.16
2026-09-22T20:02:46+00:00,https://bilgewatermarket.com/cards,Boneshiver,nonfoil,3.42,https://bilgewatermarket.com/cards/SFD-118,normal,https://bilgewatermarket.com/assets/SFD-118-EN-xrOpTriA.jpg,¥9.16,$3.42,,Boneshiver SFD-118/221 CN ¥9.16 EN $3.42
2026-09-22T20:02:46+00:00,https://bilgewatermarket.com/cards,"Jax, Unrelenting",nonfoil,0.67,https://bilgewatermarket.com/cards/SFD-119,normal,https://bilgewatermarket.com/assets/SFD-119-EN-Dt3NLe5X.jpg,¥0.79,$0.67,,"Jax, Unrelenting SFD-119/221 CN ¥0.79 EN $0.67"
2026-09-22T20:02:46+00:00,https://bilgewatermarket.com/cards,"Jax, Unrelenting",nonfoil,1.26,https://bilgewatermarket.com/cards/SFD-119a?print_variation=showcase,showcase,https://bilgewatermarket.com/assets/SFD-119a-EN--Re0eAoB.jpg,¥2.64,$1.26,,"Jax, Unrelenting SFD-119A/221 Showcase CN ¥2.64 EN $1.26"
2026-09-22T20:02:46+00:00,https://bilgewatermarket.com/cards,"Sivir, Ambitious",nonfoil,0.38,https://bilgewatermarket.com/cards/SFD-120,normal,https://bilgewatermarket.com/assets/SFD-120-EN-BeCEjwWR.jpg,¥0.53,$0.38,,"Sivir, Ambitious SFD-120/221 CN ¥0.53 EN $0.38"
2026-09-22T20:02:46+00:00,https://bilgewatermarket.com/cards,"Sivir, Ambitious",nonfoil,1.53,https://bilgewatermarket.com/cards/SFD-120a?print_variation=showcase,showcase,https://bilgewatermarket.com/assets/SFD-120a-EN-BgMQOzHs.jpg,¥1.58,$1.53,,"Sivir, Ambitious SFD-120A/221 Showcase CN ¥1.58 EN $1.53"
2026-09-22T20:02:46+00:00,https://bilgewatermarket.com/cards,Black Market Broker,foil,0.18,https://bilgewatermarket.com/cards/SFD-121?print_variation=foiled,foiled,https://bilgewatermarket.com/assets/SFD-121-EN-DoTjSP6B.jpg,¥0.54,$0.18,,Black Market Broker SFD-121/221 Foiled CN ¥0.54 EN $0.18
2026-09-22T20:02:46+00:00,https://bilgewatermarket.com/cards,Black Market Broker,nonfoil,0.07,https://bilgewatermarket.com/cards/SFD-121,normal,https://bilgewatermarket.com/assets/SFD-121-EN-DoTjSP6B.jpg,¥0.50,$0.07,,Black Market Broker SFD-121/221 CN ¥0.50 EN $0.07
2026-09-22T20:02:46+00:00,https://bilgewatermarket.com/cards,Called Shot,foil,0.44,https://bilgewatermarket.com/cards/SFD-122?print_variation=foiled,foiled,https://bilgewatermarket.com/assets/SFD-122-EN-Qq1zBU0W.jpg,¥1.02,$0.44,,BANNED Called Shot SFD-122/221 Foiled CN ¥1.02 EN $0.44
2026-09-22T20:02:46+00:00,https://bilgewatermarket.com/cards,Called Shot,nonfoil,0.09,https://bilgewatermarket.com/cards/SFD-122,normal,https://bilgewatermarket.com/assets/SFD-122-EN-Qq1zBU0W.jpg,¥0.50,$0.09,,BANNED Called Shot SFD-122/221 CN ¥0.50 EN $0.09
2026-09-22T20:02:46+00:00,https://bilgewatermarket.com/cards,Corrupt Enforcer,foil,0.14,https://bilgewatermarket.com/cards/SFD-123?print_variation=foiled,foiled,https://bilgewatermarket.com/assets/SFD-123-EN-D2Pdz6Sd.jpg,¥0.50,$0.14,,Corrupt Enforcer SFD-123/221 Foiled CN ¥0.50 EN $0.14
2026-09-22T20:02:46+00:00,https://bilgewatermarket.com/cards,Corrupt Enforcer,nonfoil,0.04,https://bilgewatermarket.com/cards/SFD-123,normal,https://bilgewatermarket.com/assets/SFD-123-EN-D2Pdz6Sd.jpg,¥0.50,$0.04,,Corrupt Enforcer SFD-123/221 CN ¥0.50 EN $0.04
2026-09-22T20:02:46+00:00,https://bilgewatermarket.com/cards,Doran's Ring,foil,0.19,https://bilgewatermarket.com/cards/SFD-124?print_variation=foiled,foiled,https://bilgewatermarket.com/assets/SFD-124-EN-HlZBzVEt.jpg,¥0.55,$0.19,,Doran's Ring SFD-124/221 Foiled CN ¥0.55 EN $0.19
2026-09-22T20:02:46+00:00,https://bilgewatermarket.com/cards,Doran's Ring,nonfoil,0.07,https://bilgewatermarket.com/cards/SFD-124,normal,https://bilgewatermarket.com/assets/SFD-124-EN-HlZBzVEt.jpg,¥0.50,$0.07,,Doran's Ring SFD-124/221 CN ¥0.50 EN $0.07
2026-09-22T20:02:46+00:00,https://bilgewatermarket.com/cards,Fae Porter,foil,0.22,https://bilgewatermarket.com/cards/SFD-125?print_variation=foiled,foiled,https://bilgewatermarket.com/assets/SFD-125-EN-BONn0GV-.jpg,¥0.50,$0.22,,Fae Porter SFD-125/221 Foiled CN ¥0.50 EN $0.22
2026-09-22T20:02:46+00:00,https://bilgewatermarket.com/cards,Fae Porter,nonfoil,0.07,https://bilgewatermarket.com/cards/SFD-125,normal,https://bilgewatermarket.com/assets/SFD-125-EN-BONn0GV-.jpg,¥0.50,$0.07,,Fae Porter SFD-125/221 CN ¥0.50 EN $0.07
2026-09-22T20:02:46+00:00,https://bilgewatermarket.com/cards,Loyal Pup,foil,0.22,https://bilgewatermarket.com/cards/SFD-126?print_variation=foiled,foiled,https://bilgewatermarket.com/assets/SFD-126-EN-DL5bCBUh.jpg,¥0.50,$0.22,,Loyal Pup SFD-126/221 Foiled CN ¥0.50 EN $0.22
2026-09-22T20:02:46+00:00,https://bilgewatermarket.com/cards,Loyal Pup,nonfoil,0.04,https://bilgewatermarket.com/cards/SFD-126,normal,https://bilgewatermarket.com/assets/SFD-126-EN-DL5bCBUh.jpg,¥0.50,$0.04,,Loyal Pup SFD-126/221 CN ¥0.50 EN $0.04
2026-09-22T20:02:46+00:00,https://bilgewatermarket.com/cards,Master Bingwen,foil,0.16,https://bilgewatermarket.com/cards/SFD-127?print_variation=foiled,foiled,https://bilgewatermarket.com/assets/SFD-127-EN-B7VG9asY.jpg,¥0.50,$0.16,,Master Bingwen SFD-127/221 Foiled CN ¥0.50 EN $0.16
2026-09-22T20:02:46+00:00,https://bilgewatermarket.com/cards,Master Bingwen,nonfoil,0.02,https://bilgewatermarket.com/cards/SFD-127,normal,https://bilgewatermarket.com/assets/SFD-127-EN-B7VG9asY.jpg,¥0.30,$0.02,,Master Bingwen SFD-127/221 CN ¥0.30 EN $0.02
2026-09-22T20:02:46+00:00,https://bilgewatermarket.com/cards,Overzealous Fan,foil,0.34,https://bilgewatermarket.com/cards/SFD-128?print_variation=foiled,foiled,https://bilgewatermarket.com/assets/SFD-128-EN-C9aQQ8MX.jpg,¥1.58,$0.34,,Overzealous Fan SFD-128/221 Foiled CN ¥1.58 EN $0.34
2026-09-22T20:02:46+00:00,https://bilgewatermarket.com/cards,Overzealous Fan,nonfoil,0.16,https://bilgewatermarket.com/cards/SFD-128,normal,https://bilgewatermarket.com/assets/SFD-128-EN-C9aQQ8MX.jpg,¥0.53,$0.16,,Overzealous Fan SFD-128/221 CN ¥0.53 EN $0.16
2026-09-22T20:02:46+00:00,https://bilgewatermarket.com/cards,Temptation,foil,0.14,https://bilgewatermarket.com/cards/SFD-129?print_variation=foiled,foiled,https://bilgewatermarket.com/assets/SFD-129-EN-O-m706S6.jpg,¥0.52,$0.14,,Temptation SFD-129/221 Foiled CN ¥0.52 EN $0.14
2026-09-22T20:02:46+00:00,https://bilgewatermarket.com/cards,Temptation,nonfoil,0.06,https://bilgewatermarket.com/cards/SFD-129,normal,https://bilgewatermarket.com/assets/SFD-129-EN-O-m706S6.jpg,¥0.50,$0.06,,Temptation SFD-129/221 CN ¥0.50 EN $0.06
2026-09-22T20:02:46+00:00,https://bilgewatermarket.com/cards,Treasure Hunter,foil,0.30,https://bilgewatermarket.com/cards/SFD-130?print_variation=foiled,foiled,https://bilgewatermarket.com/assets/SFD-130-EN-DCI4J2F-.jpg,¥2.13,$0.30,,Treasure Hunter SFD-130/221 Foiled CN ¥2.13 EN $0.30
2026-09-22T20:02:46+00:00,https://bilgewatermarket.com/cards,Treasure Hunter,nonfoil,0.23,https://bilgewatermarket.com/cards/SFD-130,normal,https://bilgewatermarket.com/assets/SFD-130-EN-DCI4J2F-.jpg,¥0.55,$0.23,,Treasure Hunter SFD-130/221 CN ¥0.55 EN $0.23
2026-09-22T20:02:46+00:00,https://bilgewatermarket.com/cards,Ancient Warmonger,foil,0.22,https://bilgewatermarket.com/cards/SFD-131?print_variation=foiled,foiled,https://bilgewatermarket.com/assets/SFD-131-EN-sSilN-qh.jpg,¥0.50,$0.22,,Ancient Warmonger SFD-131/221 Foiled CN ¥0.50 EN $0.22
2026-09-22T20:02:46+00:00,https://bilgewatermarket.com/cards,Ancient Warmonger,nonfoil,0.11,https://bilgewatermarket.com/cards/SFD-131,normal,https://bilgewatermarket.com/assets/SFD-131-EN-sSilN-qh.jpg,¥0.49,$0.11,,Ancient Warmonger SFD-131/221 CN ¥0.49 EN $0.11
2026-09-22T20:02:46+00:00,https://bilgewatermarket.com/cards,Beast Below,foil,0.28,https://bilgewatermarket.com/cards/SFD-132?print_variation=foiled,foiled,https://bilgewatermarket.com/assets/SFD-132-EN-O4K84EWy.jpg,¥0.51,$0.28,,Beast Below SFD-132/221 Foiled CN ¥0.51 EN $0.28
2026-09-22T20:02:46+00:00,https://bilgewatermarket.com/cards,Beast Below,nonfoil,0.11,https://bilgewatermarket.com/cards/SFD-132,normal,https://bilgewatermarket.com/assets/SFD-132-EN-O4K84EWy.jpg,¥0.50,$0.11,,Beast Below SFD-132/221 CN ¥0.50 EN $0.11
2026-09-22T20:02:46+00:00,https://bilgewatermarket.com/cards,Boots of Swiftness,foil,2.64,https://bilgewatermarket.com/cards/SFD-133?print_variation=foiled,foiled,https://bilgewatermarket.com/assets/SFD-133-EN-M_WR9CN4.jpg,¥4.63,$2.64,,Boots of Swiftness SFD-133/221 Foiled CN ¥4.63 EN $2.64
2026-09-22T20:02:46+00:00,https://bilgewatermarket.com/cards,Boots of Swiftness,nonfoil,0.44,https://bilgewatermarket.com/cards/SFD-133,normal,https://bilgewatermarket.com/assets/SFD-133-EN-M_WR9CN4.jpg,¥1.19,$0.44,,Boots of Swiftness SFD-133/221 CN ¥1.19 EN $0.44
2026-09-22T20:02:46+00:00,https://bilgewatermarket.com/cards,Cull,foil,0.38,https://bilgewatermarket.com/cards/SFD-134?print_variation=foiled,foiled,https://bilgewatermarket.com/assets/SFD-134-EN-wGXotdcL.jpg,¥1.02,$0.38,,Cull SFD-134/221 Foiled CN ¥1.02 EN $0.38
2026-09-22T20:02:46+00:00,https://bilgewatermarket.com/cards,Cull,nonfoil,0.12,https://bilgewatermarket.com/cards/SFD-134,normal,https://bilgewatermarket.com/assets/SFD-134-EN-wGXotdcL.jpg,¥0.61,$0.12,,Cull SFD-134/221 CN ¥0.61 EN $0.12
2026-09-22T20:02:46+00:00,https://bilgewatermarket.com/cards,Factory Recall,foil,0.36,https://bilgewatermarket.com/cards/SFD-135?print_variation=foiled,foiled,https://bilgewatermarket.com/assets/SFD-135-EN-B5MGXx5I.jpg,¥2.05,$0.36,,Factory Recall SFD-135/221 Foiled CN ¥2.05 EN $0.36
2026-09-22T20:02:46+00:00,https://bilgewatermarket.com/cards,Factory Recall,nonfoil,0.09,https://bilgewatermarket.com/cards/SFD-135,normal,https://bilgewatermarket.com/assets/SFD-135-EN-B5MGXx5I.jpg,¥0.65,$0.09,,Factory Recall SFD-135/221 CN ¥0.65 EN $0.09
2026-09-22T20:02:46+00:00,https://bilgewatermarket.com/cards,Hard Bargain,foil,4.23,https://bilgewatermarket.com/cards/SFD-136?print_variation=foiled,foiled,https://bilgewatermarket.com/assets/SFD-136-EN-BrtDATl3.jpg,¥5.85,$4.23,,Hard Bargain SFD-136/221 Foiled CN ¥5.85 EN $4.23
2026-09-22T20:02:46+00:00,https://bilgewatermarket.com/cards,Hard Bargain,nonfoil,0.83,https://bilgewatermarket.com/cards/SFD-136,normal,https://bilgewatermarket.com/assets/SFD-136-EN-BrtDATl3.jpg,¥2.50,$0.83,,Hard Bargain SFD-136/221 CN ¥2.50 EN $0.83
2026-09-22T20:02:46+00:00,https://bilgewatermarket.com/cards,Harpoon Squad,foil,0.29,https://bilgewatermarket.com/cards/SFD-137?print_variation=foiled,foiled,https://bilgewatermarket.com/assets/SFD-137-EN-8HEtHQjp.jpg,¥0.50,$0.29,,Harpoon Squad SFD-137/221 Foiled CN ¥0.50 EN $0.29
2026-09-22T20:02:46+00:00,https://bilgewatermarket.com/cards,Harpoon Squad,nonfoil,0.07,https://bilgewatermarket.com/cards/SFD-137,normal,https://bilgewatermarket.com/assets/SFD-137-EN-8HEtHQjp.jpg,¥0.98,$0.07,,Harpoon Squad SFD-137/221 CN ¥0.98 EN $0.07
2026-09-22T20:02:46+00:00,https://bilgewatermarket.com/cards,Windsinger,foil,0.47,https://bilgewatermarket.com/cards/SFD-138?print_variation=foiled,foiled,https://bilgewatermarket.com/assets/SFD-138-EN-BmnIl-iY.jpg,¥1.01,$0.47,,Windsinger SFD-138/221 Foiled CN ¥1.01 EN $0.47
2026-09-22T20:02:46+00:00,https://bilgewatermarket.com/cards,Windsinger,nonfoil,0.17,https://bilgewatermarket.com/cards/SFD-138,normal,https://bilgewatermarket.com/assets/SFD-138-EN-BmnIl-iY.jpg,¥0.51,$0.17,,Windsinger SFD-138/221 CN ¥0.51 EN $0.17
2026-09-22T20:02:46+00:00,https://bilgewatermarket.com/cards,Edge of Night,nonfoil,0.35,https://bilgewatermarket.com/cards/SFD-139,normal,https://bilgewatermarket.com/assets/SFD-139-EN-oOXuycYc.jpg,¥2.17,$0.35,,Edge of Night SFD-139/221 CN ¥2.17 EN $0.35
2026-09-22T20:02:46+00:00,https://bilgewatermarket.com/cards,"Fizz, Trickster",nonfoil,5.04,https://bilgewatermarket.com/cards/SFD-140,normal,https://bilgewatermarket.com/assets/SFD-140-EN-167JCxsk.jpg,¥6.24,$5.04,,"Fizz, Trickster SFD-140/221 CN ¥6.24 EN $5.04"
2026-09-22T20:02:46+00:00,https://bilgewatermarket.com/cards,"Irelia, Graceful",nonfoil,0.28,https://bilgewatermarket.com/cards/SFD-141,normal,https://bilgewatermarket.com/assets/SFD-141-EN-z0TMyenN.jpg,¥0.50,$0.28,,"Irelia, Graceful SFD-141/221 CN ¥0.50 EN $0.28"
2026-09-22T20:02:46+00:00,https://bilgewatermarket.com/cards,"Irelia, Graceful",nonfoil,1.87,https://bilgewatermarket.com/cards/SFD-141a?print_variation=showcase,showcase,https://bilgewatermarket.com/assets/SFD-141a-EN-BwwzXVJI.jpg,¥3.24,$1.87,,"Irelia, Graceful SFD-141A/221 Showcase CN ¥3.24 EN $1.87"
2026-09-22T20:02:46+00:00,https://bilgewatermarket.com/cards,Jae Medarda,nonfoil,0.13,https://bilgewatermarket.com/cards/SFD-142,normal,https://bilgewatermarket.com/assets/SFD-142-EN-BIOwfaO_.jpg,¥0.50,$0.13,,Jae Medarda SFD-142/221 CN ¥0.50 EN $0.13
2026-09-22T20:02:46+00:00,https://bilgewatermarket.com/cards,"Sivir, Mercenary",nonfoil,0.22,https://bilgewatermarket.com/cards/SFD-143,normal,https://bilgewatermarket.com/assets/SFD-143-EN-CqXh_Ict.jpg,¥0.51,$0.22,,"Sivir, Mercenary SFD-143/221 CN ¥0.51 EN $0.22"
2026-09-22T20:02:46+00:00,https://bilgewatermarket.com/cards,"Sivir, Mercenary",nonfoil,1.07,https://bilgewatermarket.com/cards/SFD-143a?print_variation=showcase,showcase,https://bilgewatermarket.com/assets/SFD-143a-EN-E_YGq77K.jpg,¥2.13,$1.07,,"Sivir, Mercenary SFD-143A/221 Showcase CN ¥2.13 EN $1.07"
2026-09-22T20:02:46+00:00,https://bilgewatermarket.com/cards,Spirit Wheel,nonfoil,0.20,https://bilgewatermarket.com/cards/SFD-144,normal,https://bilgewatermarket.com/assets/SFD-144-EN-BSm48Bx4.jpg,¥0.71,$0.20,,Spirit Wheel SFD-144/221 CN ¥0.71 EN $0.20
2026-09-22T20:02:46+00:00,https://bilgewatermarket.com/cards,Switcheroo,nonfoil,2.99,https://bilgewatermarket.com/cards/SFD-145,normal,https://bilgewatermarket.com/assets/SFD-145-EN-D5OJ4owk.jpg,¥3.43,$2.99,,Switcheroo SFD-145/221 CN ¥3.43 EN $2.99
2026-09-22T20:02:46+00:00,https://bilgewatermarket.com/cards,"Vex, Cheerless",nonfoil,0.27,https://bilgewatermarket.com/cards/SFD-146,normal,https://bilgewatermarket.com/assets/SFD-146-EN-BNkbBqNK.jpg,¥1.68,$0.27,,"Vex, Cheerless SFD-146/221 CN ¥1.68 EN $0.27"
2026-09-22T20:02:46+00:00,https://bilgewatermarket.com/cards,Downwell,nonfoil,3.56,https://bilgewatermarket.com/cards/SFD-147,normal,https://bilgewatermarket.com/assets/SFD-147-EN-B-1iRVEj.jpg,¥14.95,$3.56,,Downwell SFD-147/221 CN ¥14.95 EN $3.56
2026-09-22T20:02:46+00:00,https://bilgewatermarket.com/cards,"Draven, Audacious",nonfoil,1.14,https://bilgewatermarket.com/cards/SFD-148,normal,https://bilgewatermarket.com/assets/SFD-148-EN-taGFyBgp.jpg,¥6.29,$1.14,,"Draven, Audacious SFD-148/221 CN ¥6.29 EN $1.14"
2026-09-22T20:02:46+00:00,https://bilgewatermarket.com/cards,"Draven, Audacious",nonfoil,1.88,https://bilgewatermarket.com/cards/SFD-148a?print_variation=showcase,showcase,https://bilgewatermarket.com/assets/SFD-148a-EN-w3GHoCtp.jpg,¥12.72,$1.88,,"Draven, Audacious SFD-148A/221 Showcase CN ¥12.72 EN $1.88"
2026-09-22T20:02:46+00:00,https://bilgewatermarket.com/cards,"Ezreal, Prodigy",nonfoil,6.76,https://bilgewatermarket.com/cards/SFD-149,normal,https://bilgewatermarket.com/assets/SFD-149-EN-CJlXWY_s.jpg,¥21.59,$6.76,,"Ezreal, Prodigy SFD-149/221 CN ¥21.59 EN $6.76"
2026-09-22T20:02:46+00:00,https://bilgewatermarket.com/cards,"Ezreal, Prodigy",nonfoil,7.86,https://bilgewatermarket.com/cards/SFD-149a?print_variation=showcase,showcase,https://bilgewatermarket.com/assets/SFD-149a-EN-DIEDxoL1.jpg,¥30.20,$7.86,,"Ezreal, Prodigy SFD-149A/221 Showcase CN ¥30.20 EN $7.86"
2026-09-22T20:02:46+00:00,https://bilgewatermarket.com/cards,Last Rites,nonfoil,40.97,https://bilgewatermarket.com/cards/SFD-150,normal,https://bilgewatermarket.com/assets/SFD-150-EN-DrcKFZlv.jpg,¥78.44,$40.97,,Last Rites SFD-150/221 CN ¥78.44 EN $40.97
2026-09-22T20:02:46+00:00,https://bilgewatermarket.com/cards,Bonds of Strength,foil,0.18,https://bilgewatermarket.com/cards/SFD-151?print_variation=foiled,foiled,https://bilgewatermarket.com/assets/SFD-151-EN-_EB2wnKR.jpg,¥0.51,$0.18,,Bonds of Strength SFD-151/221 Foiled CN ¥0.51 EN $0.18
2026-09-22T20:02:46+00:00,https://bilgewatermarket.com/cards,Bonds of Strength,nonfoil,0.07,https://bilgewatermarket.com/cards/SFD-151,normal,https://bilgewatermarket.com/assets/SFD-151-EN-_EB2wnKR.jpg,¥0.50,$0.07,,Bonds of Strength SFD-151/221 CN ¥0.50 EN $0.07
2026-09-22T20:02:46+00:00,https://bilgewatermarket.com/cards,Eminent Benefactor,foil,0.19,https://bilgewatermarket.com/cards/SFD-152?print_variation=foiled,foiled,https://bilgewatermarket.com/assets/SFD-152-EN-DsbGjJT9.jpg,¥0.50,$0.19,,Eminent Benefactor SFD-152/221 Foiled CN ¥0.50 EN $0.19
2026-09-22T20:02:46+00:00,https://bilgewatermarket.com/cards,Eminent Benefactor,nonfoil,0.04,https://bilgewatermarket.com/cards/SFD-152,normal,https://bilgewatermarket.com/assets/SFD-152-EN-DsbGjJT9.jpg,¥0.30,$0.04,,Eminent Benefactor SFD-152/221 CN ¥0.30 EN $0.04
2026-09-22T20:02:46+00:00,https://bilgewatermarket.com/cards,Eye of the Herald,foil,0.27,https://bilgewatermarket.com/cards/SFD-153?print_variation=foiled,foiled,https://bilgewatermarket.com/assets/SFD-153-EN-DFULRXiL.jpg,¥1.21,$0.27,,Eye of the Herald SFD-153/221 Foiled CN ¥1.21 EN $0.27
2026-09-22T20:02:46+00:00,https://bilgewatermarket.com/cards,Eye of the Herald,nonfoil,0.10,https://bilgewatermarket.com/cards/SFD-153,normal,https://bilgewatermarket.com/assets/SFD-153-EN-DFULRXiL.jpg,¥0.54,$0.10,,Eye of the Herald SFD-153/221 CN ¥0.54 EN $0.10
2026-09-22T20:02:46+00:00,https://bilgewatermarket.com/cards,Guards!,foil,0.25,https://bilgewatermarket.com/cards/SFD-154?print_variation=foiled,foiled,https://bilgewatermarket.com/assets/SFD-154-EN-FfryZ39-.jpg,¥1.05,$0.25,,Guards! SFD-154/221 Foiled CN ¥1.05 EN $0.25
2026-09-22T20:02:46+00:00,https://bilgewatermarket.com/cards,Guards!,nonfoil,0.08,https://bilgewatermarket.com/cards/SFD-154,normal,https://bilgewatermarket.com/assets/SFD-154-EN-FfryZ39-.jpg,¥0.75,$0.08,,Guards! SFD-154/221 CN ¥0.75 EN $0.08
2026-09-22T20:02:46+00:00,https://bilgewatermarket.com/cards,Honest Broker,foil,0.42,https://bilgewatermarket.com/cards/SFD-155?print_variation=foiled,foiled,https://bilgewatermarket.com/assets/SFD-155-EN-DDsgr9dI.jpg,¥1.38,$0.42,,Honest Broker SFD-155/221 Foiled CN ¥1.38 EN $0.42
2026-09-22T20:02:46+00:00,https://bilgewatermarket.com/cards,Honest Broker,nonfoil,0.14,https://bilgewatermarket.com/cards/SFD-155,normal,https://bilgewatermarket.com/assets/SFD-155-EN-DDsgr9dI.jpg,¥0.54,$0.14,,Honest Broker SFD-155/221 CN ¥0.54 EN $0.14
2026-09-22T20:02:46+00:00,https://bilgewatermarket.com/cards,Laurent Duelist,foil,0.16,https://bilgewatermarket.com/cards/SFD-156?print_variation=foiled,foiled,https://bilgewatermarket.com/assets/SFD-156-EN-DYSNGSDV.jpg,¥0.50,$0.16,,Laurent Duelist SFD-156/221 Foiled CN ¥0.50 EN $0.16
2026-09-22T20:02:46+00:00,https://bilgewatermarket.com/cards,Laurent Duelist,nonfoil,0.03,https://bilgewatermarket.com/cards/SFD-156,normal,https://bilgewatermarket.com/assets/SFD-156-EN-DYSNGSDV.jpg,¥0.50,$0.03,,Laurent Duelist SFD-156/221 CN ¥0.50 EN $0.03
2026-09-22T20:02:46+00:00,https://bilgewatermarket.com/cards,Royal Guard,foil,0.16,https://bilgewatermarket.com/cards/SFD-157?print_variation=foiled,foiled,https://bilgewatermarket.com/assets/SFD-157-EN-CIAJKjTm.jpg,¥0.50,$0.16,,Royal Guard SFD-157/221 Foiled CN ¥0.50 EN $0.16
2026-09-22T20:02:46+00:00,https://bilgewatermarket.com/cards,Royal Guard,nonfoil,0.06,https://bilgewatermarket.com/cards/SFD-157,normal,https://bilgewatermarket.com/assets/SFD-157-EN-CIAJKjTm.jpg,¥0.50,$0.06,,Royal Guard SFD-157/221 CN ¥0.50 EN $0.06
2026-09-22T20:02:46+00:00,https://bilgewatermarket.com/cards,Sandshifter,foil,0.17,https://bilgewatermarket.com/cards/SFD-158?print_variation=foiled,foiled,https://bilgewatermarket.com/assets/SFD-158-EN-Ct6rbH4T.jpg,¥0.50,$0.17,,Sandshifter SFD-158/221 Foiled CN ¥0.50 EN $0.17
2026-09-22T20:02:46+00:00,https://bilgewatermarket.com/cards,Sandshifter,nonfoil,0.05,https://bilgewatermarket.com/cards/SFD-158,normal,https://bilgewatermarket.com/assets/SFD-158-EN-Ct6rbH4T.jpg,¥0.50,$0.05,,Sandshifter SFD-158/221 CN ¥0.50 EN $0.05
2026-09-22T20:02:46+00:00,https://bilgewatermarket.com/cards,Trusty Ramhound,foil,0.22,https://bilgewatermarket.com/cards/SFD-159?print_variation=foiled,foiled,https://bilgewatermarket.com/assets/SFD-159-EN-BEom7MVq.jpg,¥0.61,$0.22,,Trusty Ramhound SFD-159/221 Foiled CN ¥0.61 EN $0.22
2026-09-22T20:02:46+00:00,https://bilgewatermarket.com/cards,Trusty Ramhound,nonfoil,0.09,https://bilgewatermarket.com/cards/SFD-159,normal,https://bilgewatermarket.com/assets/SFD-159-EN-BEom7MVq.jpg,¥0.51,$0.09,,Trusty Ramhound SFD-159/221 CN ¥0.51 EN $0.09
2026-09-22T20:02:46+00:00,https://bilgewatermarket.com/cards,Zaun Punk,foil,0.19,https://bilgewatermarket.com/cards/SFD-160?print_variation=foiled,foiled,https://bilgewatermarket.com/assets/SFD-160-EN-C0423_Yl.jpg,¥0.50,$0.19,,Zaun Punk SFD-160/221 Foiled CN ¥0.50 EN $0.19
2026-09-22T20:02:46+00:00,https://bilgewatermarket.com/cards,Zaun Punk,nonfoil,0.06,https://bilgewatermarket.com/cards/SFD-160,normal,https://bilgewatermarket.com/assets/SFD-160-EN-C0423_Yl.jpg,¥0.50,$0.06,,Zaun Punk SFD-160/221 CN ¥0.50 EN $0.06
2026-09-22T20:02:46+00:00,https://bilgewatermarket.com/cards,B.F. Sword,foil,1.92,https://bilgewatermarket.com/cards/SFD-161?print_variation=foiled,foiled,https://bilgewatermarket.com/assets/SFD-161-EN-C5BdAWQn.jpg,¥2.90,$1.92,,B.F. Sword SFD-161/221 Foiled CN ¥2.90 EN $1.92
2026-09-22T20:02:46+00:00,https://bilgewatermarket.com/cards,B.F. Sword,nonfoil,0.39,https://bilgewatermarket.com/cards/SFD-161,normal,https://bilgewatermarket.com/assets/SFD-161-EN-C5BdAWQn.jpg,¥1.33,$0.39,,B.F. Sword SFD-161/221 CN ¥1.33 EN $0.39
2026-09-22T20:02:46+00:00,https://bilgewatermarket.com/cards,Blood Money,foil,0.33,https://bilgewatermarket.com/cards/SFD-162?print_variation=foiled,foiled,https://bilgewatermarket.com/assets/SFD-162-EN-CQY3v4wz.jpg,¥1.50,$0.33,,Blood Money SFD-162/221 Foiled CN ¥1.50 EN $0.33
2026-09-22T20:02:46+00:00,https://bilgewatermarket.com/cards,Blood Money,nonfoil,0.19,https://bilgewatermarket.com/cards/SFD-162,normal,https://bilgewatermarket.com/assets/SFD-162-EN-CQY3v4wz.jpg,¥0.81,$0.19,,Blood Money SFD-162/221 CN ¥0.81 EN $0.19
2026-09-22T20:02:46+00:00,https://bilgewatermarket.com/cards,Deathgrip,foil,2.11,https://bilgewatermarket.com/cards/SFD-163?print_variation=foiled,foiled,https://bilgewatermarket.com/assets/SFD-163-EN-BDZsLAFQ.jpg,¥3.51,$2.11,,Deathgrip SFD-163/221 Foiled CN ¥3.51 EN $2.11
2026-09-22T20:02:46+00:00,https://bilgewatermarket.com/cards,Deathgrip,nonfoil,0.43,https://bilgewatermarket.com/cards/SFD-163,normal,https://bilgewatermarket.com/assets/SFD-163-EN-BDZsLAFQ.jpg,¥1.94,$0.43,,Deathgrip SFD-163/221 CN ¥1.94 EN $0.43
2026-09-22T20:02:46+00:00,https://bilgewatermarket.com/cards,Drag Under,foil,0.46,https://bilgewatermarket.com/cards/SFD-164?print_variation=foiled,foiled,https://bilgewatermarket.com/assets/SFD-164-EN-DJ5Qo1bO.jpg,¥1.08,$0.46,,Drag Under SFD-164/221 Foiled CN ¥1.08 EN $0.46
2026-09-22T20:02:46+00:00,https://bilgewatermarket.com/cards,Drag Under,nonfoil,0.14,https://bilgewatermarket.com/cards/SFD-164,normal,https://bilgewatermarket.com/assets/SFD-164-EN-DJ5Qo1bO.jpg,¥0.59,$0.14,,Drag Under SFD-164/221 CN ¥0.59 EN $0.14
2026-09-22T20:02:46+00:00,https://bilgewatermarket.com/cards,Glasc Mixologist,foil,2.52,https://bilgewatermarket.com/cards/SFD-165?print_variation=foiled,foiled,https://bilgewatermarket.com/assets/SFD-165-EN-CMkpE2oP.jpg,¥1.02,$2.52,,Glasc Mixologist SFD-165/221 Foiled CN ¥1.02 EN $2.52
2026-09-22T20:02:46+00:00,https://bilgewatermarket.com/cards,Glasc Mixologist,nonfoil,0.27,https://bilgewatermarket.com/cards/SFD-165,normal,https://bilgewatermarket.com/assets/SFD-165-EN-CMkpE2oP.jpg,¥0.55,$0.27,,Glasc Mixologist SFD-165/221 CN ¥0.55 EN $0.27
2026-09-22T20:02:46+00:00,https://bilgewatermarket.com/cards,Rally the Troops,foil,0.39,https://bilgewatermarket.com/cards/SFD-166?print_variation=foiled,foiled,https://bilgewatermarket.com/assets/SFD-166-EN-DuDIypAI.jpg,¥1.70,$0.39,,Rally the Troops SFD-166/221 Foiled CN ¥1.70 EN $0.39
2026-09-22T20:02:46+00:00,https://bilgewatermarket.com/cards,Rally the Troops,nonfoil,0.16,https://bilgewatermarket.com/cards/SFD-166,normal,https://bilgewatermarket.com/assets/SFD-166-EN-DuDIypAI.jpg,¥0.63,$0.16,,Rally the Troops SFD-166/221 CN ¥0.63 EN $0.16
2026-09-22T20:02:46+00:00,https://bilgewatermarket.com/cards,Unsung Hero,foil,0.32,https://bilgewatermarket.com/cards/SFD-167?print_variation=foiled,foiled,https://bilgewatermarket.com/assets/SFD-167-EN-0BgcgPvD.jpg,¥1.04,$0.32,,Unsung Hero SFD-167/221 Foiled CN ¥1.04 EN $0.32
2026-09-22T20:02:46+00:00,https://bilgewatermarket.com/cards,Unsung Hero,nonfoil,0.17,https://bilgewatermarket.com/cards/SFD-167,normal,https://bilgewatermarket.com/assets/SFD-167-EN-0BgcgPvD.jpg,¥0.74,$0.17,,Unsung Hero SFD-167/221 CN ¥0.74 EN $0.17
2026-09-22T20:02:46+00:00,https://bilgewatermarket.com/cards,Vanguard Armory,foil,0.99,https://bilgewatermarket.com/cards/SFD-168?print_variation=foiled,foiled,https://bilgewatermarket.com/assets/SFD-168-EN-BtTWmwYE.jpg,¥1.45,$0.99,,Vanguard Armory SFD-168/221 Foiled CN ¥1.45 EN $0.99
2026-09-22T20:02:46+00:00,https://bilgewatermarket.com/cards,Vanguard Armory,nonfoil,0.22,https://bilgewatermarket.com/cards/SFD-168,normal,https://bilgewatermarket.com/assets/SFD-168-EN-BtTWmwYE.jpg,¥0.89,$0.22,,Vanguard Armory SFD-168/221 CN ¥0.89 EN $0.22
2026-09-22T20:02:46+00:00,https://bilgewatermarket.com/cards,Altar of Memories,nonfoil,0.22,https://bilgewatermarket.com/cards/SFD-169,normal,https://bilgewatermarket.com/assets/SFD-169-EN-bHdeg8V7.jpg,¥0.50,$0.22,,Altar of Memories SFD-169/221 CN ¥0.50 EN $0.22
2026-09-22T20:02:46+00:00,https://bilgewatermarket.com/cards,"Rek'Sai, Swarm Queen",nonfoil,0.22,https://bilgewatermarket.com/cards/SFD-170,normal,https://bilgewatermarket.com/assets/SFD-170-EN-DzajIXY2.jpg,¥0.50,$0.22,,"Rek'Sai, Swarm Queen SFD-170/221 CN ¥0.50 EN $0.22"
2026-09-22T20:02:46+00:00,https://bilgewatermarket.com/cards,"Rek'Sai, Swarm Queen",nonfoil,0.96,https://bilgewatermarket.com/cards/SFD-170a?print_variation=showcase,showcase,https://bilgewatermarket.com/assets/SFD-170a-EN-qn8mHpb7.jpg,¥2.08,$0.96,,"Rek'Sai, Swarm Queen SFD-170A/221 Showcase CN ¥2.08 EN $0.96"
2026-09-22T20:02:46+00:00,https://bilgewatermarket.com/cards,"Renata Glasc, Industrialist",nonfoil,0.25,https://bilgewatermarket.com/cards/SFD-171,normal,https://bilgewatermarket.com/assets/SFD-171-EN-C5grsEOP.jpg,¥0.51,$0.25,,"Renata Glasc, Industrialist SFD-171/221 CN ¥0.51 EN $0.25"
2026-09-22T20:02:46+00:00,https://bilgewatermarket.com/cards,"Renata Glasc, Industrialist",nonfoil,1.08,https://bilgewatermarket.com/cards/SFD-171a?print_variation=showcase,showcase,https://bilgewatermarket.com/assets/SFD-171a-EN-CB67OVFD.jpg,¥1.55,$1.08,,"Renata Glasc, Industrialist SFD-171A/221 Showcase CN ¥1.55 EN $1.08"
2026-09-22T20:02:46+00:00,https://bilgewatermarket.com/cards,Sacred Shears,nonfoil,0.22,https://bilgewatermarket.com/cards/SFD-172,normal,https://bilgewatermarket.com/assets/SFD-172-EN-YI_JAahx.jpg,¥0.52,$0.22,,Sacred Shears SFD-172/221 CN ¥0.52 EN $0.22
2026-09-22T20:02:46+00:00,https://bilgewatermarket.com/cards,"Soraka, Wanderer",nonfoil,0.25,https://bilgewatermarket.com/cards/SFD-173,normal,https://bilgewatermarket.com/assets/SFD-173-EN-CHJnUjbc.jpg,¥0.53,$0.25,,"Soraka, Wanderer SFD-173/221 CN ¥0.53 EN $0.25"
2026-09-22T20:02:46+00:00,https://bilgewatermarket.com/cards,Trove Golem,nonfoil,0.21,https://bilgewatermarket.com/cards/SFD-174,normal,https://bilgewatermarket.com/assets/SFD-174-EN-C4Bu8n_A.jpg,¥0.50,$0.21,,Trove Golem SFD-174/221 CN ¥0.50 EN $0.21
2026-09-22T20:02:46+00:00,https://bilgewatermarket.com/cards,Undertitan,nonfoil,0.32,https://bilgewatermarket.com/cards/SFD-175,normal,https://bilgewatermarket.com/assets/SFD-175-EN-DoynSmUw.jpg,¥1.13,$0.32,,Undertitan SFD-175/221 CN ¥1.13 EN $0.32
2026-09-22T20:02:46+00:00,https://bilgewatermarket.com/cards,"Xin Zhao, Vigilant",nonfoil,0.59,https://bilgewatermarket.com/cards/SFD-176,normal,https://bilgewatermarket.com/assets/SFD-176-EN-Bg-iLXGd.jpg,¥1.76,$0.59,,"Xin Zhao, Vigilant SFD-176/221 CN ¥1.76 EN $0.59"
2026-09-22T20:02:46+00:00,https://bilgewatermarket.com/cards,"Azir, Sovereign",nonfoil,9.44,https://bilgewatermarket.com/cards/SFD-177,normal,https://bilgewatermarket.com/assets/SFD-177-EN-C7mklaVb.jpg,¥5.63,$9.44,,"Azir, Sovereign SFD-177/221 CN ¥5.63 EN $9.44"
2026-09-22T20:02:46+00:00,https://bilgewatermarket.com/cards,"Azir, Sovereign",nonfoil,9.61,https://bilgewatermarket.com/cards/SFD-177a?print_variation=showcase,showcase,https://bilgewatermarket.com/assets/SFD-177a-EN-BSMHbxUa.jpg,¥7.91,$9.61,,"Azir, Sovereign SFD-177A/221 Showcase CN ¥7.91 EN $9.61"
2026-09-22T20:02:46+00:00,https://bilgewatermarket.com/cards,Blade of the Ruined King,nonfoil,4.81,https://bilgewatermarket.com/cards/SFD-178,normal,https://bilgewatermarket.com/assets/SFD-178-EN-Zr3AErVI.jpg,¥3.86,$4.81,,Blade of the Ruined King SFD-178/221 CN ¥3.86 EN $4.81
2026-09-22T20:02:46+00:00,https://bilgewatermarket.com/cards,Corina Veraza,nonfoil,1.93,https://bilgewatermarket.com/cards/SFD-179,normal,https://bilgewatermarket.com/assets/SFD-179-EN-CBG4Orrf.jpg,¥1.32,$1.93,,Corina Veraza SFD-179/221 CN ¥1.32 EN $1.93
2026-09-22T20:02:46+00:00,https://bilgewatermarket.com/cards,"Fiora, Worthy",nonfoil,0.91,https://bilgewatermarket.com/cards/SFD-180,normal,https://bilgewatermarket.com/assets/SFD-180-EN-BWFF20TG.jpg,¥2.04,$0.91,,"Fiora, Worthy SFD-180/221 CN ¥2.04 EN $0.91"
2026-09-22T20:02:46+00:00,https://bilgewatermarket.com/cards,"Fiora, Worthy",nonfoil,6.35,https://bilgewatermarket.com/cards/SFD-180a?print_variation=showcase,showcase,https://bilgewatermarket.com/assets/SFD-180a-EN-CD98i26U.jpg,¥9.17,$6.35,,"Fiora, Worthy SFD-180A/221 Showcase CN ¥9.17 EN $6.35"
2026-09-22T20:02:46+00:00,https://bilgewatermarket.com/cards,"Rumble, Mechanized Menace",nonfoil,0.13,https://bilgewatermarket.com/cards/SFD-181,normal,https://bilgewatermarket.com/assets/SFD-181-EN-DilRKejL.jpg,¥0.50,$0.13,,"Rumble, Mechanized Menace SFD-181/221 CN ¥0.50 EN $0.13"
2026-09-22T20:02:46+00:00,https://bilgewatermarket.com/cards,Danger Zone,nonfoil,0.43,https://bilgewatermarket.com/cards/SFD-182,normal,https://bilgewatermarket.com/assets/SFD-182-EN-DwNWNDJD.jpg,¥0.90,$0.43,,Danger Zone SFD-182/221 CN ¥0.90 EN $0.43
2026-09-22T20:02:46+00:00,https://bilgewatermarket.com/cards,"Lucian, Purifier",nonfoil,0.18,https://bilgewatermarket.com/cards/SFD-183,normal,https://bilgewatermarket.com/assets/SFD-183-EN-DMesfjEW.jpg,¥0.50,$0.18,,"Lucian, Purifier SFD-183/221 CN ¥0.50 EN $0.18"
2026-09-22T20:02:46+00:00,https://bilgewatermarket.com/cards,Relentless Pursuit,nonfoil,1.26,https://bilgewatermarket.com/cards/SFD-184,normal,https://bilgewatermarket.com/assets/SFD-184-EN-BKF3Px4m.jpg,¥2.63,$1.26,,Relentless Pursuit SFD-184/221 CN ¥2.63 EN $1.26
2026-09-22T20:02:46+00:00,https://bilgewatermarket.com/cards,"Draven, Glorious Executioner",nonfoil,0.15,https://bilgewatermarket.com/cards/SFD-185,normal,https://bilgewatermarket.com/assets/SFD-185-EN-Cti1q1dO.jpg,¥0.50,$0.15,,"Draven, Glorious Executioner SFD-185/221 CN ¥0.50 EN $0.15"
2026-09-22T20:02:46+00:00,https://bilgewatermarket.com/cards,Spinning Axe,nonfoil,2.35,https://bilgewatermarket.com/cards/SFD-186,normal,https://bilgewatermarket.com/assets/SFD-186-EN-DCkWB25G.jpg,¥11.85,$2.35,,Spinning Axe SFD-186/221 CN ¥11.85 EN $2.35
2026-09-22T20:02:46+00:00,https://bilgewatermarket.com/cards,"Rek'Sai, Void Burrower",nonfoil,0.16,https://bilgewatermarket.com/cards/SFD-187,normal,https://bilgewatermarket.com/assets/SFD-187-EN-CzkuqObl.jpg,¥0.53,$0.16,,"Rek'Sai, Void Burrower SFD-187/221 CN ¥0.53 EN $0.16"
2026-09-22T20:02:46+00:00,https://bilgewatermarket.com/cards,Void Rush,nonfoil,11.22,https://bilgewatermarket.com/cards/SFD-188,normal,https://bilgewatermarket.com/assets/SFD-188-EN-1L2wJnCX.jpg,¥18.26,$11.22,,Void Rush SFD-188/221 CN ¥18.26 EN $11.22
2026-09-22T20:02:46+00:00,https://bilgewatermarket.com/cards,"Ornn, Fire Below the Mountain",nonfoil,0.13,https://bilgewatermarket.com/cards/SFD-189,normal,https://bilgewatermarket.com/assets/SFD-189-EN-CSalcT57.jpg,¥0.52,$0.13,,"Ornn, Fire Below the Mountain SFD-189/221 CN ¥0.52 EN $0.13"
2026-09-22T20:02:46+00:00,https://bilgewatermarket.com/cards,Forgefire Cape,nonfoil,0.41,https://bilgewatermarket.com/cards/SFD-190,normal,https://bilgewatermarket.com/assets/SFD-190-EN-HHeMQmZB.jpg,¥1.41,$0.41,,Forgefire Cape SFD-190/221 CN ¥1.41 EN $0.41
2026-09-22T20:02:46+00:00,https://bilgewatermarket.com/cards,Rabadon's Deathcrown,nonfoil,0.40,https://bilgewatermarket.com/cards/SFD-191,normal,https://bilgewatermarket.com/assets/SFD-191-EN-Capm8fok.jpg,¥1.12,$0.40,,Rabadon's Deathcrown SFD-191/221 CN ¥1.12 EN $0.40
2026-09-22T20:02:46+00:00,https://bilgewatermarket.com/cards,Shurelya's Requiem,nonfoil,0.51,https://bilgewatermarket.com/cards/SFD-192,normal,https://bilgewatermarket.com/assets/SFD-192-EN-B6ebYZpm.jpg,¥1.51,$0.51,,Shurelya's Requiem SFD-192/221 CN ¥1.51 EN $0.51
2026-09-22T20:02:46+00:00,https://bilgewatermarket.com/cards,"Jax, Grandmaster at Arms",nonfoil,0.17,https://bilgewatermarket.com/cards/SFD-193,normal,https://bilgewatermarket.com/assets/SFD-193-EN-ahf3_3L2.jpg,¥0.50,$0.17,,"Jax, Grandmaster at Arms SFD-193/221 CN ¥0.50 EN $0.17"
2026-09-22T20:02:46+00:00,https://bilgewatermarket.com/cards,Counter Strike,nonfoil,1.08,https://bilgewatermarket.com/cards/SFD-194,normal,https://bilgewatermarket.com/assets/SFD-194-EN-iv2u4NAM.jpg,¥2.23,$1.08,,Counter Strike SFD-194/221 CN ¥2.23 EN $1.08
2026-09-22T20:02:46+00:00,https://bilgewatermarket.com/cards,"Irelia, Blade Dancer",nonfoil,0.21,https://bilgewatermarket.com/cards/SFD-195,normal,https://bilgewatermarket.com/assets/SFD-195-EN-DnE98LzR.jpg,¥0.90,$0.21,,"Irelia, Blade Dancer SFD-195/221 CN ¥0.90 EN $0.21"
2026-09-22T20:02:46+00:00,https://bilgewatermarket.com/cards,Defiant Dance,nonfoil,19.37,https://bilgewatermarket.com/cards/SFD-196,normal,https://bilgewatermarket.com/assets/SFD-196-EN-DxJykAms.jpg,¥61.21,$19.37,,Defiant Dance SFD-196/221 CN ¥61.21 EN $19.37
2026-09-22T20:02:46+00:00,https://bilgewatermarket.com/cards,"Azir, Emperor of the Sands",nonfoil,0.25,https://bilgewatermarket.com/cards/SFD-197,normal,https://bilgewatermarket.com/assets/SFD-197-EN-CFXDo0nd.jpg,¥0.52,$0.25,,"Azir, Emperor of the Sands SFD-197/221 CN ¥0.52 EN $0.25"
2026-09-22T20:02:46+00:00,https://bilgewatermarket.com/cards,Arise!,nonfoil,27.39,https://bilgewatermarket.com/cards/SFD-198,normal,https://bilgewatermarket.com/assets/SFD-198-EN-DkNEfkr6.jpg,¥44.03,$27.39,,Arise! SFD-198/221 CN ¥44.03 EN $27.39
2026-09-22T20:02:46+00:00,https://bilgewatermarket.com/cards,"Ezreal, Prodigal Explorer",nonfoil,0.15,https://bilgewatermarket.com/cards/SFD-199,normal,https://bilgewatermarket.com/assets/SFD-199-EN-BW9VbB6b.jpg,¥0.52,$0.15,,"Ezreal, Prodigal Explorer SFD-199/221 CN ¥0.52 EN $0.15"
2026-09-22T20:02:46+00:00,https://bilgewatermarket.com/cards,Arcane Shift,nonfoil,0.86,https://bilgewatermarket.com/cards/SFD-200,normal,https://bilgewatermarket.com/assets/SFD-200-EN-KoMRFjLS.jpg,¥6.51,$0.86,,Arcane Shift SFD-200/221 CN ¥6.51 EN $0.86
2026-09-22T20:02:46+00:00,https://bilgewatermarket.com/cards,"Renata Glasc, Chem-Baroness",nonfoil,0.19,https://bilgewatermarket.com/cards/SFD-201,normal,https://bilgewatermarket.com/assets/SFD-201-EN-BVtQ5z_6.jpg,¥0.51,$0.19,,"Renata Glasc, Chem-Baroness SFD-201/221 CN ¥0.51 EN $0.19"
2026-09-22T20:02:46+00:00,https://bilgewatermarket.com/cards,Hostile Takeover,nonfoil,1.20,https://bilgewatermarket.com/cards/SFD-202,normal,https://bilgewatermarket.com/assets/SFD-202-EN-BmNt1ECm.jpg,¥2.77,$1.20,,Hostile Takeover SFD-202/221 CN ¥2.77 EN $1.20
2026-09-22T20:02:46+00:00,https://bilgewatermarket.com/cards,"Sivir, Battle Mistress",nonfoil,0.20,https://bilgewatermarket.com/cards/SFD-203,normal,https://bilgewatermarket.com/assets/SFD-203-EN-Bq7RizJe.jpg,¥0.51,$0.20,,"Sivir, Battle Mistress SFD-203/221 CN ¥0.51 EN $0.20"
2026-09-22T20:02:46+00:00,https://bilgewatermarket.com/cards,On the Hunt,nonfoil,0.60,https://bilgewatermarket.com/cards/SFD-204,normal,https://bilgewatermarket.com/assets/SFD-204-EN-Bznf376t.jpg,¥1.14,$0.60,,On the Hunt SFD-204/221 CN ¥1.14 EN $0.60
2026-09-22T20:02:46+00:00,https://bilgewatermarket.com/cards,"Fiora, Grand Duelist",nonfoil,0.20,https://bilgewatermarket.com/cards/SFD-205,normal,https://bilgewatermarket.com/assets/SFD-205-EN-DgZ63T8R.jpg,¥0.60,$0.20,,"Fiora, Grand Duelist SFD-205/221 CN ¥0.60 EN $0.20"
2026-09-22T20:02:46+00:00,https://bilgewatermarket.com/cards,Riposte,nonfoil,4.13,https://bilgewatermarket.com/cards/SFD-206,normal,https://bilgewatermarket.com/assets/SFD-206-EN-Bjh5PFKh.jpg,¥10.91,$4.13,,Riposte SFD-206/221 CN ¥10.91 EN $4.13
2026-09-22T20:02:46+00:00,https://bilgewatermarket.com/cards,Emperor's Dais,foil,0.31,https://bilgewatermarket.com/cards/SFD-207?print_variation=foiled,foiled,https://bilgewatermarket.com/assets/SFD-207-EN-N3EnFSnY.jpg,¥2.19,$0.31,,Emperor's Dais SFD-207/221 Foiled CN ¥2.19 EN $0.31
2026-09-22T20:02:46+00:00,https://bilgewatermarket.com/cards,Emperor's Dais,nonfoil,0.13,https://bilgewatermarket.com/cards/SFD-207,normal,https://bilgewatermarket.com/assets/SFD-207-EN-N3EnFSnY.jpg,¥0.54,$0.13,,Emperor's Dais SFD-207/221 CN ¥0.54 EN $0.13
2026-09-22T20:02:46+00:00,https://bilgewatermarket.com/cards,Forge of the Fluft,foil,0.33,https://bilgewatermarket.com/cards/SFD-208?print_variation=foiled,foiled,https://bilgewatermarket.com/assets/SFD-208-EN-CTDBpW54.jpg,¥1.02,$0.33,,Forge of the Fluft SFD-208/221 Foiled CN ¥1.02 EN $0.33
2026-09-22T20:02:46+00:00,https://bilgewatermarket.com/cards,Forge of the Fluft,nonfoil,0.08,https://bilgewatermarket.com/cards/SFD-208,normal,https://bilgewatermarket.com/assets/SFD-208-EN-CTDBpW54.jpg,¥0.61,$0.08,,Forge of the Fluft SFD-208/221 CN ¥0.61 EN $0.08
2026-09-22T20:02:46+00:00,https://bilgewatermarket.com/cards,Forgotten Monument,foil,0.37,https://bilgewatermarket.com/cards/SFD-209?print_variation=foiled,foiled,https://bilgewatermarket.com/assets/SFD-209-EN-DzWkQ25F.jpg,¥1.79,$0.37,,Forgotten Monument SFD-209/221 Foiled CN ¥1.79 EN $0.37
2026-09-22T20:02:46+00:00,https://bilgewatermarket.com/cards,Forgotten Monument,nonfoil,0.13,https://bilgewatermarket.com/cards/SFD-209,normal,https://bilgewatermarket.com/assets/SFD-209-EN-DzWkQ25F.jpg,¥0.56,$0.13,,Forgotten Monument SFD-209/221 CN ¥0.56 EN $0.13
2026-09-22T20:02:46+00:00,https://bilgewatermarket.com/cards,Hall of Legends,foil,0.41,https://bilgewatermarket.com/cards/SFD-210?print_variation=foiled,foiled,https://bilgewatermarket.com/assets/SFD-210-EN-C1Gsm-fN.jpg,¥1.68,$0.41,,Hall of Legends SFD-210/221 Foiled CN ¥1.68 EN $0.41
2026-09-22T20:02:46+00:00,https://bilgewatermarket.com/cards,Hall of Legends,nonfoil,0.12,https://bilgewatermarket.com/cards/SFD-210,normal,https://bilgewatermarket.com/assets/SFD-210-EN-C1Gsm-fN.jpg,¥0.59,$0.12,,Hall of Legends SFD-210/221 CN ¥0.59 EN $0.12
2026-09-22T20:02:46+00:00,https://bilgewatermarket.com/cards,Marai Spire,foil,0.31,https://bilgewatermarket.com/cards/SFD-211?print_variation=foiled,foiled,https://bilgewatermarket.com/assets/SFD-211-EN-DhjA4i0E.jpg,¥0.74,$0.31,,Marai Spire SFD-211/221 Foiled CN ¥0.74 EN $0.31
2026-09-22T20:02:46+00:00,https://bilgewatermarket.com/cards,Marai Spire,nonfoil,0.09,https://bilgewatermarket.com/cards/SFD-211,normal,https://bilgewatermarket.com/assets/SFD-211-EN-DhjA4i0E.jpg,¥0.50,$0.09,,Marai Spire SFD-211/221 CN ¥0.50 EN $0.09
2026-09-22T20:02:46+00:00,https://bilgewatermarket.com/cards,Minefield,foil,0.34,https://bilgewatermarket.com/cards/SFD-212?print_variation=foiled,foiled,https://bilgewatermarket.com/assets/SFD-212-EN-9i-p4FAV.jpg,¥1.61,$0.34,,Minefield SFD-212/221 Foiled CN ¥1.61 EN $0.34
2026-09-22T20:02:46+00:00,https://bilgewatermarket.com/cards,Minefield,nonfoil,0.13,https://bilgewatermarket.com/cards/SFD-212,normal,https://bilgewatermarket.com/assets/SFD-212-EN-9i-p4FAV.jpg,¥0.54,$0.13,,Minefield SFD-212/221 CN ¥0.54 EN $0.13
2026-09-22T20:02:46+00:00,https://bilgewatermarket.com/cards,Ornn's Forge,foil,0.41,https://bilgewatermarket.com/cards/SFD-213?print_variation=foiled,foiled,https://bilgewatermarket.com/assets/SFD-213-EN-DoCj0C9S.jpg,¥2.15,$0.41,,Ornn's Forge SFD-213/221 Foiled CN ¥2.15 EN $0.41
2026-09-22T20:02:46+00:00,https://bilgewatermarket.com/cards,Ornn's Forge,nonfoil,0.09,https://bilgewatermarket.com/cards/SFD-213,normal,https://bilgewatermarket.com/assets/SFD-213-EN-DoCj0C9S.jpg,¥0.54,$0.09,,Ornn's Forge SFD-213/221 CN ¥0.54 EN $0.09
2026-09-22T20:02:46+00:00,https://bilgewatermarket.com/cards,Power Nexus,foil,0.33,https://bilgewatermarket.com/cards/SFD-214?print_variation=foiled,foiled,https://bilgewatermarket.com/assets/SFD-214-EN-Du0VGNks.jpg,¥1.99,$0.33,,Power Nexus SFD-214/221 Foiled CN ¥1.99 EN $0.33
2026-09-22T20:02:46+00:00,https://bilgewatermarket.com/cards,Power Nexus,nonfoil,0.09,https://bilgewatermarket.com/cards/SFD-214,normal,https://bilgewatermarket.com/assets/SFD-214-EN-Du0VGNks.jpg,¥0.54,$0.09,,Power Nexus SFD-214/221 CN ¥0.54 EN $0.09
2026-09-22T20:02:46+00:00,https://bilgewatermarket.com/cards,Ravenbloom Conservatory,foil,0.52,https://bilgewatermarket.com/cards/SFD-215?print_variation=foiled,foiled,https://bilgewatermarket.com/assets/SFD-215-EN-D_vBanEi.jpg,¥2.13,$0.52,,Ravenbloom Conservatory SFD-215/221 Foiled CN ¥2.13 EN $0.52
2026-09-22T20:02:46+00:00,https://bilgewatermarket.com/cards,Ravenbloom Conservatory,nonfoil,0.16,https://bilgewatermarket.com/cards/SFD-215,normal,https://bilgewatermarket.com/assets/SFD-215-EN-D_vBanEi.jpg,¥0.57,$0.16,,Ravenbloom Conservatory SFD-215/221 CN ¥0.57 EN $0.16
2026-09-22T20:02:46+00:00,https://bilgewatermarket.com/cards,Rockfall Path,foil,0.69,https://bilgewatermarket.com/cards/SFD-216?print_variation=foiled,foiled,https://bilgewatermarket.com/assets/SFD-216-EN-C1ampjVi.jpg,¥2.48,$0.69,,Rockfall Path SFD-216/221 Foiled CN ¥2.48 EN $0.69
2026-09-22T20:02:46+00:00,https://bilgewatermarket.com/cards,Rockfall Path,nonfoil,0.17,https://bilgewatermarket.com/cards/SFD-216,normal,https://bilgewatermarket.com/assets/SFD-216-EN-C1ampjVi.jpg,¥0.59,$0.17,,Rockfall Path SFD-216/221 CN ¥0.59 EN $0.17
2026-09-22T20:02:46+00:00,https://bilgewatermarket.com/cards,Seat of Power,foil,0.45,https://bilgewatermarket.com/cards/SFD-217?print_variation=foiled,foiled,https://bilgewatermarket.com/assets/SFD-217-EN-BxtCgwad.jpg,¥1.96,$0.45,,Seat of Power SFD-217/221 Foiled CN ¥1.96 EN $0.45
2026-09-22T20:02:46+00:00,https://bilgewatermarket.com/cards,Seat of Power,nonfoil,0.17,https://bilgewatermarket.com/cards/SFD-217,normal,https://bilgewatermarket.com/assets/SFD-217-EN-BxtCgwad.jpg,¥0.63,$0.17,,Seat of Power SFD-217/221 CN ¥0.63 EN $0.17
2026-09-22T20:02:46+00:00,https://bilgewatermarket.com/cards,Sunken Temple,foil,0.70,https://bilgewatermarket.com/cards/SFD-218?print_variation=foiled,foiled,https://bilgewatermarket.com/assets/SFD-218-EN-vX28c3jk.jpg,¥3.01,$0.70,,Sunken Temple SFD-218/221 Foiled CN ¥3.01 EN $0.70
2026-09-22T20:02:46+00:00,https://bilgewatermarket.com/cards,Sunken Temple,nonfoil,0.17,https://bilgewatermarket.com/cards/SFD-218,normal,https://bilgewatermarket.com/assets/SFD-218-EN-vX28c3jk.jpg,¥0.58,$0.17,,Sunken Temple SFD-218/221 CN ¥0.58 EN $0.17
2026-09-22T20:02:46+00:00,https://bilgewatermarket.com/cards,The Papertree,foil,0.41,https://bilgewatermarket.com/cards/SFD-219?print_variation=foiled,foiled,https://bilgewatermarket.com/assets/SFD-219-EN-CqDOSJ1r.jpg,¥1.94,$0.41,,The Papertree SFD-219/221 Foiled CN ¥1.94 EN $0.41
2026-09-22T20:02:46+00:00,https://bilgewatermarket.com/cards,The Papertree,nonfoil,0.15,https://bilgewatermarket.com/cards/SFD-219,normal,https://bilgewatermarket.com/assets/SFD-219-EN-CqDOSJ1r.jpg,¥0.58,$0.15,,The Papertree SFD-219/221 CN ¥0.58 EN $0.15
2026-09-22T20:02:46+00:00,https://bilgewatermarket.com/cards,Treasure Hoard,foil,0.40,https://bilgewatermarket.com/cards/SFD-220?print_variation=foiled,foiled,https://bilgewatermarket.com/assets/SFD-220-EN-Q6WX-T90.jpg,¥1.90,$0.40,,Treasure Hoard SFD-220/221 Foiled CN ¥1.90 EN $0.40
2026-09-22T20:02:46+00:00,https://bilgewatermarket.com/cards,Treasure Hoard,nonfoil,0.11,https://bilgewatermarket.com/cards/SFD-220,normal,https://bilgewatermarket.com/assets/SFD-220-EN-Q6WX-T90.jpg,¥0.56,$0.11,,Treasure Hoard SFD-220/221 CN ¥0.56 EN $0.11
2026-09-22T20:02:46+00:00,https://bilgewatermarket.com/cards,Veiled Temple,foil,0.44,https://bilgewatermarket.com/cards/SFD-221?print_variation=foiled,foiled,https://bilgewatermarket.com/assets/SFD-221-EN-BAJl2GHM.jpg,¥1.87,$0.44,,Veiled Temple SFD-221/221 Foiled CN ¥1.87 EN $0.44
2026-09-22T20:02:46+00:00,https://bilgewatermarket.com/cards,Veiled Temple,nonfoil,0.09,https://bilgewatermarket.com/cards/SFD-221,normal,https://bilgewatermarket.com/assets/SFD-221-EN-BAJl2GHM.jpg,¥0.57,$0.09,,Veiled Temple SFD-221/221 CN ¥0.57 EN $0.09
2026-09-22T20:02:46+00:00,https://bilgewatermarket.com/cards,Seal of Rage,nonfoil,58.36,https://bilgewatermarket.com/cards/SFD-222?print_variation=showcase,showcase,https://bilgewatermarket.com/assets/SFD-222-EN-QPXGrTQf.jpg,¥113.14,$58.36,,Seal of Rage SFD-222/221 Showcase CN ¥113.14 EN $58.36
2026-09-22T20:02:46+00:00,https://bilgewatermarket.com/cards,"Vayne, Hunter",nonfoil,221.20,https://bilgewatermarket.com/cards/SFD-223?print_variation=showcase,showcase,https://bilgewatermarket.com/assets/SFD-223-EN-BLsRJ_Th.jpg,¥230.21,$221.20,,"Vayne, Hunter SFD-223/221 Showcase CN ¥230.21 EN $221.20"
2026-09-22T20:02:46+00:00,https://bilgewatermarket.com/cards,"Aphelios, Exalted",nonfoil,78.54,https://bilgewatermarket.com/cards/SFD-224?print_variation=showcase,showcase,https://bilgewatermarket.com/assets/SFD-224-EN-BibuWviQ.jpg,¥115.79,$78.54,,"Aphelios, Exalted SFD-224/221 Showcase CN ¥115.79 EN $78.54"
2026-09-22T20:02:46+00:00,https://bilgewatermarket.com/cards,"Irelia, Fervent",nonfoil,370.93,https://bilgewatermarket.com/cards/SFD-225?print_variation=showcase,showcase,https://bilgewatermarket.com/assets/SFD-225-EN-DbwciXc6.jpg,¥882.78,$370.93,,"Irelia, Fervent SFD-225/221 Showcase CN ¥882.78 EN $370.93"
2026-09-22T20:02:46+00:00,https://bilgewatermarket.com/cards,Seal of Focus,nonfoil,66.25,https://bilgewatermarket.com/cards/SFD-226?print_variation=showcase,showcase,https://bilgewatermarket.com/assets/SFD-226-EN-DRD2_OnS.jpg,¥130.88,$66.25,,Seal of Focus SFD-226/221 Showcase CN ¥130.88 EN $66.25
2026-09-22T20:02:46+00:00,https://bilgewatermarket.com/cards,"Ahri, Inquisitive",nonfoil,667.57,https://bilgewatermarket.com/cards/SFD-227?print_variation=showcase,showcase,https://bilgewatermarket.com/assets/SFD-227-EN-DvegR4QN.jpg,"¥1,409.19",$667.57,,"Ahri, Inquisitive SFD-227/221 Showcase CN ¥1,409.19 EN $667.57"
2026-09-22T20:02:46+00:00,https://bilgewatermarket.com/cards,"Bard, Mercurial",nonfoil,70.53,https://bilgewatermarket.com/cards/SFD-228?print_variation=showcase,showcase,https://bilgewatermarket.com/assets/SFD-228-EN-DBJJrNVV.jpg,¥44.91,$70.53,,"Bard, Mercurial SFD-228/221 Showcase CN ¥44.91 EN $70.53"
2026-09-22T20:02:46+00:00,https://bilgewatermarket.com/cards,Seal of Insight,nonfoil,50.16,https://bilgewatermarket.com/cards/SFD-229?print_variation=showcase,showcase,https://bilgewatermarket.com/assets/SFD-229-EN-n4_4VvM_.jpg,¥121.81,$50.16,,Seal of Insight SFD-229/221 Showcase CN ¥121.81 EN $50.16
2026-09-22T20:02:46+00:00,https://bilgewatermarket.com/cards,"Teemo, Strategist",nonfoil,170.58,https://bilgewatermarket.com/cards/SFD-230?print_variation=showcase,showcase,https://bilgewatermarket.com/assets/SFD-230-EN-BYAycbtp.jpg,¥130.61,$170.58,,"Teemo, Strategist SFD-230/221 Showcase CN ¥130.61 EN $170.58"
2026-09-22T20:02:46+00:00,https://bilgewatermarket.com/cards,Seal of Strength,nonfoil,45.44,https://bilgewatermarket.com/cards/SFD-231?print_variation=showcase,showcase,https://bilgewatermarket.com/assets/SFD-231-EN-JELO44eG.jpg,¥90.68,$45.44,,Seal of Strength SFD-231/221 Showcase CN ¥90.68 EN $45.44
2026-09-22T20:02:46+00:00,https://bilgewatermarket.com/cards,"Sett, Brawler",nonfoil,81.12,https://bilgewatermarket.com/cards/SFD-232?print_variation=showcase,showcase,https://bilgewatermarket.com/assets/SFD-232-EN-CHBnYiVY.jpg,¥145.85,$81.12,,"Sett, Brawler SFD-232/221 Showcase CN ¥145.85 EN $81.12"
2026-09-22T20:02:46+00:00,https://bilgewatermarket.com/cards,"Yone, Blademaster",nonfoil,82.97,https://bilgewatermarket.com/cards/SFD-233?print_variation=showcase,showcase,https://bilgewatermarket.com/assets/SFD-233-EN-saWoFer2.jpg,¥115.19,$82.97,,"Yone, Blademaster SFD-233/221 Showcase CN ¥115.19 EN $82.97"
2026-09-22T20:02:46+00:00,https://bilgewatermarket.com/cards,Seal of Discord,nonfoil,114.30,https://bilgewatermarket.com/cards/SFD-234?print_variation=showcase,showcase,https://bilgewatermarket.com/assets/SFD-234-EN-jqqqn7m_.jpg,¥321.12,$114.30,,Seal of Discord SFD-234/221 Showcase CN ¥321.12 EN $114.30
2026-09-22T20:02:46+00:00,https://bilgewatermarket.com/cards,"Yasuo, Windrider",nonfoil,62.23,https://bilgewatermarket.com/cards/SFD-235?print_variation=showcase,showcase,https://bilgewatermarket.com/assets/SFD-235-EN-BShqONLC.jpg,¥136.92,$62.23,,"Yasuo, Windrider SFD-235/221 Showcase CN ¥136.92 EN $62.23"
2026-09-22T20:02:46+00:00,https://bilgewatermarket.com/cards,"Darius, Executioner",nonfoil,51.35,https://bilgewatermarket.com/cards/SFD-236?print_variation=showcase,showcase,https://bilgewatermarket.com/assets/SFD-236-EN-BzYAI4pb.jpg,¥42.29,$51.35,,"Darius, Executioner SFD-236/221 Showcase CN ¥42.29 EN $51.35"
2026-09-22T20:02:46+00:00,https://bilgewatermarket.com/cards,"Karma, Channeler",nonfoil,48.75,https://bilgewatermarket.com/cards/SFD-237?print_variation=showcase,showcase,https://bilgewatermarket.com/assets/SFD-237-EN-D0tndqi8.jpg,¥48.68,$48.75,,"Karma, Channeler SFD-237/221 Showcase CN ¥48.68 EN $48.75"
2026-09-22T20:02:46+00:00,https://bilgewatermarket.com/cards,Seal of Unity,nonfoil,57.97,https://bilgewatermarket.com/cards/SFD-238?print_variation=showcase,showcase,https://bilgewatermarket.com/assets/SFD-238-EN-Ck_ACKke.jpg,¥142.30,$57.97,,Seal of Unity SFD-238/221 Showcase CN ¥142.30 EN $57.97
2026-09-22T20:02:46+00:00,https://bilgewatermarket.com/cards,"Soraka, Wanderer",nonfoil,136.08,https://bilgewatermarket.com/cards/SFD-239?print_variation=showcase,showcase,https://bilgewatermarket.com/assets/SFD-239-EN-C7QgYGOv.jpg,¥157.79,$136.08,,"Soraka, Wanderer SFD-239/221 Showcase CN ¥157.79 EN $136.08"
2026-09-22T20:02:46+00:00,https://bilgewatermarket.com/cards,"Rumble, Mechanized Menace",nonfoil,49.72,https://bilgewatermarket.com/cards/SFD-240?print_variation=showcase,showcase,https://bilgewatermarket.com/assets/SFD-240-EN-DikLd0l4.jpg,¥43.92,$49.72,,"Rumble, Mechanized Menace SFD-240/221 Showcase CN ¥43.92 EN $49.72"
2026-09-22T20:02:46+00:00,https://bilgewatermarket.com/cards,"Lucian, Purifier",nonfoil,63.86,https://bilgewatermarket.com/cards/SFD-241?print_variation=showcase,showcase,https://bilgewatermarket.com/assets/SFD-241-EN-4X2p8J6s.jpg,¥55.44,$63.86,,"Lucian, Purifier SFD-241/221 Showcase CN ¥55.44 EN $63.86"
2026-09-22T20:02:46+00:00,https://bilgewatermarket.com/cards,"Draven, Glorious Executioner",nonfoil,100.98,https://bilgewatermarket.com/cards/SFD-242?print_variation=showcase,showcase,https://bilgewatermarket.com/assets/SFD-242-EN-Bpqba8VF.jpg,¥104.79,$100.98,,"Draven, Glorious Executioner SFD-242/221 Showcase CN ¥104.79 EN $100.98"
2026-09-22T20:02:46+00:00,https://bilgewatermarket.com/cards,"Rek'Sai, Void Burrower",nonfoil,99.76,https://bilgewatermarket.com/cards/SFD-243?print_variation=showcase,showcase,https://bilgewatermarket.com/assets/SFD-243-EN-CAGTjBnH.jpg,¥97.98,$99.76,,"Rek'Sai, Void Burrower SFD-243/221 Showcase CN ¥97.98 EN $99.76"
2026-09-22T20:02:46+00:00,https://bilgewatermarket.com/cards,"Ornn, Fire Below the Mountain",nonfoil,96.41,https://bilgewatermarket.com/cards/SFD-244?print_variation=showcase,showcase,https://bilgewatermarket.com/assets/SFD-244-EN-IMmjGyrT.jpg,¥98.57,$96.41,,"Ornn, Fire Below the Mountain SFD-244/221 Showcase CN ¥98.57 EN $96.41"
2026-09-22T20:02:46+00:00,https://bilgewatermarket.com/cards,"Jax, Grandmaster at Arms",nonfoil,61.36,https://bilgewatermarket.com/cards/SFD-245?print_variation=showcase,showcase,https://bilgewatermarket.com/assets/SFD-245-EN-D0R6UB5Y.jpg,¥67.20,$61.36,,"Jax, Grandmaster at Arms SFD-245/221 Showcase CN ¥67.20 EN $61.36"
2026-09-22T20:02:46+00:00,https://bilgewatermarket.com/cards,"Irelia, Blade Dancer",nonfoil,171.13,https://bilgewatermarket.com/cards/SFD-246?print_variation=showcase,showcase,https://bilgewatermarket.com/assets/SFD-246-EN-CpJc-7wm.jpg,¥161.63,$171.13,,"Irelia, Blade Dancer SFD-246/221 Showcase CN ¥161.63 EN $171.13"
2026-09-22T20:02:46+00:00,https://bilgewatermarket.com/cards,"Azir, Emperor of the Sands",nonfoil,130.36,https://bilgewatermarket.com/cards/SFD-247?print_variation=showcase,showcase,https://bilgewatermarket.com/assets/SFD-247-EN-oUs0EZjG.jpg,¥182.12,$130.36,,"Azir, Emperor of the Sands SFD-247/221 Showcase CN ¥182.12 EN $130.36"
2026-09-22T20:02:46+00:00,https://bilgewatermarket.com/cards,"Ezreal, Prodigal Explorer",nonfoil,113.64,https://bilgewatermarket.com/cards/SFD-248?print_variation=showcase,showcase,https://bilgewatermarket.com/assets/SFD-248-EN-CozO7eJT.jpg,¥156.07,$113.64,,"Ezreal, Prodigal Explorer SFD-248/221 Showcase CN ¥156.07 EN $113.64"
2026-09-22T20:02:46+00:00,https://bilgewatermarket.com/cards,"Renata Glasc, Chem-Baroness",nonfoil,49.77,https://bilgewatermarket.com/cards/SFD-249?print_variation=showcase,showcase,https://bilgewatermarket.com/assets/SFD-249-EN-oIM0Giiz.jpg,¥49.44,$49.77,,"Renata Glasc, Chem-Baroness SFD-249/221 Showcase CN ¥49.44 EN $49.77"
2026-09-22T20:02:46+00:00,https://bilgewatermarket.com/cards,"Sivir, Battle Mistress",nonfoil,59.46,https://bilgewatermarket.com/cards/SFD-250?print_variation=showcase,showcase,https://bilgewatermarket.com/assets/SFD-250-EN-Cp4_sOH4.jpg,¥62.72,$59.46,,"Sivir, Battle Mistress SFD-250/221 Showcase CN ¥62.72 EN $59.46"
2026-09-22T20:02:46+00:00,https://bilgewatermarket.com/cards,"Fiora, Grand Duelist",nonfoil,114.34,https://bilgewatermarket.com/cards/SFD-251?print_variation=showcase,showcase,https://bilgewatermarket.com/assets/SFD-251-EN-CUbOWaM_.jpg,¥189.08,$114.34,,"Fiora, Grand Duelist SFD-251/221 Showcase CN ¥189.08 EN $114.34"
2026-09-22T20:02:46+00:00,https://bilgewatermarket.com/cards,"Annie, Fiery",nonfoil,1.36,https://bilgewatermarket.com/cards/OGS-001,normal,https://bilgewatermarket.com/assets/OGS-001-EN-CYO2fbev.jpg,¥1.02,$1.36,,"Annie, Fiery OGS-001/024 CN ¥1.02 EN $1.36"
2026-09-22T20:02:46+00:00,https://bilgewatermarket.com/cards,Firestorm,nonfoil,0.43,https://bilgewatermarket.com/cards/OGS-002,normal,https://bilgewatermarket.com/assets/OGS-002-EN-C08itga5.jpg,¥0.50,$0.43,,Firestorm OGS-002/024 CN ¥0.50 EN $0.43
2026-09-22T20:02:46+00:00,https://bilgewatermarket.com/cards,Incinerate,nonfoil,0.43,https://bilgewatermarket.com/cards/OGS-003,normal,https://bilgewatermarket.com/assets/OGS-003-EN-B4ldjK9W.jpg,¥0.50,$0.43,,Incinerate OGS-003/024 CN ¥0.50 EN $0.43
2026-09-22T20:02:46+00:00,https://bilgewatermarket.com/cards,"Yi, Meditative",nonfoil,0.58,https://bilgewatermarket.com/cards/OGS-004,normal,https://bilgewatermarket.com/assets/OGS-004-EN-CwBjQ7el.jpg,¥1.15,$0.58,,"Yi, Meditative OGS-004/024 CN ¥1.15 EN $0.58"
2026-09-22T20:02:46+00:00,https://bilgewatermarket.com/cards,Zephyr Sage,nonfoil,0.25,https://bilgewatermarket.com/cards/OGS-005,normal,https://bilgewatermarket.com/assets/OGS-005-EN-BrAXm-wn.jpg,¥0.50,$0.25,,Zephyr Sage OGS-005/024 CN ¥0.50 EN $0.25
2026-09-22T20:02:46+00:00,https://bilgewatermarket.com/cards,"Lux, Illuminated",nonfoil,0.61,https://bilgewatermarket.com/cards/OGS-006,normal,https://bilgewatermarket.com/assets/OGS-006-EN-Co7IxYyy.jpg,¥1.00,$0.61,,"Lux, Illuminated OGS-006/024 CN ¥1.00 EN $0.61"
2026-09-22T20:02:46+00:00,https://bilgewatermarket.com/cards,"Garen, Rugged",nonfoil,0.52,https://bilgewatermarket.com/cards/OGS-007,normal,https://bilgewatermarket.com/assets/OGS-007-EN-v1rHpHr6.jpg,¥0.96,$0.52,,"Garen, Rugged OGS-007/024 CN ¥0.96 EN $0.52"
2026-09-22T20:02:46+00:00,https://bilgewatermarket.com/cards,Gentlemen's Duel,nonfoil,0.35,https://bilgewatermarket.com/cards/OGS-008,normal,https://bilgewatermarket.com/assets/OGS-008-EN-DReIP5As.jpg,¥0.50,$0.35,,Gentlemen's Duel OGS-008/024 CN ¥0.50 EN $0.35
2026-09-22T20:02:46+00:00,https://bilgewatermarket.com/cards,"Yi, Honed",nonfoil,1.11,https://bilgewatermarket.com/cards/OGS-009,normal,https://bilgewatermarket.com/assets/OGS-009-EN-Ca4DmZZY.jpg,¥5.41,$1.11,,"Yi, Honed OGS-009/024 CN ¥5.41 EN $1.11"
2026-09-22T20:02:46+00:00,https://bilgewatermarket.com/cards,"Annie, Stubborn",nonfoil,3.94,https://bilgewatermarket.com/cards/OGS-010,normal,https://bilgewatermarket.com/assets/OGS-010-EN-C55wpRPA.jpg,¥2.07,$3.94,,"Annie, Stubborn OGS-010/024 CN ¥2.07 EN $3.94"
2026-09-22T20:02:46+00:00,https://bilgewatermarket.com/cards,Flash,nonfoil,5.14,https://bilgewatermarket.com/cards/OGS-011,normal,https://bilgewatermarket.com/assets/OGS-011-EN-ylQwYTCz.jpg,¥49.44,$5.14,,Flash OGS-011/024 CN ¥49.44 EN $5.14
2026-09-22T20:02:46+00:00,https://bilgewatermarket.com/cards,Blast of Power,nonfoil,0.41,https://bilgewatermarket.com/cards/OGS-012,normal,https://bilgewatermarket.com/assets/OGS-012-EN-Dn5AO54e.jpg,¥2.00,$0.41,,Blast of Power OGS-012/024 CN ¥2.00 EN $0.41
2026-09-22T20:02:46+00:00,https://bilgewatermarket.com/cards,"Garen, Commander",nonfoil,0.94,https://bilgewatermarket.com/cards/OGS-013,normal,https://bilgewatermarket.com/assets/OGS-013-EN-BEpEtALv.jpg,¥0.74,$0.94,,"Garen, Commander OGS-013/024 CN ¥0.74 EN $0.94"
2026-09-22T20:02:46+00:00,https://bilgewatermarket.com/cards,"Lux, Crownguard",nonfoil,3.91,https://bilgewatermarket.com/cards/OGS-014,normal,https://bilgewatermarket.com/assets/OGS-014-EN-ylm4AU7V.jpg,¥3.98,$3.91,,"Lux, Crownguard OGS-014/024 CN ¥3.98 EN $3.91"
2026-09-22T20:02:46+00:00,https://bilgewatermarket.com/cards,Recruit the Vanguard,nonfoil,0.92,https://bilgewatermarket.com/cards/OGS-015,normal,https://bilgewatermarket.com/assets/OGS-015-EN-C64tbBak.jpg,¥1.22,$0.92,,Recruit the Vanguard OGS-015/024 CN ¥1.22 EN $0.92
2026-09-22T20:02:46+00:00,https://bilgewatermarket.com/cards,Vanguard Attendant,nonfoil,0.23,https://bilgewatermarket.com/cards/OGS-016,normal,https://bilgewatermarket.com/assets/OGS-016-EN-CnRManLU.jpg,¥0.50,$0.23,,Vanguard Attendant OGS-016/024 CN ¥0.50 EN $0.23
2026-09-22T20:02:46+00:00,https://bilgewatermarket.com/cards,"Annie, Dark Child, Starter",nonfoil,4.08,https://bilgewatermarket.com/cards/OGS-017,normal,https://bilgewatermarket.com/assets/OGS-017-EN-B6y4Fkbh.jpg,¥4.88,$4.08,,"Annie, Dark Child, Starter OGS-017/024 CN ¥4.88 EN $4.08"
2026-09-22T20:02:46+00:00,https://bilgewatermarket.com/cards,Tibbers,nonfoil,0.55,https://bilgewatermarket.com/cards/OGS-018,normal,https://bilgewatermarket.com/assets/OGS-018-EN-CB9m76Y0.jpg,¥0.51,$0.55,,Tibbers OGS-018/024 CN ¥0.51 EN $0.55
2026-09-22T20:02:46+00:00,https://bilgewatermarket.com/cards,"Master Yi, Wuju Bladesman, Starter",nonfoil,20.42,https://bilgewatermarket.com/cards/OGS-019,normal,https://bilgewatermarket.com/assets/OGS-019-EN-vvCs17hJ.jpg,¥36.30,$20.42,,"Master Yi, Wuju Bladesman, Starter OGS-019/024 CN ¥36.30 EN $20.42"
2026-09-22T20:02:46+00:00,https://bilgewatermarket.com/cards,Highlander,nonfoil,0.77,https://bilgewatermarket.com/cards/OGS-020,normal,https://bilgewatermarket.com/assets/OGS-020-EN-DN_6aF09.jpg,¥0.52,$0.77,,Highlander OGS-020/024 CN ¥0.52 EN $0.77
2026-09-22T20:02:46+00:00,https://bilgewatermarket.com/cards,"Lux, Lady of Luminosity, Starter",nonfoil,11.76,https://bilgewatermarket.com/cards/OGS-021,normal,https://bilgewatermarket.com/assets/OGS-021-EN-D545Assc.jpg,¥5.04,$11.76,,"Lux, Lady of Luminosity, Starter OGS-021/024 CN ¥5.04 EN $11.76"
2026-09-22T20:02:46+00:00,https://bilgewatermarket.com/cards,Final Spark,nonfoil,1.18,https://bilgewatermarket.com/cards/OGS-022,normal,https://bilgewatermarket.com/assets/OGS-022-EN-QBRey-yX.jpg,¥1.01,$1.18,,Final Spark OGS-022/024 CN ¥1.01 EN $1.18
2026-09-22T20:02:46+00:00,https://bilgewatermarket.com/cards,"Garen, Might of Demacia, Starter",nonfoil,1.02,https://bilgewatermarket.com/cards/OGS-023,normal,https://bilgewatermarket.com/assets/OGS-023-EN-zKCce1tB.jpg,¥1.00,$1.02,,"Garen, Might of Demacia, Starter OGS-023/024 CN ¥1.00 EN $1.02"
2026-09-22T20:02:46+00:00,https://bilgewatermarket.com/cards,Decisive Strike,nonfoil,0.44,https://bilgewatermarket.com/cards/OGS-024,normal,https://bilgewatermarket.com/assets/OGS-024-EN-B7DDLrRf.jpg,¥0.53,$0.44,,Decisive Strike OGS-024/024 CN ¥0.53 EN $0.44
2026-09-22T20:02:46+00:00,https://bilgewatermarket.com/cards,Blazing Scorcher,foil,0.23,https://bilgewatermarket.com/cards/OGN-001?print_variation=foiled,foiled,https://bilgewatermarket.com/assets/OGN-001-EN-QjgEScQm.jpg,¥0.50,$0.23,,Blazing Scorcher OGN-001/298 Foiled CN ¥0.50 EN $0.23
2026-09-22T20:02:46+00:00,https://bilgewatermarket.com/cards,Blazing Scorcher,nonfoil,0.05,https://bilgewatermarket.com/cards/OGN-001,normal,https://bilgewatermarket.com/assets/OGN-001-EN-QjgEScQm.jpg,¥0.60,$0.05,,Blazing Scorcher OGN-001/298 CN ¥0.60 EN $0.05
2026-09-22T20:02:46+00:00,https://bilgewatermarket.com/cards,Brazen Buccaneer,foil,0.16,https://bilgewatermarket.com/cards/OGN-002?print_variation=foiled,foiled,https://bilgewatermarket.com/assets/OGN-002-EN-CCsccgyr.jpg,¥0.50,$0.16,,Brazen Buccaneer OGN-002/298 Foiled CN ¥0.50 EN $0.16
2026-09-22T20:02:46+00:00,https://bilgewatermarket.com/cards,Brazen Buccaneer,nonfoil,0.05,https://bilgewatermarket.com/cards/OGN-002,normal,https://bilgewatermarket.com/assets/OGN-002-EN-CCsccgyr.jpg,¥0.50,$0.05,,Brazen Buccaneer OGN-002/298 CN ¥0.50 EN $0.05
2026-09-22T20:02:46+00:00,https://bilgewatermarket.com/cards,Chemtech Enforcer,foil,0.14,https://bilgewatermarket.com/cards/OGN-003?print_variation=foiled,foiled,https://bilgewatermarket.com/assets/OGN-003-EN-CdgqVvdi.jpg,¥0.50,$0.14,,Chemtech Enforcer OGN-003/298 Foiled CN ¥0.50 EN $0.14
2026-09-22T20:02:46+00:00,https://bilgewatermarket.com/cards,Chemtech Enforcer,nonfoil,0.05,https://bilgewatermarket.com/cards/OGN-003,normal,https://bilgewatermarket.com/assets/OGN-003-EN-CdgqVvdi.jpg,¥0.50,$0.05,,Chemtech Enforcer OGN-003/298 CN ¥0.50 EN $0.05
2026-09-22T20:02:46+00:00,https://bilgewatermarket.com/cards,Cleave,foil,0.38,https://bilgewatermarket.com/cards/OGN-004?print_variation=foiled,foiled,https://bilgewatermarket.com/assets/OGN-004-EN-C6JkLzvq.jpg,¥2.18,$0.38,,Cleave OGN-004/298 Foiled CN ¥2.18 EN $0.38
2026-09-22T20:02:46+00:00,https://bilgewatermarket.com/cards,Cleave,nonfoil,0.18,https://bilgewatermarket.com/cards/OGN-004,normal,https://bilgewatermarket.com/assets/OGN-004-EN-C6JkLzvq.jpg,¥0.54,$0.18,,Cleave OGN-004/298 CN ¥0.54 EN $0.18
2026-09-22T20:02:46+00:00,https://bilgewatermarket.com/cards,Disintegrate,foil,0.23,https://bilgewatermarket.com/cards/OGN-005?print_variation=foiled,foiled,https://bilgewatermarket.com/assets/OGN-005-EN-D4v4u1t6.jpg,¥0.51,$0.23,,Disintegrate OGN-005/298 Foiled CN ¥0.51 EN $0.23
2026-09-22T20:02:46+00:00,https://bilgewatermarket.com/cards,Disintegrate,nonfoil,0.07,https://bilgewatermarket.com/cards/OGN-005,normal,https://bilgewatermarket.com/assets/OGN-005-EN-D4v4u1t6.jpg,¥0.50,$0.07,,Disintegrate OGN-005/298 CN ¥0.50 EN $0.07
2026-09-22T20:02:46+00:00,https://bilgewatermarket.com/cards,Flame Chompers,foil,0.23,https://bilgewatermarket.com/cards/OGN-006?print_variation=foiled,foiled,https://bilgewatermarket.com/assets/OGN-006-EN-89SZGJo6.jpg,¥0.56,$0.23,,Flame Chompers OGN-006/298 Foiled CN ¥0.56 EN $0.23
2026-09-22T20:02:46+00:00,https://bilgewatermarket.com/cards,Flame Chompers,nonfoil,0.08,https://bilgewatermarket.com/cards/OGN-006,normal,https://bilgewatermarket.com/assets/OGN-006-EN-89SZGJo6.jpg,¥0.50,$0.08,,Flame Chompers OGN-006/298 CN ¥0.50 EN $0.08
2026-09-22T20:02:46+00:00,https://bilgewatermarket.com/cards,Fury Rune,nonfoil,0.10,https://bilgewatermarket.com/cards/OGN-007,normal,https://bilgewatermarket.com/assets/OGN-007-EN-wQ74FRGr.jpg,¥0.51,$0.10,,Fury Rune OGN-007/298 CN ¥0.51 EN $0.10
2026-09-22T20:02:46+00:00,https://bilgewatermarket.com/cards,Fury Rune,nonfoil,2.75,https://bilgewatermarket.com/cards/OGN-007a?print_variation=showcase,showcase,https://bilgewatermarket.com/assets/OGN-007a-EN-B1eNPdqK.jpg,¥27.93,$2.75,,Fury Rune OGN-007A/298 Showcase CN ¥27.93 EN $2.75
2026-09-22T20:02:46+00:00,https://bilgewatermarket.com/cards,Get Excited!,foil,0.26,https://bilgewatermarket.com/cards/OGN-008?print_variation=foiled,foiled,https://bilgewatermarket.com/assets/OGN-008-EN-BcIYPU3o.jpg,¥0.99,$0.26,,Get Excited! OGN-008/298 Foiled CN ¥0.99 EN $0.26
2026-09-22T20:02:46+00:00,https://bilgewatermarket.com/cards,Get Excited!,nonfoil,0.07,https://bilgewatermarket.com/cards/OGN-008,normal,https://bilgewatermarket.com/assets/OGN-008-EN-BcIYPU3o.jpg,¥0.50,$0.07,,Get Excited! OGN-008/298 CN ¥0.50 EN $0.07
2026-09-22T20:02:46+00:00,https://bilgewatermarket.com/cards,Hextech Ray,foil,0.57,https://bilgewatermarket.com/cards/OGN-009?print_variation=foiled,foiled,https://bilgewatermarket.com/assets/OGN-009-EN-DN1gcUwS.jpg,¥1.40,$0.57,,Hextech Ray OGN-009/298 Foiled CN ¥1.40 EN $0.57
2026-09-22T20:02:46+00:00,https://bilgewatermarket.com/cards,Hextech Ray,nonfoil,0.16,https://bilgewatermarket.com/cards/OGN-009,normal,https://bilgewatermarket.com/assets/OGN-009-EN-DN1gcUwS.jpg,¥0.55,$0.16,,Hextech Ray OGN-009/298 CN ¥0.55 EN $0.16
2026-09-22T20:02:46+00:00,https://bilgewatermarket.com/cards,Legion Rearguard,foil,0.29,https://bilgewatermarket.com/cards/OGN-010?print_variation=foiled,foiled,https://bilgewatermarket.com/assets/OGN-010-EN-Cf4CCTAU.jpg,¥0.83,$0.29,,Legion Rearguard OGN-010/298 Foiled CN ¥0.83 EN $0.29
2026-09-22T20:02:46+00:00,https://bilgewatermarket.com/cards,Legion Rearguard,nonfoil,0.10,https://bilgewatermarket.com/cards/OGN-010,normal,https://bilgewatermarket.com/assets/OGN-010-EN-Cf4CCTAU.jpg,¥0.50,$0.10,,Legion Rearguard OGN-010/298 CN ¥0.50 EN $0.10
2026-09-22T20:02:46+00:00,https://bilgewatermarket.com/cards,Magma Wurm,foil,0.17,https://bilgewatermarket.com/cards/OGN-011?print_variation=foiled,foiled,https://bilgewatermarket.com/assets/OGN-011-EN-BpM9uxms.jpg,¥0.50,$0.17,,Magma Wurm OGN-011/298 Foiled CN ¥0.50 EN $0.17
2026-09-22T20:02:46+00:00,https://bilgewatermarket.com/cards,Magma Wurm,nonfoil,0.05,https://bilgewatermarket.com/cards/OGN-011,normal,https://bilgewatermarket.com/assets/OGN-011-EN-BpM9uxms.jpg,¥0.50,$0.05,,Magma Wurm OGN-011/298 CN ¥0.50 EN $0.05
2026-09-22T20:02:46+00:00,https://bilgewatermarket.com/cards,Noxus Hopeful,foil,4.64,https://bilgewatermarket.com/cards/OGN-012?print_variation=foiled,foiled,https://bilgewatermarket.com/assets/OGN-012-EN-BREPxn3T.jpg,¥2.91,$4.64,,Noxus Hopeful OGN-012/298 Foiled CN ¥2.91 EN $4.64
2026-09-22T20:02:46+00:00,https://bilgewatermarket.com/cards,Noxus Hopeful,nonfoil,0.63,https://bilgewatermarket.com/cards/OGN-012,normal,https://bilgewatermarket.com/assets/OGN-012-EN-BREPxn3T.jpg,¥0.65,$0.63,,Noxus Hopeful OGN-012/298 CN ¥0.65 EN $0.63
2026-09-22T20:02:46+00:00,https://bilgewatermarket.com/cards,Pouty Poro,foil,0.36,https://bilgewatermarket.com/cards/OGN-013?print_variation=foiled,foiled,https://bilgewatermarket.com/assets/OGN-013-EN-H7DCo7_Y.jpg,¥0.86,$0.36,,Pouty Poro OGN-013/298 Foiled CN ¥0.86 EN $0.36
2026-09-22T20:02:46+00:00,https://bilgewatermarket.com/cards,Pouty Poro,nonfoil,0.09,https://bilgewatermarket.com/cards/OGN-013,normal,https://bilgewatermarket.com/assets/OGN-013-EN-H7DCo7_Y.jpg,¥0.50,$0.09,,Pouty Poro OGN-013/298 CN ¥0.50 EN $0.09
2026-09-22T20:02:46+00:00,https://bilgewatermarket.com/cards,Sky Splitter,foil,0.38,https://bilgewatermarket.com/cards/OGN-014?print_variation=foiled,foiled,https://bilgewatermarket.com/assets/OGN-014-EN-C9p1vIVO.jpg,¥0.61,$0.38,,Sky Splitter OGN-014/298 Foiled CN ¥0.61 EN $0.38
2026-09-22T20:02:46+00:00,https://bilgewatermarket.com/cards,Sky Splitter,nonfoil,0.10,https://bilgewatermarket.com/cards/OGN-014,normal,https://bilgewatermarket.com/assets/OGN-014-EN-C9p1vIVO.jpg,¥0.51,$0.10,,Sky Splitter OGN-014/298 CN ¥0.51 EN $0.10
2026-09-22T20:02:46+00:00,https://bilgewatermarket.com/cards,Captain Farron,foil,0.29,https://bilgewatermarket.com/cards/OGN-015?print_variation=foiled,foiled,https://bilgewatermarket.com/assets/OGN-015-EN-C8ooOmcP.jpg,¥0.50,$0.29,,Captain Farron OGN-015/298 Foiled CN ¥0.50 EN $0.29
2026-09-22T20:02:46+00:00,https://bilgewatermarket.com/cards,Captain Farron,nonfoil,0.10,https://bilgewatermarket.com/cards/OGN-015,normal,https://bilgewatermarket.com/assets/OGN-015-EN-C8ooOmcP.jpg,¥0.50,$0.10,,Captain Farron OGN-015/298 CN ¥0.50 EN $0.10
2026-09-22T20:02:46+00:00,https://bilgewatermarket.com/cards,Dangerous Duo,foil,0.20,https://bilgewatermarket.com/cards/OGN-016?print_variation=foiled,foiled,https://bilgewatermarket.com/assets/OGN-016-EN-OvtPSoOr.jpg,¥0.57,$0.20,,Dangerous Duo OGN-016/298 Foiled CN ¥0.57 EN $0.20
2026-09-22T20:02:46+00:00,https://bilgewatermarket.com/cards,Dangerous Duo,nonfoil,0.05,https://bilgewatermarket.com/cards/OGN-016,normal,https://bilgewatermarket.com/assets/OGN-016-EN-OvtPSoOr.jpg,¥0.50,$0.05,,Dangerous Duo OGN-016/298 CN ¥0.50 EN $0.05
2026-09-22T20:02:46+00:00,https://bilgewatermarket.com/cards,Iron Ballista,foil,0.43,https://bilgewatermarket.com/cards/OGN-017?print_variation=foiled,foiled,https://bilgewatermarket.com/assets/OGN-017-EN-Ulcnr5Df.jpg,¥0.99,$0.43,,Iron Ballista OGN-017/298 Foiled CN ¥0.99 EN $0.43
2026-09-22T20:02:46+00:00,https://bilgewatermarket.com/cards,Iron Ballista,nonfoil,0.16,https://bilgewatermarket.com/cards/OGN-017,normal,https://bilgewatermarket.com/assets/OGN-017-EN-Ulcnr5Df.jpg,¥0.51,$0.16,,Iron Ballista OGN-017/298 CN ¥0.51 EN $0.16
2026-09-22T20:02:46+00:00,https://bilgewatermarket.com/cards,Noxus Saboteur,foil,0.27,https://bilgewatermarket.com/cards/OGN-018?print_variation=foiled,foiled,https://bilgewatermarket.com/assets/OGN-018-EN-lx4zItrI.jpg,¥0.51,$0.27,,Noxus Saboteur OGN-018/298 Foiled CN ¥0.51 EN $0.27
2026-09-22T20:02:46+00:00,https://bilgewatermarket.com/cards,Noxus Saboteur,nonfoil,0.11,https://bilgewatermarket.com/cards/OGN-018,normal,https://bilgewatermarket.com/assets/OGN-018-EN-lx4zItrI.jpg,¥0.54,$0.11,,Noxus Saboteur OGN-018/298 CN ¥0.54 EN $0.11
2026-09-22T20:02:46+00:00,https://bilgewatermarket.com/cards,Raging Soul,foil,0.28,https://bilgewatermarket.com/cards/OGN-019?print_variation=foiled,foiled,https://bilgewatermarket.com/assets/OGN-019-EN-RkVRC8Kr.jpg,¥0.70,$0.28,,Raging Soul OGN-019/298 Foiled CN ¥0.70 EN $0.28
2026-09-22T20:02:46+00:00,https://bilgewatermarket.com/cards,Raging Soul,nonfoil,0.05,https://bilgewatermarket.com/cards/OGN-019,normal,https://bilgewatermarket.com/assets/OGN-019-EN-RkVRC8Kr.jpg,¥0.50,$0.05,,Raging Soul OGN-019/298 CN ¥0.50 EN $0.05
2026-09-22T20:02:46+00:00,https://bilgewatermarket.com/cards,Scrapyard Champion,foil,0.30,https://bilgewatermarket.com/cards/OGN-020?print_variation=foiled,foiled,https://bilgewatermarket.com/assets/OGN-020-EN-DOoJXRy-.jpg,¥0.63,$0.30,,Scrapyard Champion OGN-020/298 Foiled CN ¥0.63 EN $0.30
2026-09-22T20:02:46+00:00,https://bilgewatermarket.com/cards,Scrapyard Champion,nonfoil,0.15,https://bilgewatermarket.com/cards/OGN-020,normal,https://bilgewatermarket.com/assets/OGN-020-EN-DOoJXRy-.jpg,¥0.50,$0.15,,Scrapyard Champion OGN-020/298 CN ¥0.50 EN $0.15
2026-09-22T20:02:46+00:00,https://bilgewatermarket.com/cards,Sun Disc,foil,0.58,https://bilgewatermarket.com/cards/OGN-021?print_variation=foiled,foiled,https://bilgewatermarket.com/assets/OGN-021-EN-YbCdXDYR.jpg,¥1.78,$0.58,,Sun Disc OGN-021/298 Foiled CN ¥1.78 EN $0.58
2026-09-22T20:02:46+00:00,https://bilgewatermarket.com/cards,Sun Disc,nonfoil,0.17,https://bilgewatermarket.com/cards/OGN-021,normal,https://bilgewatermarket.com/assets/OGN-021-EN-YbCdXDYR.jpg,¥0.54,$0.17,,Sun Disc OGN-021/298 CN ¥0.54 EN $0.17
2026-09-22T20:02:46+00:00,https://bilgewatermarket.com/cards,Thermo Beam,foil,2.08,https://bilgewatermarket.com/cards/OGN-022?print_variation=foiled,foiled,https://bilgewatermarket.com/assets/OGN-022-EN-CsxaauZZ.jpg,¥3.70,$2.08,,Thermo Beam OGN-022/298 Foiled CN ¥3.70 EN $2.08
2026-09-22T20:02:46+00:00,https://bilgewatermarket.com/cards,Thermo Beam,nonfoil,0.30,https://bilgewatermarket.com/cards/OGN-022,normal,https://bilgewatermarket.com/assets/OGN-022-EN-CsxaauZZ.jpg,¥0.92,$0.30,,Thermo Beam OGN-022/298 CN ¥0.92 EN $0.30
2026-09-22T20:02:46+00:00,https://bilgewatermarket.com/cards,Unlicensed Armory,foil,0.27,https://bilgewatermarket.com/cards/OGN-023?print_variation=foiled,foiled,https://bilgewatermarket.com/assets/OGN-023-EN-sIa0QC0Q.jpg,¥0.77,$0.27,,Unlicensed Armory OGN-023/298 Foiled CN ¥0.77 EN $0.27
2026-09-22T20:02:46+00:00,https://bilgewatermarket.com/cards,Unlicensed Armory,nonfoil,0.14,https://bilgewatermarket.com/cards/OGN-023,normal,https://bilgewatermarket.com/assets/OGN-023-EN-sIa0QC0Q.jpg,¥0.50,$0.14,,Unlicensed Armory OGN-023/298 CN ¥0.50 EN $0.14
2026-09-22T20:02:46+00:00,https://bilgewatermarket.com/cards,Void Seeker,foil,0.55,https://bilgewatermarket.com/cards/OGN-024?print_variation=foiled,foiled,https://bilgewatermarket.com/assets/OGN-024-EN-DsZcdwPf.jpg,¥3.08,$0.55,,Void Seeker OGN-024/298 Foiled CN ¥3.08 EN $0.55
2026-09-22T20:02:46+00:00,https://bilgewatermarket.com/cards,Void Seeker,nonfoil,0.23,https://bilgewatermarket.com/cards/OGN-024,normal,https://bilgewatermarket.com/assets/OGN-024-EN-DsZcdwPf.jpg,¥0.71,$0.23,,Void Seeker OGN-024/298 CN ¥0.71 EN $0.23
2026-09-22T20:02:46+00:00,https://bilgewatermarket.com/cards,Blind Fury,nonfoil,0.23,https://bilgewatermarket.com/cards/OGN-025,normal,https://bilgewatermarket.com/assets/OGN-025-EN-D3DKNf4t.jpg,¥0.51,$0.23,,Blind Fury OGN-025/298 CN ¥0.51 EN $0.23
2026-09-22T20:02:46+00:00,https://bilgewatermarket.com/cards,Brynhir Thundersong,nonfoil,1.78,https://bilgewatermarket.com/cards/OGN-026,normal,https://bilgewatermarket.com/assets/OGN-026-EN-D4ZiDDID.jpg,¥5.27,$1.78,,Brynhir Thundersong OGN-026/298 CN ¥5.27 EN $1.78
2026-09-22T20:02:46+00:00,https://bilgewatermarket.com/cards,"Darius, Trifarian",nonfoil,1.39,https://bilgewatermarket.com/cards/OGN-027,normal,https://bilgewatermarket.com/assets/OGN-027-EN-d2BzeGZu.jpg,¥5.20,$1.39,,"Darius, Trifarian OGN-027/298 CN ¥5.20 EN $1.39"
2026-09-22T20:02:46+00:00,https://bilgewatermarket.com/cards,"Darius, Trifarian",nonfoil,6.50,https://bilgewatermarket.com/cards/OGN-027a?print_variation=showcase,showcase,https://bilgewatermarket.com/assets/OGN-027a-EN-aOAgFF6D.jpg,¥15.65,$6.50,,"Darius, Trifarian OGN-027A/298 Showcase CN ¥15.65 EN $6.50"
2026-09-22T20:02:46+00:00,https://bilgewatermarket.com/cards,"Draven, Showboat",nonfoil,0.35,https://bilgewatermarket.com/cards/OGN-028,normal,https://bilgewatermarket.com/assets/OGN-028-EN-CCIP5CYL.jpg,¥0.90,$0.35,,"Draven, Showboat OGN-028/298 CN ¥0.90 EN $0.35"
2026-09-22T20:02:46+00:00,https://bilgewatermarket.com/cards,Falling Star,nonfoil,13.24,https://bilgewatermarket.com/cards/OGN-029,normal,https://bilgewatermarket.com/assets/OGN-029-EN-DSiQHrdu.jpg,¥15.86,$13.24,,Falling Star OGN-029/298 CN ¥15.86 EN $13.24
2026-09-22T20:02:46+00:00,https://bilgewatermarket.com/cards,"Jinx, Demolitionist",nonfoil,0.31,https://bilgewatermarket.com/cards/OGN-030,normal,https://bilgewatermarket.com/assets/OGN-030-EN-HF6atMmB.jpg,¥0.53,$0.31,,"Jinx, Demolitionist OGN-030/298 CN ¥0.53 EN $0.31"
2026-09-22T20:02:46+00:00,https://bilgewatermarket.com/cards,"Jinx, Demolitionist",nonfoil,3.89,https://bilgewatermarket.com/cards/OGN-030a?print_variation=showcase,showcase,https://bilgewatermarket.com/assets/OGN-030a-EN-BzcoZu2e.jpg,¥2.93,$3.89,,"Jinx, Demolitionist OGN-030A/298 Showcase CN ¥2.93 EN $3.89"
2026-09-22T20:02:46+00:00,https://bilgewatermarket.com/cards,Raging Firebrand,nonfoil,0.25,https://bilgewatermarket.com/cards/OGN-031,normal,https://bilgewatermarket.com/assets/OGN-031-EN-DO_UoIya.jpg,¥0.50,$0.25,,Raging Firebrand OGN-031/298 CN ¥0.50 EN $0.25
2026-09-22T20:02:46+00:00,https://bilgewatermarket.com/cards,Ravenborn Tome,nonfoil,0.16,https://bilgewatermarket.com/cards/OGN-032,normal,https://bilgewatermarket.com/assets/OGN-032-EN-TK61Il2L.jpg,¥0.53,$0.16,,Ravenborn Tome OGN-032/298 CN ¥0.53 EN $0.16
2026-09-22T20:02:46+00:00,https://bilgewatermarket.com/cards,Shakedown,nonfoil,0.28,https://bilgewatermarket.com/cards/OGN-033,normal,https://bilgewatermarket.com/assets/OGN-033-EN-StDFaakk.jpg,¥0.60,$0.28,,Shakedown OGN-033/298 CN ¥0.60 EN $0.28
2026-09-22T20:02:46+00:00,https://bilgewatermarket.com/cards,"Tryndamere, Barbarian",nonfoil,0.25,https://bilgewatermarket.com/cards/OGN-034,normal,https://bilgewatermarket.com/assets/OGN-034-EN-D68T6Po1.jpg,¥0.54,$0.25,,"Tryndamere, Barbarian OGN-034/298 CN ¥0.54 EN $0.25"
2026-09-22T20:02:46+00:00,https://bilgewatermarket.com/cards,"Vayne, Hunter",nonfoil,0.37,https://bilgewatermarket.com/cards/OGN-035,normal,https://bilgewatermarket.com/assets/OGN-035-EN-igtOk1Dt.jpg,¥0.63,$0.37,,"Vayne, Hunter OGN-035/298 CN ¥0.63 EN $0.37"
2026-09-22T20:02:46+00:00,https://bilgewatermarket.com/cards,"Vi, Destructive",nonfoil,0.49,https://bilgewatermarket.com/cards/OGN-036,normal,https://bilgewatermarket.com/assets/OGN-036-EN-FuSy9SqL.jpg,¥1.56,$0.49,,"Vi, Destructive OGN-036/298 CN ¥1.56 EN $0.49"
2026-09-22T20:02:46+00:00,https://bilgewatermarket.com/cards,Immortal Phoenix,nonfoil,4.37,https://bilgewatermarket.com/cards/OGN-037,normal,https://bilgewatermarket.com/assets/OGN-037-EN-sGjfmpAh.jpg,¥10.02,$4.37,,Immortal Phoenix OGN-037/298 CN ¥10.02 EN $4.37
2026-09-22T20:02:46+00:00,https://bilgewatermarket.com/cards,Kadregrin the Infernal,nonfoil,6.26,https://bilgewatermarket.com/cards/OGN-038,normal,https://bilgewatermarket.com/assets/OGN-038-EN-fF2-eFpe.jpg,¥6.65,$6.26,,Kadregrin the Infernal OGN-038/298 CN ¥6.65 EN $6.26
2026-09-22T20:02:46+00:00,https://bilgewatermarket.com/cards,"Kai'Sa, Survivor",nonfoil,70.78,https://bilgewatermarket.com/cards/OGN-039,normal,https://bilgewatermarket.com/assets/OGN-039-EN-Mlbecusw.jpg,¥145.09,$70.78,,"Kai'Sa, Survivor OGN-039/298 CN ¥145.09 EN $70.78"
2026-09-22T20:02:46+00:00,https://bilgewatermarket.com/cards,"Kai'Sa, Survivor",nonfoil,74.02,https://bilgewatermarket.com/cards/OGN-039a?print_variation=showcase,showcase,https://bilgewatermarket.com/assets/OGN-039a-EN-D9xN6xkF.jpg,¥147.14,$74.02,,"Kai'Sa, Survivor OGN-039A/298 Showcase CN ¥147.14 EN $74.02"
2026-09-22T20:02:46+00:00,https://bilgewatermarket.com/cards,Seal of Rage,nonfoil,11.63,https://bilgewatermarket.com/cards/OGN-040,normal,https://bilgewatermarket.com/assets/OGN-040-EN-_zmvsrnx.jpg,¥34.52,$11.63,,Seal of Rage OGN-040/298 CN ¥34.52 EN $11.63
2026-09-22T20:02:46+00:00,https://bilgewatermarket.com/cards,"Volibear, Furious",nonfoil,0.88,https://bilgewatermarket.com/cards/OGN-041,normal,https://bilgewatermarket.com/assets/OGN-041-EN-C4j-4MtF.jpg,¥1.07,$0.88,,"Volibear, Furious OGN-041/298 CN ¥1.07 EN $0.88"
2026-09-22T20:02:46+00:00,https://bilgewatermarket.com/cards,"Volibear, Furious",nonfoil,2.66,https://bilgewatermarket.com/cards/OGN-041a?print_variation=showcase,showcase,https://bilgewatermarket.com/assets/OGN-041a-EN-BnbGNy5N.jpg,¥2.51,$2.66,,"Volibear, Furious OGN-041A/298 Showcase CN ¥2.51 EN $2.66"
2026-09-22T20:02:46+00:00,https://bilgewatermarket.com/cards,Calm Rune,nonfoil,0.13,https://bilgewatermarket.com/cards/OGN-042,normal,https://bilgewatermarket.com/assets/OGN-042-EN-B0gMcf6k.jpg,¥0.53,$0.13,,Calm Rune OGN-042/298 CN ¥0.53 EN $0.13
2026-09-22T20:02:46+00:00,https://bilgewatermarket.com/cards,Calm Rune,nonfoil,5.47,https://bilgewatermarket.com/cards/OGN-042a?print_variation=showcase,showcase,https://bilgewatermarket.com/assets/OGN-042a-EN-DpATfpUz.jpg,¥36.67,$5.47,,Calm Rune OGN-042A/298 Showcase CN ¥36.67 EN $5.47
2026-09-22T20:02:46+00:00,https://bilgewatermarket.com/cards,Charm,foil,4.81,https://bilgewatermarket.com/cards/OGN-043?print_variation=foiled,foiled,https://bilgewatermarket.com/assets/OGN-043-EN-Do-4PZDD.jpg,¥4.52,$4.81,,Charm OGN-043/298 Foiled CN ¥4.52 EN $4.81
2026-09-22T20:02:46+00:00,https://bilgewatermarket.com/cards,Charm,nonfoil,0.58,https://bilgewatermarket.com/cards/OGN-043,normal,https://bilgewatermarket.com/assets/OGN-043-EN-Do-4PZDD.jpg,¥0.70,$0.58,,Charm OGN-043/298 CN ¥0.70 EN $0.58
2026-09-22T20:02:46+00:00,https://bilgewatermarket.com/cards,Clockwork Keeper,foil,0.31,https://bilgewatermarket.com/cards/OGN-044?print_variation=foiled,foiled,https://bilgewatermarket.com/assets/OGN-044-EN-D_DZRs6i.jpg,¥1.56,$0.31,,Clockwork Keeper OGN-044/298 Foiled CN ¥1.56 EN $0.31
2026-09-22T20:02:46+00:00,https://bilgewatermarket.com/cards,Clockwork Keeper,nonfoil,0.09,https://bilgewatermarket.com/cards/OGN-044,normal,https://bilgewatermarket.com/assets/OGN-044-EN-D_DZRs6i.jpg,¥0.52,$0.09,,Clockwork Keeper OGN-044/298 CN ¥0.52 EN $0.09
2026-09-22T20:02:46+00:00,https://bilgewatermarket.com/cards,Defy,foil,6.65,https://bilgewatermarket.com/cards/OGN-045?print_variation=foiled,foiled,https://bilgewatermarket.com/assets/OGN-045-EN-wwec0ykD.jpg,¥6.45,$6.65,,Defy OGN-045/298 Foiled CN ¥6.45 EN $6.65
2026-09-22T20:02:46+00:00,https://bilgewatermarket.com/cards,Defy,nonfoil,2.14,https://bilgewatermarket.com/cards/OGN-045,normal,https://bilgewatermarket.com/assets/OGN-045-EN-wwec0ykD.jpg,¥1.83,$2.14,,Defy OGN-045/298 CN ¥1.83 EN $2.14
2026-09-22T20:02:46+00:00,https://bilgewatermarket.com/cards,En Garde,foil,0.71,https://bilgewatermarket.com/cards/OGN-046?print_variation=foiled,foiled,https://bilgewatermarket.com/assets/OGN-046-EN-037nVerl.jpg,¥3.46,$0.71,,En Garde OGN-046/298 Foiled CN ¥3.46 EN $0.71
2026-09-22T20:02:46+00:00,https://bilgewatermarket.com/cards,En Garde,nonfoil,0.23,https://bilgewatermarket.com/cards/OGN-046,normal,https://bilgewatermarket.com/assets/OGN-046-EN-037nVerl.jpg,¥0.58,$0.23,,En Garde OGN-046/298 CN ¥0.58 EN $0.23
2026-09-22T20:02:46+00:00,https://bilgewatermarket.com/cards,Find Your Center,foil,0.59,https://bilgewatermarket.com/cards/OGN-047?print_variation=foiled,foiled,https://bilgewatermarket.com/assets/OGN-047-EN-39BMPP8K.jpg,¥1.72,$0.59,,Find Your Center OGN-047/298 Foiled CN ¥1.72 EN $0.59
2026-09-22T20:02:46+00:00,https://bilgewatermarket.com/cards,Find Your Center,nonfoil,0.18,https://bilgewatermarket.com/cards/OGN-047,normal,https://bilgewatermarket.com/assets/OGN-047-EN-39BMPP8K.jpg,¥0.51,$0.18,,Find Your Center OGN-047/298 CN ¥0.51 EN $0.18
2026-09-22T20:02:46+00:00,https://bilgewatermarket.com/cards,Meditation,foil,0.34,https://bilgewatermarket.com/cards/OGN-048?print_variation=foiled,foiled,https://bilgewatermarket.com/assets/OGN-048-EN-xs6AxiNi.jpg,¥0.96,$0.34,,Meditation OGN-048/298 Foiled CN ¥0.96 EN $0.34
2026-09-22T20:02:46+00:00,https://bilgewatermarket.com/cards,Meditation,nonfoil,0.10,https://bilgewatermarket.com/cards/OGN-048,normal,https://bilgewatermarket.com/assets/OGN-048-EN-xs6AxiNi.jpg,¥0.51,$0.10,,Meditation OGN-048/298 CN ¥0.51 EN $0.10
2026-09-22T20:02:46+00:00,https://bilgewatermarket.com/cards,Playful Phantom,foil,0.10,https://bilgewatermarket.com/cards/OGN-049?print_variation=foiled,foiled,https://bilgewatermarket.com/assets/OGN-049-EN-Dun9Mj9u.jpg,¥0.50,$0.10,,Playful Phantom OGN-049/298 Foiled CN ¥0.50 EN $0.10
2026-09-22T20:02:46+00:00,https://bilgewatermarket.com/cards,Playful Phantom,nonfoil,0.03,https://bilgewatermarket.com/cards/OGN-049,normal,https://bilgewatermarket.com/assets/OGN-049-EN-Dun9Mj9u.jpg,¥0.50,$0.03,,Playful Phantom OGN-049/298 CN ¥0.50 EN $0.03
2026-09-22T20:02:46+00:00,https://bilgewatermarket.com/cards,Rune Prison,foil,0.30,https://bilgewatermarket.com/cards/OGN-050?print_variation=foiled,foiled,https://bilgewatermarket.com/assets/OGN-050-EN-Bc1mqrye.jpg,¥1.04,$0.30,,Rune Prison OGN-050/298 Foiled CN ¥1.04 EN $0.30
2026-09-22T20:02:46+00:00,https://bilgewatermarket.com/cards,Rune Prison,nonfoil,0.09,https://bilgewatermarket.com/cards/OGN-050,normal,https://bilgewatermarket.com/assets/OGN-050-EN-Bc1mqrye.jpg,¥0.50,$0.09,,Rune Prison OGN-050/298 CN ¥0.50 EN $0.09
2026-09-22T20:02:46+00:00,https://bilgewatermarket.com/cards,Solari Shieldbearer,foil,0.21,https://bilgewatermarket.com/cards/OGN-051?print_variation=foiled,foiled,https://bilgewatermarket.com/assets/OGN-051-EN-HJv5KcFI.jpg,¥0.54,$0.21,,Solari Shieldbearer OGN-051/298 Foiled CN ¥0.54 EN $0.21
2026-09-22T20:02:46+00:00,https://bilgewatermarket.com/cards,Solari Shieldbearer,nonfoil,0.10,https://bilgewatermarket.com/cards/OGN-051,normal,https://bilgewatermarket.com/assets/OGN-051-EN-HJv5KcFI.jpg,¥0.50,$0.10,,Solari Shieldbearer OGN-051/298 CN ¥0.50 EN $0.10
2026-09-22T20:02:46+00:00,https://bilgewatermarket.com/cards,Stalwart Poro,foil,0.39,https://bilgewatermarket.com/cards/OGN-052?print_variation=foiled,foiled,https://bilgewatermarket.com/assets/OGN-052-EN-Cfqp-tIV.jpg,¥0.85,$0.39,,Stalwart Poro OGN-052/298 Foiled CN ¥0.85 EN $0.39
2026-09-22T20:02:46+00:00,https://bilgewatermarket.com/cards,Stalwart Poro,nonfoil,0.11,https://bilgewatermarket.com/cards/OGN-052,normal,https://bilgewatermarket.com/assets/OGN-052-EN-Cfqp-tIV.jpg,¥0.50,$0.11,,Stalwart Poro OGN-052/298 CN ¥0.50 EN $0.11
2026-09-22T20:02:46+00:00,https://bilgewatermarket.com/cards,Stand United,foil,0.20,https://bilgewatermarket.com/cards/OGN-053?print_variation=foiled,foiled,https://bilgewatermarket.com/assets/OGN-053-EN-Dv8Qz-rv.jpg,¥0.50,$0.20,,Stand United OGN-053/298 Foiled CN ¥0.50 EN $0.20
2026-09-22T20:02:46+00:00,https://bilgewatermarket.com/cards,Stand United,nonfoil,0.07,https://bilgewatermarket.com/cards/OGN-053,normal,https://bilgewatermarket.com/assets/OGN-053-EN-Dv8Qz-rv.jpg,¥0.50,$0.07,,Stand United OGN-053/298 CN ¥0.50 EN $0.07
2026-09-22T20:02:46+00:00,https://bilgewatermarket.com/cards,Sunlit Guardian,foil,0.22,https://bilgewatermarket.com/cards/OGN-054?print_variation=foiled,foiled,https://bilgewatermarket.com/assets/OGN-054-EN-CtJzNR53.jpg,¥0.52,$0.22,,Sunlit Guardian OGN-054/298 Foiled CN ¥0.52 EN $0.22
2026-09-22T20:02:46+00:00,https://bilgewatermarket.com/cards,Sunlit Guardian,nonfoil,0.11,https://bilgewatermarket.com/cards/OGN-054,normal,https://bilgewatermarket.com/assets/OGN-054-EN-CtJzNR53.jpg,¥0.50,$0.11,,Sunlit Guardian OGN-054/298 CN ¥0.50 EN $0.11
2026-09-22T20:02:46+00:00,https://bilgewatermarket.com/cards,Wielder of Water,foil,0.21,https://bilgewatermarket.com/cards/OGN-055?print_variation=foiled,foiled,https://bilgewatermarket.com/assets/OGN-055-EN-Cjk6THou.jpg,¥0.58,$0.21,,Wielder of Water OGN-055/298 Foiled CN ¥0.58 EN $0.21
2026-09-22T20:02:46+00:00,https://bilgewatermarket.com/cards,Wielder of Water,nonfoil,0.06,https://bilgewatermarket.com/cards/OGN-055,normal,https://bilgewatermarket.com/assets/OGN-055-EN-Cjk6THou.jpg,¥0.50,$0.06,,Wielder of Water OGN-055/298 CN ¥0.50 EN $0.06
2026-09-22T20:02:46+00:00,https://bilgewatermarket.com/cards,Adaptatron,foil,2.49,https://bilgewatermarket.com/cards/OGN-056?print_variation=foiled,foiled,https://bilgewatermarket.com/assets/OGN-056-EN-DFjhsCoU.jpg,¥2.81,$2.49,,Adaptatron OGN-056/298 Foiled CN ¥2.81 EN $2.49
2026-09-22T20:02:46+00:00,https://bilgewatermarket.com/cards,Adaptatron,nonfoil,0.28,https://bilgewatermarket.com/cards/OGN-056,normal,https://bilgewatermarket.com/assets/OGN-056-EN-DFjhsCoU.jpg,¥0.70,$0.28,,Adaptatron OGN-056/298 CN ¥0.70 EN $0.28
2026-09-22T20:02:46+00:00,https://bilgewatermarket.com/cards,Block,foil,0.67,https://bilgewatermarket.com/cards/OGN-057?print_variation=foiled,foiled,https://bilgewatermarket.com/assets/OGN-057-EN-CkgpnBV8.jpg,¥1.94,$0.67,,Block OGN-057/298 Foiled CN ¥1.94 EN $0.67
2026-09-22T20:02:46+00:00,https://bilgewatermarket.com/cards,Block,nonfoil,0.23,https://bilgewatermarket.com/cards/OGN-057,normal,https://bilgewatermarket.com/assets/OGN-057-EN-CkgpnBV8.jpg,¥0.59,$0.23,,Block OGN-057/298 CN ¥0.59 EN $0.23
2026-09-22T20:02:46+00:00,https://bilgewatermarket.com/cards,Discipline,foil,2.21,https://bilgewatermarket.com/cards/OGN-058?print_variation=foiled,foiled,https://bilgewatermarket.com/assets/OGN-058-EN-CaznWkUn.jpg,¥13.52,$2.21,,Discipline OGN-058/298 Foiled CN ¥13.52 EN $2.21
2026-09-22T20:02:46+00:00,https://bilgewatermarket.com/cards,Discipline,nonfoil,1.09,https://bilgewatermarket.com/cards/OGN-058,normal,https://bilgewatermarket.com/assets/OGN-058-EN-CaznWkUn.jpg,¥9.57,$1.09,,Discipline OGN-058/298 CN ¥9.57 EN $1.09
2026-09-22T20:02:46+00:00,https://bilgewatermarket.com/cards,Eclipse Herald,foil,0.24,https://bilgewatermarket.com/cards/OGN-059?print_variation=foiled,foiled,https://bilgewatermarket.com/assets/OGN-059-EN-C7fTeqTW.jpg,¥0.70,$0.24,,Eclipse Herald OGN-059/298 Foiled CN ¥0.70 EN $0.24
2026-09-22T20:02:46+00:00,https://bilgewatermarket.com/cards,Eclipse Herald,nonfoil,0.11,https://bilgewatermarket.com/cards/OGN-059,normal,https://bilgewatermarket.com/assets/OGN-059-EN-C7fTeqTW.jpg,¥0.50,$0.11,,Eclipse Herald OGN-059/298 CN ¥0.50 EN $0.11
2026-09-22T20:02:46+00:00,https://bilgewatermarket.com/cards,Mask of Foresight,foil,5.20,https://bilgewatermarket.com/cards/OGN-060?print_variation=foiled,foiled,https://bilgewatermarket.com/assets/OGN-060-EN-yrlBd5gB.jpg,¥2.15,$5.20,,Mask of Foresight OGN-060/298 Foiled CN ¥2.15 EN $5.20
2026-09-22T20:02:46+00:00,https://bilgewatermarket.com/cards,Mask of Foresight,nonfoil,0.67,https://bilgewatermarket.com/cards/OGN-060,normal,https://bilgewatermarket.com/assets/OGN-060-EN-yrlBd5gB.jpg,¥0.61,$0.67,,Mask of Foresight OGN-060/298 CN ¥0.61 EN $0.67
2026-09-22T20:02:46+00:00,https://bilgewatermarket.com/cards,Poro Herder,foil,0.35,https://bilgewatermarket.com/cards/OGN-061?print_variation=foiled,foiled,https://bilgewatermarket.com/assets/OGN-061-EN-BWc5UW_F.jpg,¥0.57,$0.35,,Poro Herder OGN-061/298 Foiled CN ¥0.57 EN $0.35
2026-09-22T20:02:46+00:00,https://bilgewatermarket.com/cards,Poro Herder,nonfoil,0.14,https://bilgewatermarket.com/cards/OGN-061,normal,https://bilgewatermarket.com/assets/OGN-061-EN-BWc5UW_F.jpg,¥0.50,$0.14,,Poro Herder OGN-061/298 CN ¥0.50 EN $0.14
2026-09-22T20:02:46+00:00,https://bilgewatermarket.com/cards,Reinforce,foil,0.43,https://bilgewatermarket.com/cards/OGN-062?print_variation=foiled,foiled,https://bilgewatermarket.com/assets/OGN-062-EN-BVHZyPcS.jpg,¥0.50,$0.43,,Reinforce OGN-062/298 Foiled CN ¥0.50 EN $0.43
2026-09-22T20:02:46+00:00,https://bilgewatermarket.com/cards,Reinforce,nonfoil,0.10,https://bilgewatermarket.com/cards/OGN-062,normal,https://bilgewatermarket.com/assets/OGN-062-EN-BVHZyPcS.jpg,¥0.50,$0.10,,Reinforce OGN-062/298 CN ¥0.50 EN $0.10
2026-09-22T20:02:46+00:00,https://bilgewatermarket.com/cards,Spirit's Refuge,foil,0.43,https://bilgewatermarket.com/cards/OGN-063?print_variation=foiled,foiled,https://bilgewatermarket.com/assets/OGN-063-EN--kS6MLXe.jpg,¥1.10,$0.43,,Spirit's Refuge OGN-063/298 Foiled CN ¥1.10 EN $0.43
2026-09-22T20:02:46+00:00,https://bilgewatermarket.com/cards,Spirit's Refuge,nonfoil,0.16,https://bilgewatermarket.com/cards/OGN-063,normal,https://bilgewatermarket.com/assets/OGN-063-EN--kS6MLXe.jpg,¥0.51,$0.16,,Spirit's Refuge OGN-063/298 CN ¥0.51 EN $0.16
2026-09-22T20:02:46+00:00,https://bilgewatermarket.com/cards,Wind Wall,foil,1.11,https://bilgewatermarket.com/cards/OGN-064?print_variation=foiled,foiled,https://bilgewatermarket.com/assets/OGN-064-EN-BzgoIfiA.jpg,¥3.94,$1.11,,Wind Wall OGN-064/298 Foiled CN ¥3.94 EN $1.11
2026-09-22T20:02:46+00:00,https://bilgewatermarket.com/cards,Wind Wall,nonfoil,0.27,https://bilgewatermarket.com/cards/OGN-064,normal,https://bilgewatermarket.com/assets/OGN-064-EN-BzgoIfiA.jpg,¥1.75,$0.27,,Wind Wall OGN-064/298 CN ¥1.75 EN $0.27
2026-09-22T20:02:46+00:00,https://bilgewatermarket.com/cards,Wizened Elder,foil,0.29,https://bilgewatermarket.com/cards/OGN-065?print_variation=foiled,foiled,https://bilgewatermarket.com/assets/OGN-065-EN-C7EcZEhm.jpg,¥0.57,$0.29,,Wizened Elder OGN-065/298 Foiled CN ¥0.57 EN $0.29
2026-09-22T20:02:46+00:00,https://bilgewatermarket.com/cards,Wizened Elder,nonfoil,0.07,https://bilgewatermarket.com/cards/OGN-065,normal,https://bilgewatermarket.com/assets/OGN-065-EN-C7EcZEhm.jpg,¥0.50,$0.07,,Wizened Elder OGN-065/298 CN ¥0.50 EN $0.07
2026-09-22T20:02:46+00:00,https://bilgewatermarket.com/cards,"Ahri, Alluring",nonfoil,1.17,https://bilgewatermarket.com/cards/OGN-066,normal,https://bilgewatermarket.com/assets/OGN-066-EN-BY0yc6yP.jpg,¥0.78,$1.17,,"Ahri, Alluring OGN-066/298 CN ¥0.78 EN $1.17"
2026-09-22T20:02:46+00:00,https://bilgewatermarket.com/cards,"Ahri, Alluring",nonfoil,5.61,https://bilgewatermarket.com/cards/OGN-066a?print_variation=showcase,showcase,https://bilgewatermarket.com/assets/OGN-066a-EN-OC0v6VT_.jpg,¥4.56,$5.61,,"Ahri, Alluring OGN-066A/298 Showcase CN ¥4.56 EN $5.61"
2026-09-22T20:02:46+00:00,https://bilgewatermarket.com/cards,"Blitzcrank, Impassive",nonfoil,2.85,https://bilgewatermarket.com/cards/OGN-067,normal,https://bilgewatermarket.com/assets/OGN-067-EN-CgIzwKMa.jpg,¥1.96,$2.85,,"Blitzcrank, Impassive OGN-067/298 CN ¥1.96 EN $2.85"
2026-09-22T20:02:46+00:00,https://bilgewatermarket.com/cards,"Caitlyn, Patrolling",nonfoil,0.26,https://bilgewatermarket.com/cards/OGN-068,normal,https://bilgewatermarket.com/assets/OGN-068-EN-Dk6b3UNQ.jpg,¥0.56,$0.26,,"Caitlyn, Patrolling OGN-068/298 CN ¥0.56 EN $0.26"
2026-09-22T20:02:46+00:00,https://bilgewatermarket.com/cards,Last Stand,nonfoil,0.27,https://bilgewatermarket.com/cards/OGN-069,normal,https://bilgewatermarket.com/assets/OGN-069-EN-DmgW6lhG.jpg,¥0.53,$0.27,,Last Stand OGN-069/298 CN ¥0.53 EN $0.27
2026-09-22T20:02:46+00:00,https://bilgewatermarket.com/cards,Mageseeker Warden,nonfoil,0.24,https://bilgewatermarket.com/cards/OGN-070,normal,https://bilgewatermarket.com/assets/OGN-070-EN-BR4189d0.jpg,¥0.51,$0.24,,Mageseeker Warden OGN-070/298 CN ¥0.51 EN $0.24
2026-09-22T20:02:46+00:00,https://bilgewatermarket.com/cards,Party Favors,nonfoil,0.30,https://bilgewatermarket.com/cards/OGN-071,normal,https://bilgewatermarket.com/assets/OGN-071-EN-BWQurWjG.jpg,¥0.52,$0.30,,Party Favors OGN-071/298 CN ¥0.52 EN $0.30
2026-09-22T20:02:46+00:00,https://bilgewatermarket.com/cards,Solari Shrine,nonfoil,0.14,https://bilgewatermarket.com/cards/OGN-072,normal,https://bilgewatermarket.com/assets/OGN-072-EN-CADYZPrn.jpg,¥0.51,$0.14,,Solari Shrine OGN-072/298 CN ¥0.51 EN $0.14
2026-09-22T20:02:46+00:00,https://bilgewatermarket.com/cards,"Sona, Harmonious",nonfoil,2.30,https://bilgewatermarket.com/cards/OGN-073,normal,https://bilgewatermarket.com/assets/OGN-073-EN-DChVgKOm.jpg,¥4.33,$2.30,,"Sona, Harmonious OGN-073/298 CN ¥4.33 EN $2.30"
2026-09-22T20:02:46+00:00,https://bilgewatermarket.com/cards,"Taric, Protector",nonfoil,0.25,https://bilgewatermarket.com/cards/OGN-074,normal,https://bilgewatermarket.com/assets/OGN-074-EN-BVr5C19U.jpg,¥0.51,$0.25,,"Taric, Protector OGN-074/298 CN ¥0.51 EN $0.25"
2026-09-22T20:02:46+00:00,https://bilgewatermarket.com/cards,Tasty Faefolk,nonfoil,0.75,https://bilgewatermarket.com/cards/OGN-075,normal,https://bilgewatermarket.com/assets/OGN-075-EN-DFI4LRcK.jpg,¥3.19,$0.75,,Tasty Faefolk OGN-075/298 CN ¥3.19 EN $0.75
2026-09-22T20:02:46+00:00,https://bilgewatermarket.com/cards,"Yasuo, Remorseful",nonfoil,0.31,https://bilgewatermarket.com/cards/OGN-076,normal,https://bilgewatermarket.com/assets/OGN-076-EN-DrNNyzed.jpg,¥0.51,$0.31,,"Yasuo, Remorseful OGN-076/298 CN ¥0.51 EN $0.31"
2026-09-22T20:02:46+00:00,https://bilgewatermarket.com/cards,"Yasuo, Remorseful",nonfoil,2.57,https://bilgewatermarket.com/cards/OGN-076a?print_variation=showcase,showcase,https://bilgewatermarket.com/assets/OGN-076a-EN-DmEikyT8.jpg,¥3.21,$2.57,,"Yasuo, Remorseful OGN-076A/298 Showcase CN ¥3.21 EN $2.57"
2026-09-22T20:02:46+00:00,https://bilgewatermarket.com/cards,Zhonya's Hourglass,nonfoil,15.69,https://bilgewatermarket.com/cards/OGN-077,normal,https://bilgewatermarket.com/assets/OGN-077-EN-Zf5_XWjb.jpg,¥16.40,$15.69,,Zhonya's Hourglass OGN-077/298 CN ¥16.40 EN $15.69
2026-09-22T20:02:46+00:00,https://bilgewatermarket.com/cards,"Lee Sin, Ascetic",nonfoil,0.72,https://bilgewatermarket.com/cards/OGN-078,normal,https://bilgewatermarket.com/assets/OGN-078-EN-CZaJpprN.jpg,¥0.76,$0.72,,"Lee Sin, Ascetic OGN-078/298 CN ¥0.76 EN $0.72"
2026-09-22T20:02:46+00:00,https://bilgewatermarket.com/cards,"Lee Sin, Ascetic",nonfoil,4.32,https://bilgewatermarket.com/cards/OGN-078a?print_variation=showcase,showcase,https://bilgewatermarket.com/assets/OGN-078a-EN-Di8r7jOp.jpg,¥3.74,$4.32,,"Lee Sin, Ascetic OGN-078A/298 Showcase CN ¥3.74 EN $4.32"
2026-09-22T20:02:46+00:00,https://bilgewatermarket.com/cards,"Leona, Zealot",nonfoil,1.82,https://bilgewatermarket.com/cards/OGN-079,normal,https://bilgewatermarket.com/assets/OGN-079-EN-BoBjRdXU.jpg,¥1.17,$1.82,,"Leona, Zealot OGN-079/298 CN ¥1.17 EN $1.82"
2026-09-22T20:02:46+00:00,https://bilgewatermarket.com/cards,"Leona, Zealot",nonfoil,6.73,https://bilgewatermarket.com/cards/OGN-079a?print_variation=showcase,showcase,https://bilgewatermarket.com/assets/OGN-079a-EN-CB28OBJG.jpg,¥4.61,$6.73,,"Leona, Zealot OGN-079A/298 Showcase CN ¥4.61 EN $6.73"
2026-09-22T20:02:46+00:00,https://bilgewatermarket.com/cards,Mystic Reversal,nonfoil,1.30,https://bilgewatermarket.com/cards/OGN-080,normal,https://bilgewatermarket.com/assets/OGN-080-EN-2k_apxx5.jpg,¥4.20,$1.30,,Mystic Reversal OGN-080/298 CN ¥4.20 EN $1.30
2026-09-22T20:02:46+00:00,https://bilgewatermarket.com/cards,Seal of Focus,nonfoil,18.11,https://bilgewatermarket.com/cards/OGN-081,normal,https://bilgewatermarket.com/assets/OGN-081-EN-Dr8YMMHZ.jpg,¥37.57,$18.11,,Seal of Focus OGN-081/298 CN ¥37.57 EN $18.11
2026-09-22T20:02:46+00:00,https://bilgewatermarket.com/cards,Whiteflame Protector,nonfoil,3.18,https://bilgewatermarket.com/cards/OGN-082,normal,https://bilgewatermarket.com/assets/OGN-082-EN-DVApG5EI.jpg,¥36.84,$3.18,,Whiteflame Protector OGN-082/298 CN ¥36.84 EN $3.18
2026-09-22T20:02:46+00:00,https://bilgewatermarket.com/cards,Consult the Past,foil,0.51,https://bilgewatermarket.com/cards/OGN-083?print_variation=foiled,foiled,https://bilgewatermarket.com/assets/OGN-083-EN-DhpnLxfd.jpg,¥1.53,$0.51,,Consult the Past OGN-083/298 Foiled CN ¥1.53 EN $0.51
2026-09-22T20:02:46+00:00,https://bilgewatermarket.com/cards,Consult the Past,nonfoil,0.18,https://bilgewatermarket.com/cards/OGN-083,normal,https://bilgewatermarket.com/assets/OGN-083-EN-DhpnLxfd.jpg,¥0.52,$0.18,,Consult the Past OGN-083/298 CN ¥0.52 EN $0.18
2026-09-22T20:02:46+00:00,https://bilgewatermarket.com/cards,Eager Apprentice,foil,0.23,https://bilgewatermarket.com/cards/OGN-084?print_variation=foiled,foiled,https://bilgewatermarket.com/assets/OGN-084-EN-BifUH9J9.jpg,¥0.57,$0.23,,Eager Apprentice OGN-084/298 Foiled CN ¥0.57 EN $0.23
2026-09-22T20:02:46+00:00,https://bilgewatermarket.com/cards,Eager Apprentice,nonfoil,0.06,https://bilgewatermarket.com/cards/OGN-084,normal,https://bilgewatermarket.com/assets/OGN-084-EN-BifUH9J9.jpg,¥0.50,$0.06,,Eager Apprentice OGN-084/298 CN ¥0.50 EN $0.06
2026-09-22T20:02:46+00:00,https://bilgewatermarket.com/cards,Falling Comet,foil,0.33,https://bilgewatermarket.com/cards/OGN-085?print_variation=foiled,foiled,https://bilgewatermarket.com/assets/OGN-085-EN-DzWhD4WI.jpg,¥0.88,$0.33,,Falling Comet OGN-085/298 Foiled CN ¥0.88 EN $0.33
2026-09-22T20:02:46+00:00,https://bilgewatermarket.com/cards,Falling Comet,nonfoil,0.13,https://bilgewatermarket.com/cards/OGN-085,normal,https://bilgewatermarket.com/assets/OGN-085-EN-DzWhD4WI.jpg,¥0.54,$0.13,,Falling Comet OGN-085/298 CN ¥0.54 EN $0.13
2026-09-22T20:02:46+00:00,https://bilgewatermarket.com/cards,Jeweled Colossus,foil,0.14,https://bilgewatermarket.com/cards/OGN-086?print_variation=foiled,foiled,https://bilgewatermarket.com/assets/OGN-086-EN-DYNY-eHf.jpg,¥0.50,$0.14,,Jeweled Colossus OGN-086/298 Foiled CN ¥0.50 EN $0.14
2026-09-22T20:02:46+00:00,https://bilgewatermarket.com/cards,Jeweled Colossus,nonfoil,0.02,https://bilgewatermarket.com/cards/OGN-086,normal,https://bilgewatermarket.com/assets/OGN-086-EN-DYNY-eHf.jpg,¥0.50,$0.02,,Jeweled Colossus OGN-086/298 CN ¥0.50 EN $0.02
2026-09-22T20:02:46+00:00,https://bilgewatermarket.com/cards,Lecturing Yordle,foil,0.55,https://bilgewatermarket.com/cards/OGN-087?print_variation=foiled,foiled,https://bilgewatermarket.com/assets/OGN-087-EN-DGBNwcDu.jpg,¥1.33,$0.55,,Lecturing Yordle OGN-087/298 Foiled CN ¥1.33 EN $0.55
2026-09-22T20:02:46+00:00,https://bilgewatermarket.com/cards,Lecturing Yordle,nonfoil,0.14,https://bilgewatermarket.com/cards/OGN-087,normal,https://bilgewatermarket.com/assets/OGN-087-EN-DGBNwcDu.jpg,¥0.55,$0.14,,Lecturing Yordle OGN-087/298 CN ¥0.55 EN $0.14
2026-09-22T20:02:46+00:00,https://bilgewatermarket.com/cards,Mega-Mech,foil,0.18,https://bilgewatermarket.com/cards/OGN-088?print_variation=foiled,foiled,https://bilgewatermarket.com/assets/OGN-088-EN-TD_Etx_k.jpg,¥0.82,$0.18,,Mega-Mech OGN-088/298 Foiled CN ¥0.82 EN $0.18
2026-09-22T20:02:46+00:00,https://bilgewatermarket.com/cards,Mega-Mech,nonfoil,0.05,https://bilgewatermarket.com/cards/OGN-088,normal,https://bilgewatermarket.com/assets/OGN-088-EN-TD_Etx_k.jpg,¥0.50,$0.05,,Mega-Mech OGN-088/298 CN ¥0.50 EN $0.05
2026-09-22T20:02:46+00:00,https://bilgewatermarket.com/cards,Mind Rune,nonfoil,0.12,https://bilgewatermarket.com/cards/OGN-089,normal,https://bilgewatermarket.com/assets/OGN-089-EN-DHoWUue_.jpg,¥0.53,$0.12,,Mind Rune OGN-089/298 CN ¥0.53 EN $0.12
2026-09-22T20:02:46+00:00,https://bilgewatermarket.com/cards,Mind Rune,nonfoil,4.14,https://bilgewatermarket.com/cards/OGN-089a?print_variation=showcase,showcase,https://bilgewatermarket.com/assets/OGN-089a-EN-DYFStnqJ.jpg,¥39.51,$4.14,,Mind Rune OGN-089A/298 Showcase CN ¥39.51 EN $4.14
2026-09-22T20:02:46+00:00,https://bilgewatermarket.com/cards,Orb of Regret,foil,0.22,https://bilgewatermarket.com/cards/OGN-090?print_variation=foiled,foiled,https://bilgewatermarket.com/assets/OGN-090-EN-CeXD-Fvm.jpg,¥0.59,$0.22,,Orb of Regret OGN-090/298 Foiled CN ¥0.59 EN $0.22
2026-09-22T20:02:46+00:00,https://bilgewatermarket.com/cards,Orb of Regret,nonfoil,0.07,https://bilgewatermarket.com/cards/OGN-090,normal,https://bilgewatermarket.com/assets/OGN-090-EN-CeXD-Fvm.jpg,¥0.75,$0.07,,Orb of Regret OGN-090/298 CN ¥0.75 EN $0.07
2026-09-22T20:02:46+00:00,https://bilgewatermarket.com/cards,Pit Crew,foil,0.48,https://bilgewatermarket.com/cards/OGN-091?print_variation=foiled,foiled,https://bilgewatermarket.com/assets/OGN-091-EN-BUVRYDzB.jpg,¥1.11,$0.48,,Pit Crew OGN-091/298 Foiled CN ¥1.11 EN $0.48
2026-09-22T20:02:46+00:00,https://bilgewatermarket.com/cards,Pit Crew,nonfoil,0.12,https://bilgewatermarket.com/cards/OGN-091,normal,https://bilgewatermarket.com/assets/OGN-091-EN-BUVRYDzB.jpg,¥0.52,$0.12,,Pit Crew OGN-091/298 CN ¥0.52 EN $0.12
2026-09-22T20:02:46+00:00,https://bilgewatermarket.com/cards,Riptide Rex,foil,0.25,https://bilgewatermarket.com/cards/OGN-092?print_variation=foiled,foiled,https://bilgewatermarket.com/assets/OGN-092-EN-DPuXx4Kn.jpg,¥0.56,$0.25,,Riptide Rex OGN-092/298 Foiled CN ¥0.56 EN $0.25
2026-09-22T20:02:46+00:00,https://bilgewatermarket.com/cards,Riptide Rex,nonfoil,0.12,https://bilgewatermarket.com/cards/OGN-092,normal,https://bilgewatermarket.com/assets/OGN-092-EN-DPuXx4Kn.jpg,¥0.50,$0.12,,Riptide Rex OGN-092/298 CN ¥0.50 EN $0.12
2026-09-22T20:02:46+00:00,https://bilgewatermarket.com/cards,Smoke Screen,foil,0.84,https://bilgewatermarket.com/cards/OGN-093?print_variation=foiled,foiled,https://bilgewatermarket.com/assets/OGN-093-EN-0MXm5THl.jpg,¥1.61,$0.84,,Smoke Screen OGN-093/298 Foiled CN ¥1.61 EN $0.84
2026-09-22T20:02:46+00:00,https://bilgewatermarket.com/cards,Smoke Screen,nonfoil,0.18,https://bilgewatermarket.com/cards/OGN-093,normal,https://bilgewatermarket.com/assets/OGN-093-EN-0MXm5THl.jpg,¥0.51,$0.18,,Smoke Screen OGN-093/298 CN ¥0.51 EN $0.18
2026-09-22T20:02:46+00:00,https://bilgewatermarket.com/cards,Sprite Call,foil,0.33,https://bilgewatermarket.com/cards/OGN-094?print_variation=foiled,foiled,https://bilgewatermarket.com/assets/OGN-094-EN-BwyfJ_lY.jpg,¥0.61,$0.33,,Sprite Call OGN-094/298 Foiled CN ¥0.61 EN $0.33
2026-09-22T20:02:46+00:00,https://bilgewatermarket.com/cards,Sprite Call,nonfoil,0.15,https://bilgewatermarket.com/cards/OGN-094,normal,https://bilgewatermarket.com/assets/OGN-094-EN-BwyfJ_lY.jpg,¥0.50,$0.15,,Sprite Call OGN-094/298 CN ¥0.50 EN $0.15
2026-09-22T20:02:46+00:00,https://bilgewatermarket.com/cards,Stupefy,foil,1.20,https://bilgewatermarket.com/cards/OGN-095?print_variation=foiled,foiled,https://bilgewatermarket.com/assets/OGN-095-EN-CtNr8Slm.jpg,¥5.22,$1.20,,Stupefy OGN-095/298 Foiled CN ¥5.22 EN $1.20
2026-09-22T20:02:46+00:00,https://bilgewatermarket.com/cards,Stupefy,nonfoil,0.28,https://bilgewatermarket.com/cards/OGN-095,normal,https://bilgewatermarket.com/assets/OGN-095-EN-CtNr8Slm.jpg,¥0.64,$0.28,,Stupefy OGN-095/298 CN ¥0.64 EN $0.28
2026-09-22T20:02:46+00:00,https://bilgewatermarket.com/cards,Watchful Sentry,foil,1.32,https://bilgewatermarket.com/cards/OGN-096?print_variation=foiled,foiled,https://bilgewatermarket.com/assets/OGN-096-EN-B9kIqTtT.jpg,¥2.17,$1.32,,Watchful Sentry OGN-096/298 Foiled CN ¥2.17 EN $1.32
2026-09-22T20:02:46+00:00,https://bilgewatermarket.com/cards,Watchful Sentry,nonfoil,0.17,https://bilgewatermarket.com/cards/OGN-096,normal,https://bilgewatermarket.com/assets/OGN-096-EN-B9kIqTtT.jpg,¥0.57,$0.17,,Watchful Sentry OGN-096/298 CN ¥0.57 EN $0.17
2026-09-22T20:02:46+00:00,https://bilgewatermarket.com/cards,Blastcone Fae,foil,0.38,https://bilgewatermarket.com/cards/OGN-097?print_variation=foiled,foiled,https://bilgewatermarket.com/assets/OGN-097-EN-B_XweSz_.jpg,¥2.17,$0.38,,Blastcone Fae OGN-097/298 Foiled CN ¥2.17 EN $0.38
2026-09-22T20:02:46+00:00,https://bilgewatermarket.com/cards,Blastcone Fae,nonfoil,0.15,https://bilgewatermarket.com/cards/OGN-097,normal,https://bilgewatermarket.com/assets/OGN-097-EN-B_XweSz_.jpg,¥0.54,$0.15,,Blastcone Fae OGN-097/298 CN ¥0.54 EN $0.15
2026-09-22T20:02:46+00:00,https://bilgewatermarket.com/cards,Energy Conduit,foil,0.40,https://bilgewatermarket.com/cards/OGN-098?print_variation=foiled,foiled,https://bilgewatermarket.com/assets/OGN-098-EN-C8n-X9rF.jpg,¥1.51,$0.40,,Energy Conduit OGN-098/298 Foiled CN ¥1.51 EN $0.40
2026-09-22T20:02:46+00:00,https://bilgewatermarket.com/cards,Energy Conduit,nonfoil,0.18,https://bilgewatermarket.com/cards/OGN-098,normal,https://bilgewatermarket.com/assets/OGN-098-EN-C8n-X9rF.jpg,¥0.59,$0.18,,Energy Conduit OGN-098/298 CN ¥0.59 EN $0.18
2026-09-22T20:02:46+00:00,https://bilgewatermarket.com/cards,Garbage Grabber,foil,1.14,https://bilgewatermarket.com/cards/OGN-099?print_variation=foiled,foiled,https://bilgewatermarket.com/assets/OGN-099-EN-B-yEh45K.jpg,¥1.41,$1.14,,Garbage Grabber OGN-099/298 Foiled CN ¥1.41 EN $1.14
2026-09-22T20:02:46+00:00,https://bilgewatermarket.com/cards,Garbage Grabber,nonfoil,0.20,https://bilgewatermarket.com/cards/OGN-099,normal,https://bilgewatermarket.com/assets/OGN-099-EN-B-yEh45K.jpg,¥0.56,$0.20,,Garbage Grabber OGN-099/298 CN ¥0.56 EN $0.20
2026-09-22T20:02:46+00:00,https://bilgewatermarket.com/cards,Gemcraft Seer,foil,0.27,https://bilgewatermarket.com/cards/OGN-100?print_variation=foiled,foiled,https://bilgewatermarket.com/assets/OGN-100-EN-DxjLdwzc.jpg,¥0.50,$0.27,,Gemcraft Seer OGN-100/298 Foiled CN ¥0.50 EN $0.27
2026-09-22T20:02:46+00:00,https://bilgewatermarket.com/cards,Gemcraft Seer,nonfoil,0.10,https://bilgewatermarket.com/cards/OGN-100,normal,https://bilgewatermarket.com/assets/OGN-100-EN-DxjLdwzc.jpg,¥0.50,$0.10,,Gemcraft Seer OGN-100/298 CN ¥0.50 EN $0.10
2026-09-22T20:02:46+00:00,https://bilgewatermarket.com/cards,Mushroom Pouch,foil,0.32,https://bilgewatermarket.com/cards/OGN-101?print_variation=foiled,foiled,https://bilgewatermarket.com/assets/OGN-101-EN-CWwCEjEI.jpg,¥0.53,$0.32,,Mushroom Pouch OGN-101/298 Foiled CN ¥0.53 EN $0.32
2026-09-22T20:02:46+00:00,https://bilgewatermarket.com/cards,Mushroom Pouch,nonfoil,0.11,https://bilgewatermarket.com/cards/OGN-101,normal,https://bilgewatermarket.com/assets/OGN-101-EN-CWwCEjEI.jpg,¥0.50,$0.11,,Mushroom Pouch OGN-101/298 CN ¥0.50 EN $0.11
2026-09-22T20:02:46+00:00,https://bilgewatermarket.com/cards,Portal Rescue,foil,0.35,https://bilgewatermarket.com/cards/OGN-102?print_variation=foiled,foiled,https://bilgewatermarket.com/assets/OGN-102-EN-BR2MQkl0.jpg,¥1.10,$0.35,,Portal Rescue OGN-102/298 Foiled CN ¥1.10 EN $0.35
2026-09-22T20:02:46+00:00,https://bilgewatermarket.com/cards,Portal Rescue,nonfoil,0.16,https://bilgewatermarket.com/cards/OGN-102,normal,https://bilgewatermarket.com/assets/OGN-102-EN-BR2MQkl0.jpg,¥0.52,$0.16,,Portal Rescue OGN-102/298 CN ¥0.52 EN $0.16
2026-09-22T20:02:46+00:00,https://bilgewatermarket.com/cards,Ravenbloom Student,foil,0.59,https://bilgewatermarket.com/cards/OGN-103?print_variation=foiled,foiled,https://bilgewatermarket.com/assets/OGN-103-EN-DeYVHEQI.jpg,¥5.12,$0.59,,Ravenbloom Student OGN-103/298 Foiled CN ¥5.12 EN $0.59
2026-09-22T20:02:46+00:00,https://bilgewatermarket.com/cards,Ravenbloom Student,nonfoil,0.43,https://bilgewatermarket.com/cards/OGN-103,normal,https://bilgewatermarket.com/assets/OGN-103-EN-DeYVHEQI.jpg,¥1.31,$0.43,,Ravenbloom Student OGN-103/298 CN ¥1.31 EN $0.43
2026-09-22T20:02:46+00:00,https://bilgewatermarket.com/cards,Retreat,foil,2.43,https://bilgewatermarket.com/cards/OGN-104?print_variation=foiled,foiled,https://bilgewatermarket.com/assets/OGN-104-EN-RYDY4hXn.jpg,¥6.16,$2.43,,Retreat OGN-104/298 Foiled CN ¥6.16 EN $2.43
2026-09-22T20:02:46+00:00,https://bilgewatermarket.com/cards,Retreat,nonfoil,0.72,https://bilgewatermarket.com/cards/OGN-104,normal,https://bilgewatermarket.com/assets/OGN-104-EN-RYDY4hXn.jpg,¥3.38,$0.72,,Retreat OGN-104/298 CN ¥3.38 EN $0.72
2026-09-22T20:02:46+00:00,https://bilgewatermarket.com/cards,Singularity,foil,4.24,https://bilgewatermarket.com/cards/OGN-105?print_variation=foiled,foiled,https://bilgewatermarket.com/assets/OGN-105-EN--OTQ4mof.jpg,¥7.96,$4.24,,Singularity OGN-105/298 Foiled CN ¥7.96 EN $4.24
2026-09-22T20:02:46+00:00,https://bilgewatermarket.com/cards,Singularity,nonfoil,0.88,https://bilgewatermarket.com/cards/OGN-105,normal,https://bilgewatermarket.com/assets/OGN-105-EN--OTQ4mof.jpg,¥1.99,$0.88,,Singularity OGN-105/298 CN ¥1.99 EN $0.88
2026-09-22T20:02:46+00:00,https://bilgewatermarket.com/cards,Sprite Mother,foil,0.58,https://bilgewatermarket.com/cards/OGN-106?print_variation=foiled,foiled,https://bilgewatermarket.com/assets/OGN-106-EN-DR2N5mxI.jpg,¥2.73,$0.58,,Sprite Mother OGN-106/298 Foiled CN ¥2.73 EN $0.58
2026-09-22T20:02:46+00:00,https://bilgewatermarket.com/cards,Sprite Mother,nonfoil,0.22,https://bilgewatermarket.com/cards/OGN-106,normal,https://bilgewatermarket.com/assets/OGN-106-EN-DR2N5mxI.jpg,¥1.09,$0.22,,Sprite Mother OGN-106/298 CN ¥1.09 EN $0.22
2026-09-22T20:02:46+00:00,https://bilgewatermarket.com/cards,Ava Achiever,nonfoil,0.22,https://bilgewatermarket.com/cards/OGN-107,normal,https://bilgewatermarket.com/assets/OGN-107-EN-CPwOAp73.jpg,¥0.52,$0.22,,Ava Achiever OGN-107/298 CN ¥0.52 EN $0.22
2026-09-22T20:02:46+00:00,https://bilgewatermarket.com/cards,Convergent Mutation,nonfoil,0.15,https://bilgewatermarket.com/cards/OGN-108,normal,https://bilgewatermarket.com/assets/OGN-108-EN-hFPCUCet.jpg,¥0.68,$0.15,,Convergent Mutation OGN-108/298 CN ¥0.68 EN $0.15
2026-09-22T20:02:46+00:00,https://bilgewatermarket.com/cards,"Dr. Mundo, Expert",nonfoil,0.37,https://bilgewatermarket.com/cards/OGN-109,normal,https://bilgewatermarket.com/assets/OGN-109-EN-Cv8u59f1.jpg,¥1.42,$0.37,,"Dr. Mundo, Expert OGN-109/298 CN ¥1.42 EN $0.37"
2026-09-22T20:02:46+00:00,https://bilgewatermarket.com/cards,"Ekko, Recurrent",nonfoil,0.74,https://bilgewatermarket.com/cards/OGN-110,normal,https://bilgewatermarket.com/assets/OGN-110-EN-CB0FSRr-.jpg,¥1.20,$0.74,,"BANNED Ekko, Recurrent OGN-110/298 CN ¥1.20 EN $0.74"
2026-09-22T20:02:46+00:00,https://bilgewatermarket.com/cards,"Heimerdinger, Inventor",nonfoil,0.36,https://bilgewatermarket.com/cards/OGN-111,normal,https://bilgewatermarket.com/assets/OGN-111-EN-UiOUfm7b.jpg,¥0.52,$0.36,,"Heimerdinger, Inventor OGN-111/298 CN ¥0.52 EN $0.36"
2026-09-22T20:02:46+00:00,https://bilgewatermarket.com/cards,"Kai'Sa, Evolutionary",nonfoil,0.37,https://bilgewatermarket.com/cards/OGN-112,normal,https://bilgewatermarket.com/assets/OGN-112-EN-pR5YQL4o.jpg,¥0.57,$0.37,,"Kai'Sa, Evolutionary OGN-112/298 CN ¥0.57 EN $0.37"
2026-09-22T20:02:46+00:00,https://bilgewatermarket.com/cards,"Kai'Sa, Evolutionary",nonfoil,3.57,https://bilgewatermarket.com/cards/OGN-112a?print_variation=showcase,showcase,https://bilgewatermarket.com/assets/OGN-112a-EN-BZk0gc8u.jpg,¥3.81,$3.57,,"Kai'Sa, Evolutionary OGN-112A/298 Showcase CN ¥3.81 EN $3.57"
2026-09-22T20:02:46+00:00,https://bilgewatermarket.com/cards,"Malzahar, Fanatic",nonfoil,0.29,https://bilgewatermarket.com/cards/OGN-113,normal,https://bilgewatermarket.com/assets/OGN-113-EN-C8ucMBPU.jpg,¥0.51,$0.29,,"Malzahar, Fanatic OGN-113/298 CN ¥0.51 EN $0.29"
2026-09-22T20:02:46+00:00,https://bilgewatermarket.com/cards,Progress Day,nonfoil,0.87,https://bilgewatermarket.com/cards/OGN-114,normal,https://bilgewatermarket.com/assets/OGN-114-EN-CHuZmDpj.jpg,¥1.95,$0.87,,Progress Day OGN-114/298 CN ¥1.95 EN $0.87
2026-09-22T20:02:46+00:00,https://bilgewatermarket.com/cards,Promising Future,nonfoil,0.86,https://bilgewatermarket.com/cards/OGN-115,normal,https://bilgewatermarket.com/assets/OGN-115-EN-DIpKJGn_.jpg,¥0.87,$0.86,,Promising Future OGN-115/298 CN ¥0.87 EN $0.86
2026-09-22T20:02:46+00:00,https://bilgewatermarket.com/cards,Thousand-Tailed Watcher,nonfoil,20.96,https://bilgewatermarket.com/cards/OGN-116,normal,https://bilgewatermarket.com/assets/OGN-116-EN-C_i1kvXr.jpg,¥34.89,$20.96,,Thousand-Tailed Watcher OGN-116/298 CN ¥34.89 EN $20.96
2026-09-22T20:02:46+00:00,https://bilgewatermarket.com/cards,"Viktor, Innovator",nonfoil,0.26,https://bilgewatermarket.com/cards/OGN-117,normal,https://bilgewatermarket.com/assets/OGN-117-EN-BxNsPZZV.jpg,¥0.50,$0.26,,"Viktor, Innovator OGN-117/298 CN ¥0.50 EN $0.26"
2026-09-22T20:02:46+00:00,https://bilgewatermarket.com/cards,"Viktor, Innovator",nonfoil,1.19,https://bilgewatermarket.com/cards/OGN-117a?print_variation=showcase,showcase,https://bilgewatermarket.com/assets/OGN-117a-EN-CSsqftUO.jpg,¥2.40,$1.19,,"Viktor, Innovator OGN-117A/298 Showcase CN ¥2.40 EN $1.19"
2026-09-22T20:02:46+00:00,https://bilgewatermarket.com/cards,Wraith of Echoes,nonfoil,0.23,https://bilgewatermarket.com/cards/OGN-118,normal,https://bilgewatermarket.com/assets/OGN-118-EN-BmNFAs5c.jpg,¥0.50,$0.23,,Wraith of Echoes OGN-118/298 CN ¥0.50 EN $0.23
2026-09-22T20:02:46+00:00,https://bilgewatermarket.com/cards,"Ahri, Inquisitive",nonfoil,7.29,https://bilgewatermarket.com/cards/OGN-119,normal,https://bilgewatermarket.com/assets/OGN-119-EN-B_QdSctH.jpg,¥2.53,$7.29,,"Ahri, Inquisitive OGN-119/298 CN ¥2.53 EN $7.29"
2026-09-22T20:02:46+00:00,https://bilgewatermarket.com/cards,"Ahri, Inquisitive",nonfoil,14.38,https://bilgewatermarket.com/cards/OGN-119a?print_variation=showcase,showcase,https://bilgewatermarket.com/assets/OGN-119a-EN-dPXgEKTC.jpg,¥5.90,$14.38,,"Ahri, Inquisitive OGN-119A/298 Showcase CN ¥5.90 EN $14.38"
2026-09-22T20:02:46+00:00,https://bilgewatermarket.com/cards,Seal of Insight,nonfoil,13.05,https://bilgewatermarket.com/cards/OGN-120,normal,https://bilgewatermarket.com/assets/OGN-120-EN-aU9mGTwU.jpg,¥30.24,$13.05,,Seal of Insight OGN-120/298 CN ¥30.24 EN $13.05
2026-09-22T20:02:46+00:00,https://bilgewatermarket.com/cards,"Teemo, Strategist",nonfoil,3.17,https://bilgewatermarket.com/cards/OGN-121,normal,https://bilgewatermarket.com/assets/OGN-121-EN-fCse2wPS.jpg,¥2.47,$3.17,,"Teemo, Strategist OGN-121/298 CN ¥2.47 EN $3.17"
2026-09-22T20:02:46+00:00,https://bilgewatermarket.com/cards,"Teemo, Strategist",nonfoil,6.46,https://bilgewatermarket.com/cards/OGN-121a?print_variation=showcase,showcase,https://bilgewatermarket.com/assets/OGN-121a-EN-7BAOu3Lo.jpg,¥3.52,$6.46,,"Teemo, Strategist OGN-121A/298 Showcase CN ¥3.52 EN $6.46"
2026-09-22T20:02:46+00:00,https://bilgewatermarket.com/cards,Time Warp,nonfoil,48.61,https://bilgewatermarket.com/cards/OGN-122,normal,https://bilgewatermarket.com/assets/OGN-122-EN-CYpJs5oO.jpg,¥136.26,$48.61,,Time Warp OGN-122/298 CN ¥136.26 EN $48.61
2026-09-22T20:02:46+00:00,https://bilgewatermarket.com/cards,Unchecked Power,nonfoil,25.67,https://bilgewatermarket.com/cards/OGN-123,normal,https://bilgewatermarket.com/assets/OGN-123-EN-3Jsq-3TO.jpg,¥49.90,$25.67,,Unchecked Power OGN-123/298 CN ¥49.90 EN $25.67
2026-09-22T20:02:46+00:00,https://bilgewatermarket.com/cards,Arena Bar,foil,0.30,https://bilgewatermarket.com/cards/OGN-124?print_variation=foiled,foiled,https://bilgewatermarket.com/assets/OGN-124-EN-Bn1RLhXM.jpg,¥0.58,$0.30,,Arena Bar OGN-124/298 Foiled CN ¥0.58 EN $0.30
2026-09-22T20:02:46+00:00,https://bilgewatermarket.com/cards,Arena Bar,nonfoil,0.07,https://bilgewatermarket.com/cards/OGN-124,normal,https://bilgewatermarket.com/assets/OGN-124-EN-Bn1RLhXM.jpg,¥0.50,$0.07,,Arena Bar OGN-124/298 CN ¥0.50 EN $0.07
2026-09-22T20:02:46+00:00,https://bilgewatermarket.com/cards,Bilgewater Bully,foil,0.15,https://bilgewatermarket.com/cards/OGN-125?print_variation=foiled,foiled,https://bilgewatermarket.com/assets/OGN-125-EN-Y539j_E7.jpg,¥0.50,$0.15,,Bilgewater Bully OGN-125/298 Foiled CN ¥0.50 EN $0.15
2026-09-22T20:02:46+00:00,https://bilgewatermarket.com/cards,Bilgewater Bully,nonfoil,0.04,https://bilgewatermarket.com/cards/OGN-125,normal,https://bilgewatermarket.com/assets/OGN-125-EN-Y539j_E7.jpg,¥0.30,$0.04,,Bilgewater Bully OGN-125/298 CN ¥0.30 EN $0.04
2026-09-22T20:02:46+00:00,https://bilgewatermarket.com/cards,Body Rune,nonfoil,0.11,https://bilgewatermarket.com/cards/OGN-126,normal,https://bilgewatermarket.com/assets/OGN-126-EN-p6xwSh2v.jpg,¥0.50,$0.11,,Body Rune OGN-126/298 CN ¥0.50 EN $0.11
2026-09-22T20:02:46+00:00,https://bilgewatermarket.com/cards,Body Rune,nonfoil,3.09,https://bilgewatermarket.com/cards/OGN-126a?print_variation=showcase,showcase,https://bilgewatermarket.com/assets/OGN-126a-EN-Bg9cEDnt.jpg,¥27.01,$3.09,,Body Rune OGN-126A/298 Showcase CN ¥27.01 EN $3.09
2026-09-22T20:02:46+00:00,https://bilgewatermarket.com/cards,Cannon Barrage,foil,0.22,https://bilgewatermarket.com/cards/OGN-127?print_variation=foiled,foiled,https://bilgewatermarket.com/assets/OGN-127-EN-CRCmlV7f.jpg,¥0.51,$0.22,,Cannon Barrage OGN-127/298 Foiled CN ¥0.51 EN $0.22
2026-09-22T20:02:46+00:00,https://bilgewatermarket.com/cards,Cannon Barrage,nonfoil,0.10,https://bilgewatermarket.com/cards/OGN-127,normal,https://bilgewatermarket.com/assets/OGN-127-EN-CRCmlV7f.jpg,¥0.50,$0.10,,Cannon Barrage OGN-127/298 CN ¥0.50 EN $0.10
2026-09-22T20:02:46+00:00,https://bilgewatermarket.com/cards,Challenge,foil,0.57,https://bilgewatermarket.com/cards/OGN-128?print_variation=foiled,foiled,https://bilgewatermarket.com/assets/OGN-128-EN-C2aYTblP.jpg,¥1.91,$0.57,,Challenge OGN-128/298 Foiled CN ¥1.91 EN $0.57
2026-09-22T20:02:46+00:00,https://bilgewatermarket.com/cards,Challenge,nonfoil,0.25,https://bilgewatermarket.com/cards/OGN-128,normal,https://bilgewatermarket.com/assets/OGN-128-EN-C2aYTblP.jpg,¥0.52,$0.25,,Challenge OGN-128/298 CN ¥0.52 EN $0.25
2026-09-22T20:02:46+00:00,https://bilgewatermarket.com/cards,Confront,foil,0.27,https://bilgewatermarket.com/cards/OGN-129?print_variation=foiled,foiled,https://bilgewatermarket.com/assets/OGN-129-EN-DfsM32NF.jpg,¥1.23,$0.27,,Confront OGN-129/298 Foiled CN ¥1.23 EN $0.27
2026-09-22T20:02:46+00:00,https://bilgewatermarket.com/cards,Confront,nonfoil,0.05,https://bilgewatermarket.com/cards/OGN-129,normal,https://bilgewatermarket.com/assets/OGN-129-EN-DfsM32NF.jpg,¥0.56,$0.05,,Confront OGN-129/298 CN ¥0.56 EN $0.05
2026-09-22T20:02:46+00:00,https://bilgewatermarket.com/cards,Crackshot Corsair,foil,0.15,https://bilgewatermarket.com/cards/OGN-130?print_variation=foiled,foiled,https://bilgewatermarket.com/assets/OGN-130-EN-CzuhMf0J.jpg,¥0.50,$0.15,,Crackshot Corsair OGN-130/298 Foiled CN ¥0.50 EN $0.15
2026-09-22T20:02:46+00:00,https://bilgewatermarket.com/cards,Crackshot Corsair,nonfoil,0.06,https://bilgewatermarket.com/cards/OGN-130,normal,https://bilgewatermarket.com/assets/OGN-130-EN-CzuhMf0J.jpg,¥0.50,$0.06,,Crackshot Corsair OGN-130/298 CN ¥0.50 EN $0.06
2026-09-22T20:02:46+00:00,https://bilgewatermarket.com/cards,Dune Drake,foil,0.27,https://bilgewatermarket.com/cards/OGN-131?print_variation=foiled,foiled,https://bilgewatermarket.com/assets/OGN-131-EN-DPt8LDDy.jpg,¥0.50,$0.27,,Dune Drake OGN-131/298 Foiled CN ¥0.50 EN $0.27
2026-09-22T20:02:46+00:00,https://bilgewatermarket.com/cards,Dune Drake,nonfoil,0.06,https://bilgewatermarket.com/cards/OGN-131,normal,https://bilgewatermarket.com/assets/OGN-131-EN-DPt8LDDy.jpg,¥0.50,$0.06,,Dune Drake OGN-131/298 CN ¥0.50 EN $0.06
2026-09-22T20:02:46+00:00,https://bilgewatermarket.com/cards,First Mate,foil,2.07,https://bilgewatermarket.com/cards/OGN-132?print_variation=foiled,foiled,https://bilgewatermarket.com/assets/OGN-132-EN-e2BzL9rM.jpg,¥2.64,$2.07,,First Mate OGN-132/298 Foiled CN ¥2.64 EN $2.07
2026-09-22T20:02:46+00:00,https://bilgewatermarket.com/cards,First Mate,nonfoil,0.25,https://bilgewatermarket.com/cards/OGN-132,normal,https://bilgewatermarket.com/assets/OGN-132-EN-e2BzL9rM.jpg,¥0.55,$0.25,,First Mate OGN-132/298 CN ¥0.55 EN $0.25
2026-09-22T20:02:46+00:00,https://bilgewatermarket.com/cards,Flurry of Blades,foil,0.30,https://bilgewatermarket.com/cards/OGN-133?print_variation=foiled,foiled,https://bilgewatermarket.com/assets/OGN-133-EN-CXSXjiUE.jpg,¥0.94,$0.30,,Flurry of Blades OGN-133/298 Foiled CN ¥0.94 EN $0.30
2026-09-22T20:02:46+00:00,https://bilgewatermarket.com/cards,Flurry of Blades,nonfoil,0.11,https://bilgewatermarket.com/cards/OGN-133,normal,https://bilgewatermarket.com/assets/OGN-133-EN-CXSXjiUE.jpg,¥0.54,$0.11,,Flurry of Blades OGN-133/298 CN ¥0.54 EN $0.11
2026-09-22T20:02:46+00:00,https://bilgewatermarket.com/cards,Mobilize,foil,0.77,https://bilgewatermarket.com/cards/OGN-134?print_variation=foiled,foiled,https://bilgewatermarket.com/assets/OGN-134-EN-f8FqAyrl.jpg,¥1.27,$0.77,,Mobilize OGN-134/298 Foiled CN ¥1.27 EN $0.77
2026-09-22T20:02:46+00:00,https://bilgewatermarket.com/cards,Mobilize,nonfoil,0.11,https://bilgewatermarket.com/cards/OGN-134,normal,https://bilgewatermarket.com/assets/OGN-134-EN-f8FqAyrl.jpg,¥0.52,$0.11,,Mobilize OGN-134/298 CN ¥0.52 EN $0.11
2026-09-22T20:02:46+00:00,https://bilgewatermarket.com/cards,Pakaa Cub,foil,0.20,https://bilgewatermarket.com/cards/OGN-135?print_variation=foiled,foiled,https://bilgewatermarket.com/assets/OGN-135-EN-YM8mPp9x.jpg,¥0.51,$0.20,,Pakaa Cub OGN-135/298 Foiled CN ¥0.51 EN $0.20
2026-09-22T20:02:46+00:00,https://bilgewatermarket.com/cards,Pakaa Cub,nonfoil,0.08,https://bilgewatermarket.com/cards/OGN-135,normal,https://bilgewatermarket.com/assets/OGN-135-EN-YM8mPp9x.jpg,¥0.50,$0.08,,Pakaa Cub OGN-135/298 CN ¥0.50 EN $0.08
2026-09-22T20:02:46+00:00,https://bilgewatermarket.com/cards,Pit Rookie,foil,1.45,https://bilgewatermarket.com/cards/OGN-136?print_variation=foiled,foiled,https://bilgewatermarket.com/assets/OGN-136-EN-BVFtWl2S.jpg,¥2.04,$1.45,,Pit Rookie OGN-136/298 Foiled CN ¥2.04 EN $1.45
2026-09-22T20:02:46+00:00,https://bilgewatermarket.com/cards,Pit Rookie,nonfoil,0.15,https://bilgewatermarket.com/cards/OGN-136,normal,https://bilgewatermarket.com/assets/OGN-136-EN-BVFtWl2S.jpg,¥0.54,$0.15,,Pit Rookie OGN-136/298 CN ¥0.54 EN $0.15
2026-09-22T20:02:46+00:00,https://bilgewatermarket.com/cards,Stormclaw Ursine,foil,0.15,https://bilgewatermarket.com/cards/OGN-137?print_variation=foiled,foiled,https://bilgewatermarket.com/assets/OGN-137-EN-Dm3cPgdo.jpg,¥0.50,$0.15,,Stormclaw Ursine OGN-137/298 Foiled CN ¥0.50 EN $0.15
2026-09-22T20:02:46+00:00,https://bilgewatermarket.com/cards,Stormclaw Ursine,nonfoil,0.06,https://bilgewatermarket.com/cards/OGN-137,normal,https://bilgewatermarket.com/assets/OGN-137-EN-Dm3cPgdo.jpg,¥0.50,$0.06,,Stormclaw Ursine OGN-137/298 CN ¥0.50 EN $0.06
2026-09-22T20:02:46+00:00,https://bilgewatermarket.com/cards,Catalyst of Aeons,foil,3.73,https://bilgewatermarket.com/cards/OGN-138?print_variation=foiled,foiled,https://bilgewatermarket.com/assets/OGN-138-EN-ePuRHGsv.jpg,¥5.50,$3.73,,Catalyst of Aeons OGN-138/298 Foiled CN ¥5.50 EN $3.73
2026-09-22T20:02:46+00:00,https://bilgewatermarket.com/cards,Catalyst of Aeons,nonfoil,0.38,https://bilgewatermarket.com/cards/OGN-138,normal,https://bilgewatermarket.com/assets/OGN-138-EN-ePuRHGsv.jpg,¥1.26,$0.38,,Catalyst of Aeons OGN-138/298 CN ¥1.26 EN $0.38
2026-09-22T20:02:46+00:00,https://bilgewatermarket.com/cards,Cithria of Cloudfield,foil,0.22,https://bilgewatermarket.com/cards/OGN-139?print_variation=foiled,foiled,https://bilgewatermarket.com/assets/OGN-139-EN-BpIrp3BC.jpg,¥1.58,$0.22,,Cithria of Cloudfield OGN-139/298 Foiled CN ¥1.58 EN $0.22
2026-09-22T20:02:46+00:00,https://bilgewatermarket.com/cards,Cithria of Cloudfield,nonfoil,0.08,https://bilgewatermarket.com/cards/OGN-139,normal,https://bilgewatermarket.com/assets/OGN-139-EN-BpIrp3BC.jpg,¥0.61,$0.08,,Cithria of Cloudfield OGN-139/298 CN ¥0.61 EN $0.08
2026-09-22T20:02:46+00:00,https://bilgewatermarket.com/cards,Herald of Scales,foil,0.94,https://bilgewatermarket.com/cards/OGN-140?print_variation=foiled,foiled,https://bilgewatermarket.com/assets/OGN-140-EN-BkyAUufz.jpg,¥1.00,$0.94,,Herald of Scales OGN-140/298 Foiled CN ¥1.00 EN $0.94
2026-09-22T20:02:46+00:00,https://bilgewatermarket.com/cards,Herald of Scales,nonfoil,0.20,https://bilgewatermarket.com/cards/OGN-140,normal,https://bilgewatermarket.com/assets/OGN-140-EN-BkyAUufz.jpg,¥0.54,$0.20,,Herald of Scales OGN-140/298 CN ¥0.54 EN $0.20
2026-09-22T20:02:46+00:00,https://bilgewatermarket.com/cards,Kinkou Monk,foil,0.50,https://bilgewatermarket.com/cards/OGN-141?print_variation=foiled,foiled,https://bilgewatermarket.com/assets/OGN-141-EN-BLmt2UpW.jpg,¥1.74,$0.50,,Kinkou Monk OGN-141/298 Foiled CN ¥1.74 EN $0.50
2026-09-22T20:02:46+00:00,https://bilgewatermarket.com/cards,Kinkou Monk,nonfoil,0.22,https://bilgewatermarket.com/cards/OGN-141,normal,https://bilgewatermarket.com/assets/OGN-141-EN-BLmt2UpW.jpg,¥0.57,$0.22,,Kinkou Monk OGN-141/298 CN ¥0.57 EN $0.22
2026-09-22T20:02:46+00:00,https://bilgewatermarket.com/cards,Mountain Drake,foil,0.33,https://bilgewatermarket.com/cards/OGN-142?print_variation=foiled,foiled,https://bilgewatermarket.com/assets/OGN-142-EN-BRbH71vQ.jpg,¥1.08,$0.33,,Mountain Drake OGN-142/298 Foiled CN ¥1.08 EN $0.33
2026-09-22T20:02:46+00:00,https://bilgewatermarket.com/cards,Mountain Drake,nonfoil,0.08,https://bilgewatermarket.com/cards/OGN-142,normal,https://bilgewatermarket.com/assets/OGN-142-EN-BRbH71vQ.jpg,¥0.50,$0.08,,Mountain Drake OGN-142/298 CN ¥0.50 EN $0.08
2026-09-22T20:02:46+00:00,https://bilgewatermarket.com/cards,Pirate's Haven,foil,0.29,https://bilgewatermarket.com/cards/OGN-143?print_variation=foiled,foiled,https://bilgewatermarket.com/assets/OGN-143-EN-Do7UlbnF.jpg,¥0.53,$0.29,,Pirate's Haven OGN-143/298 Foiled CN ¥0.53 EN $0.29
2026-09-22T20:02:46+00:00,https://bilgewatermarket.com/cards,Pirate's Haven,nonfoil,0.12,https://bilgewatermarket.com/cards/OGN-143,normal,https://bilgewatermarket.com/assets/OGN-143-EN-Do7UlbnF.jpg,¥0.50,$0.12,,Pirate's Haven OGN-143/298 CN ¥0.50 EN $0.12
2026-09-22T20:02:46+00:00,https://bilgewatermarket.com/cards,Spoils of War,foil,0.41,https://bilgewatermarket.com/cards/OGN-144?print_variation=foiled,foiled,https://bilgewatermarket.com/assets/OGN-144-EN--s4lsauL.jpg,¥0.51,$0.41,,Spoils of War OGN-144/298 Foiled CN ¥0.51 EN $0.41
2026-09-22T20:02:46+00:00,https://bilgewatermarket.com/cards,Spoils of War,nonfoil,0.15,https://bilgewatermarket.com/cards/OGN-144,normal,https://bilgewatermarket.com/assets/OGN-144-EN--s4lsauL.jpg,¥0.50,$0.15,,Spoils of War OGN-144/298 CN ¥0.50 EN $0.15
2026-09-22T20:02:46+00:00,https://bilgewatermarket.com/cards,Unyielding Spirit,foil,2.05,https://bilgewatermarket.com/cards/OGN-145?print_variation=foiled,foiled,https://bilgewatermarket.com/assets/OGN-145-EN-CxX0lfzM.jpg,¥5.51,$2.05,,Unyielding Spirit OGN-145/298 Foiled CN ¥5.51 EN $2.05
2026-09-22T20:02:46+00:00,https://bilgewatermarket.com/cards,Unyielding Spirit,nonfoil,0.54,https://bilgewatermarket.com/cards/OGN-145,normal,https://bilgewatermarket.com/assets/OGN-145-EN-CxX0lfzM.jpg,¥2.02,$0.54,,Unyielding Spirit OGN-145/298 CN ¥2.02 EN $0.54
2026-09-22T20:02:46+00:00,https://bilgewatermarket.com/cards,Wallop,foil,0.37,https://bilgewatermarket.com/cards/OGN-146?print_variation=foiled,foiled,https://bilgewatermarket.com/assets/OGN-146-EN-DivDZcep.jpg,¥0.55,$0.37,,Wallop OGN-146/298 Foiled CN ¥0.55 EN $0.37
2026-09-22T20:02:46+00:00,https://bilgewatermarket.com/cards,Wallop,nonfoil,0.15,https://bilgewatermarket.com/cards/OGN-146,normal,https://bilgewatermarket.com/assets/OGN-146-EN-DivDZcep.jpg,¥0.50,$0.15,,Wallop OGN-146/298 CN ¥0.50 EN $0.15
2026-09-22T20:02:46+00:00,https://bilgewatermarket.com/cards,Wildclaw Shaman,foil,0.27,https://bilgewatermarket.com/cards/OGN-147?print_variation=foiled,foiled,https://bilgewatermarket.com/assets/OGN-147-EN-BG2yjE7n.jpg,¥0.50,$0.27,,Wildclaw Shaman OGN-147/298 Foiled CN ¥0.50 EN $0.27
2026-09-22T20:02:46+00:00,https://bilgewatermarket.com/cards,Wildclaw Shaman,nonfoil,0.08,https://bilgewatermarket.com/cards/OGN-147,normal,https://bilgewatermarket.com/assets/OGN-147-EN-BG2yjE7n.jpg,¥0.50,$0.08,,Wildclaw Shaman OGN-147/298 CN ¥0.50 EN $0.08
2026-09-22T20:02:46+00:00,https://bilgewatermarket.com/cards,"Anivia, Primal",nonfoil,0.35,https://bilgewatermarket.com/cards/OGN-148,normal,https://bilgewatermarket.com/assets/OGN-148-EN-DB6ZXMms.jpg,¥0.51,$0.35,,"Anivia, Primal OGN-148/298 CN ¥0.51 EN $0.35"
2026-09-22T20:02:46+00:00,https://bilgewatermarket.com/cards,Carnivorous Snapvine,nonfoil,0.31,https://bilgewatermarket.com/cards/OGN-149,normal,https://bilgewatermarket.com/assets/OGN-149-EN-DfLP7rvL.jpg,¥0.56,$0.31,,Carnivorous Snapvine OGN-149/298 CN ¥0.56 EN $0.31
2026-09-22T20:02:46+00:00,https://bilgewatermarket.com/cards,Kraken Hunter,nonfoil,0.22,https://bilgewatermarket.com/cards/OGN-150,normal,https://bilgewatermarket.com/assets/OGN-150-EN-B7wn6Rib.jpg,¥0.50,$0.22,,Kraken Hunter OGN-150/298 CN ¥0.50 EN $0.22
2026-09-22T20:02:46+00:00,https://bilgewatermarket.com/cards,"Lee Sin, Centered",nonfoil,0.22,https://bilgewatermarket.com/cards/OGN-151,normal,https://bilgewatermarket.com/assets/OGN-151-EN-CDYkk0yy.jpg,¥0.51,$0.22,,"Lee Sin, Centered OGN-151/298 CN ¥0.51 EN $0.22"
2026-09-22T20:02:46+00:00,https://bilgewatermarket.com/cards,"Lee Sin, Centered",nonfoil,1.42,https://bilgewatermarket.com/cards/OGN-151a?print_variation=showcase,showcase,https://bilgewatermarket.com/assets/OGN-151a-EN-CMQlCcol.jpg,¥2.29,$1.42,,"Lee Sin, Centered OGN-151A/298 Showcase CN ¥2.29 EN $1.42"
2026-09-22T20:02:46+00:00,https://bilgewatermarket.com/cards,Mistfall,nonfoil,0.11,https://bilgewatermarket.com/cards/OGN-152,normal,https://bilgewatermarket.com/assets/OGN-152-EN-Bon-besD.jpg,¥0.50,$0.11,,Mistfall OGN-152/298 CN ¥0.50 EN $0.11
2026-09-22T20:02:46+00:00,https://bilgewatermarket.com/cards,Overt Operation,nonfoil,0.25,https://bilgewatermarket.com/cards/OGN-153,normal,https://bilgewatermarket.com/assets/OGN-153-EN-CwxZUCnm.jpg,¥0.50,$0.25,,Overt Operation OGN-153/298 CN ¥0.50 EN $0.25
2026-09-22T20:02:46+00:00,https://bilgewatermarket.com/cards,Primal Strength,nonfoil,0.29,https://bilgewatermarket.com/cards/OGN-154,normal,https://bilgewatermarket.com/assets/OGN-154-EN-CZ2t65pE.jpg,¥1.20,$0.29,,Primal Strength OGN-154/298 CN ¥1.20 EN $0.29
2026-09-22T20:02:46+00:00,https://bilgewatermarket.com/cards,"Qiyana, Victorious",nonfoil,0.55,https://bilgewatermarket.com/cards/OGN-155,normal,https://bilgewatermarket.com/assets/OGN-155-EN-BIf68IXz.jpg,¥2.76,$0.55,,"Qiyana, Victorious OGN-155/298 CN ¥2.76 EN $0.55"
2026-09-22T20:02:46+00:00,https://bilgewatermarket.com/cards,Sabotage,nonfoil,14.09,https://bilgewatermarket.com/cards/OGN-156,normal,https://bilgewatermarket.com/assets/OGN-156-EN-BcnT2X0Q.jpg,¥15.70,$14.09,,Sabotage OGN-156/298 CN ¥15.70 EN $14.09
2026-09-22T20:02:46+00:00,https://bilgewatermarket.com/cards,"Udyr, Wildman",nonfoil,0.27,https://bilgewatermarket.com/cards/OGN-157,normal,https://bilgewatermarket.com/assets/OGN-157-EN-D-16xEYZ.jpg,¥0.54,$0.27,,"Udyr, Wildman OGN-157/298 CN ¥0.54 EN $0.27"
2026-09-22T20:02:46+00:00,https://bilgewatermarket.com/cards,"Volibear, Imposing",nonfoil,0.24,https://bilgewatermarket.com/cards/OGN-158,normal,https://bilgewatermarket.com/assets/OGN-158-EN-tqh5fanU.jpg,¥0.61,$0.24,,"Volibear, Imposing OGN-158/298 CN ¥0.61 EN $0.24"
2026-09-22T20:02:46+00:00,https://bilgewatermarket.com/cards,"Volibear, Imposing",nonfoil,0.94,https://bilgewatermarket.com/cards/OGN-158a?print_variation=showcase,showcase,https://bilgewatermarket.com/assets/OGN-158a-EN-Cslcfb2c.jpg,¥2.38,$0.94,,"Volibear, Imposing OGN-158A/298 Showcase CN ¥2.38 EN $0.94"
2026-09-22T20:02:46+00:00,https://bilgewatermarket.com/cards,"Warwick, Hunter",nonfoil,0.35,https://bilgewatermarket.com/cards/OGN-159,normal,https://bilgewatermarket.com/assets/OGN-159-EN-CyfUCrKS.jpg,¥0.59,$0.35,,"Warwick, Hunter OGN-159/298 CN ¥0.59 EN $0.35"
2026-09-22T20:02:46+00:00,https://bilgewatermarket.com/cards,Dazzling Aurora,nonfoil,44.05,https://bilgewatermarket.com/cards/OGN-160,normal,https://bilgewatermarket.com/assets/OGN-160-EN-BAMdNDkA.jpg,¥111.33,$44.05,,Dazzling Aurora OGN-160/298 CN ¥111.33 EN $44.05
2026-09-22T20:02:46+00:00,https://bilgewatermarket.com/cards,Deadbloom Predator,nonfoil,2.52,https://bilgewatermarket.com/cards/OGN-161,normal,https://bilgewatermarket.com/assets/OGN-161-EN-F4GgpWAe.jpg,¥25.34,$2.52,,Deadbloom Predator OGN-161/298 CN ¥25.34 EN $2.52
2026-09-22T20:02:46+00:00,https://bilgewatermarket.com/cards,"Miss Fortune, Captain",nonfoil,4.41,https://bilgewatermarket.com/cards/OGN-162,normal,https://bilgewatermarket.com/assets/OGN-162-EN-DUR-_Cek.jpg,¥2.94,$4.41,,"Miss Fortune, Captain OGN-162/298 CN ¥2.94 EN $4.41"
2026-09-22T20:02:46+00:00,https://bilgewatermarket.com/cards,"Miss Fortune, Captain",nonfoil,13.37,https://bilgewatermarket.com/cards/OGN-162a?print_variation=showcase,showcase,https://bilgewatermarket.com/assets/OGN-162a-EN-S-0BzTK-.jpg,¥11.64,$13.37,,"Miss Fortune, Captain OGN-162A/298 Showcase CN ¥11.64 EN $13.37"
2026-09-22T20:02:46+00:00,https://bilgewatermarket.com/cards,Seal of Strength,nonfoil,9.71,https://bilgewatermarket.com/cards/OGN-163,normal,https://bilgewatermarket.com/assets/OGN-163-EN-DVYg3iCm.jpg,¥21.15,$9.71,,Seal of Strength OGN-163/298 CN ¥21.15 EN $9.71
2026-09-22T20:02:46+00:00,https://bilgewatermarket.com/cards,"Sett, Brawler",nonfoil,7.17,https://bilgewatermarket.com/cards/OGN-164,normal,https://bilgewatermarket.com/assets/OGN-164-EN-WbRN-dYX.jpg,¥14.80,$7.17,,"Sett, Brawler OGN-164/298 CN ¥14.80 EN $7.17"
2026-09-22T20:02:46+00:00,https://bilgewatermarket.com/cards,"Sett, Brawler",nonfoil,7.73,https://bilgewatermarket.com/cards/OGN-164a?print_variation=showcase,showcase,https://bilgewatermarket.com/assets/OGN-164a-EN-Bn6UskxX.jpg,¥19.61,$7.73,,"Sett, Brawler OGN-164A/298 Showcase CN ¥19.61 EN $7.73"
2026-09-22T20:02:46+00:00,https://bilgewatermarket.com/cards,Cemetery Attendant,foil,0.23,https://bilgewatermarket.com/cards/OGN-165?print_variation=foiled,foiled,https://bilgewatermarket.com/assets/OGN-165-EN-DQOL5StL.jpg,¥0.50,$0.23,,Cemetery Attendant OGN-165/298 Foiled CN ¥0.50 EN $0.23
2026-09-22T20:02:46+00:00,https://bilgewatermarket.com/cards,Cemetery Attendant,nonfoil,0.05,https://bilgewatermarket.com/cards/OGN-165,normal,https://bilgewatermarket.com/assets/OGN-165-EN-DQOL5StL.jpg,¥0.50,$0.05,,Cemetery Attendant OGN-165/298 CN ¥0.50 EN $0.05
2026-09-22T20:02:46+00:00,https://bilgewatermarket.com/cards,Chaos Rune,nonfoil,0.16,https://bilgewatermarket.com/cards/OGN-166,normal,https://bilgewatermarket.com/assets/OGN-166-EN-D2Q733QO.jpg,¥0.50,$0.16,,Chaos Rune OGN-166/298 CN ¥0.50 EN $0.16
2026-09-22T20:02:46+00:00,https://bilgewatermarket.com/cards,Chaos Rune,nonfoil,5.77,https://bilgewatermarket.com/cards/OGN-166a?print_variation=showcase,showcase,https://bilgewatermarket.com/assets/OGN-166a-EN-YTIjQy3f.jpg,¥35.58,$5.77,,Chaos Rune OGN-166A/298 Showcase CN ¥35.58 EN $5.77
2026-09-22T20:02:46+00:00,https://bilgewatermarket.com/cards,Ember Monk,foil,0.26,https://bilgewatermarket.com/cards/OGN-167?print_variation=foiled,foiled,https://bilgewatermarket.com/assets/OGN-167-EN-V1cxMGAu.jpg,¥0.51,$0.26,,Ember Monk OGN-167/298 Foiled CN ¥0.51 EN $0.26
2026-09-22T20:02:46+00:00,https://bilgewatermarket.com/cards,Ember Monk,nonfoil,0.13,https://bilgewatermarket.com/cards/OGN-167,normal,https://bilgewatermarket.com/assets/OGN-167-EN-V1cxMGAu.jpg,¥0.50,$0.13,,Ember Monk OGN-167/298 CN ¥0.50 EN $0.13
2026-09-22T20:02:46+00:00,https://bilgewatermarket.com/cards,Fight or Flight,foil,0.20,https://bilgewatermarket.com/cards/OGN-168?print_variation=foiled,foiled,https://bilgewatermarket.com/assets/OGN-168-EN-BgWwkTVn.jpg,¥0.50,$0.20,,BANNED Fight or Flight OGN-168/298 Foiled CN ¥0.50 EN $0.20
2026-09-22T20:02:46+00:00,https://bilgewatermarket.com/cards,Fight or Flight,nonfoil,0.09,https://bilgewatermarket.com/cards/OGN-168,normal,https://bilgewatermarket.com/assets/OGN-168-EN-BgWwkTVn.jpg,¥0.50,$0.09,,BANNED Fight or Flight OGN-168/298 CN ¥0.50 EN $0.09
2026-09-22T20:02:46+00:00,https://bilgewatermarket.com/cards,Gust,foil,0.80,https://bilgewatermarket.com/cards/OGN-169?print_variation=foiled,foiled,https://bilgewatermarket.com/assets/OGN-169-EN-D3vcZYyf.jpg,¥3.67,$0.80,,Gust OGN-169/298 Foiled CN ¥3.67 EN $0.80
2026-09-22T20:02:46+00:00,https://bilgewatermarket.com/cards,Gust,nonfoil,0.21,https://bilgewatermarket.com/cards/OGN-169,normal,https://bilgewatermarket.com/assets/OGN-169-EN-D3vcZYyf.jpg,¥0.59,$0.21,,Gust OGN-169/298 CN ¥0.59 EN $0.21
2026-09-22T20:02:46+00:00,https://bilgewatermarket.com/cards,Morbid Return,foil,0.31,https://bilgewatermarket.com/cards/OGN-170?print_variation=foiled,foiled,https://bilgewatermarket.com/assets/OGN-170-EN-B1Alk3m9.jpg,¥0.71,$0.31,,Morbid Return OGN-170/298 Foiled CN ¥0.71 EN $0.31
2026-09-22T20:02:46+00:00,https://bilgewatermarket.com/cards,Morbid Return,nonfoil,0.07,https://bilgewatermarket.com/cards/OGN-170,normal,https://bilgewatermarket.com/assets/OGN-170-EN-B1Alk3m9.jpg,¥0.51,$0.07,,Morbid Return OGN-170/298 CN ¥0.51 EN $0.07
2026-09-22T20:02:46+00:00,https://bilgewatermarket.com/cards,Mystic Poro,foil,0.28,https://bilgewatermarket.com/cards/OGN-171?print_variation=foiled,foiled,https://bilgewatermarket.com/assets/OGN-171-EN-AEQq6fb_.jpg,¥0.64,$0.28,,Mystic Poro OGN-171/298 Foiled CN ¥0.64 EN $0.28
2026-09-22T20:02:46+00:00,https://bilgewatermarket.com/cards,Mystic Poro,nonfoil,0.12,https://bilgewatermarket.com/cards/OGN-171,normal,https://bilgewatermarket.com/assets/OGN-171-EN-AEQq6fb_.jpg,¥0.50,$0.12,,Mystic Poro OGN-171/298 CN ¥0.50 EN $0.12
2026-09-22T20:02:46+00:00,https://bilgewatermarket.com/cards,Rebuke,foil,1.39,https://bilgewatermarket.com/cards/OGN-172?print_variation=foiled,foiled,https://bilgewatermarket.com/assets/OGN-172-EN-CV2xnG5B.jpg,¥2.80,$1.39,,Rebuke OGN-172/298 Foiled CN ¥2.80 EN $1.39
2026-09-22T20:02:46+00:00,https://bilgewatermarket.com/cards,Rebuke,nonfoil,0.26,https://bilgewatermarket.com/cards/OGN-172,normal,https://bilgewatermarket.com/assets/OGN-172-EN-CV2xnG5B.jpg,¥0.57,$0.26,,Rebuke OGN-172/298 CN ¥0.57 EN $0.26
2026-09-22T20:02:46+00:00,https://bilgewatermarket.com/cards,Ride the Wind,foil,8.69,https://bilgewatermarket.com/cards/OGN-173?print_variation=foiled,foiled,https://bilgewatermarket.com/assets/OGN-173-EN-XShIV1MR.jpg,¥5.24,$8.69,,Ride the Wind OGN-173/298 Foiled CN ¥5.24 EN $8.69
2026-09-22T20:02:46+00:00,https://bilgewatermarket.com/cards,Ride the Wind,nonfoil,0.81,https://bilgewatermarket.com/cards/OGN-173,normal,https://bilgewatermarket.com/assets/OGN-173-EN-XShIV1MR.jpg,¥0.67,$0.81,,Ride the Wind OGN-173/298 CN ¥0.67 EN $0.81
2026-09-22T20:02:46+00:00,https://bilgewatermarket.com/cards,Sai Scout,foil,0.12,https://bilgewatermarket.com/cards/OGN-174?print_variation=foiled,foiled,https://bilgewatermarket.com/assets/OGN-174-EN-8eYw9IeV.jpg,¥0.50,$0.12,,Sai Scout OGN-174/298 Foiled CN ¥0.50 EN $0.12
2026-09-22T20:02:46+00:00,https://bilgewatermarket.com/cards,Sai Scout,nonfoil,0.05,https://bilgewatermarket.com/cards/OGN-174,normal,https://bilgewatermarket.com/assets/OGN-174-EN-8eYw9IeV.jpg,¥0.50,$0.05,,Sai Scout OGN-174/298 CN ¥0.50 EN $0.05
2026-09-22T20:02:46+00:00,https://bilgewatermarket.com/cards,Shipyard Skulker,foil,0.18,https://bilgewatermarket.com/cards/OGN-175?print_variation=foiled,foiled,https://bilgewatermarket.com/assets/OGN-175-EN-DhRO8x6S.jpg,¥0.50,$0.18,,Shipyard Skulker OGN-175/298 Foiled CN ¥0.50 EN $0.18
2026-09-22T20:02:46+00:00,https://bilgewatermarket.com/cards,Shipyard Skulker,nonfoil,0.06,https://bilgewatermarket.com/cards/OGN-175,normal,https://bilgewatermarket.com/assets/OGN-175-EN-DhRO8x6S.jpg,¥0.50,$0.06,,Shipyard Skulker OGN-175/298 CN ¥0.50 EN $0.06
2026-09-22T20:02:46+00:00,https://bilgewatermarket.com/cards,Sneaky Deckhand,foil,0.73,https://bilgewatermarket.com/cards/OGN-176?print_variation=foiled,foiled,https://bilgewatermarket.com/assets/OGN-176-EN-BQHtwYUj.jpg,¥1.61,$0.73,,Sneaky Deckhand OGN-176/298 Foiled CN ¥1.61 EN $0.73
2026-09-22T20:02:46+00:00,https://bilgewatermarket.com/cards,Sneaky Deckhand,nonfoil,0.15,https://bilgewatermarket.com/cards/OGN-176,normal,https://bilgewatermarket.com/assets/OGN-176-EN-BQHtwYUj.jpg,¥0.51,$0.15,,Sneaky Deckhand OGN-176/298 CN ¥0.51 EN $0.15
2026-09-22T20:02:46+00:00,https://bilgewatermarket.com/cards,Stealthy Pursuer,foil,0.19,https://bilgewatermarket.com/cards/OGN-177?print_variation=foiled,foiled,https://bilgewatermarket.com/assets/OGN-177-EN-DFQ2GQRQ.jpg,¥0.53,$0.19,,BANNED Stealthy Pursuer OGN-177/298 Foiled CN ¥0.53 EN $0.19
2026-09-22T20:02:46+00:00,https://bilgewatermarket.com/cards,Stealthy Pursuer,nonfoil,0.06,https://bilgewatermarket.com/cards/OGN-177,normal,https://bilgewatermarket.com/assets/OGN-177-EN-DFQ2GQRQ.jpg,¥0.50,$0.06,,BANNED Stealthy Pursuer OGN-177/298 CN ¥0.50 EN $0.06
2026-09-22T20:02:46+00:00,https://bilgewatermarket.com/cards,Undercover Agent,foil,0.14,https://bilgewatermarket.com/cards/OGN-178?print_variation=foiled,foiled,https://bilgewatermarket.com/assets/OGN-178-EN-DGCPpyXZ.jpg,¥0.50,$0.14,,Undercover Agent OGN-178/298 Foiled CN ¥0.50 EN $0.14
2026-09-22T20:02:46+00:00,https://bilgewatermarket.com/cards,Undercover Agent,nonfoil,0.02,https://bilgewatermarket.com/cards/OGN-178,normal,https://bilgewatermarket.com/assets/OGN-178-EN-DGCPpyXZ.jpg,¥0.30,$0.02,,Undercover Agent OGN-178/298 CN ¥0.30 EN $0.02
2026-09-22T20:02:46+00:00,https://bilgewatermarket.com/cards,Acceptable Losses,foil,3.51,https://bilgewatermarket.com/cards/OGN-179?print_variation=foiled,foiled,https://bilgewatermarket.com/assets/OGN-179-EN-BYkm9P28.jpg,¥2.42,$3.51,,Acceptable Losses OGN-179/298 Foiled CN ¥2.42 EN $3.51
2026-09-22T20:02:46+00:00,https://bilgewatermarket.com/cards,Acceptable Losses,nonfoil,0.58,https://bilgewatermarket.com/cards/OGN-179,normal,https://bilgewatermarket.com/assets/OGN-179-EN-BYkm9P28.jpg,¥0.71,$0.58,,Acceptable Losses OGN-179/298 CN ¥0.71 EN $0.58
2026-09-22T20:02:46+00:00,https://bilgewatermarket.com/cards,Fading Memories,foil,0.61,https://bilgewatermarket.com/cards/OGN-180?print_variation=foiled,foiled,https://bilgewatermarket.com/assets/OGN-180-EN-B8_6ux4u.jpg,¥1.73,$0.61,,Fading Memories OGN-180/298 Foiled CN ¥1.73 EN $0.61
2026-09-22T20:02:46+00:00,https://bilgewatermarket.com/cards,Fading Memories,nonfoil,0.12,https://bilgewatermarket.com/cards/OGN-180,normal,https://bilgewatermarket.com/assets/OGN-180-EN-B8_6ux4u.jpg,¥0.50,$0.12,,Fading Memories OGN-180/298 CN ¥0.50 EN $0.12
2026-09-22T20:02:46+00:00,https://bilgewatermarket.com/cards,Pack of Wonders,foil,3.70,https://bilgewatermarket.com/cards/OGN-181?print_variation=foiled,foiled,https://bilgewatermarket.com/assets/OGN-181-EN-Dl1Zogdb.jpg,¥2.57,$3.70,,Pack of Wonders OGN-181/298 Foiled CN ¥2.57 EN $3.70
2026-09-22T20:02:46+00:00,https://bilgewatermarket.com/cards,Pack of Wonders,nonfoil,0.47,https://bilgewatermarket.com/cards/OGN-181,normal,https://bilgewatermarket.com/assets/OGN-181-EN-Dl1Zogdb.jpg,¥0.71,$0.47,,Pack of Wonders OGN-181/298 CN ¥0.71 EN $0.47
2026-09-22T20:02:46+00:00,https://bilgewatermarket.com/cards,Scrapheap,foil,0.66,https://bilgewatermarket.com/cards/OGN-182?print_variation=foiled,foiled,https://bilgewatermarket.com/assets/OGN-182-EN-Da54mBEQ.jpg,¥0.50,$0.66,,BANNED Scrapheap OGN-182/298 Foiled CN ¥0.50 EN $0.66
2026-09-22T20:02:46+00:00,https://bilgewatermarket.com/cards,Scrapheap,nonfoil,0.11,https://bilgewatermarket.com/cards/OGN-182,normal,https://bilgewatermarket.com/assets/OGN-182-EN-Da54mBEQ.jpg,¥0.50,$0.11,,BANNED Scrapheap OGN-182/298 CN ¥0.50 EN $0.11
2026-09-22T20:02:46+00:00,https://bilgewatermarket.com/cards,Stacked Deck,foil,8.82,https://bilgewatermarket.com/cards/OGN-183?print_variation=foiled,foiled,https://bilgewatermarket.com/assets/OGN-183-EN-CefU-blO.jpg,¥15.86,$8.82,,BANNED Stacked Deck OGN-183/298 Foiled CN ¥15.86 EN $8.82
2026-09-22T20:02:46+00:00,https://bilgewatermarket.com/cards,Stacked Deck,nonfoil,0.70,https://bilgewatermarket.com/cards/OGN-183,normal,https://bilgewatermarket.com/assets/OGN-183-EN-CefU-blO.jpg,¥11.25,$0.70,,BANNED Stacked Deck OGN-183/298 CN ¥11.25 EN $0.70
2026-09-22T20:02:46+00:00,https://bilgewatermarket.com/cards,The Syren,foil,0.62,https://bilgewatermarket.com/cards/OGN-184?print_variation=foiled,foiled,https://bilgewatermarket.com/assets/OGN-184-EN-BcR00Q8y.jpg,¥1.26,$0.62,,The Syren OGN-184/298 Foiled CN ¥1.26 EN $0.62
2026-09-22T20:02:46+00:00,https://bilgewatermarket.com/cards,The Syren,nonfoil,0.16,https://bilgewatermarket.com/cards/OGN-184,normal,https://bilgewatermarket.com/assets/OGN-184-EN-BcR00Q8y.jpg,¥0.55,$0.16,,The Syren OGN-184/298 CN ¥0.55 EN $0.16
2026-09-22T20:02:46+00:00,https://bilgewatermarket.com/cards,Traveling Merchant,foil,5.02,https://bilgewatermarket.com/cards/OGN-185?print_variation=foiled,foiled,https://bilgewatermarket.com/assets/OGN-185-EN-CVhU3FhL.jpg,¥5.57,$5.02,,Traveling Merchant OGN-185/298 Foiled CN ¥5.57 EN $5.02
2026-09-22T20:02:46+00:00,https://bilgewatermarket.com/cards,Traveling Merchant,nonfoil,0.21,https://bilgewatermarket.com/cards/OGN-185,normal,https://bilgewatermarket.com/assets/OGN-185-EN-CVhU3FhL.jpg,¥0.86,$0.21,,Traveling Merchant OGN-185/298 CN ¥0.86 EN $0.21
2026-09-22T20:02:46+00:00,https://bilgewatermarket.com/cards,Treasure Trove,foil,3.42,https://bilgewatermarket.com/cards/OGN-186?print_variation=foiled,foiled,https://bilgewatermarket.com/assets/OGN-186-EN-DS5qCkBN.jpg,¥2.34,$3.42,,Treasure Trove OGN-186/298 Foiled CN ¥2.34 EN $3.42
2026-09-22T20:02:46+00:00,https://bilgewatermarket.com/cards,Treasure Trove,nonfoil,0.44,https://bilgewatermarket.com/cards/OGN-186,normal,https://bilgewatermarket.com/assets/OGN-186-EN-DS5qCkBN.jpg,¥0.94,$0.44,,Treasure Trove OGN-186/298 CN ¥0.94 EN $0.44
2026-09-22T20:02:46+00:00,https://bilgewatermarket.com/cards,Whirlwind,foil,0.32,https://bilgewatermarket.com/cards/OGN-187?print_variation=foiled,foiled,https://bilgewatermarket.com/assets/OGN-187-EN-Db23HUNi.jpg,¥0.59,$0.32,,Whirlwind OGN-187/298 Foiled CN ¥0.59 EN $0.32
2026-09-22T20:02:46+00:00,https://bilgewatermarket.com/cards,Whirlwind,nonfoil,0.16,https://bilgewatermarket.com/cards/OGN-187,normal,https://bilgewatermarket.com/assets/OGN-187-EN-Db23HUNi.jpg,¥0.50,$0.16,,Whirlwind OGN-187/298 CN ¥0.50 EN $0.16
2026-09-22T20:02:46+00:00,https://bilgewatermarket.com/cards,Zaunite Bouncer,foil,0.27,https://bilgewatermarket.com/cards/OGN-188?print_variation=foiled,foiled,https://bilgewatermarket.com/assets/OGN-188-EN-LcGmST5f.jpg,¥0.50,$0.27,,Zaunite Bouncer OGN-188/298 Foiled CN ¥0.50 EN $0.27
2026-09-22T20:02:46+00:00,https://bilgewatermarket.com/cards,Zaunite Bouncer,nonfoil,0.12,https://bilgewatermarket.com/cards/OGN-188,normal,https://bilgewatermarket.com/assets/OGN-188-EN-LcGmST5f.jpg,¥0.50,$0.12,,Zaunite Bouncer OGN-188/298 CN ¥0.50 EN $0.12
2026-09-22T20:02:46+00:00,https://bilgewatermarket.com/cards,"Kayn, Unleashed",nonfoil,0.25,https://bilgewatermarket.com/cards/OGN-189,normal,https://bilgewatermarket.com/assets/OGN-189-EN-BkaJND31.jpg,¥0.53,$0.25,,"Kayn, Unleashed OGN-189/298 CN ¥0.53 EN $0.25"
2026-09-22T20:02:46+00:00,https://bilgewatermarket.com/cards,"Kog'Maw, Caustic",nonfoil,0.24,https://bilgewatermarket.com/cards/OGN-190,normal,https://bilgewatermarket.com/assets/OGN-190-EN--jOHIigY.jpg,¥0.51,$0.24,,"Kog'Maw, Caustic OGN-190/298 CN ¥0.51 EN $0.24"
2026-09-22T20:02:46+00:00,https://bilgewatermarket.com/cards,Maddened Marauder,nonfoil,0.26,https://bilgewatermarket.com/cards/OGN-191,normal,https://bilgewatermarket.com/assets/OGN-191-EN-DszwSGSa.jpg,¥0.50,$0.26,,Maddened Marauder OGN-191/298 CN ¥0.50 EN $0.26
2026-09-22T20:02:46+00:00,https://bilgewatermarket.com/cards,Mindsplitter,nonfoil,0.61,https://bilgewatermarket.com/cards/OGN-192,normal,https://bilgewatermarket.com/assets/OGN-192-EN-DDGjUiuM.jpg,¥4.39,$0.61,,Mindsplitter OGN-192/298 CN ¥4.39 EN $0.61
2026-09-22T20:02:46+00:00,https://bilgewatermarket.com/cards,"Miss Fortune, Buccaneer",nonfoil,0.28,https://bilgewatermarket.com/cards/OGN-193,normal,https://bilgewatermarket.com/assets/OGN-193-EN-CY72uYTH.jpg,¥0.55,$0.28,,"Miss Fortune, Buccaneer OGN-193/298 CN ¥0.55 EN $0.28"
2026-09-22T20:02:46+00:00,https://bilgewatermarket.com/cards,"Miss Fortune, Buccaneer",nonfoil,5.77,https://bilgewatermarket.com/cards/OGN-193a?print_variation=showcase,showcase,https://bilgewatermarket.com/assets/OGN-193a-EN-UAk6_jGU.jpg,¥2.70,$5.77,,"Miss Fortune, Buccaneer OGN-193A/298 Showcase CN ¥2.70 EN $5.77"
2026-09-22T20:02:46+00:00,https://bilgewatermarket.com/cards,"Nocturne, Horrifying",nonfoil,1.68,https://bilgewatermarket.com/cards/OGN-194,normal,https://bilgewatermarket.com/assets/OGN-194-EN-D0TWjQm5.jpg,¥2.52,$1.68,,"Nocturne, Horrifying OGN-194/298 CN ¥2.52 EN $1.68"
2026-09-22T20:02:46+00:00,https://bilgewatermarket.com/cards,Rhasa the Sunderer,nonfoil,1.84,https://bilgewatermarket.com/cards/OGN-195,normal,https://bilgewatermarket.com/assets/OGN-195-EN-B2nRaZoo.jpg,¥2.80,$1.84,,Rhasa the Sunderer OGN-195/298 CN ¥2.80 EN $1.84
2026-09-22T20:02:46+00:00,https://bilgewatermarket.com/cards,Soulgorger,nonfoil,0.37,https://bilgewatermarket.com/cards/OGN-196,normal,https://bilgewatermarket.com/assets/OGN-196-EN-Yui-WyhY.jpg,¥0.73,$0.37,,Soulgorger OGN-196/298 CN ¥0.73 EN $0.37
2026-09-22T20:02:46+00:00,https://bilgewatermarket.com/cards,"Teemo, Scout",nonfoil,0.47,https://bilgewatermarket.com/cards/OGN-197,normal,https://bilgewatermarket.com/assets/OGN-197-EN-B2XS-yAP.jpg,¥0.77,$0.47,,"Teemo, Scout OGN-197/298 CN ¥0.77 EN $0.47"
2026-09-22T20:02:46+00:00,https://bilgewatermarket.com/cards,"Teemo, Scout",nonfoil,13.63,https://bilgewatermarket.com/cards/OGN-197a?print_variation=showcase,showcase,https://bilgewatermarket.com/assets/OGN-197a-EN-BfYtgx7V.jpg,¥4.58,$13.63,,"Teemo, Scout OGN-197A/298 Showcase CN ¥4.58 EN $13.63"
2026-09-22T20:02:46+00:00,https://bilgewatermarket.com/cards,The Harrowing,nonfoil,0.53,https://bilgewatermarket.com/cards/OGN-198,normal,https://bilgewatermarket.com/assets/OGN-198-EN-BxfGTsB6.jpg,¥0.76,$0.53,,The Harrowing OGN-198/298 CN ¥0.76 EN $0.53
2026-09-22T20:02:46+00:00,https://bilgewatermarket.com/cards,Tideturner,nonfoil,1.92,https://bilgewatermarket.com/cards/OGN-199,normal,https://bilgewatermarket.com/assets/OGN-199-EN-dxOZHxb6.jpg,¥15.89,$1.92,,Tideturner OGN-199/298 CN ¥15.89 EN $1.92
2026-09-22T20:02:46+00:00,https://bilgewatermarket.com/cards,"Twisted Fate, Gambler",nonfoil,0.29,https://bilgewatermarket.com/cards/OGN-200,normal,https://bilgewatermarket.com/assets/OGN-200-EN-S8YB3MvM.jpg,¥0.59,$0.29,,"Twisted Fate, Gambler OGN-200/298 CN ¥0.59 EN $0.29"
2026-09-22T20:02:46+00:00,https://bilgewatermarket.com/cards,Invert Timelines,nonfoil,17.36,https://bilgewatermarket.com/cards/OGN-201,normal,https://bilgewatermarket.com/assets/OGN-201-EN-z7H2AAP8.jpg,¥44.10,$17.36,,Invert Timelines OGN-201/298 CN ¥44.10 EN $17.36
2026-09-22T20:02:46+00:00,https://bilgewatermarket.com/cards,"Jinx, Rebel",nonfoil,2.75,https://bilgewatermarket.com/cards/OGN-202,normal,https://bilgewatermarket.com/assets/OGN-202-EN-BYDPQ_dv.jpg,¥1.75,$2.75,,"Jinx, Rebel OGN-202/298 CN ¥1.75 EN $2.75"
2026-09-22T20:02:46+00:00,https://bilgewatermarket.com/cards,"Jinx, Rebel",nonfoil,3.65,https://bilgewatermarket.com/cards/OGN-202a?print_variation=showcase,showcase,https://bilgewatermarket.com/assets/OGN-202a-EN-CK2BBI8Z.jpg,¥2.08,$3.65,,"Jinx, Rebel OGN-202A/298 Showcase CN ¥2.08 EN $3.65"
2026-09-22T20:02:46+00:00,https://bilgewatermarket.com/cards,Possession,nonfoil,0.99,https://bilgewatermarket.com/cards/OGN-203,normal,https://bilgewatermarket.com/assets/OGN-203-EN-Dzvvm0-n.jpg,¥4.10,$0.99,,Possession OGN-203/298 CN ¥4.10 EN $0.99
2026-09-22T20:02:46+00:00,https://bilgewatermarket.com/cards,Seal of Discord,nonfoil,29.85,https://bilgewatermarket.com/cards/OGN-204,normal,https://bilgewatermarket.com/assets/OGN-204-EN-30dV17M9.jpg,¥95.55,$29.85,,Seal of Discord OGN-204/298 CN ¥95.55 EN $29.85
2026-09-22T20:02:46+00:00,https://bilgewatermarket.com/cards,"Yasuo, Windrider",nonfoil,1.26,https://bilgewatermarket.com/cards/OGN-205,normal,https://bilgewatermarket.com/assets/OGN-205-EN-DxiZoXoN.jpg,¥1.21,$1.26,,"Yasuo, Windrider OGN-205/298 CN ¥1.21 EN $1.26"
2026-09-22T20:02:46+00:00,https://bilgewatermarket.com/cards,"Yasuo, Windrider",nonfoil,2.91,https://bilgewatermarket.com/cards/OGN-205a?print_variation=showcase,showcase,https://bilgewatermarket.com/assets/OGN-205a-EN-CR1dhme0.jpg,¥4.34,$2.91,,"Yasuo, Windrider OGN-205A/298 Showcase CN ¥4.34 EN $2.91"
2026-09-22T20:02:46+00:00,https://bilgewatermarket.com/cards,Back to Back,foil,0.17,https://bilgewatermarket.com/cards/OGN-206?print_variation=foiled,foiled,https://bilgewatermarket.com/assets/OGN-206-EN-C-rxtH-v.jpg,¥0.50,$0.17,,Back to Back OGN-206/298 Foiled CN ¥0.50 EN $0.17
2026-09-22T20:02:46+00:00,https://bilgewatermarket.com/cards,Back to Back,nonfoil,0.09,https://bilgewatermarket.com/cards/OGN-206,normal,https://bilgewatermarket.com/assets/OGN-206-EN-C-rxtH-v.jpg,¥0.50,$0.09,,Back to Back OGN-206/298 CN ¥0.50 EN $0.09
2026-09-22T20:02:46+00:00,https://bilgewatermarket.com/cards,Call to Glory,foil,0.48,https://bilgewatermarket.com/cards/OGN-207?print_variation=foiled,foiled,https://bilgewatermarket.com/assets/OGN-207-EN-heX8p8PX.jpg,¥1.40,$0.48,,Call to Glory OGN-207/298 Foiled CN ¥1.40 EN $0.48
2026-09-22T20:02:46+00:00,https://bilgewatermarket.com/cards,Call to Glory,nonfoil,0.17,https://bilgewatermarket.com/cards/OGN-207,normal,https://bilgewatermarket.com/assets/OGN-207-EN-heX8p8PX.jpg,¥0.53,$0.17,,Call to Glory OGN-207/298 CN ¥0.53 EN $0.17
2026-09-22T20:02:46+00:00,https://bilgewatermarket.com/cards,Cruel Patron,foil,0.20,https://bilgewatermarket.com/cards/OGN-208?print_variation=foiled,foiled,https://bilgewatermarket.com/assets/OGN-208-EN-C_72w8nF.jpg,¥0.50,$0.20,,Cruel Patron OGN-208/298 Foiled CN ¥0.50 EN $0.20
2026-09-22T20:02:46+00:00,https://bilgewatermarket.com/cards,Cruel Patron,nonfoil,0.04,https://bilgewatermarket.com/cards/OGN-208,normal,https://bilgewatermarket.com/assets/OGN-208-EN-C_72w8nF.jpg,¥0.50,$0.04,,Cruel Patron OGN-208/298 CN ¥0.50 EN $0.04
2026-09-22T20:02:46+00:00,https://bilgewatermarket.com/cards,Cull the Weak,foil,1.77,https://bilgewatermarket.com/cards/OGN-209?print_variation=foiled,foiled,https://bilgewatermarket.com/assets/OGN-209-EN-ze0bbHkZ.jpg,¥2.52,$1.77,,Cull the Weak OGN-209/298 Foiled CN ¥2.52 EN $1.77
2026-09-22T20:02:46+00:00,https://bilgewatermarket.com/cards,Cull the Weak,nonfoil,0.42,https://bilgewatermarket.com/cards/OGN-209,normal,https://bilgewatermarket.com/assets/OGN-209-EN-ze0bbHkZ.jpg,¥0.57,$0.42,,Cull the Weak OGN-209/298 CN ¥0.57 EN $0.42
2026-09-22T20:02:46+00:00,https://bilgewatermarket.com/cards,Daring Poro,foil,0.27,https://bilgewatermarket.com/cards/OGN-210?print_variation=foiled,foiled,https://bilgewatermarket.com/assets/OGN-210-EN-BGeYttg4.jpg,¥1.35,$0.27,,Daring Poro OGN-210/298 Foiled CN ¥1.35 EN $0.27
2026-09-22T20:02:46+00:00,https://bilgewatermarket.com/cards,Daring Poro,nonfoil,0.09,https://bilgewatermarket.com/cards/OGN-210,normal,https://bilgewatermarket.com/assets/OGN-210-EN-BGeYttg4.jpg,¥0.50,$0.09,,Daring Poro OGN-210/298 CN ¥0.50 EN $0.09
2026-09-22T20:02:46+00:00,https://bilgewatermarket.com/cards,Faithful Manufactor,foil,0.30,https://bilgewatermarket.com/cards/OGN-211?print_variation=foiled,foiled,https://bilgewatermarket.com/assets/OGN-211-EN-BZCmWT3I.jpg,¥0.92,$0.30,,Faithful Manufactor OGN-211/298 Foiled CN ¥0.92 EN $0.30
2026-09-22T20:02:46+00:00,https://bilgewatermarket.com/cards,Faithful Manufactor,nonfoil,0.14,https://bilgewatermarket.com/cards/OGN-211,normal,https://bilgewatermarket.com/assets/OGN-211-EN-BZCmWT3I.jpg,¥0.51,$0.14,,Faithful Manufactor OGN-211/298 CN ¥0.51 EN $0.14
2026-09-22T20:02:46+00:00,https://bilgewatermarket.com/cards,Forge of the Future,foil,0.29,https://bilgewatermarket.com/cards/OGN-212?print_variation=foiled,foiled,https://bilgewatermarket.com/assets/OGN-212-EN-BYc3UmOw.jpg,¥1.24,$0.29,,Forge of the Future OGN-212/298 Foiled CN ¥1.24 EN $0.29
2026-09-22T20:02:46+00:00,https://bilgewatermarket.com/cards,Forge of the Future,nonfoil,0.11,https://bilgewatermarket.com/cards/OGN-212,normal,https://bilgewatermarket.com/assets/OGN-212-EN-BYc3UmOw.jpg,¥0.55,$0.11,,Forge of the Future OGN-212/298 CN ¥0.55 EN $0.11
2026-09-22T20:02:46+00:00,https://bilgewatermarket.com/cards,Hidden Blade,foil,2.67,https://bilgewatermarket.com/cards/OGN-213?print_variation=foiled,foiled,https://bilgewatermarket.com/assets/OGN-213-EN-Pi9OKnkr.jpg,¥4.95,$2.67,,Hidden Blade OGN-213/298 Foiled CN ¥4.95 EN $2.67
2026-09-22T20:02:46+00:00,https://bilgewatermarket.com/cards,Hidden Blade,nonfoil,0.93,https://bilgewatermarket.com/cards/OGN-213,normal,https://bilgewatermarket.com/assets/OGN-213-EN-Pi9OKnkr.jpg,¥1.06,$0.93,,Hidden Blade OGN-213/298 CN ¥1.06 EN $0.93
2026-09-22T20:02:46+00:00,https://bilgewatermarket.com/cards,Order Rune,nonfoil,0.13,https://bilgewatermarket.com/cards/OGN-214,normal,https://bilgewatermarket.com/assets/OGN-214-EN-y-l5inL8.jpg,¥0.52,$0.13,,Order Rune OGN-214/298 CN ¥0.52 EN $0.13
2026-09-22T20:02:46+00:00,https://bilgewatermarket.com/cards,Order Rune,nonfoil,4.91,https://bilgewatermarket.com/cards/OGN-214a?print_variation=showcase,showcase,https://bilgewatermarket.com/assets/OGN-214a-EN-DPbSQxjR.jpg,¥30.89,$4.91,,Order Rune OGN-214A/298 Showcase CN ¥30.89 EN $4.91
2026-09-22T20:02:46+00:00,https://bilgewatermarket.com/cards,Petty Officer,foil,0.16,https://bilgewatermarket.com/cards/OGN-215?print_variation=foiled,foiled,https://bilgewatermarket.com/assets/OGN-215-EN-Bo6VmjEO.jpg,¥0.50,$0.16,,Petty Officer OGN-215/298 Foiled CN ¥0.50 EN $0.16
2026-09-22T20:02:46+00:00,https://bilgewatermarket.com/cards,Petty Officer,nonfoil,0.04,https://bilgewatermarket.com/cards/OGN-215,normal,https://bilgewatermarket.com/assets/OGN-215-EN-Bo6VmjEO.jpg,¥0.50,$0.04,,Petty Officer OGN-215/298 CN ¥0.50 EN $0.04
2026-09-22T20:02:46+00:00,https://bilgewatermarket.com/cards,Soaring Scout,foil,1.37,https://bilgewatermarket.com/cards/OGN-216?print_variation=foiled,foiled,https://bilgewatermarket.com/assets/OGN-216-EN-DkKj40GO.jpg,¥1.58,$1.37,,Soaring Scout OGN-216/298 Foiled CN ¥1.58 EN $1.37
2026-09-22T20:02:46+00:00,https://bilgewatermarket.com/cards,Soaring Scout,nonfoil,0.16,https://bilgewatermarket.com/cards/OGN-216,normal,https://bilgewatermarket.com/assets/OGN-216-EN-DkKj40GO.jpg,¥0.51,$0.16,,Soaring Scout OGN-216/298 CN ¥0.51 EN $0.16
2026-09-22T20:02:46+00:00,https://bilgewatermarket.com/cards,Trifarian Gloryseeker,foil,0.23,https://bilgewatermarket.com/cards/OGN-217?print_variation=foiled,foiled,https://bilgewatermarket.com/assets/OGN-217-EN-CndZDIuU.jpg,¥0.52,$0.23,,Trifarian Gloryseeker OGN-217/298 Foiled CN ¥0.52 EN $0.23
2026-09-22T20:02:46+00:00,https://bilgewatermarket.com/cards,Trifarian Gloryseeker,nonfoil,0.05,https://bilgewatermarket.com/cards/OGN-217,normal,https://bilgewatermarket.com/assets/OGN-217-EN-CndZDIuU.jpg,¥0.50,$0.05,,Trifarian Gloryseeker OGN-217/298 CN ¥0.50 EN $0.05
2026-09-22T20:02:46+00:00,https://bilgewatermarket.com/cards,Vanguard Captain,foil,0.28,https://bilgewatermarket.com/cards/OGN-218?print_variation=foiled,foiled,https://bilgewatermarket.com/assets/OGN-218-EN-C0FqBzbz.jpg,¥1.08,$0.28,,Vanguard Captain OGN-218/298 Foiled CN ¥1.08 EN $0.28
2026-09-22T20:02:46+00:00,https://bilgewatermarket.com/cards,Vanguard Captain,nonfoil,0.17,https://bilgewatermarket.com/cards/OGN-218,normal,https://bilgewatermarket.com/assets/OGN-218-EN-C0FqBzbz.jpg,¥0.51,$0.17,,Vanguard Captain OGN-218/298 CN ¥0.51 EN $0.17
2026-09-22T20:02:46+00:00,https://bilgewatermarket.com/cards,Vanguard Sergeant,foil,0.17,https://bilgewatermarket.com/cards/OGN-219?print_variation=foiled,foiled,https://bilgewatermarket.com/assets/OGN-219-EN-CFRKo5nV.jpg,¥0.50,$0.17,,Vanguard Sergeant OGN-219/298 Foiled CN ¥0.50 EN $0.17
2026-09-22T20:02:46+00:00,https://bilgewatermarket.com/cards,Vanguard Sergeant,nonfoil,0.04,https://bilgewatermarket.com/cards/OGN-219,normal,https://bilgewatermarket.com/assets/OGN-219-EN-CFRKo5nV.jpg,¥0.50,$0.04,,Vanguard Sergeant OGN-219/298 CN ¥0.50 EN $0.04
2026-09-22T20:02:46+00:00,https://bilgewatermarket.com/cards,Facebreaker,foil,0.42,https://bilgewatermarket.com/cards/OGN-220?print_variation=foiled,foiled,https://bilgewatermarket.com/assets/OGN-220-EN-CTKUEcGL.jpg,¥2.68,$0.42,,Facebreaker OGN-220/298 Foiled CN ¥2.68 EN $0.42
2026-09-22T20:02:46+00:00,https://bilgewatermarket.com/cards,Facebreaker,nonfoil,0.18,https://bilgewatermarket.com/cards/OGN-220,normal,https://bilgewatermarket.com/assets/OGN-220-EN-CTKUEcGL.jpg,¥1.17,$0.18,,Facebreaker OGN-220/298 CN ¥1.17 EN $0.18
2026-09-22T20:02:46+00:00,https://bilgewatermarket.com/cards,Imperial Decree,foil,1.29,https://bilgewatermarket.com/cards/OGN-221?print_variation=foiled,foiled,https://bilgewatermarket.com/assets/OGN-221-EN-B0uj8X7_.jpg,¥3.08,$1.29,,Imperial Decree OGN-221/298 Foiled CN ¥3.08 EN $1.29
2026-09-22T20:02:46+00:00,https://bilgewatermarket.com/cards,Imperial Decree,nonfoil,0.61,https://bilgewatermarket.com/cards/OGN-221,normal,https://bilgewatermarket.com/assets/OGN-221-EN-B0uj8X7_.jpg,¥1.70,$0.61,,Imperial Decree OGN-221/298 CN ¥1.70 EN $0.61
2026-09-22T20:02:46+00:00,https://bilgewatermarket.com/cards,Noxian Drummer,foil,0.33,https://bilgewatermarket.com/cards/OGN-222?print_variation=foiled,foiled,https://bilgewatermarket.com/assets/OGN-222-EN-BxxkquI3.jpg,¥1.00,$0.33,,Noxian Drummer OGN-222/298 Foiled CN ¥1.00 EN $0.33
2026-09-22T20:02:46+00:00,https://bilgewatermarket.com/cards,Noxian Drummer,nonfoil,0.10,https://bilgewatermarket.com/cards/OGN-222,normal,https://bilgewatermarket.com/assets/OGN-222-EN-BxxkquI3.jpg,¥0.53,$0.10,,Noxian Drummer OGN-222/298 CN ¥0.53 EN $0.10
2026-09-22T20:02:46+00:00,https://bilgewatermarket.com/cards,Peak Guardian,foil,0.30,https://bilgewatermarket.com/cards/OGN-223?print_variation=foiled,foiled,https://bilgewatermarket.com/assets/OGN-223-EN-34pOIQnj.jpg,¥0.50,$0.30,,Peak Guardian OGN-223/298 Foiled CN ¥0.50 EN $0.30
2026-09-22T20:02:46+00:00,https://bilgewatermarket.com/cards,Peak Guardian,nonfoil,0.09,https://bilgewatermarket.com/cards/OGN-223,normal,https://bilgewatermarket.com/assets/OGN-223-EN-34pOIQnj.jpg,¥0.50,$0.09,,Peak Guardian OGN-223/298 CN ¥0.50 EN $0.09
2026-09-22T20:02:46+00:00,https://bilgewatermarket.com/cards,Salvage,foil,7.21,https://bilgewatermarket.com/cards/OGN-224?print_variation=foiled,foiled,https://bilgewatermarket.com/assets/OGN-224-EN-CEet3k-r.jpg,¥12.27,$7.21,,Salvage OGN-224/298 Foiled CN ¥12.27 EN $7.21
2026-09-22T20:02:46+00:00,https://bilgewatermarket.com/cards,Salvage,nonfoil,4.81,https://bilgewatermarket.com/cards/OGN-224,normal,https://bilgewatermarket.com/assets/OGN-224-EN-CEet3k-r.jpg,¥6.98,$4.81,,Salvage OGN-224/298 CN ¥6.98 EN $4.81
2026-09-22T20:02:46+00:00,https://bilgewatermarket.com/cards,Solari Chief,foil,0.30,https://bilgewatermarket.com/cards/OGN-225?print_variation=foiled,foiled,https://bilgewatermarket.com/assets/OGN-225-EN-BUdkV6dt.jpg,¥0.59,$0.30,,Solari Chief OGN-225/298 Foiled CN ¥0.59 EN $0.30
2026-09-22T20:02:46+00:00,https://bilgewatermarket.com/cards,Solari Chief,nonfoil,0.13,https://bilgewatermarket.com/cards/OGN-225,normal,https://bilgewatermarket.com/assets/OGN-225-EN-BUdkV6dt.jpg,¥0.50,$0.13,,Solari Chief OGN-225/298 CN ¥0.50 EN $0.13
2026-09-22T20:02:46+00:00,https://bilgewatermarket.com/cards,Spectral Matron,foil,2.26,https://bilgewatermarket.com/cards/OGN-226?print_variation=foiled,foiled,https://bilgewatermarket.com/assets/OGN-226-EN-BT5LYnIK.jpg,¥2.83,$2.26,,Spectral Matron OGN-226/298 Foiled CN ¥2.83 EN $2.26
2026-09-22T20:02:46+00:00,https://bilgewatermarket.com/cards,Spectral Matron,nonfoil,0.28,https://bilgewatermarket.com/cards/OGN-226,normal,https://bilgewatermarket.com/assets/OGN-226-EN-BT5LYnIK.jpg,¥1.00,$0.28,,Spectral Matron OGN-226/298 CN ¥1.00 EN $0.28
2026-09-22T20:02:46+00:00,https://bilgewatermarket.com/cards,Symbol of the Solari,foil,0.32,https://bilgewatermarket.com/cards/OGN-227?print_variation=foiled,foiled,https://bilgewatermarket.com/assets/OGN-227-EN-haeud-Gr.jpg,¥0.50,$0.32,,Symbol of the Solari OGN-227/298 Foiled CN ¥0.50 EN $0.32
2026-09-22T20:02:46+00:00,https://bilgewatermarket.com/cards,Symbol of the Solari,nonfoil,0.09,https://bilgewatermarket.com/cards/OGN-227,normal,https://bilgewatermarket.com/assets/OGN-227-EN-haeud-Gr.jpg,¥0.50,$0.09,,Symbol of the Solari OGN-227/298 CN ¥0.50 EN $0.09
2026-09-22T20:02:46+00:00,https://bilgewatermarket.com/cards,Vanguard Helm,foil,0.25,https://bilgewatermarket.com/cards/OGN-228?print_variation=foiled,foiled,https://bilgewatermarket.com/assets/OGN-228-EN-BLms7Jtd.jpg,¥0.51,$0.25,,Vanguard Helm OGN-228/298 Foiled CN ¥0.51 EN $0.25
2026-09-22T20:02:46+00:00,https://bilgewatermarket.com/cards,Vanguard Helm,nonfoil,0.08,https://bilgewatermarket.com/cards/OGN-228,normal,https://bilgewatermarket.com/assets/OGN-228-EN-BLms7Jtd.jpg,¥0.50,$0.08,,Vanguard Helm OGN-228/298 CN ¥0.50 EN $0.08
2026-09-22T20:02:46+00:00,https://bilgewatermarket.com/cards,Vengeance,foil,0.56,https://bilgewatermarket.com/cards/OGN-229?print_variation=foiled,foiled,https://bilgewatermarket.com/assets/OGN-229-EN-CzehusPJ.jpg,¥1.92,$0.56,,Vengeance OGN-229/298 Foiled CN ¥1.92 EN $0.56
2026-09-22T20:02:46+00:00,https://bilgewatermarket.com/cards,Vengeance,nonfoil,0.19,https://bilgewatermarket.com/cards/OGN-229,normal,https://bilgewatermarket.com/assets/OGN-229-EN-CzehusPJ.jpg,¥0.56,$0.19,,Vengeance OGN-229/298 CN ¥0.56 EN $0.19
2026-09-22T20:02:46+00:00,https://bilgewatermarket.com/cards,Albus Ferros,nonfoil,0.13,https://bilgewatermarket.com/cards/OGN-230,normal,https://bilgewatermarket.com/assets/OGN-230-EN-CXQVOd3u.jpg,¥0.50,$0.13,,Albus Ferros OGN-230/298 CN ¥0.50 EN $0.13
2026-09-22T20:02:46+00:00,https://bilgewatermarket.com/cards,Commander Ledros,nonfoil,0.22,https://bilgewatermarket.com/cards/OGN-231,normal,https://bilgewatermarket.com/assets/OGN-231-EN-CKn7rnTk.jpg,¥0.51,$0.22,,Commander Ledros OGN-231/298 CN ¥0.51 EN $0.22
2026-09-22T20:02:46+00:00,https://bilgewatermarket.com/cards,"Fiora, Victorious",nonfoil,1.11,https://bilgewatermarket.com/cards/OGN-232,normal,https://bilgewatermarket.com/assets/OGN-232-EN-t0ltmrrI.jpg,¥4.83,$1.11,,"Fiora, Victorious OGN-232/298 CN ¥4.83 EN $1.11"
2026-09-22T20:02:46+00:00,https://bilgewatermarket.com/cards,Grand Strategem,nonfoil,0.35,https://bilgewatermarket.com/cards/OGN-233,normal,https://bilgewatermarket.com/assets/OGN-233-EN-CsAanOSf.jpg,¥1.83,$0.35,,Grand Strategem OGN-233/298 CN ¥1.83 EN $0.35
2026-09-22T20:02:46+00:00,https://bilgewatermarket.com/cards,Harnessed Dragon,nonfoil,2.58,https://bilgewatermarket.com/cards/OGN-234,normal,https://bilgewatermarket.com/assets/OGN-234-EN-j5xTRb6i.jpg,¥2.36,$2.58,,Harnessed Dragon OGN-234/298 CN ¥2.36 EN $2.58
2026-09-22T20:02:46+00:00,https://bilgewatermarket.com/cards,"Karma, Channeler",nonfoil,0.29,https://bilgewatermarket.com/cards/OGN-235,normal,https://bilgewatermarket.com/assets/OGN-235-EN-C_PP_2gg.jpg,¥0.53,$0.29,,"Karma, Channeler OGN-235/298 CN ¥0.53 EN $0.29"
2026-09-22T20:02:46+00:00,https://bilgewatermarket.com/cards,"Karthus, Eternal",nonfoil,2.38,https://bilgewatermarket.com/cards/OGN-236,normal,https://bilgewatermarket.com/assets/OGN-236-EN-DObYwIN6.jpg,¥2.39,$2.38,,"Karthus, Eternal OGN-236/298 CN ¥2.39 EN $2.38"
2026-09-22T20:02:46+00:00,https://bilgewatermarket.com/cards,King's Edict,nonfoil,0.21,https://bilgewatermarket.com/cards/OGN-237,normal,https://bilgewatermarket.com/assets/OGN-237-EN-krlhN1uw.jpg,¥0.50,$0.21,,King's Edict OGN-237/298 CN ¥0.50 EN $0.21
2026-09-22T20:02:46+00:00,https://bilgewatermarket.com/cards,"Leona, Determined",nonfoil,0.42,https://bilgewatermarket.com/cards/OGN-238,normal,https://bilgewatermarket.com/assets/OGN-238-EN-D6ZW72EI.jpg,¥0.71,$0.42,,"Leona, Determined OGN-238/298 CN ¥0.71 EN $0.42"
2026-09-22T20:02:46+00:00,https://bilgewatermarket.com/cards,"Leona, Determined",nonfoil,3.24,https://bilgewatermarket.com/cards/OGN-238a?print_variation=showcase,showcase,https://bilgewatermarket.com/assets/OGN-238a-EN-Dn6Lybxf.jpg,¥4.23,$3.24,,"Leona, Determined OGN-238A/298 Showcase CN ¥4.23 EN $3.24"
2026-09-22T20:02:46+00:00,https://bilgewatermarket.com/cards,Machine Evangel,nonfoil,0.26,https://bilgewatermarket.com/cards/OGN-239,normal,https://bilgewatermarket.com/assets/OGN-239-EN-79wax4-k.jpg,¥1.36,$0.26,,Machine Evangel OGN-239/298 CN ¥1.36 EN $0.26
2026-09-22T20:02:46+00:00,https://bilgewatermarket.com/cards,"Sett, Kingpin",nonfoil,0.31,https://bilgewatermarket.com/cards/OGN-240,normal,https://bilgewatermarket.com/assets/OGN-240-EN-Dt5_BelZ.jpg,¥0.81,$0.31,,"Sett, Kingpin OGN-240/298 CN ¥0.81 EN $0.31"
2026-09-22T20:02:46+00:00,https://bilgewatermarket.com/cards,"Sett, Kingpin",nonfoil,1.06,https://bilgewatermarket.com/cards/OGN-240a?print_variation=showcase,showcase,https://bilgewatermarket.com/assets/OGN-240a-EN-oKiVBRPE.jpg,¥2.55,$1.06,,"Sett, Kingpin OGN-240A/298 Showcase CN ¥2.55 EN $1.06"
2026-09-22T20:02:46+00:00,https://bilgewatermarket.com/cards,"Shen, Kinkou",nonfoil,0.63,https://bilgewatermarket.com/cards/OGN-241,normal,https://bilgewatermarket.com/assets/OGN-241-EN-B0GDGsF-.jpg,¥1.42,$0.63,,"Shen, Kinkou OGN-241/298 CN ¥1.42 EN $0.63"
2026-09-22T20:02:46+00:00,https://bilgewatermarket.com/cards,Baited Hook,nonfoil,54.43,https://bilgewatermarket.com/cards/OGN-242,normal,https://bilgewatermarket.com/assets/OGN-242-EN-BMOjWZlq.jpg,¥70.66,$54.43,,Baited Hook OGN-242/298 CN ¥70.66 EN $54.43
2026-09-22T20:02:46+00:00,https://bilgewatermarket.com/cards,"Darius, Executioner",nonfoil,0.84,https://bilgewatermarket.com/cards/OGN-243,normal,https://bilgewatermarket.com/assets/OGN-243-EN-f5Ai9lEs.jpg,¥0.99,$0.84,,"Darius, Executioner OGN-243/298 CN ¥0.99 EN $0.84"
2026-09-22T20:02:46+00:00,https://bilgewatermarket.com/cards,"Darius, Executioner",nonfoil,2.70,https://bilgewatermarket.com/cards/OGN-243a?print_variation=showcase,showcase,https://bilgewatermarket.com/assets/OGN-243a-EN-DT6540My.jpg,¥3.36,$2.70,,"Darius, Executioner OGN-243A/298 Showcase CN ¥3.36 EN $2.70"
2026-09-22T20:02:46+00:00,https://bilgewatermarket.com/cards,Divine Judgment,nonfoil,4.44,https://bilgewatermarket.com/cards/OGN-244,normal,https://bilgewatermarket.com/assets/OGN-244-EN-BWZ_FmeD.jpg,¥11.72,$4.44,,Divine Judgment OGN-244/298 CN ¥11.72 EN $4.44
2026-09-22T20:02:46+00:00,https://bilgewatermarket.com/cards,Seal of Unity,nonfoil,14.61,https://bilgewatermarket.com/cards/OGN-245,normal,https://bilgewatermarket.com/assets/OGN-245-EN-Dq5-Gxrr.jpg,¥57.24,$14.61,,Seal of Unity OGN-245/298 CN ¥57.24 EN $14.61
2026-09-22T20:02:46+00:00,https://bilgewatermarket.com/cards,"Viktor, Leader",nonfoil,2.05,https://bilgewatermarket.com/cards/OGN-246,normal,https://bilgewatermarket.com/assets/OGN-246-EN-CUkTKwL2.jpg,¥2.82,$2.05,,"Viktor, Leader OGN-246/298 CN ¥2.82 EN $2.05"
2026-09-22T20:02:46+00:00,https://bilgewatermarket.com/cards,"Viktor, Leader",nonfoil,3.14,https://bilgewatermarket.com/cards/OGN-246a?print_variation=showcase,showcase,https://bilgewatermarket.com/assets/OGN-246a-EN-BLXlHXLw.jpg,¥2.49,$3.14,,"Viktor, Leader OGN-246A/298 Showcase CN ¥2.49 EN $3.14"
2026-09-22T20:02:46+00:00,https://bilgewatermarket.com/cards,"Kai'Sa, Daughter of the Void",nonfoil,0.28,https://bilgewatermarket.com/cards/OGN-247,normal,https://bilgewatermarket.com/assets/OGN-247-EN-D0UiS7U7.jpg,¥0.58,$0.28,,"Kai'Sa, Daughter of the Void OGN-247/298 CN ¥0.58 EN $0.28"
2026-09-22T20:02:46+00:00,https://bilgewatermarket.com/cards,Icathian Rain,nonfoil,2.93,https://bilgewatermarket.com/cards/OGN-248,normal,https://bilgewatermarket.com/assets/OGN-248-EN-ChYxIpAm.jpg,¥9.06,$2.93,,Icathian Rain OGN-248/298 CN ¥9.06 EN $2.93
2026-09-22T20:02:46+00:00,https://bilgewatermarket.com/cards,"Volibear, Relentless Storm",nonfoil,0.26,https://bilgewatermarket.com/cards/OGN-249,normal,https://bilgewatermarket.com/assets/OGN-249-EN-Cugys4iN.jpg,¥0.53,$0.26,,"Volibear, Relentless Storm OGN-249/298 CN ¥0.53 EN $0.26"
2026-09-22T20:02:46+00:00,https://bilgewatermarket.com/cards,Stormbringer,nonfoil,1.81,https://bilgewatermarket.com/cards/OGN-250,normal,https://bilgewatermarket.com/assets/OGN-250-EN-Bn5fkiE7.jpg,¥1.39,$1.81,,Stormbringer OGN-250/298 CN ¥1.39 EN $1.81
2026-09-22T20:02:46+00:00,https://bilgewatermarket.com/cards,"Jinx, Loose Cannon",nonfoil,0.25,https://bilgewatermarket.com/cards/OGN-251,normal,https://bilgewatermarket.com/assets/OGN-251-EN-JYlB6RQZ.jpg,¥0.60,$0.25,,"Jinx, Loose Cannon OGN-251/298 CN ¥0.60 EN $0.25"
2026-09-22T20:02:46+00:00,https://bilgewatermarket.com/cards,Super Mega Death Rocket!,nonfoil,4.79,https://bilgewatermarket.com/cards/OGN-252,normal,https://bilgewatermarket.com/assets/OGN-252-EN-CwYr8TD3.jpg,¥3.11,$4.79,,Super Mega Death Rocket! OGN-252/298 CN ¥3.11 EN $4.79
2026-09-22T20:02:46+00:00,https://bilgewatermarket.com/cards,"Darius, Hand of Noxus",nonfoil,0.23,https://bilgewatermarket.com/cards/OGN-253,normal,https://bilgewatermarket.com/assets/OGN-253-EN-Bb8UWLvV.jpg,¥0.50,$0.23,,"Darius, Hand of Noxus OGN-253/298 CN ¥0.50 EN $0.23"
2026-09-22T20:02:46+00:00,https://bilgewatermarket.com/cards,Noxian Guillotine,nonfoil,0.68,https://bilgewatermarket.com/cards/OGN-254,normal,https://bilgewatermarket.com/assets/OGN-254-EN-BOB5O-6j.jpg,¥1.00,$0.68,,Noxian Guillotine OGN-254/298 CN ¥1.00 EN $0.68
2026-09-22T20:02:46+00:00,https://bilgewatermarket.com/cards,"Ahri, Nine-Tailed Fox",nonfoil,1.54,https://bilgewatermarket.com/cards/OGN-255,normal,https://bilgewatermarket.com/assets/OGN-255-EN-DA4wlmz3.jpg,¥0.54,$1.54,,"Ahri, Nine-Tailed Fox OGN-255/298 CN ¥0.54 EN $1.54"
2026-09-22T20:02:46+00:00,https://bilgewatermarket.com/cards,Fox-Fire,nonfoil,3.20,https://bilgewatermarket.com/cards/OGN-256,normal,https://bilgewatermarket.com/assets/OGN-256-EN-D5P93-wL.jpg,¥2.34,$3.20,,Fox-Fire OGN-256/298 CN ¥2.34 EN $3.20
2026-09-22T20:02:46+00:00,https://bilgewatermarket.com/cards,"Lee Sin, Blind Monk",nonfoil,0.17,https://bilgewatermarket.com/cards/OGN-257,normal,https://bilgewatermarket.com/assets/OGN-257-EN-CXY_X1l6.jpg,¥0.50,$0.17,,"Lee Sin, Blind Monk OGN-257/298 CN ¥0.50 EN $0.17"
2026-09-22T20:02:46+00:00,https://bilgewatermarket.com/cards,Dragon's Rage,nonfoil,0.92,https://bilgewatermarket.com/cards/OGN-258,normal,https://bilgewatermarket.com/assets/OGN-258-EN-DfPdkEz6.jpg,¥1.06,$0.92,,Dragon's Rage OGN-258/298 CN ¥1.06 EN $0.92
2026-09-22T20:02:46+00:00,https://bilgewatermarket.com/cards,"Yasuo, Unforgiven",nonfoil,0.25,https://bilgewatermarket.com/cards/OGN-259,normal,https://bilgewatermarket.com/assets/OGN-259-EN-BiLxdbhr.jpg,¥0.52,$0.25,,"Yasuo, Unforgiven OGN-259/298 CN ¥0.52 EN $0.25"
2026-09-22T20:02:46+00:00,https://bilgewatermarket.com/cards,Last Breath,nonfoil,1.43,https://bilgewatermarket.com/cards/OGN-260,normal,https://bilgewatermarket.com/assets/OGN-260-EN-BOE7HPU0.jpg,¥1.65,$1.43,,Last Breath OGN-260/298 CN ¥1.65 EN $1.43
2026-09-22T20:02:46+00:00,https://bilgewatermarket.com/cards,"Leona, Radiant Dawn",nonfoil,0.33,https://bilgewatermarket.com/cards/OGN-261,normal,https://bilgewatermarket.com/assets/OGN-261-EN-DP1pDq1l.jpg,¥0.51,$0.33,,"Leona, Radiant Dawn OGN-261/298 CN ¥0.51 EN $0.33"
2026-09-22T20:02:46+00:00,https://bilgewatermarket.com/cards,Zenith Blade,nonfoil,4.54,https://bilgewatermarket.com/cards/OGN-262,normal,https://bilgewatermarket.com/assets/OGN-262-EN-1TAfuIkL.jpg,¥4.03,$4.54,,Zenith Blade OGN-262/298 CN ¥4.03 EN $4.54
2026-09-22T20:02:46+00:00,https://bilgewatermarket.com/cards,"Teemo, Swift Scout",nonfoil,0.36,https://bilgewatermarket.com/cards/OGN-263,normal,https://bilgewatermarket.com/assets/OGN-263-EN-Bi8Ujno9.jpg,¥0.56,$0.36,,"Teemo, Swift Scout OGN-263/298 CN ¥0.56 EN $0.36"
2026-09-22T20:02:46+00:00,https://bilgewatermarket.com/cards,Guerilla Warfare,nonfoil,4.19,https://bilgewatermarket.com/cards/OGN-264,normal,https://bilgewatermarket.com/assets/OGN-264-EN-AjInpnTx.jpg,¥3.22,$4.19,,Guerilla Warfare OGN-264/298 CN ¥3.22 EN $4.19
2026-09-22T20:02:46+00:00,https://bilgewatermarket.com/cards,"Viktor, Herald of the Arcane",nonfoil,0.28,https://bilgewatermarket.com/cards/OGN-265,normal,https://bilgewatermarket.com/assets/OGN-265-EN-Balfln4C.jpg,¥0.52,$0.28,,"Viktor, Herald of the Arcane OGN-265/298 CN ¥0.52 EN $0.28"
2026-09-22T20:02:46+00:00,https://bilgewatermarket.com/cards,Siphon Power,nonfoil,1.13,https://bilgewatermarket.com/cards/OGN-266,normal,https://bilgewatermarket.com/assets/OGN-266-EN-CNNeZLiF.jpg,¥1.40,$1.13,,Siphon Power OGN-266/298 CN ¥1.40 EN $1.13
2026-09-22T20:02:46+00:00,https://bilgewatermarket.com/cards,"Miss Fortune, Bounty Hunter",nonfoil,0.29,https://bilgewatermarket.com/cards/OGN-267,normal,https://bilgewatermarket.com/assets/OGN-267-EN-DsMcjNwB.jpg,¥0.52,$0.29,,"Miss Fortune, Bounty Hunter OGN-267/298 CN ¥0.52 EN $0.29"
2026-09-22T20:02:46+00:00,https://bilgewatermarket.com/cards,Bullet Time,nonfoil,2.59,https://bilgewatermarket.com/cards/OGN-268,normal,https://bilgewatermarket.com/assets/OGN-268-EN-ChOkripK.jpg,¥4.60,$2.59,,Bullet Time OGN-268/298 CN ¥4.60 EN $2.59
2026-09-22T20:02:46+00:00,https://bilgewatermarket.com/cards,"Sett, The Boss",nonfoil,0.33,https://bilgewatermarket.com/cards/OGN-269,normal,https://bilgewatermarket.com/assets/OGN-269-EN-DEIRtEJ3.jpg,¥0.61,$0.33,,"Sett, The Boss OGN-269/298 CN ¥0.61 EN $0.33"
2026-09-22T20:02:46+00:00,https://bilgewatermarket.com/cards,Showstopper,nonfoil,5.10,https://bilgewatermarket.com/cards/OGN-270,normal,https://bilgewatermarket.com/assets/OGN-270-EN-XnLA2tXy.jpg,¥10.23,$5.10,,Showstopper OGN-270/298 CN ¥10.23 EN $5.10
2026-09-22T20:02:46+00:00,https://bilgewatermarket.com/cards,Recruit (DE),nonfoil,0.13,https://bilgewatermarket.com/cards/OGN-271,normal,https://bilgewatermarket.com/assets/OGN-271-EN-zsOrdF9n.jpg,¥0.70,$0.13,,Recruit (DE) OGN-271/298 CN ¥0.70 EN $0.13
2026-09-22T20:02:46+00:00,https://bilgewatermarket.com/cards,Recruit (NX),nonfoil,0.12,https://bilgewatermarket.com/cards/OGN-272,normal,https://bilgewatermarket.com/assets/OGN-272-EN-tS23E_hW.jpg,¥0.51,$0.12,,Recruit (NX) OGN-272/298 CN ¥0.51 EN $0.12
2026-09-22T20:02:46+00:00,https://bilgewatermarket.com/cards,Recruit (ZN),nonfoil,0.19,https://bilgewatermarket.com/cards/OGN-273,normal,https://bilgewatermarket.com/assets/OGN-273-EN-rFaw0nIf.jpg,¥0.61,$0.19,,Recruit (ZN) OGN-273/298 CN ¥0.61 EN $0.19
2026-09-22T20:02:46+00:00,https://bilgewatermarket.com/cards,Sprite,nonfoil,0.16,https://bilgewatermarket.com/cards/OGN-274,normal,https://bilgewatermarket.com/assets/OGN-274-EN-DlIKyPH-.jpg,¥0.51,$0.16,,Sprite OGN-274/298 CN ¥0.51 EN $0.16
2026-09-22T20:02:46+00:00,https://bilgewatermarket.com/cards,Altar to Unity,foil,0.44,https://bilgewatermarket.com/cards/OGN-275?print_variation=foiled,foiled,https://bilgewatermarket.com/assets/OGN-275-EN-CPPZ4Hzv.jpg,¥1.14,$0.44,,Altar to Unity OGN-275/298 Foiled CN ¥1.14 EN $0.44
2026-09-22T20:02:46+00:00,https://bilgewatermarket.com/cards,Altar to Unity,nonfoil,0.10,https://bilgewatermarket.com/cards/OGN-275,normal,https://bilgewatermarket.com/assets/OGN-275-EN-CPPZ4Hzv.jpg,¥0.53,$0.10,,Altar to Unity OGN-275/298 CN ¥0.53 EN $0.10
2026-09-22T20:02:46+00:00,https://bilgewatermarket.com/cards,Aspirant's Climb,foil,1.28,https://bilgewatermarket.com/cards/OGN-276?print_variation=foiled,foiled,https://bilgewatermarket.com/assets/OGN-276-EN-CHlUeWa1.jpg,¥2.49,$1.28,,BANNED Aspirant's Climb OGN-276/298 Foiled CN ¥2.49 EN $1.28
2026-09-22T20:02:46+00:00,https://bilgewatermarket.com/cards,Aspirant's Climb,nonfoil,0.20,https://bilgewatermarket.com/cards/OGN-276,normal,https://bilgewatermarket.com/assets/OGN-276-EN-CHlUeWa1.jpg,¥0.53,$0.20,,BANNED Aspirant's Climb OGN-276/298 CN ¥0.53 EN $0.20
2026-09-22T20:02:46+00:00,https://bilgewatermarket.com/cards,Back-Alley Bar,foil,0.49,https://bilgewatermarket.com/cards/OGN-277?print_variation=foiled,foiled,https://bilgewatermarket.com/assets/OGN-277-EN-6JUPPmQ3.jpg,¥1.52,$0.49,,Back-Alley Bar OGN-277/298 Foiled CN ¥1.52 EN $0.49
2026-09-22T20:02:46+00:00,https://bilgewatermarket.com/cards,Back-Alley Bar,nonfoil,0.15,https://bilgewatermarket.com/cards/OGN-277,normal,https://bilgewatermarket.com/assets/OGN-277-EN-6JUPPmQ3.jpg,¥0.54,$0.15,,Back-Alley Bar OGN-277/298 CN ¥0.54 EN $0.15
2026-09-22T20:02:46+00:00,https://bilgewatermarket.com/cards,Bandle Tree,foil,0.51,https://bilgewatermarket.com/cards/OGN-278?print_variation=foiled,foiled,https://bilgewatermarket.com/assets/OGN-278-EN-C3OLGXBA.jpg,¥1.12,$0.51,,Bandle Tree OGN-278/298 Foiled CN ¥1.12 EN $0.51
2026-09-22T20:02:46+00:00,https://bilgewatermarket.com/cards,Bandle Tree,nonfoil,0.18,https://bilgewatermarket.com/cards/OGN-278,normal,https://bilgewatermarket.com/assets/OGN-278-EN-C3OLGXBA.jpg,¥0.54,$0.18,,Bandle Tree OGN-278/298 CN ¥0.54 EN $0.18
2026-09-22T20:02:46+00:00,https://bilgewatermarket.com/cards,Fortified Position,foil,0.65,https://bilgewatermarket.com/cards/OGN-279?print_variation=foiled,foiled,https://bilgewatermarket.com/assets/OGN-279-EN-DFWpW0Ee.jpg,¥1.76,$0.65,,Fortified Position OGN-279/298 Foiled CN ¥1.76 EN $0.65
2026-09-22T20:02:46+00:00,https://bilgewatermarket.com/cards,Fortified Position,nonfoil,0.17,https://bilgewatermarket.com/cards/OGN-279,normal,https://bilgewatermarket.com/assets/OGN-279-EN-DFWpW0Ee.jpg,¥0.61,$0.17,,Fortified Position OGN-279/298 CN ¥0.61 EN $0.17
2026-09-22T20:02:46+00:00,https://bilgewatermarket.com/cards,Grove of the God-Willow,foil,1.47,https://bilgewatermarket.com/cards/OGN-280?print_variation=foiled,foiled,https://bilgewatermarket.com/assets/OGN-280-EN-D4M4jkCx.jpg,¥3.86,$1.47,,Grove of the God-Willow OGN-280/298 Foiled CN ¥3.86 EN $1.47
2026-09-22T20:02:46+00:00,https://bilgewatermarket.com/cards,Grove of the God-Willow,nonfoil,0.25,https://bilgewatermarket.com/cards/OGN-280,normal,https://bilgewatermarket.com/assets/OGN-280-EN-D4M4jkCx.jpg,¥0.84,$0.25,,Grove of the God-Willow OGN-280/298 CN ¥0.84 EN $0.25
2026-09-22T20:02:46+00:00,https://bilgewatermarket.com/cards,Hallowed Tomb,foil,0.44,https://bilgewatermarket.com/cards/OGN-281?print_variation=foiled,foiled,https://bilgewatermarket.com/assets/OGN-281-EN-JE8ErdfV.jpg,¥1.07,$0.44,,Hallowed Tomb OGN-281/298 Foiled CN ¥1.07 EN $0.44
2026-09-22T20:02:46+00:00,https://bilgewatermarket.com/cards,Hallowed Tomb,nonfoil,0.18,https://bilgewatermarket.com/cards/OGN-281,normal,https://bilgewatermarket.com/assets/OGN-281-EN-JE8ErdfV.jpg,¥0.52,$0.18,,Hallowed Tomb OGN-281/298 CN ¥0.52 EN $0.18
2026-09-22T20:02:46+00:00,https://bilgewatermarket.com/cards,Monastery of Hirana,foil,0.56,https://bilgewatermarket.com/cards/OGN-282?print_variation=foiled,foiled,https://bilgewatermarket.com/assets/OGN-282-EN-DPUyEDa0.jpg,¥2.90,$0.56,,Monastery of Hirana OGN-282/298 Foiled CN ¥2.90 EN $0.56
2026-09-22T20:02:46+00:00,https://bilgewatermarket.com/cards,Monastery of Hirana,nonfoil,0.18,https://bilgewatermarket.com/cards/OGN-282,normal,https://bilgewatermarket.com/assets/OGN-282-EN-DPUyEDa0.jpg,¥0.63,$0.18,,Monastery of Hirana OGN-282/298 CN ¥0.63 EN $0.18
2026-09-22T20:02:46+00:00,https://bilgewatermarket.com/cards,Navori Fighting Pit,foil,0.37,https://bilgewatermarket.com/cards/OGN-283?print_variation=foiled,foiled,https://bilgewatermarket.com/assets/OGN-283-EN-HqwYUmn8.jpg,¥1.09,$0.37,,Navori Fighting Pit OGN-283/298 Foiled CN ¥1.09 EN $0.37
2026-09-22T20:02:46+00:00,https://bilgewatermarket.com/cards,Navori Fighting Pit,nonfoil,0.15,https://bilgewatermarket.com/cards/OGN-283,normal,https://bilgewatermarket.com/assets/OGN-283-EN-HqwYUmn8.jpg,¥0.50,$0.15,,Navori Fighting Pit OGN-283/298 CN ¥0.50 EN $0.15
2026-09-22T20:02:46+00:00,https://bilgewatermarket.com/cards,Obelisk of Power,foil,0.66,https://bilgewatermarket.com/cards/OGN-284?print_variation=foiled,foiled,https://bilgewatermarket.com/assets/OGN-284-EN-B8ZnXu0R.jpg,¥1.55,$0.66,,BANNED Obelisk of Power OGN-284/298 Foiled CN ¥1.55 EN $0.66
2026-09-22T20:02:46+00:00,https://bilgewatermarket.com/cards,Obelisk of Power,nonfoil,0.13,https://bilgewatermarket.com/cards/OGN-284,normal,https://bilgewatermarket.com/assets/OGN-284-EN-B8ZnXu0R.jpg,¥0.52,$0.13,,BANNED Obelisk of Power OGN-284/298 CN ¥0.52 EN $0.13
2026-09-22T20:02:46+00:00,https://bilgewatermarket.com/cards,Reaver's Row,foil,0.56,https://bilgewatermarket.com/cards/OGN-285?print_variation=foiled,foiled,https://bilgewatermarket.com/assets/OGN-285-EN-Db5CGO5S.jpg,¥1.05,$0.56,,BANNED Reaver's Row OGN-285/298 Foiled CN ¥1.05 EN $0.56
2026-09-22T20:02:46+00:00,https://bilgewatermarket.com/cards,Reaver's Row,nonfoil,0.13,https://bilgewatermarket.com/cards/OGN-285,normal,https://bilgewatermarket.com/assets/OGN-285-EN-Db5CGO5S.jpg,¥0.51,$0.13,,BANNED Reaver's Row OGN-285/298 CN ¥0.51 EN $0.13
2026-09-22T20:02:46+00:00,https://bilgewatermarket.com/cards,Reckoner's Arena,foil,0.35,https://bilgewatermarket.com/cards/OGN-286?print_variation=foiled,foiled,https://bilgewatermarket.com/assets/OGN-286-EN-nm6QB2DK.jpg,¥1.19,$0.35,,Reckoner's Arena OGN-286/298 Foiled CN ¥1.19 EN $0.35
2026-09-22T20:02:46+00:00,https://bilgewatermarket.com/cards,Reckoner's Arena,nonfoil,0.14,https://bilgewatermarket.com/cards/OGN-286,normal,https://bilgewatermarket.com/assets/OGN-286-EN-nm6QB2DK.jpg,¥0.65,$0.14,,Reckoner's Arena OGN-286/298 CN ¥0.65 EN $0.14
2026-09-22T20:02:46+00:00,https://bilgewatermarket.com/cards,Sigil of the Storm,foil,1.39,https://bilgewatermarket.com/cards/OGN-287?print_variation=foiled,foiled,https://bilgewatermarket.com/assets/OGN-287-EN-TpFvU91x.jpg,¥2.26,$1.39,,Sigil of the Storm OGN-287/298 Foiled CN ¥2.26 EN $1.39
2026-09-22T20:02:46+00:00,https://bilgewatermarket.com/cards,Sigil of the Storm,nonfoil,0.22,https://bilgewatermarket.com/cards/OGN-287,normal,https://bilgewatermarket.com/assets/OGN-287-EN-TpFvU91x.jpg,¥0.60,$0.22,,Sigil of the Storm OGN-287/298 CN ¥0.60 EN $0.22
2026-09-22T20:02:46+00:00,https://bilgewatermarket.com/cards,Startipped Peak,foil,0.86,https://bilgewatermarket.com/cards/OGN-288?print_variation=foiled,foiled,https://bilgewatermarket.com/assets/OGN-288-EN-CqKDOw8g.jpg,¥2.95,$0.86,,Startipped Peak OGN-288/298 Foiled CN ¥2.95 EN $0.86
2026-09-22T20:02:46+00:00,https://bilgewatermarket.com/cards,Startipped Peak,nonfoil,0.24,https://bilgewatermarket.com/cards/OGN-288,normal,https://bilgewatermarket.com/assets/OGN-288-EN-CqKDOw8g.jpg,¥0.67,$0.24,,Startipped Peak OGN-288/298 CN ¥0.67 EN $0.24
2026-09-22T20:02:46+00:00,https://bilgewatermarket.com/cards,Targon's Peak,foil,3.37,https://bilgewatermarket.com/cards/OGN-289?print_variation=foiled,foiled,https://bilgewatermarket.com/assets/OGN-289-EN-CKpfS3oj.jpg,¥2.95,$3.37,,Targon's Peak OGN-289/298 Foiled CN ¥2.95 EN $3.37
2026-09-22T20:02:46+00:00,https://bilgewatermarket.com/cards,Targon's Peak,nonfoil,0.26,https://bilgewatermarket.com/cards/OGN-289,normal,https://bilgewatermarket.com/assets/OGN-289-EN-CKpfS3oj.jpg,¥0.67,$0.26,,Targon's Peak OGN-289/298 CN ¥0.67 EN $0.26
2026-09-22T20:02:46+00:00,https://bilgewatermarket.com/cards,The Arena's Greatest,foil,1.02,https://bilgewatermarket.com/cards/OGN-290?print_variation=foiled,foiled,https://bilgewatermarket.com/assets/OGN-290-EN-CPZdBD3k.jpg,¥3.02,$1.02,,BANNED The Arena's Greatest OGN-290/298 Foiled CN ¥3.02 EN $1.02
2026-09-22T20:02:46+00:00,https://bilgewatermarket.com/cards,The Arena's Greatest,nonfoil,0.23,https://bilgewatermarket.com/cards/OGN-290,normal,https://bilgewatermarket.com/assets/OGN-290-EN-CPZdBD3k.jpg,¥0.66,$0.23,,BANNED The Arena's Greatest OGN-290/298 CN ¥0.66 EN $0.23
2026-09-22T20:02:46+00:00,https://bilgewatermarket.com/cards,The Candlelit Sanctum,foil,0.91,https://bilgewatermarket.com/cards/OGN-291?print_variation=foiled,foiled,https://bilgewatermarket.com/assets/OGN-291-EN-D7tiLB3N.jpg,¥2.23,$0.91,,The Candlelit Sanctum OGN-291/298 Foiled CN ¥2.23 EN $0.91
2026-09-22T20:02:46+00:00,https://bilgewatermarket.com/cards,The Candlelit Sanctum,nonfoil,0.26,https://bilgewatermarket.com/cards/OGN-291,normal,https://bilgewatermarket.com/assets/OGN-291-EN-D7tiLB3N.jpg,¥0.57,$0.26,,The Candlelit Sanctum OGN-291/298 CN ¥0.57 EN $0.26
2026-09-22T20:02:46+00:00,https://bilgewatermarket.com/cards,The Dreaming Tree,foil,0.77,https://bilgewatermarket.com/cards/OGN-292?print_variation=foiled,foiled,https://bilgewatermarket.com/assets/OGN-292-EN-y-e48GZS.jpg,¥1.98,$0.77,,BANNED The Dreaming Tree OGN-292/298 Foiled CN ¥1.98 EN $0.77
2026-09-22T20:02:46+00:00,https://bilgewatermarket.com/cards,The Dreaming Tree,nonfoil,0.15,https://bilgewatermarket.com/cards/OGN-292,normal,https://bilgewatermarket.com/assets/OGN-292-EN-y-e48GZS.jpg,¥0.51,$0.15,,BANNED The Dreaming Tree OGN-292/298 CN ¥0.51 EN $0.15
2026-09-22T20:02:46+00:00,https://bilgewatermarket.com/cards,The Grand Plaza,foil,0.32,https://bilgewatermarket.com/cards/OGN-293?print_variation=foiled,foiled,https://bilgewatermarket.com/assets/OGN-293-EN-oDODcC5j.jpg,¥1.13,$0.32,,The Grand Plaza OGN-293/298 Foiled CN ¥1.13 EN $0.32
2026-09-22T20:02:46+00:00,https://bilgewatermarket.com/cards,The Grand Plaza,nonfoil,0.14,https://bilgewatermarket.com/cards/OGN-293,normal,https://bilgewatermarket.com/assets/OGN-293-EN-oDODcC5j.jpg,¥0.52,$0.14,,The Grand Plaza OGN-293/298 CN ¥0.52 EN $0.14
2026-09-22T20:02:46+00:00,https://bilgewatermarket.com/cards,Trifarian War Camp,foil,1.44,https://bilgewatermarket.com/cards/OGN-294?print_variation=foiled,foiled,https://bilgewatermarket.com/assets/OGN-294-EN-rRYcVwQa.jpg,¥2.68,$1.44,,Trifarian War Camp OGN-294/298 Foiled CN ¥2.68 EN $1.44
2026-09-22T20:02:46+00:00,https://bilgewatermarket.com/cards,Trifarian War Camp,nonfoil,0.33,https://bilgewatermarket.com/cards/OGN-294,normal,https://bilgewatermarket.com/assets/OGN-294-EN-rRYcVwQa.jpg,¥0.60,$0.33,,Trifarian War Camp OGN-294/298 CN ¥0.60 EN $0.33
2026-09-22T20:02:46+00:00,https://bilgewatermarket.com/cards,Vilemaw's Lair,foil,2.04,https://bilgewatermarket.com/cards/OGN-295?print_variation=foiled,foiled,https://bilgewatermarket.com/assets/OGN-295-EN-R779Qqp1.jpg,¥2.80,$2.04,,Vilemaw's Lair OGN-295/298 Foiled CN ¥2.80 EN $2.04
2026-09-22T20:02:46+00:00,https://bilgewatermarket.com/cards,Vilemaw's Lair,nonfoil,0.27,https://bilgewatermarket.com/cards/OGN-295,normal,https://bilgewatermarket.com/assets/OGN-295-EN-R779Qqp1.jpg,¥0.65,$0.27,,Vilemaw's Lair OGN-295/298 CN ¥0.65 EN $0.27
2026-09-22T20:02:46+00:00,https://bilgewatermarket.com/cards,Void Gate,foil,1.05,https://bilgewatermarket.com/cards/OGN-296?print_variation=foiled,foiled,https://bilgewatermarket.com/assets/OGN-296-EN-B2k0M1UU.jpg,¥2.52,$1.05,,Void Gate OGN-296/298 Foiled CN ¥2.52 EN $1.05
2026-09-22T20:02:46+00:00,https://bilgewatermarket.com/cards,Void Gate,nonfoil,0.22,https://bilgewatermarket.com/cards/OGN-296,normal,https://bilgewatermarket.com/assets/OGN-296-EN-B2k0M1UU.jpg,¥0.67,$0.22,,Void Gate OGN-296/298 CN ¥0.67 EN $0.22
2026-09-22T20:02:46+00:00,https://bilgewatermarket.com/cards,Windswept Hillock,foil,1.25,https://bilgewatermarket.com/cards/OGN-297?print_variation=foiled,foiled,https://bilgewatermarket.com/assets/OGN-297-EN-WWMdiSg3.jpg,¥2.49,$1.25,,Windswept Hillock OGN-297/298 Foiled CN ¥2.49 EN $1.25
2026-09-22T20:02:46+00:00,https://bilgewatermarket.com/cards,Windswept Hillock,nonfoil,0.26,https://bilgewatermarket.com/cards/OGN-297,normal,https://bilgewatermarket.com/assets/OGN-297-EN-WWMdiSg3.jpg,¥0.57,$0.26,,Windswept Hillock OGN-297/298 CN ¥0.57 EN $0.26
2026-09-22T20:02:46+00:00,https://bilgewatermarket.com/cards,Zaun Warrens,foil,3.42,https://bilgewatermarket.com/cards/OGN-298?print_variation=foiled,foiled,https://bilgewatermarket.com/assets/OGN-298-EN-D2bKkueV.jpg,¥2.16,$3.42,,Zaun Warrens OGN-298/298 Foiled CN ¥2.16 EN $3.42
2026-09-22T20:02:46+00:00,https://bilgewatermarket.com/cards,Zaun Warrens,nonfoil,0.21,https://bilgewatermarket.com/cards/OGN-298,normal,https://bilgewatermarket.com/assets/OGN-298-EN-D2bKkueV.jpg,¥0.56,$0.21,,Zaun Warrens OGN-298/298 CN ¥0.56 EN $0.21
2026-09-22T20:02:46+00:00,https://bilgewatermarket.com/cards,"Kai'Sa, Daughter of the Void",nonfoil,293.88,https://bilgewatermarket.com/cards/OGN-299?print_variation=showcase,showcase,https://bilgewatermarket.com/assets/OGN-299-EN-BZaLu2Pd.jpg,¥268.28,$293.88,,"Kai'Sa, Daughter of the Void OGN-299/298 Showcase CN ¥268.28 EN $293.88"
2026-09-22T20:02:46+00:00,https://bilgewatermarket.com/cards,"Volibear, Relentless Storm",nonfoil,69.25,https://bilgewatermarket.com/cards/OGN-300?print_variation=showcase,showcase,https://bilgewatermarket.com/assets/OGN-300-EN-CaRkKhmo.jpg,¥59.28,$69.25,,"Volibear, Relentless Storm OGN-300/298 Showcase CN ¥59.28 EN $69.25"
2026-09-22T20:02:46+00:00,https://bilgewatermarket.com/cards,"Jinx, Loose Cannon",nonfoil,160.52,https://bilgewatermarket.com/cards/OGN-301?print_variation=showcase,showcase,https://bilgewatermarket.com/assets/OGN-301-EN-U0bqsWSn.jpg,¥108.09,$160.52,,"Jinx, Loose Cannon OGN-301/298 Showcase CN ¥108.09 EN $160.52"
2026-09-22T20:02:46+00:00,https://bilgewatermarket.com/cards,"Darius, Hand of Noxus",nonfoil,56.03,https://bilgewatermarket.com/cards/OGN-302?print_variation=showcase,showcase,https://bilgewatermarket.com/assets/OGN-302-EN-BmVv6rdE.jpg,¥87.77,$56.03,,"Darius, Hand of Noxus OGN-302/298 Showcase CN ¥87.77 EN $56.03"
2026-09-22T20:02:46+00:00,https://bilgewatermarket.com/cards,"Ahri, Nine-Tailed Fox",nonfoil,375.41,https://bilgewatermarket.com/cards/OGN-303?print_variation=showcase,showcase,https://bilgewatermarket.com/assets/OGN-303-EN-B3DKY2Dc.jpg,¥544.67,$375.41,,"Ahri, Nine-Tailed Fox OGN-303/298 Showcase CN ¥544.67 EN $375.41"
2026-09-22T20:02:46+00:00,https://bilgewatermarket.com/cards,"Lee Sin, Blind Monk",nonfoil,146.66,https://bilgewatermarket.com/cards/OGN-304?print_variation=showcase,showcase,https://bilgewatermarket.com/assets/OGN-304-EN-mXW0PyeH.jpg,¥108.28,$146.66,,"Lee Sin, Blind Monk OGN-304/298 Showcase CN ¥108.28 EN $146.66"
2026-09-22T20:02:46+00:00,https://bilgewatermarket.com/cards,"Yasuo, Unforgiven",nonfoil,79.72,https://bilgewatermarket.com/cards/OGN-305?print_variation=showcase,showcase,https://bilgewatermarket.com/assets/OGN-305-EN-DHjZfRYg.jpg,¥83.75,$79.72,,"Yasuo, Unforgiven OGN-305/298 Showcase CN ¥83.75 EN $79.72"
2026-09-22T20:02:46+00:00,https://bilgewatermarket.com/cards,"Leona, Radiant Dawn",nonfoil,89.43,https://bilgewatermarket.com/cards/OGN-306?print_variation=showcase,showcase,https://bilgewatermarket.com/assets/OGN-306-EN-BI5Xqvbx.jpg,¥77.49,$89.43,,"Leona, Radiant Dawn OGN-306/298 Showcase CN ¥77.49 EN $89.43"
2026-09-22T20:02:46+00:00,https://bilgewatermarket.com/cards,"Teemo, Swift Scout",nonfoil,163.49,https://bilgewatermarket.com/cards/OGN-307?print_variation=showcase,showcase,https://bilgewatermarket.com/assets/OGN-307-EN-BtSzWpAh.jpg,¥84.81,$163.49,,"Teemo, Swift Scout OGN-307/298 Showcase CN ¥84.81 EN $163.49"
2026-09-22T20:02:46+00:00,https://bilgewatermarket.com/cards,"Viktor, Herald of the Arcane",nonfoil,109.60,https://bilgewatermarket.com/cards/OGN-308?print_variation=showcase,showcase,https://bilgewatermarket.com/assets/OGN-308-EN-ChazqeOJ.jpg,¥139.96,$109.60,,"Viktor, Herald of the Arcane OGN-308/298 Showcase CN ¥139.96 EN $109.60"
2026-09-22T20:02:46+00:00,https://bilgewatermarket.com/cards,"Miss Fortune, Bounty Hunter",nonfoil,181.40,https://bilgewatermarket.com/cards/OGN-309?print_variation=showcase,showcase,https://bilgewatermarket.com/assets/OGN-309-EN-CaTj3U_4.jpg,¥107.33,$181.40,,"Miss Fortune, Bounty Hunter OGN-309/298 Showcase CN ¥107.33 EN $181.40"
2026-09-22T20:02:46+00:00,https://bilgewatermarket.com/cards,"Sett, The Boss",nonfoil,78.02,https://bilgewatermarket.com/cards/OGN-310?print_variation=showcase,showcase,https://bilgewatermarket.com/assets/OGN-310-EN-DXDJA0oF.jpg,¥60.60,$78.02,,"Sett, The Boss OGN-310/298 Showcase CN ¥60.60 EN $78.02"
2026-09-22T20:02:46+00:00,https://bilgewatermarket.com/cards,Blade Twirler,nonfoil,0.81,https://bilgewatermarket.com/cards/VEN-002?print_variation=promo,promo,https://bilgewatermarket.com/assets/VEN-002-EN-DhiWbxgH.png,¥0.50,$0.81,,Blade Twirler VEN-002/166 Promo CN ¥0.50 EN $0.81
2026-09-22T20:02:46+00:00,https://bilgewatermarket.com/cards,Dune Surfer,nonfoil,0.70,https://bilgewatermarket.com/cards/VEN-004?print_variation=promo,promo,https://bilgewatermarket.com/assets/VEN-004-EN-CDFnHbgU.png,¥0.50,$0.70,,Dune Surfer VEN-004/166 Promo CN ¥0.50 EN $0.70
2026-09-22T20:02:46+00:00,https://bilgewatermarket.com/cards,Shadow Assassin,nonfoil,0.56,https://bilgewatermarket.com/cards/VEN-013?print_variation=promo,promo,https://bilgewatermarket.com/assets/VEN-013-EN-Z3fdgB-s.png,¥1.00,$0.56,,Shadow Assassin VEN-013/166 Promo CN ¥1.00 EN $0.56
2026-09-22T20:02:46+00:00,https://bilgewatermarket.com/cards,Field Musicians,nonfoil,0.63,https://bilgewatermarket.com/cards/VEN-026?print_variation=promo,promo,https://bilgewatermarket.com/assets/VEN-026-EN-DM1O5HO-.png,¥0.50,$0.63,,Field Musicians VEN-026/166 Promo CN ¥0.50 EN $0.63
2026-09-22T20:02:46+00:00,https://bilgewatermarket.com/cards,Ol' Poro,nonfoil,1.10,https://bilgewatermarket.com/cards/VEN-029?print_variation=promo,promo,https://bilgewatermarket.com/assets/VEN-029-EN-KWJAVihx.png,--,$1.10,,Ol' Poro VEN-029/166 Promo CN -- EN $1.10
2026-09-22T20:02:46+00:00,https://bilgewatermarket.com/cards,Tomb-Raider Barbara,nonfoil,1.75,https://bilgewatermarket.com/cards/VEN-037?print_variation=promo,promo,https://bilgewatermarket.com/assets/VEN-037-EN-Di1ikYYh.png,¥1.67,$1.75,,Tomb-Raider Barbara VEN-037/166 Promo CN ¥1.67 EN $1.75
2026-09-22T20:02:46+00:00,https://bilgewatermarket.com/cards,Cloud Drake,nonfoil,0.35,https://bilgewatermarket.com/cards/VEN-048?print_variation=promo,promo,https://bilgewatermarket.com/assets/VEN-048-EN-WGFx_9br.png,¥1.00,$0.35,,Cloud Drake VEN-048/166 Promo CN ¥1.00 EN $0.35
2026-09-22T20:02:46+00:00,https://bilgewatermarket.com/cards,Grumpy Rockbear,nonfoil,0.83,https://bilgewatermarket.com/cards/VEN-050?print_variation=promo,promo,https://bilgewatermarket.com/assets/VEN-050-EN-DsmQ1aGy.png,--,$0.83,,Grumpy Rockbear VEN-050/166 Promo CN -- EN $0.83
2026-09-22T20:02:46+00:00,https://bilgewatermarket.com/cards,Patched Porobot,nonfoil,2.22,https://bilgewatermarket.com/cards/VEN-058?print_variation=promo,promo,https://bilgewatermarket.com/assets/VEN-058-EN-i_v0R9Mh.png,¥2.32,$2.22,,Patched Porobot VEN-058/166 Promo CN ¥2.32 EN $2.22
2026-09-22T20:02:46+00:00,https://bilgewatermarket.com/cards,"Mel, Newly Awakened",nonfoil,256.46,https://bilgewatermarket.com/cards/VEN-069b?print_variation=promo,promo,https://bilgewatermarket.com/assets/VEN-069b-EN-ov80H4X-.webp,¥919.98,$256.46,,"Mel, Newly Awakened VEN-069B/166 Promo CN ¥919.98 EN $256.46"
2026-09-22T20:02:46+00:00,https://bilgewatermarket.com/cards,Fretful Feline,nonfoil,0.28,https://bilgewatermarket.com/cards/VEN-071?print_variation=promo,promo,https://bilgewatermarket.com/assets/VEN-071-EN-Do7lfOl3.png,¥0.50,$0.28,,Fretful Feline VEN-071/166 Promo CN ¥0.50 EN $0.28
2026-09-22T20:02:46+00:00,https://bilgewatermarket.com/cards,Repair Specialist,nonfoil,0.65,https://bilgewatermarket.com/cards/VEN-076?print_variation=promo,promo,https://bilgewatermarket.com/assets/VEN-076-EN-C3K8gFpm.png,¥0.50,$0.65,,Repair Specialist VEN-076/166 Promo CN ¥0.50 EN $0.65
2026-09-22T20:02:46+00:00,https://bilgewatermarket.com/cards,Profiteer,nonfoil,1.16,https://bilgewatermarket.com/cards/VEN-082?print_variation=promo,promo,https://bilgewatermarket.com/assets/VEN-082-EN-6kic8myQ.png,¥0.50,$1.16,,Profiteer VEN-082/166 Promo CN ¥0.50 EN $1.16
2026-09-22T20:02:46+00:00,https://bilgewatermarket.com/cards,Spiderling,nonfoil,2.90,https://bilgewatermarket.com/cards/VEN-097?print_variation=promo,promo,https://bilgewatermarket.com/assets/VEN-097-EN-05nsFlAy.png,¥2.00,$2.90,,Spiderling VEN-097/166 Promo CN ¥2.00 EN $2.90
2026-09-22T20:02:46+00:00,https://bilgewatermarket.com/cards,Tornado Warrior,nonfoil,0.69,https://bilgewatermarket.com/cards/VEN-099?print_variation=promo,promo,https://bilgewatermarket.com/assets/VEN-099-EN-B9G9hLDc.png,¥1.19,$0.69,,Tornado Warrior VEN-099/166 Promo CN ¥1.19 EN $0.69
2026-09-22T20:02:46+00:00,https://bilgewatermarket.com/cards,Gust Monk,nonfoil,1.07,https://bilgewatermarket.com/cards/VEN-101?print_variation=promo,promo,https://bilgewatermarket.com/assets/VEN-101-EN-Cfs11m7w.png,¥3.55,$1.07,,Gust Monk VEN-101/166 Promo CN ¥3.55 EN $1.07
2026-09-22T20:02:46+00:00,https://bilgewatermarket.com/cards,Horns of the Dragon,nonfoil,0.29,https://bilgewatermarket.com/cards/VEN-118?print_variation=promo,promo,https://bilgewatermarket.com/assets/VEN-118-EN-4sJWjecS.png,¥0.50,$0.29,,Horns of the Dragon VEN-118/166 Promo CN ¥0.50 EN $0.29
2026-09-22T20:02:46+00:00,https://bilgewatermarket.com/cards,Soulspinner,nonfoil,0.59,https://bilgewatermarket.com/cards/VEN-123?print_variation=promo,promo,https://bilgewatermarket.com/assets/VEN-123-EN-DsL_H6zs.png,¥0.50,$0.59,,Soulspinner VEN-123/166 Promo CN ¥0.50 EN $0.59
2026-09-22T20:02:46+00:00,https://bilgewatermarket.com/cards,Hungry Wolf,nonfoil,0.66,https://bilgewatermarket.com/cards/VEN-125?print_variation=promo,promo,https://bilgewatermarket.com/assets/VEN-125-EN-ygpWWhje.png,¥0.50,$0.66,,Hungry Wolf VEN-125/166 Promo CN ¥0.50 EN $0.66
2026-09-22T20:02:46+00:00,https://bilgewatermarket.com/cards,"Lillia, Fae Fawn",nonfoil,46.52,https://bilgewatermarket.com/cards/UNL-082?print_variation=promo,promo,https://bilgewatermarket.com/assets/UNL-082-PROMO-CN-B7gVXBCl.JPG,¥46.52,--,,"Lillia, Fae Fawn UNL-082/219 Promo CN ¥46.52 EN --"
2026-09-22T20:02:46+00:00,https://bilgewatermarket.com/cards,Frozen Fortress,nonfoil,46.00,https://bilgewatermarket.com/cards/UNL-212?print_variation=promo,promo,https://bilgewatermarket.com/assets/UNL-212-PROMO-CN-Dj00Stib.JPG,¥46.00,--,,Frozen Fortress UNL-212/219 Promo CN ¥46.00 EN --
2026-09-22T20:02:46+00:00,https://bilgewatermarket.com/cards,Star Spring,nonfoil,42.91,https://bilgewatermarket.com/cards/UNL-215?print_variation=promo,promo,https://bilgewatermarket.com/assets/UNL-215-PROMO-CN-EmTt9sTY.JPG,¥42.91,--,,Star Spring UNL-215/219 Promo CN ¥42.91 EN --
2026-09-22T20:02:46+00:00,https://bilgewatermarket.com/cards,The Academy,nonfoil,30.10,https://bilgewatermarket.com/cards/UNL-216?print_variation=promo,promo,https://bilgewatermarket.com/assets/UNL-216-PROMO-CN-CAqhijs3.JPG,¥30.10,--,,The Academy UNL-216/219 Promo CN ¥30.10 EN --
2026-09-22T20:02:46+00:00,https://bilgewatermarket.com/cards,Boneshiver,nonfoil,56.06,https://bilgewatermarket.com/cards/SFD-118a?print_variation=promo%5Blille%20participation%5D,promo[lille participation],https://bilgewatermarket.com/assets/SFD-118a-PROMO-EN-xigMBaVV.webp,--,$56.06,,Boneshiver SFD-118A/221 Promo[Lille Participation] CN -- EN $56.06
2026-09-22T20:02:46+00:00,https://bilgewatermarket.com/cards,Blade of the Ruined King,nonfoil,4.15,https://bilgewatermarket.com/cards/SFD-178a?print_variation=promo%5Blille%20champion%5D,promo[lille champion],https://bilgewatermarket.com/assets/SFD-178a-PROMO-EN-Bf_cRAOM.webp,--,$4.15,,Blade of the Ruined King SFD-178A/221 Promo[Lille Champion] CN -- EN $4.15
2026-09-22T20:02:46+00:00,https://bilgewatermarket.com/cards,Blade of the Ruined King,nonfoil,4.15,https://bilgewatermarket.com/cards/SFD-178a?print_variation=promo%5Blille%20top%208%5D,promo[lille top 8],https://bilgewatermarket.com/assets/SFD-178a-PROMO-EN-Bf_cRAOM.webp,--,$4.15,,Blade of the Ruined King SFD-178A/221 Promo[Lille Top 8] CN -- EN $4.15
2026-09-22T20:02:46+00:00,https://bilgewatermarket.com/cards,"Ezreal, Dashing",nonfoil,50.27,https://bilgewatermarket.com/cards/SFD-082?print_variation=promo%5B%E5%8F%82%E8%B5%9B%E7%BA%AA%E5%BF%B5%5D,promo[参赛纪念],https://bilgewatermarket.com/assets/SFD-082-CN-BlynUJsk.png,¥50.27,--,,"Ezreal, Dashing SFD-082/221 Promo[参赛纪念] CN ¥50.27 EN --"
2026-09-22T20:02:46+00:00,https://bilgewatermarket.com/cards,Boneshiver,nonfoil,15.76,https://bilgewatermarket.com/cards/SFD-118a?print_variation=promo%5Bbologna%20participation%5D,promo[bologna participation],https://bilgewatermarket.com/assets/SFD-118a-PROMO-EN-xigMBaVV.webp,--,$15.76,,Boneshiver SFD-118A/221 Promo[Bologna Participation] CN -- EN $15.76
2026-09-22T20:02:46+00:00,https://bilgewatermarket.com/cards,Blade of the Ruined King,nonfoil,9.26,https://bilgewatermarket.com/cards/SFD-178?print_variation=promo%5Bbologna%20top%208%5D,promo[bologna top 8],https://bilgewatermarket.com/assets/SFD-178-PROMO-EN-C8OzA1bN.webp,--,$9.26,,Blade of the Ruined King SFD-178/221 Promo[Bologna Top 8] CN -- EN $9.26
2026-09-22T20:02:46+00:00,https://bilgewatermarket.com/cards,Blade of the Ruined King,nonfoil,0.30,https://bilgewatermarket.com/cards/SFD-178a?print_variation=promo%5Bbologna%20champion%5D,promo[bologna champion],https://bilgewatermarket.com/assets/SFD-178a-PROMO-EN-Bf_cRAOM.webp,--,$0.30,,Blade of the Ruined King SFD-178A/221 Promo[Bologna Champion] CN -- EN $0.30
2026-09-22T20:02:46+00:00,https://bilgewatermarket.com/cards,Marai Spire,nonfoil,79.44,https://bilgewatermarket.com/cards/SFD-211?print_variation=promo%5B%E5%8D%97%E4%BA%AC%E5%8F%82%E8%B5%9B%E7%BA%AA%E5%BF%B5%5D,promo[南京参赛纪念],https://bilgewatermarket.com/assets/SFD-211-PROMO-CN-lRM07a-s.jpeg,¥79.44,--,,Marai Spire SFD-211/221 Promo[南京参赛纪念] CN ¥79.44 EN --
2026-09-22T20:02:46+00:00,https://bilgewatermarket.com/cards,"Irelia, Blade Dancer",nonfoil,824.13,https://bilgewatermarket.com/cards/SFD-195a?print_variation=promo,promo,https://bilgewatermarket.com/assets/SFD-195a-PROMO-CN-BN0epQuY.jpg,¥824.13,--,,"Irelia, Blade Dancer SFD-195A/221 Promo CN ¥824.13 EN --"
2026-09-22T20:02:46+00:00,https://bilgewatermarket.com/cards,Boneshiver,nonfoil,1988.35,https://bilgewatermarket.com/cards/SFD-118a?print_variation=promo%5B%E5%A4%A7%E8%BF%9E32%E5%BC%BA%5D,promo[大连32强],https://bilgewatermarket.com/assets/SFD-118a-PROMO-EN-xigMBaVV.webp,"¥1,988.35",--,,"Boneshiver SFD-118A/221 Promo[大连32强] CN ¥1,988.35 EN --"
2026-09-22T20:02:46+00:00,https://bilgewatermarket.com/cards,Veiled Temple,nonfoil,66.34,https://bilgewatermarket.com/cards/SFD-221?print_variation=promo%5B%E5%A4%A7%E8%BF%9E%E5%8F%82%E8%B5%9B%E7%BA%AA%E5%BF%B5%5D,promo[大连参赛纪念],https://bilgewatermarket.com/assets/SFD-221-PROMO-CN-IivhYFMc.jpeg,¥66.34,--,,Veiled Temple SFD-221/221 Promo[大连参赛纪念] CN ¥66.34 EN --
2026-09-22T20:02:46+00:00,https://bilgewatermarket.com/cards,Boneshiver,nonfoil,1407.00,https://bilgewatermarket.com/cards/SFD-118a?print_variation=promo%5B%E6%88%90%E9%83%BD32%E5%BC%BA%5D,promo[成都32强],https://bilgewatermarket.com/assets/SFD-118a-PROMO_%E6%88%90%E9%83%BD32%E5%BC%BA_-CN-DI323P71.png,"¥1,407.00",--,,"Boneshiver SFD-118A/221 Promo[成都32强] CN ¥1,407.00 EN --"
2026-09-22T20:02:46+00:00,https://bilgewatermarket.com/cards,Seat of Power,nonfoil,98.62,https://bilgewatermarket.com/cards/SFD-217?print_variation=promo%5B%E6%88%90%E9%83%BD%E5%8F%82%E8%B5%9B%E7%BA%AA%E5%BF%B5%5D,promo[成都参赛纪念],https://bilgewatermarket.com/assets/SFD-217-PROMO-CN-Bze3hQxc.jpeg,¥98.62,--,,Seat of Power SFD-217/221 Promo[成都参赛纪念] CN ¥98.62 EN --
2026-09-22T20:02:46+00:00,https://bilgewatermarket.com/cards,Boneshiver,nonfoil,1504.95,https://bilgewatermarket.com/cards/SFD-118a?print_variation=promo%5B%E7%A6%8F%E5%B7%9E32%E5%BC%BA%5D,promo[福州32强],https://bilgewatermarket.com/assets/SFD-118a-PROMO-EN-xigMBaVV.webp,"¥1,504.95",--,,"Boneshiver SFD-118A/221 Promo[福州32强] CN ¥1,504.95 EN --"
2026-09-22T20:02:46+00:00,https://bilgewatermarket.com/cards,Ravenbloom Conservatory,nonfoil,69.03,https://bilgewatermarket.com/cards/SFD-215?print_variation=promo%5B%E7%A6%8F%E5%B7%9E%E5%8F%82%E8%B5%9B%E7%BA%AA%E5%BF%B5%5D,promo[福州参赛纪念],https://bilgewatermarket.com/assets/SFD-215-CN-BiNiOht2.png,¥69.03,--,,Ravenbloom Conservatory SFD-215/221 Promo[福州参赛纪念] CN ¥69.03 EN --
2026-09-22T20:02:46+00:00,https://bilgewatermarket.com/cards,"Miss Fortune, Buccaneer",nonfoil,0.33,https://bilgewatermarket.com/cards/OGN-193?print_variation=promo%5Bhouston%20participation%5D,promo[houston participation],https://bilgewatermarket.com/assets/OGN-193-PROMO-EN-go2wAICK.webp,--,$0.33,,"Miss Fortune, Buccaneer OGN-193/298 Promo[Houston Participation] CN -- EN $0.33"
2026-09-22T20:02:46+00:00,https://bilgewatermarket.com/cards,"Miss Fortune, Buccaneer",nonfoil,5.32,https://bilgewatermarket.com/cards/OGN-193a?print_variation=promo%5Bhouston%20top%208%5D,promo[houston top 8],https://bilgewatermarket.com/assets/OGN-193a-EN-UAk6_jGU.jpg,--,$5.32,,"Miss Fortune, Buccaneer OGN-193A/298 Promo[Houston Top 8] CN -- EN $5.32"
2026-09-22T20:02:46+00:00,https://bilgewatermarket.com/cards,"Miss Fortune, Buccaneer",nonfoil,64.60,https://bilgewatermarket.com/cards/OGN-193b?print_variation=promo%5Bhouston%20champion%5D,promo[houston champion],https://bilgewatermarket.com/assets/OGN-193b-PROMO-EN-CK9neXVR.webp,--,$64.60,,"Miss Fortune, Buccaneer OGN-193B/298 Promo[Houston Champion] CN -- EN $64.60"
