collected_at,source_url,name,foil_status,price,url,print_variation,image_url,cn_price,en_price,set_number,raw_text
2026-09-18T19:27:37+00:00,https://bilgewatermarket.com/cards,Baccai Sandspinner,foil,0.11,https://bilgewatermarket.com/cards/VEN-001?print_variation=foiled,foiled,https://bilgewatermarket.com/assets/VEN-001-EN-CwT4oNk9.png,¥0.50,$0.11,,Baccai Sandspinner VEN-001/166 Foiled CN ¥0.50 EN $0.11
2026-09-18T19:27:37+00:00,https://bilgewatermarket.com/cards,Baccai Sandspinner,nonfoil,0.05,https://bilgewatermarket.com/cards/VEN-001,normal,https://bilgewatermarket.com/assets/VEN-001-EN-CwT4oNk9.png,¥0.52,$0.05,,Baccai Sandspinner VEN-001/166 CN ¥0.52 EN $0.05
2026-09-18T19:27:37+00:00,https://bilgewatermarket.com/cards,Blade Twirler,foil,0.15,https://bilgewatermarket.com/cards/VEN-002?print_variation=foiled,foiled,https://bilgewatermarket.com/assets/VEN-002-EN-DhiWbxgH.png,¥0.89,$0.15,,Blade Twirler VEN-002/166 Foiled CN ¥0.89 EN $0.15
2026-09-18T19:27:37+00:00,https://bilgewatermarket.com/cards,Blade Twirler,nonfoil,0.05,https://bilgewatermarket.com/cards/VEN-002,normal,https://bilgewatermarket.com/assets/VEN-002-EN-DhiWbxgH.png,¥0.50,$0.05,,Blade Twirler VEN-002/166 CN ¥0.50 EN $0.05
2026-09-18T19:27:37+00:00,https://bilgewatermarket.com/cards,Brittle Steel,foil,0.30,https://bilgewatermarket.com/cards/VEN-003?print_variation=foiled,foiled,https://bilgewatermarket.com/assets/VEN-003-EN-BLstdxYc.png,¥2.12,$0.30,,Brittle Steel VEN-003/166 Foiled CN ¥2.12 EN $0.30
2026-09-18T19:27:37+00:00,https://bilgewatermarket.com/cards,Brittle Steel,nonfoil,0.09,https://bilgewatermarket.com/cards/VEN-003,normal,https://bilgewatermarket.com/assets/VEN-003-EN-BLstdxYc.png,¥1.01,$0.09,,Brittle Steel VEN-003/166 CN ¥1.01 EN $0.09
2026-09-18T19:27:37+00:00,https://bilgewatermarket.com/cards,Dune Surfer,foil,0.22,https://bilgewatermarket.com/cards/VEN-004?print_variation=foiled,foiled,https://bilgewatermarket.com/assets/VEN-004-EN-CDFnHbgU.png,¥0.51,$0.22,,Dune Surfer VEN-004/166 Foiled CN ¥0.51 EN $0.22
2026-09-18T19:27:37+00:00,https://bilgewatermarket.com/cards,Dune Surfer,nonfoil,0.08,https://bilgewatermarket.com/cards/VEN-004,normal,https://bilgewatermarket.com/assets/VEN-004-EN-CDFnHbgU.png,¥0.50,$0.08,,Dune Surfer VEN-004/166 CN ¥0.50 EN $0.08
2026-09-18T19:27:37+00:00,https://bilgewatermarket.com/cards,Forsaken Baccai,foil,0.22,https://bilgewatermarket.com/cards/VEN-005?print_variation=foiled,foiled,https://bilgewatermarket.com/assets/VEN-005-EN-B296W7Pp.png,¥0.51,$0.22,,Forsaken Baccai VEN-005/166 Foiled CN ¥0.51 EN $0.22
2026-09-18T19:27:37+00:00,https://bilgewatermarket.com/cards,Forsaken Baccai,nonfoil,0.08,https://bilgewatermarket.com/cards/VEN-005,normal,https://bilgewatermarket.com/assets/VEN-005-EN-B296W7Pp.png,¥0.50,$0.08,,Forsaken Baccai VEN-005/166 CN ¥0.50 EN $0.08
2026-09-18T19:27:37+00:00,https://bilgewatermarket.com/cards,Oasis Raider,foil,0.15,https://bilgewatermarket.com/cards/VEN-006?print_variation=foiled,foiled,https://bilgewatermarket.com/assets/VEN-006-EN-BXQcW2nP.png,¥0.54,$0.15,,Oasis Raider VEN-006/166 Foiled CN ¥0.54 EN $0.15
2026-09-18T19:27:37+00:00,https://bilgewatermarket.com/cards,Oasis Raider,nonfoil,0.07,https://bilgewatermarket.com/cards/VEN-006,normal,https://bilgewatermarket.com/assets/VEN-006-EN-BXQcW2nP.png,¥0.50,$0.07,,Oasis Raider VEN-006/166 CN ¥0.50 EN $0.07
2026-09-18T19:27:37+00:00,https://bilgewatermarket.com/cards,Punching Poro,foil,0.21,https://bilgewatermarket.com/cards/VEN-007?print_variation=foiled,foiled,https://bilgewatermarket.com/assets/VEN-007-EN-BC4DnhHy.png,¥0.62,$0.21,,Punching Poro VEN-007/166 Foiled CN ¥0.62 EN $0.21
2026-09-18T19:27:37+00:00,https://bilgewatermarket.com/cards,Punching Poro,nonfoil,0.07,https://bilgewatermarket.com/cards/VEN-007,normal,https://bilgewatermarket.com/assets/VEN-007-EN-BC4DnhHy.png,¥0.50,$0.07,,Punching Poro VEN-007/166 CN ¥0.50 EN $0.07
2026-09-18T19:27:37+00:00,https://bilgewatermarket.com/cards,Ruthless Strike,foil,0.20,https://bilgewatermarket.com/cards/VEN-008?print_variation=foiled,foiled,https://bilgewatermarket.com/assets/VEN-008-EN-QwSBQX3c.png,¥0.86,$0.20,,Ruthless Strike VEN-008/166 Foiled CN ¥0.86 EN $0.20
2026-09-18T19:27:37+00:00,https://bilgewatermarket.com/cards,Ruthless Strike,nonfoil,0.08,https://bilgewatermarket.com/cards/VEN-008,normal,https://bilgewatermarket.com/assets/VEN-008-EN-QwSBQX3c.png,¥0.50,$0.08,,Ruthless Strike VEN-008/166 CN ¥0.50 EN $0.08
2026-09-18T19:27:37+00:00,https://bilgewatermarket.com/cards,Baccai Reaper,foil,0.25,https://bilgewatermarket.com/cards/VEN-009?print_variation=foiled,foiled,https://bilgewatermarket.com/assets/VEN-009-EN-GkgxpQJM.png,¥0.52,$0.25,,Baccai Reaper VEN-009/166 Foiled CN ¥0.52 EN $0.25
2026-09-18T19:27:37+00:00,https://bilgewatermarket.com/cards,Baccai Reaper,nonfoil,0.06,https://bilgewatermarket.com/cards/VEN-009,normal,https://bilgewatermarket.com/assets/VEN-009-EN-GkgxpQJM.png,¥0.50,$0.06,,Baccai Reaper VEN-009/166 CN ¥0.50 EN $0.06
2026-09-18T19:27:37+00:00,https://bilgewatermarket.com/cards,Consuming Curse,foil,0.18,https://bilgewatermarket.com/cards/VEN-010?print_variation=foiled,foiled,https://bilgewatermarket.com/assets/VEN-010-EN-C4KbjOi9.png,¥0.88,$0.18,,Consuming Curse VEN-010/166 Foiled CN ¥0.88 EN $0.18
2026-09-18T19:27:37+00:00,https://bilgewatermarket.com/cards,Consuming Curse,nonfoil,0.10,https://bilgewatermarket.com/cards/VEN-010,normal,https://bilgewatermarket.com/assets/VEN-010-EN-C4KbjOi9.png,¥0.52,$0.10,,Consuming Curse VEN-010/166 CN ¥0.52 EN $0.10
2026-09-18T19:27:37+00:00,https://bilgewatermarket.com/cards,Pendulum Blade,foil,0.32,https://bilgewatermarket.com/cards/VEN-011?print_variation=foiled,foiled,https://bilgewatermarket.com/assets/VEN-011-EN-abjrVRf0.png,¥3.18,$0.32,,Pendulum Blade VEN-011/166 Foiled CN ¥3.18 EN $0.32
2026-09-18T19:27:37+00:00,https://bilgewatermarket.com/cards,Pendulum Blade,nonfoil,0.09,https://bilgewatermarket.com/cards/VEN-011,normal,https://bilgewatermarket.com/assets/VEN-011-EN-abjrVRf0.png,¥1.04,$0.09,,Pendulum Blade VEN-011/166 CN ¥1.04 EN $0.09
2026-09-18T19:27:37+00:00,https://bilgewatermarket.com/cards,Perfect Execution,foil,0.41,https://bilgewatermarket.com/cards/VEN-012?print_variation=foiled,foiled,https://bilgewatermarket.com/assets/VEN-012-EN-DOVssiky.png,¥2.40,$0.41,,Perfect Execution VEN-012/166 Foiled CN ¥2.40 EN $0.41
2026-09-18T19:27:37+00:00,https://bilgewatermarket.com/cards,Perfect Execution,nonfoil,0.10,https://bilgewatermarket.com/cards/VEN-012,normal,https://bilgewatermarket.com/assets/VEN-012-EN-DOVssiky.png,¥1.27,$0.10,,Perfect Execution VEN-012/166 CN ¥1.27 EN $0.10
2026-09-18T19:27:37+00:00,https://bilgewatermarket.com/cards,Shadow Assassin,foil,0.25,https://bilgewatermarket.com/cards/VEN-013?print_variation=foiled,foiled,https://bilgewatermarket.com/assets/VEN-013-EN-Z3fdgB-s.png,¥0.57,$0.25,,Shadow Assassin VEN-013/166 Foiled CN ¥0.57 EN $0.25
2026-09-18T19:27:37+00:00,https://bilgewatermarket.com/cards,Shadow Assassin,nonfoil,0.08,https://bilgewatermarket.com/cards/VEN-013,normal,https://bilgewatermarket.com/assets/VEN-013-EN-Z3fdgB-s.png,¥0.50,$0.08,,Shadow Assassin VEN-013/166 CN ¥0.50 EN $0.08
2026-09-18T19:27:37+00:00,https://bilgewatermarket.com/cards,Shadow Fiend,foil,0.25,https://bilgewatermarket.com/cards/VEN-014?print_variation=foiled,foiled,https://bilgewatermarket.com/assets/VEN-014-EN-BTkAV4rh.png,¥2.20,$0.25,,Shadow Fiend VEN-014/166 Foiled CN ¥2.20 EN $0.25
2026-09-18T19:27:37+00:00,https://bilgewatermarket.com/cards,Shadow Fiend,nonfoil,0.07,https://bilgewatermarket.com/cards/VEN-014,normal,https://bilgewatermarket.com/assets/VEN-014-EN-BTkAV4rh.png,¥0.84,$0.07,,Shadow Fiend VEN-014/166 CN ¥0.84 EN $0.07
2026-09-18T19:27:37+00:00,https://bilgewatermarket.com/cards,Decree of Rage,nonfoil,0.27,https://bilgewatermarket.com/cards/VEN-015,normal,https://bilgewatermarket.com/assets/VEN-015-EN-BsGYYCiU.png,¥3.61,$0.27,,Decree of Rage VEN-015/166 CN ¥3.61 EN $0.27
2026-09-18T19:27:37+00:00,https://bilgewatermarket.com/cards,Eclipse Dragon,nonfoil,0.12,https://bilgewatermarket.com/cards/VEN-016,normal,https://bilgewatermarket.com/assets/VEN-016-EN-BuFaigBn.png,¥0.63,$0.12,,Eclipse Dragon VEN-016/166 CN ¥0.63 EN $0.12
2026-09-18T19:27:37+00:00,https://bilgewatermarket.com/cards,"Morgana, Vindictive",nonfoil,0.14,https://bilgewatermarket.com/cards/VEN-017,normal,https://bilgewatermarket.com/assets/VEN-017-EN-8wnGKgvv.png,¥0.82,$0.14,,"Morgana, Vindictive VEN-017/166 CN ¥0.82 EN $0.14"
2026-09-18T19:27:37+00:00,https://bilgewatermarket.com/cards,Rage Amplifier,nonfoil,0.16,https://bilgewatermarket.com/cards/VEN-018,normal,https://bilgewatermarket.com/assets/VEN-018-EN-RmQ_A8Q3.png,¥0.67,$0.16,,Rage Amplifier VEN-018/166 CN ¥0.67 EN $0.16
2026-09-18T19:27:37+00:00,https://bilgewatermarket.com/cards,"Renekton, Rage Fueled",nonfoil,0.12,https://bilgewatermarket.com/cards/VEN-019,normal,https://bilgewatermarket.com/assets/VEN-019-EN-DL0bY2ZM.png,¥0.65,$0.12,,"Renekton, Rage Fueled VEN-019/166 CN ¥0.65 EN $0.12"
2026-09-18T19:27:37+00:00,https://bilgewatermarket.com/cards,"Renekton, Rage Fueled",nonfoil,1.17,https://bilgewatermarket.com/cards/VEN-019a?print_variation=showcase,showcase,https://bilgewatermarket.com/assets/VEN-019a-EN-BnEfMIC6.png,¥3.74,$1.17,,"Renekton, Rage Fueled VEN-019A/166 Showcase CN ¥3.74 EN $1.17"
2026-09-18T19:27:37+00:00,https://bilgewatermarket.com/cards,Twilight Reveler,nonfoil,0.21,https://bilgewatermarket.com/cards/VEN-020,normal,https://bilgewatermarket.com/assets/VEN-020-EN-CMJPOZWt.png,¥2.79,$0.21,,Twilight Reveler VEN-020/166 CN ¥2.79 EN $0.21
2026-09-18T19:27:37+00:00,https://bilgewatermarket.com/cards,"Akali, Deadly Weapon",nonfoil,0.89,https://bilgewatermarket.com/cards/VEN-021,normal,https://bilgewatermarket.com/assets/VEN-021-EN-C07AHWS6.png,¥7.60,$0.89,,"Akali, Deadly Weapon VEN-021/166 CN ¥7.60 EN $0.89"
2026-09-18T19:27:37+00:00,https://bilgewatermarket.com/cards,"Akali, Deadly Weapon",nonfoil,15.73,https://bilgewatermarket.com/cards/VEN-021a?print_variation=showcase,showcase,https://bilgewatermarket.com/assets/VEN-021a-EN-DqhHd3uM.png,¥29.62,$15.73,,"Akali, Deadly Weapon VEN-021A/166 Showcase CN ¥29.62 EN $15.73"
2026-09-18T19:27:37+00:00,https://bilgewatermarket.com/cards,Endless Riches,nonfoil,1.11,https://bilgewatermarket.com/cards/VEN-022,normal,https://bilgewatermarket.com/assets/VEN-022-EN-rRxduvKk.png,¥4.28,$1.11,,Endless Riches VEN-022/166 CN ¥4.28 EN $1.11
2026-09-18T19:27:37+00:00,https://bilgewatermarket.com/cards,"Zed, From the Shadows",nonfoil,0.55,https://bilgewatermarket.com/cards/VEN-023,normal,https://bilgewatermarket.com/assets/VEN-023-EN-9vllZTnU.png,¥4.61,$0.55,,"Zed, From the Shadows VEN-023/166 CN ¥4.61 EN $0.55"
2026-09-18T19:27:37+00:00,https://bilgewatermarket.com/cards,"Zed, From the Shadows",nonfoil,3.08,https://bilgewatermarket.com/cards/VEN-023a?print_variation=showcase,showcase,https://bilgewatermarket.com/assets/VEN-023a-EN-C2qiG0ec.png,¥8.93,$3.08,,"Zed, From the Shadows VEN-023A/166 Showcase CN ¥8.93 EN $3.08"
2026-09-18T19:27:37+00:00,https://bilgewatermarket.com/cards,Affectionate Poro,foil,0.22,https://bilgewatermarket.com/cards/VEN-024?print_variation=foiled,foiled,https://bilgewatermarket.com/assets/VEN-024-EN-DH64eq9Y.png,¥0.82,$0.22,,Affectionate Poro VEN-024/166 Foiled CN ¥0.82 EN $0.22
2026-09-18T19:27:37+00:00,https://bilgewatermarket.com/cards,Affectionate Poro,nonfoil,0.06,https://bilgewatermarket.com/cards/VEN-024,normal,https://bilgewatermarket.com/assets/VEN-024-EN-DH64eq9Y.png,¥0.51,$0.06,,Affectionate Poro VEN-024/166 CN ¥0.51 EN $0.06
2026-09-18T19:27:37+00:00,https://bilgewatermarket.com/cards,Esteemed Hierophant,foil,0.10,https://bilgewatermarket.com/cards/VEN-025?print_variation=foiled,foiled,https://bilgewatermarket.com/assets/VEN-025-EN-CdKDhYdf.png,¥0.50,$0.10,,Esteemed Hierophant VEN-025/166 Foiled CN ¥0.50 EN $0.10
2026-09-18T19:27:37+00:00,https://bilgewatermarket.com/cards,Esteemed Hierophant,nonfoil,0.04,https://bilgewatermarket.com/cards/VEN-025,normal,https://bilgewatermarket.com/assets/VEN-025-EN-CdKDhYdf.png,¥0.51,$0.04,,Esteemed Hierophant VEN-025/166 CN ¥0.51 EN $0.04
2026-09-18T19:27:37+00:00,https://bilgewatermarket.com/cards,Field Musicians,foil,0.10,https://bilgewatermarket.com/cards/VEN-026?print_variation=foiled,foiled,https://bilgewatermarket.com/assets/VEN-026-EN-DM1O5HO-.png,¥0.55,$0.10,,Field Musicians VEN-026/166 Foiled CN ¥0.55 EN $0.10
2026-09-18T19:27:37+00:00,https://bilgewatermarket.com/cards,Field Musicians,nonfoil,0.05,https://bilgewatermarket.com/cards/VEN-026,normal,https://bilgewatermarket.com/assets/VEN-026-EN-DM1O5HO-.png,¥0.50,$0.05,,Field Musicians VEN-026/166 CN ¥0.50 EN $0.05
2026-09-18T19:27:37+00:00,https://bilgewatermarket.com/cards,Hand Hammer,foil,0.28,https://bilgewatermarket.com/cards/VEN-027?print_variation=foiled,foiled,https://bilgewatermarket.com/assets/VEN-027-EN-CiHmLLkz.png,¥0.96,$0.28,,Hand Hammer VEN-027/166 Foiled CN ¥0.96 EN $0.28
2026-09-18T19:27:37+00:00,https://bilgewatermarket.com/cards,Hand Hammer,nonfoil,0.05,https://bilgewatermarket.com/cards/VEN-027,normal,https://bilgewatermarket.com/assets/VEN-027-EN-CiHmLLkz.png,¥0.55,$0.05,,Hand Hammer VEN-027/166 CN ¥0.55 EN $0.05
2026-09-18T19:27:37+00:00,https://bilgewatermarket.com/cards,Mournful Witness,foil,0.29,https://bilgewatermarket.com/cards/VEN-028?print_variation=foiled,foiled,https://bilgewatermarket.com/assets/VEN-028-EN-2bCFb-MU.png,¥2.65,$0.29,,Mournful Witness VEN-028/166 Foiled CN ¥2.65 EN $0.29
2026-09-18T19:27:37+00:00,https://bilgewatermarket.com/cards,Mournful Witness,nonfoil,0.08,https://bilgewatermarket.com/cards/VEN-028,normal,https://bilgewatermarket.com/assets/VEN-028-EN-2bCFb-MU.png,¥0.53,$0.08,,Mournful Witness VEN-028/166 CN ¥0.53 EN $0.08
2026-09-18T19:27:37+00:00,https://bilgewatermarket.com/cards,Ol' Poro,foil,0.30,https://bilgewatermarket.com/cards/VEN-029?print_variation=foiled,foiled,https://bilgewatermarket.com/assets/VEN-029-EN-KWJAVihx.png,¥0.57,$0.30,,Ol' Poro VEN-029/166 Foiled CN ¥0.57 EN $0.30
2026-09-18T19:27:37+00:00,https://bilgewatermarket.com/cards,Ol' Poro,nonfoil,0.08,https://bilgewatermarket.com/cards/VEN-029,normal,https://bilgewatermarket.com/assets/VEN-029-EN-KWJAVihx.png,¥0.50,$0.08,,Ol' Poro VEN-029/166 CN ¥0.50 EN $0.08
2026-09-18T19:27:37+00:00,https://bilgewatermarket.com/cards,Serene Ascetic,foil,0.15,https://bilgewatermarket.com/cards/VEN-030?print_variation=foiled,foiled,https://bilgewatermarket.com/assets/VEN-030-EN-COobBbuO.png,¥0.51,$0.15,,Serene Ascetic VEN-030/166 Foiled CN ¥0.51 EN $0.15
2026-09-18T19:27:37+00:00,https://bilgewatermarket.com/cards,Serene Ascetic,nonfoil,0.04,https://bilgewatermarket.com/cards/VEN-030,normal,https://bilgewatermarket.com/assets/VEN-030-EN-COobBbuO.png,¥0.50,$0.04,,Serene Ascetic VEN-030/166 CN ¥0.50 EN $0.04
2026-09-18T19:27:37+00:00,https://bilgewatermarket.com/cards,Twilight Shroud,foil,0.30,https://bilgewatermarket.com/cards/VEN-031?print_variation=foiled,foiled,https://bilgewatermarket.com/assets/VEN-031-EN-gTBfzKTy.png,¥3.28,$0.30,,Twilight Shroud VEN-031/166 Foiled CN ¥3.28 EN $0.30
2026-09-18T19:27:37+00:00,https://bilgewatermarket.com/cards,Twilight Shroud,nonfoil,0.06,https://bilgewatermarket.com/cards/VEN-031,normal,https://bilgewatermarket.com/assets/VEN-031-EN-gTBfzKTy.png,¥1.15,$0.06,,Twilight Shroud VEN-031/166 CN ¥1.15 EN $0.06
2026-09-18T19:27:37+00:00,https://bilgewatermarket.com/cards,Frostcoat Mother,foil,0.24,https://bilgewatermarket.com/cards/VEN-032?print_variation=foiled,foiled,https://bilgewatermarket.com/assets/VEN-032-EN-tr67-nkz.png,¥1.02,$0.24,,Frostcoat Mother VEN-032/166 Foiled CN ¥1.02 EN $0.24
2026-09-18T19:27:37+00:00,https://bilgewatermarket.com/cards,Frostcoat Mother,nonfoil,0.07,https://bilgewatermarket.com/cards/VEN-032,normal,https://bilgewatermarket.com/assets/VEN-032-EN-tr67-nkz.png,¥0.56,$0.07,,Frostcoat Mother VEN-032/166 CN ¥0.56 EN $0.07
2026-09-18T19:27:37+00:00,https://bilgewatermarket.com/cards,Pakaa Protector,foil,0.26,https://bilgewatermarket.com/cards/VEN-033?print_variation=foiled,foiled,https://bilgewatermarket.com/assets/VEN-033-EN-DXvB-R4_.png,¥0.55,$0.26,,Pakaa Protector VEN-033/166 Foiled CN ¥0.55 EN $0.26
2026-09-18T19:27:37+00:00,https://bilgewatermarket.com/cards,Pakaa Protector,nonfoil,0.07,https://bilgewatermarket.com/cards/VEN-033,normal,https://bilgewatermarket.com/assets/VEN-033-EN-DXvB-R4_.png,¥0.50,$0.07,,Pakaa Protector VEN-033/166 CN ¥0.50 EN $0.07
2026-09-18T19:27:37+00:00,https://bilgewatermarket.com/cards,Resonating Strike,foil,0.30,https://bilgewatermarket.com/cards/VEN-034?print_variation=foiled,foiled,https://bilgewatermarket.com/assets/VEN-034-EN-CKOawcph.png,¥2.00,$0.30,,Resonating Strike VEN-034/166 Foiled CN ¥2.00 EN $0.30
2026-09-18T19:27:37+00:00,https://bilgewatermarket.com/cards,Resonating Strike,nonfoil,0.13,https://bilgewatermarket.com/cards/VEN-034,normal,https://bilgewatermarket.com/assets/VEN-034-EN-CKOawcph.png,¥1.09,$0.13,,Resonating Strike VEN-034/166 CN ¥1.09 EN $0.13
2026-09-18T19:27:37+00:00,https://bilgewatermarket.com/cards,Sanction,foil,0.26,https://bilgewatermarket.com/cards/VEN-035?print_variation=foiled,foiled,https://bilgewatermarket.com/assets/VEN-035-EN-DQiTZ1ig.png,¥1.20,$0.26,,Sanction VEN-035/166 Foiled CN ¥1.20 EN $0.26
2026-09-18T19:27:37+00:00,https://bilgewatermarket.com/cards,Sanction,nonfoil,0.08,https://bilgewatermarket.com/cards/VEN-035,normal,https://bilgewatermarket.com/assets/VEN-035-EN-DQiTZ1ig.png,¥0.53,$0.08,,Sanction VEN-035/166 CN ¥0.53 EN $0.08
2026-09-18T19:27:37+00:00,https://bilgewatermarket.com/cards,Sandstone Chimera,foil,0.17,https://bilgewatermarket.com/cards/VEN-036?print_variation=foiled,foiled,https://bilgewatermarket.com/assets/VEN-036-EN-DNCwMOMs.png,¥1.02,$0.17,,Sandstone Chimera VEN-036/166 Foiled CN ¥1.02 EN $0.17
2026-09-18T19:27:37+00:00,https://bilgewatermarket.com/cards,Sandstone Chimera,nonfoil,0.05,https://bilgewatermarket.com/cards/VEN-036,normal,https://bilgewatermarket.com/assets/VEN-036-EN-DNCwMOMs.png,¥0.50,$0.05,,Sandstone Chimera VEN-036/166 CN ¥0.50 EN $0.05
2026-09-18T19:27:37+00:00,https://bilgewatermarket.com/cards,Tomb-Raider Barbara,foil,0.38,https://bilgewatermarket.com/cards/VEN-037?print_variation=foiled,foiled,https://bilgewatermarket.com/assets/VEN-037-EN-Di1ikYYh.png,¥1.98,$0.38,,Tomb-Raider Barbara VEN-037/166 Foiled CN ¥1.98 EN $0.38
2026-09-18T19:27:37+00:00,https://bilgewatermarket.com/cards,Tomb-Raider Barbara,nonfoil,0.13,https://bilgewatermarket.com/cards/VEN-037,normal,https://bilgewatermarket.com/assets/VEN-037-EN-Di1ikYYh.png,¥0.84,$0.13,,Tomb-Raider Barbara VEN-037/166 CN ¥0.84 EN $0.13
2026-09-18T19:27:37+00:00,https://bilgewatermarket.com/cards,"Akali, Silent",nonfoil,0.31,https://bilgewatermarket.com/cards/VEN-038,normal,https://bilgewatermarket.com/assets/VEN-038-EN-BX81ymB0.png,¥2.42,$0.31,,"Akali, Silent VEN-038/166 CN ¥2.42 EN $0.31"
2026-09-18T19:27:37+00:00,https://bilgewatermarket.com/cards,"Akali, Silent",nonfoil,11.57,https://bilgewatermarket.com/cards/VEN-038a?print_variation=showcase,showcase,https://bilgewatermarket.com/assets/VEN-038a-EN-Db18MocF.png,¥32.12,$11.57,,"Akali, Silent VEN-038A/166 Showcase CN ¥32.12 EN $11.57"
2026-09-18T19:27:37+00:00,https://bilgewatermarket.com/cards,Crumbling Sands,nonfoil,0.21,https://bilgewatermarket.com/cards/VEN-039,normal,https://bilgewatermarket.com/assets/VEN-039-EN-BkBKpeBC.png,¥3.83,$0.21,,Crumbling Sands VEN-039/166 CN ¥3.83 EN $0.21
2026-09-18T19:27:37+00:00,https://bilgewatermarket.com/cards,Decree of Focus,nonfoil,0.35,https://bilgewatermarket.com/cards/VEN-040,normal,https://bilgewatermarket.com/assets/VEN-040-EN-BBaQ8vdf.png,¥3.57,$0.35,,Decree of Focus VEN-040/166 CN ¥3.57 EN $0.35
2026-09-18T19:27:37+00:00,https://bilgewatermarket.com/cards,"Riven, Shattered",nonfoil,0.25,https://bilgewatermarket.com/cards/VEN-041,normal,https://bilgewatermarket.com/assets/VEN-041-EN-Bvbbssj_.png,¥0.56,$0.25,,"Riven, Shattered VEN-041/166 CN ¥0.56 EN $0.25"
2026-09-18T19:27:37+00:00,https://bilgewatermarket.com/cards,"Shen, Scourge of Shadows",nonfoil,0.12,https://bilgewatermarket.com/cards/VEN-042,normal,https://bilgewatermarket.com/assets/VEN-042-EN-DB0f2liY.png,¥0.67,$0.12,,"Shen, Scourge of Shadows VEN-042/166 CN ¥0.67 EN $0.12"
2026-09-18T19:27:37+00:00,https://bilgewatermarket.com/cards,"Shen, Scourge of Shadows",nonfoil,0.98,https://bilgewatermarket.com/cards/VEN-042a?print_variation=showcase,showcase,https://bilgewatermarket.com/assets/VEN-042a-EN-CmIMdxRz.png,¥2.44,$0.98,,"Shen, Scourge of Shadows VEN-042A/166 Showcase CN ¥2.44 EN $0.98"
2026-09-18T19:27:37+00:00,https://bilgewatermarket.com/cards,Steel Paws,nonfoil,0.32,https://bilgewatermarket.com/cards/VEN-043,normal,https://bilgewatermarket.com/assets/VEN-043-EN-D3rM5hd3.png,¥2.30,$0.32,,Steel Paws VEN-043/166 CN ¥2.30 EN $0.32
2026-09-18T19:27:37+00:00,https://bilgewatermarket.com/cards,Astral Heron,nonfoil,54.15,https://bilgewatermarket.com/cards/VEN-044,normal,https://bilgewatermarket.com/assets/VEN-044-EN-DoJyXdAU.png,¥131.67,$54.15,,Astral Heron VEN-044/166 CN ¥131.67 EN $54.15
2026-09-18T19:27:37+00:00,https://bilgewatermarket.com/cards,Helm of Suppression,nonfoil,3.62,https://bilgewatermarket.com/cards/VEN-045,normal,https://bilgewatermarket.com/assets/VEN-045-EN-Cc1MGZba.png,¥9.97,$3.62,,Helm of Suppression VEN-045/166 CN ¥9.97 EN $3.62
2026-09-18T19:27:37+00:00,https://bilgewatermarket.com/cards,"Nasus, Ascended",nonfoil,0.64,https://bilgewatermarket.com/cards/VEN-046,normal,https://bilgewatermarket.com/assets/VEN-046-EN-Kl4d9GPB.png,¥3.31,$0.64,,"Nasus, Ascended VEN-046/166 CN ¥3.31 EN $0.64"
2026-09-18T19:27:37+00:00,https://bilgewatermarket.com/cards,"Nasus, Ascended",nonfoil,2.40,https://bilgewatermarket.com/cards/VEN-046a?print_variation=showcase,showcase,https://bilgewatermarket.com/assets/VEN-046a-EN-DNtt-B1N.png,¥12.63,$2.40,,"Nasus, Ascended VEN-046A/166 Showcase CN ¥12.63 EN $2.40"
2026-09-18T19:27:37+00:00,https://bilgewatermarket.com/cards,Apprentice Mage,foil,0.16,https://bilgewatermarket.com/cards/VEN-047?print_variation=foiled,foiled,https://bilgewatermarket.com/assets/VEN-047-EN-IKhxvAeH.png,¥0.52,$0.16,,Apprentice Mage VEN-047/166 Foiled CN ¥0.52 EN $0.16
2026-09-18T19:27:37+00:00,https://bilgewatermarket.com/cards,Apprentice Mage,nonfoil,0.04,https://bilgewatermarket.com/cards/VEN-047,normal,https://bilgewatermarket.com/assets/VEN-047-EN-IKhxvAeH.png,¥0.50,$0.04,,Apprentice Mage VEN-047/166 CN ¥0.50 EN $0.04
2026-09-18T19:27:37+00:00,https://bilgewatermarket.com/cards,Cloud Drake,foil,0.19,https://bilgewatermarket.com/cards/VEN-048?print_variation=foiled,foiled,https://bilgewatermarket.com/assets/VEN-048-EN-WGFx_9br.png,¥0.50,$0.19,,Cloud Drake VEN-048/166 Foiled CN ¥0.50 EN $0.19
2026-09-18T19:27:37+00:00,https://bilgewatermarket.com/cards,Cloud Drake,nonfoil,0.04,https://bilgewatermarket.com/cards/VEN-048,normal,https://bilgewatermarket.com/assets/VEN-048-EN-WGFx_9br.png,¥0.50,$0.04,,Cloud Drake VEN-048/166 CN ¥0.50 EN $0.04
2026-09-18T19:27:37+00:00,https://bilgewatermarket.com/cards,Dredge Up,foil,0.43,https://bilgewatermarket.com/cards/VEN-049?print_variation=foiled,foiled,https://bilgewatermarket.com/assets/VEN-049-EN-B_ePmYth.png,¥1.91,$0.43,,Dredge Up VEN-049/166 Foiled CN ¥1.91 EN $0.43
2026-09-18T19:27:37+00:00,https://bilgewatermarket.com/cards,Dredge Up,nonfoil,0.09,https://bilgewatermarket.com/cards/VEN-049,normal,https://bilgewatermarket.com/assets/VEN-049-EN-B_ePmYth.png,¥0.55,$0.09,,Dredge Up VEN-049/166 CN ¥0.55 EN $0.09
2026-09-18T19:27:37+00:00,https://bilgewatermarket.com/cards,Grumpy Rockbear,foil,0.13,https://bilgewatermarket.com/cards/VEN-050?print_variation=foiled,foiled,https://bilgewatermarket.com/assets/VEN-050-EN-DsmQ1aGy.png,¥0.64,$0.13,,Grumpy Rockbear VEN-050/166 Foiled CN ¥0.64 EN $0.13
2026-09-18T19:27:37+00:00,https://bilgewatermarket.com/cards,Grumpy Rockbear,nonfoil,0.05,https://bilgewatermarket.com/cards/VEN-050,normal,https://bilgewatermarket.com/assets/VEN-050-EN-DsmQ1aGy.png,¥0.50,$0.05,,Grumpy Rockbear VEN-050/166 CN ¥0.50 EN $0.05
2026-09-18T19:27:37+00:00,https://bilgewatermarket.com/cards,Iterative Design,foil,0.24,https://bilgewatermarket.com/cards/VEN-051?print_variation=foiled,foiled,https://bilgewatermarket.com/assets/VEN-051-EN-MrRDJaWe.png,¥0.66,$0.24,,Iterative Design VEN-051/166 Foiled CN ¥0.66 EN $0.24
2026-09-18T19:27:37+00:00,https://bilgewatermarket.com/cards,Iterative Design,nonfoil,0.07,https://bilgewatermarket.com/cards/VEN-051,normal,https://bilgewatermarket.com/assets/VEN-051-EN-MrRDJaWe.png,¥0.66,$0.07,,Iterative Design VEN-051/166 CN ¥0.66 EN $0.07
2026-09-18T19:27:37+00:00,https://bilgewatermarket.com/cards,Mesmerize,foil,0.30,https://bilgewatermarket.com/cards/VEN-052?print_variation=foiled,foiled,https://bilgewatermarket.com/assets/VEN-052-EN-DXojzohb.png,¥1.00,$0.30,,Mesmerize VEN-052/166 Foiled CN ¥1.00 EN $0.30
2026-09-18T19:27:37+00:00,https://bilgewatermarket.com/cards,Mesmerize,nonfoil,0.12,https://bilgewatermarket.com/cards/VEN-052,normal,https://bilgewatermarket.com/assets/VEN-052-EN-DXojzohb.png,¥0.50,$0.12,,Mesmerize VEN-052/166 CN ¥0.50 EN $0.12
2026-09-18T19:27:37+00:00,https://bilgewatermarket.com/cards,Otterpus,foil,0.17,https://bilgewatermarket.com/cards/VEN-053?print_variation=foiled,foiled,https://bilgewatermarket.com/assets/VEN-053-EN-wfW1Layq.png,¥0.95,$0.17,,Otterpus VEN-053/166 Foiled CN ¥0.95 EN $0.17
2026-09-18T19:27:37+00:00,https://bilgewatermarket.com/cards,Otterpus,nonfoil,0.10,https://bilgewatermarket.com/cards/VEN-053,normal,https://bilgewatermarket.com/assets/VEN-053-EN-wfW1Layq.png,¥0.50,$0.10,,Otterpus VEN-053/166 CN ¥0.50 EN $0.10
2026-09-18T19:27:37+00:00,https://bilgewatermarket.com/cards,Questionable Tome,foil,0.36,https://bilgewatermarket.com/cards/VEN-054?print_variation=foiled,foiled,https://bilgewatermarket.com/assets/VEN-054-EN-WKHM6QTR.png,¥1.12,$0.36,,Questionable Tome VEN-054/166 Foiled CN ¥1.12 EN $0.36
2026-09-18T19:27:37+00:00,https://bilgewatermarket.com/cards,Questionable Tome,nonfoil,0.06,https://bilgewatermarket.com/cards/VEN-054,normal,https://bilgewatermarket.com/assets/VEN-054-EN-WKHM6QTR.png,¥0.53,$0.06,,Questionable Tome VEN-054/166 CN ¥0.53 EN $0.06
2026-09-18T19:27:37+00:00,https://bilgewatermarket.com/cards,Applied Researchers,foil,0.73,https://bilgewatermarket.com/cards/VEN-055?print_variation=foiled,foiled,https://bilgewatermarket.com/assets/VEN-055-EN-BT5B6yNz.png,¥2.23,$0.73,,Applied Researchers VEN-055/166 Foiled CN ¥2.23 EN $0.73
2026-09-18T19:27:37+00:00,https://bilgewatermarket.com/cards,Applied Researchers,nonfoil,0.14,https://bilgewatermarket.com/cards/VEN-055,normal,https://bilgewatermarket.com/assets/VEN-055-EN-BT5B6yNz.png,¥1.00,$0.14,,Applied Researchers VEN-055/166 CN ¥1.00 EN $0.14
2026-09-18T19:27:37+00:00,https://bilgewatermarket.com/cards,Clairvoyance,foil,0.26,https://bilgewatermarket.com/cards/VEN-056?print_variation=foiled,foiled,https://bilgewatermarket.com/assets/VEN-056-EN-DZNiFWB9.png,¥2.75,$0.26,,Clairvoyance VEN-056/166 Foiled CN ¥2.75 EN $0.26
2026-09-18T19:27:37+00:00,https://bilgewatermarket.com/cards,Clairvoyance,nonfoil,0.15,https://bilgewatermarket.com/cards/VEN-056,normal,https://bilgewatermarket.com/assets/VEN-056-EN-DZNiFWB9.png,¥1.23,$0.15,,Clairvoyance VEN-056/166 CN ¥1.23 EN $0.15
2026-09-18T19:27:37+00:00,https://bilgewatermarket.com/cards,Covert Informant,foil,0.21,https://bilgewatermarket.com/cards/VEN-057?print_variation=foiled,foiled,https://bilgewatermarket.com/assets/VEN-057-EN-t70vRLK_.png,¥1.01,$0.21,,Covert Informant VEN-057/166 Foiled CN ¥1.01 EN $0.21
2026-09-18T19:27:37+00:00,https://bilgewatermarket.com/cards,Covert Informant,nonfoil,0.07,https://bilgewatermarket.com/cards/VEN-057,normal,https://bilgewatermarket.com/assets/VEN-057-EN-t70vRLK_.png,¥0.50,$0.07,,Covert Informant VEN-057/166 CN ¥0.50 EN $0.07
2026-09-18T19:27:37+00:00,https://bilgewatermarket.com/cards,Patched Porobot,foil,0.60,https://bilgewatermarket.com/cards/VEN-058?print_variation=foiled,foiled,https://bilgewatermarket.com/assets/VEN-058-EN-i_v0R9Mh.png,¥3.53,$0.60,,Patched Porobot VEN-058/166 Foiled CN ¥3.53 EN $0.60
2026-09-18T19:27:37+00:00,https://bilgewatermarket.com/cards,Patched Porobot,nonfoil,0.17,https://bilgewatermarket.com/cards/VEN-058,normal,https://bilgewatermarket.com/assets/VEN-058-EN-i_v0R9Mh.png,¥1.90,$0.17,,Patched Porobot VEN-058/166 CN ¥1.90 EN $0.17
2026-09-18T19:27:37+00:00,https://bilgewatermarket.com/cards,Shock Blast,foil,0.43,https://bilgewatermarket.com/cards/VEN-059?print_variation=foiled,foiled,https://bilgewatermarket.com/assets/VEN-059-EN-wy9ej77B.png,¥3.09,$0.43,,Shock Blast VEN-059/166 Foiled CN ¥3.09 EN $0.43
2026-09-18T19:27:37+00:00,https://bilgewatermarket.com/cards,Shock Blast,nonfoil,0.10,https://bilgewatermarket.com/cards/VEN-059,normal,https://bilgewatermarket.com/assets/VEN-059-EN-wy9ej77B.png,¥0.98,$0.10,,Shock Blast VEN-059/166 CN ¥0.98 EN $0.10
2026-09-18T19:27:37+00:00,https://bilgewatermarket.com/cards,Sky Cruiser,foil,0.12,https://bilgewatermarket.com/cards/VEN-060?print_variation=foiled,foiled,https://bilgewatermarket.com/assets/VEN-060-EN-CmvVMeEj.png,¥0.52,$0.12,,Sky Cruiser VEN-060/166 Foiled CN ¥0.52 EN $0.12
2026-09-18T19:27:37+00:00,https://bilgewatermarket.com/cards,Sky Cruiser,nonfoil,0.07,https://bilgewatermarket.com/cards/VEN-060,normal,https://bilgewatermarket.com/assets/VEN-060-EN-CmvVMeEj.png,¥0.50,$0.07,,Sky Cruiser VEN-060/166 CN ¥0.50 EN $0.07
2026-09-18T19:27:37+00:00,https://bilgewatermarket.com/cards,Decree of Insight,nonfoil,0.36,https://bilgewatermarket.com/cards/VEN-061,normal,https://bilgewatermarket.com/assets/VEN-061-EN-Do6MPRUG.png,¥3.49,$0.36,,Decree of Insight VEN-061/166 CN ¥3.49 EN $0.36
2026-09-18T19:27:37+00:00,https://bilgewatermarket.com/cards,Hextech Formula,nonfoil,0.16,https://bilgewatermarket.com/cards/VEN-062,normal,https://bilgewatermarket.com/assets/VEN-062-EN-BnHJRos-.png,¥0.96,$0.16,,Hextech Formula VEN-062/166 CN ¥0.96 EN $0.16
2026-09-18T19:27:37+00:00,https://bilgewatermarket.com/cards,"Nasus, Guardian of Knowledge",nonfoil,0.12,https://bilgewatermarket.com/cards/VEN-063,normal,https://bilgewatermarket.com/assets/VEN-063-EN-DqS1r1N9.png,¥0.59,$0.12,,"Nasus, Guardian of Knowledge VEN-063/166 CN ¥0.59 EN $0.12"
2026-09-18T19:27:37+00:00,https://bilgewatermarket.com/cards,"Nasus, Guardian of Knowledge",nonfoil,1.12,https://bilgewatermarket.com/cards/VEN-063a?print_variation=showcase,showcase,https://bilgewatermarket.com/assets/VEN-063a-EN-pRvjhPfW.png,¥3.44,$1.12,,"Nasus, Guardian of Knowledge VEN-063A/166 Showcase CN ¥3.44 EN $1.12"
2026-09-18T19:27:37+00:00,https://bilgewatermarket.com/cards,Plaza Guardian,nonfoil,0.17,https://bilgewatermarket.com/cards/VEN-064,normal,https://bilgewatermarket.com/assets/VEN-064-EN-DvBVQ6iF.png,¥0.70,$0.17,,Plaza Guardian VEN-064/166 CN ¥0.70 EN $0.17
2026-09-18T19:27:37+00:00,https://bilgewatermarket.com/cards,"Swain, Visionary",nonfoil,0.21,https://bilgewatermarket.com/cards/VEN-065,normal,https://bilgewatermarket.com/assets/VEN-065-EN-DvT4ExBY.png,¥2.06,$0.21,,"Swain, Visionary VEN-065/166 CN ¥2.06 EN $0.21"
2026-09-18T19:27:37+00:00,https://bilgewatermarket.com/cards,Temporal Breach,nonfoil,0.63,https://bilgewatermarket.com/cards/VEN-066,normal,https://bilgewatermarket.com/assets/VEN-066-EN-beejkN42.png,¥10.17,$0.63,,Temporal Breach VEN-066/166 CN ¥10.17 EN $0.63
2026-09-18T19:27:37+00:00,https://bilgewatermarket.com/cards,Bottled Constellation,nonfoil,0.55,https://bilgewatermarket.com/cards/VEN-067,normal,https://bilgewatermarket.com/assets/VEN-067-EN-DNHLa_rY.png,¥2.45,$0.55,,Bottled Constellation VEN-067/166 CN ¥2.45 EN $0.55
2026-09-18T19:27:37+00:00,https://bilgewatermarket.com/cards,"Jayce, Brilliant Inventor",nonfoil,0.56,https://bilgewatermarket.com/cards/VEN-068,normal,https://bilgewatermarket.com/assets/VEN-068-EN-Dtumw_Zz.png,¥2.99,$0.56,,"Jayce, Brilliant Inventor VEN-068/166 CN ¥2.99 EN $0.56"
2026-09-18T19:27:37+00:00,https://bilgewatermarket.com/cards,"Jayce, Brilliant Inventor",nonfoil,1.47,https://bilgewatermarket.com/cards/VEN-068a?print_variation=showcase,showcase,https://bilgewatermarket.com/assets/VEN-068a-EN-BXlDNQr4.png,¥7.04,$1.47,,"Jayce, Brilliant Inventor VEN-068A/166 Showcase CN ¥7.04 EN $1.47"
2026-09-18T19:27:37+00:00,https://bilgewatermarket.com/cards,"Mel, Newly Awakened",nonfoil,1.06,https://bilgewatermarket.com/cards/VEN-069,normal,https://bilgewatermarket.com/assets/VEN-069-EN-COmTRmaG.png,¥5.69,$1.06,,"Mel, Newly Awakened VEN-069/166 CN ¥5.69 EN $1.06"
2026-09-18T19:27:37+00:00,https://bilgewatermarket.com/cards,"Mel, Newly Awakened",nonfoil,3.46,https://bilgewatermarket.com/cards/VEN-069a?print_variation=showcase,showcase,https://bilgewatermarket.com/assets/VEN-069a-EN-BgBHxMWH.png,¥11.67,$3.46,,"Mel, Newly Awakened VEN-069A/166 Showcase CN ¥11.67 EN $3.46"
2026-09-18T19:27:37+00:00,https://bilgewatermarket.com/cards,Brutal Hunter,foil,0.15,https://bilgewatermarket.com/cards/VEN-070?print_variation=foiled,foiled,https://bilgewatermarket.com/assets/VEN-070-EN-BBw0JrIr.png,¥0.51,$0.15,,Brutal Hunter VEN-070/166 Foiled CN ¥0.51 EN $0.15
2026-09-18T19:27:37+00:00,https://bilgewatermarket.com/cards,Brutal Hunter,nonfoil,0.05,https://bilgewatermarket.com/cards/VEN-070,normal,https://bilgewatermarket.com/assets/VEN-070-EN-BBw0JrIr.png,¥0.50,$0.05,,Brutal Hunter VEN-070/166 CN ¥0.50 EN $0.05
2026-09-18T19:27:37+00:00,https://bilgewatermarket.com/cards,Fretful Feline,foil,0.14,https://bilgewatermarket.com/cards/VEN-071?print_variation=foiled,foiled,https://bilgewatermarket.com/assets/VEN-071-EN-Do7lfOl3.png,¥0.50,$0.14,,Fretful Feline VEN-071/166 Foiled CN ¥0.50 EN $0.14
2026-09-18T19:27:37+00:00,https://bilgewatermarket.com/cards,Fretful Feline,nonfoil,0.04,https://bilgewatermarket.com/cards/VEN-071,normal,https://bilgewatermarket.com/assets/VEN-071-EN-Do7lfOl3.png,¥0.50,$0.04,,Fretful Feline VEN-071/166 CN ¥0.50 EN $0.04
2026-09-18T19:27:37+00:00,https://bilgewatermarket.com/cards,Guttural Roar,foil,0.24,https://bilgewatermarket.com/cards/VEN-072?print_variation=foiled,foiled,https://bilgewatermarket.com/assets/VEN-072-EN-BmIr8-tQ.png,¥1.08,$0.24,,Guttural Roar VEN-072/166 Foiled CN ¥1.08 EN $0.24
2026-09-18T19:27:37+00:00,https://bilgewatermarket.com/cards,Guttural Roar,nonfoil,0.06,https://bilgewatermarket.com/cards/VEN-072,normal,https://bilgewatermarket.com/assets/VEN-072-EN-BmIr8-tQ.png,¥0.51,$0.06,,Guttural Roar VEN-072/166 CN ¥0.51 EN $0.06
2026-09-18T19:27:37+00:00,https://bilgewatermarket.com/cards,Jagged Cutlass,foil,0.18,https://bilgewatermarket.com/cards/VEN-073?print_variation=foiled,foiled,https://bilgewatermarket.com/assets/VEN-073-EN-i0eR0RLy.png,¥0.61,$0.18,,Jagged Cutlass VEN-073/166 Foiled CN ¥0.61 EN $0.18
2026-09-18T19:27:37+00:00,https://bilgewatermarket.com/cards,Jagged Cutlass,nonfoil,0.08,https://bilgewatermarket.com/cards/VEN-073,normal,https://bilgewatermarket.com/assets/VEN-073-EN-i0eR0RLy.png,¥0.50,$0.08,,Jagged Cutlass VEN-073/166 CN ¥0.50 EN $0.08
2026-09-18T19:27:37+00:00,https://bilgewatermarket.com/cards,Legion Marauder,foil,0.25,https://bilgewatermarket.com/cards/VEN-074?print_variation=foiled,foiled,https://bilgewatermarket.com/assets/VEN-074-EN-Ccc3s0Aw.png,¥1.63,$0.25,,Legion Marauder VEN-074/166 Foiled CN ¥1.63 EN $0.25
2026-09-18T19:27:37+00:00,https://bilgewatermarket.com/cards,Legion Marauder,nonfoil,0.06,https://bilgewatermarket.com/cards/VEN-074,normal,https://bilgewatermarket.com/assets/VEN-074-EN-Ccc3s0Aw.png,¥0.52,$0.06,,Legion Marauder VEN-074/166 CN ¥0.52 EN $0.06
2026-09-18T19:27:37+00:00,https://bilgewatermarket.com/cards,Platewyrm Egg,foil,0.25,https://bilgewatermarket.com/cards/VEN-075?print_variation=foiled,foiled,https://bilgewatermarket.com/assets/VEN-075-EN-n7AqzMTZ.png,¥2.96,$0.25,,Platewyrm Egg VEN-075/166 Foiled CN ¥2.96 EN $0.25
2026-09-18T19:27:37+00:00,https://bilgewatermarket.com/cards,Platewyrm Egg,nonfoil,0.08,https://bilgewatermarket.com/cards/VEN-075,normal,https://bilgewatermarket.com/assets/VEN-075-EN-n7AqzMTZ.png,¥0.58,$0.08,,Platewyrm Egg VEN-075/166 CN ¥0.58 EN $0.08
2026-09-18T19:27:37+00:00,https://bilgewatermarket.com/cards,Repair Specialist,foil,0.26,https://bilgewatermarket.com/cards/VEN-076?print_variation=foiled,foiled,https://bilgewatermarket.com/assets/VEN-076-EN-C3K8gFpm.png,¥0.85,$0.26,,Repair Specialist VEN-076/166 Foiled CN ¥0.85 EN $0.26
2026-09-18T19:27:37+00:00,https://bilgewatermarket.com/cards,Repair Specialist,nonfoil,0.10,https://bilgewatermarket.com/cards/VEN-076,normal,https://bilgewatermarket.com/assets/VEN-076-EN-C3K8gFpm.png,¥0.50,$0.10,,Repair Specialist VEN-076/166 CN ¥0.50 EN $0.10
2026-09-18T19:27:37+00:00,https://bilgewatermarket.com/cards,Tools of Empire,foil,0.31,https://bilgewatermarket.com/cards/VEN-077?print_variation=foiled,foiled,https://bilgewatermarket.com/assets/VEN-077-EN-CsEVKpSM.png,¥1.00,$0.31,,Tools of Empire VEN-077/166 Foiled CN ¥1.00 EN $0.31
2026-09-18T19:27:37+00:00,https://bilgewatermarket.com/cards,Tools of Empire,nonfoil,0.04,https://bilgewatermarket.com/cards/VEN-077,normal,https://bilgewatermarket.com/assets/VEN-077-EN-CsEVKpSM.png,¥0.52,$0.04,,Tools of Empire VEN-077/166 CN ¥0.52 EN $0.04
2026-09-18T19:27:37+00:00,https://bilgewatermarket.com/cards,Baccai Witherclaw,foil,0.32,https://bilgewatermarket.com/cards/VEN-078?print_variation=foiled,foiled,https://bilgewatermarket.com/assets/VEN-078-EN-hWHuk34D.png,¥1.00,$0.32,,Baccai Witherclaw VEN-078/166 Foiled CN ¥1.00 EN $0.32
2026-09-18T19:27:37+00:00,https://bilgewatermarket.com/cards,Baccai Witherclaw,nonfoil,0.05,https://bilgewatermarket.com/cards/VEN-078,normal,https://bilgewatermarket.com/assets/VEN-078-EN-hWHuk34D.png,¥0.58,$0.05,,Baccai Witherclaw VEN-078/166 CN ¥0.58 EN $0.05
2026-09-18T19:27:37+00:00,https://bilgewatermarket.com/cards,Dame the Despoiler,foil,0.21,https://bilgewatermarket.com/cards/VEN-079?print_variation=foiled,foiled,https://bilgewatermarket.com/assets/VEN-079-EN-Dgt9D4yo.png,¥0.58,$0.21,,Dame the Despoiler VEN-079/166 Foiled CN ¥0.58 EN $0.21
2026-09-18T19:27:37+00:00,https://bilgewatermarket.com/cards,Dame the Despoiler,nonfoil,0.07,https://bilgewatermarket.com/cards/VEN-079,normal,https://bilgewatermarket.com/assets/VEN-079-EN-Dgt9D4yo.png,¥0.50,$0.07,,Dame the Despoiler VEN-079/166 CN ¥0.50 EN $0.07
2026-09-18T19:27:37+00:00,https://bilgewatermarket.com/cards,Noxian Demolitionist,foil,0.20,https://bilgewatermarket.com/cards/VEN-080?print_variation=foiled,foiled,https://bilgewatermarket.com/assets/VEN-080-EN--Wu8GZn8.png,¥1.25,$0.20,,Noxian Demolitionist VEN-080/166 Foiled CN ¥1.25 EN $0.20
2026-09-18T19:27:37+00:00,https://bilgewatermarket.com/cards,Noxian Demolitionist,nonfoil,0.08,https://bilgewatermarket.com/cards/VEN-080,normal,https://bilgewatermarket.com/assets/VEN-080-EN--Wu8GZn8.png,¥0.57,$0.08,,Noxian Demolitionist VEN-080/166 CN ¥0.57 EN $0.08
2026-09-18T19:27:37+00:00,https://bilgewatermarket.com/cards,Onslaught,foil,0.32,https://bilgewatermarket.com/cards/VEN-081?print_variation=foiled,foiled,https://bilgewatermarket.com/assets/VEN-081-EN-DGC01Mt6.png,¥1.75,$0.32,,Onslaught VEN-081/166 Foiled CN ¥1.75 EN $0.32
2026-09-18T19:27:37+00:00,https://bilgewatermarket.com/cards,Onslaught,nonfoil,0.13,https://bilgewatermarket.com/cards/VEN-081,normal,https://bilgewatermarket.com/assets/VEN-081-EN-DGC01Mt6.png,¥1.10,$0.13,,Onslaught VEN-081/166 CN ¥1.10 EN $0.13
2026-09-18T19:27:37+00:00,https://bilgewatermarket.com/cards,Profiteer,foil,0.29,https://bilgewatermarket.com/cards/VEN-082?print_variation=foiled,foiled,https://bilgewatermarket.com/assets/VEN-082-EN-6kic8myQ.png,¥2.21,$0.29,,Profiteer VEN-082/166 Foiled CN ¥2.21 EN $0.29
2026-09-18T19:27:37+00:00,https://bilgewatermarket.com/cards,Profiteer,nonfoil,0.10,https://bilgewatermarket.com/cards/VEN-082,normal,https://bilgewatermarket.com/assets/VEN-082-EN-6kic8myQ.png,¥1.12,$0.10,,Profiteer VEN-082/166 CN ¥1.12 EN $0.10
2026-09-18T19:27:37+00:00,https://bilgewatermarket.com/cards,Rampage,foil,0.74,https://bilgewatermarket.com/cards/VEN-083?print_variation=foiled,foiled,https://bilgewatermarket.com/assets/VEN-083-EN-BIEybsQE.png,¥6.96,$0.74,,Rampage VEN-083/166 Foiled CN ¥6.96 EN $0.74
2026-09-18T19:27:37+00:00,https://bilgewatermarket.com/cards,Rampage,nonfoil,0.24,https://bilgewatermarket.com/cards/VEN-083,normal,https://bilgewatermarket.com/assets/VEN-083-EN-BIEybsQE.png,¥1.48,$0.24,,Rampage VEN-083/166 CN ¥1.48 EN $0.24
2026-09-18T19:27:37+00:00,https://bilgewatermarket.com/cards,"Ambessa, The Wolf",nonfoil,0.20,https://bilgewatermarket.com/cards/VEN-084,normal,https://bilgewatermarket.com/assets/VEN-084-EN-Det7UPYF.png,¥2.18,$0.20,,"Ambessa, The Wolf VEN-084/166 CN ¥2.18 EN $0.20"
2026-09-18T19:27:37+00:00,https://bilgewatermarket.com/cards,"Ambessa, The Wolf",nonfoil,1.78,https://bilgewatermarket.com/cards/VEN-084a?print_variation=showcase,showcase,https://bilgewatermarket.com/assets/VEN-084a-EN-Bne2UZi0.png,¥9.04,$1.78,,"Ambessa, The Wolf VEN-084A/166 Showcase CN ¥9.04 EN $1.78"
2026-09-18T19:27:37+00:00,https://bilgewatermarket.com/cards,Decree of Strength,nonfoil,0.30,https://bilgewatermarket.com/cards/VEN-085,normal,https://bilgewatermarket.com/assets/VEN-085-EN-DGsRPBZ7.png,¥3.62,$0.30,,Decree of Strength VEN-085/166 CN ¥3.62 EN $0.30
2026-09-18T19:27:37+00:00,https://bilgewatermarket.com/cards,"Gangplank, Naval",nonfoil,0.22,https://bilgewatermarket.com/cards/VEN-086,normal,https://bilgewatermarket.com/assets/VEN-086-EN-CvTg0bFJ.png,¥1.77,$0.22,,"Gangplank, Naval VEN-086/166 CN ¥1.77 EN $0.22"
2026-09-18T19:27:37+00:00,https://bilgewatermarket.com/cards,Hextech Disc,nonfoil,0.19,https://bilgewatermarket.com/cards/VEN-087,normal,https://bilgewatermarket.com/assets/VEN-087-EN-CrcAMXPZ.png,¥1.12,$0.19,,Hextech Disc VEN-087/166 CN ¥1.12 EN $0.19
2026-09-18T19:27:37+00:00,https://bilgewatermarket.com/cards,"Jayce, Hammer in Hand",nonfoil,0.17,https://bilgewatermarket.com/cards/VEN-088,normal,https://bilgewatermarket.com/assets/VEN-088-EN-pWbYFoGK.png,¥1.41,$0.17,,"Jayce, Hammer in Hand VEN-088/166 CN ¥1.41 EN $0.17"
2026-09-18T19:27:37+00:00,https://bilgewatermarket.com/cards,"Jayce, Hammer in Hand",nonfoil,1.13,https://bilgewatermarket.com/cards/VEN-088a?print_variation=showcase,showcase,https://bilgewatermarket.com/assets/VEN-088a-EN-D-tcu65A.png,¥4.32,$1.13,,"Jayce, Hammer in Hand VEN-088A/166 Showcase CN ¥4.32 EN $1.13"
2026-09-18T19:27:37+00:00,https://bilgewatermarket.com/cards,Wild Claw,nonfoil,0.15,https://bilgewatermarket.com/cards/VEN-089,normal,https://bilgewatermarket.com/assets/VEN-089-EN-DjuOh8bv.png,¥0.61,$0.15,,Wild Claw VEN-089/166 CN ¥0.61 EN $0.15
2026-09-18T19:27:37+00:00,https://bilgewatermarket.com/cards,Cataclysmic Duel,nonfoil,0.48,https://bilgewatermarket.com/cards/VEN-090,normal,https://bilgewatermarket.com/assets/VEN-090-EN-DcLtUoYu.png,¥2.57,$0.48,,Cataclysmic Duel VEN-090/166 CN ¥2.57 EN $0.48
2026-09-18T19:27:37+00:00,https://bilgewatermarket.com/cards,Corrupted Dragon,nonfoil,0.64,https://bilgewatermarket.com/cards/VEN-091,normal,https://bilgewatermarket.com/assets/VEN-091-EN-_RU-3yoI.png,¥3.48,$0.64,,Corrupted Dragon VEN-091/166 CN ¥3.48 EN $0.64
2026-09-18T19:27:37+00:00,https://bilgewatermarket.com/cards,"Renekton, Brute",nonfoil,0.54,https://bilgewatermarket.com/cards/VEN-092,normal,https://bilgewatermarket.com/assets/VEN-092-EN-DkMPRHL8.png,¥1.52,$0.54,,"Renekton, Brute VEN-092/166 CN ¥1.52 EN $0.54"
2026-09-18T19:27:37+00:00,https://bilgewatermarket.com/cards,"Renekton, Brute",nonfoil,1.90,https://bilgewatermarket.com/cards/VEN-092a?print_variation=showcase,showcase,https://bilgewatermarket.com/assets/VEN-092a-EN--0lOGwVx.png,¥4.44,$1.90,,"Renekton, Brute VEN-092A/166 Showcase CN ¥4.44 EN $1.90"
2026-09-18T19:27:37+00:00,https://bilgewatermarket.com/cards,Kinkou Lifeblade,foil,0.13,https://bilgewatermarket.com/cards/VEN-093?print_variation=foiled,foiled,https://bilgewatermarket.com/assets/VEN-093-EN-CCh8yFUu.png,¥0.51,$0.13,,Kinkou Lifeblade VEN-093/166 Foiled CN ¥0.51 EN $0.13
2026-09-18T19:27:37+00:00,https://bilgewatermarket.com/cards,Kinkou Lifeblade,nonfoil,0.06,https://bilgewatermarket.com/cards/VEN-093,normal,https://bilgewatermarket.com/assets/VEN-093-EN-CCh8yFUu.png,¥0.50,$0.06,,Kinkou Lifeblade VEN-093/166 CN ¥0.50 EN $0.06
2026-09-18T19:27:37+00:00,https://bilgewatermarket.com/cards,Mask Mother,foil,0.23,https://bilgewatermarket.com/cards/VEN-094?print_variation=foiled,foiled,https://bilgewatermarket.com/assets/VEN-094-EN-zhkibLfS.png,¥1.05,$0.23,,Mask Mother VEN-094/166 Foiled CN ¥1.05 EN $0.23
2026-09-18T19:27:37+00:00,https://bilgewatermarket.com/cards,Mask Mother,nonfoil,0.07,https://bilgewatermarket.com/cards/VEN-094,normal,https://bilgewatermarket.com/assets/VEN-094-EN-zhkibLfS.png,¥0.50,$0.07,,Mask Mother VEN-094/166 CN ¥0.50 EN $0.07
2026-09-18T19:27:37+00:00,https://bilgewatermarket.com/cards,Shadow Order Disciple,foil,0.34,https://bilgewatermarket.com/cards/VEN-095?print_variation=foiled,foiled,https://bilgewatermarket.com/assets/VEN-095-EN-Djs_M261.png,¥2.14,$0.34,,Shadow Order Disciple VEN-095/166 Foiled CN ¥2.14 EN $0.34
2026-09-18T19:27:37+00:00,https://bilgewatermarket.com/cards,Shadow Order Disciple,nonfoil,0.10,https://bilgewatermarket.com/cards/VEN-095,normal,https://bilgewatermarket.com/assets/VEN-095-EN-Djs_M261.png,¥0.52,$0.10,,Shadow Order Disciple VEN-095/166 CN ¥0.52 EN $0.10
2026-09-18T19:27:37+00:00,https://bilgewatermarket.com/cards,Shadowblade Lurker,foil,0.24,https://bilgewatermarket.com/cards/VEN-096?print_variation=foiled,foiled,https://bilgewatermarket.com/assets/VEN-096-EN-LleB4Kxh.png,¥2.33,$0.24,,Shadowblade Lurker VEN-096/166 Foiled CN ¥2.33 EN $0.24
2026-09-18T19:27:37+00:00,https://bilgewatermarket.com/cards,Shadowblade Lurker,nonfoil,0.05,https://bilgewatermarket.com/cards/VEN-096,normal,https://bilgewatermarket.com/assets/VEN-096-EN-LleB4Kxh.png,¥0.52,$0.05,,Shadowblade Lurker VEN-096/166 CN ¥0.52 EN $0.05
2026-09-18T19:27:37+00:00,https://bilgewatermarket.com/cards,Spiderling,foil,0.57,https://bilgewatermarket.com/cards/VEN-097?print_variation=foiled,foiled,https://bilgewatermarket.com/assets/VEN-097-EN-05nsFlAy.png,¥1.48,$0.57,,Spiderling VEN-097/166 Foiled CN ¥1.48 EN $0.57
2026-09-18T19:27:37+00:00,https://bilgewatermarket.com/cards,Spiderling,nonfoil,0.24,https://bilgewatermarket.com/cards/VEN-097,normal,https://bilgewatermarket.com/assets/VEN-097-EN-05nsFlAy.png,¥1.06,$0.24,,Spiderling VEN-097/166 CN ¥1.06 EN $0.24
2026-09-18T19:27:37+00:00,https://bilgewatermarket.com/cards,Stargazer,foil,0.14,https://bilgewatermarket.com/cards/VEN-098?print_variation=foiled,foiled,https://bilgewatermarket.com/assets/VEN-098-EN-7CMTOXwI.png,¥0.51,$0.14,,Stargazer VEN-098/166 Foiled CN ¥0.51 EN $0.14
2026-09-18T19:27:37+00:00,https://bilgewatermarket.com/cards,Stargazer,nonfoil,0.05,https://bilgewatermarket.com/cards/VEN-098,normal,https://bilgewatermarket.com/assets/VEN-098-EN-7CMTOXwI.png,¥0.50,$0.05,,Stargazer VEN-098/166 CN ¥0.50 EN $0.05
2026-09-18T19:27:37+00:00,https://bilgewatermarket.com/cards,Tornado Warrior,foil,0.30,https://bilgewatermarket.com/cards/VEN-099?print_variation=foiled,foiled,https://bilgewatermarket.com/assets/VEN-099-EN-B9G9hLDc.png,¥2.21,$0.30,,Tornado Warrior VEN-099/166 Foiled CN ¥2.21 EN $0.30
2026-09-18T19:27:37+00:00,https://bilgewatermarket.com/cards,Tornado Warrior,nonfoil,0.15,https://bilgewatermarket.com/cards/VEN-099,normal,https://bilgewatermarket.com/assets/VEN-099-EN-B9G9hLDc.png,¥0.53,$0.15,,Tornado Warrior VEN-099/166 CN ¥0.53 EN $0.15
2026-09-18T19:27:37+00:00,https://bilgewatermarket.com/cards,Up from the Deep,foil,0.67,https://bilgewatermarket.com/cards/VEN-100?print_variation=foiled,foiled,https://bilgewatermarket.com/assets/VEN-100-EN-CDeicDP5.png,¥1.95,$0.67,,Up from the Deep VEN-100/166 Foiled CN ¥1.95 EN $0.67
2026-09-18T19:27:37+00:00,https://bilgewatermarket.com/cards,Up from the Deep,nonfoil,0.12,https://bilgewatermarket.com/cards/VEN-100,normal,https://bilgewatermarket.com/assets/VEN-100-EN-CDeicDP5.png,¥0.52,$0.12,,Up from the Deep VEN-100/166 CN ¥0.52 EN $0.12
2026-09-18T19:27:37+00:00,https://bilgewatermarket.com/cards,Gust Monk,foil,0.32,https://bilgewatermarket.com/cards/VEN-101?print_variation=foiled,foiled,https://bilgewatermarket.com/assets/VEN-101-EN-Cfs11m7w.png,¥3.53,$0.32,,Gust Monk VEN-101/166 Foiled CN ¥3.53 EN $0.32
2026-09-18T19:27:37+00:00,https://bilgewatermarket.com/cards,Gust Monk,nonfoil,0.11,https://bilgewatermarket.com/cards/VEN-101,normal,https://bilgewatermarket.com/assets/VEN-101-EN-Cfs11m7w.png,¥1.31,$0.11,,Gust Monk VEN-101/166 CN ¥1.31 EN $0.11
2026-09-18T19:27:37+00:00,https://bilgewatermarket.com/cards,Ravenbloom Prefect,foil,1.32,https://bilgewatermarket.com/cards/VEN-102?print_variation=foiled,foiled,https://bilgewatermarket.com/assets/VEN-102-EN-E3NZ3v4J.png,¥9.37,$1.32,,Ravenbloom Prefect VEN-102/166 Foiled CN ¥9.37 EN $1.32
2026-09-18T19:27:37+00:00,https://bilgewatermarket.com/cards,Ravenbloom Prefect,nonfoil,0.16,https://bilgewatermarket.com/cards/VEN-102,normal,https://bilgewatermarket.com/assets/VEN-102-EN-E3NZ3v4J.png,¥1.83,$0.16,,Ravenbloom Prefect VEN-102/166 CN ¥1.83 EN $0.16
2026-09-18T19:27:37+00:00,https://bilgewatermarket.com/cards,Shadows of the Past,foil,0.34,https://bilgewatermarket.com/cards/VEN-103?print_variation=foiled,foiled,https://bilgewatermarket.com/assets/VEN-103-EN-CnLVojsO.png,¥3.54,$0.34,,Shadows of the Past VEN-103/166 Foiled CN ¥3.54 EN $0.34
2026-09-18T19:27:37+00:00,https://bilgewatermarket.com/cards,Shadows of the Past,nonfoil,0.11,https://bilgewatermarket.com/cards/VEN-103,normal,https://bilgewatermarket.com/assets/VEN-103-EN-CnLVojsO.png,¥1.11,$0.11,,Shadows of the Past VEN-103/166 CN ¥1.11 EN $0.11
2026-09-18T19:27:37+00:00,https://bilgewatermarket.com/cards,Tail-Cloaked Matriarch,foil,0.49,https://bilgewatermarket.com/cards/VEN-104?print_variation=foiled,foiled,https://bilgewatermarket.com/assets/VEN-104-EN-g6J6Ukj4.png,¥3.87,$0.49,,Tail-Cloaked Matriarch VEN-104/166 Foiled CN ¥3.87 EN $0.49
2026-09-18T19:27:37+00:00,https://bilgewatermarket.com/cards,Tail-Cloaked Matriarch,nonfoil,0.19,https://bilgewatermarket.com/cards/VEN-104,normal,https://bilgewatermarket.com/assets/VEN-104-EN-g6J6Ukj4.png,¥1.87,$0.19,,Tail-Cloaked Matriarch VEN-104/166 CN ¥1.87 EN $0.19
2026-09-18T19:27:37+00:00,https://bilgewatermarket.com/cards,Twilight Step,foil,0.34,https://bilgewatermarket.com/cards/VEN-105?print_variation=foiled,foiled,https://bilgewatermarket.com/assets/VEN-105-EN-sXCnXaRy.png,¥1.11,$0.34,,Twilight Step VEN-105/166 Foiled CN ¥1.11 EN $0.34
2026-09-18T19:27:37+00:00,https://bilgewatermarket.com/cards,Twilight Step,nonfoil,0.08,https://bilgewatermarket.com/cards/VEN-105,normal,https://bilgewatermarket.com/assets/VEN-105-EN-sXCnXaRy.png,¥0.51,$0.08,,Twilight Step VEN-105/166 CN ¥0.51 EN $0.08
2026-09-18T19:27:37+00:00,https://bilgewatermarket.com/cards,Wind and Ghosts,foil,0.58,https://bilgewatermarket.com/cards/VEN-106?print_variation=foiled,foiled,https://bilgewatermarket.com/assets/VEN-106-EN-DMu1DLbf.png,¥3.15,$0.58,,Wind and Ghosts VEN-106/166 Foiled CN ¥3.15 EN $0.58
2026-09-18T19:27:37+00:00,https://bilgewatermarket.com/cards,Wind and Ghosts,nonfoil,0.13,https://bilgewatermarket.com/cards/VEN-106,normal,https://bilgewatermarket.com/assets/VEN-106-EN-DMu1DLbf.png,¥2.00,$0.13,,Wind and Ghosts VEN-106/166 CN ¥2.00 EN $0.13
2026-09-18T19:27:37+00:00,https://bilgewatermarket.com/cards,Decree of Discord,nonfoil,0.28,https://bilgewatermarket.com/cards/VEN-107,normal,https://bilgewatermarket.com/assets/VEN-107-EN-D-gVhqXY.png,¥1.82,$0.28,,Decree of Discord VEN-107/166 CN ¥1.82 EN $0.28
2026-09-18T19:27:37+00:00,https://bilgewatermarket.com/cards,Forgotten Relic,nonfoil,0.21,https://bilgewatermarket.com/cards/VEN-108,normal,https://bilgewatermarket.com/assets/VEN-108-EN-CFAyxxig.png,¥0.59,$0.21,,Forgotten Relic VEN-108/166 CN ¥0.59 EN $0.21
2026-09-18T19:27:37+00:00,https://bilgewatermarket.com/cards,"Illaoi, Prophet of the Great Kraken",nonfoil,0.18,https://bilgewatermarket.com/cards/VEN-109,normal,https://bilgewatermarket.com/assets/VEN-109-EN-hIJHzxhp.png,¥1.51,$0.18,,"Illaoi, Prophet of the Great Kraken VEN-109/166 CN ¥1.51 EN $0.18"
2026-09-18T19:27:37+00:00,https://bilgewatermarket.com/cards,"Mel, Defiant Soul",nonfoil,0.19,https://bilgewatermarket.com/cards/VEN-110,normal,https://bilgewatermarket.com/assets/VEN-110-EN-CDeRZYEh.png,¥1.03,$0.19,,"Mel, Defiant Soul VEN-110/166 CN ¥1.03 EN $0.19"
2026-09-18T19:27:37+00:00,https://bilgewatermarket.com/cards,"Mel, Defiant Soul",nonfoil,1.40,https://bilgewatermarket.com/cards/VEN-110a?print_variation=showcase,showcase,https://bilgewatermarket.com/assets/VEN-110a-EN-ChC82MvM.png,¥6.23,$1.40,,"Mel, Defiant Soul VEN-110A/166 Showcase CN ¥6.23 EN $1.40"
2026-09-18T19:27:37+00:00,https://bilgewatermarket.com/cards,Minah Swiftfoot,nonfoil,0.20,https://bilgewatermarket.com/cards/VEN-111,normal,https://bilgewatermarket.com/assets/VEN-111-EN-CCUPoBUU.png,¥0.52,$0.20,,Minah Swiftfoot VEN-111/166 CN ¥0.52 EN $0.20
2026-09-18T19:27:37+00:00,https://bilgewatermarket.com/cards,"Zed, Without a Sound",nonfoil,0.19,https://bilgewatermarket.com/cards/VEN-112,normal,https://bilgewatermarket.com/assets/VEN-112-EN-cv7eYR1P.png,¥1.08,$0.19,,"Zed, Without a Sound VEN-112/166 CN ¥1.08 EN $0.19"
2026-09-18T19:27:37+00:00,https://bilgewatermarket.com/cards,"Zed, Without a Sound",nonfoil,3.41,https://bilgewatermarket.com/cards/VEN-112a?print_variation=showcase,showcase,https://bilgewatermarket.com/assets/VEN-112a-EN-ajY8ipqJ.png,¥6.38,$3.41,,"Zed, Without a Sound VEN-112A/166 Showcase CN ¥6.38 EN $3.41"
2026-09-18T19:27:37+00:00,https://bilgewatermarket.com/cards,"Kennen, Storm of Shuriken",nonfoil,1.88,https://bilgewatermarket.com/cards/VEN-113,normal,https://bilgewatermarket.com/assets/VEN-113-EN-DC0HFiXj.png,¥12.57,$1.88,,"Kennen, Storm of Shuriken VEN-113/166 CN ¥12.57 EN $1.88"
2026-09-18T19:27:37+00:00,https://bilgewatermarket.com/cards,"Kennen, Storm of Shuriken",nonfoil,4.95,https://bilgewatermarket.com/cards/VEN-113a?print_variation=showcase,showcase,https://bilgewatermarket.com/assets/VEN-113a-EN-BIhr190O.png,¥24.10,$4.95,,"Kennen, Storm of Shuriken VEN-113A/166 Showcase CN ¥24.10 EN $4.95"
2026-09-18T19:27:37+00:00,https://bilgewatermarket.com/cards,Kharox,nonfoil,3.96,https://bilgewatermarket.com/cards/VEN-114,normal,https://bilgewatermarket.com/assets/VEN-114-EN-CQZ3mmbC.png,¥15.23,$3.96,,Kharox VEN-114/166 CN ¥15.23 EN $3.96
2026-09-18T19:27:37+00:00,https://bilgewatermarket.com/cards,Ocean Drake,nonfoil,1.01,https://bilgewatermarket.com/cards/VEN-115,normal,https://bilgewatermarket.com/assets/VEN-115-EN-D0nMt3w8.png,¥6.90,$1.01,,Ocean Drake VEN-115/166 CN ¥6.90 EN $1.01
2026-09-18T19:27:37+00:00,https://bilgewatermarket.com/cards,Dragon Form,foil,0.26,https://bilgewatermarket.com/cards/VEN-116?print_variation=foiled,foiled,https://bilgewatermarket.com/assets/VEN-116-EN-Bt8UgnTk.png,¥1.11,$0.26,,Dragon Form VEN-116/166 Foiled CN ¥1.11 EN $0.26
2026-09-18T19:27:37+00:00,https://bilgewatermarket.com/cards,Dragon Form,nonfoil,0.11,https://bilgewatermarket.com/cards/VEN-116,normal,https://bilgewatermarket.com/assets/VEN-116-EN-Bt8UgnTk.png,¥0.51,$0.11,,Dragon Form VEN-116/166 CN ¥0.51 EN $0.11
2026-09-18T19:27:37+00:00,https://bilgewatermarket.com/cards,Disciple of Shen,foil,0.21,https://bilgewatermarket.com/cards/VEN-117?print_variation=foiled,foiled,https://bilgewatermarket.com/assets/VEN-117-EN-B_yM4GJW.png,¥1.23,$0.21,,Disciple of Shen VEN-117/166 Foiled CN ¥1.23 EN $0.21
2026-09-18T19:27:37+00:00,https://bilgewatermarket.com/cards,Disciple of Shen,nonfoil,0.06,https://bilgewatermarket.com/cards/VEN-117,normal,https://bilgewatermarket.com/assets/VEN-117-EN-B_yM4GJW.png,¥0.50,$0.06,,Disciple of Shen VEN-117/166 CN ¥0.50 EN $0.06
2026-09-18T19:27:37+00:00,https://bilgewatermarket.com/cards,Horns of the Dragon,foil,0.14,https://bilgewatermarket.com/cards/VEN-118?print_variation=foiled,foiled,https://bilgewatermarket.com/assets/VEN-118-EN-4sJWjecS.png,¥0.50,$0.14,,Horns of the Dragon VEN-118/166 Foiled CN ¥0.50 EN $0.14
2026-09-18T19:27:37+00:00,https://bilgewatermarket.com/cards,Horns of the Dragon,nonfoil,0.03,https://bilgewatermarket.com/cards/VEN-118,normal,https://bilgewatermarket.com/assets/VEN-118-EN-4sJWjecS.png,¥0.50,$0.03,,Horns of the Dragon VEN-118/166 CN ¥0.50 EN $0.03
2026-09-18T19:27:37+00:00,https://bilgewatermarket.com/cards,Keeper of Law,foil,0.15,https://bilgewatermarket.com/cards/VEN-119?print_variation=foiled,foiled,https://bilgewatermarket.com/assets/VEN-119-EN-B94zn0sC.png,¥0.52,$0.15,,Keeper of Law VEN-119/166 Foiled CN ¥0.52 EN $0.15
2026-09-18T19:27:37+00:00,https://bilgewatermarket.com/cards,Keeper of Law,nonfoil,0.06,https://bilgewatermarket.com/cards/VEN-119,normal,https://bilgewatermarket.com/assets/VEN-119-EN-B94zn0sC.png,¥0.50,$0.06,,Keeper of Law VEN-119/166 CN ¥0.50 EN $0.06
2026-09-18T19:27:37+00:00,https://bilgewatermarket.com/cards,"Masa, Crashing Thunder",foil,0.16,https://bilgewatermarket.com/cards/VEN-120?print_variation=foiled,foiled,https://bilgewatermarket.com/assets/VEN-120-EN-DHcPgd86.png,¥0.50,$0.16,,"Masa, Crashing Thunder VEN-120/166 Foiled CN ¥0.50 EN $0.16"
2026-09-18T19:27:37+00:00,https://bilgewatermarket.com/cards,"Masa, Crashing Thunder",nonfoil,0.07,https://bilgewatermarket.com/cards/VEN-120,normal,https://bilgewatermarket.com/assets/VEN-120-EN-DHcPgd86.png,¥0.50,$0.07,,"Masa, Crashing Thunder VEN-120/166 CN ¥0.50 EN $0.07"
2026-09-18T19:27:37+00:00,https://bilgewatermarket.com/cards,Reluctant Leader,foil,0.13,https://bilgewatermarket.com/cards/VEN-121?print_variation=foiled,foiled,https://bilgewatermarket.com/assets/VEN-121-EN-BbtJBtUW.png,¥0.50,$0.13,,Reluctant Leader VEN-121/166 Foiled CN ¥0.50 EN $0.13
2026-09-18T19:27:37+00:00,https://bilgewatermarket.com/cards,Reluctant Leader,nonfoil,0.06,https://bilgewatermarket.com/cards/VEN-121,normal,https://bilgewatermarket.com/assets/VEN-121-EN-BbtJBtUW.png,¥0.50,$0.06,,Reluctant Leader VEN-121/166 CN ¥0.50 EN $0.06
2026-09-18T19:27:37+00:00,https://bilgewatermarket.com/cards,Solari Sunhawk,foil,0.40,https://bilgewatermarket.com/cards/VEN-122?print_variation=foiled,foiled,https://bilgewatermarket.com/assets/VEN-122-EN-0YWRcky6.png,¥0.53,$0.40,,Solari Sunhawk VEN-122/166 Foiled CN ¥0.53 EN $0.40
2026-09-18T19:27:37+00:00,https://bilgewatermarket.com/cards,Solari Sunhawk,nonfoil,0.11,https://bilgewatermarket.com/cards/VEN-122,normal,https://bilgewatermarket.com/assets/VEN-122-EN-0YWRcky6.png,¥0.52,$0.11,,Solari Sunhawk VEN-122/166 CN ¥0.52 EN $0.11
2026-09-18T19:27:37+00:00,https://bilgewatermarket.com/cards,Soulspinner,foil,0.16,https://bilgewatermarket.com/cards/VEN-123?print_variation=foiled,foiled,https://bilgewatermarket.com/assets/VEN-123-EN-DsL_H6zs.png,¥0.53,$0.16,,Soulspinner VEN-123/166 Foiled CN ¥0.53 EN $0.16
2026-09-18T19:27:37+00:00,https://bilgewatermarket.com/cards,Soulspinner,nonfoil,0.04,https://bilgewatermarket.com/cards/VEN-123,normal,https://bilgewatermarket.com/assets/VEN-123-EN-DsL_H6zs.png,¥0.50,$0.04,,Soulspinner VEN-123/166 CN ¥0.50 EN $0.04
2026-09-18T19:27:37+00:00,https://bilgewatermarket.com/cards,Escaped Grayback,foil,0.38,https://bilgewatermarket.com/cards/VEN-124?print_variation=foiled,foiled,https://bilgewatermarket.com/assets/VEN-124-EN-BgPMS7JC.png,¥1.25,$0.38,,Escaped Grayback VEN-124/166 Foiled CN ¥1.25 EN $0.38
2026-09-18T19:27:37+00:00,https://bilgewatermarket.com/cards,Escaped Grayback,nonfoil,0.17,https://bilgewatermarket.com/cards/VEN-124,normal,https://bilgewatermarket.com/assets/VEN-124-EN-BgPMS7JC.png,¥0.55,$0.17,,Escaped Grayback VEN-124/166 CN ¥0.55 EN $0.17
2026-09-18T19:27:37+00:00,https://bilgewatermarket.com/cards,Hungry Wolf,foil,0.19,https://bilgewatermarket.com/cards/VEN-125?print_variation=foiled,foiled,https://bilgewatermarket.com/assets/VEN-125-EN-ygpWWhje.png,¥1.00,$0.19,,Hungry Wolf VEN-125/166 Foiled CN ¥1.00 EN $0.19
2026-09-18T19:27:37+00:00,https://bilgewatermarket.com/cards,Hungry Wolf,nonfoil,0.05,https://bilgewatermarket.com/cards/VEN-125,normal,https://bilgewatermarket.com/assets/VEN-125-EN-ygpWWhje.png,¥0.51,$0.05,,Hungry Wolf VEN-125/166 CN ¥0.51 EN $0.05
2026-09-18T19:27:37+00:00,https://bilgewatermarket.com/cards,Ki Barrier,foil,0.37,https://bilgewatermarket.com/cards/VEN-126?print_variation=foiled,foiled,https://bilgewatermarket.com/assets/VEN-126-EN-U5km56qq.png,¥3.59,$0.37,,Ki Barrier VEN-126/166 Foiled CN ¥3.59 EN $0.37
2026-09-18T19:27:37+00:00,https://bilgewatermarket.com/cards,Ki Barrier,nonfoil,0.17,https://bilgewatermarket.com/cards/VEN-126,normal,https://bilgewatermarket.com/assets/VEN-126-EN-U5km56qq.png,¥1.10,$0.17,,Ki Barrier VEN-126/166 CN ¥1.10 EN $0.17
2026-09-18T19:27:37+00:00,https://bilgewatermarket.com/cards,Lacerate,foil,0.34,https://bilgewatermarket.com/cards/VEN-127?print_variation=foiled,foiled,https://bilgewatermarket.com/assets/VEN-127-EN-EQ1Hrn1v.png,¥5.44,$0.34,,Lacerate VEN-127/166 Foiled CN ¥5.44 EN $0.34
2026-09-18T19:27:37+00:00,https://bilgewatermarket.com/cards,Lacerate,nonfoil,0.11,https://bilgewatermarket.com/cards/VEN-127,normal,https://bilgewatermarket.com/assets/VEN-127-EN-EQ1Hrn1v.png,¥1.81,$0.11,,Lacerate VEN-127/166 CN ¥1.81 EN $0.11
2026-09-18T19:27:37+00:00,https://bilgewatermarket.com/cards,Noxian Emissary,foil,0.40,https://bilgewatermarket.com/cards/VEN-128?print_variation=foiled,foiled,https://bilgewatermarket.com/assets/VEN-128-EN-CGePnjX8.png,¥2.99,$0.40,,Noxian Emissary VEN-128/166 Foiled CN ¥2.99 EN $0.40
2026-09-18T19:27:37+00:00,https://bilgewatermarket.com/cards,Noxian Emissary,nonfoil,0.11,https://bilgewatermarket.com/cards/VEN-128,normal,https://bilgewatermarket.com/assets/VEN-128-EN-CGePnjX8.png,¥1.10,$0.11,,Noxian Emissary VEN-128/166 CN ¥1.10 EN $0.11
2026-09-18T19:27:37+00:00,https://bilgewatermarket.com/cards,Sacred Protector,foil,0.34,https://bilgewatermarket.com/cards/VEN-129?print_variation=foiled,foiled,https://bilgewatermarket.com/assets/VEN-129-EN-Dvn8dDbH.png,¥0.51,$0.34,,Sacred Protector VEN-129/166 Foiled CN ¥0.51 EN $0.34
2026-09-18T19:27:37+00:00,https://bilgewatermarket.com/cards,Sacred Protector,nonfoil,0.08,https://bilgewatermarket.com/cards/VEN-129,normal,https://bilgewatermarket.com/assets/VEN-129-EN-Dvn8dDbH.png,¥0.51,$0.08,,Sacred Protector VEN-129/166 CN ¥0.51 EN $0.08
2026-09-18T19:27:37+00:00,https://bilgewatermarket.com/cards,Aurok General,nonfoil,0.12,https://bilgewatermarket.com/cards/VEN-130,normal,https://bilgewatermarket.com/assets/VEN-130-EN-BJk1OtBj.png,¥0.52,$0.12,,Aurok General VEN-130/166 CN ¥0.52 EN $0.12
2026-09-18T19:27:37+00:00,https://bilgewatermarket.com/cards,Decree of Unity,nonfoil,0.40,https://bilgewatermarket.com/cards/VEN-131,normal,https://bilgewatermarket.com/assets/VEN-131-EN-KJm7m92q.png,¥2.36,$0.40,,Decree of Unity VEN-131/166 CN ¥2.36 EN $0.40
2026-09-18T19:27:37+00:00,https://bilgewatermarket.com/cards,Fallen Feline,nonfoil,0.25,https://bilgewatermarket.com/cards/VEN-132,normal,https://bilgewatermarket.com/assets/VEN-132-EN-NGraPDZw.png,¥2.24,$0.25,,Fallen Feline VEN-132/166 CN ¥2.24 EN $0.25
2026-09-18T19:27:37+00:00,https://bilgewatermarket.com/cards,Glowstone,nonfoil,0.15,https://bilgewatermarket.com/cards/VEN-133,normal,https://bilgewatermarket.com/assets/VEN-133-EN-DNCd1Yt6.png,¥0.65,$0.15,,Glowstone VEN-133/166 CN ¥0.65 EN $0.15
2026-09-18T19:27:37+00:00,https://bilgewatermarket.com/cards,"Kayle, Justified",nonfoil,0.32,https://bilgewatermarket.com/cards/VEN-134,normal,https://bilgewatermarket.com/assets/VEN-134-EN-2unK_ljh.png,¥2.22,$0.32,,"Kayle, Justified VEN-134/166 CN ¥2.22 EN $0.32"
2026-09-18T19:27:37+00:00,https://bilgewatermarket.com/cards,"Kennen, Keeper of Balance",nonfoil,0.29,https://bilgewatermarket.com/cards/VEN-135,normal,https://bilgewatermarket.com/assets/VEN-135-EN-CetCr0Fl.png,¥2.60,$0.29,,"Kennen, Keeper of Balance VEN-135/166 CN ¥2.60 EN $0.29"
2026-09-18T19:27:37+00:00,https://bilgewatermarket.com/cards,"Kennen, Keeper of Balance",nonfoil,4.72,https://bilgewatermarket.com/cards/VEN-135a?print_variation=showcase,showcase,https://bilgewatermarket.com/assets/VEN-135a-EN-D0fbx7ia.png,¥9.74,$4.72,,"Kennen, Keeper of Balance VEN-135A/166 Showcase CN ¥9.74 EN $4.72"
2026-09-18T19:27:37+00:00,https://bilgewatermarket.com/cards,"Ambessa, Respected and Feared",nonfoil,0.46,https://bilgewatermarket.com/cards/VEN-136,normal,https://bilgewatermarket.com/assets/VEN-136-EN-DfUZ7aIr.png,¥3.06,$0.46,,"Ambessa, Respected and Feared VEN-136/166 CN ¥3.06 EN $0.46"
2026-09-18T19:27:37+00:00,https://bilgewatermarket.com/cards,"Ambessa, Respected and Feared",nonfoil,2.70,https://bilgewatermarket.com/cards/VEN-136a?print_variation=showcase,showcase,https://bilgewatermarket.com/assets/VEN-136a-EN-BKEg1eoS.png,¥8.30,$2.70,,"Ambessa, Respected and Feared VEN-136A/166 Showcase CN ¥8.30 EN $2.70"
2026-09-18T19:27:37+00:00,https://bilgewatermarket.com/cards,Shady Spectacles,nonfoil,1.29,https://bilgewatermarket.com/cards/VEN-137,normal,https://bilgewatermarket.com/assets/VEN-137-EN-DJPd0p4y.png,¥7.48,$1.29,,Shady Spectacles VEN-137/166 CN ¥7.48 EN $1.29
2026-09-18T19:27:37+00:00,https://bilgewatermarket.com/cards,"Shen, Leader of the Kinkou Order",nonfoil,0.31,https://bilgewatermarket.com/cards/VEN-138,normal,https://bilgewatermarket.com/assets/VEN-138-EN-BayAsprZ.png,¥1.05,$0.31,,"Shen, Leader of the Kinkou Order VEN-138/166 CN ¥1.05 EN $0.31"
2026-09-18T19:27:37+00:00,https://bilgewatermarket.com/cards,"Shen, Leader of the Kinkou Order",nonfoil,1.94,https://bilgewatermarket.com/cards/VEN-138a?print_variation=showcase,showcase,https://bilgewatermarket.com/assets/VEN-138a-EN-D6NZZPi1.png,¥6.91,$1.94,,"Shen, Leader of the Kinkou Order VEN-138A/166 Showcase CN ¥6.91 EN $1.94"
2026-09-18T19:27:37+00:00,https://bilgewatermarket.com/cards,"Akali, Rogue Assassin",nonfoil,0.16,https://bilgewatermarket.com/cards/VEN-139,normal,https://bilgewatermarket.com/assets/VEN-139-EN-BFDPdv9k.png,¥0.63,$0.16,,"Akali, Rogue Assassin VEN-139/166 CN ¥0.63 EN $0.16"
2026-09-18T19:27:37+00:00,https://bilgewatermarket.com/cards,Shuriken Flip,nonfoil,12.48,https://bilgewatermarket.com/cards/VEN-140,normal,https://bilgewatermarket.com/assets/VEN-140-EN-CRFPFsXT.png,¥36.11,$12.48,,Shuriken Flip VEN-140/166 CN ¥36.11 EN $12.48
2026-09-18T19:27:37+00:00,https://bilgewatermarket.com/cards,"Renekton, Butcher of the Sands",nonfoil,0.16,https://bilgewatermarket.com/cards/VEN-141,normal,https://bilgewatermarket.com/assets/VEN-141-EN-B7iijjIr.png,¥0.51,$0.16,,"Renekton, Butcher of the Sands VEN-141/166 CN ¥0.51 EN $0.16"
2026-09-18T19:27:37+00:00,https://bilgewatermarket.com/cards,Dominus,nonfoil,0.66,https://bilgewatermarket.com/cards/VEN-142,normal,https://bilgewatermarket.com/assets/VEN-142-EN-CfX7ovFI.png,¥3.50,$0.66,,Dominus VEN-142/166 CN ¥3.50 EN $0.66
2026-09-18T19:27:37+00:00,https://bilgewatermarket.com/cards,"Zed, Master of Shadows",nonfoil,0.12,https://bilgewatermarket.com/cards/VEN-143,normal,https://bilgewatermarket.com/assets/VEN-143-EN-DVFlTrkm.png,¥0.53,$0.12,,"Zed, Master of Shadows VEN-143/166 CN ¥0.53 EN $0.12"
2026-09-18T19:27:37+00:00,https://bilgewatermarket.com/cards,Death Mark,nonfoil,1.27,https://bilgewatermarket.com/cards/VEN-144,normal,https://bilgewatermarket.com/assets/VEN-144-EN-C8DwJ5eP.png,¥6.77,$1.27,,Death Mark VEN-144/166 CN ¥6.77 EN $1.27
2026-09-18T19:27:37+00:00,https://bilgewatermarket.com/cards,"Nasus, Curator of the Sands",nonfoil,0.10,https://bilgewatermarket.com/cards/VEN-145,normal,https://bilgewatermarket.com/assets/VEN-145-EN-ZXyKsBTB.png,¥0.52,$0.10,,"Nasus, Curator of the Sands VEN-145/166 CN ¥0.52 EN $0.10"
2026-09-18T19:27:37+00:00,https://bilgewatermarket.com/cards,Siphoning Strike,nonfoil,1.17,https://bilgewatermarket.com/cards/VEN-146,normal,https://bilgewatermarket.com/assets/VEN-146-EN-I1aNVw6w.png,¥8.32,$1.17,,Siphoning Strike VEN-146/166 CN ¥8.32 EN $1.17
2026-09-18T19:27:37+00:00,https://bilgewatermarket.com/cards,"Shen, Eye of Twilight",nonfoil,0.09,https://bilgewatermarket.com/cards/VEN-147,normal,https://bilgewatermarket.com/assets/VEN-147-EN-Db0qigxf.png,¥0.51,$0.09,,"Shen, Eye of Twilight VEN-147/166 CN ¥0.51 EN $0.09"
2026-09-18T19:27:37+00:00,https://bilgewatermarket.com/cards,Shadow Dash,nonfoil,0.47,https://bilgewatermarket.com/cards/VEN-148,normal,https://bilgewatermarket.com/assets/VEN-148-EN-BbJdmWxi.png,¥2.38,$0.47,,Shadow Dash VEN-148/166 CN ¥2.38 EN $0.47
2026-09-18T19:27:37+00:00,https://bilgewatermarket.com/cards,"Jayce, Defender of Tomorrow",nonfoil,0.10,https://bilgewatermarket.com/cards/VEN-149,normal,https://bilgewatermarket.com/assets/VEN-149-EN-BEx9Q_bl.png,¥0.67,$0.10,,"Jayce, Defender of Tomorrow VEN-149/166 CN ¥0.67 EN $0.10"
2026-09-18T19:27:37+00:00,https://bilgewatermarket.com/cards,Acceleration Gate,nonfoil,0.72,https://bilgewatermarket.com/cards/VEN-150,normal,https://bilgewatermarket.com/assets/VEN-150-EN-CM0x4JWd.png,¥10.59,$0.72,,Acceleration Gate VEN-150/166 CN ¥10.59 EN $0.72
2026-09-18T19:27:37+00:00,https://bilgewatermarket.com/cards,"Mel, Soul's Reflection",nonfoil,0.13,https://bilgewatermarket.com/cards/VEN-151,normal,https://bilgewatermarket.com/assets/VEN-151-EN-CYB46DBN.png,¥0.52,$0.13,,"Mel, Soul's Reflection VEN-151/166 CN ¥0.52 EN $0.13"
2026-09-18T19:27:37+00:00,https://bilgewatermarket.com/cards,Rebuttal,nonfoil,2.20,https://bilgewatermarket.com/cards/VEN-152,normal,https://bilgewatermarket.com/assets/VEN-152-EN-DotKJDJ5.png,¥15.63,$2.20,,Rebuttal VEN-152/166 CN ¥15.63 EN $2.20
2026-09-18T19:27:37+00:00,https://bilgewatermarket.com/cards,"Ambessa, Matriarch of War",nonfoil,0.10,https://bilgewatermarket.com/cards/VEN-153,normal,https://bilgewatermarket.com/assets/VEN-153-EN-dAsKZFPf.png,¥0.51,$0.10,,"Ambessa, Matriarch of War VEN-153/166 CN ¥0.51 EN $0.10"
2026-09-18T19:27:37+00:00,https://bilgewatermarket.com/cards,Public Execution,nonfoil,1.47,https://bilgewatermarket.com/cards/VEN-154,normal,https://bilgewatermarket.com/assets/VEN-154-EN-MYgJ7Dme.png,¥5.91,$1.47,,Public Execution VEN-154/166 CN ¥5.91 EN $1.47
2026-09-18T19:27:37+00:00,https://bilgewatermarket.com/cards,"Kennen, Heart of the Tempest",nonfoil,0.16,https://bilgewatermarket.com/cards/VEN-155,normal,https://bilgewatermarket.com/assets/VEN-155-EN-DFejSbOS.png,¥0.59,$0.16,,"Kennen, Heart of the Tempest VEN-155/166 CN ¥0.59 EN $0.16"
2026-09-18T19:27:37+00:00,https://bilgewatermarket.com/cards,Lightning Rush,nonfoil,8.13,https://bilgewatermarket.com/cards/VEN-156,normal,https://bilgewatermarket.com/assets/VEN-156-EN-uYZ-l7gC.png,¥56.21,$8.13,,Lightning Rush VEN-156/166 CN ¥56.21 EN $8.13
2026-09-18T19:27:37+00:00,https://bilgewatermarket.com/cards,Dragon Roost,foil,0.59,https://bilgewatermarket.com/cards/VEN-157?print_variation=foiled,foiled,https://bilgewatermarket.com/assets/VEN-157-EN-Bhg3aWIq.png,¥1.64,$0.59,,Dragon Roost VEN-157/166 Foiled CN ¥1.64 EN $0.59
2026-09-18T19:27:37+00:00,https://bilgewatermarket.com/cards,Dragon Roost,nonfoil,0.10,https://bilgewatermarket.com/cards/VEN-157,normal,https://bilgewatermarket.com/assets/VEN-157-EN-Bhg3aWIq.png,¥0.67,$0.10,,Dragon Roost VEN-157/166 CN ¥0.67 EN $0.10
2026-09-18T19:27:37+00:00,https://bilgewatermarket.com/cards,"Heisho, Shell of the World",foil,1.04,https://bilgewatermarket.com/cards/VEN-158?print_variation=foiled,foiled,https://bilgewatermarket.com/assets/VEN-158-EN-BH4aNl7O.png,¥3.10,$1.04,,"Heisho, Shell of the World VEN-158/166 Foiled CN ¥3.10 EN $1.04"
2026-09-18T19:27:37+00:00,https://bilgewatermarket.com/cards,"Heisho, Shell of the World",nonfoil,0.14,https://bilgewatermarket.com/cards/VEN-158,normal,https://bilgewatermarket.com/assets/VEN-158-EN-BH4aNl7O.png,¥0.92,$0.14,,"Heisho, Shell of the World VEN-158/166 CN ¥0.92 EN $0.14"
2026-09-18T19:27:37+00:00,https://bilgewatermarket.com/cards,Kinkou Temple,foil,0.24,https://bilgewatermarket.com/cards/VEN-159?print_variation=foiled,foiled,https://bilgewatermarket.com/assets/VEN-159-EN-DqejB9wD.png,¥1.22,$0.24,,Kinkou Temple VEN-159/166 Foiled CN ¥1.22 EN $0.24
2026-09-18T19:27:37+00:00,https://bilgewatermarket.com/cards,Kinkou Temple,nonfoil,0.06,https://bilgewatermarket.com/cards/VEN-159,normal,https://bilgewatermarket.com/assets/VEN-159-EN-DqejB9wD.png,¥0.56,$0.06,,Kinkou Temple VEN-159/166 CN ¥0.56 EN $0.06
2026-09-18T19:27:37+00:00,https://bilgewatermarket.com/cards,Mystic Vortex,foil,0.24,https://bilgewatermarket.com/cards/VEN-160?print_variation=foiled,foiled,https://bilgewatermarket.com/assets/VEN-160-EN-BlwqSIVG.png,¥3.25,$0.24,,Mystic Vortex VEN-160/166 Foiled CN ¥3.25 EN $0.24
2026-09-18T19:27:37+00:00,https://bilgewatermarket.com/cards,Mystic Vortex,nonfoil,0.10,https://bilgewatermarket.com/cards/VEN-160,normal,https://bilgewatermarket.com/assets/VEN-160-EN-BlwqSIVG.png,¥0.93,$0.10,,Mystic Vortex VEN-160/166 CN ¥0.93 EN $0.10
2026-09-18T19:27:37+00:00,https://bilgewatermarket.com/cards,Piltovan Forge,foil,0.20,https://bilgewatermarket.com/cards/VEN-161?print_variation=foiled,foiled,https://bilgewatermarket.com/assets/VEN-161-EN-DleOsuA9.png,¥2.22,$0.20,,Piltovan Forge VEN-161/166 Foiled CN ¥2.22 EN $0.20
2026-09-18T19:27:37+00:00,https://bilgewatermarket.com/cards,Piltovan Forge,nonfoil,0.07,https://bilgewatermarket.com/cards/VEN-161,normal,https://bilgewatermarket.com/assets/VEN-161-EN-DleOsuA9.png,¥0.51,$0.07,,Piltovan Forge VEN-161/166 CN ¥0.51 EN $0.07
2026-09-18T19:27:37+00:00,https://bilgewatermarket.com/cards,Protective Sands,foil,0.28,https://bilgewatermarket.com/cards/VEN-162?print_variation=foiled,foiled,https://bilgewatermarket.com/assets/VEN-162-EN-CMpht29h.png,¥2.52,$0.28,,Protective Sands VEN-162/166 Foiled CN ¥2.52 EN $0.28
2026-09-18T19:27:37+00:00,https://bilgewatermarket.com/cards,Protective Sands,nonfoil,0.06,https://bilgewatermarket.com/cards/VEN-162,normal,https://bilgewatermarket.com/assets/VEN-162-EN-CMpht29h.png,¥0.51,$0.06,,Protective Sands VEN-162/166 CN ¥0.51 EN $0.06
2026-09-18T19:27:37+00:00,https://bilgewatermarket.com/cards,Risen Altar,foil,0.35,https://bilgewatermarket.com/cards/VEN-163?print_variation=foiled,foiled,https://bilgewatermarket.com/assets/VEN-163-EN-ClKDrWfS.png,¥5.03,$0.35,,Risen Altar VEN-163/166 Foiled CN ¥5.03 EN $0.35
2026-09-18T19:27:37+00:00,https://bilgewatermarket.com/cards,Risen Altar,nonfoil,0.10,https://bilgewatermarket.com/cards/VEN-163,normal,https://bilgewatermarket.com/assets/VEN-163-EN-ClKDrWfS.png,¥0.85,$0.10,,Risen Altar VEN-163/166 CN ¥0.85 EN $0.10
2026-09-18T19:27:37+00:00,https://bilgewatermarket.com/cards,Sandswept Tomb,foil,0.31,https://bilgewatermarket.com/cards/VEN-164?print_variation=foiled,foiled,https://bilgewatermarket.com/assets/VEN-164-EN-CQiCuERT.png,¥1.86,$0.31,,Sandswept Tomb VEN-164/166 Foiled CN ¥1.86 EN $0.31
2026-09-18T19:27:37+00:00,https://bilgewatermarket.com/cards,Sandswept Tomb,nonfoil,0.11,https://bilgewatermarket.com/cards/VEN-164,normal,https://bilgewatermarket.com/assets/VEN-164-EN-CQiCuERT.png,¥1.03,$0.11,,Sandswept Tomb VEN-164/166 CN ¥1.03 EN $0.11
2026-09-18T19:27:37+00:00,https://bilgewatermarket.com/cards,Shadow Temple,foil,0.37,https://bilgewatermarket.com/cards/VEN-165?print_variation=foiled,foiled,https://bilgewatermarket.com/assets/VEN-165-EN-DCMjr8DY.png,¥1.32,$0.37,,Shadow Temple VEN-165/166 Foiled CN ¥1.32 EN $0.37
2026-09-18T19:27:37+00:00,https://bilgewatermarket.com/cards,Shadow Temple,nonfoil,0.08,https://bilgewatermarket.com/cards/VEN-165,normal,https://bilgewatermarket.com/assets/VEN-165-EN-DCMjr8DY.png,¥0.91,$0.08,,Shadow Temple VEN-165/166 CN ¥0.91 EN $0.08
2026-09-18T19:27:37+00:00,https://bilgewatermarket.com/cards,Threshold of the Gray,foil,0.29,https://bilgewatermarket.com/cards/VEN-166?print_variation=foiled,foiled,https://bilgewatermarket.com/assets/VEN-166-EN-DdpvPIEO.png,¥3.30,$0.29,,Threshold of the Gray VEN-166/166 Foiled CN ¥3.30 EN $0.29
2026-09-18T19:27:37+00:00,https://bilgewatermarket.com/cards,Threshold of the Gray,nonfoil,0.08,https://bilgewatermarket.com/cards/VEN-166,normal,https://bilgewatermarket.com/assets/VEN-166-EN-DdpvPIEO.png,¥0.62,$0.08,,Threshold of the Gray VEN-166/166 CN ¥0.62 EN $0.08
2026-09-18T19:27:37+00:00,https://bilgewatermarket.com/cards,"Vi, Destructive",nonfoil,103.24,https://bilgewatermarket.com/cards/VEN-167?print_variation=showcase,showcase,https://bilgewatermarket.com/assets/VEN-167-EN-lpKDuayz.png,¥299.22,$103.24,,"Vi, Destructive VEN-167/166 Showcase CN ¥299.22 EN $103.24"
2026-09-18T19:27:37+00:00,https://bilgewatermarket.com/cards,"Jinx, Demolitionist",nonfoil,114.04,https://bilgewatermarket.com/cards/VEN-168?print_variation=showcase,showcase,https://bilgewatermarket.com/assets/VEN-168-EN-Bnn4ApJC.png,¥289.08,$114.04,,"Jinx, Demolitionist VEN-168/166 Showcase CN ¥289.08 EN $114.04"
2026-09-18T19:27:37+00:00,https://bilgewatermarket.com/cards,"Zed, From the Shadows",nonfoil,64.84,https://bilgewatermarket.com/cards/VEN-169?print_variation=showcase,showcase,https://bilgewatermarket.com/assets/VEN-169-EN-BF1EjRBl.png,¥134.51,$64.84,,"Zed, From the Shadows VEN-169/166 Showcase CN ¥134.51 EN $64.84"
2026-09-18T19:27:37+00:00,https://bilgewatermarket.com/cards,"Shen, Scourge of Shadows",nonfoil,52.14,https://bilgewatermarket.com/cards/VEN-170?print_variation=showcase,showcase,https://bilgewatermarket.com/assets/VEN-170-EN-vj7w15gG.png,¥98.51,$52.14,,"Shen, Scourge of Shadows VEN-170/166 Showcase CN ¥98.51 EN $52.14"
2026-09-18T19:27:37+00:00,https://bilgewatermarket.com/cards,"Riven, Shattered",nonfoil,73.46,https://bilgewatermarket.com/cards/VEN-171?print_variation=showcase,showcase,https://bilgewatermarket.com/assets/VEN-171-EN-ZuNFo-jz.png,¥114.21,$73.46,,"Riven, Shattered VEN-171/166 Showcase CN ¥114.21 EN $73.46"
2026-09-18T19:27:37+00:00,https://bilgewatermarket.com/cards,"Draven, Showboat",nonfoil,78.77,https://bilgewatermarket.com/cards/VEN-172?print_variation=showcase,showcase,https://bilgewatermarket.com/assets/VEN-172-EN-hoUVkTM0.png,¥136.83,$78.77,,"Draven, Showboat VEN-172/166 Showcase CN ¥136.83 EN $78.77"
2026-09-18T19:27:37+00:00,https://bilgewatermarket.com/cards,"Swain, Visionary",nonfoil,82.07,https://bilgewatermarket.com/cards/VEN-173?print_variation=showcase,showcase,https://bilgewatermarket.com/assets/VEN-173-EN-L-xt_H_w.png,¥234.74,$82.07,,"Swain, Visionary VEN-173/166 Showcase CN ¥234.74 EN $82.07"
2026-09-18T19:27:37+00:00,https://bilgewatermarket.com/cards,"Irelia, Fervent",nonfoil,211.79,https://bilgewatermarket.com/cards/VEN-174?print_variation=showcase,showcase,https://bilgewatermarket.com/assets/VEN-174-EN-CwcFbbhj.png,¥478.25,$211.79,,"Irelia, Fervent VEN-174/166 Showcase CN ¥478.25 EN $211.79"
2026-09-18T19:27:37+00:00,https://bilgewatermarket.com/cards,"Jayce, Man of Progress",nonfoil,92.37,https://bilgewatermarket.com/cards/VEN-175?print_variation=showcase,showcase,https://bilgewatermarket.com/assets/VEN-175-EN-WITa-1BS.png,¥308.65,$92.37,,"Jayce, Man of Progress VEN-175/166 Showcase CN ¥308.65 EN $92.37"
2026-09-18T19:27:37+00:00,https://bilgewatermarket.com/cards,"Viktor, Innovator",nonfoil,79.42,https://bilgewatermarket.com/cards/VEN-176?print_variation=showcase,showcase,https://bilgewatermarket.com/assets/VEN-176-EN-wO7TbmTk.png,¥179.74,$79.42,,"Viktor, Innovator VEN-176/166 Showcase CN ¥179.74 EN $79.42"
2026-09-18T19:27:37+00:00,https://bilgewatermarket.com/cards,"Renekton, Brute",nonfoil,64.97,https://bilgewatermarket.com/cards/VEN-177?print_variation=showcase,showcase,https://bilgewatermarket.com/assets/VEN-177-EN-DEEI5e3H.png,¥101.05,$64.97,,"Renekton, Brute VEN-177/166 Showcase CN ¥101.05 EN $64.97"
2026-09-18T19:27:37+00:00,https://bilgewatermarket.com/cards,"Nasus, Guardian of Knowledge",nonfoil,64.23,https://bilgewatermarket.com/cards/VEN-178?print_variation=showcase,showcase,https://bilgewatermarket.com/assets/VEN-178-EN-Cp-yJ8pH.png,¥98.53,$64.23,,"Nasus, Guardian of Knowledge VEN-178/166 Showcase CN ¥98.53 EN $64.23"
2026-09-18T19:27:37+00:00,https://bilgewatermarket.com/cards,"Rengar, Trophy Hunter",nonfoil,165.79,https://bilgewatermarket.com/cards/VEN-179?print_variation=showcase,showcase,https://bilgewatermarket.com/assets/VEN-179-EN-CNBYOa2h.png,¥427.84,$165.79,,"Rengar, Trophy Hunter VEN-179/166 Showcase CN ¥427.84 EN $165.79"
2026-09-18T19:27:37+00:00,https://bilgewatermarket.com/cards,"Kha'Zix, Evolving Hunter",nonfoil,74.14,https://bilgewatermarket.com/cards/VEN-180?print_variation=showcase,showcase,https://bilgewatermarket.com/assets/VEN-180-EN-DvzJuQEg.png,¥93.06,$74.14,,"Kha'Zix, Evolving Hunter VEN-180/166 Showcase CN ¥93.06 EN $74.14"
2026-09-18T19:27:37+00:00,https://bilgewatermarket.com/cards,"Gangplank, Naval",nonfoil,97.92,https://bilgewatermarket.com/cards/VEN-181?print_variation=showcase,showcase,https://bilgewatermarket.com/assets/VEN-181-EN-CJrXpE4V.png,¥170.68,$97.92,,"Gangplank, Naval VEN-181/166 Showcase CN ¥170.68 EN $97.92"
2026-09-18T19:27:37+00:00,https://bilgewatermarket.com/cards,"Illaoi, Prophet of the Great Kraken",nonfoil,98.42,https://bilgewatermarket.com/cards/VEN-182?print_variation=showcase,showcase,https://bilgewatermarket.com/assets/VEN-182-EN-BAgnk1V0.png,¥134.33,$98.42,,"Illaoi, Prophet of the Great Kraken VEN-182/166 Showcase CN ¥134.33 EN $98.42"
2026-09-18T19:27:37+00:00,https://bilgewatermarket.com/cards,"Diana, No Longer Human",nonfoil,138.34,https://bilgewatermarket.com/cards/VEN-183?print_variation=showcase,showcase,https://bilgewatermarket.com/assets/VEN-183-EN-sutxxXVc.png,¥181.75,$138.34,,"Diana, No Longer Human VEN-183/166 Showcase CN ¥181.75 EN $138.34"
2026-09-18T19:27:37+00:00,https://bilgewatermarket.com/cards,"Leona, Determined",nonfoil,85.13,https://bilgewatermarket.com/cards/VEN-184?print_variation=showcase,showcase,https://bilgewatermarket.com/assets/VEN-184-EN-Cuzu2DpO.png,¥163.46,$85.13,,"Leona, Determined VEN-184/166 Showcase CN ¥163.46 EN $85.13"
2026-09-18T19:27:37+00:00,https://bilgewatermarket.com/cards,"Kayle, Justified",nonfoil,173.69,https://bilgewatermarket.com/cards/VEN-185?print_variation=showcase,showcase,https://bilgewatermarket.com/assets/VEN-185-EN-DgvQuieo.png,¥470.68,$173.69,,"Kayle, Justified VEN-185/166 Showcase CN ¥470.68 EN $173.69"
2026-09-18T19:27:37+00:00,https://bilgewatermarket.com/cards,"Morgana, Vindictive",nonfoil,113.74,https://bilgewatermarket.com/cards/VEN-186?print_variation=showcase,showcase,https://bilgewatermarket.com/assets/VEN-186-EN-89oo7vIb.png,¥294.04,$113.74,,"Morgana, Vindictive VEN-186/166 Showcase CN ¥294.04 EN $113.74"
2026-09-18T19:27:37+00:00,https://bilgewatermarket.com/cards,"Ambessa, Respected and Feared",nonfoil,50.49,https://bilgewatermarket.com/cards/VEN-187?print_variation=showcase,showcase,https://bilgewatermarket.com/assets/VEN-187-EN-BDIOZjkq.png,¥105.12,$50.49,,"Ambessa, Respected and Feared VEN-187/166 Showcase CN ¥105.12 EN $50.49"
2026-09-18T19:27:37+00:00,https://bilgewatermarket.com/cards,"Mel, Defiant Soul",nonfoil,81.39,https://bilgewatermarket.com/cards/VEN-188?print_variation=showcase,showcase,https://bilgewatermarket.com/assets/VEN-188-EN-CdeCa_ni.png,¥128.70,$81.39,,"Mel, Defiant Soul VEN-188/166 Showcase CN ¥128.70 EN $81.39"
2026-09-18T19:27:37+00:00,https://bilgewatermarket.com/cards,"Akali, Rogue Assassin",nonfoil,586.88,https://bilgewatermarket.com/cards/VEN-189?print_variation=showcase,showcase,https://bilgewatermarket.com/assets/VEN-189-EN-B4lT7ISJ.png,"¥1,258.70",$586.88,,"Akali, Rogue Assassin VEN-189/166 Showcase CN ¥1,258.70 EN $586.88"
2026-09-18T19:27:37+00:00,https://bilgewatermarket.com/cards,"Renekton, Butcher of the Sands",nonfoil,60.25,https://bilgewatermarket.com/cards/VEN-190?print_variation=showcase,showcase,https://bilgewatermarket.com/assets/VEN-190-EN-BU2owRjx.png,¥61.38,$60.25,,"Renekton, Butcher of the Sands VEN-190/166 Showcase CN ¥61.38 EN $60.25"
2026-09-18T19:27:37+00:00,https://bilgewatermarket.com/cards,"Zed, Master of Shadows",nonfoil,179.19,https://bilgewatermarket.com/cards/VEN-191?print_variation=showcase,showcase,https://bilgewatermarket.com/assets/VEN-191-EN-mQhEHzQ5.png,¥279.74,$179.19,,"Zed, Master of Shadows VEN-191/166 Showcase CN ¥279.74 EN $179.19"
2026-09-18T19:27:37+00:00,https://bilgewatermarket.com/cards,"Nasus, Curator of the Sands",nonfoil,165.13,https://bilgewatermarket.com/cards/VEN-192?print_variation=showcase,showcase,https://bilgewatermarket.com/assets/VEN-192-EN-Vg8mwmAl.png,¥222.07,$165.13,,"Nasus, Curator of the Sands VEN-192/166 Showcase CN ¥222.07 EN $165.13"
2026-09-18T19:27:37+00:00,https://bilgewatermarket.com/cards,"Shen, Eye of Twilight",nonfoil,77.94,https://bilgewatermarket.com/cards/VEN-193?print_variation=showcase,showcase,https://bilgewatermarket.com/assets/VEN-193-EN-DdOf7tax.png,¥102.51,$77.94,,"Shen, Eye of Twilight VEN-193/166 Showcase CN ¥102.51 EN $77.94"
2026-09-18T19:27:37+00:00,https://bilgewatermarket.com/cards,"Jayce, Defender of Tomorrow",nonfoil,212.85,https://bilgewatermarket.com/cards/VEN-194?print_variation=showcase,showcase,https://bilgewatermarket.com/assets/VEN-194-EN-s1zJRwok.png,¥478.24,$212.85,,"Jayce, Defender of Tomorrow VEN-194/166 Showcase CN ¥478.24 EN $212.85"
2026-09-18T19:27:37+00:00,https://bilgewatermarket.com/cards,"Mel, Soul's Reflection",nonfoil,183.72,https://bilgewatermarket.com/cards/VEN-195?print_variation=showcase,showcase,https://bilgewatermarket.com/assets/VEN-195-EN-D48z7zAy.png,¥298.21,$183.72,,"Mel, Soul's Reflection VEN-195/166 Showcase CN ¥298.21 EN $183.72"
2026-09-18T19:27:37+00:00,https://bilgewatermarket.com/cards,"Ambessa, Matriarch of War",nonfoil,131.60,https://bilgewatermarket.com/cards/VEN-196?print_variation=showcase,showcase,https://bilgewatermarket.com/assets/VEN-196-EN-DdVVDAod.png,¥115.90,$131.60,,"Ambessa, Matriarch of War VEN-196/166 Showcase CN ¥115.90 EN $131.60"
2026-09-18T19:27:37+00:00,https://bilgewatermarket.com/cards,"Kennen, Heart of the Tempest",nonfoil,242.98,https://bilgewatermarket.com/cards/VEN-197?print_variation=showcase,showcase,https://bilgewatermarket.com/assets/VEN-197-EN-CxaAukcp.png,¥607.84,$242.98,,"Kennen, Heart of the Tempest VEN-197/166 Showcase CN ¥607.84 EN $242.98"
2026-09-18T19:27:37+00:00,https://bilgewatermarket.com/cards,Arena Kingpin,foil,0.15,https://bilgewatermarket.com/cards/UNL-001?print_variation=foiled,foiled,https://bilgewatermarket.com/assets/UNL-001-EN-CN6qRx__.webp,¥0.50,$0.15,,Arena Kingpin UNL-001/219 Foiled CN ¥0.50 EN $0.15
2026-09-18T19:27:37+00:00,https://bilgewatermarket.com/cards,Arena Kingpin,nonfoil,0.09,https://bilgewatermarket.com/cards/UNL-001,normal,https://bilgewatermarket.com/assets/UNL-001-EN-CN6qRx__.webp,¥0.50,$0.09,,Arena Kingpin UNL-001/219 CN ¥0.50 EN $0.09
2026-09-18T19:27:37+00:00,https://bilgewatermarket.com/cards,Inferna,foil,0.36,https://bilgewatermarket.com/cards/UNL-002?print_variation=foiled,foiled,https://bilgewatermarket.com/assets/UNL-002-EN-BEAeHv56.webp,¥1.86,$0.36,,Inferna UNL-002/219 Foiled CN ¥1.86 EN $0.36
2026-09-18T19:27:37+00:00,https://bilgewatermarket.com/cards,Inferna,nonfoil,0.12,https://bilgewatermarket.com/cards/UNL-002,normal,https://bilgewatermarket.com/assets/UNL-002-EN-BEAeHv56.webp,¥0.56,$0.12,,Inferna UNL-002/219 CN ¥0.56 EN $0.12
2026-09-18T19:27:37+00:00,https://bilgewatermarket.com/cards,Mischievous Marai,foil,0.19,https://bilgewatermarket.com/cards/UNL-003?print_variation=foiled,foiled,https://bilgewatermarket.com/assets/UNL-003-EN-BN8no39d.webp,¥1.24,$0.19,,Mischievous Marai UNL-003/219 Foiled CN ¥1.24 EN $0.19
2026-09-18T19:27:37+00:00,https://bilgewatermarket.com/cards,Mischievous Marai,nonfoil,0.10,https://bilgewatermarket.com/cards/UNL-003,normal,https://bilgewatermarket.com/assets/UNL-003-EN-BN8no39d.webp,¥0.53,$0.10,,Mischievous Marai UNL-003/219 CN ¥0.53 EN $0.10
2026-09-18T19:27:37+00:00,https://bilgewatermarket.com/cards,Prepared Neophyte,foil,0.16,https://bilgewatermarket.com/cards/UNL-004?print_variation=foiled,foiled,https://bilgewatermarket.com/assets/UNL-004-EN-X8qOqNsB.webp,¥0.60,$0.16,,Prepared Neophyte UNL-004/219 Foiled CN ¥0.60 EN $0.16
2026-09-18T19:27:37+00:00,https://bilgewatermarket.com/cards,Prepared Neophyte,nonfoil,0.04,https://bilgewatermarket.com/cards/UNL-004,normal,https://bilgewatermarket.com/assets/UNL-004-EN-X8qOqNsB.webp,¥0.50,$0.04,,Prepared Neophyte UNL-004/219 CN ¥0.50 EN $0.04
2026-09-18T19:27:37+00:00,https://bilgewatermarket.com/cards,Revna the Lorekeeper,foil,0.15,https://bilgewatermarket.com/cards/UNL-005?print_variation=foiled,foiled,https://bilgewatermarket.com/assets/UNL-005-EN-ClM8yEo9.webp,¥0.50,$0.15,,Revna the Lorekeeper UNL-005/219 Foiled CN ¥0.50 EN $0.15
2026-09-18T19:27:37+00:00,https://bilgewatermarket.com/cards,Revna the Lorekeeper,nonfoil,0.03,https://bilgewatermarket.com/cards/UNL-005,normal,https://bilgewatermarket.com/assets/UNL-005-EN-ClM8yEo9.webp,¥0.50,$0.03,,Revna the Lorekeeper UNL-005/219 CN ¥0.50 EN $0.03
2026-09-18T19:27:37+00:00,https://bilgewatermarket.com/cards,Sharkling,foil,0.24,https://bilgewatermarket.com/cards/UNL-006?print_variation=foiled,foiled,https://bilgewatermarket.com/assets/UNL-006-EN-DlvuPfs1.webp,¥0.63,$0.24,,Sharkling UNL-006/219 Foiled CN ¥0.63 EN $0.24
2026-09-18T19:27:37+00:00,https://bilgewatermarket.com/cards,Sharkling,nonfoil,0.06,https://bilgewatermarket.com/cards/UNL-006,normal,https://bilgewatermarket.com/assets/UNL-006-EN-DlvuPfs1.webp,¥0.59,$0.06,,Sharkling UNL-006/219 CN ¥0.59 EN $0.06
2026-09-18T19:27:37+00:00,https://bilgewatermarket.com/cards,Smite,foil,0.19,https://bilgewatermarket.com/cards/UNL-007?print_variation=foiled,foiled,https://bilgewatermarket.com/assets/UNL-007-EN-D42dcdUi.webp,¥1.80,$0.19,,Smite UNL-007/219 Foiled CN ¥1.80 EN $0.19
2026-09-18T19:27:37+00:00,https://bilgewatermarket.com/cards,Smite,nonfoil,0.09,https://bilgewatermarket.com/cards/UNL-007,normal,https://bilgewatermarket.com/assets/UNL-007-EN-D42dcdUi.webp,¥0.50,$0.09,,Smite UNL-007/219 CN ¥0.50 EN $0.09
2026-09-18T19:27:37+00:00,https://bilgewatermarket.com/cards,Towering Pairofant,foil,0.07,https://bilgewatermarket.com/cards/UNL-008?print_variation=foiled,foiled,https://bilgewatermarket.com/assets/UNL-008-EN-D-2Dad2f.webp,¥0.50,$0.07,,Towering Pairofant UNL-008/219 Foiled CN ¥0.50 EN $0.07
2026-09-18T19:27:37+00:00,https://bilgewatermarket.com/cards,Towering Pairofant,nonfoil,0.03,https://bilgewatermarket.com/cards/UNL-008,normal,https://bilgewatermarket.com/assets/UNL-008-EN-D-2Dad2f.webp,¥0.50,$0.03,,Towering Pairofant UNL-008/219 CN ¥0.50 EN $0.03
2026-09-18T19:27:37+00:00,https://bilgewatermarket.com/cards,Upstage Comedy,foil,0.25,https://bilgewatermarket.com/cards/UNL-009?print_variation=foiled,foiled,https://bilgewatermarket.com/assets/UNL-009-EN-D8P6CA8o.webp,¥0.98,$0.25,,Upstage Comedy UNL-009/219 Foiled CN ¥0.98 EN $0.25
2026-09-18T19:27:37+00:00,https://bilgewatermarket.com/cards,Upstage Comedy,nonfoil,0.10,https://bilgewatermarket.com/cards/UNL-009,normal,https://bilgewatermarket.com/assets/UNL-009-EN-D8P6CA8o.webp,¥0.50,$0.10,,Upstage Comedy UNL-009/219 CN ¥0.50 EN $0.10
2026-09-18T19:27:37+00:00,https://bilgewatermarket.com/cards,Vault Breaker,foil,0.20,https://bilgewatermarket.com/cards/UNL-010?print_variation=foiled,foiled,https://bilgewatermarket.com/assets/UNL-010-EN-DIJopLyy.webp,¥0.52,$0.20,,Vault Breaker UNL-010/219 Foiled CN ¥0.52 EN $0.20
2026-09-18T19:27:37+00:00,https://bilgewatermarket.com/cards,Vault Breaker,nonfoil,0.10,https://bilgewatermarket.com/cards/UNL-010,normal,https://bilgewatermarket.com/assets/UNL-010-EN-DIJopLyy.webp,¥0.50,$0.10,,Vault Breaker UNL-010/219 CN ¥0.50 EN $0.10
2026-09-18T19:27:37+00:00,https://bilgewatermarket.com/cards,Fresh Beans,foil,0.24,https://bilgewatermarket.com/cards/UNL-011?print_variation=foiled,foiled,https://bilgewatermarket.com/assets/UNL-011-EN-Pl-7Kky-.webp,¥0.51,$0.24,,Fresh Beans UNL-011/219 Foiled CN ¥0.51 EN $0.24
2026-09-18T19:27:37+00:00,https://bilgewatermarket.com/cards,Fresh Beans,nonfoil,0.09,https://bilgewatermarket.com/cards/UNL-011,normal,https://bilgewatermarket.com/assets/UNL-011-EN-Pl-7Kky-.webp,¥0.50,$0.09,,Fresh Beans UNL-011/219 CN ¥0.50 EN $0.09
2026-09-18T19:27:37+00:00,https://bilgewatermarket.com/cards,Lord Broadmane,foil,0.25,https://bilgewatermarket.com/cards/UNL-012?print_variation=foiled,foiled,https://bilgewatermarket.com/assets/UNL-012-EN-DKMRS0b6.webp,¥0.51,$0.25,,Lord Broadmane UNL-012/219 Foiled CN ¥0.51 EN $0.25
2026-09-18T19:27:37+00:00,https://bilgewatermarket.com/cards,Lord Broadmane,nonfoil,0.07,https://bilgewatermarket.com/cards/UNL-012,normal,https://bilgewatermarket.com/assets/UNL-012-EN-DKMRS0b6.webp,¥0.50,$0.07,,Lord Broadmane UNL-012/219 CN ¥0.50 EN $0.07
2026-09-18T19:27:37+00:00,https://bilgewatermarket.com/cards,Lotus Trap,foil,0.42,https://bilgewatermarket.com/cards/UNL-013?print_variation=foiled,foiled,https://bilgewatermarket.com/assets/UNL-013-EN-u80gWiY-.webp,¥0.52,$0.42,,Lotus Trap UNL-013/219 Foiled CN ¥0.52 EN $0.42
2026-09-18T19:27:37+00:00,https://bilgewatermarket.com/cards,Lotus Trap,nonfoil,0.14,https://bilgewatermarket.com/cards/UNL-013,normal,https://bilgewatermarket.com/assets/UNL-013-EN-u80gWiY-.webp,¥0.62,$0.14,,Lotus Trap UNL-013/219 CN ¥0.62 EN $0.14
2026-09-18T19:27:37+00:00,https://bilgewatermarket.com/cards,Monster Harpoon,foil,0.28,https://bilgewatermarket.com/cards/UNL-014?print_variation=foiled,foiled,https://bilgewatermarket.com/assets/UNL-014-EN-CaUBxiqe.webp,¥0.50,$0.28,,Monster Harpoon UNL-014/219 Foiled CN ¥0.50 EN $0.28
2026-09-18T19:27:37+00:00,https://bilgewatermarket.com/cards,Monster Harpoon,nonfoil,0.10,https://bilgewatermarket.com/cards/UNL-014,normal,https://bilgewatermarket.com/assets/UNL-014-EN-CaUBxiqe.webp,¥0.50,$0.10,,Monster Harpoon UNL-014/219 CN ¥0.50 EN $0.10
2026-09-18T19:27:37+00:00,https://bilgewatermarket.com/cards,Right of Conquest,foil,0.25,https://bilgewatermarket.com/cards/UNL-015?print_variation=foiled,foiled,https://bilgewatermarket.com/assets/UNL-015-EN-B42EzyGF.webp,¥0.89,$0.25,,Right of Conquest UNL-015/219 Foiled CN ¥0.89 EN $0.25
2026-09-18T19:27:37+00:00,https://bilgewatermarket.com/cards,Right of Conquest,nonfoil,0.07,https://bilgewatermarket.com/cards/UNL-015,normal,https://bilgewatermarket.com/assets/UNL-015-EN-B42EzyGF.webp,¥0.50,$0.07,,Right of Conquest UNL-015/219 CN ¥0.50 EN $0.07
2026-09-18T19:27:37+00:00,https://bilgewatermarket.com/cards,Scorchclaw,foil,0.17,https://bilgewatermarket.com/cards/UNL-016?print_variation=foiled,foiled,https://bilgewatermarket.com/assets/UNL-016-EN-3OZO5Mlz.webp,¥0.54,$0.17,,Scorchclaw UNL-016/219 Foiled CN ¥0.54 EN $0.17
2026-09-18T19:27:37+00:00,https://bilgewatermarket.com/cards,Scorchclaw,nonfoil,0.07,https://bilgewatermarket.com/cards/UNL-016,normal,https://bilgewatermarket.com/assets/UNL-016-EN-3OZO5Mlz.webp,¥0.50,$0.07,,Scorchclaw UNL-016/219 CN ¥0.50 EN $0.07
2026-09-18T19:27:37+00:00,https://bilgewatermarket.com/cards,Square Up,foil,0.43,https://bilgewatermarket.com/cards/UNL-017?print_variation=foiled,foiled,https://bilgewatermarket.com/assets/UNL-017-EN-CPM767zB.webp,¥1.47,$0.43,,Square Up UNL-017/219 Foiled CN ¥1.47 EN $0.43
2026-09-18T19:27:37+00:00,https://bilgewatermarket.com/cards,Square Up,nonfoil,0.09,https://bilgewatermarket.com/cards/UNL-017,normal,https://bilgewatermarket.com/assets/UNL-017-EN-CPM767zB.webp,¥0.51,$0.09,,Square Up UNL-017/219 CN ¥0.51 EN $0.09
2026-09-18T19:27:37+00:00,https://bilgewatermarket.com/cards,Yeti Brawler,foil,0.27,https://bilgewatermarket.com/cards/UNL-018?print_variation=foiled,foiled,https://bilgewatermarket.com/assets/UNL-018-EN-BB0id8KZ.webp,¥0.50,$0.27,,Yeti Brawler UNL-018/219 Foiled CN ¥0.50 EN $0.27
2026-09-18T19:27:37+00:00,https://bilgewatermarket.com/cards,Yeti Brawler,nonfoil,0.06,https://bilgewatermarket.com/cards/UNL-018,normal,https://bilgewatermarket.com/assets/UNL-018-EN-BB0id8KZ.webp,¥0.50,$0.06,,Yeti Brawler UNL-018/219 CN ¥0.50 EN $0.06
2026-09-18T19:27:37+00:00,https://bilgewatermarket.com/cards,Blighted Battleaxe,nonfoil,0.34,https://bilgewatermarket.com/cards/UNL-019,normal,https://bilgewatermarket.com/assets/UNL-019-EN-IfLOj2YF.webp,¥0.64,$0.34,,Blighted Battleaxe UNL-019/219 CN ¥0.64 EN $0.34
2026-09-18T19:27:37+00:00,https://bilgewatermarket.com/cards,Dancing Grenade,nonfoil,0.18,https://bilgewatermarket.com/cards/UNL-020,normal,https://bilgewatermarket.com/assets/UNL-020-EN-BG6DrdpA.webp,¥0.50,$0.18,,Dancing Grenade UNL-020/219 CN ¥0.50 EN $0.18
2026-09-18T19:27:37+00:00,https://bilgewatermarket.com/cards,Grim Apothecary,nonfoil,0.25,https://bilgewatermarket.com/cards/UNL-021,normal,https://bilgewatermarket.com/assets/UNL-021-EN-FBB4bbd0.webp,¥0.70,$0.25,,Grim Apothecary UNL-021/219 CN ¥0.70 EN $0.25
2026-09-18T19:27:37+00:00,https://bilgewatermarket.com/cards,"Jhin, Murderous Artist",nonfoil,0.27,https://bilgewatermarket.com/cards/UNL-022,normal,https://bilgewatermarket.com/assets/UNL-022-EN-n-k2I53n.webp,¥1.12,$0.27,,"Jhin, Murderous Artist UNL-022/219 CN ¥1.12 EN $0.27"
2026-09-18T19:27:37+00:00,https://bilgewatermarket.com/cards,"Jhin, Murderous Artist",nonfoil,7.10,https://bilgewatermarket.com/cards/UNL-022a?print_variation=showcase,showcase,https://bilgewatermarket.com/assets/UNL-022A-EN-CbrHneV0.webp,¥18.63,$7.10,,"Jhin, Murderous Artist UNL-022A/219 Showcase CN ¥18.63 EN $7.10"
2026-09-18T19:27:37+00:00,https://bilgewatermarket.com/cards,"Katarina, Reckless",nonfoil,0.25,https://bilgewatermarket.com/cards/UNL-023,normal,https://bilgewatermarket.com/assets/UNL-023-EN-CIpViq7N.webp,¥0.75,$0.25,,"Katarina, Reckless UNL-023/219 CN ¥0.75 EN $0.25"
2026-09-18T19:27:37+00:00,https://bilgewatermarket.com/cards,"Rengar, Unseen",nonfoil,0.33,https://bilgewatermarket.com/cards/UNL-024,normal,https://bilgewatermarket.com/assets/UNL-024-EN-CYpxJxUB.webp,¥0.64,$0.33,,"Rengar, Unseen UNL-024/219 CN ¥0.64 EN $0.33"
2026-09-18T19:27:37+00:00,https://bilgewatermarket.com/cards,"Rengar, Unseen",nonfoil,3.01,https://bilgewatermarket.com/cards/UNL-024a?print_variation=showcase,showcase,https://bilgewatermarket.com/assets/UNL-024a-EN-CkIZ_u3T.webp,¥4.32,$3.01,,"Rengar, Unseen UNL-024A/219 Showcase CN ¥4.32 EN $3.01"
2026-09-18T19:27:37+00:00,https://bilgewatermarket.com/cards,Undying Legion,nonfoil,0.16,https://bilgewatermarket.com/cards/UNL-025,normal,https://bilgewatermarket.com/assets/UNL-025-EN-BRINnkPv.webp,¥0.79,$0.16,,Undying Legion UNL-025/219 CN ¥0.79 EN $0.16
2026-09-18T19:27:37+00:00,https://bilgewatermarket.com/cards,"Xerath, Freed",nonfoil,0.19,https://bilgewatermarket.com/cards/UNL-026,normal,https://bilgewatermarket.com/assets/UNL-026-EN-BY-wSYk2.webp,¥0.52,$0.19,,"Xerath, Freed UNL-026/219 CN ¥0.52 EN $0.19"
2026-09-18T19:27:37+00:00,https://bilgewatermarket.com/cards,Inviolus Vox,nonfoil,0.50,https://bilgewatermarket.com/cards/UNL-027,normal,https://bilgewatermarket.com/assets/UNL-027-EN-H2fXIwNC.webp,¥1.23,$0.50,,Inviolus Vox UNL-027/219 CN ¥1.23 EN $0.50
2026-09-18T19:27:37+00:00,https://bilgewatermarket.com/cards,"Pyke, Dockside Butcher",nonfoil,17.04,https://bilgewatermarket.com/cards/UNL-028,normal,https://bilgewatermarket.com/assets/UNL-028-EN-SI5gVsXO.webp,¥11.36,$17.04,,"Pyke, Dockside Butcher UNL-028/219 CN ¥11.36 EN $17.04"
2026-09-18T19:27:37+00:00,https://bilgewatermarket.com/cards,"Pyke, Dockside Butcher",nonfoil,17.97,https://bilgewatermarket.com/cards/UNL-028a?print_variation=showcase,showcase,https://bilgewatermarket.com/assets/UNL-028a-EN-CfVRuC65.webp,¥16.53,$17.97,,"Pyke, Dockside Butcher UNL-028A/219 Showcase CN ¥16.53 EN $17.97"
2026-09-18T19:27:37+00:00,https://bilgewatermarket.com/cards,Red Brambleback,nonfoil,0.78,https://bilgewatermarket.com/cards/UNL-029,normal,https://bilgewatermarket.com/assets/UNL-029-EN-DXGcHPC8.webp,¥1.12,$0.78,,Red Brambleback UNL-029/219 CN ¥1.12 EN $0.78
2026-09-18T19:27:37+00:00,https://bilgewatermarket.com/cards,Red Brambleback,nonfoil,2.42,https://bilgewatermarket.com/cards/UNL-029a?print_variation=showcase,showcase,https://bilgewatermarket.com/assets/UNL-029a-EN-DjTliYJa.webp,¥3.16,$2.42,,Red Brambleback UNL-029A/219 Showcase CN ¥3.16 EN $2.42
2026-09-18T19:27:37+00:00,https://bilgewatermarket.com/cards,"Vi, Hotheaded",nonfoil,0.55,https://bilgewatermarket.com/cards/UNL-030,normal,https://bilgewatermarket.com/assets/UNL-030-EN-DbsfM_ea.webp,¥1.07,$0.55,,"Vi, Hotheaded UNL-030/219 CN ¥1.07 EN $0.55"
2026-09-18T19:27:37+00:00,https://bilgewatermarket.com/cards,"Vi, Hotheaded",nonfoil,4.66,https://bilgewatermarket.com/cards/UNL-030a?print_variation=showcase,showcase,https://bilgewatermarket.com/assets/UNL-030A-EN-Dq_3Nz_A.webp,¥2.22,$4.66,,"Vi, Hotheaded UNL-030A/219 Showcase CN ¥2.22 EN $4.66"
2026-09-18T19:27:37+00:00,https://bilgewatermarket.com/cards,Combat Experience,foil,0.10,https://bilgewatermarket.com/cards/UNL-031?print_variation=foiled,foiled,https://bilgewatermarket.com/assets/UNL-031-EN-DcNCiolo.webp,¥0.52,$0.10,,Combat Experience UNL-031/219 Foiled CN ¥0.52 EN $0.10
2026-09-18T19:27:37+00:00,https://bilgewatermarket.com/cards,Combat Experience,nonfoil,0.06,https://bilgewatermarket.com/cards/UNL-031,normal,https://bilgewatermarket.com/assets/UNL-031-EN-DcNCiolo.webp,¥0.50,$0.06,,Combat Experience UNL-031/219 CN ¥0.50 EN $0.06
2026-09-18T19:27:37+00:00,https://bilgewatermarket.com/cards,Double Trouble,foil,0.16,https://bilgewatermarket.com/cards/UNL-032?print_variation=foiled,foiled,https://bilgewatermarket.com/assets/UNL-032-EN-BOjYPd6q.webp,¥0.55,$0.16,,Double Trouble UNL-032/219 Foiled CN ¥0.55 EN $0.16
2026-09-18T19:27:37+00:00,https://bilgewatermarket.com/cards,Double Trouble,nonfoil,0.08,https://bilgewatermarket.com/cards/UNL-032,normal,https://bilgewatermarket.com/assets/UNL-032-EN-BOjYPd6q.webp,¥0.50,$0.08,,Double Trouble UNL-032/219 CN ¥0.50 EN $0.08
2026-09-18T19:27:37+00:00,https://bilgewatermarket.com/cards,Frisky Hunter,foil,0.23,https://bilgewatermarket.com/cards/UNL-033?print_variation=foiled,foiled,https://bilgewatermarket.com/assets/UNL-033-EN-BKds2bYj.webp,¥0.83,$0.23,,Frisky Hunter UNL-033/219 Foiled CN ¥0.83 EN $0.23
2026-09-18T19:27:37+00:00,https://bilgewatermarket.com/cards,Frisky Hunter,nonfoil,0.06,https://bilgewatermarket.com/cards/UNL-033,normal,https://bilgewatermarket.com/assets/UNL-033-EN-BKds2bYj.webp,¥0.50,$0.06,,Frisky Hunter UNL-033/219 CN ¥0.50 EN $0.06
2026-09-18T19:27:37+00:00,https://bilgewatermarket.com/cards,Herald of Spring,foil,0.12,https://bilgewatermarket.com/cards/UNL-034?print_variation=foiled,foiled,https://bilgewatermarket.com/assets/UNL-034-EN-Ck9gji2L.webp,¥0.99,$0.12,,Herald of Spring UNL-034/219 Foiled CN ¥0.99 EN $0.12
2026-09-18T19:27:37+00:00,https://bilgewatermarket.com/cards,Herald of Spring,nonfoil,0.04,https://bilgewatermarket.com/cards/UNL-034,normal,https://bilgewatermarket.com/assets/UNL-034-EN-Ck9gji2L.webp,¥0.50,$0.04,,Herald of Spring UNL-034/219 CN ¥0.50 EN $0.04
2026-09-18T19:27:37+00:00,https://bilgewatermarket.com/cards,Monch,foil,0.18,https://bilgewatermarket.com/cards/UNL-035?print_variation=foiled,foiled,https://bilgewatermarket.com/assets/UNL-035-EN-uM_-uM0w.webp,¥0.87,$0.18,,Monch UNL-035/219 Foiled CN ¥0.87 EN $0.18
2026-09-18T19:27:37+00:00,https://bilgewatermarket.com/cards,Monch,nonfoil,0.05,https://bilgewatermarket.com/cards/UNL-035,normal,https://bilgewatermarket.com/assets/UNL-035-EN-uM_-uM0w.webp,¥0.50,$0.05,,Monch UNL-035/219 CN ¥0.50 EN $0.05
2026-09-18T19:27:37+00:00,https://bilgewatermarket.com/cards,Mutated Mouser,foil,0.25,https://bilgewatermarket.com/cards/UNL-036?print_variation=foiled,foiled,https://bilgewatermarket.com/assets/UNL-036-EN-Bku3wAWV.webp,¥1.79,$0.25,,Mutated Mouser UNL-036/219 Foiled CN ¥1.79 EN $0.25
2026-09-18T19:27:37+00:00,https://bilgewatermarket.com/cards,Mutated Mouser,nonfoil,0.11,https://bilgewatermarket.com/cards/UNL-036,normal,https://bilgewatermarket.com/assets/UNL-036-EN-Bku3wAWV.webp,¥0.50,$0.11,,Mutated Mouser UNL-036/219 CN ¥0.50 EN $0.11
2026-09-18T19:27:37+00:00,https://bilgewatermarket.com/cards,Shadow Watcher,foil,0.15,https://bilgewatermarket.com/cards/UNL-037?print_variation=foiled,foiled,https://bilgewatermarket.com/assets/UNL-037-EN-DJxe6NSs.webp,¥0.50,$0.15,,Shadow Watcher UNL-037/219 Foiled CN ¥0.50 EN $0.15
2026-09-18T19:27:37+00:00,https://bilgewatermarket.com/cards,Shadow Watcher,nonfoil,0.04,https://bilgewatermarket.com/cards/UNL-037,normal,https://bilgewatermarket.com/assets/UNL-037-EN-DJxe6NSs.webp,¥0.50,$0.04,,Shadow Watcher UNL-037/219 CN ¥0.50 EN $0.04
2026-09-18T19:27:37+00:00,https://bilgewatermarket.com/cards,Skyward Strike,foil,0.20,https://bilgewatermarket.com/cards/UNL-038?print_variation=foiled,foiled,https://bilgewatermarket.com/assets/UNL-038-EN-Db8QhD6T.webp,¥1.03,$0.20,,Skyward Strike UNL-038/219 Foiled CN ¥1.03 EN $0.20
2026-09-18T19:27:37+00:00,https://bilgewatermarket.com/cards,Skyward Strike,nonfoil,0.08,https://bilgewatermarket.com/cards/UNL-038,normal,https://bilgewatermarket.com/assets/UNL-038-EN-Db8QhD6T.webp,¥0.50,$0.08,,Skyward Strike UNL-038/219 CN ¥0.50 EN $0.08
2026-09-18T19:27:37+00:00,https://bilgewatermarket.com/cards,Soul Sword,foil,0.29,https://bilgewatermarket.com/cards/UNL-039?print_variation=foiled,foiled,https://bilgewatermarket.com/assets/UNL-039-EN-LuonHqwB.webp,¥0.94,$0.29,,Soul Sword UNL-039/219 Foiled CN ¥0.94 EN $0.29
2026-09-18T19:27:37+00:00,https://bilgewatermarket.com/cards,Soul Sword,nonfoil,0.07,https://bilgewatermarket.com/cards/UNL-039,normal,https://bilgewatermarket.com/assets/UNL-039-EN-LuonHqwB.webp,¥0.52,$0.07,,Soul Sword UNL-039/219 CN ¥0.52 EN $0.07
2026-09-18T19:27:37+00:00,https://bilgewatermarket.com/cards,Wuju Apprentice,foil,0.16,https://bilgewatermarket.com/cards/UNL-040?print_variation=foiled,foiled,https://bilgewatermarket.com/assets/UNL-040-EN-DVqrXEo3.webp,¥0.98,$0.16,,Wuju Apprentice UNL-040/219 Foiled CN ¥0.98 EN $0.16
2026-09-18T19:27:37+00:00,https://bilgewatermarket.com/cards,Wuju Apprentice,nonfoil,0.07,https://bilgewatermarket.com/cards/UNL-040,normal,https://bilgewatermarket.com/assets/UNL-040-EN-DVqrXEo3.webp,¥0.51,$0.07,,Wuju Apprentice UNL-040/219 CN ¥0.51 EN $0.07
2026-09-18T19:27:37+00:00,https://bilgewatermarket.com/cards,"Allay, Eager Admirer",foil,0.42,https://bilgewatermarket.com/cards/UNL-041?print_variation=foiled,foiled,https://bilgewatermarket.com/assets/UNL-041-EN-NXNqRn-y.webp,¥1.51,$0.42,,"Allay, Eager Admirer UNL-041/219 Foiled CN ¥1.51 EN $0.42"
2026-09-18T19:27:37+00:00,https://bilgewatermarket.com/cards,"Allay, Eager Admirer",nonfoil,0.15,https://bilgewatermarket.com/cards/UNL-041,normal,https://bilgewatermarket.com/assets/UNL-041-EN-NXNqRn-y.webp,¥0.67,$0.15,,"Allay, Eager Admirer UNL-041/219 CN ¥0.67 EN $0.15"
2026-09-18T19:27:37+00:00,https://bilgewatermarket.com/cards,Back Off,foil,1.29,https://bilgewatermarket.com/cards/UNL-042?print_variation=foiled,foiled,https://bilgewatermarket.com/assets/UNL-042-EN-Buern1l2.webp,¥6.39,$1.29,,Back Off UNL-042/219 Foiled CN ¥6.39 EN $1.29
2026-09-18T19:27:37+00:00,https://bilgewatermarket.com/cards,Back Off,nonfoil,0.24,https://bilgewatermarket.com/cards/UNL-042,normal,https://bilgewatermarket.com/assets/UNL-042-EN-Buern1l2.webp,¥2.01,$0.24,,Back Off UNL-042/219 CN ¥2.01 EN $0.24
2026-09-18T19:27:37+00:00,https://bilgewatermarket.com/cards,Enthusiastic Promoter,foil,0.20,https://bilgewatermarket.com/cards/UNL-043?print_variation=foiled,foiled,https://bilgewatermarket.com/assets/UNL-043-EN-Rhl5y_aE.webp,¥0.50,$0.20,,Enthusiastic Promoter UNL-043/219 Foiled CN ¥0.50 EN $0.20
2026-09-18T19:27:37+00:00,https://bilgewatermarket.com/cards,Enthusiastic Promoter,nonfoil,0.08,https://bilgewatermarket.com/cards/UNL-043,normal,https://bilgewatermarket.com/assets/UNL-043-EN-Rhl5y_aE.webp,¥0.50,$0.08,,Enthusiastic Promoter UNL-043/219 CN ¥0.50 EN $0.08
2026-09-18T19:27:37+00:00,https://bilgewatermarket.com/cards,Flurry of Feathers,foil,0.48,https://bilgewatermarket.com/cards/UNL-044?print_variation=foiled,foiled,https://bilgewatermarket.com/assets/UNL-044-EN-0dmkpnLh.webp,¥2.50,$0.48,,Flurry of Feathers UNL-044/219 Foiled CN ¥2.50 EN $0.48
2026-09-18T19:27:37+00:00,https://bilgewatermarket.com/cards,Flurry of Feathers,nonfoil,0.16,https://bilgewatermarket.com/cards/UNL-044,normal,https://bilgewatermarket.com/assets/UNL-044-EN-0dmkpnLh.webp,¥0.99,$0.16,,Flurry of Feathers UNL-044/219 CN ¥0.99 EN $0.16
2026-09-18T19:27:37+00:00,https://bilgewatermarket.com/cards,Forgotten Signpost,foil,0.36,https://bilgewatermarket.com/cards/UNL-045?print_variation=foiled,foiled,https://bilgewatermarket.com/assets/UNL-045-EN-COEbARo5.webp,¥1.10,$0.36,,Forgotten Signpost UNL-045/219 Foiled CN ¥1.10 EN $0.36
2026-09-18T19:27:37+00:00,https://bilgewatermarket.com/cards,Forgotten Signpost,nonfoil,0.13,https://bilgewatermarket.com/cards/UNL-045,normal,https://bilgewatermarket.com/assets/UNL-045-EN-COEbARo5.webp,¥0.52,$0.13,,Forgotten Signpost UNL-045/219 CN ¥0.52 EN $0.13
2026-09-18T19:27:37+00:00,https://bilgewatermarket.com/cards,Friendship,foil,0.37,https://bilgewatermarket.com/cards/UNL-046?print_variation=foiled,foiled,https://bilgewatermarket.com/assets/UNL-046-EN-BW2olehp.webp,¥1.76,$0.37,,Friendship UNL-046/219 Foiled CN ¥1.76 EN $0.37
2026-09-18T19:27:37+00:00,https://bilgewatermarket.com/cards,Friendship,nonfoil,0.14,https://bilgewatermarket.com/cards/UNL-046,normal,https://bilgewatermarket.com/assets/UNL-046-EN-BW2olehp.webp,¥0.56,$0.14,,Friendship UNL-046/219 CN ¥0.56 EN $0.14
2026-09-18T19:27:37+00:00,https://bilgewatermarket.com/cards,Mosstomper,foil,0.28,https://bilgewatermarket.com/cards/UNL-047?print_variation=foiled,foiled,https://bilgewatermarket.com/assets/UNL-047-EN-By0s-ZLa.webp,¥0.50,$0.28,,Mosstomper UNL-047/219 Foiled CN ¥0.50 EN $0.28
2026-09-18T19:27:37+00:00,https://bilgewatermarket.com/cards,Mosstomper,nonfoil,0.09,https://bilgewatermarket.com/cards/UNL-047,normal,https://bilgewatermarket.com/assets/UNL-047-EN-By0s-ZLa.webp,¥0.50,$0.09,,Mosstomper UNL-047/219 CN ¥0.50 EN $0.09
2026-09-18T19:27:37+00:00,https://bilgewatermarket.com/cards,Trevor Snoozebottom,foil,0.21,https://bilgewatermarket.com/cards/UNL-048?print_variation=foiled,foiled,https://bilgewatermarket.com/assets/UNL-048-EN-BId4iV5T.webp,¥1.59,$0.21,,Trevor Snoozebottom UNL-048/219 Foiled CN ¥1.59 EN $0.21
2026-09-18T19:27:37+00:00,https://bilgewatermarket.com/cards,Trevor Snoozebottom,nonfoil,0.08,https://bilgewatermarket.com/cards/UNL-048,normal,https://bilgewatermarket.com/assets/UNL-048-EN-BId4iV5T.webp,¥0.52,$0.08,,Trevor Snoozebottom UNL-048/219 CN ¥0.52 EN $0.08
2026-09-18T19:27:37+00:00,https://bilgewatermarket.com/cards,Honeyfruit,nonfoil,0.25,https://bilgewatermarket.com/cards/UNL-049,normal,https://bilgewatermarket.com/assets/UNL-049-EN-BKOQBB8R.webp,¥1.17,$0.25,,Honeyfruit UNL-049/219 CN ¥1.17 EN $0.25
2026-09-18T19:27:37+00:00,https://bilgewatermarket.com/cards,Iascylla,nonfoil,0.15,https://bilgewatermarket.com/cards/UNL-050,normal,https://bilgewatermarket.com/assets/UNL-050-EN-BjvNso48.webp,¥0.50,$0.15,,Iascylla UNL-050/219 CN ¥0.50 EN $0.15
2026-09-18T19:27:37+00:00,https://bilgewatermarket.com/cards,"Ivern, Nurturer",nonfoil,0.18,https://bilgewatermarket.com/cards/UNL-051,normal,https://bilgewatermarket.com/assets/UNL-051-EN-Do8PHT-3.webp,¥0.53,$0.18,,"Ivern, Nurturer UNL-051/219 CN ¥0.53 EN $0.18"
2026-09-18T19:27:37+00:00,https://bilgewatermarket.com/cards,"Ivern, Nurturer",nonfoil,1.93,https://bilgewatermarket.com/cards/UNL-051a?print_variation=showcase,showcase,https://bilgewatermarket.com/assets/UNL-051A-EN-LSfJSKRl.webp,¥2.22,$1.93,,"Ivern, Nurturer UNL-051A/219 Showcase CN ¥2.22 EN $1.93"
2026-09-18T19:27:37+00:00,https://bilgewatermarket.com/cards,"Nami, Headstrong",nonfoil,0.29,https://bilgewatermarket.com/cards/UNL-052,normal,https://bilgewatermarket.com/assets/UNL-052-EN-C3Cxj-wz.webp,¥1.08,$0.29,,"Nami, Headstrong UNL-052/219 CN ¥1.08 EN $0.29"
2026-09-18T19:27:37+00:00,https://bilgewatermarket.com/cards,Scuttle Crab,nonfoil,3.66,https://bilgewatermarket.com/cards/UNL-053,normal,https://bilgewatermarket.com/assets/UNL-053-EN-B_4pY2K1.webp,¥16.76,$3.66,,Scuttle Crab UNL-053/219 CN ¥16.76 EN $3.66
2026-09-18T19:27:37+00:00,https://bilgewatermarket.com/cards,Tricksy Tentacles,nonfoil,0.20,https://bilgewatermarket.com/cards/UNL-054,normal,https://bilgewatermarket.com/assets/UNL-054-EN-a_y_-az3.webp,¥1.13,$0.20,,Tricksy Tentacles UNL-054/219 CN ¥1.13 EN $0.20
2026-09-18T19:27:37+00:00,https://bilgewatermarket.com/cards,"Vex, Mocking",nonfoil,0.17,https://bilgewatermarket.com/cards/UNL-055,normal,https://bilgewatermarket.com/assets/UNL-055-EN-Bm-HvfJO.webp,¥0.72,$0.17,,"Vex, Mocking UNL-055/219 CN ¥0.72 EN $0.17"
2026-09-18T19:27:37+00:00,https://bilgewatermarket.com/cards,"Vex, Mocking",nonfoil,2.42,https://bilgewatermarket.com/cards/UNL-055a?print_variation=showcase,showcase,https://bilgewatermarket.com/assets/UNL-055a-EN-CY2pbK3d.webp,¥3.59,$2.42,,"Vex, Mocking UNL-055A/219 Showcase CN ¥3.59 EN $2.42"
2026-09-18T19:27:37+00:00,https://bilgewatermarket.com/cards,"Yuumi, Magical Cat",nonfoil,0.21,https://bilgewatermarket.com/cards/UNL-056,normal,https://bilgewatermarket.com/assets/UNL-056-EN-B1w1m3yk.webp,¥0.61,$0.21,,"Yuumi, Magical Cat UNL-056/219 CN ¥0.61 EN $0.21"
2026-09-18T19:27:37+00:00,https://bilgewatermarket.com/cards,Alpha Wildclaw,nonfoil,0.62,https://bilgewatermarket.com/cards/UNL-057,normal,https://bilgewatermarket.com/assets/UNL-057-EN-C74Gh3Ub.webp,¥4.25,$0.62,,Alpha Wildclaw UNL-057/219 CN ¥4.25 EN $0.62
2026-09-18T19:27:37+00:00,https://bilgewatermarket.com/cards,"Lillia, Protector of Dreams",nonfoil,0.71,https://bilgewatermarket.com/cards/UNL-058,normal,https://bilgewatermarket.com/assets/UNL-058-EN-BcGzJVH9.webp,¥1.17,$0.71,,"Lillia, Protector of Dreams UNL-058/219 CN ¥1.17 EN $0.71"
2026-09-18T19:27:37+00:00,https://bilgewatermarket.com/cards,"Lillia, Protector of Dreams",nonfoil,7.43,https://bilgewatermarket.com/cards/UNL-058a?print_variation=showcase,showcase,https://bilgewatermarket.com/assets/UNL-058A-EN-CG9hoIX4.webp,¥5.10,$7.43,,"Lillia, Protector of Dreams UNL-058A/219 Showcase CN ¥5.10 EN $7.43"
2026-09-18T19:27:37+00:00,https://bilgewatermarket.com/cards,"Master Yi, Unstoppable",nonfoil,1.00,https://bilgewatermarket.com/cards/UNL-059,normal,https://bilgewatermarket.com/assets/UNL-059-EN-Dk7qRV9R.webp,¥3.91,$1.00,,"Master Yi, Unstoppable UNL-059/219 CN ¥3.91 EN $1.00"
2026-09-18T19:27:37+00:00,https://bilgewatermarket.com/cards,"Master Yi, Unstoppable",nonfoil,3.76,https://bilgewatermarket.com/cards/UNL-059a?print_variation=showcase,showcase,https://bilgewatermarket.com/assets/UNL-059A-EN-CQk9HuBe.webp,¥10.04,$3.76,,"Master Yi, Unstoppable UNL-059A/219 Showcase CN ¥10.04 EN $3.76"
2026-09-18T19:27:37+00:00,https://bilgewatermarket.com/cards,Vilemaw,nonfoil,21.84,https://bilgewatermarket.com/cards/UNL-060,normal,https://bilgewatermarket.com/assets/UNL-060-EN-BUcVHge1.webp,¥38.93,$21.84,,Vilemaw UNL-060/219 CN ¥38.93 EN $21.84
2026-09-18T19:27:37+00:00,https://bilgewatermarket.com/cards,Vilemaw,nonfoil,23.72,https://bilgewatermarket.com/cards/UNL-060a?print_variation=showcase,showcase,https://bilgewatermarket.com/assets/UNL-060A-EN-BCQMqWKV.webp,¥45.81,$23.72,,Vilemaw UNL-060A/219 Showcase CN ¥45.81 EN $23.72
2026-09-18T19:27:37+00:00,https://bilgewatermarket.com/cards,Downstage Dramatics,foil,0.25,https://bilgewatermarket.com/cards/UNL-061?print_variation=foiled,foiled,https://bilgewatermarket.com/assets/UNL-061-EN-tm1hOwmc.webp,¥1.16,$0.25,,Downstage Dramatics UNL-061/219 Foiled CN ¥1.16 EN $0.25
2026-09-18T19:27:37+00:00,https://bilgewatermarket.com/cards,Downstage Dramatics,nonfoil,0.05,https://bilgewatermarket.com/cards/UNL-061,normal,https://bilgewatermarket.com/assets/UNL-061-EN-tm1hOwmc.webp,¥0.59,$0.05,,Downstage Dramatics UNL-061/219 CN ¥0.59 EN $0.05
2026-09-18T19:27:37+00:00,https://bilgewatermarket.com/cards,Dramatic Visionary,foil,0.16,https://bilgewatermarket.com/cards/UNL-062?print_variation=foiled,foiled,https://bilgewatermarket.com/assets/UNL-062-EN-BizGwpBK.webp,¥0.50,$0.16,,Dramatic Visionary UNL-062/219 Foiled CN ¥0.50 EN $0.16
2026-09-18T19:27:37+00:00,https://bilgewatermarket.com/cards,Dramatic Visionary,nonfoil,0.05,https://bilgewatermarket.com/cards/UNL-062,normal,https://bilgewatermarket.com/assets/UNL-062-EN-BizGwpBK.webp,¥0.51,$0.05,,Dramatic Visionary UNL-062/219 CN ¥0.51 EN $0.05
2026-09-18T19:27:37+00:00,https://bilgewatermarket.com/cards,Eclipse,foil,0.31,https://bilgewatermarket.com/cards/UNL-063?print_variation=foiled,foiled,https://bilgewatermarket.com/assets/UNL-063-EN-Blu5QzRZ.webp,¥1.50,$0.31,,Eclipse UNL-063/219 Foiled CN ¥1.50 EN $0.31
2026-09-18T19:27:37+00:00,https://bilgewatermarket.com/cards,Eclipse,nonfoil,0.09,https://bilgewatermarket.com/cards/UNL-063,normal,https://bilgewatermarket.com/assets/UNL-063-EN-Blu5QzRZ.webp,¥0.55,$0.09,,Eclipse UNL-063/219 CN ¥0.55 EN $0.09
2026-09-18T19:27:37+00:00,https://bilgewatermarket.com/cards,Fate Weaver,foil,0.11,https://bilgewatermarket.com/cards/UNL-064?print_variation=foiled,foiled,https://bilgewatermarket.com/assets/UNL-064-EN-CpmHBHPZ.webp,¥0.50,$0.11,,Fate Weaver UNL-064/219 Foiled CN ¥0.50 EN $0.11
2026-09-18T19:27:37+00:00,https://bilgewatermarket.com/cards,Fate Weaver,nonfoil,0.04,https://bilgewatermarket.com/cards/UNL-064,normal,https://bilgewatermarket.com/assets/UNL-064-EN-CpmHBHPZ.webp,¥0.50,$0.04,,Fate Weaver UNL-064/219 CN ¥0.50 EN $0.04
2026-09-18T19:27:37+00:00,https://bilgewatermarket.com/cards,Icevale Archer,foil,0.12,https://bilgewatermarket.com/cards/UNL-065?print_variation=foiled,foiled,https://bilgewatermarket.com/assets/UNL-065-EN-Dyqtymor.webp,¥0.50,$0.12,,Icevale Archer UNL-065/219 Foiled CN ¥0.50 EN $0.12
2026-09-18T19:27:37+00:00,https://bilgewatermarket.com/cards,Icevale Archer,nonfoil,0.05,https://bilgewatermarket.com/cards/UNL-065,normal,https://bilgewatermarket.com/assets/UNL-065-EN-Dyqtymor.webp,¥0.51,$0.05,,Icevale Archer UNL-065/219 CN ¥0.51 EN $0.05
2026-09-18T19:27:37+00:00,https://bilgewatermarket.com/cards,Moonlight Affliction,foil,0.16,https://bilgewatermarket.com/cards/UNL-066?print_variation=foiled,foiled,https://bilgewatermarket.com/assets/UNL-066-EN-BZqDZFpx.webp,¥0.90,$0.16,,Moonlight Affliction UNL-066/219 Foiled CN ¥0.90 EN $0.16
2026-09-18T19:27:37+00:00,https://bilgewatermarket.com/cards,Moonlight Affliction,nonfoil,0.05,https://bilgewatermarket.com/cards/UNL-066,normal,https://bilgewatermarket.com/assets/UNL-066-EN-BZqDZFpx.webp,¥0.50,$0.05,,Moonlight Affliction UNL-066/219 CN ¥0.50 EN $0.05
2026-09-18T19:27:37+00:00,https://bilgewatermarket.com/cards,Ruined Rex,foil,0.25,https://bilgewatermarket.com/cards/UNL-067?print_variation=foiled,foiled,https://bilgewatermarket.com/assets/UNL-067-EN-VCtsAkY8.webp,¥1.12,$0.25,,Ruined Rex UNL-067/219 Foiled CN ¥1.12 EN $0.25
2026-09-18T19:27:37+00:00,https://bilgewatermarket.com/cards,Ruined Rex,nonfoil,0.08,https://bilgewatermarket.com/cards/UNL-067,normal,https://bilgewatermarket.com/assets/UNL-067-EN-VCtsAkY8.webp,¥0.52,$0.08,,Ruined Rex UNL-067/219 CN ¥0.52 EN $0.08
2026-09-18T19:27:37+00:00,https://bilgewatermarket.com/cards,Spectral Centaur,foil,0.12,https://bilgewatermarket.com/cards/UNL-068?print_variation=foiled,foiled,https://bilgewatermarket.com/assets/UNL-068-EN-CF86_zxr.webp,¥0.50,$0.12,,Spectral Centaur UNL-068/219 Foiled CN ¥0.50 EN $0.12
2026-09-18T19:27:37+00:00,https://bilgewatermarket.com/cards,Spectral Centaur,nonfoil,0.04,https://bilgewatermarket.com/cards/UNL-068,normal,https://bilgewatermarket.com/assets/UNL-068-EN-CF86_zxr.webp,¥0.50,$0.04,,Spectral Centaur UNL-068/219 CN ¥0.50 EN $0.04
2026-09-18T19:27:37+00:00,https://bilgewatermarket.com/cards,Sprite Burst,foil,0.34,https://bilgewatermarket.com/cards/UNL-069?print_variation=foiled,foiled,https://bilgewatermarket.com/assets/UNL-069-EN-nzdFEtn2.webp,¥2.46,$0.34,,Sprite Burst UNL-069/219 Foiled CN ¥2.46 EN $0.34
2026-09-18T19:27:37+00:00,https://bilgewatermarket.com/cards,Sprite Burst,nonfoil,0.11,https://bilgewatermarket.com/cards/UNL-069,normal,https://bilgewatermarket.com/assets/UNL-069-EN-nzdFEtn2.webp,¥0.54,$0.11,,Sprite Burst UNL-069/219 CN ¥0.54 EN $0.11
2026-09-18T19:27:37+00:00,https://bilgewatermarket.com/cards,Turn to Dust,foil,0.92,https://bilgewatermarket.com/cards/UNL-070?print_variation=foiled,foiled,https://bilgewatermarket.com/assets/UNL-070-EN-Dfd5N5TK.webp,¥2.11,$0.92,,Turn to Dust UNL-070/219 Foiled CN ¥2.11 EN $0.92
2026-09-18T19:27:37+00:00,https://bilgewatermarket.com/cards,Turn to Dust,nonfoil,0.12,https://bilgewatermarket.com/cards/UNL-070,normal,https://bilgewatermarket.com/assets/UNL-070-EN-Dfd5N5TK.webp,¥0.53,$0.12,,Turn to Dust UNL-070/219 CN ¥0.53 EN $0.12
2026-09-18T19:27:37+00:00,https://bilgewatermarket.com/cards,Chakram Dancer,foil,0.19,https://bilgewatermarket.com/cards/UNL-071?print_variation=foiled,foiled,https://bilgewatermarket.com/assets/UNL-071-EN-B-mjlYQn.webp,¥1.42,$0.19,,Chakram Dancer UNL-071/219 Foiled CN ¥1.42 EN $0.19
2026-09-18T19:27:37+00:00,https://bilgewatermarket.com/cards,Chakram Dancer,nonfoil,0.12,https://bilgewatermarket.com/cards/UNL-071,normal,https://bilgewatermarket.com/assets/UNL-071-EN-B-mjlYQn.webp,¥0.51,$0.12,,Chakram Dancer UNL-071/219 CN ¥0.51 EN $0.12
2026-09-18T19:27:37+00:00,https://bilgewatermarket.com/cards,Crescent Strike,foil,0.28,https://bilgewatermarket.com/cards/UNL-072?print_variation=foiled,foiled,https://bilgewatermarket.com/assets/UNL-072-EN-Bf53vKDM.webp,¥1.51,$0.28,,Crescent Strike UNL-072/219 Foiled CN ¥1.51 EN $0.28
2026-09-18T19:27:37+00:00,https://bilgewatermarket.com/cards,Crescent Strike,nonfoil,0.09,https://bilgewatermarket.com/cards/UNL-072,normal,https://bilgewatermarket.com/assets/UNL-072-EN-Bf53vKDM.webp,¥0.52,$0.09,,Crescent Strike UNL-072/219 CN ¥0.52 EN $0.09
2026-09-18T19:27:37+00:00,https://bilgewatermarket.com/cards,Deadly Flourish,foil,5.58,https://bilgewatermarket.com/cards/UNL-073?print_variation=foiled,foiled,https://bilgewatermarket.com/assets/UNL-073-EN-C5jm9cDL.webp,¥2.78,$5.58,,Deadly Flourish UNL-073/219 Foiled CN ¥2.78 EN $5.58
2026-09-18T19:27:37+00:00,https://bilgewatermarket.com/cards,Deadly Flourish,nonfoil,0.30,https://bilgewatermarket.com/cards/UNL-073,normal,https://bilgewatermarket.com/assets/UNL-073-EN-C5jm9cDL.webp,¥0.77,$0.30,,Deadly Flourish UNL-073/219 CN ¥0.77 EN $0.30
2026-09-18T19:27:37+00:00,https://bilgewatermarket.com/cards,Frigid Jewel,foil,0.51,https://bilgewatermarket.com/cards/UNL-074?print_variation=foiled,foiled,https://bilgewatermarket.com/assets/UNL-074-EN-DhLBIaAJ.webp,¥1.42,$0.51,,Frigid Jewel UNL-074/219 Foiled CN ¥1.42 EN $0.51
2026-09-18T19:27:37+00:00,https://bilgewatermarket.com/cards,Frigid Jewel,nonfoil,0.12,https://bilgewatermarket.com/cards/UNL-074,normal,https://bilgewatermarket.com/assets/UNL-074-EN-DhLBIaAJ.webp,¥0.59,$0.12,,Frigid Jewel UNL-074/219 CN ¥0.59 EN $0.12
2026-09-18T19:27:37+00:00,https://bilgewatermarket.com/cards,Gustwalker,foil,0.28,https://bilgewatermarket.com/cards/UNL-075?print_variation=foiled,foiled,https://bilgewatermarket.com/assets/UNL-075-EN-DMd-ptQm.webp,¥0.70,$0.28,,Gustwalker UNL-075/219 Foiled CN ¥0.70 EN $0.28
2026-09-18T19:27:37+00:00,https://bilgewatermarket.com/cards,Gustwalker,nonfoil,0.12,https://bilgewatermarket.com/cards/UNL-075,normal,https://bilgewatermarket.com/assets/UNL-075-EN-DMd-ptQm.webp,¥0.50,$0.12,,Gustwalker UNL-075/219 CN ¥0.50 EN $0.12
2026-09-18T19:27:37+00:00,https://bilgewatermarket.com/cards,Petal Pixie,foil,0.26,https://bilgewatermarket.com/cards/UNL-076?print_variation=foiled,foiled,https://bilgewatermarket.com/assets/UNL-076-EN-BfONaq_I.webp,¥1.00,$0.26,,Petal Pixie UNL-076/219 Foiled CN ¥1.00 EN $0.26
2026-09-18T19:27:37+00:00,https://bilgewatermarket.com/cards,Petal Pixie,nonfoil,0.11,https://bilgewatermarket.com/cards/UNL-076,normal,https://bilgewatermarket.com/assets/UNL-076-EN-BfONaq_I.webp,¥0.53,$0.11,,Petal Pixie UNL-076/219 CN ¥0.53 EN $0.11
2026-09-18T19:27:37+00:00,https://bilgewatermarket.com/cards,Soul Shepherd,foil,0.31,https://bilgewatermarket.com/cards/UNL-077?print_variation=foiled,foiled,https://bilgewatermarket.com/assets/UNL-077-EN-DuzYbmwh.webp,¥0.72,$0.31,,Soul Shepherd UNL-077/219 Foiled CN ¥0.72 EN $0.31
2026-09-18T19:27:37+00:00,https://bilgewatermarket.com/cards,Soul Shepherd,nonfoil,0.12,https://bilgewatermarket.com/cards/UNL-077,normal,https://bilgewatermarket.com/assets/UNL-077-EN-DuzYbmwh.webp,¥0.50,$0.12,,Soul Shepherd UNL-077/219 CN ¥0.50 EN $0.12
2026-09-18T19:27:37+00:00,https://bilgewatermarket.com/cards,Sprite Fountain,foil,7.53,https://bilgewatermarket.com/cards/UNL-078?print_variation=foiled,foiled,https://bilgewatermarket.com/assets/UNL-078-EN-DLS_b69H.webp,¥5.11,$7.53,,Sprite Fountain UNL-078/219 Foiled CN ¥5.11 EN $7.53
2026-09-18T19:27:37+00:00,https://bilgewatermarket.com/cards,Sprite Fountain,nonfoil,3.27,https://bilgewatermarket.com/cards/UNL-078,normal,https://bilgewatermarket.com/assets/UNL-078-EN-DLS_b69H.webp,¥2.13,$3.27,,Sprite Fountain UNL-078/219 CN ¥2.13 EN $3.27
2026-09-18T19:27:37+00:00,https://bilgewatermarket.com/cards,"Diana, Lunari",nonfoil,0.19,https://bilgewatermarket.com/cards/UNL-079,normal,https://bilgewatermarket.com/assets/UNL-079-EN-DCLt2sli.webp,¥0.97,$0.19,,"Diana, Lunari UNL-079/219 CN ¥0.97 EN $0.19"
2026-09-18T19:27:37+00:00,https://bilgewatermarket.com/cards,"Diana, Lunari",nonfoil,5.98,https://bilgewatermarket.com/cards/UNL-079a?print_variation=showcase,showcase,https://bilgewatermarket.com/assets/UNL-079a-EN-C-UIvsBz.webp,¥12.55,$5.98,,"Diana, Lunari UNL-079A/219 Showcase CN ¥12.55 EN $5.98"
2026-09-18T19:27:37+00:00,https://bilgewatermarket.com/cards,"Hwei, Brooding Painter",nonfoil,3.19,https://bilgewatermarket.com/cards/UNL-080,normal,https://bilgewatermarket.com/assets/UNL-080-EN-cpnGEpWi.webp,¥2.98,$3.19,,"Hwei, Brooding Painter UNL-080/219 CN ¥2.98 EN $3.19"
2026-09-18T19:27:37+00:00,https://bilgewatermarket.com/cards,Keeper of Masks,nonfoil,0.18,https://bilgewatermarket.com/cards/UNL-081,normal,https://bilgewatermarket.com/assets/UNL-081-EN-BD2ihnle.webp,¥0.59,$0.18,,Keeper of Masks UNL-081/219 CN ¥0.59 EN $0.18
2026-09-18T19:27:37+00:00,https://bilgewatermarket.com/cards,"Lillia, Fae Fawn",nonfoil,0.41,https://bilgewatermarket.com/cards/UNL-082,normal,https://bilgewatermarket.com/assets/UNL-082-EN-D4h2dWaw.webp,¥0.66,$0.41,,"Lillia, Fae Fawn UNL-082/219 CN ¥0.66 EN $0.41"
2026-09-18T19:27:37+00:00,https://bilgewatermarket.com/cards,"Lillia, Fae Fawn",nonfoil,9.04,https://bilgewatermarket.com/cards/UNL-082a?print_variation=showcase,showcase,https://bilgewatermarket.com/assets/UNL-082a-EN-BGn8VW3r.webp,¥11.93,$9.04,,"Lillia, Fae Fawn UNL-082A/219 Showcase CN ¥11.93 EN $9.04"
2026-09-18T19:27:37+00:00,https://bilgewatermarket.com/cards,Smoke and Mirrors,nonfoil,0.66,https://bilgewatermarket.com/cards/UNL-083,normal,https://bilgewatermarket.com/assets/UNL-083-EN-gBPEIMmK.webp,¥1.40,$0.66,,Smoke and Mirrors UNL-083/219 CN ¥1.40 EN $0.66
2026-09-18T19:27:37+00:00,https://bilgewatermarket.com/cards,Sprite Queen,nonfoil,0.27,https://bilgewatermarket.com/cards/UNL-084,normal,https://bilgewatermarket.com/assets/UNL-084-EN-X2XeQDWh.webp,¥1.13,$0.27,,Sprite Queen UNL-084/219 CN ¥1.13 EN $0.27
2026-09-18T19:27:37+00:00,https://bilgewatermarket.com/cards,Sumpworks Map,nonfoil,0.15,https://bilgewatermarket.com/cards/UNL-085,normal,https://bilgewatermarket.com/assets/UNL-085-EN-lI2aHH3Y.webp,¥0.66,$0.15,,Sumpworks Map UNL-085/219 CN ¥0.66 EN $0.15
2026-09-18T19:27:37+00:00,https://bilgewatermarket.com/cards,"Zilean, Time Mage",nonfoil,0.21,https://bilgewatermarket.com/cards/UNL-086,normal,https://bilgewatermarket.com/assets/UNL-086-EN-82c5Y-k9.webp,¥0.57,$0.21,,"Zilean, Time Mage UNL-086/219 CN ¥0.57 EN $0.21"
2026-09-18T19:27:37+00:00,https://bilgewatermarket.com/cards,Blue Sentinel,nonfoil,2.42,https://bilgewatermarket.com/cards/UNL-087,normal,https://bilgewatermarket.com/assets/UNL-087-EN-Cqi4CbxN.webp,¥2.54,$2.42,,Blue Sentinel UNL-087/219 CN ¥2.54 EN $2.42
2026-09-18T19:27:37+00:00,https://bilgewatermarket.com/cards,Blue Sentinel,nonfoil,5.22,https://bilgewatermarket.com/cards/UNL-087a?print_variation=showcase,showcase,https://bilgewatermarket.com/assets/UNL-087A-EN-qJwqaLaJ.webp,¥5.58,$5.22,,Blue Sentinel UNL-087A/219 Showcase CN ¥5.58 EN $5.22
2026-09-18T19:27:37+00:00,https://bilgewatermarket.com/cards,Gutter Palace,nonfoil,1.03,https://bilgewatermarket.com/cards/UNL-088,normal,https://bilgewatermarket.com/assets/UNL-088-EN-DE_65eAp.webp,¥5.14,$1.03,,Gutter Palace UNL-088/219 CN ¥5.14 EN $1.03
2026-09-18T19:27:37+00:00,https://bilgewatermarket.com/cards,"Jhin, Meticulous Killer",nonfoil,1.71,https://bilgewatermarket.com/cards/UNL-089,normal,https://bilgewatermarket.com/assets/UNL-089-EN-Dl88m0Z_.webp,¥3.91,$1.71,,"Jhin, Meticulous Killer UNL-089/219 CN ¥3.91 EN $1.71"
2026-09-18T19:27:37+00:00,https://bilgewatermarket.com/cards,"Jhin, Meticulous Killer",nonfoil,4.45,https://bilgewatermarket.com/cards/UNL-089a?print_variation=showcase,showcase,https://bilgewatermarket.com/assets/UNL-089A-EN-C7vwBDMb.webp,¥7.93,$4.45,,"Jhin, Meticulous Killer UNL-089A/219 Showcase CN ¥7.93 EN $4.45"
2026-09-18T19:27:37+00:00,https://bilgewatermarket.com/cards,"LeBlanc, Everywhere at Once",nonfoil,4.08,https://bilgewatermarket.com/cards/UNL-090,normal,https://bilgewatermarket.com/assets/UNL-090-EN-DSSLtE-E.webp,¥2.08,$4.08,,"LeBlanc, Everywhere at Once UNL-090/219 CN ¥2.08 EN $4.08"
2026-09-18T19:27:37+00:00,https://bilgewatermarket.com/cards,"LeBlanc, Everywhere at Once",nonfoil,7.16,https://bilgewatermarket.com/cards/UNL-090a?print_variation=showcase,showcase,https://bilgewatermarket.com/assets/UNL-090A-EN-E-wWfZOR.webp,¥8.89,$7.16,,"LeBlanc, Everywhere at Once UNL-090A/219 Showcase CN ¥8.89 EN $7.16"
2026-09-18T19:27:37+00:00,https://bilgewatermarket.com/cards,Concentrate,foil,0.19,https://bilgewatermarket.com/cards/UNL-091?print_variation=foiled,foiled,https://bilgewatermarket.com/assets/UNL-091-EN-BwuCxjNO.webp,¥1.36,$0.19,,Concentrate UNL-091/219 Foiled CN ¥1.36 EN $0.19
2026-09-18T19:27:37+00:00,https://bilgewatermarket.com/cards,Concentrate,nonfoil,0.07,https://bilgewatermarket.com/cards/UNL-091,normal,https://bilgewatermarket.com/assets/UNL-091-EN-BwuCxjNO.webp,¥0.50,$0.07,,Concentrate UNL-091/219 CN ¥0.50 EN $0.07
2026-09-18T19:27:37+00:00,https://bilgewatermarket.com/cards,Demacian Diplomat,foil,0.18,https://bilgewatermarket.com/cards/UNL-092?print_variation=foiled,foiled,https://bilgewatermarket.com/assets/UNL-092-EN-BdtQQvCq.webp,¥0.80,$0.18,,Demacian Diplomat UNL-092/219 Foiled CN ¥0.80 EN $0.18
2026-09-18T19:27:37+00:00,https://bilgewatermarket.com/cards,Demacian Diplomat,nonfoil,0.07,https://bilgewatermarket.com/cards/UNL-092,normal,https://bilgewatermarket.com/assets/UNL-092-EN-BdtQQvCq.webp,¥0.51,$0.07,,Demacian Diplomat UNL-092/219 CN ¥0.51 EN $0.07
2026-09-18T19:27:37+00:00,https://bilgewatermarket.com/cards,Dragonsoul Sage,foil,0.27,https://bilgewatermarket.com/cards/UNL-093?print_variation=foiled,foiled,https://bilgewatermarket.com/assets/UNL-093-EN-CHmRWoMD.webp,¥0.67,$0.27,,Dragonsoul Sage UNL-093/219 Foiled CN ¥0.67 EN $0.27
2026-09-18T19:27:37+00:00,https://bilgewatermarket.com/cards,Dragonsoul Sage,nonfoil,0.09,https://bilgewatermarket.com/cards/UNL-093,normal,https://bilgewatermarket.com/assets/UNL-093-EN-CHmRWoMD.webp,¥0.63,$0.09,,Dragonsoul Sage UNL-093/219 CN ¥0.63 EN $0.09
2026-09-18T19:27:37+00:00,https://bilgewatermarket.com/cards,Gemhand Hunter,foil,0.21,https://bilgewatermarket.com/cards/UNL-094?print_variation=foiled,foiled,https://bilgewatermarket.com/assets/UNL-094-EN-ydq7vFPq.webp,¥0.52,$0.21,,Gemhand Hunter UNL-094/219 Foiled CN ¥0.52 EN $0.21
2026-09-18T19:27:37+00:00,https://bilgewatermarket.com/cards,Gemhand Hunter,nonfoil,0.10,https://bilgewatermarket.com/cards/UNL-094,normal,https://bilgewatermarket.com/assets/UNL-094-EN-ydq7vFPq.webp,¥0.50,$0.10,,Gemhand Hunter UNL-094/219 CN ¥0.50 EN $0.10
2026-09-18T19:27:37+00:00,https://bilgewatermarket.com/cards,Grim Resolve,foil,0.24,https://bilgewatermarket.com/cards/UNL-095?print_variation=foiled,foiled,https://bilgewatermarket.com/assets/UNL-095-EN-BLZxf5Sw.webp,¥1.44,$0.24,,Grim Resolve UNL-095/219 Foiled CN ¥1.44 EN $0.24
2026-09-18T19:27:37+00:00,https://bilgewatermarket.com/cards,Grim Resolve,nonfoil,0.08,https://bilgewatermarket.com/cards/UNL-095,normal,https://bilgewatermarket.com/assets/UNL-095-EN-BLZxf5Sw.webp,¥0.51,$0.08,,Grim Resolve UNL-095/219 CN ¥0.51 EN $0.08
2026-09-18T19:27:37+00:00,https://bilgewatermarket.com/cards,Hunter's Machete,foil,0.17,https://bilgewatermarket.com/cards/UNL-096?print_variation=foiled,foiled,https://bilgewatermarket.com/assets/UNL-096-EN-C37qf7wm.webp,¥1.00,$0.17,,Hunter's Machete UNL-096/219 Foiled CN ¥1.00 EN $0.17
2026-09-18T19:27:37+00:00,https://bilgewatermarket.com/cards,Hunter's Machete,nonfoil,0.07,https://bilgewatermarket.com/cards/UNL-096,normal,https://bilgewatermarket.com/assets/UNL-096-EN-C37qf7wm.webp,¥0.50,$0.07,,Hunter's Machete UNL-096/219 CN ¥0.50 EN $0.07
2026-09-18T19:27:37+00:00,https://bilgewatermarket.com/cards,Kinkou Initiate,foil,0.24,https://bilgewatermarket.com/cards/UNL-097?print_variation=foiled,foiled,https://bilgewatermarket.com/assets/UNL-097-EN-B2x_9zlw.webp,¥1.33,$0.24,,Kinkou Initiate UNL-097/219 Foiled CN ¥1.33 EN $0.24
2026-09-18T19:27:37+00:00,https://bilgewatermarket.com/cards,Kinkou Initiate,nonfoil,0.10,https://bilgewatermarket.com/cards/UNL-097,normal,https://bilgewatermarket.com/assets/UNL-097-EN-B2x_9zlw.webp,¥0.53,$0.10,,Kinkou Initiate UNL-097/219 CN ¥0.53 EN $0.10
2026-09-18T19:27:37+00:00,https://bilgewatermarket.com/cards,Targonian Visionary,foil,0.12,https://bilgewatermarket.com/cards/UNL-098?print_variation=foiled,foiled,https://bilgewatermarket.com/assets/UNL-098-EN-B50emeKj.webp,¥0.50,$0.12,,Targonian Visionary UNL-098/219 Foiled CN ¥0.50 EN $0.12
2026-09-18T19:27:37+00:00,https://bilgewatermarket.com/cards,Targonian Visionary,nonfoil,0.05,https://bilgewatermarket.com/cards/UNL-098,normal,https://bilgewatermarket.com/assets/UNL-098-EN-B50emeKj.webp,¥0.50,$0.05,,Targonian Visionary UNL-098/219 CN ¥0.50 EN $0.05
2026-09-18T19:27:37+00:00,https://bilgewatermarket.com/cards,Towering Combatant,foil,0.14,https://bilgewatermarket.com/cards/UNL-099?print_variation=foiled,foiled,https://bilgewatermarket.com/assets/UNL-099-EN-DI3i13pG.webp,¥0.50,$0.14,,Towering Combatant UNL-099/219 Foiled CN ¥0.50 EN $0.14
2026-09-18T19:27:37+00:00,https://bilgewatermarket.com/cards,Towering Combatant,nonfoil,0.03,https://bilgewatermarket.com/cards/UNL-099,normal,https://bilgewatermarket.com/assets/UNL-099-EN-DI3i13pG.webp,¥0.50,$0.03,,Towering Combatant UNL-099/219 CN ¥0.50 EN $0.03
2026-09-18T19:27:37+00:00,https://bilgewatermarket.com/cards,Voracious Gromp,foil,0.15,https://bilgewatermarket.com/cards/UNL-100?print_variation=foiled,foiled,https://bilgewatermarket.com/assets/UNL-100-EN-CsXPG5Lo.webp,¥0.55,$0.15,,Voracious Gromp UNL-100/219 Foiled CN ¥0.55 EN $0.15
2026-09-18T19:27:37+00:00,https://bilgewatermarket.com/cards,Voracious Gromp,nonfoil,0.08,https://bilgewatermarket.com/cards/UNL-100,normal,https://bilgewatermarket.com/assets/UNL-100-EN-CsXPG5Lo.webp,¥0.50,$0.08,,Voracious Gromp UNL-100/219 CN ¥0.50 EN $0.08
2026-09-18T19:27:37+00:00,https://bilgewatermarket.com/cards,Call to Battle,foil,0.23,https://bilgewatermarket.com/cards/UNL-101?print_variation=foiled,foiled,https://bilgewatermarket.com/assets/UNL-101-EN-BYP9i3eB.webp,¥0.50,$0.23,,Call to Battle UNL-101/219 Foiled CN ¥0.50 EN $0.23
2026-09-18T19:27:37+00:00,https://bilgewatermarket.com/cards,Call to Battle,nonfoil,0.10,https://bilgewatermarket.com/cards/UNL-101,normal,https://bilgewatermarket.com/assets/UNL-101-EN-BYP9i3eB.webp,¥0.50,$0.10,,Call to Battle UNL-101/219 CN ¥0.50 EN $0.10
2026-09-18T19:27:37+00:00,https://bilgewatermarket.com/cards,Crowd Favorite,foil,0.13,https://bilgewatermarket.com/cards/UNL-102?print_variation=foiled,foiled,https://bilgewatermarket.com/assets/UNL-102-EN-B8TyjRDq.webp,¥0.50,$0.13,,Crowd Favorite UNL-102/219 Foiled CN ¥0.50 EN $0.13
2026-09-18T19:27:37+00:00,https://bilgewatermarket.com/cards,Crowd Favorite,nonfoil,0.03,https://bilgewatermarket.com/cards/UNL-102,normal,https://bilgewatermarket.com/assets/UNL-102-EN-B8TyjRDq.webp,¥0.50,$0.03,,Crowd Favorite UNL-102/219 CN ¥0.50 EN $0.03
2026-09-18T19:27:37+00:00,https://bilgewatermarket.com/cards,Disposal Order,foil,0.43,https://bilgewatermarket.com/cards/UNL-103?print_variation=foiled,foiled,https://bilgewatermarket.com/assets/UNL-103-EN-M3wP5zaL.webp,¥1.73,$0.43,,Disposal Order UNL-103/219 Foiled CN ¥1.73 EN $0.43
2026-09-18T19:27:37+00:00,https://bilgewatermarket.com/cards,Disposal Order,nonfoil,0.17,https://bilgewatermarket.com/cards/UNL-103,normal,https://bilgewatermarket.com/assets/UNL-103-EN-M3wP5zaL.webp,¥0.66,$0.17,,Disposal Order UNL-103/219 CN ¥0.66 EN $0.17
2026-09-18T19:27:37+00:00,https://bilgewatermarket.com/cards,Gentle Gemdragon,foil,0.36,https://bilgewatermarket.com/cards/UNL-104?print_variation=foiled,foiled,https://bilgewatermarket.com/assets/UNL-104-EN-BauUvNAt.webp,¥1.10,$0.36,,Gentle Gemdragon UNL-104/219 Foiled CN ¥1.10 EN $0.36
2026-09-18T19:27:37+00:00,https://bilgewatermarket.com/cards,Gentle Gemdragon,nonfoil,0.11,https://bilgewatermarket.com/cards/UNL-104,normal,https://bilgewatermarket.com/assets/UNL-104-EN-BauUvNAt.webp,¥0.92,$0.11,,Gentle Gemdragon UNL-104/219 CN ¥0.92 EN $0.11
2026-09-18T19:27:37+00:00,https://bilgewatermarket.com/cards,Imposing Challenger,foil,0.31,https://bilgewatermarket.com/cards/UNL-105?print_variation=foiled,foiled,https://bilgewatermarket.com/assets/UNL-105-EN-DqeiGgb-.webp,¥0.50,$0.31,,Imposing Challenger UNL-105/219 Foiled CN ¥0.50 EN $0.31
2026-09-18T19:27:37+00:00,https://bilgewatermarket.com/cards,Imposing Challenger,nonfoil,0.08,https://bilgewatermarket.com/cards/UNL-105,normal,https://bilgewatermarket.com/assets/UNL-105-EN-DqeiGgb-.webp,¥0.60,$0.08,,Imposing Challenger UNL-105/219 CN ¥0.60 EN $0.08
2026-09-18T19:27:37+00:00,https://bilgewatermarket.com/cards,Repulse,foil,1.94,https://bilgewatermarket.com/cards/UNL-106?print_variation=foiled,foiled,https://bilgewatermarket.com/assets/UNL-106-EN-CxtdAKy-.webp,¥3.94,$1.94,,Repulse UNL-106/219 Foiled CN ¥3.94 EN $1.94
2026-09-18T19:27:37+00:00,https://bilgewatermarket.com/cards,Repulse,nonfoil,0.48,https://bilgewatermarket.com/cards/UNL-106,normal,https://bilgewatermarket.com/assets/UNL-106-EN-CxtdAKy-.webp,¥1.34,$0.48,,Repulse UNL-106/219 CN ¥1.34 EN $0.48
2026-09-18T19:27:37+00:00,https://bilgewatermarket.com/cards,Stare Down,foil,0.30,https://bilgewatermarket.com/cards/UNL-107?print_variation=foiled,foiled,https://bilgewatermarket.com/assets/UNL-107-EN-DWokmyMg.webp,¥0.87,$0.30,,Stare Down UNL-107/219 Foiled CN ¥0.87 EN $0.30
2026-09-18T19:27:37+00:00,https://bilgewatermarket.com/cards,Stare Down,nonfoil,0.12,https://bilgewatermarket.com/cards/UNL-107,normal,https://bilgewatermarket.com/assets/UNL-107-EN-DWokmyMg.webp,¥0.50,$0.12,,Stare Down UNL-107/219 CN ¥0.50 EN $0.12
2026-09-18T19:27:37+00:00,https://bilgewatermarket.com/cards,Wily Newtfish,foil,0.22,https://bilgewatermarket.com/cards/UNL-108?print_variation=foiled,foiled,https://bilgewatermarket.com/assets/UNL-108-EN-DQjTwQwo.webp,¥0.72,$0.22,,Wily Newtfish UNL-108/219 Foiled CN ¥0.72 EN $0.22
2026-09-18T19:27:37+00:00,https://bilgewatermarket.com/cards,Wily Newtfish,nonfoil,0.07,https://bilgewatermarket.com/cards/UNL-108,normal,https://bilgewatermarket.com/assets/UNL-108-EN-DQjTwQwo.webp,¥0.50,$0.07,,Wily Newtfish UNL-108/219 CN ¥0.50 EN $0.07
2026-09-18T19:27:37+00:00,https://bilgewatermarket.com/cards,Blood Rose,nonfoil,0.13,https://bilgewatermarket.com/cards/UNL-109,normal,https://bilgewatermarket.com/assets/UNL-109-EN-ChE958rW.webp,¥0.64,$0.13,,Blood Rose UNL-109/219 CN ¥0.64 EN $0.13
2026-09-18T19:27:37+00:00,https://bilgewatermarket.com/cards,Clash of Giants,nonfoil,0.16,https://bilgewatermarket.com/cards/UNL-110,normal,https://bilgewatermarket.com/assets/UNL-110-EN-zJtcTFFz.webp,¥0.54,$0.16,,Clash of Giants UNL-110/219 CN ¥0.54 EN $0.16
2026-09-18T19:27:37+00:00,https://bilgewatermarket.com/cards,Determined Sentry,nonfoil,0.26,https://bilgewatermarket.com/cards/UNL-111,normal,https://bilgewatermarket.com/assets/UNL-111-EN-C2jA-UZZ.webp,¥0.74,$0.26,,Determined Sentry UNL-111/219 CN ¥0.74 EN $0.26
2026-09-18T19:27:37+00:00,https://bilgewatermarket.com/cards,Irresistible Faefolk,nonfoil,6.21,https://bilgewatermarket.com/cards/UNL-112,normal,https://bilgewatermarket.com/assets/UNL-112-EN-CF0LeXb1.webp,¥1.38,$6.21,,Irresistible Faefolk UNL-112/219 CN ¥1.38 EN $6.21
2026-09-18T19:27:37+00:00,https://bilgewatermarket.com/cards,"Master Yi, Tempered",nonfoil,0.18,https://bilgewatermarket.com/cards/UNL-113,normal,https://bilgewatermarket.com/assets/UNL-113-EN-7u7x1oc3.webp,¥1.00,$0.18,,"Master Yi, Tempered UNL-113/219 CN ¥1.00 EN $0.18"
2026-09-18T19:27:37+00:00,https://bilgewatermarket.com/cards,"Master Yi, Tempered",nonfoil,3.01,https://bilgewatermarket.com/cards/UNL-113a?print_variation=showcase,showcase,https://bilgewatermarket.com/assets/UNL-113A-EN-CJftnarb.webp,¥7.74,$3.01,,"Master Yi, Tempered UNL-113A/219 Showcase CN ¥7.74 EN $3.01"
2026-09-18T19:27:37+00:00,https://bilgewatermarket.com/cards,"Nidalee, Cat Form",nonfoil,3.63,https://bilgewatermarket.com/cards/UNL-114,normal,https://bilgewatermarket.com/assets/UNL-114-EN-DrTHr2A3.webp,¥1.35,$3.63,,"Nidalee, Cat Form UNL-114/219 CN ¥1.35 EN $3.63"
2026-09-18T19:27:37+00:00,https://bilgewatermarket.com/cards,"Nilah, Joyful Ascetic",nonfoil,0.23,https://bilgewatermarket.com/cards/UNL-115,normal,https://bilgewatermarket.com/assets/UNL-115-EN-BIx37tdl.webp,¥0.80,$0.23,,"Nilah, Joyful Ascetic UNL-115/219 CN ¥0.80 EN $0.23"
2026-09-18T19:27:37+00:00,https://bilgewatermarket.com/cards,"Poppy, Paragon",nonfoil,0.23,https://bilgewatermarket.com/cards/UNL-116,normal,https://bilgewatermarket.com/assets/UNL-116-EN-Bq1YTfbs.webp,¥0.71,$0.23,,"Poppy, Paragon UNL-116/219 CN ¥0.71 EN $0.23"
2026-09-18T19:27:37+00:00,https://bilgewatermarket.com/cards,"Poppy, Paragon",nonfoil,1.40,https://bilgewatermarket.com/cards/UNL-116a?print_variation=showcase,showcase,https://bilgewatermarket.com/assets/UNL-116a-EN-s6bp_YBS.webp,¥4.41,$1.40,,"Poppy, Paragon UNL-116A/219 Showcase CN ¥4.41 EN $1.40"
2026-09-18T19:27:37+00:00,https://bilgewatermarket.com/cards,Arachnoid Horror,nonfoil,1.69,https://bilgewatermarket.com/cards/UNL-117,normal,https://bilgewatermarket.com/assets/UNL-117-EN-qsjUHDBr.webp,¥5.06,$1.69,,Arachnoid Horror UNL-117/219 CN ¥5.06 EN $1.69
2026-09-18T19:27:37+00:00,https://bilgewatermarket.com/cards,Elder Dragon,nonfoil,22.23,https://bilgewatermarket.com/cards/UNL-118,normal,https://bilgewatermarket.com/assets/UNL-118-EN-kfJ74wzQ.webp,¥40.55,$22.23,,Elder Dragon UNL-118/219 CN ¥40.55 EN $22.23
2026-09-18T19:27:37+00:00,https://bilgewatermarket.com/cards,Elder Dragon,nonfoil,23.64,https://bilgewatermarket.com/cards/UNL-118a?print_variation=showcase,showcase,https://bilgewatermarket.com/assets/UNL-118a-EN-CNgfQIL9.webp,¥59.72,$23.64,,Elder Dragon UNL-118A/219 Showcase CN ¥59.72 EN $23.64
2026-09-18T19:27:37+00:00,https://bilgewatermarket.com/cards,"Kha'Zix, Evolving Hunter",nonfoil,0.66,https://bilgewatermarket.com/cards/UNL-119,normal,https://bilgewatermarket.com/assets/UNL-119-EN-CxLXcuxO.webp,¥1.10,$0.66,,"Kha'Zix, Evolving Hunter UNL-119/219 CN ¥1.10 EN $0.66"
2026-09-18T19:27:37+00:00,https://bilgewatermarket.com/cards,"Kha'Zix, Evolving Hunter",nonfoil,2.42,https://bilgewatermarket.com/cards/UNL-119a?print_variation=showcase,showcase,https://bilgewatermarket.com/assets/UNL-119A-EN-BsH5Guw4.webp,¥2.08,$2.42,,"Kha'Zix, Evolving Hunter UNL-119A/219 Showcase CN ¥2.08 EN $2.42"
2026-09-18T19:27:37+00:00,https://bilgewatermarket.com/cards,"Rengar, Trophy Hunter",nonfoil,40.57,https://bilgewatermarket.com/cards/UNL-120,normal,https://bilgewatermarket.com/assets/UNL-120-EN-Dl8rheKC.webp,¥98.86,$40.57,,"Rengar, Trophy Hunter UNL-120/219 CN ¥98.86 EN $40.57"
2026-09-18T19:27:37+00:00,https://bilgewatermarket.com/cards,"Rengar, Trophy Hunter",nonfoil,44.25,https://bilgewatermarket.com/cards/UNL-120a?print_variation=showcase,showcase,https://bilgewatermarket.com/assets/UNL-120A-EN-VPXCTKaF.webp,¥109.15,$44.25,,"Rengar, Trophy Hunter UNL-120A/219 Showcase CN ¥109.15 EN $44.25"
2026-09-18T19:27:37+00:00,https://bilgewatermarket.com/cards,Bewitching Spirit,foil,0.25,https://bilgewatermarket.com/cards/UNL-121?print_variation=foiled,foiled,https://bilgewatermarket.com/assets/UNL-121-EN-DQvoj--4.webp,¥1.65,$0.25,,Bewitching Spirit UNL-121/219 Foiled CN ¥1.65 EN $0.25
2026-09-18T19:27:37+00:00,https://bilgewatermarket.com/cards,Bewitching Spirit,nonfoil,0.12,https://bilgewatermarket.com/cards/UNL-121,normal,https://bilgewatermarket.com/assets/UNL-121-EN-DQvoj--4.webp,¥0.54,$0.12,,Bewitching Spirit UNL-121/219 CN ¥0.54 EN $0.12
2026-09-18T19:27:37+00:00,https://bilgewatermarket.com/cards,Crescent Guardian,foil,0.10,https://bilgewatermarket.com/cards/UNL-122?print_variation=foiled,foiled,https://bilgewatermarket.com/assets/UNL-122-EN-DrwPpGmF.webp,¥0.50,$0.10,,Crescent Guardian UNL-122/219 Foiled CN ¥0.50 EN $0.10
2026-09-18T19:27:37+00:00,https://bilgewatermarket.com/cards,Crescent Guardian,nonfoil,0.06,https://bilgewatermarket.com/cards/UNL-122,normal,https://bilgewatermarket.com/assets/UNL-122-EN-DrwPpGmF.webp,¥0.50,$0.06,,Crescent Guardian UNL-122/219 CN ¥0.50 EN $0.06
2026-09-18T19:27:37+00:00,https://bilgewatermarket.com/cards,Evershade Stalker,foil,0.18,https://bilgewatermarket.com/cards/UNL-123?print_variation=foiled,foiled,https://bilgewatermarket.com/assets/UNL-123-EN-CsVciQU8.webp,¥0.52,$0.18,,Evershade Stalker UNL-123/219 Foiled CN ¥0.52 EN $0.18
2026-09-18T19:27:37+00:00,https://bilgewatermarket.com/cards,Evershade Stalker,nonfoil,0.07,https://bilgewatermarket.com/cards/UNL-123,normal,https://bilgewatermarket.com/assets/UNL-123-EN-CsVciQU8.webp,¥0.55,$0.07,,Evershade Stalker UNL-123/219 CN ¥0.55 EN $0.07
2026-09-18T19:27:37+00:00,https://bilgewatermarket.com/cards,Isolate,foil,0.18,https://bilgewatermarket.com/cards/UNL-124?print_variation=foiled,foiled,https://bilgewatermarket.com/assets/UNL-124-EN-BBwK6AVQ.webp,¥0.58,$0.18,,Isolate UNL-124/219 Foiled CN ¥0.58 EN $0.18
2026-09-18T19:27:37+00:00,https://bilgewatermarket.com/cards,Isolate,nonfoil,0.08,https://bilgewatermarket.com/cards/UNL-124,normal,https://bilgewatermarket.com/assets/UNL-124-EN-BBwK6AVQ.webp,¥0.50,$0.08,,Isolate UNL-124/219 CN ¥0.50 EN $0.08
2026-09-18T19:27:37+00:00,https://bilgewatermarket.com/cards,Lunar Boon,foil,0.19,https://bilgewatermarket.com/cards/UNL-125?print_variation=foiled,foiled,https://bilgewatermarket.com/assets/UNL-125-EN-pmN72IVD.webp,¥1.16,$0.19,,Lunar Boon UNL-125/219 Foiled CN ¥1.16 EN $0.19
2026-09-18T19:27:37+00:00,https://bilgewatermarket.com/cards,Lunar Boon,nonfoil,0.07,https://bilgewatermarket.com/cards/UNL-125,normal,https://bilgewatermarket.com/assets/UNL-125-EN-pmN72IVD.webp,¥0.60,$0.07,,Lunar Boon UNL-125/219 CN ¥0.60 EN $0.07
2026-09-18T19:27:37+00:00,https://bilgewatermarket.com/cards,Megatusk,foil,0.09,https://bilgewatermarket.com/cards/UNL-126?print_variation=foiled,foiled,https://bilgewatermarket.com/assets/UNL-126-EN-VW2VE074.webp,¥0.54,$0.09,,Megatusk UNL-126/219 Foiled CN ¥0.54 EN $0.09
2026-09-18T19:27:37+00:00,https://bilgewatermarket.com/cards,Megatusk,nonfoil,0.03,https://bilgewatermarket.com/cards/UNL-126,normal,https://bilgewatermarket.com/assets/UNL-126-EN-VW2VE074.webp,¥0.50,$0.03,,Megatusk UNL-126/219 CN ¥0.50 EN $0.03
2026-09-18T19:27:37+00:00,https://bilgewatermarket.com/cards,Mister Root,foil,0.31,https://bilgewatermarket.com/cards/UNL-127?print_variation=foiled,foiled,https://bilgewatermarket.com/assets/UNL-127-EN-BvbWbqHA.webp,¥0.50,$0.31,,Mister Root UNL-127/219 Foiled CN ¥0.50 EN $0.31
2026-09-18T19:27:37+00:00,https://bilgewatermarket.com/cards,Mister Root,nonfoil,0.10,https://bilgewatermarket.com/cards/UNL-127,normal,https://bilgewatermarket.com/assets/UNL-127-EN-BvbWbqHA.webp,¥0.50,$0.10,,Mister Root UNL-127/219 CN ¥0.50 EN $0.10
2026-09-18T19:27:37+00:00,https://bilgewatermarket.com/cards,"Star,Crossed",foil,0.88,https://bilgewatermarket.com/cards/UNL-128?print_variation=foiled,foiled,https://bilgewatermarket.com/assets/UNL-128-EN-B1IcNVe9.webp,¥5.23,$0.88,,"Star,Crossed UNL-128/219 Foiled CN ¥5.23 EN $0.88"
2026-09-18T19:27:37+00:00,https://bilgewatermarket.com/cards,"Star,Crossed",nonfoil,0.23,https://bilgewatermarket.com/cards/UNL-128,normal,https://bilgewatermarket.com/assets/UNL-128-EN-B1IcNVe9.webp,¥0.65,$0.23,,"Star,Crossed UNL-128/219 CN ¥0.65 EN $0.23"
2026-09-18T19:27:37+00:00,https://bilgewatermarket.com/cards,Vicious Snapjaws,foil,0.17,https://bilgewatermarket.com/cards/UNL-129?print_variation=foiled,foiled,https://bilgewatermarket.com/assets/UNL-129-EN-fKlkeXoi.webp,¥0.60,$0.17,,Vicious Snapjaws UNL-129/219 Foiled CN ¥0.60 EN $0.17
2026-09-18T19:27:37+00:00,https://bilgewatermarket.com/cards,Vicious Snapjaws,nonfoil,0.04,https://bilgewatermarket.com/cards/UNL-129,normal,https://bilgewatermarket.com/assets/UNL-129-EN-fKlkeXoi.webp,¥0.50,$0.04,,Vicious Snapjaws UNL-129/219 CN ¥0.50 EN $0.04
2026-09-18T19:27:37+00:00,https://bilgewatermarket.com/cards,Walking Roost,foil,0.15,https://bilgewatermarket.com/cards/UNL-130?print_variation=foiled,foiled,https://bilgewatermarket.com/assets/UNL-130-EN-CcMOo_iY.webp,¥0.60,$0.15,,Walking Roost UNL-130/219 Foiled CN ¥0.60 EN $0.15
2026-09-18T19:27:37+00:00,https://bilgewatermarket.com/cards,Walking Roost,nonfoil,0.05,https://bilgewatermarket.com/cards/UNL-130,normal,https://bilgewatermarket.com/assets/UNL-130-EN-CcMOo_iY.webp,¥0.50,$0.05,,Walking Roost UNL-130/219 CN ¥0.50 EN $0.05
2026-09-18T19:27:37+00:00,https://bilgewatermarket.com/cards,Abandon,foil,3.90,https://bilgewatermarket.com/cards/UNL-131?print_variation=foiled,foiled,https://bilgewatermarket.com/assets/UNL-131-EN-RenedvHA.webp,¥7.15,$3.90,,Abandon UNL-131/219 Foiled CN ¥7.15 EN $3.90
2026-09-18T19:27:37+00:00,https://bilgewatermarket.com/cards,Abandon,nonfoil,0.46,https://bilgewatermarket.com/cards/UNL-131,normal,https://bilgewatermarket.com/assets/UNL-131-EN-RenedvHA.webp,¥2.40,$0.46,,Abandon UNL-131/219 CN ¥2.40 EN $0.46
2026-09-18T19:27:37+00:00,https://bilgewatermarket.com/cards,Angler Beast,foil,0.56,https://bilgewatermarket.com/cards/UNL-132?print_variation=foiled,foiled,https://bilgewatermarket.com/assets/UNL-132-EN-CUF1GCNt.webp,¥1.49,$0.56,,Angler Beast UNL-132/219 Foiled CN ¥1.49 EN $0.56
2026-09-18T19:27:37+00:00,https://bilgewatermarket.com/cards,Angler Beast,nonfoil,0.17,https://bilgewatermarket.com/cards/UNL-132,normal,https://bilgewatermarket.com/assets/UNL-132-EN-CUF1GCNt.webp,¥0.68,$0.17,,Angler Beast UNL-132/219 CN ¥0.68 EN $0.17
2026-09-18T19:27:37+00:00,https://bilgewatermarket.com/cards,Blast Cone,foil,0.17,https://bilgewatermarket.com/cards/UNL-133?print_variation=foiled,foiled,https://bilgewatermarket.com/assets/UNL-133-EN-YbmrHFbY.webp,¥0.81,$0.17,,Blast Cone UNL-133/219 Foiled CN ¥0.81 EN $0.17
2026-09-18T19:27:37+00:00,https://bilgewatermarket.com/cards,Blast Cone,nonfoil,0.06,https://bilgewatermarket.com/cards/UNL-133,normal,https://bilgewatermarket.com/assets/UNL-133-EN-YbmrHFbY.webp,¥0.50,$0.06,,Blast Cone UNL-133/219 CN ¥0.50 EN $0.06
2026-09-18T19:27:37+00:00,https://bilgewatermarket.com/cards,Existential Dread,foil,1.16,https://bilgewatermarket.com/cards/UNL-134?print_variation=foiled,foiled,https://bilgewatermarket.com/assets/UNL-134-EN-DXv1ha3O.webp,¥2.58,$1.16,,Existential Dread UNL-134/219 Foiled CN ¥2.58 EN $1.16
2026-09-18T19:27:37+00:00,https://bilgewatermarket.com/cards,Existential Dread,nonfoil,0.20,https://bilgewatermarket.com/cards/UNL-134,normal,https://bilgewatermarket.com/assets/UNL-134-EN-DXv1ha3O.webp,¥0.84,$0.20,,Existential Dread UNL-134/219 CN ¥0.84 EN $0.20
2026-09-18T19:27:37+00:00,https://bilgewatermarket.com/cards,Insightful Investigator,foil,0.28,https://bilgewatermarket.com/cards/UNL-135?print_variation=foiled,foiled,https://bilgewatermarket.com/assets/UNL-135-EN-4LHWxiVs.webp,¥0.52,$0.28,,Insightful Investigator UNL-135/219 Foiled CN ¥0.52 EN $0.28
2026-09-18T19:27:37+00:00,https://bilgewatermarket.com/cards,Insightful Investigator,nonfoil,0.08,https://bilgewatermarket.com/cards/UNL-135,normal,https://bilgewatermarket.com/assets/UNL-135-EN-4LHWxiVs.webp,¥0.51,$0.08,,Insightful Investigator UNL-135/219 CN ¥0.51 EN $0.08
2026-09-18T19:27:37+00:00,https://bilgewatermarket.com/cards,Scryer's Bloom,foil,0.23,https://bilgewatermarket.com/cards/UNL-136?print_variation=foiled,foiled,https://bilgewatermarket.com/assets/UNL-136-EN-DSg0wjPr.webp,¥1.92,$0.23,,Scryer's Bloom UNL-136/219 Foiled CN ¥1.92 EN $0.23
2026-09-18T19:27:37+00:00,https://bilgewatermarket.com/cards,Scryer's Bloom,nonfoil,0.11,https://bilgewatermarket.com/cards/UNL-136,normal,https://bilgewatermarket.com/assets/UNL-136-EN-DSg0wjPr.webp,¥0.71,$0.11,,Scryer's Bloom UNL-136/219 CN ¥0.71 EN $0.11
2026-09-18T19:27:37+00:00,https://bilgewatermarket.com/cards,Sinister Poro,foil,0.38,https://bilgewatermarket.com/cards/UNL-137?print_variation=foiled,foiled,https://bilgewatermarket.com/assets/UNL-137-EN-Dlsnsp5c.webp,¥0.70,$0.38,,Sinister Poro UNL-137/219 Foiled CN ¥0.70 EN $0.38
2026-09-18T19:27:37+00:00,https://bilgewatermarket.com/cards,Sinister Poro,nonfoil,0.15,https://bilgewatermarket.com/cards/UNL-137,normal,https://bilgewatermarket.com/assets/UNL-137-EN-Dlsnsp5c.webp,¥0.50,$0.15,,Sinister Poro UNL-137/219 CN ¥0.50 EN $0.15
2026-09-18T19:27:37+00:00,https://bilgewatermarket.com/cards,The List,foil,0.82,https://bilgewatermarket.com/cards/UNL-138?print_variation=foiled,foiled,https://bilgewatermarket.com/assets/UNL-138-EN-DrqLpGAd.webp,¥1.12,$0.82,,The List UNL-138/219 Foiled CN ¥1.12 EN $0.82
2026-09-18T19:27:37+00:00,https://bilgewatermarket.com/cards,The List,nonfoil,0.16,https://bilgewatermarket.com/cards/UNL-138,normal,https://bilgewatermarket.com/assets/UNL-138-EN-DrqLpGAd.webp,¥0.63,$0.16,,The List UNL-138/219 CN ¥0.63 EN $0.16
2026-09-18T19:27:37+00:00,https://bilgewatermarket.com/cards,Bone Skewer,nonfoil,0.26,https://bilgewatermarket.com/cards/UNL-139,normal,https://bilgewatermarket.com/assets/UNL-139-EN-JyqnIBSa.webp,¥2.09,$0.26,,Bone Skewer UNL-139/219 CN ¥2.09 EN $0.26
2026-09-18T19:27:37+00:00,https://bilgewatermarket.com/cards,Conscription,nonfoil,0.17,https://bilgewatermarket.com/cards/UNL-140,normal,https://bilgewatermarket.com/assets/UNL-140-EN-BwCRdfxx.webp,¥0.56,$0.17,,Conscription UNL-140/219 CN ¥0.56 EN $0.17
2026-09-18T19:27:37+00:00,https://bilgewatermarket.com/cards,"Evelynn, Entrancing",nonfoil,1.74,https://bilgewatermarket.com/cards/UNL-141,normal,https://bilgewatermarket.com/assets/UNL-141-EN-C6iFISbP.webp,¥1.60,$1.74,,"Evelynn, Entrancing UNL-141/219 CN ¥1.60 EN $1.74"
2026-09-18T19:27:37+00:00,https://bilgewatermarket.com/cards,Heedless Resurrection,nonfoil,0.34,https://bilgewatermarket.com/cards/UNL-142,normal,https://bilgewatermarket.com/assets/UNL-142-EN-Dh1WFGmb.webp,¥1.54,$0.34,,Heedless Resurrection UNL-142/219 CN ¥1.54 EN $0.34
2026-09-18T19:27:37+00:00,https://bilgewatermarket.com/cards,"Kha'Zix, Mutating Horror",nonfoil,0.24,https://bilgewatermarket.com/cards/UNL-143,normal,https://bilgewatermarket.com/assets/UNL-143-EN-AuRQA97f.webp,¥1.01,$0.24,,"Kha'Zix, Mutating Horror UNL-143/219 CN ¥1.01 EN $0.24"
2026-09-18T19:27:37+00:00,https://bilgewatermarket.com/cards,"Kha'Zix, Mutating Horror",nonfoil,8.22,https://bilgewatermarket.com/cards/UNL-143a?print_variation=showcase,showcase,https://bilgewatermarket.com/assets/UNL-143a-EN-C7YT9DxJ.webp,¥19.44,$8.22,,"Kha'Zix, Mutating Horror UNL-143A/219 Showcase CN ¥19.44 EN $8.22"
2026-09-18T19:27:37+00:00,https://bilgewatermarket.com/cards,Maduli the Gatekeeper,nonfoil,0.09,https://bilgewatermarket.com/cards/UNL-144,normal,https://bilgewatermarket.com/assets/UNL-144-EN-B_7am7Qq.webp,¥0.52,$0.09,,Maduli the Gatekeeper UNL-144/219 CN ¥0.52 EN $0.09
2026-09-18T19:27:37+00:00,https://bilgewatermarket.com/cards,"Pyke, Returned",nonfoil,0.53,https://bilgewatermarket.com/cards/UNL-145,normal,https://bilgewatermarket.com/assets/UNL-145-EN-UrbSVIQC.webp,¥1.17,$0.53,,"Pyke, Returned UNL-145/219 CN ¥1.17 EN $0.53"
2026-09-18T19:27:37+00:00,https://bilgewatermarket.com/cards,"Pyke, Returned",nonfoil,9.41,https://bilgewatermarket.com/cards/UNL-145a?print_variation=showcase,showcase,https://bilgewatermarket.com/assets/UNL-145A-EN-CSYf1yB8.webp,¥16.61,$9.41,,"Pyke, Returned UNL-145A/219 Showcase CN ¥16.61 EN $9.41"
2026-09-18T19:27:37+00:00,https://bilgewatermarket.com/cards,"Syndra, Transcendent",nonfoil,0.27,https://bilgewatermarket.com/cards/UNL-146,normal,https://bilgewatermarket.com/assets/UNL-146-EN-Cz19TxoF.webp,¥0.57,$0.27,,"Syndra, Transcendent UNL-146/219 CN ¥0.57 EN $0.27"
2026-09-18T19:27:37+00:00,https://bilgewatermarket.com/cards,Baron Nashor,nonfoil,23.61,https://bilgewatermarket.com/cards/UNL-147,normal,https://bilgewatermarket.com/assets/UNL-147-EN-DoSj8dTs.webp,¥31.71,$23.61,,Baron Nashor UNL-147/219 CN ¥31.71 EN $23.61
2026-09-18T19:27:37+00:00,https://bilgewatermarket.com/cards,Baron Nashor,nonfoil,26.98,https://bilgewatermarket.com/cards/UNL-147a?print_variation=showcase,showcase,https://bilgewatermarket.com/assets/UNL-147A-EN-D2Y6aT_f.webp,¥47.22,$26.98,,Baron Nashor UNL-147A/219 Showcase CN ¥47.22 EN $26.98
2026-09-18T19:27:37+00:00,https://bilgewatermarket.com/cards,Cursed Sarcophagus,nonfoil,0.53,https://bilgewatermarket.com/cards/UNL-148,normal,https://bilgewatermarket.com/assets/UNL-148-EN-DjUhXxen.webp,¥1.32,$0.53,,Cursed Sarcophagus UNL-148/219 CN ¥1.32 EN $0.53
2026-09-18T19:27:37+00:00,https://bilgewatermarket.com/cards,"Diana, No Longer Human",nonfoil,1.09,https://bilgewatermarket.com/cards/UNL-149,normal,https://bilgewatermarket.com/assets/UNL-149-EN-DpKI3PKR.webp,¥2.21,$1.09,,"Diana, No Longer Human UNL-149/219 CN ¥2.21 EN $1.09"
2026-09-18T19:27:37+00:00,https://bilgewatermarket.com/cards,"Diana, No Longer Human",nonfoil,6.69,https://bilgewatermarket.com/cards/UNL-149a?print_variation=showcase,showcase,https://bilgewatermarket.com/assets/UNL-149A-EN-BHivHxly.webp,¥8.21,$6.69,,"Diana, No Longer Human UNL-149A/219 Showcase CN ¥8.21 EN $6.69"
2026-09-18T19:27:37+00:00,https://bilgewatermarket.com/cards,"Vex, Apathetic",nonfoil,16.37,https://bilgewatermarket.com/cards/UNL-150,normal,https://bilgewatermarket.com/assets/UNL-150-EN-yVbHxeE-.webp,¥32.13,$16.37,,"Vex, Apathetic UNL-150/219 CN ¥32.13 EN $16.37"
2026-09-18T19:27:37+00:00,https://bilgewatermarket.com/cards,"Vex, Apathetic",nonfoil,27.16,https://bilgewatermarket.com/cards/UNL-150a?print_variation=showcase,showcase,https://bilgewatermarket.com/assets/UNL-150a-EN-B6EXUfc1.webp,¥65.47,$27.16,,"Vex, Apathetic UNL-150A/219 Showcase CN ¥65.47 EN $27.16"
2026-09-18T19:27:37+00:00,https://bilgewatermarket.com/cards,Bandle Soldier,foil,0.11,https://bilgewatermarket.com/cards/UNL-151?print_variation=foiled,foiled,https://bilgewatermarket.com/assets/UNL-151-EN-CEh68Sds.webp,¥0.80,$0.11,,Bandle Soldier UNL-151/219 Foiled CN ¥0.80 EN $0.11
2026-09-18T19:27:37+00:00,https://bilgewatermarket.com/cards,Bandle Soldier,nonfoil,0.05,https://bilgewatermarket.com/cards/UNL-151,normal,https://bilgewatermarket.com/assets/UNL-151-EN-CEh68Sds.webp,¥0.50,$0.05,,Bandle Soldier UNL-151/219 CN ¥0.50 EN $0.05
2026-09-18T19:27:37+00:00,https://bilgewatermarket.com/cards,Black Rose Dignitary,foil,0.21,https://bilgewatermarket.com/cards/UNL-152?print_variation=foiled,foiled,https://bilgewatermarket.com/assets/UNL-152-EN-DqjPQXlw.webp,¥1.19,$0.21,,Black Rose Dignitary UNL-152/219 Foiled CN ¥1.19 EN $0.21
2026-09-18T19:27:37+00:00,https://bilgewatermarket.com/cards,Black Rose Dignitary,nonfoil,0.08,https://bilgewatermarket.com/cards/UNL-152,normal,https://bilgewatermarket.com/assets/UNL-152-EN-DqjPQXlw.webp,¥0.52,$0.08,,Black Rose Dignitary UNL-152/219 CN ¥0.52 EN $0.08
2026-09-18T19:27:37+00:00,https://bilgewatermarket.com/cards,Carrion Dredger,foil,0.25,https://bilgewatermarket.com/cards/UNL-153?print_variation=foiled,foiled,https://bilgewatermarket.com/assets/UNL-153-EN-HqssLerk.webp,¥1.30,$0.25,,Carrion Dredger UNL-153/219 Foiled CN ¥1.30 EN $0.25
2026-09-18T19:27:37+00:00,https://bilgewatermarket.com/cards,Carrion Dredger,nonfoil,0.11,https://bilgewatermarket.com/cards/UNL-153,normal,https://bilgewatermarket.com/assets/UNL-153-EN-HqssLerk.webp,¥0.56,$0.11,,Carrion Dredger UNL-153/219 CN ¥0.56 EN $0.11
2026-09-18T19:27:37+00:00,https://bilgewatermarket.com/cards,Crimson Pigeons,foil,0.22,https://bilgewatermarket.com/cards/UNL-154?print_variation=foiled,foiled,https://bilgewatermarket.com/assets/UNL-154-EN-CAXKlENX.webp,¥0.94,$0.22,,Crimson Pigeons UNL-154/219 Foiled CN ¥0.94 EN $0.22
2026-09-18T19:27:37+00:00,https://bilgewatermarket.com/cards,Crimson Pigeons,nonfoil,0.06,https://bilgewatermarket.com/cards/UNL-154,normal,https://bilgewatermarket.com/assets/UNL-154-EN-CAXKlENX.webp,¥0.50,$0.06,,Crimson Pigeons UNL-154/219 CN ¥0.50 EN $0.06
2026-09-18T19:27:37+00:00,https://bilgewatermarket.com/cards,Heroic Charge,foil,0.19,https://bilgewatermarket.com/cards/UNL-155?print_variation=foiled,foiled,https://bilgewatermarket.com/assets/UNL-155-EN-DeY1dV1X.webp,¥0.90,$0.19,,Heroic Charge UNL-155/219 Foiled CN ¥0.90 EN $0.19
2026-09-18T19:27:37+00:00,https://bilgewatermarket.com/cards,Heroic Charge,nonfoil,0.06,https://bilgewatermarket.com/cards/UNL-155,normal,https://bilgewatermarket.com/assets/UNL-155-EN-DeY1dV1X.webp,¥0.50,$0.06,,Heroic Charge UNL-155/219 CN ¥0.50 EN $0.06
2026-09-18T19:27:37+00:00,https://bilgewatermarket.com/cards,Loyal Poro,foil,0.26,https://bilgewatermarket.com/cards/UNL-156?print_variation=foiled,foiled,https://bilgewatermarket.com/assets/UNL-156-EN-DXPw4hOS.webp,¥0.63,$0.26,,Loyal Poro UNL-156/219 Foiled CN ¥0.63 EN $0.26
2026-09-18T19:27:37+00:00,https://bilgewatermarket.com/cards,Loyal Poro,nonfoil,0.13,https://bilgewatermarket.com/cards/UNL-156,normal,https://bilgewatermarket.com/assets/UNL-156-EN-DXPw4hOS.webp,¥0.50,$0.13,,Loyal Poro UNL-156/219 CN ¥0.50 EN $0.13
2026-09-18T19:27:37+00:00,https://bilgewatermarket.com/cards,Scrutinizing Sergeant,foil,0.12,https://bilgewatermarket.com/cards/UNL-157?print_variation=foiled,foiled,https://bilgewatermarket.com/assets/UNL-157-EN-CQyKyoh5.webp,¥0.50,$0.12,,Scrutinizing Sergeant UNL-157/219 Foiled CN ¥0.50 EN $0.12
2026-09-18T19:27:37+00:00,https://bilgewatermarket.com/cards,Scrutinizing Sergeant,nonfoil,0.04,https://bilgewatermarket.com/cards/UNL-157,normal,https://bilgewatermarket.com/assets/UNL-157-EN-CQyKyoh5.webp,¥0.50,$0.04,,Scrutinizing Sergeant UNL-157/219 CN ¥0.50 EN $0.04
2026-09-18T19:27:37+00:00,https://bilgewatermarket.com/cards,Shepherd's Heirloom,foil,0.29,https://bilgewatermarket.com/cards/UNL-158?print_variation=foiled,foiled,https://bilgewatermarket.com/assets/UNL-158-EN-Bog8bjwv.webp,¥1.51,$0.29,,Shepherd's Heirloom UNL-158/219 Foiled CN ¥1.51 EN $0.29
2026-09-18T19:27:37+00:00,https://bilgewatermarket.com/cards,Shepherd's Heirloom,nonfoil,0.05,https://bilgewatermarket.com/cards/UNL-158,normal,https://bilgewatermarket.com/assets/UNL-158-EN-Bog8bjwv.webp,¥0.52,$0.05,,Shepherd's Heirloom UNL-158/219 CN ¥0.52 EN $0.05
2026-09-18T19:27:37+00:00,https://bilgewatermarket.com/cards,Soul Harvest,foil,0.15,https://bilgewatermarket.com/cards/UNL-159?print_variation=foiled,foiled,https://bilgewatermarket.com/assets/UNL-159-EN-2vJBQWMJ.webp,¥0.50,$0.15,,Soul Harvest UNL-159/219 Foiled CN ¥0.50 EN $0.15
2026-09-18T19:27:37+00:00,https://bilgewatermarket.com/cards,Soul Harvest,nonfoil,0.08,https://bilgewatermarket.com/cards/UNL-159,normal,https://bilgewatermarket.com/assets/UNL-159-EN-2vJBQWMJ.webp,¥0.50,$0.08,,Soul Harvest UNL-159/219 CN ¥0.50 EN $0.08
2026-09-18T19:27:37+00:00,https://bilgewatermarket.com/cards,Ultrasoft Poro,foil,0.34,https://bilgewatermarket.com/cards/UNL-160?print_variation=foiled,foiled,https://bilgewatermarket.com/assets/UNL-160-EN-BuEI10Q6.webp,¥1.03,$0.34,,Ultrasoft Poro UNL-160/219 Foiled CN ¥1.03 EN $0.34
2026-09-18T19:27:37+00:00,https://bilgewatermarket.com/cards,Ultrasoft Poro,nonfoil,0.07,https://bilgewatermarket.com/cards/UNL-160,normal,https://bilgewatermarket.com/assets/UNL-160-EN-BuEI10Q6.webp,¥0.50,$0.07,,Ultrasoft Poro UNL-160/219 CN ¥0.50 EN $0.07
2026-09-18T19:27:37+00:00,https://bilgewatermarket.com/cards,Divining Shells,foil,0.30,https://bilgewatermarket.com/cards/UNL-161?print_variation=foiled,foiled,https://bilgewatermarket.com/assets/UNL-161-EN-mn_A0Ndv.webp,¥1.15,$0.30,,Divining Shells UNL-161/219 Foiled CN ¥1.15 EN $0.30
2026-09-18T19:27:37+00:00,https://bilgewatermarket.com/cards,Divining Shells,nonfoil,0.14,https://bilgewatermarket.com/cards/UNL-161,normal,https://bilgewatermarket.com/assets/UNL-161-EN-mn_A0Ndv.webp,¥0.86,$0.14,,Divining Shells UNL-161/219 CN ¥0.86 EN $0.14
2026-09-18T19:27:37+00:00,https://bilgewatermarket.com/cards,Enthralling Protector,foil,0.23,https://bilgewatermarket.com/cards/UNL-162?print_variation=foiled,foiled,https://bilgewatermarket.com/assets/UNL-162-EN-_6J6Hk9F.webp,¥0.80,$0.23,,Enthralling Protector UNL-162/219 Foiled CN ¥0.80 EN $0.23
2026-09-18T19:27:37+00:00,https://bilgewatermarket.com/cards,Enthralling Protector,nonfoil,0.08,https://bilgewatermarket.com/cards/UNL-162,normal,https://bilgewatermarket.com/assets/UNL-162-EN-_6J6Hk9F.webp,¥0.54,$0.08,,Enthralling Protector UNL-162/219 CN ¥0.54 EN $0.08
2026-09-18T19:27:37+00:00,https://bilgewatermarket.com/cards,Mageseeker Investigator,foil,0.21,https://bilgewatermarket.com/cards/UNL-163?print_variation=foiled,foiled,https://bilgewatermarket.com/assets/UNL-163-EN-BV0PMg28.webp,¥0.50,$0.21,,Mageseeker Investigator UNL-163/219 Foiled CN ¥0.50 EN $0.21
2026-09-18T19:27:37+00:00,https://bilgewatermarket.com/cards,Mageseeker Investigator,nonfoil,0.12,https://bilgewatermarket.com/cards/UNL-163,normal,https://bilgewatermarket.com/assets/UNL-163-EN-BV0PMg28.webp,¥0.50,$0.12,,Mageseeker Investigator UNL-163/219 CN ¥0.50 EN $0.12
2026-09-18T19:27:37+00:00,https://bilgewatermarket.com/cards,Safety Inspector,foil,0.81,https://bilgewatermarket.com/cards/UNL-164?print_variation=foiled,foiled,https://bilgewatermarket.com/assets/UNL-164-EN-CbnKgXeJ.webp,¥0.95,$0.81,,Safety Inspector UNL-164/219 Foiled CN ¥0.95 EN $0.81
2026-09-18T19:27:37+00:00,https://bilgewatermarket.com/cards,Safety Inspector,nonfoil,0.17,https://bilgewatermarket.com/cards/UNL-164,normal,https://bilgewatermarket.com/assets/UNL-164-EN-CbnKgXeJ.webp,¥1.12,$0.17,,Safety Inspector UNL-164/219 CN ¥1.12 EN $0.17
2026-09-18T19:27:37+00:00,https://bilgewatermarket.com/cards,Shadow's Call,foil,1.73,https://bilgewatermarket.com/cards/UNL-165?print_variation=foiled,foiled,https://bilgewatermarket.com/assets/UNL-165-EN-DixP8nuW.webp,¥4.82,$1.73,,Shadow's Call UNL-165/219 Foiled CN ¥4.82 EN $1.73
2026-09-18T19:27:37+00:00,https://bilgewatermarket.com/cards,Shadow's Call,nonfoil,0.36,https://bilgewatermarket.com/cards/UNL-165,normal,https://bilgewatermarket.com/assets/UNL-165-EN-DixP8nuW.webp,¥2.35,$0.36,,Shadow's Call UNL-165/219 CN ¥2.35 EN $0.36
2026-09-18T19:27:37+00:00,https://bilgewatermarket.com/cards,Stalking Wolf,foil,0.18,https://bilgewatermarket.com/cards/UNL-166?print_variation=foiled,foiled,https://bilgewatermarket.com/assets/UNL-166-EN-B_noFlGt.webp,¥1.12,$0.18,,Stalking Wolf UNL-166/219 Foiled CN ¥1.12 EN $0.18
2026-09-18T19:27:37+00:00,https://bilgewatermarket.com/cards,Stalking Wolf,nonfoil,0.07,https://bilgewatermarket.com/cards/UNL-166,normal,https://bilgewatermarket.com/assets/UNL-166-EN-B_noFlGt.webp,¥0.51,$0.07,,Stalking Wolf UNL-166/219 CN ¥0.51 EN $0.07
2026-09-18T19:27:37+00:00,https://bilgewatermarket.com/cards,Starhound,foil,0.23,https://bilgewatermarket.com/cards/UNL-167?print_variation=foiled,foiled,https://bilgewatermarket.com/assets/UNL-167-EN-C0deYBoU.webp,¥0.70,$0.23,,Starhound UNL-167/219 Foiled CN ¥0.70 EN $0.23
2026-09-18T19:27:37+00:00,https://bilgewatermarket.com/cards,Starhound,nonfoil,0.14,https://bilgewatermarket.com/cards/UNL-167,normal,https://bilgewatermarket.com/assets/UNL-167-EN-C0deYBoU.webp,¥0.50,$0.14,,Starhound UNL-167/219 CN ¥0.50 EN $0.14
2026-09-18T19:27:37+00:00,https://bilgewatermarket.com/cards,Undying Loyalty,foil,0.34,https://bilgewatermarket.com/cards/UNL-168?print_variation=foiled,foiled,https://bilgewatermarket.com/assets/UNL-168-EN-BPVhrgS3.webp,¥0.68,$0.34,,Undying Loyalty UNL-168/219 Foiled CN ¥0.68 EN $0.34
2026-09-18T19:27:37+00:00,https://bilgewatermarket.com/cards,Undying Loyalty,nonfoil,0.12,https://bilgewatermarket.com/cards/UNL-168,normal,https://bilgewatermarket.com/assets/UNL-168-EN-BPVhrgS3.webp,¥0.50,$0.12,,Undying Loyalty UNL-168/219 CN ¥0.50 EN $0.12
2026-09-18T19:27:37+00:00,https://bilgewatermarket.com/cards,"Ashe, Focused",nonfoil,1.34,https://bilgewatermarket.com/cards/UNL-169,normal,https://bilgewatermarket.com/assets/UNL-169-EN-BUq1c4xf.webp,¥1.70,$1.34,,"Ashe, Focused UNL-169/219 CN ¥1.70 EN $1.34"
2026-09-18T19:27:37+00:00,https://bilgewatermarket.com/cards,Atakhan,nonfoil,0.18,https://bilgewatermarket.com/cards/UNL-170,normal,https://bilgewatermarket.com/assets/UNL-170-EN-DtKxXDw7.webp,¥1.13,$0.18,,Atakhan UNL-170/219 CN ¥1.13 EN $0.18
2026-09-18T19:27:37+00:00,https://bilgewatermarket.com/cards,"Galio, Indefatigable",nonfoil,0.24,https://bilgewatermarket.com/cards/UNL-171,normal,https://bilgewatermarket.com/assets/UNL-171-EN-ojnOpaGS.webp,¥1.02,$0.24,,"Galio, Indefatigable UNL-171/219 CN ¥1.02 EN $0.24"
2026-09-18T19:27:37+00:00,https://bilgewatermarket.com/cards,"LeBlanc, Fragmented",nonfoil,0.34,https://bilgewatermarket.com/cards/UNL-172,normal,https://bilgewatermarket.com/assets/UNL-172-EN-BkP5bmzN.webp,¥1.09,$0.34,,"LeBlanc, Fragmented UNL-172/219 CN ¥1.09 EN $0.34"
2026-09-18T19:27:37+00:00,https://bilgewatermarket.com/cards,"LeBlanc, Fragmented",nonfoil,3.74,https://bilgewatermarket.com/cards/UNL-172a?print_variation=showcase,showcase,https://bilgewatermarket.com/assets/UNL-172a-EN-CGkSEWup.webp,¥7.26,$3.74,,"LeBlanc, Fragmented UNL-172A/219 Showcase CN ¥7.26 EN $3.74"
2026-09-18T19:27:37+00:00,https://bilgewatermarket.com/cards,Sacrifice,nonfoil,3.51,https://bilgewatermarket.com/cards/UNL-173,normal,https://bilgewatermarket.com/assets/UNL-173-EN-Ewg_bL9y.webp,¥5.52,$3.51,,Sacrifice UNL-173/219 CN ¥5.52 EN $3.51
2026-09-18T19:27:37+00:00,https://bilgewatermarket.com/cards,Shard of Undoing,nonfoil,0.17,https://bilgewatermarket.com/cards/UNL-174,normal,https://bilgewatermarket.com/assets/UNL-174-EN-D_6q7Zv2.webp,¥0.77,$0.17,,Shard of Undoing UNL-174/219 CN ¥0.77 EN $0.17
2026-09-18T19:27:37+00:00,https://bilgewatermarket.com/cards,Tactical Retreat,nonfoil,0.22,https://bilgewatermarket.com/cards/UNL-175,normal,https://bilgewatermarket.com/assets/UNL-175-EN-CdsOQ7ht.webp,¥2.04,$0.22,,Tactical Retreat UNL-175/219 CN ¥2.04 EN $0.22
2026-09-18T19:27:37+00:00,https://bilgewatermarket.com/cards,"Vi, Peacekeeper",nonfoil,4.65,https://bilgewatermarket.com/cards/UNL-176,normal,https://bilgewatermarket.com/assets/UNL-176-EN-DMd-dYzS.webp,¥3.97,$4.65,,"Vi, Peacekeeper UNL-176/219 CN ¥3.97 EN $4.65"
2026-09-18T19:27:37+00:00,https://bilgewatermarket.com/cards,"Vi, Peacekeeper",nonfoil,15.47,https://bilgewatermarket.com/cards/UNL-176a?print_variation=showcase,showcase,https://bilgewatermarket.com/assets/UNL-176a-EN-Cy2jvSGJ.webp,¥27.19,$15.47,,"Vi, Peacekeeper UNL-176A/219 Showcase CN ¥27.19 EN $15.47"
2026-09-18T19:27:37+00:00,https://bilgewatermarket.com/cards,"Ivern, Friend to All",nonfoil,1.12,https://bilgewatermarket.com/cards/UNL-177,normal,https://bilgewatermarket.com/assets/UNL-177-EN-DYlogs58.webp,¥1.51,$1.12,,"Ivern, Friend to All UNL-177/219 CN ¥1.51 EN $1.12"
2026-09-18T19:27:37+00:00,https://bilgewatermarket.com/cards,"Ivern, Friend to All",nonfoil,2.58,https://bilgewatermarket.com/cards/UNL-177a?print_variation=showcase,showcase,https://bilgewatermarket.com/assets/UNL-177A-EN-C8hacV8j.webp,¥3.48,$2.58,,"Ivern, Friend to All UNL-177A/219 Showcase CN ¥3.48 EN $2.58"
2026-09-18T19:27:37+00:00,https://bilgewatermarket.com/cards,"Poppy, Defender of the Meek",nonfoil,0.57,https://bilgewatermarket.com/cards/UNL-178,normal,https://bilgewatermarket.com/assets/UNL-178-EN-Cs288QlU.webp,¥1.13,$0.57,,"Poppy, Defender of the Meek UNL-178/219 CN ¥1.13 EN $0.57"
2026-09-18T19:27:37+00:00,https://bilgewatermarket.com/cards,"Poppy, Defender of the Meek",nonfoil,2.19,https://bilgewatermarket.com/cards/UNL-178a?print_variation=showcase,showcase,https://bilgewatermarket.com/assets/UNL-178a-EN-DNVPq4D7.webp,¥4.72,$2.19,,"Poppy, Defender of the Meek UNL-178A/219 Showcase CN ¥4.72 EN $2.19"
2026-09-18T19:27:37+00:00,https://bilgewatermarket.com/cards,Rift Herald,nonfoil,6.24,https://bilgewatermarket.com/cards/UNL-179,normal,https://bilgewatermarket.com/assets/UNL-179-EN-BLmbmJ4a.webp,¥18.39,$6.24,,Rift Herald UNL-179/219 CN ¥18.39 EN $6.24
2026-09-18T19:27:37+00:00,https://bilgewatermarket.com/cards,Rift Herald,nonfoil,10.87,https://bilgewatermarket.com/cards/UNL-179a?print_variation=showcase,showcase,https://bilgewatermarket.com/assets/UNL-179a-EN-BwVRYp8h.webp,¥31.61,$10.87,,Rift Herald UNL-179A/219 Showcase CN ¥31.61 EN $10.87
2026-09-18T19:27:37+00:00,https://bilgewatermarket.com/cards,The Ruination,nonfoil,8.26,https://bilgewatermarket.com/cards/UNL-180,normal,https://bilgewatermarket.com/assets/UNL-180-EN-bfN24x83.webp,¥20.59,$8.26,,The Ruination UNL-180/219 CN ¥20.59 EN $8.26
2026-09-18T19:27:37+00:00,https://bilgewatermarket.com/cards,"Jhin, Virtuoso",nonfoil,0.14,https://bilgewatermarket.com/cards/UNL-181,normal,https://bilgewatermarket.com/assets/UNL-181-EN-U2aMjJ5U.webp,¥0.50,$0.14,,"Jhin, Virtuoso UNL-181/219 CN ¥0.50 EN $0.14"
2026-09-18T19:27:37+00:00,https://bilgewatermarket.com/cards,Curtain Call,nonfoil,0.96,https://bilgewatermarket.com/cards/UNL-182,normal,https://bilgewatermarket.com/assets/UNL-182-EN-DY32jETE.webp,¥2.81,$0.96,,Curtain Call UNL-182/219 CN ¥2.81 EN $0.96
2026-09-18T19:27:37+00:00,https://bilgewatermarket.com/cards,"Rengar, Pridestalker",nonfoil,0.17,https://bilgewatermarket.com/cards/UNL-183,normal,https://bilgewatermarket.com/assets/UNL-183-EN-B4cRVZDo.webp,¥0.53,$0.17,,"Rengar, Pridestalker UNL-183/219 CN ¥0.53 EN $0.17"
2026-09-18T19:27:37+00:00,https://bilgewatermarket.com/cards,Thrill of the Hunt,nonfoil,11.05,https://bilgewatermarket.com/cards/UNL-184,normal,https://bilgewatermarket.com/assets/UNL-184-EN-CIDe2FFX.webp,¥12.74,$11.05,,Thrill of the Hunt UNL-184/219 CN ¥12.74 EN $11.05
2026-09-18T19:27:37+00:00,https://bilgewatermarket.com/cards,"Pyke, Bloodharbor Ripper",nonfoil,0.14,https://bilgewatermarket.com/cards/UNL-185,normal,https://bilgewatermarket.com/assets/UNL-185-EN-qdyFAFT1.webp,¥0.51,$0.14,,"Pyke, Bloodharbor Ripper UNL-185/219 CN ¥0.51 EN $0.14"
2026-09-18T19:27:37+00:00,https://bilgewatermarket.com/cards,Death from Below,nonfoil,0.91,https://bilgewatermarket.com/cards/UNL-186,normal,https://bilgewatermarket.com/assets/UNL-186-EN-9MZnqrak.webp,¥2.59,$0.91,,Death from Below UNL-186/219 CN ¥2.59 EN $0.91
2026-09-18T19:27:37+00:00,https://bilgewatermarket.com/cards,"Vi, Piltover Enforcer",nonfoil,0.16,https://bilgewatermarket.com/cards/UNL-187,normal,https://bilgewatermarket.com/assets/UNL-187-EN-BPjSbsKQ.webp,¥0.50,$0.16,,"Vi, Piltover Enforcer UNL-187/219 CN ¥0.50 EN $0.16"
2026-09-18T19:27:37+00:00,https://bilgewatermarket.com/cards,Hextech Gauntlets,nonfoil,0.62,https://bilgewatermarket.com/cards/UNL-188,normal,https://bilgewatermarket.com/assets/UNL-188-EN-DDZT2s9K.webp,¥1.46,$0.62,,Hextech Gauntlets UNL-188/219 CN ¥1.46 EN $0.62
2026-09-18T19:27:37+00:00,https://bilgewatermarket.com/cards,"Lillia, Bashful Bloom",nonfoil,0.26,https://bilgewatermarket.com/cards/UNL-189,normal,https://bilgewatermarket.com/assets/UNL-189-EN-kQBpLE9j.webp,¥0.67,$0.26,,"Lillia, Bashful Bloom UNL-189/219 CN ¥0.67 EN $0.26"
2026-09-18T19:27:37+00:00,https://bilgewatermarket.com/cards,Lilting Lullaby,nonfoil,1.81,https://bilgewatermarket.com/cards/UNL-190,normal,https://bilgewatermarket.com/assets/UNL-190-EN-Dn1XtAnW.webp,¥9.91,$1.81,,Lilting Lullaby UNL-190/219 CN ¥9.91 EN $1.81
2026-09-18T19:27:37+00:00,https://bilgewatermarket.com/cards,"Master Yi, Wuju Master",nonfoil,0.15,https://bilgewatermarket.com/cards/UNL-191,normal,https://bilgewatermarket.com/assets/UNL-191-EN-CefqZVC-.webp,¥0.52,$0.15,,"Master Yi, Wuju Master UNL-191/219 CN ¥0.52 EN $0.15"
2026-09-18T19:27:37+00:00,https://bilgewatermarket.com/cards,Alpha Strike,nonfoil,2.39,https://bilgewatermarket.com/cards/UNL-192,normal,https://bilgewatermarket.com/assets/UNL-192-EN-Cq4PsRGb.webp,¥11.25,$2.39,,Alpha Strike UNL-192/219 CN ¥11.25 EN $2.39
2026-09-18T19:27:37+00:00,https://bilgewatermarket.com/cards,"Vex, Gloomist",nonfoil,0.13,https://bilgewatermarket.com/cards/UNL-193,normal,https://bilgewatermarket.com/assets/UNL-193-EN-DNlP_F4B.webp,¥0.53,$0.13,,"Vex, Gloomist UNL-193/219 CN ¥0.53 EN $0.13"
2026-09-18T19:27:37+00:00,https://bilgewatermarket.com/cards,Shadow,nonfoil,0.42,https://bilgewatermarket.com/cards/UNL-194,normal,https://bilgewatermarket.com/assets/UNL-194-EN-DpsNrwjx.webp,¥1.41,$0.42,,Shadow UNL-194/219 CN ¥1.41 EN $0.42
2026-09-18T19:27:37+00:00,https://bilgewatermarket.com/cards,"Ivern, Green Father",nonfoil,0.12,https://bilgewatermarket.com/cards/UNL-195,normal,https://bilgewatermarket.com/assets/UNL-195-EN-e54tnICv.webp,¥0.50,$0.12,,"Ivern, Green Father UNL-195/219 CN ¥0.50 EN $0.12"
2026-09-18T19:27:37+00:00,https://bilgewatermarket.com/cards,Daisy!,nonfoil,1.30,https://bilgewatermarket.com/cards/UNL-196,normal,https://bilgewatermarket.com/assets/UNL-196-EN-SMW5qYhA.webp,¥2.82,$1.30,,Daisy! UNL-196/219 CN ¥2.82 EN $1.30
2026-09-18T19:27:37+00:00,https://bilgewatermarket.com/cards,"Diana, Scorn of the Moon",nonfoil,0.19,https://bilgewatermarket.com/cards/UNL-197,normal,https://bilgewatermarket.com/assets/UNL-197-EN-CNKWIhcH.webp,¥0.54,$0.19,,"Diana, Scorn of the Moon UNL-197/219 CN ¥0.54 EN $0.19"
2026-09-18T19:27:37+00:00,https://bilgewatermarket.com/cards,Moonfall,nonfoil,12.48,https://bilgewatermarket.com/cards/UNL-198,normal,https://bilgewatermarket.com/assets/UNL-198-EN-C577_q1f.webp,¥36.12,$12.48,,Moonfall UNL-198/219 CN ¥36.12 EN $12.48
2026-09-18T19:27:37+00:00,https://bilgewatermarket.com/cards,"LeBlanc, Deceiver",nonfoil,0.16,https://bilgewatermarket.com/cards/UNL-199,normal,https://bilgewatermarket.com/assets/UNL-199-EN-rwWohJbI.webp,¥0.52,$0.16,,"LeBlanc, Deceiver UNL-199/219 CN ¥0.52 EN $0.16"
2026-09-18T19:27:37+00:00,https://bilgewatermarket.com/cards,Mirror Image,nonfoil,15.75,https://bilgewatermarket.com/cards/UNL-200,normal,https://bilgewatermarket.com/assets/UNL-200-EN-BFJZsggW.webp,¥23.75,$15.75,,Mirror Image UNL-200/219 CN ¥23.75 EN $15.75
2026-09-18T19:27:37+00:00,https://bilgewatermarket.com/cards,"Kha'Zix, Voidreaver",nonfoil,0.13,https://bilgewatermarket.com/cards/UNL-201,normal,https://bilgewatermarket.com/assets/UNL-201-EN-eJCqdA7M.webp,¥0.50,$0.13,,"Kha'Zix, Voidreaver UNL-201/219 CN ¥0.50 EN $0.13"
2026-09-18T19:27:37+00:00,https://bilgewatermarket.com/cards,Void Assault,nonfoil,7.02,https://bilgewatermarket.com/cards/UNL-202,normal,https://bilgewatermarket.com/assets/UNL-202-EN-BYsayl9r.webp,¥9.34,$7.02,,Void Assault UNL-202/219 CN ¥9.34 EN $7.02
2026-09-18T19:27:37+00:00,https://bilgewatermarket.com/cards,"Poppy, Keeper of the Hammer",nonfoil,0.18,https://bilgewatermarket.com/cards/UNL-203,normal,https://bilgewatermarket.com/assets/UNL-203-EN-DQZOV_ef.webp,¥0.52,$0.18,,"Poppy, Keeper of the Hammer UNL-203/219 CN ¥0.52 EN $0.18"
2026-09-18T19:27:37+00:00,https://bilgewatermarket.com/cards,Keeper's Verdict,nonfoil,0.63,https://bilgewatermarket.com/cards/UNL-204,normal,https://bilgewatermarket.com/assets/UNL-204-EN-DfO5hbOA.webp,¥1.74,$0.63,,Keeper's Verdict UNL-204/219 CN ¥1.74 EN $0.63
2026-09-18T19:27:37+00:00,https://bilgewatermarket.com/cards,Abandoned Hall,foil,0.45,https://bilgewatermarket.com/cards/UNL-205?print_variation=foiled,foiled,https://bilgewatermarket.com/assets/UNL-205-EN-B3i0oFVT.webp,¥3.93,$0.45,,Abandoned Hall UNL-205/219 Foiled CN ¥3.93 EN $0.45
2026-09-18T19:27:37+00:00,https://bilgewatermarket.com/cards,Abandoned Hall,nonfoil,0.12,https://bilgewatermarket.com/cards/UNL-205,normal,https://bilgewatermarket.com/assets/UNL-205-EN-B3i0oFVT.webp,¥0.99,$0.12,,Abandoned Hall UNL-205/219 CN ¥0.99 EN $0.12
2026-09-18T19:27:37+00:00,https://bilgewatermarket.com/cards,Altar of Blood,foil,0.23,https://bilgewatermarket.com/cards/UNL-206?print_variation=foiled,foiled,https://bilgewatermarket.com/assets/UNL-206-EN-B2xbXvkO.webp,¥0.94,$0.23,,Altar of Blood UNL-206/219 Foiled CN ¥0.94 EN $0.23
2026-09-18T19:27:37+00:00,https://bilgewatermarket.com/cards,Altar of Blood,nonfoil,0.09,https://bilgewatermarket.com/cards/UNL-206,normal,https://bilgewatermarket.com/assets/UNL-206-EN-B2xbXvkO.webp,¥0.54,$0.09,,Altar of Blood UNL-206/219 CN ¥0.54 EN $0.09
2026-09-18T19:27:37+00:00,https://bilgewatermarket.com/cards,Amateur Recital,foil,0.26,https://bilgewatermarket.com/cards/UNL-207?print_variation=foiled,foiled,https://bilgewatermarket.com/assets/UNL-207-EN-C4fKtPbC.webp,¥2.13,$0.26,,Amateur Recital UNL-207/219 Foiled CN ¥2.13 EN $0.26
2026-09-18T19:27:37+00:00,https://bilgewatermarket.com/cards,Amateur Recital,nonfoil,0.06,https://bilgewatermarket.com/cards/UNL-207,normal,https://bilgewatermarket.com/assets/UNL-207-EN-C4fKtPbC.webp,¥0.58,$0.06,,Amateur Recital UNL-207/219 CN ¥0.58 EN $0.06
2026-09-18T19:27:37+00:00,https://bilgewatermarket.com/cards,Black Flame Altar,foil,0.24,https://bilgewatermarket.com/cards/UNL-208?print_variation=foiled,foiled,https://bilgewatermarket.com/assets/UNL-208-EN-BFfUgtpR.webp,¥1.15,$0.24,,Black Flame Altar UNL-208/219 Foiled CN ¥1.15 EN $0.24
2026-09-18T19:27:37+00:00,https://bilgewatermarket.com/cards,Black Flame Altar,nonfoil,0.09,https://bilgewatermarket.com/cards/UNL-208,normal,https://bilgewatermarket.com/assets/UNL-208-EN-BFfUgtpR.webp,¥0.53,$0.09,,Black Flame Altar UNL-208/219 CN ¥0.53 EN $0.09
2026-09-18T19:27:37+00:00,https://bilgewatermarket.com/cards,Dusk Rose Lab,foil,0.25,https://bilgewatermarket.com/cards/UNL-209?print_variation=foiled,foiled,https://bilgewatermarket.com/assets/UNL-209-EN-BuBON7qI.webp,¥3.06,$0.25,,Dusk Rose Lab UNL-209/219 Foiled CN ¥3.06 EN $0.25
2026-09-18T19:27:37+00:00,https://bilgewatermarket.com/cards,Dusk Rose Lab,nonfoil,0.08,https://bilgewatermarket.com/cards/UNL-209,normal,https://bilgewatermarket.com/assets/UNL-209-EN-BuBON7qI.webp,¥0.56,$0.08,,Dusk Rose Lab UNL-209/219 CN ¥0.56 EN $0.08
2026-09-18T19:27:37+00:00,https://bilgewatermarket.com/cards,Forbidding Waste,foil,0.31,https://bilgewatermarket.com/cards/UNL-210?print_variation=foiled,foiled,https://bilgewatermarket.com/assets/UNL-210-EN--IbLa7Sk.webp,¥2.76,$0.31,,Forbidding Waste UNL-210/219 Foiled CN ¥2.76 EN $0.31
2026-09-18T19:27:37+00:00,https://bilgewatermarket.com/cards,Forbidding Waste,nonfoil,0.13,https://bilgewatermarket.com/cards/UNL-210,normal,https://bilgewatermarket.com/assets/UNL-210-EN--IbLa7Sk.webp,¥0.66,$0.13,,Forbidding Waste UNL-210/219 CN ¥0.66 EN $0.13
2026-09-18T19:27:37+00:00,https://bilgewatermarket.com/cards,Forgotten Library,foil,0.18,https://bilgewatermarket.com/cards/UNL-211?print_variation=foiled,foiled,https://bilgewatermarket.com/assets/UNL-211-EN-7oK7vflT.webp,¥1.40,$0.18,,Forgotten Library UNL-211/219 Foiled CN ¥1.40 EN $0.18
2026-09-18T19:27:37+00:00,https://bilgewatermarket.com/cards,Forgotten Library,nonfoil,0.07,https://bilgewatermarket.com/cards/UNL-211,normal,https://bilgewatermarket.com/assets/UNL-211-EN-7oK7vflT.webp,¥0.50,$0.07,,Forgotten Library UNL-211/219 CN ¥0.50 EN $0.07
2026-09-18T19:27:37+00:00,https://bilgewatermarket.com/cards,Frozen Fortress,foil,0.32,https://bilgewatermarket.com/cards/UNL-212?print_variation=foiled,foiled,https://bilgewatermarket.com/assets/UNL-212-EN-DiwGxiqY.webp,¥1.48,$0.32,,Frozen Fortress UNL-212/219 Foiled CN ¥1.48 EN $0.32
2026-09-18T19:27:37+00:00,https://bilgewatermarket.com/cards,Frozen Fortress,nonfoil,0.12,https://bilgewatermarket.com/cards/UNL-212,normal,https://bilgewatermarket.com/assets/UNL-212-EN-DiwGxiqY.webp,¥0.55,$0.12,,Frozen Fortress UNL-212/219 CN ¥0.55 EN $0.12
2026-09-18T19:27:37+00:00,https://bilgewatermarket.com/cards,Gardens of Becoming,foil,0.25,https://bilgewatermarket.com/cards/UNL-213?print_variation=foiled,foiled,https://bilgewatermarket.com/assets/UNL-213-EN-CX1vd13o.webp,¥1.16,$0.25,,Gardens of Becoming UNL-213/219 Foiled CN ¥1.16 EN $0.25
2026-09-18T19:27:37+00:00,https://bilgewatermarket.com/cards,Gardens of Becoming,nonfoil,0.05,https://bilgewatermarket.com/cards/UNL-213,normal,https://bilgewatermarket.com/assets/UNL-213-EN-CX1vd13o.webp,¥0.51,$0.05,,Gardens of Becoming UNL-213/219 CN ¥0.51 EN $0.05
2026-09-18T19:27:37+00:00,https://bilgewatermarket.com/cards,Ripper's Bay,foil,0.24,https://bilgewatermarket.com/cards/UNL-214?print_variation=foiled,foiled,https://bilgewatermarket.com/assets/UNL-214-EN-Ny9KFUes.webp,¥1.04,$0.24,,Ripper's Bay UNL-214/219 Foiled CN ¥1.04 EN $0.24
2026-09-18T19:27:37+00:00,https://bilgewatermarket.com/cards,Ripper's Bay,nonfoil,0.06,https://bilgewatermarket.com/cards/UNL-214,normal,https://bilgewatermarket.com/assets/UNL-214-EN-Ny9KFUes.webp,¥0.52,$0.06,,Ripper's Bay UNL-214/219 CN ¥0.52 EN $0.06
2026-09-18T19:27:37+00:00,https://bilgewatermarket.com/cards,Star Spring,foil,0.37,https://bilgewatermarket.com/cards/UNL-215?print_variation=foiled,foiled,https://bilgewatermarket.com/assets/UNL-215-EN-CkgDq3o1.webp,¥3.60,$0.37,,Star Spring UNL-215/219 Foiled CN ¥3.60 EN $0.37
2026-09-18T19:27:37+00:00,https://bilgewatermarket.com/cards,Star Spring,nonfoil,0.14,https://bilgewatermarket.com/cards/UNL-215,normal,https://bilgewatermarket.com/assets/UNL-215-EN-CkgDq3o1.webp,¥0.71,$0.14,,Star Spring UNL-215/219 CN ¥0.71 EN $0.14
2026-09-18T19:27:37+00:00,https://bilgewatermarket.com/cards,The Academy,foil,0.24,https://bilgewatermarket.com/cards/UNL-216?print_variation=foiled,foiled,https://bilgewatermarket.com/assets/UNL-216-EN-C6l-ju5k.webp,¥0.91,$0.24,,The Academy UNL-216/219 Foiled CN ¥0.91 EN $0.24
2026-09-18T19:27:37+00:00,https://bilgewatermarket.com/cards,The Academy,nonfoil,0.05,https://bilgewatermarket.com/cards/UNL-216,normal,https://bilgewatermarket.com/assets/UNL-216-EN-C6l-ju5k.webp,¥0.59,$0.05,,The Academy UNL-216/219 CN ¥0.59 EN $0.05
2026-09-18T19:27:37+00:00,https://bilgewatermarket.com/cards,Trapping Grounds,foil,0.17,https://bilgewatermarket.com/cards/UNL-217?print_variation=foiled,foiled,https://bilgewatermarket.com/assets/UNL-217-EN-BWCfkzuB.webp,¥1.03,$0.17,,Trapping Grounds UNL-217/219 Foiled CN ¥1.03 EN $0.17
2026-09-18T19:27:37+00:00,https://bilgewatermarket.com/cards,Trapping Grounds,nonfoil,0.06,https://bilgewatermarket.com/cards/UNL-217,normal,https://bilgewatermarket.com/assets/UNL-217-EN-BWCfkzuB.webp,¥0.59,$0.06,,Trapping Grounds UNL-217/219 CN ¥0.59 EN $0.06
2026-09-18T19:27:37+00:00,https://bilgewatermarket.com/cards,Valley of Idols,foil,0.23,https://bilgewatermarket.com/cards/UNL-218?print_variation=foiled,foiled,https://bilgewatermarket.com/assets/UNL-218-EN-8C6J9Tai.webp,¥1.58,$0.23,,Valley of Idols UNL-218/219 Foiled CN ¥1.58 EN $0.23
2026-09-18T19:27:37+00:00,https://bilgewatermarket.com/cards,Valley of Idols,nonfoil,0.10,https://bilgewatermarket.com/cards/UNL-218,normal,https://bilgewatermarket.com/assets/UNL-218-EN-8C6J9Tai.webp,¥0.55,$0.10,,Valley of Idols UNL-218/219 CN ¥0.55 EN $0.10
2026-09-18T19:27:37+00:00,https://bilgewatermarket.com/cards,Vaults of Helia,foil,0.19,https://bilgewatermarket.com/cards/UNL-219?print_variation=foiled,foiled,https://bilgewatermarket.com/assets/UNL-219-EN-KP4dsgM_.webp,¥1.71,$0.19,,Vaults of Helia UNL-219/219 Foiled CN ¥1.71 EN $0.19
2026-09-18T19:27:37+00:00,https://bilgewatermarket.com/cards,Vaults of Helia,nonfoil,0.05,https://bilgewatermarket.com/cards/UNL-219,normal,https://bilgewatermarket.com/assets/UNL-219-EN-KP4dsgM_.webp,¥0.52,$0.05,,Vaults of Helia UNL-219/219 CN ¥0.52 EN $0.05
2026-09-18T19:27:37+00:00,https://bilgewatermarket.com/cards,Pouty Poro,nonfoil,168.15,https://bilgewatermarket.com/cards/UNL-220?print_variation=showcase,showcase,https://bilgewatermarket.com/assets/UNL-220-EN-BU3HFBrU.webp,¥210.89,$168.15,,Pouty Poro UNL-220/219 Showcase CN ¥210.89 EN $168.15
2026-09-18T19:27:37+00:00,https://bilgewatermarket.com/cards,Lonely Poro,nonfoil,358.06,https://bilgewatermarket.com/cards/UNL-221?print_variation=showcase,showcase,https://bilgewatermarket.com/assets/UNL-221-EN-BuQVYFZY.webp,¥483.78,$358.06,,Lonely Poro UNL-221/219 Showcase CN ¥483.78 EN $358.06
2026-09-18T19:27:37+00:00,https://bilgewatermarket.com/cards,Plundering Poro,nonfoil,192.27,https://bilgewatermarket.com/cards/UNL-222?print_variation=showcase,showcase,https://bilgewatermarket.com/assets/UNL-222-EN-BFFWmkuO.webp,¥324.70,$192.27,,Plundering Poro UNL-222/219 Showcase CN ¥324.70 EN $192.27
2026-09-18T19:27:37+00:00,https://bilgewatermarket.com/cards,Veteran Poro,nonfoil,161.11,https://bilgewatermarket.com/cards/UNL-223?print_variation=showcase,showcase,https://bilgewatermarket.com/assets/UNL-223-EN-DjYUB0Qh.webp,¥160.97,$161.11,,Veteran Poro UNL-223/219 Showcase CN ¥160.97 EN $161.11
2026-09-18T19:27:37+00:00,https://bilgewatermarket.com/cards,Mystic Poro,nonfoil,175.73,https://bilgewatermarket.com/cards/UNL-224?print_variation=showcase,showcase,https://bilgewatermarket.com/assets/UNL-224-EN-CBO2fcyz.webp,¥225.10,$175.73,,Mystic Poro UNL-224/219 Showcase CN ¥225.10 EN $175.73
2026-09-18T19:27:37+00:00,https://bilgewatermarket.com/cards,Daring Poro,nonfoil,142.51,https://bilgewatermarket.com/cards/UNL-225?print_variation=showcase,showcase,https://bilgewatermarket.com/assets/UNL-225-EN-BTiJoP5C.webp,¥221.39,$142.51,,Daring Poro UNL-225/219 Showcase CN ¥221.39 EN $142.51
2026-09-18T19:27:37+00:00,https://bilgewatermarket.com/cards,"Jhin, Virtuoso",nonfoil,69.52,https://bilgewatermarket.com/cards/UNL-226?print_variation=showcase,showcase,https://bilgewatermarket.com/assets/UNL-226-EN-LeTYYDjl.webp,¥68.75,$69.52,,"Jhin, Virtuoso UNL-226/219 Showcase CN ¥68.75 EN $69.52"
2026-09-18T19:27:37+00:00,https://bilgewatermarket.com/cards,"Rengar, Pridestalker",nonfoil,115.79,https://bilgewatermarket.com/cards/UNL-227?print_variation=showcase,showcase,https://bilgewatermarket.com/assets/UNL-227-EN-It77lMx2.webp,¥93.42,$115.79,,"Rengar, Pridestalker UNL-227/219 Showcase CN ¥93.42 EN $115.79"
2026-09-18T19:27:37+00:00,https://bilgewatermarket.com/cards,"Pyke, Bloodharbor Ripper",nonfoil,96.69,https://bilgewatermarket.com/cards/UNL-228?print_variation=showcase,showcase,https://bilgewatermarket.com/assets/UNL-228-EN-B_4X0rcx.webp,¥102.85,$96.69,,"Pyke, Bloodharbor Ripper UNL-228/219 Showcase CN ¥102.85 EN $96.69"
2026-09-18T19:27:37+00:00,https://bilgewatermarket.com/cards,"Vi, Piltover Enforcer",nonfoil,91.04,https://bilgewatermarket.com/cards/UNL-229?print_variation=showcase,showcase,https://bilgewatermarket.com/assets/UNL-229-EN-DMaA_WrZ.webp,¥94.40,$91.04,,"Vi, Piltover Enforcer UNL-229/219 Showcase CN ¥94.40 EN $91.04"
2026-09-18T19:27:37+00:00,https://bilgewatermarket.com/cards,"Lillia, Bashful Bloom",nonfoil,81.45,https://bilgewatermarket.com/cards/UNL-230?print_variation=showcase,showcase,https://bilgewatermarket.com/assets/UNL-230-EN-HFfdZJFb.webp,¥93.76,$81.45,,"Lillia, Bashful Bloom UNL-230/219 Showcase CN ¥93.76 EN $81.45"
2026-09-18T19:27:37+00:00,https://bilgewatermarket.com/cards,"Master Yi, Wuju Master",nonfoil,52.54,https://bilgewatermarket.com/cards/UNL-231?print_variation=showcase,showcase,https://bilgewatermarket.com/assets/UNL-231-EN-DtYBY2xr.webp,¥118.08,$52.54,,"Master Yi, Wuju Master UNL-231/219 Showcase CN ¥118.08 EN $52.54"
2026-09-18T19:27:37+00:00,https://bilgewatermarket.com/cards,"Vex, Gloomist",nonfoil,106.53,https://bilgewatermarket.com/cards/UNL-232?print_variation=showcase,showcase,https://bilgewatermarket.com/assets/UNL-232-EN-BYXRnHrj.webp,¥306.69,$106.53,,"Vex, Gloomist UNL-232/219 Showcase CN ¥306.69 EN $106.53"
2026-09-18T19:27:37+00:00,https://bilgewatermarket.com/cards,"Ivern, Green Father",nonfoil,64.74,https://bilgewatermarket.com/cards/UNL-233?print_variation=showcase,showcase,https://bilgewatermarket.com/assets/UNL-233-EN-CeEkAtl7.webp,¥53.71,$64.74,,"Ivern, Green Father UNL-233/219 Showcase CN ¥53.71 EN $64.74"
2026-09-18T19:27:37+00:00,https://bilgewatermarket.com/cards,"Diana, Scorn of the Moon",nonfoil,239.31,https://bilgewatermarket.com/cards/UNL-234?print_variation=showcase,showcase,https://bilgewatermarket.com/assets/UNL-234-EN-jyyftaCH.webp,¥339.82,$239.31,,"Diana, Scorn of the Moon UNL-234/219 Showcase CN ¥339.82 EN $239.31"
2026-09-18T19:27:37+00:00,https://bilgewatermarket.com/cards,"LeBlanc, Deceiver",nonfoil,208.18,https://bilgewatermarket.com/cards/UNL-235?print_variation=showcase,showcase,https://bilgewatermarket.com/assets/UNL-235-EN-xrKLyHRv.webp,¥198.79,$208.18,,"LeBlanc, Deceiver UNL-235/219 Showcase CN ¥198.79 EN $208.18"
2026-09-18T19:27:37+00:00,https://bilgewatermarket.com/cards,"Kha'Zix, Voidreaver",nonfoil,109.67,https://bilgewatermarket.com/cards/UNL-236?print_variation=showcase,showcase,https://bilgewatermarket.com/assets/UNL-236-EN-uQp0Dv5x.webp,¥93.73,$109.67,,"Kha'Zix, Voidreaver UNL-236/219 Showcase CN ¥93.73 EN $109.67"
2026-09-18T19:27:37+00:00,https://bilgewatermarket.com/cards,"Poppy, Keeper of the Hammer",nonfoil,45.86,https://bilgewatermarket.com/cards/UNL-237?print_variation=showcase,showcase,https://bilgewatermarket.com/assets/UNL-237-EN-BPuD6POI.webp,¥51.33,$45.86,,"Poppy, Keeper of the Hammer UNL-237/219 Showcase CN ¥51.33 EN $45.86"
2026-09-18T19:27:37+00:00,https://bilgewatermarket.com/cards,Baron Nashor,nonfoil,1787.35,https://bilgewatermarket.com/cards/UNL-238?print_variation=showcase,showcase,https://bilgewatermarket.com/assets/UNL-238-EN-Dch1B17l.webp,"¥10,037.70","$1,787.35",,"Baron Nashor UNL-238/219 Showcase CN ¥10,037.70 EN $1,787.35"
2026-09-18T19:27:37+00:00,https://bilgewatermarket.com/cards,Against the Odds,foil,0.28,https://bilgewatermarket.com/cards/SFD-001?print_variation=foiled,foiled,https://bilgewatermarket.com/assets/SFD-001-EN-BFpb8lmI.jpg,¥1.30,$0.28,,Against the Odds SFD-001/221 Foiled CN ¥1.30 EN $0.28
2026-09-18T19:27:37+00:00,https://bilgewatermarket.com/cards,Against the Odds,nonfoil,0.09,https://bilgewatermarket.com/cards/SFD-001,normal,https://bilgewatermarket.com/assets/SFD-001-EN-BFpb8lmI.jpg,¥0.50,$0.09,,Against the Odds SFD-001/221 CN ¥0.50 EN $0.09
2026-09-18T19:27:37+00:00,https://bilgewatermarket.com/cards,Armed Assailant,foil,0.14,https://bilgewatermarket.com/cards/SFD-002?print_variation=foiled,foiled,https://bilgewatermarket.com/assets/SFD-002-EN-p5lNE6jO.jpg,¥0.50,$0.14,,Armed Assailant SFD-002/221 Foiled CN ¥0.50 EN $0.14
2026-09-18T19:27:37+00:00,https://bilgewatermarket.com/cards,Armed Assailant,nonfoil,0.04,https://bilgewatermarket.com/cards/SFD-002,normal,https://bilgewatermarket.com/assets/SFD-002-EN-p5lNE6jO.jpg,¥0.30,$0.04,,Armed Assailant SFD-002/221 CN ¥0.30 EN $0.04
2026-09-18T19:27:37+00:00,https://bilgewatermarket.com/cards,Blood Rush,foil,0.29,https://bilgewatermarket.com/cards/SFD-003?print_variation=foiled,foiled,https://bilgewatermarket.com/assets/SFD-003-EN-Dk4rhHcM.jpg,¥1.06,$0.29,,Blood Rush SFD-003/221 Foiled CN ¥1.06 EN $0.29
2026-09-18T19:27:37+00:00,https://bilgewatermarket.com/cards,Blood Rush,nonfoil,0.08,https://bilgewatermarket.com/cards/SFD-003,normal,https://bilgewatermarket.com/assets/SFD-003-EN-Dk4rhHcM.jpg,¥0.58,$0.08,,Blood Rush SFD-003/221 CN ¥0.58 EN $0.08
2026-09-18T19:27:37+00:00,https://bilgewatermarket.com/cards,Bushwhack,foil,0.23,https://bilgewatermarket.com/cards/SFD-004?print_variation=foiled,foiled,https://bilgewatermarket.com/assets/SFD-004-EN-CMjg6u9O.jpg,¥0.82,$0.23,,Bushwhack SFD-004/221 Foiled CN ¥0.82 EN $0.23
2026-09-18T19:27:37+00:00,https://bilgewatermarket.com/cards,Bushwhack,nonfoil,0.07,https://bilgewatermarket.com/cards/SFD-004,normal,https://bilgewatermarket.com/assets/SFD-004-EN-CMjg6u9O.jpg,¥0.51,$0.07,,Bushwhack SFD-004/221 CN ¥0.51 EN $0.07
2026-09-18T19:27:37+00:00,https://bilgewatermarket.com/cards,Detonate,foil,0.26,https://bilgewatermarket.com/cards/SFD-005?print_variation=foiled,foiled,https://bilgewatermarket.com/assets/SFD-005-EN-DSLMILlk.jpg,¥0.50,$0.26,,Detonate SFD-005/221 Foiled CN ¥0.50 EN $0.26
2026-09-18T19:27:37+00:00,https://bilgewatermarket.com/cards,Detonate,nonfoil,0.08,https://bilgewatermarket.com/cards/SFD-005,normal,https://bilgewatermarket.com/assets/SFD-005-EN-DSLMILlk.jpg,¥0.50,$0.08,,Detonate SFD-005/221 CN ¥0.50 EN $0.08
2026-09-18T19:27:37+00:00,https://bilgewatermarket.com/cards,Eager Drakehound,foil,0.18,https://bilgewatermarket.com/cards/SFD-006?print_variation=foiled,foiled,https://bilgewatermarket.com/assets/SFD-006-EN-BrJLWNrD.jpg,¥0.50,$0.18,,Eager Drakehound SFD-006/221 Foiled CN ¥0.50 EN $0.18
2026-09-18T19:27:37+00:00,https://bilgewatermarket.com/cards,Eager Drakehound,nonfoil,0.05,https://bilgewatermarket.com/cards/SFD-006,normal,https://bilgewatermarket.com/assets/SFD-006-EN-BrJLWNrD.jpg,¥0.50,$0.05,,Eager Drakehound SFD-006/221 CN ¥0.50 EN $0.05
2026-09-18T19:27:37+00:00,https://bilgewatermarket.com/cards,Gem Jammer,foil,0.21,https://bilgewatermarket.com/cards/SFD-007?print_variation=foiled,foiled,https://bilgewatermarket.com/assets/SFD-007-EN-BNfcC7-B.jpg,¥0.99,$0.21,,Gem Jammer SFD-007/221 Foiled CN ¥0.99 EN $0.21
2026-09-18T19:27:37+00:00,https://bilgewatermarket.com/cards,Gem Jammer,nonfoil,0.08,https://bilgewatermarket.com/cards/SFD-007,normal,https://bilgewatermarket.com/assets/SFD-007-EN-BNfcC7-B.jpg,¥0.50,$0.08,,Gem Jammer SFD-007/221 CN ¥0.50 EN $0.08
2026-09-18T19:27:37+00:00,https://bilgewatermarket.com/cards,Sentinel Adept,foil,0.20,https://bilgewatermarket.com/cards/SFD-008?print_variation=foiled,foiled,https://bilgewatermarket.com/assets/SFD-008-EN-xDDBtw5Y.jpg,¥0.50,$0.20,,Sentinel Adept SFD-008/221 Foiled CN ¥0.50 EN $0.20
2026-09-18T19:27:37+00:00,https://bilgewatermarket.com/cards,Sentinel Adept,nonfoil,0.05,https://bilgewatermarket.com/cards/SFD-008,normal,https://bilgewatermarket.com/assets/SFD-008-EN-xDDBtw5Y.jpg,¥0.50,$0.05,,Sentinel Adept SFD-008/221 CN ¥0.50 EN $0.05
2026-09-18T19:27:37+00:00,https://bilgewatermarket.com/cards,Serrated Dirk,foil,0.20,https://bilgewatermarket.com/cards/SFD-009?print_variation=foiled,foiled,https://bilgewatermarket.com/assets/SFD-009-EN-B-OT2bsM.jpg,¥0.50,$0.20,,Serrated Dirk SFD-009/221 Foiled CN ¥0.50 EN $0.20
2026-09-18T19:27:37+00:00,https://bilgewatermarket.com/cards,Serrated Dirk,nonfoil,0.08,https://bilgewatermarket.com/cards/SFD-009,normal,https://bilgewatermarket.com/assets/SFD-009-EN-B-OT2bsM.jpg,¥0.50,$0.08,,Serrated Dirk SFD-009/221 CN ¥0.50 EN $0.08
2026-09-18T19:27:37+00:00,https://bilgewatermarket.com/cards,Void Drone,foil,0.21,https://bilgewatermarket.com/cards/SFD-010?print_variation=foiled,foiled,https://bilgewatermarket.com/assets/SFD-010-EN-B1im6mgC.jpg,¥0.54,$0.21,,Void Drone SFD-010/221 Foiled CN ¥0.54 EN $0.21
2026-09-18T19:27:37+00:00,https://bilgewatermarket.com/cards,Void Drone,nonfoil,0.07,https://bilgewatermarket.com/cards/SFD-010,normal,https://bilgewatermarket.com/assets/SFD-010-EN-B1im6mgC.jpg,¥0.50,$0.07,,Void Drone SFD-010/221 CN ¥0.50 EN $0.07
2026-09-18T19:27:37+00:00,https://bilgewatermarket.com/cards,Angle Shot,foil,0.25,https://bilgewatermarket.com/cards/SFD-011?print_variation=foiled,foiled,https://bilgewatermarket.com/assets/SFD-011-EN-5f9ma-PY.jpg,¥1.99,$0.25,,Angle Shot SFD-011/221 Foiled CN ¥1.99 EN $0.25
2026-09-18T19:27:37+00:00,https://bilgewatermarket.com/cards,Angle Shot,nonfoil,0.07,https://bilgewatermarket.com/cards/SFD-011,normal,https://bilgewatermarket.com/assets/SFD-011-EN-5f9ma-PY.jpg,¥0.51,$0.07,,Angle Shot SFD-011/221 CN ¥0.51 EN $0.07
2026-09-18T19:27:37+00:00,https://bilgewatermarket.com/cards,Battering Ram,foil,0.42,https://bilgewatermarket.com/cards/SFD-012?print_variation=foiled,foiled,https://bilgewatermarket.com/assets/SFD-012-EN-6Sj70Pjz.jpg,¥1.51,$0.42,,Battering Ram SFD-012/221 Foiled CN ¥1.51 EN $0.42
2026-09-18T19:27:37+00:00,https://bilgewatermarket.com/cards,Battering Ram,nonfoil,0.14,https://bilgewatermarket.com/cards/SFD-012,normal,https://bilgewatermarket.com/assets/SFD-012-EN-6Sj70Pjz.jpg,¥0.59,$0.14,,Battering Ram SFD-012/221 CN ¥0.59 EN $0.14
2026-09-18T19:27:37+00:00,https://bilgewatermarket.com/cards,Blast Corps Cadet,foil,0.21,https://bilgewatermarket.com/cards/SFD-013?print_variation=foiled,foiled,https://bilgewatermarket.com/assets/SFD-013-EN-C-T_q2XE.jpg,¥0.50,$0.21,,Blast Corps Cadet SFD-013/221 Foiled CN ¥0.50 EN $0.21
2026-09-18T19:27:37+00:00,https://bilgewatermarket.com/cards,Blast Corps Cadet,nonfoil,0.09,https://bilgewatermarket.com/cards/SFD-013,normal,https://bilgewatermarket.com/assets/SFD-013-EN-C-T_q2XE.jpg,¥0.50,$0.09,,Blast Corps Cadet SFD-013/221 CN ¥0.50 EN $0.09
2026-09-18T19:27:37+00:00,https://bilgewatermarket.com/cards,Minotaur Reckoner,foil,0.31,https://bilgewatermarket.com/cards/SFD-014?print_variation=foiled,foiled,https://bilgewatermarket.com/assets/SFD-014-EN-B-kpq3T5.jpg,¥1.10,$0.31,,Minotaur Reckoner SFD-014/221 Foiled CN ¥1.10 EN $0.31
2026-09-18T19:27:37+00:00,https://bilgewatermarket.com/cards,Minotaur Reckoner,nonfoil,0.11,https://bilgewatermarket.com/cards/SFD-014,normal,https://bilgewatermarket.com/assets/SFD-014-EN-B-kpq3T5.jpg,¥0.55,$0.11,,Minotaur Reckoner SFD-014/221 CN ¥0.55 EN $0.11
2026-09-18T19:27:37+00:00,https://bilgewatermarket.com/cards,Perched Grimwyrm,foil,0.21,https://bilgewatermarket.com/cards/SFD-015?print_variation=foiled,foiled,https://bilgewatermarket.com/assets/SFD-015-EN-DqbsTd7E.jpg,¥0.60,$0.21,,Perched Grimwyrm SFD-015/221 Foiled CN ¥0.60 EN $0.21
2026-09-18T19:27:37+00:00,https://bilgewatermarket.com/cards,Perched Grimwyrm,nonfoil,0.10,https://bilgewatermarket.com/cards/SFD-015,normal,https://bilgewatermarket.com/assets/SFD-015-EN-DqbsTd7E.jpg,¥0.50,$0.10,,Perched Grimwyrm SFD-015/221 CN ¥0.50 EN $0.10
2026-09-18T19:27:37+00:00,https://bilgewatermarket.com/cards,Recurve Bow,foil,0.20,https://bilgewatermarket.com/cards/SFD-016?print_variation=foiled,foiled,https://bilgewatermarket.com/assets/SFD-016-EN-DQkT5Opa.jpg,¥0.52,$0.20,,Recurve Bow SFD-016/221 Foiled CN ¥0.52 EN $0.20
2026-09-18T19:27:37+00:00,https://bilgewatermarket.com/cards,Recurve Bow,nonfoil,0.11,https://bilgewatermarket.com/cards/SFD-016,normal,https://bilgewatermarket.com/assets/SFD-016-EN-DQkT5Opa.jpg,¥0.50,$0.11,,Recurve Bow SFD-016/221 CN ¥0.50 EN $0.11
2026-09-18T19:27:37+00:00,https://bilgewatermarket.com/cards,Sudden Storm,foil,0.27,https://bilgewatermarket.com/cards/SFD-017?print_variation=foiled,foiled,https://bilgewatermarket.com/assets/SFD-017-EN-BK5N42lM.jpg,¥0.51,$0.27,,Sudden Storm SFD-017/221 Foiled CN ¥0.51 EN $0.27
2026-09-18T19:27:37+00:00,https://bilgewatermarket.com/cards,Sudden Storm,nonfoil,0.12,https://bilgewatermarket.com/cards/SFD-017,normal,https://bilgewatermarket.com/assets/SFD-017-EN-BK5N42lM.jpg,¥0.50,$0.12,,Sudden Storm SFD-017/221 CN ¥0.50 EN $0.12
2026-09-18T19:27:37+00:00,https://bilgewatermarket.com/cards,Void Hatchling,foil,0.27,https://bilgewatermarket.com/cards/SFD-018?print_variation=foiled,foiled,https://bilgewatermarket.com/assets/SFD-018-EN-BmdzoQJT.jpg,¥0.80,$0.27,,Void Hatchling SFD-018/221 Foiled CN ¥0.80 EN $0.27
2026-09-18T19:27:37+00:00,https://bilgewatermarket.com/cards,Void Hatchling,nonfoil,0.10,https://bilgewatermarket.com/cards/SFD-018,normal,https://bilgewatermarket.com/assets/SFD-018-EN-BmdzoQJT.jpg,¥0.50,$0.10,,Void Hatchling SFD-018/221 CN ¥0.50 EN $0.10
2026-09-18T19:27:37+00:00,https://bilgewatermarket.com/cards,Assembly Rig,nonfoil,0.16,https://bilgewatermarket.com/cards/SFD-019,normal,https://bilgewatermarket.com/assets/SFD-019-EN-Db9nnn7g.jpg,¥0.50,$0.16,,Assembly Rig SFD-019/221 CN ¥0.50 EN $0.16
2026-09-18T19:27:37+00:00,https://bilgewatermarket.com/cards,"Draven, Vanquisher",nonfoil,0.21,https://bilgewatermarket.com/cards/SFD-020,normal,https://bilgewatermarket.com/assets/SFD-020-EN-TBdmCQGg.jpg,¥0.51,$0.21,,"BANNED Draven, Vanquisher SFD-020/221 CN ¥0.51 EN $0.21"
2026-09-18T19:27:37+00:00,https://bilgewatermarket.com/cards,"Draven, Vanquisher",nonfoil,1.89,https://bilgewatermarket.com/cards/SFD-020a?print_variation=showcase,showcase,https://bilgewatermarket.com/assets/SFD-020a-EN-BcyEVAuX.jpg,¥1.44,$1.89,,"BANNED Draven, Vanquisher SFD-020A/221 Showcase CN ¥1.44 EN $1.89"
2026-09-18T19:27:37+00:00,https://bilgewatermarket.com/cards,Ferrous Forerunner,nonfoil,2.69,https://bilgewatermarket.com/cards/SFD-021,normal,https://bilgewatermarket.com/assets/SFD-021-EN-5Qmhkz1S.jpg,¥2.33,$2.69,,Ferrous Forerunner SFD-021/221 CN ¥2.33 EN $2.69
2026-09-18T19:27:37+00:00,https://bilgewatermarket.com/cards,Long Sword,nonfoil,0.44,https://bilgewatermarket.com/cards/SFD-022,normal,https://bilgewatermarket.com/assets/SFD-022-EN-YbFX3fQ2.jpg,¥1.07,$0.44,,Long Sword SFD-022/221 CN ¥1.07 EN $0.44
2026-09-18T19:27:37+00:00,https://bilgewatermarket.com/cards,Piercing Light,nonfoil,0.30,https://bilgewatermarket.com/cards/SFD-023,normal,https://bilgewatermarket.com/assets/SFD-023-EN-BqFCDf32.jpg,¥1.44,$0.30,,Piercing Light SFD-023/221 CN ¥1.44 EN $0.30
2026-09-18T19:27:37+00:00,https://bilgewatermarket.com/cards,"Rell, Magnetic",nonfoil,0.20,https://bilgewatermarket.com/cards/SFD-024,normal,https://bilgewatermarket.com/assets/SFD-024-EN-B5IK6b0-.jpg,¥0.52,$0.20,,"Rell, Magnetic SFD-024/221 CN ¥0.52 EN $0.20"
2026-09-18T19:27:37+00:00,https://bilgewatermarket.com/cards,"Rengar, Pouncing",nonfoil,0.69,https://bilgewatermarket.com/cards/SFD-025,normal,https://bilgewatermarket.com/assets/SFD-025-EN-DwBeHyLw.jpg,¥0.95,$0.69,,"Rengar, Pouncing SFD-025/221 CN ¥0.95 EN $0.69"
2026-09-18T19:27:37+00:00,https://bilgewatermarket.com/cards,"Rumble, Hotheaded",nonfoil,0.28,https://bilgewatermarket.com/cards/SFD-026,normal,https://bilgewatermarket.com/assets/SFD-026-EN-D82yvB8K.jpg,¥0.54,$0.28,,"Rumble, Hotheaded SFD-026/221 CN ¥0.54 EN $0.28"
2026-09-18T19:27:37+00:00,https://bilgewatermarket.com/cards,"Rumble, Hotheaded",nonfoil,1.26,https://bilgewatermarket.com/cards/SFD-026a?print_variation=showcase,showcase,https://bilgewatermarket.com/assets/SFD-026a-EN-BssuS5ud.jpg,¥1.41,$1.26,,"Rumble, Hotheaded SFD-026A/221 Showcase CN ¥1.41 EN $1.26"
2026-09-18T19:27:37+00:00,https://bilgewatermarket.com/cards,Dunebreaker,nonfoil,1.10,https://bilgewatermarket.com/cards/SFD-027,normal,https://bilgewatermarket.com/assets/SFD-027-EN-Cr2ZQdTY.jpg,¥3.64,$1.10,,Dunebreaker SFD-027/221 CN ¥3.64 EN $1.10
2026-09-18T19:27:37+00:00,https://bilgewatermarket.com/cards,"Lucian, Gunslinger",nonfoil,0.86,https://bilgewatermarket.com/cards/SFD-028,normal,https://bilgewatermarket.com/assets/SFD-028-EN-BHngvG56.jpg,¥0.93,$0.86,,"Lucian, Gunslinger SFD-028/221 CN ¥0.93 EN $0.86"
2026-09-18T19:27:37+00:00,https://bilgewatermarket.com/cards,"Lucian, Gunslinger",nonfoil,1.39,https://bilgewatermarket.com/cards/SFD-028a?print_variation=showcase,showcase,https://bilgewatermarket.com/assets/SFD-028a-EN-2ZqfLj5j.jpg,¥1.43,$1.39,,"Lucian, Gunslinger SFD-028A/221 Showcase CN ¥1.43 EN $1.39"
2026-09-18T19:27:37+00:00,https://bilgewatermarket.com/cards,"Rek'Sai, Breacher",nonfoil,9.05,https://bilgewatermarket.com/cards/SFD-029,normal,https://bilgewatermarket.com/assets/SFD-029-EN-Dy1luUnR.jpg,¥4.68,$9.05,,"Rek'Sai, Breacher SFD-029/221 CN ¥4.68 EN $9.05"
2026-09-18T19:27:37+00:00,https://bilgewatermarket.com/cards,"Rek'Sai, Breacher",nonfoil,10.34,https://bilgewatermarket.com/cards/SFD-029a?print_variation=showcase,showcase,https://bilgewatermarket.com/assets/SFD-029a-EN-B_hxEtl4.jpg,¥6.96,$10.34,,"Rek'Sai, Breacher SFD-029A/221 Showcase CN ¥6.96 EN $10.34"
2026-09-18T19:27:37+00:00,https://bilgewatermarket.com/cards,Skyfall of Areion,nonfoil,4.16,https://bilgewatermarket.com/cards/SFD-030,normal,https://bilgewatermarket.com/assets/SFD-030-EN-BoSygp9y.jpg,¥7.17,$4.16,,Skyfall of Areion SFD-030/221 CN ¥7.17 EN $4.16
2026-09-18T19:27:37+00:00,https://bilgewatermarket.com/cards,Desert's Call,foil,0.28,https://bilgewatermarket.com/cards/SFD-031?print_variation=foiled,foiled,https://bilgewatermarket.com/assets/SFD-031-EN-BXVrWN10.jpg,¥1.08,$0.28,,Desert's Call SFD-031/221 Foiled CN ¥1.08 EN $0.28
2026-09-18T19:27:37+00:00,https://bilgewatermarket.com/cards,Desert's Call,nonfoil,0.12,https://bilgewatermarket.com/cards/SFD-031,normal,https://bilgewatermarket.com/assets/SFD-031-EN-BXVrWN10.jpg,¥0.50,$0.12,,Desert's Call SFD-031/221 CN ¥0.50 EN $0.12
2026-09-18T19:27:37+00:00,https://bilgewatermarket.com/cards,Disarming Rake,foil,0.51,https://bilgewatermarket.com/cards/SFD-032?print_variation=foiled,foiled,https://bilgewatermarket.com/assets/SFD-032-EN-D89KB-1-.jpg,¥1.43,$0.51,,Disarming Rake SFD-032/221 Foiled CN ¥1.43 EN $0.51
2026-09-18T19:27:37+00:00,https://bilgewatermarket.com/cards,Disarming Rake,nonfoil,0.15,https://bilgewatermarket.com/cards/SFD-032,normal,https://bilgewatermarket.com/assets/SFD-032-EN-D89KB-1-.jpg,¥0.55,$0.15,,Disarming Rake SFD-032/221 CN ¥0.55 EN $0.15
2026-09-18T19:27:37+00:00,https://bilgewatermarket.com/cards,Doran's Shield,foil,0.27,https://bilgewatermarket.com/cards/SFD-033?print_variation=foiled,foiled,https://bilgewatermarket.com/assets/SFD-033-EN-CmVKaPlZ.jpg,¥0.85,$0.27,,Doran's Shield SFD-033/221 Foiled CN ¥0.85 EN $0.27
2026-09-18T19:27:37+00:00,https://bilgewatermarket.com/cards,Doran's Shield,nonfoil,0.06,https://bilgewatermarket.com/cards/SFD-033,normal,https://bilgewatermarket.com/assets/SFD-033-EN-CmVKaPlZ.jpg,¥0.52,$0.06,,Doran's Shield SFD-033/221 CN ¥0.52 EN $0.06
2026-09-18T19:27:37+00:00,https://bilgewatermarket.com/cards,Feral Strength,foil,0.17,https://bilgewatermarket.com/cards/SFD-034?print_variation=foiled,foiled,https://bilgewatermarket.com/assets/SFD-034-EN-Bz6xVcXR.jpg,¥0.50,$0.17,,Feral Strength SFD-034/221 Foiled CN ¥0.50 EN $0.17
2026-09-18T19:27:37+00:00,https://bilgewatermarket.com/cards,Feral Strength,nonfoil,0.08,https://bilgewatermarket.com/cards/SFD-034,normal,https://bilgewatermarket.com/assets/SFD-034-EN-Bz6xVcXR.jpg,¥0.52,$0.08,,Feral Strength SFD-034/221 CN ¥0.52 EN $0.08
2026-09-18T19:27:37+00:00,https://bilgewatermarket.com/cards,Guardian of the Passage,foil,0.18,https://bilgewatermarket.com/cards/SFD-035?print_variation=foiled,foiled,https://bilgewatermarket.com/assets/SFD-035-EN-BibuowUN.jpg,¥0.53,$0.18,,Guardian of the Passage SFD-035/221 Foiled CN ¥0.53 EN $0.18
2026-09-18T19:27:37+00:00,https://bilgewatermarket.com/cards,Guardian of the Passage,nonfoil,0.08,https://bilgewatermarket.com/cards/SFD-035,normal,https://bilgewatermarket.com/assets/SFD-035-EN-BibuowUN.jpg,¥0.50,$0.08,,Guardian of the Passage SFD-035/221 CN ¥0.50 EN $0.08
2026-09-18T19:27:37+00:00,https://bilgewatermarket.com/cards,Lonely Poro,foil,0.68,https://bilgewatermarket.com/cards/SFD-036?print_variation=foiled,foiled,https://bilgewatermarket.com/assets/SFD-036-EN-f_DNln-c.jpg,¥2.77,$0.68,,Lonely Poro SFD-036/221 Foiled CN ¥2.77 EN $0.68
2026-09-18T19:27:37+00:00,https://bilgewatermarket.com/cards,Lonely Poro,nonfoil,0.19,https://bilgewatermarket.com/cards/SFD-036,normal,https://bilgewatermarket.com/assets/SFD-036-EN-f_DNln-c.jpg,¥0.54,$0.19,,Lonely Poro SFD-036/221 CN ¥0.54 EN $0.19
2026-09-18T19:27:37+00:00,https://bilgewatermarket.com/cards,Navori Scout,foil,0.15,https://bilgewatermarket.com/cards/SFD-037?print_variation=foiled,foiled,https://bilgewatermarket.com/assets/SFD-037-EN-Ddn6971-.jpg,¥0.50,$0.15,,Navori Scout SFD-037/221 Foiled CN ¥0.50 EN $0.15
2026-09-18T19:27:37+00:00,https://bilgewatermarket.com/cards,Navori Scout,nonfoil,0.05,https://bilgewatermarket.com/cards/SFD-037,normal,https://bilgewatermarket.com/assets/SFD-037-EN-Ddn6971-.jpg,¥0.50,$0.05,,Navori Scout SFD-037/221 CN ¥0.50 EN $0.05
2026-09-18T19:27:37+00:00,https://bilgewatermarket.com/cards,Ribbon Dancer,foil,0.15,https://bilgewatermarket.com/cards/SFD-038?print_variation=foiled,foiled,https://bilgewatermarket.com/assets/SFD-038-EN-_8Wp4S2X.jpg,¥0.50,$0.15,,Ribbon Dancer SFD-038/221 Foiled CN ¥0.50 EN $0.15
2026-09-18T19:27:37+00:00,https://bilgewatermarket.com/cards,Ribbon Dancer,nonfoil,0.06,https://bilgewatermarket.com/cards/SFD-038,normal,https://bilgewatermarket.com/assets/SFD-038-EN-_8Wp4S2X.jpg,¥0.33,$0.06,,Ribbon Dancer SFD-038/221 CN ¥0.33 EN $0.06
2026-09-18T19:27:37+00:00,https://bilgewatermarket.com/cards,Royal Entourage,foil,0.20,https://bilgewatermarket.com/cards/SFD-039?print_variation=foiled,foiled,https://bilgewatermarket.com/assets/SFD-039-EN-B5y6TWaO.jpg,¥0.50,$0.20,,Royal Entourage SFD-039/221 Foiled CN ¥0.50 EN $0.20
2026-09-18T19:27:37+00:00,https://bilgewatermarket.com/cards,Royal Entourage,nonfoil,0.03,https://bilgewatermarket.com/cards/SFD-039,normal,https://bilgewatermarket.com/assets/SFD-039-EN-B5y6TWaO.jpg,¥0.30,$0.03,,Royal Entourage SFD-039/221 CN ¥0.30 EN $0.03
2026-09-18T19:27:37+00:00,https://bilgewatermarket.com/cards,Thwonk!,foil,0.23,https://bilgewatermarket.com/cards/SFD-040?print_variation=foiled,foiled,https://bilgewatermarket.com/assets/SFD-040-EN-Cwt2PqZP.jpg,¥1.00,$0.23,,Thwonk! SFD-040/221 Foiled CN ¥1.00 EN $0.23
2026-09-18T19:27:37+00:00,https://bilgewatermarket.com/cards,Thwonk!,nonfoil,0.10,https://bilgewatermarket.com/cards/SFD-040,normal,https://bilgewatermarket.com/assets/SFD-040-EN-Cwt2PqZP.jpg,¥0.50,$0.10,,Thwonk! SFD-040/221 CN ¥0.50 EN $0.10
2026-09-18T19:27:37+00:00,https://bilgewatermarket.com/cards,Apprentice Smith,foil,0.27,https://bilgewatermarket.com/cards/SFD-041?print_variation=foiled,foiled,https://bilgewatermarket.com/assets/SFD-041-EN-CJvMwxFG.jpg,¥0.78,$0.27,,Apprentice Smith SFD-041/221 Foiled CN ¥0.78 EN $0.27
2026-09-18T19:27:37+00:00,https://bilgewatermarket.com/cards,Apprentice Smith,nonfoil,0.10,https://bilgewatermarket.com/cards/SFD-041,normal,https://bilgewatermarket.com/assets/SFD-041-EN-CJvMwxFG.jpg,¥0.50,$0.10,,Apprentice Smith SFD-041/221 CN ¥0.50 EN $0.10
2026-09-18T19:27:37+00:00,https://bilgewatermarket.com/cards,Brutalizer,foil,1.53,https://bilgewatermarket.com/cards/SFD-042?print_variation=foiled,foiled,https://bilgewatermarket.com/assets/SFD-042-EN-CiUHZ4Gc.jpg,¥2.90,$1.53,,Brutalizer SFD-042/221 Foiled CN ¥2.90 EN $1.53
2026-09-18T19:27:37+00:00,https://bilgewatermarket.com/cards,Brutalizer,nonfoil,0.34,https://bilgewatermarket.com/cards/SFD-042,normal,https://bilgewatermarket.com/assets/SFD-042-EN-CiUHZ4Gc.jpg,¥1.16,$0.34,,Brutalizer SFD-042/221 CN ¥1.16 EN $0.34
2026-09-18T19:27:37+00:00,https://bilgewatermarket.com/cards,Emperor's Divide,foil,1.15,https://bilgewatermarket.com/cards/SFD-043?print_variation=foiled,foiled,https://bilgewatermarket.com/assets/SFD-043-EN-BhtuGwbJ.jpg,¥3.06,$1.15,,Emperor's Divide SFD-043/221 Foiled CN ¥3.06 EN $1.15
2026-09-18T19:27:37+00:00,https://bilgewatermarket.com/cards,Emperor's Divide,nonfoil,0.35,https://bilgewatermarket.com/cards/SFD-043,normal,https://bilgewatermarket.com/assets/SFD-043-EN-BhtuGwbJ.jpg,¥1.18,$0.35,,Emperor's Divide SFD-043/221 CN ¥1.18 EN $0.35
2026-09-18T19:27:37+00:00,https://bilgewatermarket.com/cards,Legion Quartermaster,foil,0.24,https://bilgewatermarket.com/cards/SFD-044?print_variation=foiled,foiled,https://bilgewatermarket.com/assets/SFD-044-EN-CEEtQxxt.jpg,¥0.81,$0.24,,Legion Quartermaster SFD-044/221 Foiled CN ¥0.81 EN $0.24
2026-09-18T19:27:37+00:00,https://bilgewatermarket.com/cards,Legion Quartermaster,nonfoil,0.09,https://bilgewatermarket.com/cards/SFD-044,normal,https://bilgewatermarket.com/assets/SFD-044-EN-CEEtQxxt.jpg,¥0.50,$0.09,,Legion Quartermaster SFD-044/221 CN ¥0.50 EN $0.09
2026-09-18T19:27:37+00:00,https://bilgewatermarket.com/cards,Not So Fast,foil,4.17,https://bilgewatermarket.com/cards/SFD-045?print_variation=foiled,foiled,https://bilgewatermarket.com/assets/SFD-045-EN--JRHO4tX.jpg,¥10.15,$4.17,,Not So Fast SFD-045/221 Foiled CN ¥10.15 EN $4.17
2026-09-18T19:27:37+00:00,https://bilgewatermarket.com/cards,Not So Fast,nonfoil,1.60,https://bilgewatermarket.com/cards/SFD-045,normal,https://bilgewatermarket.com/assets/SFD-045-EN--JRHO4tX.jpg,¥2.85,$1.60,,Not So Fast SFD-045/221 CN ¥2.85 EN $1.60
2026-09-18T19:27:37+00:00,https://bilgewatermarket.com/cards,Poro Snax,foil,0.46,https://bilgewatermarket.com/cards/SFD-046?print_variation=foiled,foiled,https://bilgewatermarket.com/assets/SFD-046-EN-BDitKWVB.jpg,¥1.49,$0.46,,Poro Snax SFD-046/221 Foiled CN ¥1.49 EN $0.46
2026-09-18T19:27:37+00:00,https://bilgewatermarket.com/cards,Poro Snax,nonfoil,0.20,https://bilgewatermarket.com/cards/SFD-046,normal,https://bilgewatermarket.com/assets/SFD-046-EN-BDitKWVB.jpg,¥0.54,$0.20,,Poro Snax SFD-046/221 CN ¥0.54 EN $0.20
2026-09-18T19:27:37+00:00,https://bilgewatermarket.com/cards,Simian Ancestor,foil,0.17,https://bilgewatermarket.com/cards/SFD-047?print_variation=foiled,foiled,https://bilgewatermarket.com/assets/SFD-047-EN-DxIZtOP2.jpg,¥0.50,$0.17,,Simian Ancestor SFD-047/221 Foiled CN ¥0.50 EN $0.17
2026-09-18T19:27:37+00:00,https://bilgewatermarket.com/cards,Simian Ancestor,nonfoil,0.10,https://bilgewatermarket.com/cards/SFD-047,normal,https://bilgewatermarket.com/assets/SFD-047-EN-DxIZtOP2.jpg,¥0.32,$0.10,,Simian Ancestor SFD-047/221 CN ¥0.32 EN $0.10
2026-09-18T19:27:37+00:00,https://bilgewatermarket.com/cards,Stellacorn Herder,foil,2.49,https://bilgewatermarket.com/cards/SFD-048?print_variation=foiled,foiled,https://bilgewatermarket.com/assets/SFD-048-EN-C15-C8QU.jpg,¥3.86,$2.49,,Stellacorn Herder SFD-048/221 Foiled CN ¥3.86 EN $2.49
2026-09-18T19:27:37+00:00,https://bilgewatermarket.com/cards,Stellacorn Herder,nonfoil,1.21,https://bilgewatermarket.com/cards/SFD-048,normal,https://bilgewatermarket.com/assets/SFD-048-EN-C15-C8QU.jpg,¥1.41,$1.21,,Stellacorn Herder SFD-048/221 CN ¥1.41 EN $1.21
2026-09-18T19:27:37+00:00,https://bilgewatermarket.com/cards,"Aphelios, Exalted",nonfoil,0.27,https://bilgewatermarket.com/cards/SFD-049,normal,https://bilgewatermarket.com/assets/SFD-049-EN-CfL7UahE.jpg,¥0.51,$0.27,,"Aphelios, Exalted SFD-049/221 CN ¥0.51 EN $0.27"
2026-09-18T19:27:37+00:00,https://bilgewatermarket.com/cards,"Azir, Ascendant",nonfoil,0.22,https://bilgewatermarket.com/cards/SFD-050,normal,https://bilgewatermarket.com/assets/SFD-050-EN-DS8DQi5a.jpg,¥0.58,$0.22,,"Azir, Ascendant SFD-050/221 CN ¥0.58 EN $0.22"
2026-09-18T19:27:37+00:00,https://bilgewatermarket.com/cards,"Azir, Ascendant",nonfoil,0.81,https://bilgewatermarket.com/cards/SFD-050a?print_variation=showcase,showcase,https://bilgewatermarket.com/assets/SFD-050a-EN-BU2RTaeW.jpg,¥2.32,$0.81,,"Azir, Ascendant SFD-050A/221 Showcase CN ¥2.32 EN $0.81"
2026-09-18T19:27:37+00:00,https://bilgewatermarket.com/cards,Guardian Angel,nonfoil,0.87,https://bilgewatermarket.com/cards/SFD-051,normal,https://bilgewatermarket.com/assets/SFD-051-EN-Bv55qoS8.jpg,¥4.05,$0.87,,Guardian Angel SFD-051/221 CN ¥4.05 EN $0.87
2026-09-18T19:27:37+00:00,https://bilgewatermarket.com/cards,Heart of Dark Ice,nonfoil,0.34,https://bilgewatermarket.com/cards/SFD-052,normal,https://bilgewatermarket.com/assets/SFD-052-EN-BeoxypYN.jpg,¥1.01,$0.34,,Heart of Dark Ice SFD-052/221 CN ¥1.01 EN $0.34
2026-09-18T19:27:37+00:00,https://bilgewatermarket.com/cards,"Janna, Savior",nonfoil,0.47,https://bilgewatermarket.com/cards/SFD-053,normal,https://bilgewatermarket.com/assets/SFD-053-EN-NJLKVsDP.jpg,¥1.13,$0.47,,"Janna, Savior SFD-053/221 CN ¥1.13 EN $0.47"
2026-09-18T19:27:37+00:00,https://bilgewatermarket.com/cards,"Jax, Unmatched",nonfoil,0.20,https://bilgewatermarket.com/cards/SFD-054,normal,https://bilgewatermarket.com/assets/SFD-054-EN-D7I0RpAZ.jpg,¥0.51,$0.20,,"Jax, Unmatched SFD-054/221 CN ¥0.51 EN $0.20"
2026-09-18T19:27:37+00:00,https://bilgewatermarket.com/cards,"Jax, Unmatched",nonfoil,1.27,https://bilgewatermarket.com/cards/SFD-054a?print_variation=showcase,showcase,https://bilgewatermarket.com/assets/SFD-054a-EN-BFcUXrht.jpg,¥3.05,$1.27,,"Jax, Unmatched SFD-054A/221 Showcase CN ¥3.05 EN $1.27"
2026-09-18T19:27:37+00:00,https://bilgewatermarket.com/cards,Needlessly Large Yordle,nonfoil,0.12,https://bilgewatermarket.com/cards/SFD-055,normal,https://bilgewatermarket.com/assets/SFD-055-EN-7wjMZbXP.jpg,¥0.50,$0.12,,Needlessly Large Yordle SFD-055/221 CN ¥0.50 EN $0.12
2026-09-18T19:27:37+00:00,https://bilgewatermarket.com/cards,Sterak's Gage,nonfoil,0.32,https://bilgewatermarket.com/cards/SFD-056,normal,https://bilgewatermarket.com/assets/SFD-056-EN-DAOlzGZ_.jpg,¥0.95,$0.32,,Sterak's Gage SFD-056/221 CN ¥0.95 EN $0.32
2026-09-18T19:27:37+00:00,https://bilgewatermarket.com/cards,"Irelia, Fervent",nonfoil,27.34,https://bilgewatermarket.com/cards/SFD-057,normal,https://bilgewatermarket.com/assets/SFD-057-EN-CfJkyyx3.jpg,¥29.59,$27.34,,"Irelia, Fervent SFD-057/221 CN ¥29.59 EN $27.34"
2026-09-18T19:27:37+00:00,https://bilgewatermarket.com/cards,"Irelia, Fervent",nonfoil,32.28,https://bilgewatermarket.com/cards/SFD-057a?print_variation=showcase,showcase,https://bilgewatermarket.com/assets/SFD-057a-EN-DGxfrF-0.jpg,¥36.53,$32.28,,"Irelia, Fervent SFD-057A/221 Showcase CN ¥36.53 EN $32.28"
2026-09-18T19:27:37+00:00,https://bilgewatermarket.com/cards,"Ornn, Blacksmith",nonfoil,2.07,https://bilgewatermarket.com/cards/SFD-058,normal,https://bilgewatermarket.com/assets/SFD-058-EN-DDc7ajpt.jpg,¥1.15,$2.07,,"Ornn, Blacksmith SFD-058/221 CN ¥1.15 EN $2.07"
2026-09-18T19:27:37+00:00,https://bilgewatermarket.com/cards,"Ornn, Blacksmith",nonfoil,4.18,https://bilgewatermarket.com/cards/SFD-058a?print_variation=showcase,showcase,https://bilgewatermarket.com/assets/SFD-058a-EN-D_Glg_83.jpg,¥3.98,$4.18,,"Ornn, Blacksmith SFD-058A/221 Showcase CN ¥3.98 EN $4.18"
2026-09-18T19:27:37+00:00,https://bilgewatermarket.com/cards,Svellsongur,nonfoil,11.18,https://bilgewatermarket.com/cards/SFD-059,normal,https://bilgewatermarket.com/assets/SFD-059-EN-Cmb9RxTm.jpg,¥23.18,$11.18,,Svellsongur SFD-059/221 CN ¥23.18 EN $11.18
2026-09-18T19:27:37+00:00,https://bilgewatermarket.com/cards,Tianna Crownguard,nonfoil,2.03,https://bilgewatermarket.com/cards/SFD-060,normal,https://bilgewatermarket.com/assets/SFD-060-EN-L9czvAQk.jpg,¥3.89,$2.03,,Tianna Crownguard SFD-060/221 CN ¥3.89 EN $2.03
2026-09-18T19:27:37+00:00,https://bilgewatermarket.com/cards,Aspiring Engineer,foil,0.26,https://bilgewatermarket.com/cards/SFD-061?print_variation=foiled,foiled,https://bilgewatermarket.com/assets/SFD-061-EN-BR5_eTm_.jpg,¥0.57,$0.26,,Aspiring Engineer SFD-061/221 Foiled CN ¥0.57 EN $0.26
2026-09-18T19:27:37+00:00,https://bilgewatermarket.com/cards,Aspiring Engineer,nonfoil,0.08,https://bilgewatermarket.com/cards/SFD-061,normal,https://bilgewatermarket.com/assets/SFD-061-EN-BR5_eTm_.jpg,¥0.51,$0.08,,Aspiring Engineer SFD-061/221 CN ¥0.51 EN $0.08
2026-09-18T19:27:37+00:00,https://bilgewatermarket.com/cards,Bubble Bot,foil,0.24,https://bilgewatermarket.com/cards/SFD-062?print_variation=foiled,foiled,https://bilgewatermarket.com/assets/SFD-062-EN-ttM-yAEg.jpg,¥0.50,$0.24,,Bubble Bot SFD-062/221 Foiled CN ¥0.50 EN $0.24
2026-09-18T19:27:37+00:00,https://bilgewatermarket.com/cards,Bubble Bot,nonfoil,0.11,https://bilgewatermarket.com/cards/SFD-062,normal,https://bilgewatermarket.com/assets/SFD-062-EN-ttM-yAEg.jpg,¥0.50,$0.11,,Bubble Bot SFD-062/221 CN ¥0.50 EN $0.11
2026-09-18T19:27:37+00:00,https://bilgewatermarket.com/cards,Chemtech Cask,foil,0.23,https://bilgewatermarket.com/cards/SFD-063?print_variation=foiled,foiled,https://bilgewatermarket.com/assets/SFD-063-EN-B_EMAVhk.jpg,¥0.53,$0.23,,Chemtech Cask SFD-063/221 Foiled CN ¥0.53 EN $0.23
2026-09-18T19:27:37+00:00,https://bilgewatermarket.com/cards,Chemtech Cask,nonfoil,0.07,https://bilgewatermarket.com/cards/SFD-063,normal,https://bilgewatermarket.com/assets/SFD-063-EN-B_EMAVhk.jpg,¥0.50,$0.07,,Chemtech Cask SFD-063/221 CN ¥0.50 EN $0.07
2026-09-18T19:27:37+00:00,https://bilgewatermarket.com/cards,Cloth Armor,foil,0.21,https://bilgewatermarket.com/cards/SFD-064?print_variation=foiled,foiled,https://bilgewatermarket.com/assets/SFD-064-EN-dUzFsmPC.jpg,¥0.73,$0.21,,Cloth Armor SFD-064/221 Foiled CN ¥0.73 EN $0.21
2026-09-18T19:27:37+00:00,https://bilgewatermarket.com/cards,Cloth Armor,nonfoil,0.06,https://bilgewatermarket.com/cards/SFD-064,normal,https://bilgewatermarket.com/assets/SFD-064-EN-dUzFsmPC.jpg,¥0.51,$0.06,,Cloth Armor SFD-064/221 CN ¥0.51 EN $0.06
2026-09-18T19:27:37+00:00,https://bilgewatermarket.com/cards,Forecaster,foil,0.18,https://bilgewatermarket.com/cards/SFD-065?print_variation=foiled,foiled,https://bilgewatermarket.com/assets/SFD-065-EN-D5kdl4DS.jpg,¥1.08,$0.18,,Forecaster SFD-065/221 Foiled CN ¥1.08 EN $0.18
2026-09-18T19:27:37+00:00,https://bilgewatermarket.com/cards,Forecaster,nonfoil,0.04,https://bilgewatermarket.com/cards/SFD-065,normal,https://bilgewatermarket.com/assets/SFD-065-EN-D5kdl4DS.jpg,¥0.52,$0.04,,Forecaster SFD-065/221 CN ¥0.52 EN $0.04
2026-09-18T19:27:37+00:00,https://bilgewatermarket.com/cards,Frigid Touch,foil,0.26,https://bilgewatermarket.com/cards/SFD-066?print_variation=foiled,foiled,https://bilgewatermarket.com/assets/SFD-066-EN-BCLthVSQ.jpg,¥0.77,$0.26,,Frigid Touch SFD-066/221 Foiled CN ¥0.77 EN $0.26
2026-09-18T19:27:37+00:00,https://bilgewatermarket.com/cards,Frigid Touch,nonfoil,0.06,https://bilgewatermarket.com/cards/SFD-066,normal,https://bilgewatermarket.com/assets/SFD-066-EN-BCLthVSQ.jpg,¥0.59,$0.06,,Frigid Touch SFD-066/221 CN ¥0.59 EN $0.06
2026-09-18T19:27:37+00:00,https://bilgewatermarket.com/cards,Frostcoat Cub,foil,0.16,https://bilgewatermarket.com/cards/SFD-067?print_variation=foiled,foiled,https://bilgewatermarket.com/assets/SFD-067-EN-CmlgccZ3.jpg,¥0.50,$0.16,,Frostcoat Cub SFD-067/221 Foiled CN ¥0.50 EN $0.16
2026-09-18T19:27:37+00:00,https://bilgewatermarket.com/cards,Frostcoat Cub,nonfoil,0.05,https://bilgewatermarket.com/cards/SFD-067,normal,https://bilgewatermarket.com/assets/SFD-067-EN-CmlgccZ3.jpg,¥0.31,$0.05,,Frostcoat Cub SFD-067/221 CN ¥0.31 EN $0.05
2026-09-18T19:27:37+00:00,https://bilgewatermarket.com/cards,Gearhead,foil,0.20,https://bilgewatermarket.com/cards/SFD-068?print_variation=foiled,foiled,https://bilgewatermarket.com/assets/SFD-068-EN-C3cBhpOf.jpg,¥0.50,$0.20,,Gearhead SFD-068/221 Foiled CN ¥0.50 EN $0.20
2026-09-18T19:27:37+00:00,https://bilgewatermarket.com/cards,Gearhead,nonfoil,0.05,https://bilgewatermarket.com/cards/SFD-068,normal,https://bilgewatermarket.com/assets/SFD-068-EN-C3cBhpOf.jpg,¥0.50,$0.05,,Gearhead SFD-068/221 CN ¥0.50 EN $0.05
2026-09-18T19:27:37+00:00,https://bilgewatermarket.com/cards,Plundering Poro,foil,0.48,https://bilgewatermarket.com/cards/SFD-069?print_variation=foiled,foiled,https://bilgewatermarket.com/assets/SFD-069-EN-YK56v1jc.jpg,¥1.86,$0.48,,Plundering Poro SFD-069/221 Foiled CN ¥1.86 EN $0.48
2026-09-18T19:27:37+00:00,https://bilgewatermarket.com/cards,Plundering Poro,nonfoil,0.12,https://bilgewatermarket.com/cards/SFD-069,normal,https://bilgewatermarket.com/assets/SFD-069-EN-YK56v1jc.jpg,¥0.52,$0.12,,Plundering Poro SFD-069/221 CN ¥0.52 EN $0.12
2026-09-18T19:27:37+00:00,https://bilgewatermarket.com/cards,Wages of Pain,foil,0.76,https://bilgewatermarket.com/cards/SFD-070?print_variation=foiled,foiled,https://bilgewatermarket.com/assets/SFD-070-EN-D6Q0YJ3Z.jpg,¥1.75,$0.76,,Wages of Pain SFD-070/221 Foiled CN ¥1.75 EN $0.76
2026-09-18T19:27:37+00:00,https://bilgewatermarket.com/cards,Wages of Pain,nonfoil,0.16,https://bilgewatermarket.com/cards/SFD-070,normal,https://bilgewatermarket.com/assets/SFD-070-EN-D6Q0YJ3Z.jpg,¥0.53,$0.16,,Wages of Pain SFD-070/221 CN ¥0.53 EN $0.16
2026-09-18T19:27:37+00:00,https://bilgewatermarket.com/cards,Breakneck Mech,foil,0.28,https://bilgewatermarket.com/cards/SFD-071?print_variation=foiled,foiled,https://bilgewatermarket.com/assets/SFD-071-EN-CpuTdraG.jpg,¥0.50,$0.28,,Breakneck Mech SFD-071/221 Foiled CN ¥0.50 EN $0.28
2026-09-18T19:27:37+00:00,https://bilgewatermarket.com/cards,Breakneck Mech,nonfoil,0.13,https://bilgewatermarket.com/cards/SFD-071,normal,https://bilgewatermarket.com/assets/SFD-071-EN-CpuTdraG.jpg,¥0.50,$0.13,,Breakneck Mech SFD-071/221 CN ¥0.50 EN $0.13
2026-09-18T19:27:37+00:00,https://bilgewatermarket.com/cards,Dropboarder,foil,0.32,https://bilgewatermarket.com/cards/SFD-072?print_variation=foiled,foiled,https://bilgewatermarket.com/assets/SFD-072-EN-B1QqDaIg.jpg,¥0.61,$0.32,,Dropboarder SFD-072/221 Foiled CN ¥0.61 EN $0.32
2026-09-18T19:27:37+00:00,https://bilgewatermarket.com/cards,Dropboarder,nonfoil,0.12,https://bilgewatermarket.com/cards/SFD-072,normal,https://bilgewatermarket.com/assets/SFD-072-EN-B1QqDaIg.jpg,¥0.51,$0.12,,Dropboarder SFD-072/221 CN ¥0.51 EN $0.12
2026-09-18T19:27:37+00:00,https://bilgewatermarket.com/cards,Experimental Hexplate,foil,0.26,https://bilgewatermarket.com/cards/SFD-073?print_variation=foiled,foiled,https://bilgewatermarket.com/assets/SFD-073-EN-hKyuwMRd.jpg,¥0.55,$0.26,,Experimental Hexplate SFD-073/221 Foiled CN ¥0.55 EN $0.26
2026-09-18T19:27:37+00:00,https://bilgewatermarket.com/cards,Experimental Hexplate,nonfoil,0.09,https://bilgewatermarket.com/cards/SFD-073,normal,https://bilgewatermarket.com/assets/SFD-073-EN-hKyuwMRd.jpg,¥0.50,$0.09,,Experimental Hexplate SFD-073/221 CN ¥0.50 EN $0.09
2026-09-18T19:27:37+00:00,https://bilgewatermarket.com/cards,Pickpocket,foil,1.44,https://bilgewatermarket.com/cards/SFD-074?print_variation=foiled,foiled,https://bilgewatermarket.com/assets/SFD-074-EN-DOoWpIam.jpg,¥1.18,$1.44,,Pickpocket SFD-074/221 Foiled CN ¥1.18 EN $1.44
2026-09-18T19:27:37+00:00,https://bilgewatermarket.com/cards,Pickpocket,nonfoil,0.24,https://bilgewatermarket.com/cards/SFD-074,normal,https://bilgewatermarket.com/assets/SFD-074-EN-DOoWpIam.jpg,¥0.64,$0.24,,Pickpocket SFD-074/221 CN ¥0.64 EN $0.24
2026-09-18T19:27:37+00:00,https://bilgewatermarket.com/cards,Prize of Progress,foil,0.23,https://bilgewatermarket.com/cards/SFD-075?print_variation=foiled,foiled,https://bilgewatermarket.com/assets/SFD-075-EN-BAZdmt8k.jpg,¥0.70,$0.23,,Prize of Progress SFD-075/221 Foiled CN ¥0.70 EN $0.23
2026-09-18T19:27:37+00:00,https://bilgewatermarket.com/cards,Prize of Progress,nonfoil,0.08,https://bilgewatermarket.com/cards/SFD-075,normal,https://bilgewatermarket.com/assets/SFD-075-EN-BAZdmt8k.jpg,¥0.50,$0.08,,Prize of Progress SFD-075/221 CN ¥0.50 EN $0.08
2026-09-18T19:27:37+00:00,https://bilgewatermarket.com/cards,Production Surge,foil,0.29,https://bilgewatermarket.com/cards/SFD-076?print_variation=foiled,foiled,https://bilgewatermarket.com/assets/SFD-076-EN-DwyiCjwl.jpg,¥0.92,$0.29,,Production Surge SFD-076/221 Foiled CN ¥0.92 EN $0.29
2026-09-18T19:27:37+00:00,https://bilgewatermarket.com/cards,Production Surge,nonfoil,0.10,https://bilgewatermarket.com/cards/SFD-076,normal,https://bilgewatermarket.com/assets/SFD-076-EN-DwyiCjwl.jpg,¥0.54,$0.10,,Production Surge SFD-076/221 CN ¥0.54 EN $0.10
2026-09-18T19:27:37+00:00,https://bilgewatermarket.com/cards,Rocket Barrage,foil,0.91,https://bilgewatermarket.com/cards/SFD-077?print_variation=foiled,foiled,https://bilgewatermarket.com/assets/SFD-077-EN-CYM3X_kM.jpg,¥2.09,$0.91,,Rocket Barrage SFD-077/221 Foiled CN ¥2.09 EN $0.91
2026-09-18T19:27:37+00:00,https://bilgewatermarket.com/cards,Rocket Barrage,nonfoil,0.16,https://bilgewatermarket.com/cards/SFD-077,normal,https://bilgewatermarket.com/assets/SFD-077-EN-CYM3X_kM.jpg,¥0.94,$0.16,,Rocket Barrage SFD-077/221 CN ¥0.94 EN $0.16
2026-09-18T19:27:37+00:00,https://bilgewatermarket.com/cards,Temporal Portal,foil,0.22,https://bilgewatermarket.com/cards/SFD-078?print_variation=foiled,foiled,https://bilgewatermarket.com/assets/SFD-078-EN-DqZX6kjr.jpg,¥0.50,$0.22,,Temporal Portal SFD-078/221 Foiled CN ¥0.50 EN $0.22
2026-09-18T19:27:37+00:00,https://bilgewatermarket.com/cards,Temporal Portal,nonfoil,0.08,https://bilgewatermarket.com/cards/SFD-078,normal,https://bilgewatermarket.com/assets/SFD-078-EN-DqZX6kjr.jpg,¥0.60,$0.08,,Temporal Portal SFD-078/221 CN ¥0.60 EN $0.08
2026-09-18T19:27:37+00:00,https://bilgewatermarket.com/cards,"Bard, Mercurial",nonfoil,0.21,https://bilgewatermarket.com/cards/SFD-079,normal,https://bilgewatermarket.com/assets/SFD-079-EN-Cb5XApGd.jpg,¥0.51,$0.21,,"Bard, Mercurial SFD-079/221 CN ¥0.51 EN $0.21"
2026-09-18T19:27:37+00:00,https://bilgewatermarket.com/cards,Bellows Breath,nonfoil,2.26,https://bilgewatermarket.com/cards/SFD-080,normal,https://bilgewatermarket.com/assets/SFD-080-EN-q4KkoNR0.jpg,¥5.63,$2.26,,Bellows Breath SFD-080/221 CN ¥5.63 EN $2.26
2026-09-18T19:27:37+00:00,https://bilgewatermarket.com/cards,Card Sharp,nonfoil,0.24,https://bilgewatermarket.com/cards/SFD-081,normal,https://bilgewatermarket.com/assets/SFD-081-EN-DrRv1rOQ.jpg,¥1.06,$0.24,,Card Sharp SFD-081/221 CN ¥1.06 EN $0.24
2026-09-18T19:27:37+00:00,https://bilgewatermarket.com/cards,"Ezreal, Dashing",nonfoil,0.22,https://bilgewatermarket.com/cards/SFD-082,normal,https://bilgewatermarket.com/assets/SFD-082-EN-YgYDtU4N.jpg,¥0.50,$0.22,,"Ezreal, Dashing SFD-082/221 CN ¥0.50 EN $0.22"
2026-09-18T19:27:37+00:00,https://bilgewatermarket.com/cards,"Ezreal, Dashing",nonfoil,1.35,https://bilgewatermarket.com/cards/SFD-082a?print_variation=showcase,showcase,https://bilgewatermarket.com/assets/SFD-082a-EN-DXVaa8I9.jpg,¥2.02,$1.35,,"Ezreal, Dashing SFD-082A/221 Showcase CN ¥2.02 EN $1.35"
2026-09-18T19:27:37+00:00,https://bilgewatermarket.com/cards,Hextech Anomaly,nonfoil,0.18,https://bilgewatermarket.com/cards/SFD-083,normal,https://bilgewatermarket.com/assets/SFD-083-EN-BBfc4JUT.jpg,¥0.51,$0.18,,Hextech Anomaly SFD-083/221 CN ¥0.51 EN $0.18
2026-09-18T19:27:37+00:00,https://bilgewatermarket.com/cards,"Jayce, Man of Progress",nonfoil,0.24,https://bilgewatermarket.com/cards/SFD-084,normal,https://bilgewatermarket.com/assets/SFD-084-EN-LvzdCxv8.jpg,¥1.11,$0.24,,"Jayce, Man of Progress SFD-084/221 CN ¥1.11 EN $0.24"
2026-09-18T19:27:37+00:00,https://bilgewatermarket.com/cards,"Ornn, Forge God",nonfoil,0.27,https://bilgewatermarket.com/cards/SFD-085,normal,https://bilgewatermarket.com/assets/SFD-085-EN-Cqt4JJBJ.jpg,¥0.55,$0.27,,"Ornn, Forge God SFD-085/221 CN ¥0.55 EN $0.27"
2026-09-18T19:27:37+00:00,https://bilgewatermarket.com/cards,"Ornn, Forge God",nonfoil,2.08,https://bilgewatermarket.com/cards/SFD-085a?print_variation=showcase,showcase,https://bilgewatermarket.com/assets/SFD-085a-EN-CQskfZaI.jpg,¥4.05,$2.08,,"Ornn, Forge God SFD-085A/221 Showcase CN ¥4.05 EN $2.08"
2026-09-18T19:27:37+00:00,https://bilgewatermarket.com/cards,World Atlas,nonfoil,0.15,https://bilgewatermarket.com/cards/SFD-086,normal,https://bilgewatermarket.com/assets/SFD-086-EN-CHslvxE0.jpg,¥0.54,$0.15,,World Atlas SFD-086/221 CN ¥0.54 EN $0.15
2026-09-18T19:27:37+00:00,https://bilgewatermarket.com/cards,Premonition,nonfoil,7.70,https://bilgewatermarket.com/cards/SFD-087,normal,https://bilgewatermarket.com/assets/SFD-087-EN-DTVC40cu.jpg,¥12.54,$7.70,,Premonition SFD-087/221 CN ¥12.54 EN $7.70
2026-09-18T19:27:37+00:00,https://bilgewatermarket.com/cards,"Renata Glasc, Mastermind",nonfoil,1.05,https://bilgewatermarket.com/cards/SFD-088,normal,https://bilgewatermarket.com/assets/SFD-088-EN-C5Krf7Gi.jpg,¥1.35,$1.05,,"Renata Glasc, Mastermind SFD-088/221 CN ¥1.35 EN $1.05"
2026-09-18T19:27:37+00:00,https://bilgewatermarket.com/cards,"Renata Glasc, Mastermind",nonfoil,2.78,https://bilgewatermarket.com/cards/SFD-088a?print_variation=showcase,showcase,https://bilgewatermarket.com/assets/SFD-088a-EN-BWxuTdu4.jpg,¥4.00,$2.78,,"Renata Glasc, Mastermind SFD-088A/221 Showcase CN ¥4.00 EN $2.78"
2026-09-18T19:27:37+00:00,https://bilgewatermarket.com/cards,"Rumble, Scrapper",nonfoil,0.60,https://bilgewatermarket.com/cards/SFD-089,normal,https://bilgewatermarket.com/assets/SFD-089-EN-CtNx9xd9.jpg,¥1.35,$0.60,,"Rumble, Scrapper SFD-089/221 CN ¥1.35 EN $0.60"
2026-09-18T19:27:37+00:00,https://bilgewatermarket.com/cards,"Rumble, Scrapper",nonfoil,2.12,https://bilgewatermarket.com/cards/SFD-089a?print_variation=showcase,showcase,https://bilgewatermarket.com/assets/SFD-089a-EN-UVeVGNJ-.jpg,¥2.12,$2.12,,"Rumble, Scrapper SFD-089A/221 Showcase CN ¥2.12 EN $2.12"
2026-09-18T19:27:37+00:00,https://bilgewatermarket.com/cards,The Zero Drive,nonfoil,7.92,https://bilgewatermarket.com/cards/SFD-090,normal,https://bilgewatermarket.com/assets/SFD-090-EN-lx9MsAH0.jpg,¥3.56,$7.92,,The Zero Drive SFD-090/221 CN ¥3.56 EN $7.92
2026-09-18T19:27:37+00:00,https://bilgewatermarket.com/cards,Buhru Captain,foil,0.17,https://bilgewatermarket.com/cards/SFD-091?print_variation=foiled,foiled,https://bilgewatermarket.com/assets/SFD-091-EN-Dlp8XR_X.jpg,¥0.50,$0.17,,Buhru Captain SFD-091/221 Foiled CN ¥0.50 EN $0.17
2026-09-18T19:27:37+00:00,https://bilgewatermarket.com/cards,Buhru Captain,nonfoil,0.05,https://bilgewatermarket.com/cards/SFD-091,normal,https://bilgewatermarket.com/assets/SFD-091-EN-Dlp8XR_X.jpg,¥0.50,$0.05,,Buhru Captain SFD-091/221 CN ¥0.50 EN $0.05
2026-09-18T19:27:37+00:00,https://bilgewatermarket.com/cards,Combat Chef,foil,0.11,https://bilgewatermarket.com/cards/SFD-092?print_variation=foiled,foiled,https://bilgewatermarket.com/assets/SFD-092-EN-gjNNOvL0.jpg,¥0.50,$0.11,,Combat Chef SFD-092/221 Foiled CN ¥0.50 EN $0.11
2026-09-18T19:27:37+00:00,https://bilgewatermarket.com/cards,Combat Chef,nonfoil,0.04,https://bilgewatermarket.com/cards/SFD-092,normal,https://bilgewatermarket.com/assets/SFD-092-EN-gjNNOvL0.jpg,¥0.30,$0.04,,Combat Chef SFD-092/221 CN ¥0.30 EN $0.04
2026-09-18T19:27:37+00:00,https://bilgewatermarket.com/cards,Dauntless Vanguard,foil,0.13,https://bilgewatermarket.com/cards/SFD-093?print_variation=foiled,foiled,https://bilgewatermarket.com/assets/SFD-093-EN-DWomr0GK.jpg,¥0.50,$0.13,,Dauntless Vanguard SFD-093/221 Foiled CN ¥0.50 EN $0.13
2026-09-18T19:27:37+00:00,https://bilgewatermarket.com/cards,Dauntless Vanguard,nonfoil,0.07,https://bilgewatermarket.com/cards/SFD-093,normal,https://bilgewatermarket.com/assets/SFD-093-EN-DWomr0GK.jpg,¥0.50,$0.07,,Dauntless Vanguard SFD-093/221 CN ¥0.50 EN $0.07
2026-09-18T19:27:37+00:00,https://bilgewatermarket.com/cards,Direwing,foil,0.21,https://bilgewatermarket.com/cards/SFD-094?print_variation=foiled,foiled,https://bilgewatermarket.com/assets/SFD-094-EN-Bhl6y8ZV.jpg,¥0.50,$0.21,,Direwing SFD-094/221 Foiled CN ¥0.50 EN $0.21
2026-09-18T19:27:37+00:00,https://bilgewatermarket.com/cards,Direwing,nonfoil,0.07,https://bilgewatermarket.com/cards/SFD-094,normal,https://bilgewatermarket.com/assets/SFD-094-EN-Bhl6y8ZV.jpg,¥0.51,$0.07,,Direwing SFD-094/221 CN ¥0.51 EN $0.07
2026-09-18T19:27:37+00:00,https://bilgewatermarket.com/cards,Doran's Blade,foil,0.21,https://bilgewatermarket.com/cards/SFD-095?print_variation=foiled,foiled,https://bilgewatermarket.com/assets/SFD-095-EN-CRta9C0p.jpg,¥0.84,$0.21,,Doran's Blade SFD-095/221 Foiled CN ¥0.84 EN $0.21
2026-09-18T19:27:37+00:00,https://bilgewatermarket.com/cards,Doran's Blade,nonfoil,0.07,https://bilgewatermarket.com/cards/SFD-095,normal,https://bilgewatermarket.com/assets/SFD-095-EN-CRta9C0p.jpg,¥0.50,$0.07,,Doran's Blade SFD-095/221 CN ¥0.50 EN $0.07
2026-09-18T19:27:37+00:00,https://bilgewatermarket.com/cards,Laurent Bladekeeper,foil,0.14,https://bilgewatermarket.com/cards/SFD-096?print_variation=foiled,foiled,https://bilgewatermarket.com/assets/SFD-096-EN-C_TZfFxs.jpg,¥0.50,$0.14,,Laurent Bladekeeper SFD-096/221 Foiled CN ¥0.50 EN $0.14
2026-09-18T19:27:37+00:00,https://bilgewatermarket.com/cards,Laurent Bladekeeper,nonfoil,0.06,https://bilgewatermarket.com/cards/SFD-096,normal,https://bilgewatermarket.com/assets/SFD-096-EN-C_TZfFxs.jpg,¥0.30,$0.06,,Laurent Bladekeeper SFD-096/221 CN ¥0.30 EN $0.06
2026-09-18T19:27:37+00:00,https://bilgewatermarket.com/cards,Punch First,foil,2.48,https://bilgewatermarket.com/cards/SFD-097?print_variation=foiled,foiled,https://bilgewatermarket.com/assets/SFD-097-EN-CqHN1eIf.jpg,¥3.16,$2.48,,Punch First SFD-097/221 Foiled CN ¥3.16 EN $2.48
2026-09-18T19:27:37+00:00,https://bilgewatermarket.com/cards,Punch First,nonfoil,0.26,https://bilgewatermarket.com/cards/SFD-097,normal,https://bilgewatermarket.com/assets/SFD-097-EN-CqHN1eIf.jpg,¥0.67,$0.26,,Punch First SFD-097/221 CN ¥0.67 EN $0.26
2026-09-18T19:27:37+00:00,https://bilgewatermarket.com/cards,Sea Monkey,foil,0.23,https://bilgewatermarket.com/cards/SFD-098?print_variation=foiled,foiled,https://bilgewatermarket.com/assets/SFD-098-EN-B2UMXXPJ.jpg,¥0.78,$0.23,,Sea Monkey SFD-098/221 Foiled CN ¥0.78 EN $0.23
2026-09-18T19:27:37+00:00,https://bilgewatermarket.com/cards,Sea Monkey,nonfoil,0.07,https://bilgewatermarket.com/cards/SFD-098,normal,https://bilgewatermarket.com/assets/SFD-098-EN-B2UMXXPJ.jpg,¥0.56,$0.07,,Sea Monkey SFD-098/221 CN ¥0.56 EN $0.07
2026-09-18T19:27:37+00:00,https://bilgewatermarket.com/cards,Veteran Poro,foil,0.22,https://bilgewatermarket.com/cards/SFD-099?print_variation=foiled,foiled,https://bilgewatermarket.com/assets/SFD-099-EN-Clm0Eidv.jpg,¥0.51,$0.22,,Veteran Poro SFD-099/221 Foiled CN ¥0.51 EN $0.22
2026-09-18T19:27:37+00:00,https://bilgewatermarket.com/cards,Veteran Poro,nonfoil,0.06,https://bilgewatermarket.com/cards/SFD-099,normal,https://bilgewatermarket.com/assets/SFD-099-EN-Clm0Eidv.jpg,¥0.50,$0.06,,Veteran Poro SFD-099/221 CN ¥0.50 EN $0.06
2026-09-18T19:27:37+00:00,https://bilgewatermarket.com/cards,Yordle Explorer,foil,0.14,https://bilgewatermarket.com/cards/SFD-100?print_variation=foiled,foiled,https://bilgewatermarket.com/assets/SFD-100-EN-D5dGaNy_.jpg,¥0.50,$0.14,,Yordle Explorer SFD-100/221 Foiled CN ¥0.50 EN $0.14
2026-09-18T19:27:37+00:00,https://bilgewatermarket.com/cards,Yordle Explorer,nonfoil,0.04,https://bilgewatermarket.com/cards/SFD-100,normal,https://bilgewatermarket.com/assets/SFD-100-EN-D5dGaNy_.jpg,¥0.50,$0.04,,Yordle Explorer SFD-100/221 CN ¥0.50 EN $0.04
2026-09-18T19:27:37+00:00,https://bilgewatermarket.com/cards,Fae Dragon,foil,0.32,https://bilgewatermarket.com/cards/SFD-101?print_variation=foiled,foiled,https://bilgewatermarket.com/assets/SFD-101-EN-C88yOsMJ.jpg,¥0.73,$0.32,,Fae Dragon SFD-101/221 Foiled CN ¥0.73 EN $0.32
2026-09-18T19:27:37+00:00,https://bilgewatermarket.com/cards,Fae Dragon,nonfoil,0.12,https://bilgewatermarket.com/cards/SFD-101,normal,https://bilgewatermarket.com/assets/SFD-101-EN-C88yOsMJ.jpg,¥0.50,$0.12,,Fae Dragon SFD-101/221 CN ¥0.50 EN $0.12
2026-09-18T19:27:37+00:00,https://bilgewatermarket.com/cards,Hexdrinker,foil,0.26,https://bilgewatermarket.com/cards/SFD-102?print_variation=foiled,foiled,https://bilgewatermarket.com/assets/SFD-102-EN-jGY-nlUm.jpg,¥0.75,$0.26,,Hexdrinker SFD-102/221 Foiled CN ¥0.75 EN $0.26
2026-09-18T19:27:37+00:00,https://bilgewatermarket.com/cards,Hexdrinker,nonfoil,0.07,https://bilgewatermarket.com/cards/SFD-102,normal,https://bilgewatermarket.com/assets/SFD-102-EN-jGY-nlUm.jpg,¥0.50,$0.07,,Hexdrinker SFD-102/221 CN ¥0.50 EN $0.07
2026-09-18T19:27:37+00:00,https://bilgewatermarket.com/cards,Jaull-Fish,foil,0.27,https://bilgewatermarket.com/cards/SFD-103?print_variation=foiled,foiled,https://bilgewatermarket.com/assets/SFD-103-EN-BSyet-WB.jpg,¥0.50,$0.27,,Jaull-Fish SFD-103/221 Foiled CN ¥0.50 EN $0.27
2026-09-18T19:27:37+00:00,https://bilgewatermarket.com/cards,Jaull-Fish,nonfoil,0.08,https://bilgewatermarket.com/cards/SFD-103,normal,https://bilgewatermarket.com/assets/SFD-103-EN-BSyet-WB.jpg,¥0.50,$0.08,,Jaull-Fish SFD-103/221 CN ¥0.50 EN $0.08
2026-09-18T19:27:37+00:00,https://bilgewatermarket.com/cards,Petricite Monument,foil,0.22,https://bilgewatermarket.com/cards/SFD-104?print_variation=foiled,foiled,https://bilgewatermarket.com/assets/SFD-104-EN-pTXMeLiJ.jpg,¥0.70,$0.22,,Petricite Monument SFD-104/221 Foiled CN ¥0.70 EN $0.22
2026-09-18T19:27:37+00:00,https://bilgewatermarket.com/cards,Petricite Monument,nonfoil,0.07,https://bilgewatermarket.com/cards/SFD-104,normal,https://bilgewatermarket.com/assets/SFD-104-EN-pTXMeLiJ.jpg,¥0.50,$0.07,,Petricite Monument SFD-104/221 CN ¥0.50 EN $0.07
2026-09-18T19:27:37+00:00,https://bilgewatermarket.com/cards,Ruin Runner,foil,2.81,https://bilgewatermarket.com/cards/SFD-105?print_variation=foiled,foiled,https://bilgewatermarket.com/assets/SFD-105-EN-DhGE1Jkq.jpg,¥4.19,$2.81,,Ruin Runner SFD-105/221 Foiled CN ¥4.19 EN $2.81
2026-09-18T19:27:37+00:00,https://bilgewatermarket.com/cards,Ruin Runner,nonfoil,0.48,https://bilgewatermarket.com/cards/SFD-105,normal,https://bilgewatermarket.com/assets/SFD-105-EN-DhGE1Jkq.jpg,¥1.21,$0.48,,Ruin Runner SFD-105/221 CN ¥1.21 EN $0.48
2026-09-18T19:27:37+00:00,https://bilgewatermarket.com/cards,Show of Strength,foil,0.38,https://bilgewatermarket.com/cards/SFD-106?print_variation=foiled,foiled,https://bilgewatermarket.com/assets/SFD-106-EN-Bu6uspGq.jpg,¥0.72,$0.38,,Show of Strength SFD-106/221 Foiled CN ¥0.72 EN $0.38
2026-09-18T19:27:37+00:00,https://bilgewatermarket.com/cards,Show of Strength,nonfoil,0.11,https://bilgewatermarket.com/cards/SFD-106,normal,https://bilgewatermarket.com/assets/SFD-106-EN-Bu6uspGq.jpg,¥0.58,$0.11,,Show of Strength SFD-106/221 CN ¥0.58 EN $0.11
2026-09-18T19:27:37+00:00,https://bilgewatermarket.com/cards,Strike Down,foil,0.28,https://bilgewatermarket.com/cards/SFD-107?print_variation=foiled,foiled,https://bilgewatermarket.com/assets/SFD-107-EN-C2s9QDaH.jpg,¥0.53,$0.28,,Strike Down SFD-107/221 Foiled CN ¥0.53 EN $0.28
2026-09-18T19:27:37+00:00,https://bilgewatermarket.com/cards,Strike Down,nonfoil,0.11,https://bilgewatermarket.com/cards/SFD-107,normal,https://bilgewatermarket.com/assets/SFD-107-EN-C2s9QDaH.jpg,¥0.50,$0.11,,Strike Down SFD-107/221 CN ¥0.50 EN $0.11
2026-09-18T19:27:37+00:00,https://bilgewatermarket.com/cards,Warmog's Armor,foil,0.22,https://bilgewatermarket.com/cards/SFD-108?print_variation=foiled,foiled,https://bilgewatermarket.com/assets/SFD-108-EN-CNBcYxPh.jpg,¥1.01,$0.22,,Warmog's Armor SFD-108/221 Foiled CN ¥1.01 EN $0.22
2026-09-18T19:27:37+00:00,https://bilgewatermarket.com/cards,Warmog's Armor,nonfoil,0.08,https://bilgewatermarket.com/cards/SFD-108,normal,https://bilgewatermarket.com/assets/SFD-108-EN-CNBcYxPh.jpg,¥0.82,$0.08,,Warmog's Armor SFD-108/221 CN ¥0.82 EN $0.08
2026-09-18T19:27:37+00:00,https://bilgewatermarket.com/cards,"Akshan, Mischievous",nonfoil,1.17,https://bilgewatermarket.com/cards/SFD-109,normal,https://bilgewatermarket.com/assets/SFD-109-EN-FZ-ISCGo.jpg,¥2.70,$1.17,,"Akshan, Mischievous SFD-109/221 CN ¥2.70 EN $1.17"
2026-09-18T19:27:37+00:00,https://bilgewatermarket.com/cards,"Fiora, Peerless",nonfoil,0.25,https://bilgewatermarket.com/cards/SFD-110,normal,https://bilgewatermarket.com/assets/SFD-110-EN-BxdDhCAa.jpg,¥0.62,$0.25,,"Fiora, Peerless SFD-110/221 CN ¥0.62 EN $0.25"
2026-09-18T19:27:37+00:00,https://bilgewatermarket.com/cards,"Fiora, Peerless",nonfoil,3.39,https://bilgewatermarket.com/cards/SFD-110a?print_variation=showcase,showcase,https://bilgewatermarket.com/assets/SFD-110a-EN-BJOr926U.jpg,¥6.28,$3.39,,"Fiora, Peerless SFD-110A/221 Showcase CN ¥6.28 EN $3.39"
2026-09-18T19:27:37+00:00,https://bilgewatermarket.com/cards,Here to Help,nonfoil,0.24,https://bilgewatermarket.com/cards/SFD-111,normal,https://bilgewatermarket.com/assets/SFD-111-EN-DIquvv8l.jpg,¥0.58,$0.24,,Here to Help SFD-111/221 CN ¥0.58 EN $0.24
2026-09-18T19:27:37+00:00,https://bilgewatermarket.com/cards,Kato the Arm,nonfoil,0.15,https://bilgewatermarket.com/cards/SFD-112,normal,https://bilgewatermarket.com/assets/SFD-112-EN-CEcEItCx.jpg,¥0.50,$0.15,,Kato the Arm SFD-112/221 CN ¥0.50 EN $0.15
2026-09-18T19:27:37+00:00,https://bilgewatermarket.com/cards,"Lucian, Merciless",nonfoil,0.36,https://bilgewatermarket.com/cards/SFD-113,normal,https://bilgewatermarket.com/assets/SFD-113-EN-BotdsLvt.jpg,¥0.95,$0.36,,"Lucian, Merciless SFD-113/221 CN ¥0.95 EN $0.36"
2026-09-18T19:27:37+00:00,https://bilgewatermarket.com/cards,"Lucian, Merciless",nonfoil,3.93,https://bilgewatermarket.com/cards/SFD-113a?print_variation=showcase,showcase,https://bilgewatermarket.com/assets/SFD-113a-EN-Bx1y6D-E.jpg,¥7.01,$3.93,,"Lucian, Merciless SFD-113A/221 Showcase CN ¥7.01 EN $3.93"
2026-09-18T19:27:37+00:00,https://bilgewatermarket.com/cards,Marching Orders,nonfoil,0.20,https://bilgewatermarket.com/cards/SFD-114,normal,https://bilgewatermarket.com/assets/SFD-114-EN-2vdTI2B0.jpg,¥0.86,$0.20,,Marching Orders SFD-114/221 CN ¥0.86 EN $0.20
2026-09-18T19:27:37+00:00,https://bilgewatermarket.com/cards,Trinity Force,nonfoil,0.34,https://bilgewatermarket.com/cards/SFD-115,normal,https://bilgewatermarket.com/assets/SFD-115-EN-BFeFyLHY.jpg,¥1.32,$0.34,,Trinity Force SFD-115/221 CN ¥1.32 EN $0.34
2026-09-18T19:27:37+00:00,https://bilgewatermarket.com/cards,"Yone, Blademaster",nonfoil,0.25,https://bilgewatermarket.com/cards/SFD-116,normal,https://bilgewatermarket.com/assets/SFD-116-EN-BQUYouMr.jpg,¥0.57,$0.25,,"Yone, Blademaster SFD-116/221 CN ¥0.57 EN $0.25"
2026-09-18T19:27:37+00:00,https://bilgewatermarket.com/cards,Ancient Henge,nonfoil,1.17,https://bilgewatermarket.com/cards/SFD-117,normal,https://bilgewatermarket.com/assets/SFD-117-EN-msq3Ze4b.jpg,¥2.06,$1.17,,Ancient Henge SFD-117/221 CN ¥2.06 EN $1.17
2026-09-18T19:27:37+00:00,https://bilgewatermarket.com/cards,Boneshiver,nonfoil,3.23,https://bilgewatermarket.com/cards/SFD-118,normal,https://bilgewatermarket.com/assets/SFD-118-EN-xrOpTriA.jpg,¥8.44,$3.23,,Boneshiver SFD-118/221 CN ¥8.44 EN $3.23
2026-09-18T19:27:37+00:00,https://bilgewatermarket.com/cards,"Jax, Unrelenting",nonfoil,0.70,https://bilgewatermarket.com/cards/SFD-119,normal,https://bilgewatermarket.com/assets/SFD-119-EN-Dt3NLe5X.jpg,¥0.61,$0.70,,"Jax, Unrelenting SFD-119/221 CN ¥0.61 EN $0.70"
2026-09-18T19:27:37+00:00,https://bilgewatermarket.com/cards,"Jax, Unrelenting",nonfoil,1.29,https://bilgewatermarket.com/cards/SFD-119a?print_variation=showcase,showcase,https://bilgewatermarket.com/assets/SFD-119a-EN--Re0eAoB.jpg,¥1.83,$1.29,,"Jax, Unrelenting SFD-119A/221 Showcase CN ¥1.83 EN $1.29"
2026-09-18T19:27:37+00:00,https://bilgewatermarket.com/cards,"Sivir, Ambitious",nonfoil,0.42,https://bilgewatermarket.com/cards/SFD-120,normal,https://bilgewatermarket.com/assets/SFD-120-EN-BeCEjwWR.jpg,¥0.53,$0.42,,"Sivir, Ambitious SFD-120/221 CN ¥0.53 EN $0.42"
2026-09-18T19:27:37+00:00,https://bilgewatermarket.com/cards,"Sivir, Ambitious",nonfoil,1.41,https://bilgewatermarket.com/cards/SFD-120a?print_variation=showcase,showcase,https://bilgewatermarket.com/assets/SFD-120a-EN-BgMQOzHs.jpg,¥1.20,$1.41,,"Sivir, Ambitious SFD-120A/221 Showcase CN ¥1.20 EN $1.41"
2026-09-18T19:27:37+00:00,https://bilgewatermarket.com/cards,Black Market Broker,foil,0.17,https://bilgewatermarket.com/cards/SFD-121?print_variation=foiled,foiled,https://bilgewatermarket.com/assets/SFD-121-EN-DoTjSP6B.jpg,¥0.54,$0.17,,Black Market Broker SFD-121/221 Foiled CN ¥0.54 EN $0.17
2026-09-18T19:27:37+00:00,https://bilgewatermarket.com/cards,Black Market Broker,nonfoil,0.07,https://bilgewatermarket.com/cards/SFD-121,normal,https://bilgewatermarket.com/assets/SFD-121-EN-DoTjSP6B.jpg,¥0.50,$0.07,,Black Market Broker SFD-121/221 CN ¥0.50 EN $0.07
2026-09-18T19:27:37+00:00,https://bilgewatermarket.com/cards,Called Shot,foil,0.44,https://bilgewatermarket.com/cards/SFD-122?print_variation=foiled,foiled,https://bilgewatermarket.com/assets/SFD-122-EN-Qq1zBU0W.jpg,¥1.02,$0.44,,BANNED Called Shot SFD-122/221 Foiled CN ¥1.02 EN $0.44
2026-09-18T19:27:37+00:00,https://bilgewatermarket.com/cards,Called Shot,nonfoil,0.09,https://bilgewatermarket.com/cards/SFD-122,normal,https://bilgewatermarket.com/assets/SFD-122-EN-Qq1zBU0W.jpg,¥0.50,$0.09,,BANNED Called Shot SFD-122/221 CN ¥0.50 EN $0.09
2026-09-18T19:27:37+00:00,https://bilgewatermarket.com/cards,Corrupt Enforcer,foil,0.15,https://bilgewatermarket.com/cards/SFD-123?print_variation=foiled,foiled,https://bilgewatermarket.com/assets/SFD-123-EN-D2Pdz6Sd.jpg,¥0.50,$0.15,,Corrupt Enforcer SFD-123/221 Foiled CN ¥0.50 EN $0.15
2026-09-18T19:27:37+00:00,https://bilgewatermarket.com/cards,Corrupt Enforcer,nonfoil,0.04,https://bilgewatermarket.com/cards/SFD-123,normal,https://bilgewatermarket.com/assets/SFD-123-EN-D2Pdz6Sd.jpg,¥0.50,$0.04,,Corrupt Enforcer SFD-123/221 CN ¥0.50 EN $0.04
2026-09-18T19:27:37+00:00,https://bilgewatermarket.com/cards,Doran's Ring,foil,0.18,https://bilgewatermarket.com/cards/SFD-124?print_variation=foiled,foiled,https://bilgewatermarket.com/assets/SFD-124-EN-HlZBzVEt.jpg,¥0.50,$0.18,,Doran's Ring SFD-124/221 Foiled CN ¥0.50 EN $0.18
2026-09-18T19:27:37+00:00,https://bilgewatermarket.com/cards,Doran's Ring,nonfoil,0.07,https://bilgewatermarket.com/cards/SFD-124,normal,https://bilgewatermarket.com/assets/SFD-124-EN-HlZBzVEt.jpg,¥0.50,$0.07,,Doran's Ring SFD-124/221 CN ¥0.50 EN $0.07
2026-09-18T19:27:37+00:00,https://bilgewatermarket.com/cards,Fae Porter,foil,0.22,https://bilgewatermarket.com/cards/SFD-125?print_variation=foiled,foiled,https://bilgewatermarket.com/assets/SFD-125-EN-BONn0GV-.jpg,¥0.50,$0.22,,Fae Porter SFD-125/221 Foiled CN ¥0.50 EN $0.22
2026-09-18T19:27:37+00:00,https://bilgewatermarket.com/cards,Fae Porter,nonfoil,0.07,https://bilgewatermarket.com/cards/SFD-125,normal,https://bilgewatermarket.com/assets/SFD-125-EN-BONn0GV-.jpg,¥0.50,$0.07,,Fae Porter SFD-125/221 CN ¥0.50 EN $0.07
2026-09-18T19:27:37+00:00,https://bilgewatermarket.com/cards,Loyal Pup,foil,0.22,https://bilgewatermarket.com/cards/SFD-126?print_variation=foiled,foiled,https://bilgewatermarket.com/assets/SFD-126-EN-DL5bCBUh.jpg,¥0.50,$0.22,,Loyal Pup SFD-126/221 Foiled CN ¥0.50 EN $0.22
2026-09-18T19:27:37+00:00,https://bilgewatermarket.com/cards,Loyal Pup,nonfoil,0.04,https://bilgewatermarket.com/cards/SFD-126,normal,https://bilgewatermarket.com/assets/SFD-126-EN-DL5bCBUh.jpg,¥0.50,$0.04,,Loyal Pup SFD-126/221 CN ¥0.50 EN $0.04
2026-09-18T19:27:37+00:00,https://bilgewatermarket.com/cards,Master Bingwen,foil,0.16,https://bilgewatermarket.com/cards/SFD-127?print_variation=foiled,foiled,https://bilgewatermarket.com/assets/SFD-127-EN-B7VG9asY.jpg,¥0.50,$0.16,,Master Bingwen SFD-127/221 Foiled CN ¥0.50 EN $0.16
2026-09-18T19:27:37+00:00,https://bilgewatermarket.com/cards,Master Bingwen,nonfoil,0.02,https://bilgewatermarket.com/cards/SFD-127,normal,https://bilgewatermarket.com/assets/SFD-127-EN-B7VG9asY.jpg,¥0.30,$0.02,,Master Bingwen SFD-127/221 CN ¥0.30 EN $0.02
2026-09-18T19:27:37+00:00,https://bilgewatermarket.com/cards,Overzealous Fan,foil,0.34,https://bilgewatermarket.com/cards/SFD-128?print_variation=foiled,foiled,https://bilgewatermarket.com/assets/SFD-128-EN-C9aQQ8MX.jpg,¥1.80,$0.34,,Overzealous Fan SFD-128/221 Foiled CN ¥1.80 EN $0.34
2026-09-18T19:27:37+00:00,https://bilgewatermarket.com/cards,Overzealous Fan,nonfoil,0.11,https://bilgewatermarket.com/cards/SFD-128,normal,https://bilgewatermarket.com/assets/SFD-128-EN-C9aQQ8MX.jpg,¥0.52,$0.11,,Overzealous Fan SFD-128/221 CN ¥0.52 EN $0.11
2026-09-18T19:27:37+00:00,https://bilgewatermarket.com/cards,Temptation,foil,0.13,https://bilgewatermarket.com/cards/SFD-129?print_variation=foiled,foiled,https://bilgewatermarket.com/assets/SFD-129-EN-O-m706S6.jpg,¥0.52,$0.13,,Temptation SFD-129/221 Foiled CN ¥0.52 EN $0.13
2026-09-18T19:27:37+00:00,https://bilgewatermarket.com/cards,Temptation,nonfoil,0.05,https://bilgewatermarket.com/cards/SFD-129,normal,https://bilgewatermarket.com/assets/SFD-129-EN-O-m706S6.jpg,¥0.50,$0.05,,Temptation SFD-129/221 CN ¥0.50 EN $0.05
2026-09-18T19:27:37+00:00,https://bilgewatermarket.com/cards,Treasure Hunter,foil,0.32,https://bilgewatermarket.com/cards/SFD-130?print_variation=foiled,foiled,https://bilgewatermarket.com/assets/SFD-130-EN-DCI4J2F-.jpg,¥1.92,$0.32,,Treasure Hunter SFD-130/221 Foiled CN ¥1.92 EN $0.32
2026-09-18T19:27:37+00:00,https://bilgewatermarket.com/cards,Treasure Hunter,nonfoil,0.20,https://bilgewatermarket.com/cards/SFD-130,normal,https://bilgewatermarket.com/assets/SFD-130-EN-DCI4J2F-.jpg,¥0.52,$0.20,,Treasure Hunter SFD-130/221 CN ¥0.52 EN $0.20
2026-09-18T19:27:37+00:00,https://bilgewatermarket.com/cards,Ancient Warmonger,foil,0.22,https://bilgewatermarket.com/cards/SFD-131?print_variation=foiled,foiled,https://bilgewatermarket.com/assets/SFD-131-EN-sSilN-qh.jpg,¥0.50,$0.22,,Ancient Warmonger SFD-131/221 Foiled CN ¥0.50 EN $0.22
2026-09-18T19:27:37+00:00,https://bilgewatermarket.com/cards,Ancient Warmonger,nonfoil,0.09,https://bilgewatermarket.com/cards/SFD-131,normal,https://bilgewatermarket.com/assets/SFD-131-EN-sSilN-qh.jpg,¥0.49,$0.09,,Ancient Warmonger SFD-131/221 CN ¥0.49 EN $0.09
2026-09-18T19:27:37+00:00,https://bilgewatermarket.com/cards,Beast Below,foil,0.28,https://bilgewatermarket.com/cards/SFD-132?print_variation=foiled,foiled,https://bilgewatermarket.com/assets/SFD-132-EN-O4K84EWy.jpg,¥0.51,$0.28,,Beast Below SFD-132/221 Foiled CN ¥0.51 EN $0.28
2026-09-18T19:27:37+00:00,https://bilgewatermarket.com/cards,Beast Below,nonfoil,0.11,https://bilgewatermarket.com/cards/SFD-132,normal,https://bilgewatermarket.com/assets/SFD-132-EN-O4K84EWy.jpg,¥0.51,$0.11,,Beast Below SFD-132/221 CN ¥0.51 EN $0.11
2026-09-18T19:27:37+00:00,https://bilgewatermarket.com/cards,Boots of Swiftness,foil,2.70,https://bilgewatermarket.com/cards/SFD-133?print_variation=foiled,foiled,https://bilgewatermarket.com/assets/SFD-133-EN-M_WR9CN4.jpg,¥5.26,$2.70,,Boots of Swiftness SFD-133/221 Foiled CN ¥5.26 EN $2.70
2026-09-18T19:27:37+00:00,https://bilgewatermarket.com/cards,Boots of Swiftness,nonfoil,0.54,https://bilgewatermarket.com/cards/SFD-133,normal,https://bilgewatermarket.com/assets/SFD-133-EN-M_WR9CN4.jpg,¥1.17,$0.54,,Boots of Swiftness SFD-133/221 CN ¥1.17 EN $0.54
2026-09-18T19:27:37+00:00,https://bilgewatermarket.com/cards,Cull,foil,0.38,https://bilgewatermarket.com/cards/SFD-134?print_variation=foiled,foiled,https://bilgewatermarket.com/assets/SFD-134-EN-wGXotdcL.jpg,¥1.02,$0.38,,Cull SFD-134/221 Foiled CN ¥1.02 EN $0.38
2026-09-18T19:27:37+00:00,https://bilgewatermarket.com/cards,Cull,nonfoil,0.13,https://bilgewatermarket.com/cards/SFD-134,normal,https://bilgewatermarket.com/assets/SFD-134-EN-wGXotdcL.jpg,¥0.51,$0.13,,Cull SFD-134/221 CN ¥0.51 EN $0.13
2026-09-18T19:27:37+00:00,https://bilgewatermarket.com/cards,Factory Recall,foil,0.30,https://bilgewatermarket.com/cards/SFD-135?print_variation=foiled,foiled,https://bilgewatermarket.com/assets/SFD-135-EN-B5MGXx5I.jpg,¥2.05,$0.30,,Factory Recall SFD-135/221 Foiled CN ¥2.05 EN $0.30
2026-09-18T19:27:37+00:00,https://bilgewatermarket.com/cards,Factory Recall,nonfoil,0.11,https://bilgewatermarket.com/cards/SFD-135,normal,https://bilgewatermarket.com/assets/SFD-135-EN-B5MGXx5I.jpg,¥0.75,$0.11,,Factory Recall SFD-135/221 CN ¥0.75 EN $0.11
2026-09-18T19:27:37+00:00,https://bilgewatermarket.com/cards,Hard Bargain,foil,4.55,https://bilgewatermarket.com/cards/SFD-136?print_variation=foiled,foiled,https://bilgewatermarket.com/assets/SFD-136-EN-BrtDATl3.jpg,¥5.61,$4.55,,Hard Bargain SFD-136/221 Foiled CN ¥5.61 EN $4.55
2026-09-18T19:27:37+00:00,https://bilgewatermarket.com/cards,Hard Bargain,nonfoil,0.85,https://bilgewatermarket.com/cards/SFD-136,normal,https://bilgewatermarket.com/assets/SFD-136-EN-BrtDATl3.jpg,¥2.52,$0.85,,Hard Bargain SFD-136/221 CN ¥2.52 EN $0.85
2026-09-18T19:27:37+00:00,https://bilgewatermarket.com/cards,Harpoon Squad,foil,0.29,https://bilgewatermarket.com/cards/SFD-137?print_variation=foiled,foiled,https://bilgewatermarket.com/assets/SFD-137-EN-8HEtHQjp.jpg,¥0.50,$0.29,,Harpoon Squad SFD-137/221 Foiled CN ¥0.50 EN $0.29
2026-09-18T19:27:37+00:00,https://bilgewatermarket.com/cards,Harpoon Squad,nonfoil,0.07,https://bilgewatermarket.com/cards/SFD-137,normal,https://bilgewatermarket.com/assets/SFD-137-EN-8HEtHQjp.jpg,¥0.98,$0.07,,Harpoon Squad SFD-137/221 CN ¥0.98 EN $0.07
2026-09-18T19:27:37+00:00,https://bilgewatermarket.com/cards,Windsinger,foil,0.53,https://bilgewatermarket.com/cards/SFD-138?print_variation=foiled,foiled,https://bilgewatermarket.com/assets/SFD-138-EN-BmnIl-iY.jpg,¥1.05,$0.53,,Windsinger SFD-138/221 Foiled CN ¥1.05 EN $0.53
2026-09-18T19:27:37+00:00,https://bilgewatermarket.com/cards,Windsinger,nonfoil,0.17,https://bilgewatermarket.com/cards/SFD-138,normal,https://bilgewatermarket.com/assets/SFD-138-EN-BmnIl-iY.jpg,¥0.54,$0.17,,Windsinger SFD-138/221 CN ¥0.54 EN $0.17
2026-09-18T19:27:37+00:00,https://bilgewatermarket.com/cards,Edge of Night,nonfoil,0.34,https://bilgewatermarket.com/cards/SFD-139,normal,https://bilgewatermarket.com/assets/SFD-139-EN-oOXuycYc.jpg,¥1.97,$0.34,,Edge of Night SFD-139/221 CN ¥1.97 EN $0.34
2026-09-18T19:27:37+00:00,https://bilgewatermarket.com/cards,"Fizz, Trickster",nonfoil,5.03,https://bilgewatermarket.com/cards/SFD-140,normal,https://bilgewatermarket.com/assets/SFD-140-EN-167JCxsk.jpg,¥6.70,$5.03,,"Fizz, Trickster SFD-140/221 CN ¥6.70 EN $5.03"
2026-09-18T19:27:37+00:00,https://bilgewatermarket.com/cards,"Irelia, Graceful",nonfoil,0.28,https://bilgewatermarket.com/cards/SFD-141,normal,https://bilgewatermarket.com/assets/SFD-141-EN-z0TMyenN.jpg,¥0.50,$0.28,,"Irelia, Graceful SFD-141/221 CN ¥0.50 EN $0.28"
2026-09-18T19:27:37+00:00,https://bilgewatermarket.com/cards,"Irelia, Graceful",nonfoil,1.90,https://bilgewatermarket.com/cards/SFD-141a?print_variation=showcase,showcase,https://bilgewatermarket.com/assets/SFD-141a-EN-BwwzXVJI.jpg,¥3.25,$1.90,,"Irelia, Graceful SFD-141A/221 Showcase CN ¥3.25 EN $1.90"
2026-09-18T19:27:37+00:00,https://bilgewatermarket.com/cards,Jae Medarda,nonfoil,0.13,https://bilgewatermarket.com/cards/SFD-142,normal,https://bilgewatermarket.com/assets/SFD-142-EN-BIOwfaO_.jpg,¥0.50,$0.13,,Jae Medarda SFD-142/221 CN ¥0.50 EN $0.13
2026-09-18T19:27:37+00:00,https://bilgewatermarket.com/cards,"Sivir, Mercenary",nonfoil,0.18,https://bilgewatermarket.com/cards/SFD-143,normal,https://bilgewatermarket.com/assets/SFD-143-EN-CqXh_Ict.jpg,¥0.53,$0.18,,"Sivir, Mercenary SFD-143/221 CN ¥0.53 EN $0.18"
2026-09-18T19:27:37+00:00,https://bilgewatermarket.com/cards,"Sivir, Mercenary",nonfoil,1.20,https://bilgewatermarket.com/cards/SFD-143a?print_variation=showcase,showcase,https://bilgewatermarket.com/assets/SFD-143a-EN-E_YGq77K.jpg,¥2.31,$1.20,,"Sivir, Mercenary SFD-143A/221 Showcase CN ¥2.31 EN $1.20"
2026-09-18T19:27:37+00:00,https://bilgewatermarket.com/cards,Spirit Wheel,nonfoil,0.16,https://bilgewatermarket.com/cards/SFD-144,normal,https://bilgewatermarket.com/assets/SFD-144-EN-BSm48Bx4.jpg,¥0.54,$0.16,,Spirit Wheel SFD-144/221 CN ¥0.54 EN $0.16
2026-09-18T19:27:37+00:00,https://bilgewatermarket.com/cards,Switcheroo,nonfoil,3.30,https://bilgewatermarket.com/cards/SFD-145,normal,https://bilgewatermarket.com/assets/SFD-145-EN-D5OJ4owk.jpg,¥3.37,$3.30,,Switcheroo SFD-145/221 CN ¥3.37 EN $3.30
2026-09-18T19:27:37+00:00,https://bilgewatermarket.com/cards,"Vex, Cheerless",nonfoil,0.37,https://bilgewatermarket.com/cards/SFD-146,normal,https://bilgewatermarket.com/assets/SFD-146-EN-BNkbBqNK.jpg,¥1.80,$0.37,,"Vex, Cheerless SFD-146/221 CN ¥1.80 EN $0.37"
2026-09-18T19:27:37+00:00,https://bilgewatermarket.com/cards,Downwell,nonfoil,3.65,https://bilgewatermarket.com/cards/SFD-147,normal,https://bilgewatermarket.com/assets/SFD-147-EN-B-1iRVEj.jpg,¥15.65,$3.65,,Downwell SFD-147/221 CN ¥15.65 EN $3.65
2026-09-18T19:27:37+00:00,https://bilgewatermarket.com/cards,"Draven, Audacious",nonfoil,1.26,https://bilgewatermarket.com/cards/SFD-148,normal,https://bilgewatermarket.com/assets/SFD-148-EN-taGFyBgp.jpg,¥6.87,$1.26,,"Draven, Audacious SFD-148/221 CN ¥6.87 EN $1.26"
2026-09-18T19:27:37+00:00,https://bilgewatermarket.com/cards,"Draven, Audacious",nonfoil,1.94,https://bilgewatermarket.com/cards/SFD-148a?print_variation=showcase,showcase,https://bilgewatermarket.com/assets/SFD-148a-EN-w3GHoCtp.jpg,¥12.41,$1.94,,"Draven, Audacious SFD-148A/221 Showcase CN ¥12.41 EN $1.94"
2026-09-18T19:27:37+00:00,https://bilgewatermarket.com/cards,"Ezreal, Prodigy",nonfoil,4.93,https://bilgewatermarket.com/cards/SFD-149,normal,https://bilgewatermarket.com/assets/SFD-149-EN-CJlXWY_s.jpg,¥23.32,$4.93,,"Ezreal, Prodigy SFD-149/221 CN ¥23.32 EN $4.93"
2026-09-18T19:27:37+00:00,https://bilgewatermarket.com/cards,"Ezreal, Prodigy",nonfoil,7.00,https://bilgewatermarket.com/cards/SFD-149a?print_variation=showcase,showcase,https://bilgewatermarket.com/assets/SFD-149a-EN-DIEDxoL1.jpg,¥30.10,$7.00,,"Ezreal, Prodigy SFD-149A/221 Showcase CN ¥30.10 EN $7.00"
2026-09-18T19:27:37+00:00,https://bilgewatermarket.com/cards,Last Rites,nonfoil,42.00,https://bilgewatermarket.com/cards/SFD-150,normal,https://bilgewatermarket.com/assets/SFD-150-EN-DrcKFZlv.jpg,¥80.84,$42.00,,Last Rites SFD-150/221 CN ¥80.84 EN $42.00
2026-09-18T19:27:37+00:00,https://bilgewatermarket.com/cards,Bonds of Strength,foil,0.18,https://bilgewatermarket.com/cards/SFD-151?print_variation=foiled,foiled,https://bilgewatermarket.com/assets/SFD-151-EN-_EB2wnKR.jpg,¥0.51,$0.18,,Bonds of Strength SFD-151/221 Foiled CN ¥0.51 EN $0.18
2026-09-18T19:27:37+00:00,https://bilgewatermarket.com/cards,Bonds of Strength,nonfoil,0.09,https://bilgewatermarket.com/cards/SFD-151,normal,https://bilgewatermarket.com/assets/SFD-151-EN-_EB2wnKR.jpg,¥0.50,$0.09,,Bonds of Strength SFD-151/221 CN ¥0.50 EN $0.09
2026-09-18T19:27:37+00:00,https://bilgewatermarket.com/cards,Eminent Benefactor,foil,0.19,https://bilgewatermarket.com/cards/SFD-152?print_variation=foiled,foiled,https://bilgewatermarket.com/assets/SFD-152-EN-DsbGjJT9.jpg,¥0.50,$0.19,,Eminent Benefactor SFD-152/221 Foiled CN ¥0.50 EN $0.19
2026-09-18T19:27:37+00:00,https://bilgewatermarket.com/cards,Eminent Benefactor,nonfoil,0.04,https://bilgewatermarket.com/cards/SFD-152,normal,https://bilgewatermarket.com/assets/SFD-152-EN-DsbGjJT9.jpg,¥0.30,$0.04,,Eminent Benefactor SFD-152/221 CN ¥0.30 EN $0.04
2026-09-18T19:27:37+00:00,https://bilgewatermarket.com/cards,Eye of the Herald,foil,0.24,https://bilgewatermarket.com/cards/SFD-153?print_variation=foiled,foiled,https://bilgewatermarket.com/assets/SFD-153-EN-DFULRXiL.jpg,¥1.01,$0.24,,Eye of the Herald SFD-153/221 Foiled CN ¥1.01 EN $0.24
2026-09-18T19:27:37+00:00,https://bilgewatermarket.com/cards,Eye of the Herald,nonfoil,0.09,https://bilgewatermarket.com/cards/SFD-153,normal,https://bilgewatermarket.com/assets/SFD-153-EN-DFULRXiL.jpg,¥0.52,$0.09,,Eye of the Herald SFD-153/221 CN ¥0.52 EN $0.09
2026-09-18T19:27:37+00:00,https://bilgewatermarket.com/cards,Guards!,foil,0.25,https://bilgewatermarket.com/cards/SFD-154?print_variation=foiled,foiled,https://bilgewatermarket.com/assets/SFD-154-EN-FfryZ39-.jpg,¥1.11,$0.25,,Guards! SFD-154/221 Foiled CN ¥1.11 EN $0.25
2026-09-18T19:27:37+00:00,https://bilgewatermarket.com/cards,Guards!,nonfoil,0.08,https://bilgewatermarket.com/cards/SFD-154,normal,https://bilgewatermarket.com/assets/SFD-154-EN-FfryZ39-.jpg,¥0.52,$0.08,,Guards! SFD-154/221 CN ¥0.52 EN $0.08
2026-09-18T19:27:37+00:00,https://bilgewatermarket.com/cards,Honest Broker,foil,0.40,https://bilgewatermarket.com/cards/SFD-155?print_variation=foiled,foiled,https://bilgewatermarket.com/assets/SFD-155-EN-DDsgr9dI.jpg,¥1.55,$0.40,,Honest Broker SFD-155/221 Foiled CN ¥1.55 EN $0.40
2026-09-18T19:27:37+00:00,https://bilgewatermarket.com/cards,Honest Broker,nonfoil,0.18,https://bilgewatermarket.com/cards/SFD-155,normal,https://bilgewatermarket.com/assets/SFD-155-EN-DDsgr9dI.jpg,¥0.55,$0.18,,Honest Broker SFD-155/221 CN ¥0.55 EN $0.18
2026-09-18T19:27:37+00:00,https://bilgewatermarket.com/cards,Laurent Duelist,foil,0.16,https://bilgewatermarket.com/cards/SFD-156?print_variation=foiled,foiled,https://bilgewatermarket.com/assets/SFD-156-EN-DYSNGSDV.jpg,¥0.50,$0.16,,Laurent Duelist SFD-156/221 Foiled CN ¥0.50 EN $0.16
2026-09-18T19:27:37+00:00,https://bilgewatermarket.com/cards,Laurent Duelist,nonfoil,0.03,https://bilgewatermarket.com/cards/SFD-156,normal,https://bilgewatermarket.com/assets/SFD-156-EN-DYSNGSDV.jpg,¥0.50,$0.03,,Laurent Duelist SFD-156/221 CN ¥0.50 EN $0.03
2026-09-18T19:27:37+00:00,https://bilgewatermarket.com/cards,Royal Guard,foil,0.17,https://bilgewatermarket.com/cards/SFD-157?print_variation=foiled,foiled,https://bilgewatermarket.com/assets/SFD-157-EN-CIAJKjTm.jpg,¥0.50,$0.17,,Royal Guard SFD-157/221 Foiled CN ¥0.50 EN $0.17
2026-09-18T19:27:37+00:00,https://bilgewatermarket.com/cards,Royal Guard,nonfoil,0.06,https://bilgewatermarket.com/cards/SFD-157,normal,https://bilgewatermarket.com/assets/SFD-157-EN-CIAJKjTm.jpg,¥0.50,$0.06,,Royal Guard SFD-157/221 CN ¥0.50 EN $0.06
2026-09-18T19:27:37+00:00,https://bilgewatermarket.com/cards,Sandshifter,foil,0.18,https://bilgewatermarket.com/cards/SFD-158?print_variation=foiled,foiled,https://bilgewatermarket.com/assets/SFD-158-EN-Ct6rbH4T.jpg,¥0.50,$0.18,,Sandshifter SFD-158/221 Foiled CN ¥0.50 EN $0.18
2026-09-18T19:27:37+00:00,https://bilgewatermarket.com/cards,Sandshifter,nonfoil,0.07,https://bilgewatermarket.com/cards/SFD-158,normal,https://bilgewatermarket.com/assets/SFD-158-EN-Ct6rbH4T.jpg,¥0.50,$0.07,,Sandshifter SFD-158/221 CN ¥0.50 EN $0.07
2026-09-18T19:27:37+00:00,https://bilgewatermarket.com/cards,Trusty Ramhound,foil,0.22,https://bilgewatermarket.com/cards/SFD-159?print_variation=foiled,foiled,https://bilgewatermarket.com/assets/SFD-159-EN-BEom7MVq.jpg,¥0.55,$0.22,,Trusty Ramhound SFD-159/221 Foiled CN ¥0.55 EN $0.22
2026-09-18T19:27:37+00:00,https://bilgewatermarket.com/cards,Trusty Ramhound,nonfoil,0.07,https://bilgewatermarket.com/cards/SFD-159,normal,https://bilgewatermarket.com/assets/SFD-159-EN-BEom7MVq.jpg,¥0.50,$0.07,,Trusty Ramhound SFD-159/221 CN ¥0.50 EN $0.07
2026-09-18T19:27:37+00:00,https://bilgewatermarket.com/cards,Zaun Punk,foil,0.18,https://bilgewatermarket.com/cards/SFD-160?print_variation=foiled,foiled,https://bilgewatermarket.com/assets/SFD-160-EN-C0423_Yl.jpg,¥0.50,$0.18,,Zaun Punk SFD-160/221 Foiled CN ¥0.50 EN $0.18
2026-09-18T19:27:37+00:00,https://bilgewatermarket.com/cards,Zaun Punk,nonfoil,0.06,https://bilgewatermarket.com/cards/SFD-160,normal,https://bilgewatermarket.com/assets/SFD-160-EN-C0423_Yl.jpg,¥0.50,$0.06,,Zaun Punk SFD-160/221 CN ¥0.50 EN $0.06
2026-09-18T19:27:37+00:00,https://bilgewatermarket.com/cards,B.F. Sword,foil,1.90,https://bilgewatermarket.com/cards/SFD-161?print_variation=foiled,foiled,https://bilgewatermarket.com/assets/SFD-161-EN-C5BdAWQn.jpg,¥3.40,$1.90,,B.F. Sword SFD-161/221 Foiled CN ¥3.40 EN $1.90
2026-09-18T19:27:37+00:00,https://bilgewatermarket.com/cards,B.F. Sword,nonfoil,0.40,https://bilgewatermarket.com/cards/SFD-161,normal,https://bilgewatermarket.com/assets/SFD-161-EN-C5BdAWQn.jpg,¥1.15,$0.40,,B.F. Sword SFD-161/221 CN ¥1.15 EN $0.40
2026-09-18T19:27:37+00:00,https://bilgewatermarket.com/cards,Blood Money,foil,0.33,https://bilgewatermarket.com/cards/SFD-162?print_variation=foiled,foiled,https://bilgewatermarket.com/assets/SFD-162-EN-CQY3v4wz.jpg,¥1.50,$0.33,,Blood Money SFD-162/221 Foiled CN ¥1.50 EN $0.33
2026-09-18T19:27:37+00:00,https://bilgewatermarket.com/cards,Blood Money,nonfoil,0.20,https://bilgewatermarket.com/cards/SFD-162,normal,https://bilgewatermarket.com/assets/SFD-162-EN-CQY3v4wz.jpg,¥0.87,$0.20,,Blood Money SFD-162/221 CN ¥0.87 EN $0.20
2026-09-18T19:27:37+00:00,https://bilgewatermarket.com/cards,Deathgrip,foil,2.22,https://bilgewatermarket.com/cards/SFD-163?print_variation=foiled,foiled,https://bilgewatermarket.com/assets/SFD-163-EN-BDZsLAFQ.jpg,¥3.97,$2.22,,Deathgrip SFD-163/221 Foiled CN ¥3.97 EN $2.22
2026-09-18T19:27:37+00:00,https://bilgewatermarket.com/cards,Deathgrip,nonfoil,0.60,https://bilgewatermarket.com/cards/SFD-163,normal,https://bilgewatermarket.com/assets/SFD-163-EN-BDZsLAFQ.jpg,¥1.86,$0.60,,Deathgrip SFD-163/221 CN ¥1.86 EN $0.60
2026-09-18T19:27:37+00:00,https://bilgewatermarket.com/cards,Drag Under,foil,0.48,https://bilgewatermarket.com/cards/SFD-164?print_variation=foiled,foiled,https://bilgewatermarket.com/assets/SFD-164-EN-DJ5Qo1bO.jpg,¥1.08,$0.48,,Drag Under SFD-164/221 Foiled CN ¥1.08 EN $0.48
2026-09-18T19:27:37+00:00,https://bilgewatermarket.com/cards,Drag Under,nonfoil,0.14,https://bilgewatermarket.com/cards/SFD-164,normal,https://bilgewatermarket.com/assets/SFD-164-EN-DJ5Qo1bO.jpg,¥0.60,$0.14,,Drag Under SFD-164/221 CN ¥0.60 EN $0.14
2026-09-18T19:27:37+00:00,https://bilgewatermarket.com/cards,Glasc Mixologist,foil,2.62,https://bilgewatermarket.com/cards/SFD-165?print_variation=foiled,foiled,https://bilgewatermarket.com/assets/SFD-165-EN-CMkpE2oP.jpg,¥1.15,$2.62,,Glasc Mixologist SFD-165/221 Foiled CN ¥1.15 EN $2.62
2026-09-18T19:27:37+00:00,https://bilgewatermarket.com/cards,Glasc Mixologist,nonfoil,0.28,https://bilgewatermarket.com/cards/SFD-165,normal,https://bilgewatermarket.com/assets/SFD-165-EN-CMkpE2oP.jpg,¥0.60,$0.28,,Glasc Mixologist SFD-165/221 CN ¥0.60 EN $0.28
2026-09-18T19:27:37+00:00,https://bilgewatermarket.com/cards,Rally the Troops,foil,0.42,https://bilgewatermarket.com/cards/SFD-166?print_variation=foiled,foiled,https://bilgewatermarket.com/assets/SFD-166-EN-DuDIypAI.jpg,¥1.70,$0.42,,Rally the Troops SFD-166/221 Foiled CN ¥1.70 EN $0.42
2026-09-18T19:27:37+00:00,https://bilgewatermarket.com/cards,Rally the Troops,nonfoil,0.17,https://bilgewatermarket.com/cards/SFD-166,normal,https://bilgewatermarket.com/assets/SFD-166-EN-DuDIypAI.jpg,¥0.64,$0.17,,Rally the Troops SFD-166/221 CN ¥0.64 EN $0.17
2026-09-18T19:27:37+00:00,https://bilgewatermarket.com/cards,Unsung Hero,foil,0.31,https://bilgewatermarket.com/cards/SFD-167?print_variation=foiled,foiled,https://bilgewatermarket.com/assets/SFD-167-EN-0BgcgPvD.jpg,¥1.16,$0.31,,Unsung Hero SFD-167/221 Foiled CN ¥1.16 EN $0.31
2026-09-18T19:27:37+00:00,https://bilgewatermarket.com/cards,Unsung Hero,nonfoil,0.18,https://bilgewatermarket.com/cards/SFD-167,normal,https://bilgewatermarket.com/assets/SFD-167-EN-0BgcgPvD.jpg,¥0.67,$0.18,,Unsung Hero SFD-167/221 CN ¥0.67 EN $0.18
2026-09-18T19:27:37+00:00,https://bilgewatermarket.com/cards,Vanguard Armory,foil,1.01,https://bilgewatermarket.com/cards/SFD-168?print_variation=foiled,foiled,https://bilgewatermarket.com/assets/SFD-168-EN-BtTWmwYE.jpg,¥1.88,$1.01,,Vanguard Armory SFD-168/221 Foiled CN ¥1.88 EN $1.01
2026-09-18T19:27:37+00:00,https://bilgewatermarket.com/cards,Vanguard Armory,nonfoil,0.18,https://bilgewatermarket.com/cards/SFD-168,normal,https://bilgewatermarket.com/assets/SFD-168-EN-BtTWmwYE.jpg,¥0.88,$0.18,,Vanguard Armory SFD-168/221 CN ¥0.88 EN $0.18
2026-09-18T19:27:37+00:00,https://bilgewatermarket.com/cards,Altar of Memories,nonfoil,0.19,https://bilgewatermarket.com/cards/SFD-169,normal,https://bilgewatermarket.com/assets/SFD-169-EN-bHdeg8V7.jpg,¥0.58,$0.19,,Altar of Memories SFD-169/221 CN ¥0.58 EN $0.19
2026-09-18T19:27:37+00:00,https://bilgewatermarket.com/cards,"Rek'Sai, Swarm Queen",nonfoil,0.22,https://bilgewatermarket.com/cards/SFD-170,normal,https://bilgewatermarket.com/assets/SFD-170-EN-DzajIXY2.jpg,¥0.51,$0.22,,"Rek'Sai, Swarm Queen SFD-170/221 CN ¥0.51 EN $0.22"
2026-09-18T19:27:37+00:00,https://bilgewatermarket.com/cards,"Rek'Sai, Swarm Queen",nonfoil,0.96,https://bilgewatermarket.com/cards/SFD-170a?print_variation=showcase,showcase,https://bilgewatermarket.com/assets/SFD-170a-EN-qn8mHpb7.jpg,¥2.07,$0.96,,"Rek'Sai, Swarm Queen SFD-170A/221 Showcase CN ¥2.07 EN $0.96"
2026-09-18T19:27:37+00:00,https://bilgewatermarket.com/cards,"Renata Glasc, Industrialist",nonfoil,0.25,https://bilgewatermarket.com/cards/SFD-171,normal,https://bilgewatermarket.com/assets/SFD-171-EN-C5grsEOP.jpg,¥0.51,$0.25,,"Renata Glasc, Industrialist SFD-171/221 CN ¥0.51 EN $0.25"
2026-09-18T19:27:37+00:00,https://bilgewatermarket.com/cards,"Renata Glasc, Industrialist",nonfoil,1.06,https://bilgewatermarket.com/cards/SFD-171a?print_variation=showcase,showcase,https://bilgewatermarket.com/assets/SFD-171a-EN-CB67OVFD.jpg,¥2.41,$1.06,,"Renata Glasc, Industrialist SFD-171A/221 Showcase CN ¥2.41 EN $1.06"
2026-09-18T19:27:37+00:00,https://bilgewatermarket.com/cards,Sacred Shears,nonfoil,0.22,https://bilgewatermarket.com/cards/SFD-172,normal,https://bilgewatermarket.com/assets/SFD-172-EN-YI_JAahx.jpg,¥0.51,$0.22,,Sacred Shears SFD-172/221 CN ¥0.51 EN $0.22
2026-09-18T19:27:37+00:00,https://bilgewatermarket.com/cards,"Soraka, Wanderer",nonfoil,0.27,https://bilgewatermarket.com/cards/SFD-173,normal,https://bilgewatermarket.com/assets/SFD-173-EN-CHJnUjbc.jpg,¥0.74,$0.27,,"Soraka, Wanderer SFD-173/221 CN ¥0.74 EN $0.27"
2026-09-18T19:27:37+00:00,https://bilgewatermarket.com/cards,Trove Golem,nonfoil,0.16,https://bilgewatermarket.com/cards/SFD-174,normal,https://bilgewatermarket.com/assets/SFD-174-EN-C4Bu8n_A.jpg,¥0.50,$0.16,,Trove Golem SFD-174/221 CN ¥0.50 EN $0.16
2026-09-18T19:27:37+00:00,https://bilgewatermarket.com/cards,Undertitan,nonfoil,0.33,https://bilgewatermarket.com/cards/SFD-175,normal,https://bilgewatermarket.com/assets/SFD-175-EN-DoynSmUw.jpg,¥1.06,$0.33,,Undertitan SFD-175/221 CN ¥1.06 EN $0.33
2026-09-18T19:27:37+00:00,https://bilgewatermarket.com/cards,"Xin Zhao, Vigilant",nonfoil,0.62,https://bilgewatermarket.com/cards/SFD-176,normal,https://bilgewatermarket.com/assets/SFD-176-EN-Bg-iLXGd.jpg,¥1.02,$0.62,,"Xin Zhao, Vigilant SFD-176/221 CN ¥1.02 EN $0.62"
2026-09-18T19:27:37+00:00,https://bilgewatermarket.com/cards,"Azir, Sovereign",nonfoil,10.10,https://bilgewatermarket.com/cards/SFD-177,normal,https://bilgewatermarket.com/assets/SFD-177-EN-C7mklaVb.jpg,¥5.61,$10.10,,"Azir, Sovereign SFD-177/221 CN ¥5.61 EN $10.10"
2026-09-18T19:27:37+00:00,https://bilgewatermarket.com/cards,"Azir, Sovereign",nonfoil,9.47,https://bilgewatermarket.com/cards/SFD-177a?print_variation=showcase,showcase,https://bilgewatermarket.com/assets/SFD-177a-EN-BSMHbxUa.jpg,¥7.11,$9.47,,"Azir, Sovereign SFD-177A/221 Showcase CN ¥7.11 EN $9.47"
2026-09-18T19:27:37+00:00,https://bilgewatermarket.com/cards,Blade of the Ruined King,nonfoil,4.57,https://bilgewatermarket.com/cards/SFD-178,normal,https://bilgewatermarket.com/assets/SFD-178-EN-Zr3AErVI.jpg,¥3.70,$4.57,,Blade of the Ruined King SFD-178/221 CN ¥3.70 EN $4.57
2026-09-18T19:27:37+00:00,https://bilgewatermarket.com/cards,Corina Veraza,nonfoil,1.41,https://bilgewatermarket.com/cards/SFD-179,normal,https://bilgewatermarket.com/assets/SFD-179-EN-CBG4Orrf.jpg,¥1.87,$1.41,,Corina Veraza SFD-179/221 CN ¥1.87 EN $1.41
2026-09-18T19:27:37+00:00,https://bilgewatermarket.com/cards,"Fiora, Worthy",nonfoil,1.20,https://bilgewatermarket.com/cards/SFD-180,normal,https://bilgewatermarket.com/assets/SFD-180-EN-BWFF20TG.jpg,¥1.46,$1.20,,"Fiora, Worthy SFD-180/221 CN ¥1.46 EN $1.20"
2026-09-18T19:27:37+00:00,https://bilgewatermarket.com/cards,"Fiora, Worthy",nonfoil,5.57,https://bilgewatermarket.com/cards/SFD-180a?print_variation=showcase,showcase,https://bilgewatermarket.com/assets/SFD-180a-EN-CD98i26U.jpg,¥8.47,$5.57,,"Fiora, Worthy SFD-180A/221 Showcase CN ¥8.47 EN $5.57"
2026-09-18T19:27:37+00:00,https://bilgewatermarket.com/cards,"Rumble, Mechanized Menace",nonfoil,0.17,https://bilgewatermarket.com/cards/SFD-181,normal,https://bilgewatermarket.com/assets/SFD-181-EN-DilRKejL.jpg,¥0.50,$0.17,,"Rumble, Mechanized Menace SFD-181/221 CN ¥0.50 EN $0.17"
2026-09-18T19:27:37+00:00,https://bilgewatermarket.com/cards,Danger Zone,nonfoil,0.40,https://bilgewatermarket.com/cards/SFD-182,normal,https://bilgewatermarket.com/assets/SFD-182-EN-DwNWNDJD.jpg,¥0.92,$0.40,,Danger Zone SFD-182/221 CN ¥0.92 EN $0.40
2026-09-18T19:27:37+00:00,https://bilgewatermarket.com/cards,"Lucian, Purifier",nonfoil,0.19,https://bilgewatermarket.com/cards/SFD-183,normal,https://bilgewatermarket.com/assets/SFD-183-EN-DMesfjEW.jpg,¥0.50,$0.19,,"Lucian, Purifier SFD-183/221 CN ¥0.50 EN $0.19"
2026-09-18T19:27:37+00:00,https://bilgewatermarket.com/cards,Relentless Pursuit,nonfoil,1.20,https://bilgewatermarket.com/cards/SFD-184,normal,https://bilgewatermarket.com/assets/SFD-184-EN-BKF3Px4m.jpg,¥2.94,$1.20,,Relentless Pursuit SFD-184/221 CN ¥2.94 EN $1.20
2026-09-18T19:27:37+00:00,https://bilgewatermarket.com/cards,"Draven, Glorious Executioner",nonfoil,0.20,https://bilgewatermarket.com/cards/SFD-185,normal,https://bilgewatermarket.com/assets/SFD-185-EN-Cti1q1dO.jpg,¥0.50,$0.20,,"Draven, Glorious Executioner SFD-185/221 CN ¥0.50 EN $0.20"
2026-09-18T19:27:37+00:00,https://bilgewatermarket.com/cards,Spinning Axe,nonfoil,2.88,https://bilgewatermarket.com/cards/SFD-186,normal,https://bilgewatermarket.com/assets/SFD-186-EN-DCkWB25G.jpg,¥12.51,$2.88,,Spinning Axe SFD-186/221 CN ¥12.51 EN $2.88
2026-09-18T19:27:37+00:00,https://bilgewatermarket.com/cards,"Rek'Sai, Void Burrower",nonfoil,0.14,https://bilgewatermarket.com/cards/SFD-187,normal,https://bilgewatermarket.com/assets/SFD-187-EN-CzkuqObl.jpg,¥0.56,$0.14,,"Rek'Sai, Void Burrower SFD-187/221 CN ¥0.56 EN $0.14"
2026-09-18T19:27:37+00:00,https://bilgewatermarket.com/cards,Void Rush,nonfoil,11.46,https://bilgewatermarket.com/cards/SFD-188,normal,https://bilgewatermarket.com/assets/SFD-188-EN-1L2wJnCX.jpg,¥19.38,$11.46,,Void Rush SFD-188/221 CN ¥19.38 EN $11.46
2026-09-18T19:27:37+00:00,https://bilgewatermarket.com/cards,"Ornn, Fire Below the Mountain",nonfoil,0.17,https://bilgewatermarket.com/cards/SFD-189,normal,https://bilgewatermarket.com/assets/SFD-189-EN-CSalcT57.jpg,¥0.52,$0.17,,"Ornn, Fire Below the Mountain SFD-189/221 CN ¥0.52 EN $0.17"
2026-09-18T19:27:37+00:00,https://bilgewatermarket.com/cards,Forgefire Cape,nonfoil,0.44,https://bilgewatermarket.com/cards/SFD-190,normal,https://bilgewatermarket.com/assets/SFD-190-EN-HHeMQmZB.jpg,¥1.43,$0.44,,Forgefire Cape SFD-190/221 CN ¥1.43 EN $0.44
2026-09-18T19:27:37+00:00,https://bilgewatermarket.com/cards,Rabadon's Deathcrown,nonfoil,0.47,https://bilgewatermarket.com/cards/SFD-191,normal,https://bilgewatermarket.com/assets/SFD-191-EN-Capm8fok.jpg,¥1.21,$0.47,,Rabadon's Deathcrown SFD-191/221 CN ¥1.21 EN $0.47
2026-09-18T19:27:37+00:00,https://bilgewatermarket.com/cards,Shurelya's Requiem,nonfoil,0.48,https://bilgewatermarket.com/cards/SFD-192,normal,https://bilgewatermarket.com/assets/SFD-192-EN-B6ebYZpm.jpg,¥1.46,$0.48,,Shurelya's Requiem SFD-192/221 CN ¥1.46 EN $0.48
2026-09-18T19:27:37+00:00,https://bilgewatermarket.com/cards,"Jax, Grandmaster at Arms",nonfoil,0.17,https://bilgewatermarket.com/cards/SFD-193,normal,https://bilgewatermarket.com/assets/SFD-193-EN-ahf3_3L2.jpg,¥0.50,$0.17,,"Jax, Grandmaster at Arms SFD-193/221 CN ¥0.50 EN $0.17"
2026-09-18T19:27:37+00:00,https://bilgewatermarket.com/cards,Counter Strike,nonfoil,1.12,https://bilgewatermarket.com/cards/SFD-194,normal,https://bilgewatermarket.com/assets/SFD-194-EN-iv2u4NAM.jpg,¥2.44,$1.12,,Counter Strike SFD-194/221 CN ¥2.44 EN $1.12
2026-09-18T19:27:37+00:00,https://bilgewatermarket.com/cards,"Irelia, Blade Dancer",nonfoil,0.26,https://bilgewatermarket.com/cards/SFD-195,normal,https://bilgewatermarket.com/assets/SFD-195-EN-DnE98LzR.jpg,¥0.59,$0.26,,"Irelia, Blade Dancer SFD-195/221 CN ¥0.59 EN $0.26"
2026-09-18T19:27:37+00:00,https://bilgewatermarket.com/cards,Defiant Dance,nonfoil,19.43,https://bilgewatermarket.com/cards/SFD-196,normal,https://bilgewatermarket.com/assets/SFD-196-EN-DxJykAms.jpg,¥60.81,$19.43,,Defiant Dance SFD-196/221 CN ¥60.81 EN $19.43
2026-09-18T19:27:37+00:00,https://bilgewatermarket.com/cards,"Azir, Emperor of the Sands",nonfoil,0.23,https://bilgewatermarket.com/cards/SFD-197,normal,https://bilgewatermarket.com/assets/SFD-197-EN-CFXDo0nd.jpg,¥0.52,$0.23,,"Azir, Emperor of the Sands SFD-197/221 CN ¥0.52 EN $0.23"
2026-09-18T19:27:37+00:00,https://bilgewatermarket.com/cards,Arise!,nonfoil,26.49,https://bilgewatermarket.com/cards/SFD-198,normal,https://bilgewatermarket.com/assets/SFD-198-EN-DkNEfkr6.jpg,¥42.43,$26.49,,Arise! SFD-198/221 CN ¥42.43 EN $26.49
2026-09-18T19:27:37+00:00,https://bilgewatermarket.com/cards,"Ezreal, Prodigal Explorer",nonfoil,0.15,https://bilgewatermarket.com/cards/SFD-199,normal,https://bilgewatermarket.com/assets/SFD-199-EN-BW9VbB6b.jpg,¥0.51,$0.15,,"Ezreal, Prodigal Explorer SFD-199/221 CN ¥0.51 EN $0.15"
2026-09-18T19:27:37+00:00,https://bilgewatermarket.com/cards,Arcane Shift,nonfoil,1.16,https://bilgewatermarket.com/cards/SFD-200,normal,https://bilgewatermarket.com/assets/SFD-200-EN-KoMRFjLS.jpg,¥6.85,$1.16,,Arcane Shift SFD-200/221 CN ¥6.85 EN $1.16
2026-09-18T19:27:37+00:00,https://bilgewatermarket.com/cards,"Renata Glasc, Chem-Baroness",nonfoil,0.18,https://bilgewatermarket.com/cards/SFD-201,normal,https://bilgewatermarket.com/assets/SFD-201-EN-BVtQ5z_6.jpg,¥0.50,$0.18,,"Renata Glasc, Chem-Baroness SFD-201/221 CN ¥0.50 EN $0.18"
