collected_at,source_url,name,foil_status,price,url,print_variation,image_url,cn_price,en_price,set_number,raw_text
2026-09-02T19:40:59+00:00,https://bilgewatermarket.com/cards,Baccai Sandspinner,foil,0.10,https://bilgewatermarket.com/cards/VEN-001?print_variation=foiled,foiled,https://bilgewatermarket.com/assets/VEN-001-EN-CwT4oNk9.png,¥0.51,$0.10,,Baccai Sandspinner VEN-001/166 Foiled CN ¥0.51 EN $0.10
2026-09-02T19:40:59+00:00,https://bilgewatermarket.com/cards,Baccai Sandspinner,nonfoil,0.06,https://bilgewatermarket.com/cards/VEN-001,normal,https://bilgewatermarket.com/assets/VEN-001-EN-CwT4oNk9.png,¥2.29,$0.06,,Baccai Sandspinner VEN-001/166 CN ¥2.29 EN $0.06
2026-09-02T19:40:59+00:00,https://bilgewatermarket.com/cards,Blade Twirler,foil,0.16,https://bilgewatermarket.com/cards/VEN-002?print_variation=foiled,foiled,https://bilgewatermarket.com/assets/VEN-002-EN-DhiWbxgH.png,¥0.73,$0.16,,Blade Twirler VEN-002/166 Foiled CN ¥0.73 EN $0.16
2026-09-02T19:40:59+00:00,https://bilgewatermarket.com/cards,Blade Twirler,nonfoil,0.06,https://bilgewatermarket.com/cards/VEN-002,normal,https://bilgewatermarket.com/assets/VEN-002-EN-DhiWbxgH.png,¥0.50,$0.06,,Blade Twirler VEN-002/166 CN ¥0.50 EN $0.06
2026-09-02T19:40:59+00:00,https://bilgewatermarket.com/cards,Brittle Steel,foil,0.33,https://bilgewatermarket.com/cards/VEN-003?print_variation=foiled,foiled,https://bilgewatermarket.com/assets/VEN-003-EN-BLstdxYc.png,¥2.19,$0.33,,Brittle Steel VEN-003/166 Foiled CN ¥2.19 EN $0.33
2026-09-02T19:40:59+00:00,https://bilgewatermarket.com/cards,Brittle Steel,nonfoil,0.10,https://bilgewatermarket.com/cards/VEN-003,normal,https://bilgewatermarket.com/assets/VEN-003-EN-BLstdxYc.png,¥1.11,$0.10,,Brittle Steel VEN-003/166 CN ¥1.11 EN $0.10
2026-09-02T19:40:59+00:00,https://bilgewatermarket.com/cards,Dune Surfer,foil,0.22,https://bilgewatermarket.com/cards/VEN-004?print_variation=foiled,foiled,https://bilgewatermarket.com/assets/VEN-004-EN-CDFnHbgU.png,¥0.51,$0.22,,Dune Surfer VEN-004/166 Foiled CN ¥0.51 EN $0.22
2026-09-02T19:40:59+00:00,https://bilgewatermarket.com/cards,Dune Surfer,nonfoil,0.08,https://bilgewatermarket.com/cards/VEN-004,normal,https://bilgewatermarket.com/assets/VEN-004-EN-CDFnHbgU.png,¥0.50,$0.08,,Dune Surfer VEN-004/166 CN ¥0.50 EN $0.08
2026-09-02T19:40:59+00:00,https://bilgewatermarket.com/cards,Forsaken Baccai,foil,0.22,https://bilgewatermarket.com/cards/VEN-005?print_variation=foiled,foiled,https://bilgewatermarket.com/assets/VEN-005-EN-B296W7Pp.png,¥0.53,$0.22,,Forsaken Baccai VEN-005/166 Foiled CN ¥0.53 EN $0.22
2026-09-02T19:40:59+00:00,https://bilgewatermarket.com/cards,Forsaken Baccai,nonfoil,0.08,https://bilgewatermarket.com/cards/VEN-005,normal,https://bilgewatermarket.com/assets/VEN-005-EN-B296W7Pp.png,¥0.50,$0.08,,Forsaken Baccai VEN-005/166 CN ¥0.50 EN $0.08
2026-09-02T19:40:59+00:00,https://bilgewatermarket.com/cards,Oasis Raider,foil,0.13,https://bilgewatermarket.com/cards/VEN-006?print_variation=foiled,foiled,https://bilgewatermarket.com/assets/VEN-006-EN-BXQcW2nP.png,¥0.54,$0.13,,Oasis Raider VEN-006/166 Foiled CN ¥0.54 EN $0.13
2026-09-02T19:40:59+00:00,https://bilgewatermarket.com/cards,Oasis Raider,nonfoil,0.07,https://bilgewatermarket.com/cards/VEN-006,normal,https://bilgewatermarket.com/assets/VEN-006-EN-BXQcW2nP.png,¥0.50,$0.07,,Oasis Raider VEN-006/166 CN ¥0.50 EN $0.07
2026-09-02T19:40:59+00:00,https://bilgewatermarket.com/cards,Punching Poro,foil,0.21,https://bilgewatermarket.com/cards/VEN-007?print_variation=foiled,foiled,https://bilgewatermarket.com/assets/VEN-007-EN-BC4DnhHy.png,¥0.53,$0.21,,Punching Poro VEN-007/166 Foiled CN ¥0.53 EN $0.21
2026-09-02T19:40:59+00:00,https://bilgewatermarket.com/cards,Punching Poro,nonfoil,0.09,https://bilgewatermarket.com/cards/VEN-007,normal,https://bilgewatermarket.com/assets/VEN-007-EN-BC4DnhHy.png,¥0.52,$0.09,,Punching Poro VEN-007/166 CN ¥0.52 EN $0.09
2026-09-02T19:40:59+00:00,https://bilgewatermarket.com/cards,Ruthless Strike,foil,0.20,https://bilgewatermarket.com/cards/VEN-008?print_variation=foiled,foiled,https://bilgewatermarket.com/assets/VEN-008-EN-QwSBQX3c.png,¥0.69,$0.20,,Ruthless Strike VEN-008/166 Foiled CN ¥0.69 EN $0.20
2026-09-02T19:40:59+00:00,https://bilgewatermarket.com/cards,Ruthless Strike,nonfoil,0.11,https://bilgewatermarket.com/cards/VEN-008,normal,https://bilgewatermarket.com/assets/VEN-008-EN-QwSBQX3c.png,¥0.50,$0.11,,Ruthless Strike VEN-008/166 CN ¥0.50 EN $0.11
2026-09-02T19:40:59+00:00,https://bilgewatermarket.com/cards,Baccai Reaper,foil,0.24,https://bilgewatermarket.com/cards/VEN-009?print_variation=foiled,foiled,https://bilgewatermarket.com/assets/VEN-009-EN-GkgxpQJM.png,¥0.53,$0.24,,Baccai Reaper VEN-009/166 Foiled CN ¥0.53 EN $0.24
2026-09-02T19:40:59+00:00,https://bilgewatermarket.com/cards,Baccai Reaper,nonfoil,0.08,https://bilgewatermarket.com/cards/VEN-009,normal,https://bilgewatermarket.com/assets/VEN-009-EN-GkgxpQJM.png,¥0.50,$0.08,,Baccai Reaper VEN-009/166 CN ¥0.50 EN $0.08
2026-09-02T19:40:59+00:00,https://bilgewatermarket.com/cards,Consuming Curse,foil,0.17,https://bilgewatermarket.com/cards/VEN-010?print_variation=foiled,foiled,https://bilgewatermarket.com/assets/VEN-010-EN-C4KbjOi9.png,¥0.96,$0.17,,Consuming Curse VEN-010/166 Foiled CN ¥0.96 EN $0.17
2026-09-02T19:40:59+00:00,https://bilgewatermarket.com/cards,Consuming Curse,nonfoil,0.12,https://bilgewatermarket.com/cards/VEN-010,normal,https://bilgewatermarket.com/assets/VEN-010-EN-C4KbjOi9.png,¥0.51,$0.12,,Consuming Curse VEN-010/166 CN ¥0.51 EN $0.12
2026-09-02T19:40:59+00:00,https://bilgewatermarket.com/cards,Pendulum Blade,foil,0.37,https://bilgewatermarket.com/cards/VEN-011?print_variation=foiled,foiled,https://bilgewatermarket.com/assets/VEN-011-EN-abjrVRf0.png,¥3.76,$0.37,,Pendulum Blade VEN-011/166 Foiled CN ¥3.76 EN $0.37
2026-09-02T19:40:59+00:00,https://bilgewatermarket.com/cards,Pendulum Blade,nonfoil,0.11,https://bilgewatermarket.com/cards/VEN-011,normal,https://bilgewatermarket.com/assets/VEN-011-EN-abjrVRf0.png,¥1.17,$0.11,,Pendulum Blade VEN-011/166 CN ¥1.17 EN $0.11
2026-09-02T19:40:59+00:00,https://bilgewatermarket.com/cards,Perfect Execution,foil,0.41,https://bilgewatermarket.com/cards/VEN-012?print_variation=foiled,foiled,https://bilgewatermarket.com/assets/VEN-012-EN-DOVssiky.png,¥2.54,$0.41,,Perfect Execution VEN-012/166 Foiled CN ¥2.54 EN $0.41
2026-09-02T19:40:59+00:00,https://bilgewatermarket.com/cards,Perfect Execution,nonfoil,0.12,https://bilgewatermarket.com/cards/VEN-012,normal,https://bilgewatermarket.com/assets/VEN-012-EN-DOVssiky.png,¥1.46,$0.12,,Perfect Execution VEN-012/166 CN ¥1.46 EN $0.12
2026-09-02T19:40:59+00:00,https://bilgewatermarket.com/cards,Shadow Assassin,foil,0.25,https://bilgewatermarket.com/cards/VEN-013?print_variation=foiled,foiled,https://bilgewatermarket.com/assets/VEN-013-EN-Z3fdgB-s.png,¥1.01,$0.25,,Shadow Assassin VEN-013/166 Foiled CN ¥1.01 EN $0.25
2026-09-02T19:40:59+00:00,https://bilgewatermarket.com/cards,Shadow Assassin,nonfoil,0.07,https://bilgewatermarket.com/cards/VEN-013,normal,https://bilgewatermarket.com/assets/VEN-013-EN-Z3fdgB-s.png,¥0.50,$0.07,,Shadow Assassin VEN-013/166 CN ¥0.50 EN $0.07
2026-09-02T19:40:59+00:00,https://bilgewatermarket.com/cards,Shadow Fiend,foil,0.28,https://bilgewatermarket.com/cards/VEN-014?print_variation=foiled,foiled,https://bilgewatermarket.com/assets/VEN-014-EN-BTkAV4rh.png,¥2.89,$0.28,,Shadow Fiend VEN-014/166 Foiled CN ¥2.89 EN $0.28
2026-09-02T19:40:59+00:00,https://bilgewatermarket.com/cards,Shadow Fiend,nonfoil,0.08,https://bilgewatermarket.com/cards/VEN-014,normal,https://bilgewatermarket.com/assets/VEN-014-EN-BTkAV4rh.png,¥0.90,$0.08,,Shadow Fiend VEN-014/166 CN ¥0.90 EN $0.08
2026-09-02T19:40:59+00:00,https://bilgewatermarket.com/cards,Decree of Rage,nonfoil,0.25,https://bilgewatermarket.com/cards/VEN-015,normal,https://bilgewatermarket.com/assets/VEN-015-EN-BsGYYCiU.png,¥3.68,$0.25,,Decree of Rage VEN-015/166 CN ¥3.68 EN $0.25
2026-09-02T19:40:59+00:00,https://bilgewatermarket.com/cards,Eclipse Dragon,nonfoil,0.13,https://bilgewatermarket.com/cards/VEN-016,normal,https://bilgewatermarket.com/assets/VEN-016-EN-BuFaigBn.png,¥0.66,$0.13,,Eclipse Dragon VEN-016/166 CN ¥0.66 EN $0.13
2026-09-02T19:40:59+00:00,https://bilgewatermarket.com/cards,"Morgana, Vindictive",nonfoil,0.15,https://bilgewatermarket.com/cards/VEN-017,normal,https://bilgewatermarket.com/assets/VEN-017-EN-8wnGKgvv.png,¥1.18,$0.15,,"Morgana, Vindictive VEN-017/166 CN ¥1.18 EN $0.15"
2026-09-02T19:40:59+00:00,https://bilgewatermarket.com/cards,Rage Amplifier,nonfoil,0.17,https://bilgewatermarket.com/cards/VEN-018,normal,https://bilgewatermarket.com/assets/VEN-018-EN-RmQ_A8Q3.png,¥0.65,$0.17,,Rage Amplifier VEN-018/166 CN ¥0.65 EN $0.17
2026-09-02T19:40:59+00:00,https://bilgewatermarket.com/cards,"Renekton, Rage Fueled",nonfoil,0.16,https://bilgewatermarket.com/cards/VEN-019,normal,https://bilgewatermarket.com/assets/VEN-019-EN-DL0bY2ZM.png,¥0.56,$0.16,,"Renekton, Rage Fueled VEN-019/166 CN ¥0.56 EN $0.16"
2026-09-02T19:40:59+00:00,https://bilgewatermarket.com/cards,"Renekton, Rage Fueled",nonfoil,1.46,https://bilgewatermarket.com/cards/VEN-019a?print_variation=showcase,showcase,https://bilgewatermarket.com/assets/VEN-019a-EN-BnEfMIC6.png,¥5.47,$1.46,,"Renekton, Rage Fueled VEN-019A/166 Showcase CN ¥5.47 EN $1.46"
2026-09-02T19:40:59+00:00,https://bilgewatermarket.com/cards,Twilight Reveler,nonfoil,0.23,https://bilgewatermarket.com/cards/VEN-020,normal,https://bilgewatermarket.com/assets/VEN-020-EN-CMJPOZWt.png,¥3.02,$0.23,,Twilight Reveler VEN-020/166 CN ¥3.02 EN $0.23
2026-09-02T19:40:59+00:00,https://bilgewatermarket.com/cards,"Akali, Deadly Weapon",nonfoil,1.00,https://bilgewatermarket.com/cards/VEN-021,normal,https://bilgewatermarket.com/assets/VEN-021-EN-C07AHWS6.png,¥10.18,$1.00,,"Akali, Deadly Weapon VEN-021/166 CN ¥10.18 EN $1.00"
2026-09-02T19:40:59+00:00,https://bilgewatermarket.com/cards,"Akali, Deadly Weapon",nonfoil,13.99,https://bilgewatermarket.com/cards/VEN-021a?print_variation=showcase,showcase,https://bilgewatermarket.com/assets/VEN-021a-EN-DqhHd3uM.png,¥30.81,$13.99,,"Akali, Deadly Weapon VEN-021A/166 Showcase CN ¥30.81 EN $13.99"
2026-09-02T19:40:59+00:00,https://bilgewatermarket.com/cards,Endless Riches,nonfoil,1.20,https://bilgewatermarket.com/cards/VEN-022,normal,https://bilgewatermarket.com/assets/VEN-022-EN-rRxduvKk.png,¥4.46,$1.20,,Endless Riches VEN-022/166 CN ¥4.46 EN $1.20
2026-09-02T19:40:59+00:00,https://bilgewatermarket.com/cards,"Zed, From the Shadows",nonfoil,0.68,https://bilgewatermarket.com/cards/VEN-023,normal,https://bilgewatermarket.com/assets/VEN-023-EN-9vllZTnU.png,¥4.48,$0.68,,"Zed, From the Shadows VEN-023/166 CN ¥4.48 EN $0.68"
2026-09-02T19:40:59+00:00,https://bilgewatermarket.com/cards,"Zed, From the Shadows",nonfoil,3.18,https://bilgewatermarket.com/cards/VEN-023a?print_variation=showcase,showcase,https://bilgewatermarket.com/assets/VEN-023a-EN-C2qiG0ec.png,¥9.77,$3.18,,"Zed, From the Shadows VEN-023A/166 Showcase CN ¥9.77 EN $3.18"
2026-09-02T19:40:59+00:00,https://bilgewatermarket.com/cards,Affectionate Poro,foil,0.23,https://bilgewatermarket.com/cards/VEN-024?print_variation=foiled,foiled,https://bilgewatermarket.com/assets/VEN-024-EN-DH64eq9Y.png,¥1.00,$0.23,,Affectionate Poro VEN-024/166 Foiled CN ¥1.00 EN $0.23
2026-09-02T19:40:59+00:00,https://bilgewatermarket.com/cards,Affectionate Poro,nonfoil,0.05,https://bilgewatermarket.com/cards/VEN-024,normal,https://bilgewatermarket.com/assets/VEN-024-EN-DH64eq9Y.png,¥0.58,$0.05,,Affectionate Poro VEN-024/166 CN ¥0.58 EN $0.05
2026-09-02T19:40:59+00:00,https://bilgewatermarket.com/cards,Esteemed Hierophant,foil,0.12,https://bilgewatermarket.com/cards/VEN-025?print_variation=foiled,foiled,https://bilgewatermarket.com/assets/VEN-025-EN-CdKDhYdf.png,¥0.52,$0.12,,Esteemed Hierophant VEN-025/166 Foiled CN ¥0.52 EN $0.12
2026-09-02T19:40:59+00:00,https://bilgewatermarket.com/cards,Esteemed Hierophant,nonfoil,0.04,https://bilgewatermarket.com/cards/VEN-025,normal,https://bilgewatermarket.com/assets/VEN-025-EN-CdKDhYdf.png,¥0.51,$0.04,,Esteemed Hierophant VEN-025/166 CN ¥0.51 EN $0.04
2026-09-02T19:40:59+00:00,https://bilgewatermarket.com/cards,Field Musicians,foil,0.11,https://bilgewatermarket.com/cards/VEN-026?print_variation=foiled,foiled,https://bilgewatermarket.com/assets/VEN-026-EN-DM1O5HO-.png,¥0.54,$0.11,,Field Musicians VEN-026/166 Foiled CN ¥0.54 EN $0.11
2026-09-02T19:40:59+00:00,https://bilgewatermarket.com/cards,Field Musicians,nonfoil,0.06,https://bilgewatermarket.com/cards/VEN-026,normal,https://bilgewatermarket.com/assets/VEN-026-EN-DM1O5HO-.png,¥0.59,$0.06,,Field Musicians VEN-026/166 CN ¥0.59 EN $0.06
2026-09-02T19:40:59+00:00,https://bilgewatermarket.com/cards,Hand Hammer,foil,0.29,https://bilgewatermarket.com/cards/VEN-027?print_variation=foiled,foiled,https://bilgewatermarket.com/assets/VEN-027-EN-CiHmLLkz.png,¥1.10,$0.29,,Hand Hammer VEN-027/166 Foiled CN ¥1.10 EN $0.29
2026-09-02T19:40:59+00:00,https://bilgewatermarket.com/cards,Hand Hammer,nonfoil,0.09,https://bilgewatermarket.com/cards/VEN-027,normal,https://bilgewatermarket.com/assets/VEN-027-EN-CiHmLLkz.png,¥0.51,$0.09,,Hand Hammer VEN-027/166 CN ¥0.51 EN $0.09
2026-09-02T19:40:59+00:00,https://bilgewatermarket.com/cards,Mournful Witness,foil,0.26,https://bilgewatermarket.com/cards/VEN-028?print_variation=foiled,foiled,https://bilgewatermarket.com/assets/VEN-028-EN-2bCFb-MU.png,¥3.53,$0.26,,Mournful Witness VEN-028/166 Foiled CN ¥3.53 EN $0.26
2026-09-02T19:40:59+00:00,https://bilgewatermarket.com/cards,Mournful Witness,nonfoil,0.05,https://bilgewatermarket.com/cards/VEN-028,normal,https://bilgewatermarket.com/assets/VEN-028-EN-2bCFb-MU.png,¥0.57,$0.05,,Mournful Witness VEN-028/166 CN ¥0.57 EN $0.05
2026-09-02T19:40:59+00:00,https://bilgewatermarket.com/cards,Ol' Poro,foil,0.32,https://bilgewatermarket.com/cards/VEN-029?print_variation=foiled,foiled,https://bilgewatermarket.com/assets/VEN-029-EN-KWJAVihx.png,¥0.82,$0.32,,Ol' Poro VEN-029/166 Foiled CN ¥0.82 EN $0.32
2026-09-02T19:40:59+00:00,https://bilgewatermarket.com/cards,Ol' Poro,nonfoil,0.08,https://bilgewatermarket.com/cards/VEN-029,normal,https://bilgewatermarket.com/assets/VEN-029-EN-KWJAVihx.png,¥0.50,$0.08,,Ol' Poro VEN-029/166 CN ¥0.50 EN $0.08
2026-09-02T19:40:59+00:00,https://bilgewatermarket.com/cards,Serene Ascetic,foil,0.17,https://bilgewatermarket.com/cards/VEN-030?print_variation=foiled,foiled,https://bilgewatermarket.com/assets/VEN-030-EN-COobBbuO.png,¥0.53,$0.17,,Serene Ascetic VEN-030/166 Foiled CN ¥0.53 EN $0.17
2026-09-02T19:40:59+00:00,https://bilgewatermarket.com/cards,Serene Ascetic,nonfoil,0.05,https://bilgewatermarket.com/cards/VEN-030,normal,https://bilgewatermarket.com/assets/VEN-030-EN-COobBbuO.png,¥0.51,$0.05,,Serene Ascetic VEN-030/166 CN ¥0.51 EN $0.05
2026-09-02T19:40:59+00:00,https://bilgewatermarket.com/cards,Twilight Shroud,foil,0.38,https://bilgewatermarket.com/cards/VEN-031?print_variation=foiled,foiled,https://bilgewatermarket.com/assets/VEN-031-EN-gTBfzKTy.png,¥3.26,$0.38,,Twilight Shroud VEN-031/166 Foiled CN ¥3.26 EN $0.38
2026-09-02T19:40:59+00:00,https://bilgewatermarket.com/cards,Twilight Shroud,nonfoil,0.07,https://bilgewatermarket.com/cards/VEN-031,normal,https://bilgewatermarket.com/assets/VEN-031-EN-gTBfzKTy.png,¥1.26,$0.07,,Twilight Shroud VEN-031/166 CN ¥1.26 EN $0.07
2026-09-02T19:40:59+00:00,https://bilgewatermarket.com/cards,Frostcoat Mother,foil,0.24,https://bilgewatermarket.com/cards/VEN-032?print_variation=foiled,foiled,https://bilgewatermarket.com/assets/VEN-032-EN-tr67-nkz.png,¥0.86,$0.24,,Frostcoat Mother VEN-032/166 Foiled CN ¥0.86 EN $0.24
2026-09-02T19:40:59+00:00,https://bilgewatermarket.com/cards,Frostcoat Mother,nonfoil,0.11,https://bilgewatermarket.com/cards/VEN-032,normal,https://bilgewatermarket.com/assets/VEN-032-EN-tr67-nkz.png,¥0.66,$0.11,,Frostcoat Mother VEN-032/166 CN ¥0.66 EN $0.11
2026-09-02T19:40:59+00:00,https://bilgewatermarket.com/cards,Pakaa Protector,foil,0.26,https://bilgewatermarket.com/cards/VEN-033?print_variation=foiled,foiled,https://bilgewatermarket.com/assets/VEN-033-EN-DXvB-R4_.png,¥1.10,$0.26,,Pakaa Protector VEN-033/166 Foiled CN ¥1.10 EN $0.26
2026-09-02T19:40:59+00:00,https://bilgewatermarket.com/cards,Pakaa Protector,nonfoil,0.07,https://bilgewatermarket.com/cards/VEN-033,normal,https://bilgewatermarket.com/assets/VEN-033-EN-DXvB-R4_.png,¥0.51,$0.07,,Pakaa Protector VEN-033/166 CN ¥0.51 EN $0.07
2026-09-02T19:40:59+00:00,https://bilgewatermarket.com/cards,Resonating Strike,foil,0.34,https://bilgewatermarket.com/cards/VEN-034?print_variation=foiled,foiled,https://bilgewatermarket.com/assets/VEN-034-EN-CKOawcph.png,¥1.45,$0.34,,Resonating Strike VEN-034/166 Foiled CN ¥1.45 EN $0.34
2026-09-02T19:40:59+00:00,https://bilgewatermarket.com/cards,Resonating Strike,nonfoil,0.12,https://bilgewatermarket.com/cards/VEN-034,normal,https://bilgewatermarket.com/assets/VEN-034-EN-CKOawcph.png,¥1.03,$0.12,,Resonating Strike VEN-034/166 CN ¥1.03 EN $0.12
2026-09-02T19:40:59+00:00,https://bilgewatermarket.com/cards,Sanction,foil,0.26,https://bilgewatermarket.com/cards/VEN-035?print_variation=foiled,foiled,https://bilgewatermarket.com/assets/VEN-035-EN-DQiTZ1ig.png,¥2.07,$0.26,,Sanction VEN-035/166 Foiled CN ¥2.07 EN $0.26
2026-09-02T19:40:59+00:00,https://bilgewatermarket.com/cards,Sanction,nonfoil,0.10,https://bilgewatermarket.com/cards/VEN-035,normal,https://bilgewatermarket.com/assets/VEN-035-EN-DQiTZ1ig.png,¥0.53,$0.10,,Sanction VEN-035/166 CN ¥0.53 EN $0.10
2026-09-02T19:40:59+00:00,https://bilgewatermarket.com/cards,Sandstone Chimera,foil,0.17,https://bilgewatermarket.com/cards/VEN-036?print_variation=foiled,foiled,https://bilgewatermarket.com/assets/VEN-036-EN-DNCwMOMs.png,¥1.16,$0.17,,Sandstone Chimera VEN-036/166 Foiled CN ¥1.16 EN $0.17
2026-09-02T19:40:59+00:00,https://bilgewatermarket.com/cards,Sandstone Chimera,nonfoil,0.04,https://bilgewatermarket.com/cards/VEN-036,normal,https://bilgewatermarket.com/assets/VEN-036-EN-DNCwMOMs.png,¥0.50,$0.04,,Sandstone Chimera VEN-036/166 CN ¥0.50 EN $0.04
2026-09-02T19:40:59+00:00,https://bilgewatermarket.com/cards,Tomb-Raider Barbara,foil,0.37,https://bilgewatermarket.com/cards/VEN-037?print_variation=foiled,foiled,https://bilgewatermarket.com/assets/VEN-037-EN-Di1ikYYh.png,¥2.11,$0.37,,Tomb-Raider Barbara VEN-037/166 Foiled CN ¥2.11 EN $0.37
2026-09-02T19:40:59+00:00,https://bilgewatermarket.com/cards,Tomb-Raider Barbara,nonfoil,0.12,https://bilgewatermarket.com/cards/VEN-037,normal,https://bilgewatermarket.com/assets/VEN-037-EN-Di1ikYYh.png,¥0.88,$0.12,,Tomb-Raider Barbara VEN-037/166 CN ¥0.88 EN $0.12
2026-09-02T19:40:59+00:00,https://bilgewatermarket.com/cards,"Akali, Silent",nonfoil,0.34,https://bilgewatermarket.com/cards/VEN-038,normal,https://bilgewatermarket.com/assets/VEN-038-EN-BX81ymB0.png,¥2.27,$0.34,,"Akali, Silent VEN-038/166 CN ¥2.27 EN $0.34"
2026-09-02T19:40:59+00:00,https://bilgewatermarket.com/cards,"Akali, Silent",nonfoil,15.28,https://bilgewatermarket.com/cards/VEN-038a?print_variation=showcase,showcase,https://bilgewatermarket.com/assets/VEN-038a-EN-Db18MocF.png,¥35.32,$15.28,,"Akali, Silent VEN-038A/166 Showcase CN ¥35.32 EN $15.28"
2026-09-02T19:40:59+00:00,https://bilgewatermarket.com/cards,Crumbling Sands,nonfoil,0.25,https://bilgewatermarket.com/cards/VEN-039,normal,https://bilgewatermarket.com/assets/VEN-039-EN-BkBKpeBC.png,¥4.00,$0.25,,Crumbling Sands VEN-039/166 CN ¥4.00 EN $0.25
2026-09-02T19:40:59+00:00,https://bilgewatermarket.com/cards,Decree of Focus,nonfoil,0.25,https://bilgewatermarket.com/cards/VEN-040,normal,https://bilgewatermarket.com/assets/VEN-040-EN-BBaQ8vdf.png,¥3.66,$0.25,,Decree of Focus VEN-040/166 CN ¥3.66 EN $0.25
2026-09-02T19:40:59+00:00,https://bilgewatermarket.com/cards,"Riven, Shattered",nonfoil,0.15,https://bilgewatermarket.com/cards/VEN-041,normal,https://bilgewatermarket.com/assets/VEN-041-EN-Bvbbssj_.png,¥0.72,$0.15,,"Riven, Shattered VEN-041/166 CN ¥0.72 EN $0.15"
2026-09-02T19:40:59+00:00,https://bilgewatermarket.com/cards,"Shen, Scourge of Shadows",nonfoil,0.11,https://bilgewatermarket.com/cards/VEN-042,normal,https://bilgewatermarket.com/assets/VEN-042-EN-DB0f2liY.png,¥0.80,$0.11,,"Shen, Scourge of Shadows VEN-042/166 CN ¥0.80 EN $0.11"
2026-09-02T19:40:59+00:00,https://bilgewatermarket.com/cards,"Shen, Scourge of Shadows",nonfoil,1.05,https://bilgewatermarket.com/cards/VEN-042a?print_variation=showcase,showcase,https://bilgewatermarket.com/assets/VEN-042a-EN-CmIMdxRz.png,¥5.89,$1.05,,"Shen, Scourge of Shadows VEN-042A/166 Showcase CN ¥5.89 EN $1.05"
2026-09-02T19:40:59+00:00,https://bilgewatermarket.com/cards,Steel Paws,nonfoil,0.35,https://bilgewatermarket.com/cards/VEN-043,normal,https://bilgewatermarket.com/assets/VEN-043-EN-D3rM5hd3.png,¥2.39,$0.35,,Steel Paws VEN-043/166 CN ¥2.39 EN $0.35
2026-09-02T19:40:59+00:00,https://bilgewatermarket.com/cards,Astral Heron,nonfoil,36.93,https://bilgewatermarket.com/cards/VEN-044,normal,https://bilgewatermarket.com/assets/VEN-044-EN-DoJyXdAU.png,¥84.43,$36.93,,Astral Heron VEN-044/166 CN ¥84.43 EN $36.93
2026-09-02T19:40:59+00:00,https://bilgewatermarket.com/cards,Helm of Suppression,nonfoil,5.45,https://bilgewatermarket.com/cards/VEN-045,normal,https://bilgewatermarket.com/assets/VEN-045-EN-Cc1MGZba.png,¥10.51,$5.45,,Helm of Suppression VEN-045/166 CN ¥10.51 EN $5.45
2026-09-02T19:40:59+00:00,https://bilgewatermarket.com/cards,"Nasus, Ascended",nonfoil,0.70,https://bilgewatermarket.com/cards/VEN-046,normal,https://bilgewatermarket.com/assets/VEN-046-EN-Kl4d9GPB.png,¥4.98,$0.70,,"Nasus, Ascended VEN-046/166 CN ¥4.98 EN $0.70"
2026-09-02T19:40:59+00:00,https://bilgewatermarket.com/cards,"Nasus, Ascended",nonfoil,3.33,https://bilgewatermarket.com/cards/VEN-046a?print_variation=showcase,showcase,https://bilgewatermarket.com/assets/VEN-046a-EN-DNtt-B1N.png,¥14.30,$3.33,,"Nasus, Ascended VEN-046A/166 Showcase CN ¥14.30 EN $3.33"
2026-09-02T19:40:59+00:00,https://bilgewatermarket.com/cards,Apprentice Mage,foil,0.17,https://bilgewatermarket.com/cards/VEN-047?print_variation=foiled,foiled,https://bilgewatermarket.com/assets/VEN-047-EN-IKhxvAeH.png,¥0.76,$0.17,,Apprentice Mage VEN-047/166 Foiled CN ¥0.76 EN $0.17
2026-09-02T19:40:59+00:00,https://bilgewatermarket.com/cards,Apprentice Mage,nonfoil,0.04,https://bilgewatermarket.com/cards/VEN-047,normal,https://bilgewatermarket.com/assets/VEN-047-EN-IKhxvAeH.png,¥0.50,$0.04,,Apprentice Mage VEN-047/166 CN ¥0.50 EN $0.04
2026-09-02T19:40:59+00:00,https://bilgewatermarket.com/cards,Cloud Drake,foil,0.20,https://bilgewatermarket.com/cards/VEN-048?print_variation=foiled,foiled,https://bilgewatermarket.com/assets/VEN-048-EN-WGFx_9br.png,¥0.51,$0.20,,Cloud Drake VEN-048/166 Foiled CN ¥0.51 EN $0.20
2026-09-02T19:40:59+00:00,https://bilgewatermarket.com/cards,Cloud Drake,nonfoil,0.04,https://bilgewatermarket.com/cards/VEN-048,normal,https://bilgewatermarket.com/assets/VEN-048-EN-WGFx_9br.png,¥0.50,$0.04,,Cloud Drake VEN-048/166 CN ¥0.50 EN $0.04
2026-09-02T19:40:59+00:00,https://bilgewatermarket.com/cards,Dredge Up,foil,0.47,https://bilgewatermarket.com/cards/VEN-049?print_variation=foiled,foiled,https://bilgewatermarket.com/assets/VEN-049-EN-B_ePmYth.png,¥1.89,$0.47,,Dredge Up VEN-049/166 Foiled CN ¥1.89 EN $0.47
2026-09-02T19:40:59+00:00,https://bilgewatermarket.com/cards,Dredge Up,nonfoil,0.09,https://bilgewatermarket.com/cards/VEN-049,normal,https://bilgewatermarket.com/assets/VEN-049-EN-B_ePmYth.png,¥0.51,$0.09,,Dredge Up VEN-049/166 CN ¥0.51 EN $0.09
2026-09-02T19:40:59+00:00,https://bilgewatermarket.com/cards,Grumpy Rockbear,foil,0.12,https://bilgewatermarket.com/cards/VEN-050?print_variation=foiled,foiled,https://bilgewatermarket.com/assets/VEN-050-EN-DsmQ1aGy.png,¥0.64,$0.12,,Grumpy Rockbear VEN-050/166 Foiled CN ¥0.64 EN $0.12
2026-09-02T19:40:59+00:00,https://bilgewatermarket.com/cards,Grumpy Rockbear,nonfoil,0.05,https://bilgewatermarket.com/cards/VEN-050,normal,https://bilgewatermarket.com/assets/VEN-050-EN-DsmQ1aGy.png,¥0.50,$0.05,,Grumpy Rockbear VEN-050/166 CN ¥0.50 EN $0.05
2026-09-02T19:40:59+00:00,https://bilgewatermarket.com/cards,Iterative Design,foil,0.23,https://bilgewatermarket.com/cards/VEN-051?print_variation=foiled,foiled,https://bilgewatermarket.com/assets/VEN-051-EN-MrRDJaWe.png,¥0.65,$0.23,,Iterative Design VEN-051/166 Foiled CN ¥0.65 EN $0.23
2026-09-02T19:40:59+00:00,https://bilgewatermarket.com/cards,Iterative Design,nonfoil,0.05,https://bilgewatermarket.com/cards/VEN-051,normal,https://bilgewatermarket.com/assets/VEN-051-EN-MrRDJaWe.png,¥0.50,$0.05,,Iterative Design VEN-051/166 CN ¥0.50 EN $0.05
2026-09-02T19:40:59+00:00,https://bilgewatermarket.com/cards,Mesmerize,foil,0.32,https://bilgewatermarket.com/cards/VEN-052?print_variation=foiled,foiled,https://bilgewatermarket.com/assets/VEN-052-EN-DXojzohb.png,¥1.97,$0.32,,Mesmerize VEN-052/166 Foiled CN ¥1.97 EN $0.32
2026-09-02T19:40:59+00:00,https://bilgewatermarket.com/cards,Mesmerize,nonfoil,0.09,https://bilgewatermarket.com/cards/VEN-052,normal,https://bilgewatermarket.com/assets/VEN-052-EN-DXojzohb.png,¥0.50,$0.09,,Mesmerize VEN-052/166 CN ¥0.50 EN $0.09
2026-09-02T19:40:59+00:00,https://bilgewatermarket.com/cards,Otterpus,foil,0.21,https://bilgewatermarket.com/cards/VEN-053?print_variation=foiled,foiled,https://bilgewatermarket.com/assets/VEN-053-EN-wfW1Layq.png,¥1.27,$0.21,,Otterpus VEN-053/166 Foiled CN ¥1.27 EN $0.21
2026-09-02T19:40:59+00:00,https://bilgewatermarket.com/cards,Otterpus,nonfoil,0.07,https://bilgewatermarket.com/cards/VEN-053,normal,https://bilgewatermarket.com/assets/VEN-053-EN-wfW1Layq.png,¥0.51,$0.07,,Otterpus VEN-053/166 CN ¥0.51 EN $0.07
2026-09-02T19:40:59+00:00,https://bilgewatermarket.com/cards,Questionable Tome,foil,0.40,https://bilgewatermarket.com/cards/VEN-054?print_variation=foiled,foiled,https://bilgewatermarket.com/assets/VEN-054-EN-WKHM6QTR.png,¥1.22,$0.40,,Questionable Tome VEN-054/166 Foiled CN ¥1.22 EN $0.40
2026-09-02T19:40:59+00:00,https://bilgewatermarket.com/cards,Questionable Tome,nonfoil,0.05,https://bilgewatermarket.com/cards/VEN-054,normal,https://bilgewatermarket.com/assets/VEN-054-EN-WKHM6QTR.png,¥0.59,$0.05,,Questionable Tome VEN-054/166 CN ¥0.59 EN $0.05
2026-09-02T19:40:59+00:00,https://bilgewatermarket.com/cards,Applied Researchers,foil,0.82,https://bilgewatermarket.com/cards/VEN-055?print_variation=foiled,foiled,https://bilgewatermarket.com/assets/VEN-055-EN-BT5B6yNz.png,¥3.75,$0.82,,Applied Researchers VEN-055/166 Foiled CN ¥3.75 EN $0.82
2026-09-02T19:40:59+00:00,https://bilgewatermarket.com/cards,Applied Researchers,nonfoil,0.17,https://bilgewatermarket.com/cards/VEN-055,normal,https://bilgewatermarket.com/assets/VEN-055-EN-BT5B6yNz.png,¥1.12,$0.17,,Applied Researchers VEN-055/166 CN ¥1.12 EN $0.17
2026-09-02T19:40:59+00:00,https://bilgewatermarket.com/cards,Clairvoyance,foil,0.32,https://bilgewatermarket.com/cards/VEN-056?print_variation=foiled,foiled,https://bilgewatermarket.com/assets/VEN-056-EN-DZNiFWB9.png,¥3.23,$0.32,,Clairvoyance VEN-056/166 Foiled CN ¥3.23 EN $0.32
2026-09-02T19:40:59+00:00,https://bilgewatermarket.com/cards,Clairvoyance,nonfoil,0.12,https://bilgewatermarket.com/cards/VEN-056,normal,https://bilgewatermarket.com/assets/VEN-056-EN-DZNiFWB9.png,¥1.06,$0.12,,Clairvoyance VEN-056/166 CN ¥1.06 EN $0.12
2026-09-02T19:40:59+00:00,https://bilgewatermarket.com/cards,Covert Informant,foil,0.21,https://bilgewatermarket.com/cards/VEN-057?print_variation=foiled,foiled,https://bilgewatermarket.com/assets/VEN-057-EN-t70vRLK_.png,¥1.54,$0.21,,Covert Informant VEN-057/166 Foiled CN ¥1.54 EN $0.21
2026-09-02T19:40:59+00:00,https://bilgewatermarket.com/cards,Covert Informant,nonfoil,0.07,https://bilgewatermarket.com/cards/VEN-057,normal,https://bilgewatermarket.com/assets/VEN-057-EN-t70vRLK_.png,¥0.56,$0.07,,Covert Informant VEN-057/166 CN ¥0.56 EN $0.07
2026-09-02T19:40:59+00:00,https://bilgewatermarket.com/cards,Patched Porobot,foil,0.68,https://bilgewatermarket.com/cards/VEN-058?print_variation=foiled,foiled,https://bilgewatermarket.com/assets/VEN-058-EN-i_v0R9Mh.png,¥3.32,$0.68,,Patched Porobot VEN-058/166 Foiled CN ¥3.32 EN $0.68
2026-09-02T19:40:59+00:00,https://bilgewatermarket.com/cards,Patched Porobot,nonfoil,0.19,https://bilgewatermarket.com/cards/VEN-058,normal,https://bilgewatermarket.com/assets/VEN-058-EN-i_v0R9Mh.png,¥2.10,$0.19,,Patched Porobot VEN-058/166 CN ¥2.10 EN $0.19
2026-09-02T19:40:59+00:00,https://bilgewatermarket.com/cards,Shock Blast,foil,0.44,https://bilgewatermarket.com/cards/VEN-059?print_variation=foiled,foiled,https://bilgewatermarket.com/assets/VEN-059-EN-wy9ej77B.png,¥3.03,$0.44,,Shock Blast VEN-059/166 Foiled CN ¥3.03 EN $0.44
2026-09-02T19:40:59+00:00,https://bilgewatermarket.com/cards,Shock Blast,nonfoil,0.12,https://bilgewatermarket.com/cards/VEN-059,normal,https://bilgewatermarket.com/assets/VEN-059-EN-wy9ej77B.png,¥1.03,$0.12,,Shock Blast VEN-059/166 CN ¥1.03 EN $0.12
2026-09-02T19:40:59+00:00,https://bilgewatermarket.com/cards,Sky Cruiser,foil,0.12,https://bilgewatermarket.com/cards/VEN-060?print_variation=foiled,foiled,https://bilgewatermarket.com/assets/VEN-060-EN-CmvVMeEj.png,¥1.00,$0.12,,Sky Cruiser VEN-060/166 Foiled CN ¥1.00 EN $0.12
2026-09-02T19:40:59+00:00,https://bilgewatermarket.com/cards,Sky Cruiser,nonfoil,0.07,https://bilgewatermarket.com/cards/VEN-060,normal,https://bilgewatermarket.com/assets/VEN-060-EN-CmvVMeEj.png,¥0.58,$0.07,,Sky Cruiser VEN-060/166 CN ¥0.58 EN $0.07
2026-09-02T19:40:59+00:00,https://bilgewatermarket.com/cards,Decree of Insight,nonfoil,0.31,https://bilgewatermarket.com/cards/VEN-061,normal,https://bilgewatermarket.com/assets/VEN-061-EN-Do6MPRUG.png,¥3.63,$0.31,,Decree of Insight VEN-061/166 CN ¥3.63 EN $0.31
2026-09-02T19:40:59+00:00,https://bilgewatermarket.com/cards,Hextech Formula,nonfoil,0.12,https://bilgewatermarket.com/cards/VEN-062,normal,https://bilgewatermarket.com/assets/VEN-062-EN-BnHJRos-.png,¥1.26,$0.12,,Hextech Formula VEN-062/166 CN ¥1.26 EN $0.12
2026-09-02T19:40:59+00:00,https://bilgewatermarket.com/cards,"Nasus, Guardian of Knowledge",nonfoil,0.13,https://bilgewatermarket.com/cards/VEN-063,normal,https://bilgewatermarket.com/assets/VEN-063-EN-DqS1r1N9.png,¥0.76,$0.13,,"Nasus, Guardian of Knowledge VEN-063/166 CN ¥0.76 EN $0.13"
2026-09-02T19:40:59+00:00,https://bilgewatermarket.com/cards,"Nasus, Guardian of Knowledge",nonfoil,1.43,https://bilgewatermarket.com/cards/VEN-063a?print_variation=showcase,showcase,https://bilgewatermarket.com/assets/VEN-063a-EN-pRvjhPfW.png,¥4.41,$1.43,,"Nasus, Guardian of Knowledge VEN-063A/166 Showcase CN ¥4.41 EN $1.43"
2026-09-02T19:40:59+00:00,https://bilgewatermarket.com/cards,Plaza Guardian,nonfoil,0.18,https://bilgewatermarket.com/cards/VEN-064,normal,https://bilgewatermarket.com/assets/VEN-064-EN-DvBVQ6iF.png,¥0.60,$0.18,,Plaza Guardian VEN-064/166 CN ¥0.60 EN $0.18
2026-09-02T19:40:59+00:00,https://bilgewatermarket.com/cards,"Swain, Visionary",nonfoil,0.23,https://bilgewatermarket.com/cards/VEN-065,normal,https://bilgewatermarket.com/assets/VEN-065-EN-DvT4ExBY.png,¥2.10,$0.23,,"Swain, Visionary VEN-065/166 CN ¥2.10 EN $0.23"
2026-09-02T19:40:59+00:00,https://bilgewatermarket.com/cards,Temporal Breach,nonfoil,0.65,https://bilgewatermarket.com/cards/VEN-066,normal,https://bilgewatermarket.com/assets/VEN-066-EN-beejkN42.png,¥11.19,$0.65,,Temporal Breach VEN-066/166 CN ¥11.19 EN $0.65
2026-09-02T19:40:59+00:00,https://bilgewatermarket.com/cards,Bottled Constellation,nonfoil,0.46,https://bilgewatermarket.com/cards/VEN-067,normal,https://bilgewatermarket.com/assets/VEN-067-EN-DNHLa_rY.png,¥4.83,$0.46,,Bottled Constellation VEN-067/166 CN ¥4.83 EN $0.46
2026-09-02T19:40:59+00:00,https://bilgewatermarket.com/cards,"Jayce, Brilliant Inventor",nonfoil,0.58,https://bilgewatermarket.com/cards/VEN-068,normal,https://bilgewatermarket.com/assets/VEN-068-EN-Dtumw_Zz.png,¥3.28,$0.58,,"Jayce, Brilliant Inventor VEN-068/166 CN ¥3.28 EN $0.58"
2026-09-02T19:40:59+00:00,https://bilgewatermarket.com/cards,"Jayce, Brilliant Inventor",nonfoil,1.69,https://bilgewatermarket.com/cards/VEN-068a?print_variation=showcase,showcase,https://bilgewatermarket.com/assets/VEN-068a-EN-BXlDNQr4.png,¥9.62,$1.69,,"Jayce, Brilliant Inventor VEN-068A/166 Showcase CN ¥9.62 EN $1.69"
2026-09-02T19:40:59+00:00,https://bilgewatermarket.com/cards,"Mel, Newly Awakened",nonfoil,1.32,https://bilgewatermarket.com/cards/VEN-069,normal,https://bilgewatermarket.com/assets/VEN-069-EN-COmTRmaG.png,¥7.31,$1.32,,"Mel, Newly Awakened VEN-069/166 CN ¥7.31 EN $1.32"
2026-09-02T19:40:59+00:00,https://bilgewatermarket.com/cards,"Mel, Newly Awakened",nonfoil,4.65,https://bilgewatermarket.com/cards/VEN-069a?print_variation=showcase,showcase,https://bilgewatermarket.com/assets/VEN-069a-EN-BgBHxMWH.png,¥18.85,$4.65,,"Mel, Newly Awakened VEN-069A/166 Showcase CN ¥18.85 EN $4.65"
2026-09-02T19:40:59+00:00,https://bilgewatermarket.com/cards,Brutal Hunter,foil,0.15,https://bilgewatermarket.com/cards/VEN-070?print_variation=foiled,foiled,https://bilgewatermarket.com/assets/VEN-070-EN-BBw0JrIr.png,¥0.74,$0.15,,Brutal Hunter VEN-070/166 Foiled CN ¥0.74 EN $0.15
2026-09-02T19:40:59+00:00,https://bilgewatermarket.com/cards,Brutal Hunter,nonfoil,0.05,https://bilgewatermarket.com/cards/VEN-070,normal,https://bilgewatermarket.com/assets/VEN-070-EN-BBw0JrIr.png,¥0.50,$0.05,,Brutal Hunter VEN-070/166 CN ¥0.50 EN $0.05
2026-09-02T19:40:59+00:00,https://bilgewatermarket.com/cards,Fretful Feline,foil,0.16,https://bilgewatermarket.com/cards/VEN-071?print_variation=foiled,foiled,https://bilgewatermarket.com/assets/VEN-071-EN-Do7lfOl3.png,¥0.50,$0.16,,Fretful Feline VEN-071/166 Foiled CN ¥0.50 EN $0.16
2026-09-02T19:40:59+00:00,https://bilgewatermarket.com/cards,Fretful Feline,nonfoil,0.04,https://bilgewatermarket.com/cards/VEN-071,normal,https://bilgewatermarket.com/assets/VEN-071-EN-Do7lfOl3.png,¥0.50,$0.04,,Fretful Feline VEN-071/166 CN ¥0.50 EN $0.04
2026-09-02T19:40:59+00:00,https://bilgewatermarket.com/cards,Guttural Roar,foil,0.26,https://bilgewatermarket.com/cards/VEN-072?print_variation=foiled,foiled,https://bilgewatermarket.com/assets/VEN-072-EN-BmIr8-tQ.png,¥1.14,$0.26,,Guttural Roar VEN-072/166 Foiled CN ¥1.14 EN $0.26
2026-09-02T19:40:59+00:00,https://bilgewatermarket.com/cards,Guttural Roar,nonfoil,0.07,https://bilgewatermarket.com/cards/VEN-072,normal,https://bilgewatermarket.com/assets/VEN-072-EN-BmIr8-tQ.png,¥0.53,$0.07,,Guttural Roar VEN-072/166 CN ¥0.53 EN $0.07
2026-09-02T19:40:59+00:00,https://bilgewatermarket.com/cards,Jagged Cutlass,foil,0.19,https://bilgewatermarket.com/cards/VEN-073?print_variation=foiled,foiled,https://bilgewatermarket.com/assets/VEN-073-EN-i0eR0RLy.png,¥0.58,$0.19,,Jagged Cutlass VEN-073/166 Foiled CN ¥0.58 EN $0.19
2026-09-02T19:40:59+00:00,https://bilgewatermarket.com/cards,Jagged Cutlass,nonfoil,0.08,https://bilgewatermarket.com/cards/VEN-073,normal,https://bilgewatermarket.com/assets/VEN-073-EN-i0eR0RLy.png,¥0.59,$0.08,,Jagged Cutlass VEN-073/166 CN ¥0.59 EN $0.08
2026-09-02T19:40:59+00:00,https://bilgewatermarket.com/cards,Legion Marauder,foil,0.22,https://bilgewatermarket.com/cards/VEN-074?print_variation=foiled,foiled,https://bilgewatermarket.com/assets/VEN-074-EN-Ccc3s0Aw.png,¥2.04,$0.22,,Legion Marauder VEN-074/166 Foiled CN ¥2.04 EN $0.22
2026-09-02T19:40:59+00:00,https://bilgewatermarket.com/cards,Legion Marauder,nonfoil,0.06,https://bilgewatermarket.com/cards/VEN-074,normal,https://bilgewatermarket.com/assets/VEN-074-EN-Ccc3s0Aw.png,¥0.53,$0.06,,Legion Marauder VEN-074/166 CN ¥0.53 EN $0.06
2026-09-02T19:40:59+00:00,https://bilgewatermarket.com/cards,Platewyrm Egg,foil,0.24,https://bilgewatermarket.com/cards/VEN-075?print_variation=foiled,foiled,https://bilgewatermarket.com/assets/VEN-075-EN-n7AqzMTZ.png,¥4.17,$0.24,,Platewyrm Egg VEN-075/166 Foiled CN ¥4.17 EN $0.24
2026-09-02T19:40:59+00:00,https://bilgewatermarket.com/cards,Platewyrm Egg,nonfoil,0.05,https://bilgewatermarket.com/cards/VEN-075,normal,https://bilgewatermarket.com/assets/VEN-075-EN-n7AqzMTZ.png,¥0.54,$0.05,,Platewyrm Egg VEN-075/166 CN ¥0.54 EN $0.05
2026-09-02T19:40:59+00:00,https://bilgewatermarket.com/cards,Repair Specialist,foil,0.27,https://bilgewatermarket.com/cards/VEN-076?print_variation=foiled,foiled,https://bilgewatermarket.com/assets/VEN-076-EN-C3K8gFpm.png,¥0.96,$0.27,,Repair Specialist VEN-076/166 Foiled CN ¥0.96 EN $0.27
2026-09-02T19:40:59+00:00,https://bilgewatermarket.com/cards,Repair Specialist,nonfoil,0.06,https://bilgewatermarket.com/cards/VEN-076,normal,https://bilgewatermarket.com/assets/VEN-076-EN-C3K8gFpm.png,¥0.50,$0.06,,Repair Specialist VEN-076/166 CN ¥0.50 EN $0.06
2026-09-02T19:40:59+00:00,https://bilgewatermarket.com/cards,Tools of Empire,foil,0.27,https://bilgewatermarket.com/cards/VEN-077?print_variation=foiled,foiled,https://bilgewatermarket.com/assets/VEN-077-EN-CsEVKpSM.png,¥1.22,$0.27,,Tools of Empire VEN-077/166 Foiled CN ¥1.22 EN $0.27
2026-09-02T19:40:59+00:00,https://bilgewatermarket.com/cards,Tools of Empire,nonfoil,0.08,https://bilgewatermarket.com/cards/VEN-077,normal,https://bilgewatermarket.com/assets/VEN-077-EN-CsEVKpSM.png,¥0.53,$0.08,,Tools of Empire VEN-077/166 CN ¥0.53 EN $0.08
2026-09-02T19:40:59+00:00,https://bilgewatermarket.com/cards,Baccai Witherclaw,foil,0.30,https://bilgewatermarket.com/cards/VEN-078?print_variation=foiled,foiled,https://bilgewatermarket.com/assets/VEN-078-EN-hWHuk34D.png,¥1.24,$0.30,,Baccai Witherclaw VEN-078/166 Foiled CN ¥1.24 EN $0.30
2026-09-02T19:40:59+00:00,https://bilgewatermarket.com/cards,Baccai Witherclaw,nonfoil,0.07,https://bilgewatermarket.com/cards/VEN-078,normal,https://bilgewatermarket.com/assets/VEN-078-EN-hWHuk34D.png,¥0.54,$0.07,,Baccai Witherclaw VEN-078/166 CN ¥0.54 EN $0.07
2026-09-02T19:40:59+00:00,https://bilgewatermarket.com/cards,Dame the Despoiler,foil,0.20,https://bilgewatermarket.com/cards/VEN-079?print_variation=foiled,foiled,https://bilgewatermarket.com/assets/VEN-079-EN-Dgt9D4yo.png,¥0.53,$0.20,,Dame the Despoiler VEN-079/166 Foiled CN ¥0.53 EN $0.20
2026-09-02T19:40:59+00:00,https://bilgewatermarket.com/cards,Dame the Despoiler,nonfoil,0.08,https://bilgewatermarket.com/cards/VEN-079,normal,https://bilgewatermarket.com/assets/VEN-079-EN-Dgt9D4yo.png,¥0.50,$0.08,,Dame the Despoiler VEN-079/166 CN ¥0.50 EN $0.08
2026-09-02T19:40:59+00:00,https://bilgewatermarket.com/cards,Noxian Demolitionist,foil,0.21,https://bilgewatermarket.com/cards/VEN-080?print_variation=foiled,foiled,https://bilgewatermarket.com/assets/VEN-080-EN--Wu8GZn8.png,¥1.01,$0.21,,Noxian Demolitionist VEN-080/166 Foiled CN ¥1.01 EN $0.21
2026-09-02T19:40:59+00:00,https://bilgewatermarket.com/cards,Noxian Demolitionist,nonfoil,0.09,https://bilgewatermarket.com/cards/VEN-080,normal,https://bilgewatermarket.com/assets/VEN-080-EN--Wu8GZn8.png,¥0.51,$0.09,,Noxian Demolitionist VEN-080/166 CN ¥0.51 EN $0.09
2026-09-02T19:40:59+00:00,https://bilgewatermarket.com/cards,Onslaught,foil,0.34,https://bilgewatermarket.com/cards/VEN-081?print_variation=foiled,foiled,https://bilgewatermarket.com/assets/VEN-081-EN-DGC01Mt6.png,¥1.74,$0.34,,Onslaught VEN-081/166 Foiled CN ¥1.74 EN $0.34
2026-09-02T19:40:59+00:00,https://bilgewatermarket.com/cards,Onslaught,nonfoil,0.15,https://bilgewatermarket.com/cards/VEN-081,normal,https://bilgewatermarket.com/assets/VEN-081-EN-DGC01Mt6.png,¥1.09,$0.15,,Onslaught VEN-081/166 CN ¥1.09 EN $0.15
2026-09-02T19:40:59+00:00,https://bilgewatermarket.com/cards,Profiteer,foil,0.27,https://bilgewatermarket.com/cards/VEN-082?print_variation=foiled,foiled,https://bilgewatermarket.com/assets/VEN-082-EN-6kic8myQ.png,¥2.02,$0.27,,Profiteer VEN-082/166 Foiled CN ¥2.02 EN $0.27
2026-09-02T19:40:59+00:00,https://bilgewatermarket.com/cards,Profiteer,nonfoil,0.06,https://bilgewatermarket.com/cards/VEN-082,normal,https://bilgewatermarket.com/assets/VEN-082-EN-6kic8myQ.png,¥1.06,$0.06,,Profiteer VEN-082/166 CN ¥1.06 EN $0.06
2026-09-02T19:40:59+00:00,https://bilgewatermarket.com/cards,Rampage,foil,0.76,https://bilgewatermarket.com/cards/VEN-083?print_variation=foiled,foiled,https://bilgewatermarket.com/assets/VEN-083-EN-BIEybsQE.png,¥7.20,$0.76,,Rampage VEN-083/166 Foiled CN ¥7.20 EN $0.76
2026-09-02T19:40:59+00:00,https://bilgewatermarket.com/cards,Rampage,nonfoil,0.20,https://bilgewatermarket.com/cards/VEN-083,normal,https://bilgewatermarket.com/assets/VEN-083-EN-BIEybsQE.png,¥1.56,$0.20,,Rampage VEN-083/166 CN ¥1.56 EN $0.20
2026-09-02T19:40:59+00:00,https://bilgewatermarket.com/cards,"Ambessa, The Wolf",nonfoil,0.22,https://bilgewatermarket.com/cards/VEN-084,normal,https://bilgewatermarket.com/assets/VEN-084-EN-Det7UPYF.png,¥2.05,$0.22,,"Ambessa, The Wolf VEN-084/166 CN ¥2.05 EN $0.22"
2026-09-02T19:40:59+00:00,https://bilgewatermarket.com/cards,"Ambessa, The Wolf",nonfoil,2.02,https://bilgewatermarket.com/cards/VEN-084a?print_variation=showcase,showcase,https://bilgewatermarket.com/assets/VEN-084a-EN-Bne2UZi0.png,¥9.54,$2.02,,"Ambessa, The Wolf VEN-084A/166 Showcase CN ¥9.54 EN $2.02"
2026-09-02T19:40:59+00:00,https://bilgewatermarket.com/cards,Decree of Strength,nonfoil,0.26,https://bilgewatermarket.com/cards/VEN-085,normal,https://bilgewatermarket.com/assets/VEN-085-EN-DGsRPBZ7.png,¥3.63,$0.26,,Decree of Strength VEN-085/166 CN ¥3.63 EN $0.26
2026-09-02T19:40:59+00:00,https://bilgewatermarket.com/cards,"Gangplank, Naval",nonfoil,0.24,https://bilgewatermarket.com/cards/VEN-086,normal,https://bilgewatermarket.com/assets/VEN-086-EN-CvTg0bFJ.png,¥1.63,$0.24,,"Gangplank, Naval VEN-086/166 CN ¥1.63 EN $0.24"
2026-09-02T19:40:59+00:00,https://bilgewatermarket.com/cards,Hextech Disc,nonfoil,0.17,https://bilgewatermarket.com/cards/VEN-087,normal,https://bilgewatermarket.com/assets/VEN-087-EN-CrcAMXPZ.png,¥0.77,$0.17,,Hextech Disc VEN-087/166 CN ¥0.77 EN $0.17
2026-09-02T19:40:59+00:00,https://bilgewatermarket.com/cards,"Jayce, Hammer in Hand",nonfoil,0.15,https://bilgewatermarket.com/cards/VEN-088,normal,https://bilgewatermarket.com/assets/VEN-088-EN-pWbYFoGK.png,¥1.54,$0.15,,"Jayce, Hammer in Hand VEN-088/166 CN ¥1.54 EN $0.15"
2026-09-02T19:40:59+00:00,https://bilgewatermarket.com/cards,"Jayce, Hammer in Hand",nonfoil,1.31,https://bilgewatermarket.com/cards/VEN-088a?print_variation=showcase,showcase,https://bilgewatermarket.com/assets/VEN-088a-EN-D-tcu65A.png,¥6.52,$1.31,,"Jayce, Hammer in Hand VEN-088A/166 Showcase CN ¥6.52 EN $1.31"
2026-09-02T19:40:59+00:00,https://bilgewatermarket.com/cards,Wild Claw,nonfoil,0.13,https://bilgewatermarket.com/cards/VEN-089,normal,https://bilgewatermarket.com/assets/VEN-089-EN-DjuOh8bv.png,¥0.67,$0.13,,Wild Claw VEN-089/166 CN ¥0.67 EN $0.13
2026-09-02T19:40:59+00:00,https://bilgewatermarket.com/cards,Cataclysmic Duel,nonfoil,0.58,https://bilgewatermarket.com/cards/VEN-090,normal,https://bilgewatermarket.com/assets/VEN-090-EN-DcLtUoYu.png,¥3.52,$0.58,,Cataclysmic Duel VEN-090/166 CN ¥3.52 EN $0.58
2026-09-02T19:40:59+00:00,https://bilgewatermarket.com/cards,Corrupted Dragon,nonfoil,0.72,https://bilgewatermarket.com/cards/VEN-091,normal,https://bilgewatermarket.com/assets/VEN-091-EN-_RU-3yoI.png,¥4.30,$0.72,,Corrupted Dragon VEN-091/166 CN ¥4.30 EN $0.72
2026-09-02T19:40:59+00:00,https://bilgewatermarket.com/cards,"Renekton, Brute",nonfoil,0.43,https://bilgewatermarket.com/cards/VEN-092,normal,https://bilgewatermarket.com/assets/VEN-092-EN-DkMPRHL8.png,¥3.11,$0.43,,"Renekton, Brute VEN-092/166 CN ¥3.11 EN $0.43"
2026-09-02T19:40:59+00:00,https://bilgewatermarket.com/cards,"Renekton, Brute",nonfoil,1.86,https://bilgewatermarket.com/cards/VEN-092a?print_variation=showcase,showcase,https://bilgewatermarket.com/assets/VEN-092a-EN--0lOGwVx.png,¥6.56,$1.86,,"Renekton, Brute VEN-092A/166 Showcase CN ¥6.56 EN $1.86"
2026-09-02T19:40:59+00:00,https://bilgewatermarket.com/cards,Kinkou Lifeblade,foil,0.13,https://bilgewatermarket.com/cards/VEN-093?print_variation=foiled,foiled,https://bilgewatermarket.com/assets/VEN-093-EN-CCh8yFUu.png,¥1.00,$0.13,,Kinkou Lifeblade VEN-093/166 Foiled CN ¥1.00 EN $0.13
2026-09-02T19:40:59+00:00,https://bilgewatermarket.com/cards,Kinkou Lifeblade,nonfoil,0.06,https://bilgewatermarket.com/cards/VEN-093,normal,https://bilgewatermarket.com/assets/VEN-093-EN-CCh8yFUu.png,¥0.50,$0.06,,Kinkou Lifeblade VEN-093/166 CN ¥0.50 EN $0.06
2026-09-02T19:40:59+00:00,https://bilgewatermarket.com/cards,Mask Mother,foil,0.28,https://bilgewatermarket.com/cards/VEN-094?print_variation=foiled,foiled,https://bilgewatermarket.com/assets/VEN-094-EN-zhkibLfS.png,¥1.26,$0.28,,Mask Mother VEN-094/166 Foiled CN ¥1.26 EN $0.28
2026-09-02T19:40:59+00:00,https://bilgewatermarket.com/cards,Mask Mother,nonfoil,0.07,https://bilgewatermarket.com/cards/VEN-094,normal,https://bilgewatermarket.com/assets/VEN-094-EN-zhkibLfS.png,¥0.50,$0.07,,Mask Mother VEN-094/166 CN ¥0.50 EN $0.07
2026-09-02T19:40:59+00:00,https://bilgewatermarket.com/cards,Shadow Order Disciple,foil,0.33,https://bilgewatermarket.com/cards/VEN-095?print_variation=foiled,foiled,https://bilgewatermarket.com/assets/VEN-095-EN-Djs_M261.png,¥2.04,$0.33,,Shadow Order Disciple VEN-095/166 Foiled CN ¥2.04 EN $0.33
2026-09-02T19:40:59+00:00,https://bilgewatermarket.com/cards,Shadow Order Disciple,nonfoil,0.08,https://bilgewatermarket.com/cards/VEN-095,normal,https://bilgewatermarket.com/assets/VEN-095-EN-Djs_M261.png,¥0.52,$0.08,,Shadow Order Disciple VEN-095/166 CN ¥0.52 EN $0.08
2026-09-02T19:40:59+00:00,https://bilgewatermarket.com/cards,Shadowblade Lurker,foil,0.29,https://bilgewatermarket.com/cards/VEN-096?print_variation=foiled,foiled,https://bilgewatermarket.com/assets/VEN-096-EN-LleB4Kxh.png,¥2.81,$0.29,,Shadowblade Lurker VEN-096/166 Foiled CN ¥2.81 EN $0.29
2026-09-02T19:40:59+00:00,https://bilgewatermarket.com/cards,Shadowblade Lurker,nonfoil,0.04,https://bilgewatermarket.com/cards/VEN-096,normal,https://bilgewatermarket.com/assets/VEN-096-EN-LleB4Kxh.png,¥0.51,$0.04,,Shadowblade Lurker VEN-096/166 CN ¥0.51 EN $0.04
2026-09-02T19:40:59+00:00,https://bilgewatermarket.com/cards,Spiderling,foil,0.63,https://bilgewatermarket.com/cards/VEN-097?print_variation=foiled,foiled,https://bilgewatermarket.com/assets/VEN-097-EN-05nsFlAy.png,¥1.78,$0.63,,Spiderling VEN-097/166 Foiled CN ¥1.78 EN $0.63
2026-09-02T19:40:59+00:00,https://bilgewatermarket.com/cards,Spiderling,nonfoil,0.26,https://bilgewatermarket.com/cards/VEN-097,normal,https://bilgewatermarket.com/assets/VEN-097-EN-05nsFlAy.png,¥0.82,$0.26,,Spiderling VEN-097/166 CN ¥0.82 EN $0.26
2026-09-02T19:40:59+00:00,https://bilgewatermarket.com/cards,Stargazer,foil,0.15,https://bilgewatermarket.com/cards/VEN-098?print_variation=foiled,foiled,https://bilgewatermarket.com/assets/VEN-098-EN-7CMTOXwI.png,¥0.61,$0.15,,Stargazer VEN-098/166 Foiled CN ¥0.61 EN $0.15
2026-09-02T19:40:59+00:00,https://bilgewatermarket.com/cards,Stargazer,nonfoil,0.05,https://bilgewatermarket.com/cards/VEN-098,normal,https://bilgewatermarket.com/assets/VEN-098-EN-7CMTOXwI.png,¥0.50,$0.05,,Stargazer VEN-098/166 CN ¥0.50 EN $0.05
2026-09-02T19:40:59+00:00,https://bilgewatermarket.com/cards,Tornado Warrior,foil,0.26,https://bilgewatermarket.com/cards/VEN-099?print_variation=foiled,foiled,https://bilgewatermarket.com/assets/VEN-099-EN-B9G9hLDc.png,¥2.48,$0.26,,Tornado Warrior VEN-099/166 Foiled CN ¥2.48 EN $0.26
2026-09-02T19:40:59+00:00,https://bilgewatermarket.com/cards,Tornado Warrior,nonfoil,0.06,https://bilgewatermarket.com/cards/VEN-099,normal,https://bilgewatermarket.com/assets/VEN-099-EN-B9G9hLDc.png,¥0.55,$0.06,,Tornado Warrior VEN-099/166 CN ¥0.55 EN $0.06
2026-09-02T19:40:59+00:00,https://bilgewatermarket.com/cards,Up from the Deep,foil,0.71,https://bilgewatermarket.com/cards/VEN-100?print_variation=foiled,foiled,https://bilgewatermarket.com/assets/VEN-100-EN-CDeicDP5.png,¥2.28,$0.71,,Up from the Deep VEN-100/166 Foiled CN ¥2.28 EN $0.71
2026-09-02T19:40:59+00:00,https://bilgewatermarket.com/cards,Up from the Deep,nonfoil,0.12,https://bilgewatermarket.com/cards/VEN-100,normal,https://bilgewatermarket.com/assets/VEN-100-EN-CDeicDP5.png,¥0.56,$0.12,,Up from the Deep VEN-100/166 CN ¥0.56 EN $0.12
2026-09-02T19:40:59+00:00,https://bilgewatermarket.com/cards,Gust Monk,foil,0.30,https://bilgewatermarket.com/cards/VEN-101?print_variation=foiled,foiled,https://bilgewatermarket.com/assets/VEN-101-EN-Cfs11m7w.png,¥3.60,$0.30,,Gust Monk VEN-101/166 Foiled CN ¥3.60 EN $0.30
2026-09-02T19:40:59+00:00,https://bilgewatermarket.com/cards,Gust Monk,nonfoil,0.13,https://bilgewatermarket.com/cards/VEN-101,normal,https://bilgewatermarket.com/assets/VEN-101-EN-Cfs11m7w.png,¥1.40,$0.13,,Gust Monk VEN-101/166 CN ¥1.40 EN $0.13
2026-09-02T19:40:59+00:00,https://bilgewatermarket.com/cards,Ravenbloom Prefect,foil,1.58,https://bilgewatermarket.com/cards/VEN-102?print_variation=foiled,foiled,https://bilgewatermarket.com/assets/VEN-102-EN-E3NZ3v4J.png,¥8.87,$1.58,,Ravenbloom Prefect VEN-102/166 Foiled CN ¥8.87 EN $1.58
2026-09-02T19:40:59+00:00,https://bilgewatermarket.com/cards,Ravenbloom Prefect,nonfoil,0.22,https://bilgewatermarket.com/cards/VEN-102,normal,https://bilgewatermarket.com/assets/VEN-102-EN-E3NZ3v4J.png,¥1.92,$0.22,,Ravenbloom Prefect VEN-102/166 CN ¥1.92 EN $0.22
2026-09-02T19:40:59+00:00,https://bilgewatermarket.com/cards,Shadows of the Past,foil,0.29,https://bilgewatermarket.com/cards/VEN-103?print_variation=foiled,foiled,https://bilgewatermarket.com/assets/VEN-103-EN-CnLVojsO.png,¥4.72,$0.29,,Shadows of the Past VEN-103/166 Foiled CN ¥4.72 EN $0.29
2026-09-02T19:40:59+00:00,https://bilgewatermarket.com/cards,Shadows of the Past,nonfoil,0.12,https://bilgewatermarket.com/cards/VEN-103,normal,https://bilgewatermarket.com/assets/VEN-103-EN-CnLVojsO.png,¥1.23,$0.12,,Shadows of the Past VEN-103/166 CN ¥1.23 EN $0.12
2026-09-02T19:40:59+00:00,https://bilgewatermarket.com/cards,Tail-Cloaked Matriarch,foil,0.40,https://bilgewatermarket.com/cards/VEN-104?print_variation=foiled,foiled,https://bilgewatermarket.com/assets/VEN-104-EN-g6J6Ukj4.png,¥3.88,$0.40,,Tail-Cloaked Matriarch VEN-104/166 Foiled CN ¥3.88 EN $0.40
2026-09-02T19:40:59+00:00,https://bilgewatermarket.com/cards,Tail-Cloaked Matriarch,nonfoil,0.12,https://bilgewatermarket.com/cards/VEN-104,normal,https://bilgewatermarket.com/assets/VEN-104-EN-g6J6Ukj4.png,¥2.02,$0.12,,Tail-Cloaked Matriarch VEN-104/166 CN ¥2.02 EN $0.12
2026-09-02T19:40:59+00:00,https://bilgewatermarket.com/cards,Twilight Step,foil,0.37,https://bilgewatermarket.com/cards/VEN-105?print_variation=foiled,foiled,https://bilgewatermarket.com/assets/VEN-105-EN-sXCnXaRy.png,¥1.24,$0.37,,Twilight Step VEN-105/166 Foiled CN ¥1.24 EN $0.37
2026-09-02T19:40:59+00:00,https://bilgewatermarket.com/cards,Twilight Step,nonfoil,0.14,https://bilgewatermarket.com/cards/VEN-105,normal,https://bilgewatermarket.com/assets/VEN-105-EN-sXCnXaRy.png,¥0.61,$0.14,,Twilight Step VEN-105/166 CN ¥0.61 EN $0.14
2026-09-02T19:40:59+00:00,https://bilgewatermarket.com/cards,Wind and Ghosts,foil,0.65,https://bilgewatermarket.com/cards/VEN-106?print_variation=foiled,foiled,https://bilgewatermarket.com/assets/VEN-106-EN-DMu1DLbf.png,¥4.85,$0.65,,Wind and Ghosts VEN-106/166 Foiled CN ¥4.85 EN $0.65
2026-09-02T19:40:59+00:00,https://bilgewatermarket.com/cards,Wind and Ghosts,nonfoil,0.14,https://bilgewatermarket.com/cards/VEN-106,normal,https://bilgewatermarket.com/assets/VEN-106-EN-DMu1DLbf.png,¥2.38,$0.14,,Wind and Ghosts VEN-106/166 CN ¥2.38 EN $0.14
2026-09-02T19:40:59+00:00,https://bilgewatermarket.com/cards,Decree of Discord,nonfoil,0.20,https://bilgewatermarket.com/cards/VEN-107,normal,https://bilgewatermarket.com/assets/VEN-107-EN-D-gVhqXY.png,¥1.65,$0.20,,Decree of Discord VEN-107/166 CN ¥1.65 EN $0.20
2026-09-02T19:40:59+00:00,https://bilgewatermarket.com/cards,Forgotten Relic,nonfoil,0.07,https://bilgewatermarket.com/cards/VEN-108,normal,https://bilgewatermarket.com/assets/VEN-108-EN-CFAyxxig.png,¥0.58,$0.07,,Forgotten Relic VEN-108/166 CN ¥0.58 EN $0.07
2026-09-02T19:40:59+00:00,https://bilgewatermarket.com/cards,"Illaoi, Prophet of the Great Kraken",nonfoil,0.17,https://bilgewatermarket.com/cards/VEN-109,normal,https://bilgewatermarket.com/assets/VEN-109-EN-hIJHzxhp.png,¥1.52,$0.17,,"Illaoi, Prophet of the Great Kraken VEN-109/166 CN ¥1.52 EN $0.17"
2026-09-02T19:40:59+00:00,https://bilgewatermarket.com/cards,"Mel, Defiant Soul",nonfoil,0.18,https://bilgewatermarket.com/cards/VEN-110,normal,https://bilgewatermarket.com/assets/VEN-110-EN-CDeRZYEh.png,¥0.89,$0.18,,"Mel, Defiant Soul VEN-110/166 CN ¥0.89 EN $0.18"
2026-09-02T19:40:59+00:00,https://bilgewatermarket.com/cards,"Mel, Defiant Soul",nonfoil,1.46,https://bilgewatermarket.com/cards/VEN-110a?print_variation=showcase,showcase,https://bilgewatermarket.com/assets/VEN-110a-EN-ChC82MvM.png,¥6.22,$1.46,,"Mel, Defiant Soul VEN-110A/166 Showcase CN ¥6.22 EN $1.46"
2026-09-02T19:40:59+00:00,https://bilgewatermarket.com/cards,Minah Swiftfoot,nonfoil,0.14,https://bilgewatermarket.com/cards/VEN-111,normal,https://bilgewatermarket.com/assets/VEN-111-EN-CCUPoBUU.png,¥0.69,$0.14,,Minah Swiftfoot VEN-111/166 CN ¥0.69 EN $0.14
2026-09-02T19:40:59+00:00,https://bilgewatermarket.com/cards,"Zed, Without a Sound",nonfoil,0.25,https://bilgewatermarket.com/cards/VEN-112,normal,https://bilgewatermarket.com/assets/VEN-112-EN-cv7eYR1P.png,¥1.07,$0.25,,"Zed, Without a Sound VEN-112/166 CN ¥1.07 EN $0.25"
2026-09-02T19:40:59+00:00,https://bilgewatermarket.com/cards,"Zed, Without a Sound",nonfoil,3.98,https://bilgewatermarket.com/cards/VEN-112a?print_variation=showcase,showcase,https://bilgewatermarket.com/assets/VEN-112a-EN-ajY8ipqJ.png,¥6.77,$3.98,,"Zed, Without a Sound VEN-112A/166 Showcase CN ¥6.77 EN $3.98"
2026-09-02T19:40:59+00:00,https://bilgewatermarket.com/cards,"Kennen, Storm of Shuriken",nonfoil,3.22,https://bilgewatermarket.com/cards/VEN-113,normal,https://bilgewatermarket.com/assets/VEN-113-EN-DC0HFiXj.png,¥15.86,$3.22,,"Kennen, Storm of Shuriken VEN-113/166 CN ¥15.86 EN $3.22"
2026-09-02T19:40:59+00:00,https://bilgewatermarket.com/cards,"Kennen, Storm of Shuriken",nonfoil,5.08,https://bilgewatermarket.com/cards/VEN-113a?print_variation=showcase,showcase,https://bilgewatermarket.com/assets/VEN-113a-EN-BIhr190O.png,¥32.27,$5.08,,"Kennen, Storm of Shuriken VEN-113A/166 Showcase CN ¥32.27 EN $5.08"
2026-09-02T19:40:59+00:00,https://bilgewatermarket.com/cards,Kharox,nonfoil,4.98,https://bilgewatermarket.com/cards/VEN-114,normal,https://bilgewatermarket.com/assets/VEN-114-EN-CQZ3mmbC.png,¥16.01,$4.98,,Kharox VEN-114/166 CN ¥16.01 EN $4.98
2026-09-02T19:40:59+00:00,https://bilgewatermarket.com/cards,Ocean Drake,nonfoil,1.27,https://bilgewatermarket.com/cards/VEN-115,normal,https://bilgewatermarket.com/assets/VEN-115-EN-D0nMt3w8.png,¥9.41,$1.27,,Ocean Drake VEN-115/166 CN ¥9.41 EN $1.27
2026-09-02T19:40:59+00:00,https://bilgewatermarket.com/cards,Dragon Form,foil,0.22,https://bilgewatermarket.com/cards/VEN-116?print_variation=foiled,foiled,https://bilgewatermarket.com/assets/VEN-116-EN-Bt8UgnTk.png,¥1.33,$0.22,,Dragon Form VEN-116/166 Foiled CN ¥1.33 EN $0.22
2026-09-02T19:40:59+00:00,https://bilgewatermarket.com/cards,Dragon Form,nonfoil,0.06,https://bilgewatermarket.com/cards/VEN-116,normal,https://bilgewatermarket.com/assets/VEN-116-EN-Bt8UgnTk.png,¥0.56,$0.06,,Dragon Form VEN-116/166 CN ¥0.56 EN $0.06
2026-09-02T19:40:59+00:00,https://bilgewatermarket.com/cards,Disciple of Shen,foil,0.31,https://bilgewatermarket.com/cards/VEN-117?print_variation=foiled,foiled,https://bilgewatermarket.com/assets/VEN-117-EN-B_yM4GJW.png,¥1.12,$0.31,,Disciple of Shen VEN-117/166 Foiled CN ¥1.12 EN $0.31
2026-09-02T19:40:59+00:00,https://bilgewatermarket.com/cards,Disciple of Shen,nonfoil,0.07,https://bilgewatermarket.com/cards/VEN-117,normal,https://bilgewatermarket.com/assets/VEN-117-EN-B_yM4GJW.png,¥0.51,$0.07,,Disciple of Shen VEN-117/166 CN ¥0.51 EN $0.07
2026-09-02T19:40:59+00:00,https://bilgewatermarket.com/cards,Horns of the Dragon,foil,0.13,https://bilgewatermarket.com/cards/VEN-118?print_variation=foiled,foiled,https://bilgewatermarket.com/assets/VEN-118-EN-4sJWjecS.png,¥0.51,$0.13,,Horns of the Dragon VEN-118/166 Foiled CN ¥0.51 EN $0.13
2026-09-02T19:40:59+00:00,https://bilgewatermarket.com/cards,Horns of the Dragon,nonfoil,0.04,https://bilgewatermarket.com/cards/VEN-118,normal,https://bilgewatermarket.com/assets/VEN-118-EN-4sJWjecS.png,¥0.50,$0.04,,Horns of the Dragon VEN-118/166 CN ¥0.50 EN $0.04
2026-09-02T19:40:59+00:00,https://bilgewatermarket.com/cards,Keeper of Law,foil,0.14,https://bilgewatermarket.com/cards/VEN-119?print_variation=foiled,foiled,https://bilgewatermarket.com/assets/VEN-119-EN-B94zn0sC.png,¥0.87,$0.14,,Keeper of Law VEN-119/166 Foiled CN ¥0.87 EN $0.14
2026-09-02T19:40:59+00:00,https://bilgewatermarket.com/cards,Keeper of Law,nonfoil,0.05,https://bilgewatermarket.com/cards/VEN-119,normal,https://bilgewatermarket.com/assets/VEN-119-EN-B94zn0sC.png,¥0.51,$0.05,,Keeper of Law VEN-119/166 CN ¥0.51 EN $0.05
2026-09-02T19:40:59+00:00,https://bilgewatermarket.com/cards,"Masa, Crashing Thunder",foil,0.16,https://bilgewatermarket.com/cards/VEN-120?print_variation=foiled,foiled,https://bilgewatermarket.com/assets/VEN-120-EN-DHcPgd86.png,¥0.52,$0.16,,"Masa, Crashing Thunder VEN-120/166 Foiled CN ¥0.52 EN $0.16"
2026-09-02T19:40:59+00:00,https://bilgewatermarket.com/cards,"Masa, Crashing Thunder",nonfoil,0.06,https://bilgewatermarket.com/cards/VEN-120,normal,https://bilgewatermarket.com/assets/VEN-120-EN-DHcPgd86.png,¥0.50,$0.06,,"Masa, Crashing Thunder VEN-120/166 CN ¥0.50 EN $0.06"
2026-09-02T19:40:59+00:00,https://bilgewatermarket.com/cards,Reluctant Leader,foil,0.14,https://bilgewatermarket.com/cards/VEN-121?print_variation=foiled,foiled,https://bilgewatermarket.com/assets/VEN-121-EN-BbtJBtUW.png,¥0.50,$0.14,,Reluctant Leader VEN-121/166 Foiled CN ¥0.50 EN $0.14
2026-09-02T19:40:59+00:00,https://bilgewatermarket.com/cards,Reluctant Leader,nonfoil,0.06,https://bilgewatermarket.com/cards/VEN-121,normal,https://bilgewatermarket.com/assets/VEN-121-EN-BbtJBtUW.png,¥0.50,$0.06,,Reluctant Leader VEN-121/166 CN ¥0.50 EN $0.06
2026-09-02T19:40:59+00:00,https://bilgewatermarket.com/cards,Solari Sunhawk,foil,0.48,https://bilgewatermarket.com/cards/VEN-122?print_variation=foiled,foiled,https://bilgewatermarket.com/assets/VEN-122-EN-0YWRcky6.png,¥1.00,$0.48,,Solari Sunhawk VEN-122/166 Foiled CN ¥1.00 EN $0.48
2026-09-02T19:40:59+00:00,https://bilgewatermarket.com/cards,Solari Sunhawk,nonfoil,0.10,https://bilgewatermarket.com/cards/VEN-122,normal,https://bilgewatermarket.com/assets/VEN-122-EN-0YWRcky6.png,¥0.51,$0.10,,Solari Sunhawk VEN-122/166 CN ¥0.51 EN $0.10
2026-09-02T19:40:59+00:00,https://bilgewatermarket.com/cards,Soulspinner,foil,0.15,https://bilgewatermarket.com/cards/VEN-123?print_variation=foiled,foiled,https://bilgewatermarket.com/assets/VEN-123-EN-DsL_H6zs.png,¥0.52,$0.15,,Soulspinner VEN-123/166 Foiled CN ¥0.52 EN $0.15
2026-09-02T19:40:59+00:00,https://bilgewatermarket.com/cards,Soulspinner,nonfoil,0.05,https://bilgewatermarket.com/cards/VEN-123,normal,https://bilgewatermarket.com/assets/VEN-123-EN-DsL_H6zs.png,¥0.50,$0.05,,Soulspinner VEN-123/166 CN ¥0.50 EN $0.05
2026-09-02T19:40:59+00:00,https://bilgewatermarket.com/cards,Escaped Grayback,foil,0.33,https://bilgewatermarket.com/cards/VEN-124?print_variation=foiled,foiled,https://bilgewatermarket.com/assets/VEN-124-EN-BgPMS7JC.png,¥1.02,$0.33,,Escaped Grayback VEN-124/166 Foiled CN ¥1.02 EN $0.33
2026-09-02T19:40:59+00:00,https://bilgewatermarket.com/cards,Escaped Grayback,nonfoil,0.13,https://bilgewatermarket.com/cards/VEN-124,normal,https://bilgewatermarket.com/assets/VEN-124-EN-BgPMS7JC.png,¥0.62,$0.13,,Escaped Grayback VEN-124/166 CN ¥0.62 EN $0.13
2026-09-02T19:40:59+00:00,https://bilgewatermarket.com/cards,Hungry Wolf,foil,0.17,https://bilgewatermarket.com/cards/VEN-125?print_variation=foiled,foiled,https://bilgewatermarket.com/assets/VEN-125-EN-ygpWWhje.png,¥1.01,$0.17,,Hungry Wolf VEN-125/166 Foiled CN ¥1.01 EN $0.17
2026-09-02T19:40:59+00:00,https://bilgewatermarket.com/cards,Hungry Wolf,nonfoil,0.07,https://bilgewatermarket.com/cards/VEN-125,normal,https://bilgewatermarket.com/assets/VEN-125-EN-ygpWWhje.png,¥0.51,$0.07,,Hungry Wolf VEN-125/166 CN ¥0.51 EN $0.07
2026-09-02T19:40:59+00:00,https://bilgewatermarket.com/cards,Ki Barrier,foil,0.39,https://bilgewatermarket.com/cards/VEN-126?print_variation=foiled,foiled,https://bilgewatermarket.com/assets/VEN-126-EN-U5km56qq.png,¥3.99,$0.39,,Ki Barrier VEN-126/166 Foiled CN ¥3.99 EN $0.39
2026-09-02T19:40:59+00:00,https://bilgewatermarket.com/cards,Ki Barrier,nonfoil,0.14,https://bilgewatermarket.com/cards/VEN-126,normal,https://bilgewatermarket.com/assets/VEN-126-EN-U5km56qq.png,¥1.17,$0.14,,Ki Barrier VEN-126/166 CN ¥1.17 EN $0.14
2026-09-02T19:40:59+00:00,https://bilgewatermarket.com/cards,Lacerate,foil,0.27,https://bilgewatermarket.com/cards/VEN-127?print_variation=foiled,foiled,https://bilgewatermarket.com/assets/VEN-127-EN-EQ1Hrn1v.png,¥7.00,$0.27,,Lacerate VEN-127/166 Foiled CN ¥7.00 EN $0.27
2026-09-02T19:40:59+00:00,https://bilgewatermarket.com/cards,Lacerate,nonfoil,0.12,https://bilgewatermarket.com/cards/VEN-127,normal,https://bilgewatermarket.com/assets/VEN-127-EN-EQ1Hrn1v.png,¥2.02,$0.12,,Lacerate VEN-127/166 CN ¥2.02 EN $0.12
2026-09-02T19:40:59+00:00,https://bilgewatermarket.com/cards,Noxian Emissary,foil,0.43,https://bilgewatermarket.com/cards/VEN-128?print_variation=foiled,foiled,https://bilgewatermarket.com/assets/VEN-128-EN-CGePnjX8.png,¥2.81,$0.43,,Noxian Emissary VEN-128/166 Foiled CN ¥2.81 EN $0.43
2026-09-02T19:40:59+00:00,https://bilgewatermarket.com/cards,Noxian Emissary,nonfoil,0.15,https://bilgewatermarket.com/cards/VEN-128,normal,https://bilgewatermarket.com/assets/VEN-128-EN-CGePnjX8.png,¥1.09,$0.15,,Noxian Emissary VEN-128/166 CN ¥1.09 EN $0.15
2026-09-02T19:40:59+00:00,https://bilgewatermarket.com/cards,Sacred Protector,foil,0.41,https://bilgewatermarket.com/cards/VEN-129?print_variation=foiled,foiled,https://bilgewatermarket.com/assets/VEN-129-EN-Dvn8dDbH.png,¥0.86,$0.41,,Sacred Protector VEN-129/166 Foiled CN ¥0.86 EN $0.41
2026-09-02T19:40:59+00:00,https://bilgewatermarket.com/cards,Sacred Protector,nonfoil,0.09,https://bilgewatermarket.com/cards/VEN-129,normal,https://bilgewatermarket.com/assets/VEN-129-EN-Dvn8dDbH.png,¥0.51,$0.09,,Sacred Protector VEN-129/166 CN ¥0.51 EN $0.09
2026-09-02T19:40:59+00:00,https://bilgewatermarket.com/cards,Aurok General,nonfoil,0.09,https://bilgewatermarket.com/cards/VEN-130,normal,https://bilgewatermarket.com/assets/VEN-130-EN-BJk1OtBj.png,¥0.74,$0.09,,Aurok General VEN-130/166 CN ¥0.74 EN $0.09
2026-09-02T19:40:59+00:00,https://bilgewatermarket.com/cards,Decree of Unity,nonfoil,0.28,https://bilgewatermarket.com/cards/VEN-131,normal,https://bilgewatermarket.com/assets/VEN-131-EN-KJm7m92q.png,¥2.24,$0.28,,Decree of Unity VEN-131/166 CN ¥2.24 EN $0.28
2026-09-02T19:40:59+00:00,https://bilgewatermarket.com/cards,Fallen Feline,nonfoil,0.23,https://bilgewatermarket.com/cards/VEN-132,normal,https://bilgewatermarket.com/assets/VEN-132-EN-NGraPDZw.png,¥2.66,$0.23,,Fallen Feline VEN-132/166 CN ¥2.66 EN $0.23
2026-09-02T19:40:59+00:00,https://bilgewatermarket.com/cards,Glowstone,nonfoil,0.17,https://bilgewatermarket.com/cards/VEN-133,normal,https://bilgewatermarket.com/assets/VEN-133-EN-DNCd1Yt6.png,¥0.67,$0.17,,Glowstone VEN-133/166 CN ¥0.67 EN $0.17
2026-09-02T19:40:59+00:00,https://bilgewatermarket.com/cards,"Kayle, Justified",nonfoil,0.35,https://bilgewatermarket.com/cards/VEN-134,normal,https://bilgewatermarket.com/assets/VEN-134-EN-2unK_ljh.png,¥2.22,$0.35,,"Kayle, Justified VEN-134/166 CN ¥2.22 EN $0.35"
2026-09-02T19:40:59+00:00,https://bilgewatermarket.com/cards,"Kennen, Keeper of Balance",nonfoil,0.26,https://bilgewatermarket.com/cards/VEN-135,normal,https://bilgewatermarket.com/assets/VEN-135-EN-CetCr0Fl.png,¥2.76,$0.26,,"Kennen, Keeper of Balance VEN-135/166 CN ¥2.76 EN $0.26"
2026-09-02T19:40:59+00:00,https://bilgewatermarket.com/cards,"Kennen, Keeper of Balance",nonfoil,3.28,https://bilgewatermarket.com/cards/VEN-135a?print_variation=showcase,showcase,https://bilgewatermarket.com/assets/VEN-135a-EN-D0fbx7ia.png,¥9.52,$3.28,,"Kennen, Keeper of Balance VEN-135A/166 Showcase CN ¥9.52 EN $3.28"
2026-09-02T19:40:59+00:00,https://bilgewatermarket.com/cards,"Ambessa, Respected and Feared",nonfoil,0.61,https://bilgewatermarket.com/cards/VEN-136,normal,https://bilgewatermarket.com/assets/VEN-136-EN-DfUZ7aIr.png,¥4.59,$0.61,,"Ambessa, Respected and Feared VEN-136/166 CN ¥4.59 EN $0.61"
2026-09-02T19:40:59+00:00,https://bilgewatermarket.com/cards,"Ambessa, Respected and Feared",nonfoil,2.67,https://bilgewatermarket.com/cards/VEN-136a?print_variation=showcase,showcase,https://bilgewatermarket.com/assets/VEN-136a-EN-BKEg1eoS.png,¥10.71,$2.67,,"Ambessa, Respected and Feared VEN-136A/166 Showcase CN ¥10.71 EN $2.67"
2026-09-02T19:40:59+00:00,https://bilgewatermarket.com/cards,Shady Spectacles,nonfoil,0.90,https://bilgewatermarket.com/cards/VEN-137,normal,https://bilgewatermarket.com/assets/VEN-137-EN-DJPd0p4y.png,¥8.53,$0.90,,Shady Spectacles VEN-137/166 CN ¥8.53 EN $0.90
2026-09-02T19:40:59+00:00,https://bilgewatermarket.com/cards,"Shen, Leader of the Kinkou Order",nonfoil,0.32,https://bilgewatermarket.com/cards/VEN-138,normal,https://bilgewatermarket.com/assets/VEN-138-EN-BayAsprZ.png,¥1.44,$0.32,,"Shen, Leader of the Kinkou Order VEN-138/166 CN ¥1.44 EN $0.32"
2026-09-02T19:40:59+00:00,https://bilgewatermarket.com/cards,"Shen, Leader of the Kinkou Order",nonfoil,2.10,https://bilgewatermarket.com/cards/VEN-138a?print_variation=showcase,showcase,https://bilgewatermarket.com/assets/VEN-138a-EN-D6NZZPi1.png,¥10.11,$2.10,,"Shen, Leader of the Kinkou Order VEN-138A/166 Showcase CN ¥10.11 EN $2.10"
2026-09-02T19:40:59+00:00,https://bilgewatermarket.com/cards,"Akali, Rogue Assassin",nonfoil,0.13,https://bilgewatermarket.com/cards/VEN-139,normal,https://bilgewatermarket.com/assets/VEN-139-EN-BFDPdv9k.png,¥0.57,$0.13,,"Akali, Rogue Assassin VEN-139/166 CN ¥0.57 EN $0.13"
2026-09-02T19:40:59+00:00,https://bilgewatermarket.com/cards,Shuriken Flip,nonfoil,11.20,https://bilgewatermarket.com/cards/VEN-140,normal,https://bilgewatermarket.com/assets/VEN-140-EN-CRFPFsXT.png,¥40.71,$11.20,,Shuriken Flip VEN-140/166 CN ¥40.71 EN $11.20
2026-09-02T19:40:59+00:00,https://bilgewatermarket.com/cards,"Renekton, Butcher of the Sands",nonfoil,0.10,https://bilgewatermarket.com/cards/VEN-141,normal,https://bilgewatermarket.com/assets/VEN-141-EN-B7iijjIr.png,¥0.53,$0.10,,"Renekton, Butcher of the Sands VEN-141/166 CN ¥0.53 EN $0.10"
2026-09-02T19:40:59+00:00,https://bilgewatermarket.com/cards,Dominus,nonfoil,0.84,https://bilgewatermarket.com/cards/VEN-142,normal,https://bilgewatermarket.com/assets/VEN-142-EN-CfX7ovFI.png,¥5.50,$0.84,,Dominus VEN-142/166 CN ¥5.50 EN $0.84
2026-09-02T19:40:59+00:00,https://bilgewatermarket.com/cards,"Zed, Master of Shadows",nonfoil,0.13,https://bilgewatermarket.com/cards/VEN-143,normal,https://bilgewatermarket.com/assets/VEN-143-EN-DVFlTrkm.png,¥0.51,$0.13,,"Zed, Master of Shadows VEN-143/166 CN ¥0.51 EN $0.13"
2026-09-02T19:40:59+00:00,https://bilgewatermarket.com/cards,Death Mark,nonfoil,1.85,https://bilgewatermarket.com/cards/VEN-144,normal,https://bilgewatermarket.com/assets/VEN-144-EN-C8DwJ5eP.png,¥6.75,$1.85,,Death Mark VEN-144/166 CN ¥6.75 EN $1.85
2026-09-02T19:40:59+00:00,https://bilgewatermarket.com/cards,"Nasus, Curator of the Sands",nonfoil,0.12,https://bilgewatermarket.com/cards/VEN-145,normal,https://bilgewatermarket.com/assets/VEN-145-EN-ZXyKsBTB.png,¥0.67,$0.12,,"Nasus, Curator of the Sands VEN-145/166 CN ¥0.67 EN $0.12"
2026-09-02T19:40:59+00:00,https://bilgewatermarket.com/cards,Siphoning Strike,nonfoil,1.73,https://bilgewatermarket.com/cards/VEN-146,normal,https://bilgewatermarket.com/assets/VEN-146-EN-I1aNVw6w.png,¥10.22,$1.73,,Siphoning Strike VEN-146/166 CN ¥10.22 EN $1.73
2026-09-02T19:40:59+00:00,https://bilgewatermarket.com/cards,"Shen, Eye of Twilight",nonfoil,0.08,https://bilgewatermarket.com/cards/VEN-147,normal,https://bilgewatermarket.com/assets/VEN-147-EN-Db0qigxf.png,¥0.52,$0.08,,"Shen, Eye of Twilight VEN-147/166 CN ¥0.52 EN $0.08"
2026-09-02T19:40:59+00:00,https://bilgewatermarket.com/cards,Shadow Dash,nonfoil,0.47,https://bilgewatermarket.com/cards/VEN-148,normal,https://bilgewatermarket.com/assets/VEN-148-EN-BbJdmWxi.png,¥2.97,$0.47,,Shadow Dash VEN-148/166 CN ¥2.97 EN $0.47
2026-09-02T19:40:59+00:00,https://bilgewatermarket.com/cards,"Jayce, Defender of Tomorrow",nonfoil,0.10,https://bilgewatermarket.com/cards/VEN-149,normal,https://bilgewatermarket.com/assets/VEN-149-EN-BEx9Q_bl.png,¥0.60,$0.10,,"Jayce, Defender of Tomorrow VEN-149/166 CN ¥0.60 EN $0.10"
2026-09-02T19:40:59+00:00,https://bilgewatermarket.com/cards,Acceleration Gate,nonfoil,1.29,https://bilgewatermarket.com/cards/VEN-150,normal,https://bilgewatermarket.com/assets/VEN-150-EN-CM0x4JWd.png,¥13.15,$1.29,,Acceleration Gate VEN-150/166 CN ¥13.15 EN $1.29
2026-09-02T19:40:59+00:00,https://bilgewatermarket.com/cards,"Mel, Soul's Reflection",nonfoil,0.10,https://bilgewatermarket.com/cards/VEN-151,normal,https://bilgewatermarket.com/assets/VEN-151-EN-CYB46DBN.png,¥0.53,$0.10,,"Mel, Soul's Reflection VEN-151/166 CN ¥0.53 EN $0.10"
2026-09-02T19:40:59+00:00,https://bilgewatermarket.com/cards,Rebuttal,nonfoil,4.39,https://bilgewatermarket.com/cards/VEN-152,normal,https://bilgewatermarket.com/assets/VEN-152-EN-DotKJDJ5.png,¥21.72,$4.39,,Rebuttal VEN-152/166 CN ¥21.72 EN $4.39
2026-09-02T19:40:59+00:00,https://bilgewatermarket.com/cards,"Ambessa, Matriarch of War",nonfoil,0.10,https://bilgewatermarket.com/cards/VEN-153,normal,https://bilgewatermarket.com/assets/VEN-153-EN-dAsKZFPf.png,¥0.54,$0.10,,"Ambessa, Matriarch of War VEN-153/166 CN ¥0.54 EN $0.10"
2026-09-02T19:40:59+00:00,https://bilgewatermarket.com/cards,Public Execution,nonfoil,1.81,https://bilgewatermarket.com/cards/VEN-154,normal,https://bilgewatermarket.com/assets/VEN-154-EN-MYgJ7Dme.png,¥9.65,$1.81,,Public Execution VEN-154/166 CN ¥9.65 EN $1.81
2026-09-02T19:40:59+00:00,https://bilgewatermarket.com/cards,"Kennen, Heart of the Tempest",nonfoil,0.11,https://bilgewatermarket.com/cards/VEN-155,normal,https://bilgewatermarket.com/assets/VEN-155-EN-DFejSbOS.png,¥0.83,$0.11,,"Kennen, Heart of the Tempest VEN-155/166 CN ¥0.83 EN $0.11"
2026-09-02T19:40:59+00:00,https://bilgewatermarket.com/cards,Lightning Rush,nonfoil,12.45,https://bilgewatermarket.com/cards/VEN-156,normal,https://bilgewatermarket.com/assets/VEN-156-EN-uYZ-l7gC.png,¥66.51,$12.45,,Lightning Rush VEN-156/166 CN ¥66.51 EN $12.45
2026-09-02T19:40:59+00:00,https://bilgewatermarket.com/cards,Dragon Roost,foil,0.63,https://bilgewatermarket.com/cards/VEN-157?print_variation=foiled,foiled,https://bilgewatermarket.com/assets/VEN-157-EN-Bhg3aWIq.png,¥1.74,$0.63,,Dragon Roost VEN-157/166 Foiled CN ¥1.74 EN $0.63
2026-09-02T19:40:59+00:00,https://bilgewatermarket.com/cards,Dragon Roost,nonfoil,0.12,https://bilgewatermarket.com/cards/VEN-157,normal,https://bilgewatermarket.com/assets/VEN-157-EN-Bhg3aWIq.png,¥0.62,$0.12,,Dragon Roost VEN-157/166 CN ¥0.62 EN $0.12
2026-09-02T19:40:59+00:00,https://bilgewatermarket.com/cards,"Heisho, Shell of the World",foil,1.09,https://bilgewatermarket.com/cards/VEN-158?print_variation=foiled,foiled,https://bilgewatermarket.com/assets/VEN-158-EN-BH4aNl7O.png,¥3.15,$1.09,,"Heisho, Shell of the World VEN-158/166 Foiled CN ¥3.15 EN $1.09"
2026-09-02T19:40:59+00:00,https://bilgewatermarket.com/cards,"Heisho, Shell of the World",nonfoil,0.11,https://bilgewatermarket.com/cards/VEN-158,normal,https://bilgewatermarket.com/assets/VEN-158-EN-BH4aNl7O.png,¥1.11,$0.11,,"Heisho, Shell of the World VEN-158/166 CN ¥1.11 EN $0.11"
2026-09-02T19:40:59+00:00,https://bilgewatermarket.com/cards,Kinkou Temple,foil,0.25,https://bilgewatermarket.com/cards/VEN-159?print_variation=foiled,foiled,https://bilgewatermarket.com/assets/VEN-159-EN-DqejB9wD.png,¥1.25,$0.25,,Kinkou Temple VEN-159/166 Foiled CN ¥1.25 EN $0.25
2026-09-02T19:40:59+00:00,https://bilgewatermarket.com/cards,Kinkou Temple,nonfoil,0.08,https://bilgewatermarket.com/cards/VEN-159,normal,https://bilgewatermarket.com/assets/VEN-159-EN-DqejB9wD.png,¥0.68,$0.08,,Kinkou Temple VEN-159/166 CN ¥0.68 EN $0.08
2026-09-02T19:40:59+00:00,https://bilgewatermarket.com/cards,Mystic Vortex,foil,0.20,https://bilgewatermarket.com/cards/VEN-160?print_variation=foiled,foiled,https://bilgewatermarket.com/assets/VEN-160-EN-BlwqSIVG.png,¥4.11,$0.20,,Mystic Vortex VEN-160/166 Foiled CN ¥4.11 EN $0.20
2026-09-02T19:40:59+00:00,https://bilgewatermarket.com/cards,Mystic Vortex,nonfoil,0.09,https://bilgewatermarket.com/cards/VEN-160,normal,https://bilgewatermarket.com/assets/VEN-160-EN-BlwqSIVG.png,¥1.02,$0.09,,Mystic Vortex VEN-160/166 CN ¥1.02 EN $0.09
2026-09-02T19:40:59+00:00,https://bilgewatermarket.com/cards,Piltovan Forge,foil,0.27,https://bilgewatermarket.com/cards/VEN-161?print_variation=foiled,foiled,https://bilgewatermarket.com/assets/VEN-161-EN-DleOsuA9.png,¥4.14,$0.27,,Piltovan Forge VEN-161/166 Foiled CN ¥4.14 EN $0.27
2026-09-02T19:40:59+00:00,https://bilgewatermarket.com/cards,Piltovan Forge,nonfoil,0.07,https://bilgewatermarket.com/cards/VEN-161,normal,https://bilgewatermarket.com/assets/VEN-161-EN-DleOsuA9.png,¥0.51,$0.07,,Piltovan Forge VEN-161/166 CN ¥0.51 EN $0.07
2026-09-02T19:40:59+00:00,https://bilgewatermarket.com/cards,Protective Sands,foil,0.32,https://bilgewatermarket.com/cards/VEN-162?print_variation=foiled,foiled,https://bilgewatermarket.com/assets/VEN-162-EN-CMpht29h.png,¥3.46,$0.32,,Protective Sands VEN-162/166 Foiled CN ¥3.46 EN $0.32
2026-09-02T19:40:59+00:00,https://bilgewatermarket.com/cards,Protective Sands,nonfoil,0.07,https://bilgewatermarket.com/cards/VEN-162,normal,https://bilgewatermarket.com/assets/VEN-162-EN-CMpht29h.png,¥0.53,$0.07,,Protective Sands VEN-162/166 CN ¥0.53 EN $0.07
2026-09-02T19:40:59+00:00,https://bilgewatermarket.com/cards,Risen Altar,foil,0.39,https://bilgewatermarket.com/cards/VEN-163?print_variation=foiled,foiled,https://bilgewatermarket.com/assets/VEN-163-EN-ClKDrWfS.png,¥5.98,$0.39,,Risen Altar VEN-163/166 Foiled CN ¥5.98 EN $0.39
2026-09-02T19:40:59+00:00,https://bilgewatermarket.com/cards,Risen Altar,nonfoil,0.11,https://bilgewatermarket.com/cards/VEN-163,normal,https://bilgewatermarket.com/assets/VEN-163-EN-ClKDrWfS.png,¥1.01,$0.11,,Risen Altar VEN-163/166 CN ¥1.01 EN $0.11
2026-09-02T19:40:59+00:00,https://bilgewatermarket.com/cards,Sandswept Tomb,foil,0.27,https://bilgewatermarket.com/cards/VEN-164?print_variation=foiled,foiled,https://bilgewatermarket.com/assets/VEN-164-EN-CQiCuERT.png,¥2.09,$0.27,,Sandswept Tomb VEN-164/166 Foiled CN ¥2.09 EN $0.27
2026-09-02T19:40:59+00:00,https://bilgewatermarket.com/cards,Sandswept Tomb,nonfoil,0.10,https://bilgewatermarket.com/cards/VEN-164,normal,https://bilgewatermarket.com/assets/VEN-164-EN-CQiCuERT.png,¥1.05,$0.10,,Sandswept Tomb VEN-164/166 CN ¥1.05 EN $0.10
2026-09-02T19:40:59+00:00,https://bilgewatermarket.com/cards,Shadow Temple,foil,0.44,https://bilgewatermarket.com/cards/VEN-165?print_variation=foiled,foiled,https://bilgewatermarket.com/assets/VEN-165-EN-DCMjr8DY.png,¥2.41,$0.44,,Shadow Temple VEN-165/166 Foiled CN ¥2.41 EN $0.44
2026-09-02T19:40:59+00:00,https://bilgewatermarket.com/cards,Shadow Temple,nonfoil,0.10,https://bilgewatermarket.com/cards/VEN-165,normal,https://bilgewatermarket.com/assets/VEN-165-EN-DCMjr8DY.png,¥1.16,$0.10,,Shadow Temple VEN-165/166 CN ¥1.16 EN $0.10
2026-09-02T19:40:59+00:00,https://bilgewatermarket.com/cards,Threshold of the Gray,foil,0.23,https://bilgewatermarket.com/cards/VEN-166?print_variation=foiled,foiled,https://bilgewatermarket.com/assets/VEN-166-EN-DdpvPIEO.png,¥3.35,$0.23,,Threshold of the Gray VEN-166/166 Foiled CN ¥3.35 EN $0.23
2026-09-02T19:40:59+00:00,https://bilgewatermarket.com/cards,Threshold of the Gray,nonfoil,0.09,https://bilgewatermarket.com/cards/VEN-166,normal,https://bilgewatermarket.com/assets/VEN-166-EN-DdpvPIEO.png,¥0.66,$0.09,,Threshold of the Gray VEN-166/166 CN ¥0.66 EN $0.09
2026-09-02T19:40:59+00:00,https://bilgewatermarket.com/cards,"Vi, Destructive",nonfoil,104.53,https://bilgewatermarket.com/cards/VEN-167?print_variation=showcase,showcase,https://bilgewatermarket.com/assets/VEN-167-EN-lpKDuayz.png,¥295.27,$104.53,,"Vi, Destructive VEN-167/166 Showcase CN ¥295.27 EN $104.53"
2026-09-02T19:40:59+00:00,https://bilgewatermarket.com/cards,"Jinx, Demolitionist",nonfoil,118.89,https://bilgewatermarket.com/cards/VEN-168?print_variation=showcase,showcase,https://bilgewatermarket.com/assets/VEN-168-EN-Bnn4ApJC.png,¥338.78,$118.89,,"Jinx, Demolitionist VEN-168/166 Showcase CN ¥338.78 EN $118.89"
2026-09-02T19:40:59+00:00,https://bilgewatermarket.com/cards,"Zed, From the Shadows",nonfoil,65.05,https://bilgewatermarket.com/cards/VEN-169?print_variation=showcase,showcase,https://bilgewatermarket.com/assets/VEN-169-EN-BF1EjRBl.png,¥146.01,$65.05,,"Zed, From the Shadows VEN-169/166 Showcase CN ¥146.01 EN $65.05"
2026-09-02T19:40:59+00:00,https://bilgewatermarket.com/cards,"Shen, Scourge of Shadows",nonfoil,54.41,https://bilgewatermarket.com/cards/VEN-170?print_variation=showcase,showcase,https://bilgewatermarket.com/assets/VEN-170-EN-vj7w15gG.png,¥101.41,$54.41,,"Shen, Scourge of Shadows VEN-170/166 Showcase CN ¥101.41 EN $54.41"
2026-09-02T19:40:59+00:00,https://bilgewatermarket.com/cards,"Riven, Shattered",nonfoil,74.45,https://bilgewatermarket.com/cards/VEN-171?print_variation=showcase,showcase,https://bilgewatermarket.com/assets/VEN-171-EN-ZuNFo-jz.png,¥116.12,$74.45,,"Riven, Shattered VEN-171/166 Showcase CN ¥116.12 EN $74.45"
2026-09-02T19:40:59+00:00,https://bilgewatermarket.com/cards,"Draven, Showboat",nonfoil,85.30,https://bilgewatermarket.com/cards/VEN-172?print_variation=showcase,showcase,https://bilgewatermarket.com/assets/VEN-172-EN-hoUVkTM0.png,¥143.49,$85.30,,"Draven, Showboat VEN-172/166 Showcase CN ¥143.49 EN $85.30"
2026-09-02T19:40:59+00:00,https://bilgewatermarket.com/cards,"Swain, Visionary",nonfoil,85.63,https://bilgewatermarket.com/cards/VEN-173?print_variation=showcase,showcase,https://bilgewatermarket.com/assets/VEN-173-EN-L-xt_H_w.png,¥283.67,$85.63,,"Swain, Visionary VEN-173/166 Showcase CN ¥283.67 EN $85.63"
2026-09-02T19:40:59+00:00,https://bilgewatermarket.com/cards,"Irelia, Fervent",nonfoil,132.89,https://bilgewatermarket.com/cards/VEN-174?print_variation=showcase,showcase,https://bilgewatermarket.com/assets/VEN-174-EN-CwcFbbhj.png,¥477.13,$132.89,,"Irelia, Fervent VEN-174/166 Showcase CN ¥477.13 EN $132.89"
2026-09-02T19:40:59+00:00,https://bilgewatermarket.com/cards,"Jayce, Man of Progress",nonfoil,93.41,https://bilgewatermarket.com/cards/VEN-175?print_variation=showcase,showcase,https://bilgewatermarket.com/assets/VEN-175-EN-WITa-1BS.png,¥317.94,$93.41,,"Jayce, Man of Progress VEN-175/166 Showcase CN ¥317.94 EN $93.41"
2026-09-02T19:40:59+00:00,https://bilgewatermarket.com/cards,"Viktor, Innovator",nonfoil,78.58,https://bilgewatermarket.com/cards/VEN-176?print_variation=showcase,showcase,https://bilgewatermarket.com/assets/VEN-176-EN-wO7TbmTk.png,¥189.14,$78.58,,"Viktor, Innovator VEN-176/166 Showcase CN ¥189.14 EN $78.58"
2026-09-02T19:40:59+00:00,https://bilgewatermarket.com/cards,"Renekton, Brute",nonfoil,67.34,https://bilgewatermarket.com/cards/VEN-177?print_variation=showcase,showcase,https://bilgewatermarket.com/assets/VEN-177-EN-DEEI5e3H.png,¥106.30,$67.34,,"Renekton, Brute VEN-177/166 Showcase CN ¥106.30 EN $67.34"
2026-09-02T19:40:59+00:00,https://bilgewatermarket.com/cards,"Nasus, Guardian of Knowledge",nonfoil,63.55,https://bilgewatermarket.com/cards/VEN-178?print_variation=showcase,showcase,https://bilgewatermarket.com/assets/VEN-178-EN-Cp-yJ8pH.png,¥114.17,$63.55,,"Nasus, Guardian of Knowledge VEN-178/166 Showcase CN ¥114.17 EN $63.55"
2026-09-02T19:40:59+00:00,https://bilgewatermarket.com/cards,"Rengar, Trophy Hunter",nonfoil,162.57,https://bilgewatermarket.com/cards/VEN-179?print_variation=showcase,showcase,https://bilgewatermarket.com/assets/VEN-179-EN-CNBYOa2h.png,¥409.44,$162.57,,"Rengar, Trophy Hunter VEN-179/166 Showcase CN ¥409.44 EN $162.57"
2026-09-02T19:40:59+00:00,https://bilgewatermarket.com/cards,"Kha'Zix, Evolving Hunter",nonfoil,71.85,https://bilgewatermarket.com/cards/VEN-180?print_variation=showcase,showcase,https://bilgewatermarket.com/assets/VEN-180-EN-DvzJuQEg.png,¥94.86,$71.85,,"Kha'Zix, Evolving Hunter VEN-180/166 Showcase CN ¥94.86 EN $71.85"
2026-09-02T19:40:59+00:00,https://bilgewatermarket.com/cards,"Gangplank, Naval",nonfoil,98.67,https://bilgewatermarket.com/cards/VEN-181?print_variation=showcase,showcase,https://bilgewatermarket.com/assets/VEN-181-EN-CJrXpE4V.png,¥177.28,$98.67,,"Gangplank, Naval VEN-181/166 Showcase CN ¥177.28 EN $98.67"
2026-09-02T19:40:59+00:00,https://bilgewatermarket.com/cards,"Illaoi, Prophet of the Great Kraken",nonfoil,99.84,https://bilgewatermarket.com/cards/VEN-182?print_variation=showcase,showcase,https://bilgewatermarket.com/assets/VEN-182-EN-BAgnk1V0.png,¥144.08,$99.84,,"Illaoi, Prophet of the Great Kraken VEN-182/166 Showcase CN ¥144.08 EN $99.84"
2026-09-02T19:40:59+00:00,https://bilgewatermarket.com/cards,"Diana, No Longer Human",nonfoil,155.96,https://bilgewatermarket.com/cards/VEN-183?print_variation=showcase,showcase,https://bilgewatermarket.com/assets/VEN-183-EN-sutxxXVc.png,¥193.54,$155.96,,"Diana, No Longer Human VEN-183/166 Showcase CN ¥193.54 EN $155.96"
2026-09-02T19:40:59+00:00,https://bilgewatermarket.com/cards,"Leona, Determined",nonfoil,93.63,https://bilgewatermarket.com/cards/VEN-184?print_variation=showcase,showcase,https://bilgewatermarket.com/assets/VEN-184-EN-Cuzu2DpO.png,¥157.29,$93.63,,"Leona, Determined VEN-184/166 Showcase CN ¥157.29 EN $93.63"
2026-09-02T19:40:59+00:00,https://bilgewatermarket.com/cards,"Kayle, Justified",nonfoil,180.54,https://bilgewatermarket.com/cards/VEN-185?print_variation=showcase,showcase,https://bilgewatermarket.com/assets/VEN-185-EN-DgvQuieo.png,¥544.70,$180.54,,"Kayle, Justified VEN-185/166 Showcase CN ¥544.70 EN $180.54"
2026-09-02T19:40:59+00:00,https://bilgewatermarket.com/cards,"Morgana, Vindictive",nonfoil,111.58,https://bilgewatermarket.com/cards/VEN-186?print_variation=showcase,showcase,https://bilgewatermarket.com/assets/VEN-186-EN-89oo7vIb.png,¥318.03,$111.58,,"Morgana, Vindictive VEN-186/166 Showcase CN ¥318.03 EN $111.58"
2026-09-02T19:40:59+00:00,https://bilgewatermarket.com/cards,"Ambessa, Respected and Feared",nonfoil,52.02,https://bilgewatermarket.com/cards/VEN-187?print_variation=showcase,showcase,https://bilgewatermarket.com/assets/VEN-187-EN-BDIOZjkq.png,¥108.41,$52.02,,"Ambessa, Respected and Feared VEN-187/166 Showcase CN ¥108.41 EN $52.02"
2026-09-02T19:40:59+00:00,https://bilgewatermarket.com/cards,"Mel, Defiant Soul",nonfoil,83.00,https://bilgewatermarket.com/cards/VEN-188?print_variation=showcase,showcase,https://bilgewatermarket.com/assets/VEN-188-EN-CdeCa_ni.png,¥130.25,$83.00,,"Mel, Defiant Soul VEN-188/166 Showcase CN ¥130.25 EN $83.00"
2026-09-02T19:40:59+00:00,https://bilgewatermarket.com/cards,"Akali, Rogue Assassin",nonfoil,542.99,https://bilgewatermarket.com/cards/VEN-189?print_variation=showcase,showcase,https://bilgewatermarket.com/assets/VEN-189-EN-B4lT7ISJ.png,¥971.44,$542.99,,"Akali, Rogue Assassin VEN-189/166 Showcase CN ¥971.44 EN $542.99"
2026-09-02T19:40:59+00:00,https://bilgewatermarket.com/cards,"Renekton, Butcher of the Sands",nonfoil,59.66,https://bilgewatermarket.com/cards/VEN-190?print_variation=showcase,showcase,https://bilgewatermarket.com/assets/VEN-190-EN-BU2owRjx.png,¥66.40,$59.66,,"Renekton, Butcher of the Sands VEN-190/166 Showcase CN ¥66.40 EN $59.66"
2026-09-02T19:40:59+00:00,https://bilgewatermarket.com/cards,"Zed, Master of Shadows",nonfoil,185.69,https://bilgewatermarket.com/cards/VEN-191?print_variation=showcase,showcase,https://bilgewatermarket.com/assets/VEN-191-EN-mQhEHzQ5.png,¥215.80,$185.69,,"Zed, Master of Shadows VEN-191/166 Showcase CN ¥215.80 EN $185.69"
2026-09-02T19:40:59+00:00,https://bilgewatermarket.com/cards,"Nasus, Curator of the Sands",nonfoil,163.83,https://bilgewatermarket.com/cards/VEN-192?print_variation=showcase,showcase,https://bilgewatermarket.com/assets/VEN-192-EN-Vg8mwmAl.png,¥245.53,$163.83,,"Nasus, Curator of the Sands VEN-192/166 Showcase CN ¥245.53 EN $163.83"
2026-09-02T19:40:59+00:00,https://bilgewatermarket.com/cards,"Shen, Eye of Twilight",nonfoil,80.96,https://bilgewatermarket.com/cards/VEN-193?print_variation=showcase,showcase,https://bilgewatermarket.com/assets/VEN-193-EN-DdOf7tax.png,¥102.48,$80.96,,"Shen, Eye of Twilight VEN-193/166 Showcase CN ¥102.48 EN $80.96"
2026-09-02T19:40:59+00:00,https://bilgewatermarket.com/cards,"Jayce, Defender of Tomorrow",nonfoil,216.69,https://bilgewatermarket.com/cards/VEN-194?print_variation=showcase,showcase,https://bilgewatermarket.com/assets/VEN-194-EN-s1zJRwok.png,¥404.02,$216.69,,"Jayce, Defender of Tomorrow VEN-194/166 Showcase CN ¥404.02 EN $216.69"
2026-09-02T19:40:59+00:00,https://bilgewatermarket.com/cards,"Mel, Soul's Reflection",nonfoil,210.52,https://bilgewatermarket.com/cards/VEN-195?print_variation=showcase,showcase,https://bilgewatermarket.com/assets/VEN-195-EN-D48z7zAy.png,¥305.18,$210.52,,"Mel, Soul's Reflection VEN-195/166 Showcase CN ¥305.18 EN $210.52"
2026-09-02T19:40:59+00:00,https://bilgewatermarket.com/cards,"Ambessa, Matriarch of War",nonfoil,127.95,https://bilgewatermarket.com/cards/VEN-196?print_variation=showcase,showcase,https://bilgewatermarket.com/assets/VEN-196-EN-DdVVDAod.png,¥138.02,$127.95,,"Ambessa, Matriarch of War VEN-196/166 Showcase CN ¥138.02 EN $127.95"
2026-09-02T19:40:59+00:00,https://bilgewatermarket.com/cards,"Kennen, Heart of the Tempest",nonfoil,272.50,https://bilgewatermarket.com/cards/VEN-197?print_variation=showcase,showcase,https://bilgewatermarket.com/assets/VEN-197-EN-CxaAukcp.png,¥664.14,$272.50,,"Kennen, Heart of the Tempest VEN-197/166 Showcase CN ¥664.14 EN $272.50"
2026-09-02T19:40:59+00:00,https://bilgewatermarket.com/cards,Arena Kingpin,foil,0.12,https://bilgewatermarket.com/cards/UNL-001?print_variation=foiled,foiled,https://bilgewatermarket.com/assets/UNL-001-EN-CN6qRx__.webp,¥0.50,$0.12,,Arena Kingpin UNL-001/219 Foiled CN ¥0.50 EN $0.12
2026-09-02T19:40:59+00:00,https://bilgewatermarket.com/cards,Arena Kingpin,nonfoil,0.08,https://bilgewatermarket.com/cards/UNL-001,normal,https://bilgewatermarket.com/assets/UNL-001-EN-CN6qRx__.webp,¥0.53,$0.08,,Arena Kingpin UNL-001/219 CN ¥0.53 EN $0.08
2026-09-02T19:40:59+00:00,https://bilgewatermarket.com/cards,Inferna,foil,0.38,https://bilgewatermarket.com/cards/UNL-002?print_variation=foiled,foiled,https://bilgewatermarket.com/assets/UNL-002-EN-BEAeHv56.webp,¥1.24,$0.38,,Inferna UNL-002/219 Foiled CN ¥1.24 EN $0.38
2026-09-02T19:40:59+00:00,https://bilgewatermarket.com/cards,Inferna,nonfoil,0.11,https://bilgewatermarket.com/cards/UNL-002,normal,https://bilgewatermarket.com/assets/UNL-002-EN-BEAeHv56.webp,¥0.60,$0.11,,Inferna UNL-002/219 CN ¥0.60 EN $0.11
2026-09-02T19:40:59+00:00,https://bilgewatermarket.com/cards,Mischievous Marai,foil,0.14,https://bilgewatermarket.com/cards/UNL-003?print_variation=foiled,foiled,https://bilgewatermarket.com/assets/UNL-003-EN-BN8no39d.webp,¥1.13,$0.14,,Mischievous Marai UNL-003/219 Foiled CN ¥1.13 EN $0.14
2026-09-02T19:40:59+00:00,https://bilgewatermarket.com/cards,Mischievous Marai,nonfoil,0.06,https://bilgewatermarket.com/cards/UNL-003,normal,https://bilgewatermarket.com/assets/UNL-003-EN-BN8no39d.webp,¥0.53,$0.06,,Mischievous Marai UNL-003/219 CN ¥0.53 EN $0.06
2026-09-02T19:40:59+00:00,https://bilgewatermarket.com/cards,Prepared Neophyte,foil,0.17,https://bilgewatermarket.com/cards/UNL-004?print_variation=foiled,foiled,https://bilgewatermarket.com/assets/UNL-004-EN-X8qOqNsB.webp,¥0.60,$0.17,,Prepared Neophyte UNL-004/219 Foiled CN ¥0.60 EN $0.17
2026-09-02T19:40:59+00:00,https://bilgewatermarket.com/cards,Prepared Neophyte,nonfoil,0.04,https://bilgewatermarket.com/cards/UNL-004,normal,https://bilgewatermarket.com/assets/UNL-004-EN-X8qOqNsB.webp,¥0.50,$0.04,,Prepared Neophyte UNL-004/219 CN ¥0.50 EN $0.04
2026-09-02T19:40:59+00:00,https://bilgewatermarket.com/cards,Revna the Lorekeeper,foil,0.14,https://bilgewatermarket.com/cards/UNL-005?print_variation=foiled,foiled,https://bilgewatermarket.com/assets/UNL-005-EN-ClM8yEo9.webp,¥0.50,$0.14,,Revna the Lorekeeper UNL-005/219 Foiled CN ¥0.50 EN $0.14
2026-09-02T19:40:59+00:00,https://bilgewatermarket.com/cards,Revna the Lorekeeper,nonfoil,0.03,https://bilgewatermarket.com/cards/UNL-005,normal,https://bilgewatermarket.com/assets/UNL-005-EN-ClM8yEo9.webp,¥0.50,$0.03,,Revna the Lorekeeper UNL-005/219 CN ¥0.50 EN $0.03
2026-09-02T19:40:59+00:00,https://bilgewatermarket.com/cards,Sharkling,foil,0.24,https://bilgewatermarket.com/cards/UNL-006?print_variation=foiled,foiled,https://bilgewatermarket.com/assets/UNL-006-EN-DlvuPfs1.webp,¥0.53,$0.24,,Sharkling UNL-006/219 Foiled CN ¥0.53 EN $0.24
2026-09-02T19:40:59+00:00,https://bilgewatermarket.com/cards,Sharkling,nonfoil,0.07,https://bilgewatermarket.com/cards/UNL-006,normal,https://bilgewatermarket.com/assets/UNL-006-EN-DlvuPfs1.webp,¥0.53,$0.07,,Sharkling UNL-006/219 CN ¥0.53 EN $0.07
2026-09-02T19:40:59+00:00,https://bilgewatermarket.com/cards,Smite,foil,0.18,https://bilgewatermarket.com/cards/UNL-007?print_variation=foiled,foiled,https://bilgewatermarket.com/assets/UNL-007-EN-D42dcdUi.webp,¥1.22,$0.18,,Smite UNL-007/219 Foiled CN ¥1.22 EN $0.18
2026-09-02T19:40:59+00:00,https://bilgewatermarket.com/cards,Smite,nonfoil,0.07,https://bilgewatermarket.com/cards/UNL-007,normal,https://bilgewatermarket.com/assets/UNL-007-EN-D42dcdUi.webp,¥0.50,$0.07,,Smite UNL-007/219 CN ¥0.50 EN $0.07
2026-09-02T19:40:59+00:00,https://bilgewatermarket.com/cards,Towering Pairofant,foil,0.07,https://bilgewatermarket.com/cards/UNL-008?print_variation=foiled,foiled,https://bilgewatermarket.com/assets/UNL-008-EN-D-2Dad2f.webp,¥0.50,$0.07,,Towering Pairofant UNL-008/219 Foiled CN ¥0.50 EN $0.07
2026-09-02T19:40:59+00:00,https://bilgewatermarket.com/cards,Towering Pairofant,nonfoil,0.03,https://bilgewatermarket.com/cards/UNL-008,normal,https://bilgewatermarket.com/assets/UNL-008-EN-D-2Dad2f.webp,¥0.50,$0.03,,Towering Pairofant UNL-008/219 CN ¥0.50 EN $0.03
2026-09-02T19:40:59+00:00,https://bilgewatermarket.com/cards,Upstage Comedy,foil,0.26,https://bilgewatermarket.com/cards/UNL-009?print_variation=foiled,foiled,https://bilgewatermarket.com/assets/UNL-009-EN-D8P6CA8o.webp,¥0.96,$0.26,,Upstage Comedy UNL-009/219 Foiled CN ¥0.96 EN $0.26
2026-09-02T19:40:59+00:00,https://bilgewatermarket.com/cards,Upstage Comedy,nonfoil,0.11,https://bilgewatermarket.com/cards/UNL-009,normal,https://bilgewatermarket.com/assets/UNL-009-EN-D8P6CA8o.webp,¥0.50,$0.11,,Upstage Comedy UNL-009/219 CN ¥0.50 EN $0.11
2026-09-02T19:40:59+00:00,https://bilgewatermarket.com/cards,Vault Breaker,foil,0.22,https://bilgewatermarket.com/cards/UNL-010?print_variation=foiled,foiled,https://bilgewatermarket.com/assets/UNL-010-EN-DIJopLyy.webp,¥0.54,$0.22,,Vault Breaker UNL-010/219 Foiled CN ¥0.54 EN $0.22
2026-09-02T19:40:59+00:00,https://bilgewatermarket.com/cards,Vault Breaker,nonfoil,0.07,https://bilgewatermarket.com/cards/UNL-010,normal,https://bilgewatermarket.com/assets/UNL-010-EN-DIJopLyy.webp,¥0.50,$0.07,,Vault Breaker UNL-010/219 CN ¥0.50 EN $0.07
2026-09-02T19:40:59+00:00,https://bilgewatermarket.com/cards,Fresh Beans,foil,0.21,https://bilgewatermarket.com/cards/UNL-011?print_variation=foiled,foiled,https://bilgewatermarket.com/assets/UNL-011-EN-Pl-7Kky-.webp,¥0.99,$0.21,,Fresh Beans UNL-011/219 Foiled CN ¥0.99 EN $0.21
2026-09-02T19:40:59+00:00,https://bilgewatermarket.com/cards,Fresh Beans,nonfoil,0.08,https://bilgewatermarket.com/cards/UNL-011,normal,https://bilgewatermarket.com/assets/UNL-011-EN-Pl-7Kky-.webp,¥0.64,$0.08,,Fresh Beans UNL-011/219 CN ¥0.64 EN $0.08
2026-09-02T19:40:59+00:00,https://bilgewatermarket.com/cards,Lord Broadmane,foil,0.26,https://bilgewatermarket.com/cards/UNL-012?print_variation=foiled,foiled,https://bilgewatermarket.com/assets/UNL-012-EN-DKMRS0b6.webp,¥0.51,$0.26,,Lord Broadmane UNL-012/219 Foiled CN ¥0.51 EN $0.26
2026-09-02T19:40:59+00:00,https://bilgewatermarket.com/cards,Lord Broadmane,nonfoil,0.06,https://bilgewatermarket.com/cards/UNL-012,normal,https://bilgewatermarket.com/assets/UNL-012-EN-DKMRS0b6.webp,¥0.50,$0.06,,Lord Broadmane UNL-012/219 CN ¥0.50 EN $0.06
2026-09-02T19:40:59+00:00,https://bilgewatermarket.com/cards,Lotus Trap,foil,0.42,https://bilgewatermarket.com/cards/UNL-013?print_variation=foiled,foiled,https://bilgewatermarket.com/assets/UNL-013-EN-u80gWiY-.webp,¥0.74,$0.42,,Lotus Trap UNL-013/219 Foiled CN ¥0.74 EN $0.42
2026-09-02T19:40:59+00:00,https://bilgewatermarket.com/cards,Lotus Trap,nonfoil,0.17,https://bilgewatermarket.com/cards/UNL-013,normal,https://bilgewatermarket.com/assets/UNL-013-EN-u80gWiY-.webp,¥0.50,$0.17,,Lotus Trap UNL-013/219 CN ¥0.50 EN $0.17
2026-09-02T19:40:59+00:00,https://bilgewatermarket.com/cards,Monster Harpoon,foil,0.32,https://bilgewatermarket.com/cards/UNL-014?print_variation=foiled,foiled,https://bilgewatermarket.com/assets/UNL-014-EN-CaUBxiqe.webp,¥0.51,$0.32,,Monster Harpoon UNL-014/219 Foiled CN ¥0.51 EN $0.32
2026-09-02T19:40:59+00:00,https://bilgewatermarket.com/cards,Monster Harpoon,nonfoil,0.08,https://bilgewatermarket.com/cards/UNL-014,normal,https://bilgewatermarket.com/assets/UNL-014-EN-CaUBxiqe.webp,¥0.50,$0.08,,Monster Harpoon UNL-014/219 CN ¥0.50 EN $0.08
2026-09-02T19:40:59+00:00,https://bilgewatermarket.com/cards,Right of Conquest,foil,0.35,https://bilgewatermarket.com/cards/UNL-015?print_variation=foiled,foiled,https://bilgewatermarket.com/assets/UNL-015-EN-B42EzyGF.webp,¥0.88,$0.35,,Right of Conquest UNL-015/219 Foiled CN ¥0.88 EN $0.35
2026-09-02T19:40:59+00:00,https://bilgewatermarket.com/cards,Right of Conquest,nonfoil,0.07,https://bilgewatermarket.com/cards/UNL-015,normal,https://bilgewatermarket.com/assets/UNL-015-EN-B42EzyGF.webp,¥0.52,$0.07,,Right of Conquest UNL-015/219 CN ¥0.52 EN $0.07
2026-09-02T19:40:59+00:00,https://bilgewatermarket.com/cards,Scorchclaw,foil,0.18,https://bilgewatermarket.com/cards/UNL-016?print_variation=foiled,foiled,https://bilgewatermarket.com/assets/UNL-016-EN-3OZO5Mlz.webp,¥0.54,$0.18,,Scorchclaw UNL-016/219 Foiled CN ¥0.54 EN $0.18
2026-09-02T19:40:59+00:00,https://bilgewatermarket.com/cards,Scorchclaw,nonfoil,0.06,https://bilgewatermarket.com/cards/UNL-016,normal,https://bilgewatermarket.com/assets/UNL-016-EN-3OZO5Mlz.webp,¥0.50,$0.06,,Scorchclaw UNL-016/219 CN ¥0.50 EN $0.06
2026-09-02T19:40:59+00:00,https://bilgewatermarket.com/cards,Square Up,foil,0.43,https://bilgewatermarket.com/cards/UNL-017?print_variation=foiled,foiled,https://bilgewatermarket.com/assets/UNL-017-EN-CPM767zB.webp,¥1.98,$0.43,,Square Up UNL-017/219 Foiled CN ¥1.98 EN $0.43
2026-09-02T19:40:59+00:00,https://bilgewatermarket.com/cards,Square Up,nonfoil,0.10,https://bilgewatermarket.com/cards/UNL-017,normal,https://bilgewatermarket.com/assets/UNL-017-EN-CPM767zB.webp,¥0.52,$0.10,,Square Up UNL-017/219 CN ¥0.52 EN $0.10
2026-09-02T19:40:59+00:00,https://bilgewatermarket.com/cards,Yeti Brawler,foil,0.26,https://bilgewatermarket.com/cards/UNL-018?print_variation=foiled,foiled,https://bilgewatermarket.com/assets/UNL-018-EN-BB0id8KZ.webp,¥0.51,$0.26,,Yeti Brawler UNL-018/219 Foiled CN ¥0.51 EN $0.26
2026-09-02T19:40:59+00:00,https://bilgewatermarket.com/cards,Yeti Brawler,nonfoil,0.06,https://bilgewatermarket.com/cards/UNL-018,normal,https://bilgewatermarket.com/assets/UNL-018-EN-BB0id8KZ.webp,¥0.50,$0.06,,Yeti Brawler UNL-018/219 CN ¥0.50 EN $0.06
2026-09-02T19:40:59+00:00,https://bilgewatermarket.com/cards,Blighted Battleaxe,nonfoil,0.32,https://bilgewatermarket.com/cards/UNL-019,normal,https://bilgewatermarket.com/assets/UNL-019-EN-IfLOj2YF.webp,¥0.64,$0.32,,Blighted Battleaxe UNL-019/219 CN ¥0.64 EN $0.32
2026-09-02T19:40:59+00:00,https://bilgewatermarket.com/cards,Dancing Grenade,nonfoil,0.15,https://bilgewatermarket.com/cards/UNL-020,normal,https://bilgewatermarket.com/assets/UNL-020-EN-BG6DrdpA.webp,¥0.55,$0.15,,Dancing Grenade UNL-020/219 CN ¥0.55 EN $0.15
2026-09-02T19:40:59+00:00,https://bilgewatermarket.com/cards,Grim Apothecary,nonfoil,0.25,https://bilgewatermarket.com/cards/UNL-021,normal,https://bilgewatermarket.com/assets/UNL-021-EN-FBB4bbd0.webp,¥0.65,$0.25,,Grim Apothecary UNL-021/219 CN ¥0.65 EN $0.25
2026-09-02T19:40:59+00:00,https://bilgewatermarket.com/cards,"Jhin, Murderous Artist",nonfoil,0.35,https://bilgewatermarket.com/cards/UNL-022,normal,https://bilgewatermarket.com/assets/UNL-022-EN-n-k2I53n.webp,¥1.08,$0.35,,"Jhin, Murderous Artist UNL-022/219 CN ¥1.08 EN $0.35"
2026-09-02T19:40:59+00:00,https://bilgewatermarket.com/cards,"Jhin, Murderous Artist",nonfoil,8.32,https://bilgewatermarket.com/cards/UNL-022a?print_variation=showcase,showcase,https://bilgewatermarket.com/assets/UNL-022A-EN-CbrHneV0.webp,¥16.00,$8.32,,"Jhin, Murderous Artist UNL-022A/219 Showcase CN ¥16.00 EN $8.32"
2026-09-02T19:40:59+00:00,https://bilgewatermarket.com/cards,"Katarina, Reckless",nonfoil,0.21,https://bilgewatermarket.com/cards/UNL-023,normal,https://bilgewatermarket.com/assets/UNL-023-EN-CIpViq7N.webp,¥0.53,$0.21,,"Katarina, Reckless UNL-023/219 CN ¥0.53 EN $0.21"
2026-09-02T19:40:59+00:00,https://bilgewatermarket.com/cards,"Rengar, Unseen",nonfoil,0.31,https://bilgewatermarket.com/cards/UNL-024,normal,https://bilgewatermarket.com/assets/UNL-024-EN-CYpxJxUB.webp,¥0.93,$0.31,,"Rengar, Unseen UNL-024/219 CN ¥0.93 EN $0.31"
2026-09-02T19:40:59+00:00,https://bilgewatermarket.com/cards,"Rengar, Unseen",nonfoil,3.27,https://bilgewatermarket.com/cards/UNL-024a?print_variation=showcase,showcase,https://bilgewatermarket.com/assets/UNL-024a-EN-CkIZ_u3T.webp,¥4.48,$3.27,,"Rengar, Unseen UNL-024A/219 Showcase CN ¥4.48 EN $3.27"
2026-09-02T19:40:59+00:00,https://bilgewatermarket.com/cards,Undying Legion,nonfoil,0.15,https://bilgewatermarket.com/cards/UNL-025,normal,https://bilgewatermarket.com/assets/UNL-025-EN-BRINnkPv.webp,¥0.54,$0.15,,Undying Legion UNL-025/219 CN ¥0.54 EN $0.15
2026-09-02T19:40:59+00:00,https://bilgewatermarket.com/cards,"Xerath, Freed",nonfoil,0.14,https://bilgewatermarket.com/cards/UNL-026,normal,https://bilgewatermarket.com/assets/UNL-026-EN-BY-wSYk2.webp,¥0.51,$0.14,,"Xerath, Freed UNL-026/219 CN ¥0.51 EN $0.14"
2026-09-02T19:40:59+00:00,https://bilgewatermarket.com/cards,Inviolus Vox,nonfoil,0.58,https://bilgewatermarket.com/cards/UNL-027,normal,https://bilgewatermarket.com/assets/UNL-027-EN-H2fXIwNC.webp,¥1.44,$0.58,,Inviolus Vox UNL-027/219 CN ¥1.44 EN $0.58
2026-09-02T19:40:59+00:00,https://bilgewatermarket.com/cards,"Pyke, Dockside Butcher",nonfoil,16.05,https://bilgewatermarket.com/cards/UNL-028,normal,https://bilgewatermarket.com/assets/UNL-028-EN-SI5gVsXO.webp,¥10.51,$16.05,,"Pyke, Dockside Butcher UNL-028/219 CN ¥10.51 EN $16.05"
2026-09-02T19:40:59+00:00,https://bilgewatermarket.com/cards,"Pyke, Dockside Butcher",nonfoil,18.47,https://bilgewatermarket.com/cards/UNL-028a?print_variation=showcase,showcase,https://bilgewatermarket.com/assets/UNL-028a-EN-CfVRuC65.webp,¥18.87,$18.47,,"Pyke, Dockside Butcher UNL-028A/219 Showcase CN ¥18.87 EN $18.47"
2026-09-02T19:40:59+00:00,https://bilgewatermarket.com/cards,Red Brambleback,nonfoil,0.72,https://bilgewatermarket.com/cards/UNL-029,normal,https://bilgewatermarket.com/assets/UNL-029-EN-DXGcHPC8.webp,¥1.74,$0.72,,Red Brambleback UNL-029/219 CN ¥1.74 EN $0.72
2026-09-02T19:40:59+00:00,https://bilgewatermarket.com/cards,Red Brambleback,nonfoil,2.44,https://bilgewatermarket.com/cards/UNL-029a?print_variation=showcase,showcase,https://bilgewatermarket.com/assets/UNL-029a-EN-DjTliYJa.webp,¥4.15,$2.44,,Red Brambleback UNL-029A/219 Showcase CN ¥4.15 EN $2.44
2026-09-02T19:40:59+00:00,https://bilgewatermarket.com/cards,"Vi, Hotheaded",nonfoil,0.43,https://bilgewatermarket.com/cards/UNL-030,normal,https://bilgewatermarket.com/assets/UNL-030-EN-DbsfM_ea.webp,¥1.42,$0.43,,"Vi, Hotheaded UNL-030/219 CN ¥1.42 EN $0.43"
2026-09-02T19:40:59+00:00,https://bilgewatermarket.com/cards,"Vi, Hotheaded",nonfoil,3.15,https://bilgewatermarket.com/cards/UNL-030a?print_variation=showcase,showcase,https://bilgewatermarket.com/assets/UNL-030A-EN-Dq_3Nz_A.webp,¥3.04,$3.15,,"Vi, Hotheaded UNL-030A/219 Showcase CN ¥3.04 EN $3.15"
2026-09-02T19:40:59+00:00,https://bilgewatermarket.com/cards,Combat Experience,foil,0.12,https://bilgewatermarket.com/cards/UNL-031?print_variation=foiled,foiled,https://bilgewatermarket.com/assets/UNL-031-EN-DcNCiolo.webp,¥0.52,$0.12,,Combat Experience UNL-031/219 Foiled CN ¥0.52 EN $0.12
2026-09-02T19:40:59+00:00,https://bilgewatermarket.com/cards,Combat Experience,nonfoil,0.06,https://bilgewatermarket.com/cards/UNL-031,normal,https://bilgewatermarket.com/assets/UNL-031-EN-DcNCiolo.webp,¥0.50,$0.06,,Combat Experience UNL-031/219 CN ¥0.50 EN $0.06
2026-09-02T19:40:59+00:00,https://bilgewatermarket.com/cards,Double Trouble,foil,0.15,https://bilgewatermarket.com/cards/UNL-032?print_variation=foiled,foiled,https://bilgewatermarket.com/assets/UNL-032-EN-BOjYPd6q.webp,¥0.51,$0.15,,Double Trouble UNL-032/219 Foiled CN ¥0.51 EN $0.15
2026-09-02T19:40:59+00:00,https://bilgewatermarket.com/cards,Double Trouble,nonfoil,0.05,https://bilgewatermarket.com/cards/UNL-032,normal,https://bilgewatermarket.com/assets/UNL-032-EN-BOjYPd6q.webp,¥0.50,$0.05,,Double Trouble UNL-032/219 CN ¥0.50 EN $0.05
2026-09-02T19:40:59+00:00,https://bilgewatermarket.com/cards,Frisky Hunter,foil,0.23,https://bilgewatermarket.com/cards/UNL-033?print_variation=foiled,foiled,https://bilgewatermarket.com/assets/UNL-033-EN-BKds2bYj.webp,¥0.95,$0.23,,Frisky Hunter UNL-033/219 Foiled CN ¥0.95 EN $0.23
2026-09-02T19:40:59+00:00,https://bilgewatermarket.com/cards,Frisky Hunter,nonfoil,0.07,https://bilgewatermarket.com/cards/UNL-033,normal,https://bilgewatermarket.com/assets/UNL-033-EN-BKds2bYj.webp,¥0.50,$0.07,,Frisky Hunter UNL-033/219 CN ¥0.50 EN $0.07
2026-09-02T19:40:59+00:00,https://bilgewatermarket.com/cards,Herald of Spring,foil,0.10,https://bilgewatermarket.com/cards/UNL-034?print_variation=foiled,foiled,https://bilgewatermarket.com/assets/UNL-034-EN-Ck9gji2L.webp,¥0.80,$0.10,,Herald of Spring UNL-034/219 Foiled CN ¥0.80 EN $0.10
2026-09-02T19:40:59+00:00,https://bilgewatermarket.com/cards,Herald of Spring,nonfoil,0.04,https://bilgewatermarket.com/cards/UNL-034,normal,https://bilgewatermarket.com/assets/UNL-034-EN-Ck9gji2L.webp,¥0.50,$0.04,,Herald of Spring UNL-034/219 CN ¥0.50 EN $0.04
2026-09-02T19:40:59+00:00,https://bilgewatermarket.com/cards,Monch,foil,0.15,https://bilgewatermarket.com/cards/UNL-035?print_variation=foiled,foiled,https://bilgewatermarket.com/assets/UNL-035-EN-uM_-uM0w.webp,¥0.53,$0.15,,Monch UNL-035/219 Foiled CN ¥0.53 EN $0.15
2026-09-02T19:40:59+00:00,https://bilgewatermarket.com/cards,Monch,nonfoil,0.03,https://bilgewatermarket.com/cards/UNL-035,normal,https://bilgewatermarket.com/assets/UNL-035-EN-uM_-uM0w.webp,¥0.50,$0.03,,Monch UNL-035/219 CN ¥0.50 EN $0.03
2026-09-02T19:40:59+00:00,https://bilgewatermarket.com/cards,Mutated Mouser,foil,0.22,https://bilgewatermarket.com/cards/UNL-036?print_variation=foiled,foiled,https://bilgewatermarket.com/assets/UNL-036-EN-Bku3wAWV.webp,¥1.38,$0.22,,Mutated Mouser UNL-036/219 Foiled CN ¥1.38 EN $0.22
2026-09-02T19:40:59+00:00,https://bilgewatermarket.com/cards,Mutated Mouser,nonfoil,0.06,https://bilgewatermarket.com/cards/UNL-036,normal,https://bilgewatermarket.com/assets/UNL-036-EN-Bku3wAWV.webp,¥0.51,$0.06,,Mutated Mouser UNL-036/219 CN ¥0.51 EN $0.06
2026-09-02T19:40:59+00:00,https://bilgewatermarket.com/cards,Shadow Watcher,foil,0.14,https://bilgewatermarket.com/cards/UNL-037?print_variation=foiled,foiled,https://bilgewatermarket.com/assets/UNL-037-EN-DJxe6NSs.webp,¥0.50,$0.14,,Shadow Watcher UNL-037/219 Foiled CN ¥0.50 EN $0.14
2026-09-02T19:40:59+00:00,https://bilgewatermarket.com/cards,Shadow Watcher,nonfoil,0.04,https://bilgewatermarket.com/cards/UNL-037,normal,https://bilgewatermarket.com/assets/UNL-037-EN-DJxe6NSs.webp,¥0.50,$0.04,,Shadow Watcher UNL-037/219 CN ¥0.50 EN $0.04
2026-09-02T19:40:59+00:00,https://bilgewatermarket.com/cards,Skyward Strike,foil,0.19,https://bilgewatermarket.com/cards/UNL-038?print_variation=foiled,foiled,https://bilgewatermarket.com/assets/UNL-038-EN-Db8QhD6T.webp,¥0.92,$0.19,,Skyward Strike UNL-038/219 Foiled CN ¥0.92 EN $0.19
2026-09-02T19:40:59+00:00,https://bilgewatermarket.com/cards,Skyward Strike,nonfoil,0.08,https://bilgewatermarket.com/cards/UNL-038,normal,https://bilgewatermarket.com/assets/UNL-038-EN-Db8QhD6T.webp,¥0.50,$0.08,,Skyward Strike UNL-038/219 CN ¥0.50 EN $0.08
2026-09-02T19:40:59+00:00,https://bilgewatermarket.com/cards,Soul Sword,foil,0.31,https://bilgewatermarket.com/cards/UNL-039?print_variation=foiled,foiled,https://bilgewatermarket.com/assets/UNL-039-EN-LuonHqwB.webp,¥0.96,$0.31,,Soul Sword UNL-039/219 Foiled CN ¥0.96 EN $0.31
2026-09-02T19:40:59+00:00,https://bilgewatermarket.com/cards,Soul Sword,nonfoil,0.09,https://bilgewatermarket.com/cards/UNL-039,normal,https://bilgewatermarket.com/assets/UNL-039-EN-LuonHqwB.webp,¥0.50,$0.09,,Soul Sword UNL-039/219 CN ¥0.50 EN $0.09
2026-09-02T19:40:59+00:00,https://bilgewatermarket.com/cards,Wuju Apprentice,foil,0.16,https://bilgewatermarket.com/cards/UNL-040?print_variation=foiled,foiled,https://bilgewatermarket.com/assets/UNL-040-EN-DVqrXEo3.webp,¥0.97,$0.16,,Wuju Apprentice UNL-040/219 Foiled CN ¥0.97 EN $0.16
2026-09-02T19:40:59+00:00,https://bilgewatermarket.com/cards,Wuju Apprentice,nonfoil,0.07,https://bilgewatermarket.com/cards/UNL-040,normal,https://bilgewatermarket.com/assets/UNL-040-EN-DVqrXEo3.webp,¥0.50,$0.07,,Wuju Apprentice UNL-040/219 CN ¥0.50 EN $0.07
2026-09-02T19:40:59+00:00,https://bilgewatermarket.com/cards,"Allay, Eager Admirer",foil,0.44,https://bilgewatermarket.com/cards/UNL-041?print_variation=foiled,foiled,https://bilgewatermarket.com/assets/UNL-041-EN-NXNqRn-y.webp,¥1.51,$0.44,,"Allay, Eager Admirer UNL-041/219 Foiled CN ¥1.51 EN $0.44"
2026-09-02T19:40:59+00:00,https://bilgewatermarket.com/cards,"Allay, Eager Admirer",nonfoil,0.12,https://bilgewatermarket.com/cards/UNL-041,normal,https://bilgewatermarket.com/assets/UNL-041-EN-NXNqRn-y.webp,¥0.54,$0.12,,"Allay, Eager Admirer UNL-041/219 CN ¥0.54 EN $0.12"
2026-09-02T19:40:59+00:00,https://bilgewatermarket.com/cards,Back Off,foil,1.29,https://bilgewatermarket.com/cards/UNL-042?print_variation=foiled,foiled,https://bilgewatermarket.com/assets/UNL-042-EN-Buern1l2.webp,¥4.94,$1.29,,Back Off UNL-042/219 Foiled CN ¥4.94 EN $1.29
2026-09-02T19:40:59+00:00,https://bilgewatermarket.com/cards,Back Off,nonfoil,0.21,https://bilgewatermarket.com/cards/UNL-042,normal,https://bilgewatermarket.com/assets/UNL-042-EN-Buern1l2.webp,¥2.04,$0.21,,Back Off UNL-042/219 CN ¥2.04 EN $0.21
2026-09-02T19:40:59+00:00,https://bilgewatermarket.com/cards,Enthusiastic Promoter,foil,0.22,https://bilgewatermarket.com/cards/UNL-043?print_variation=foiled,foiled,https://bilgewatermarket.com/assets/UNL-043-EN-Rhl5y_aE.webp,¥0.50,$0.22,,Enthusiastic Promoter UNL-043/219 Foiled CN ¥0.50 EN $0.22
2026-09-02T19:40:59+00:00,https://bilgewatermarket.com/cards,Enthusiastic Promoter,nonfoil,0.07,https://bilgewatermarket.com/cards/UNL-043,normal,https://bilgewatermarket.com/assets/UNL-043-EN-Rhl5y_aE.webp,¥0.50,$0.07,,Enthusiastic Promoter UNL-043/219 CN ¥0.50 EN $0.07
2026-09-02T19:40:59+00:00,https://bilgewatermarket.com/cards,Flurry of Feathers,foil,0.46,https://bilgewatermarket.com/cards/UNL-044?print_variation=foiled,foiled,https://bilgewatermarket.com/assets/UNL-044-EN-0dmkpnLh.webp,¥2.49,$0.46,,Flurry of Feathers UNL-044/219 Foiled CN ¥2.49 EN $0.46
2026-09-02T19:40:59+00:00,https://bilgewatermarket.com/cards,Flurry of Feathers,nonfoil,0.17,https://bilgewatermarket.com/cards/UNL-044,normal,https://bilgewatermarket.com/assets/UNL-044-EN-0dmkpnLh.webp,¥0.96,$0.17,,Flurry of Feathers UNL-044/219 CN ¥0.96 EN $0.17
2026-09-02T19:40:59+00:00,https://bilgewatermarket.com/cards,Forgotten Signpost,foil,0.38,https://bilgewatermarket.com/cards/UNL-045?print_variation=foiled,foiled,https://bilgewatermarket.com/assets/UNL-045-EN-COEbARo5.webp,¥0.93,$0.38,,Forgotten Signpost UNL-045/219 Foiled CN ¥0.93 EN $0.38
2026-09-02T19:40:59+00:00,https://bilgewatermarket.com/cards,Forgotten Signpost,nonfoil,0.16,https://bilgewatermarket.com/cards/UNL-045,normal,https://bilgewatermarket.com/assets/UNL-045-EN-COEbARo5.webp,¥0.57,$0.16,,Forgotten Signpost UNL-045/219 CN ¥0.57 EN $0.16
2026-09-02T19:40:59+00:00,https://bilgewatermarket.com/cards,Friendship,foil,0.39,https://bilgewatermarket.com/cards/UNL-046?print_variation=foiled,foiled,https://bilgewatermarket.com/assets/UNL-046-EN-BW2olehp.webp,¥1.30,$0.39,,Friendship UNL-046/219 Foiled CN ¥1.30 EN $0.39
2026-09-02T19:40:59+00:00,https://bilgewatermarket.com/cards,Friendship,nonfoil,0.15,https://bilgewatermarket.com/cards/UNL-046,normal,https://bilgewatermarket.com/assets/UNL-046-EN-BW2olehp.webp,¥0.59,$0.15,,Friendship UNL-046/219 CN ¥0.59 EN $0.15
2026-09-02T19:40:59+00:00,https://bilgewatermarket.com/cards,Mosstomper,foil,0.29,https://bilgewatermarket.com/cards/UNL-047?print_variation=foiled,foiled,https://bilgewatermarket.com/assets/UNL-047-EN-By0s-ZLa.webp,¥0.50,$0.29,,Mosstomper UNL-047/219 Foiled CN ¥0.50 EN $0.29
2026-09-02T19:40:59+00:00,https://bilgewatermarket.com/cards,Mosstomper,nonfoil,0.09,https://bilgewatermarket.com/cards/UNL-047,normal,https://bilgewatermarket.com/assets/UNL-047-EN-By0s-ZLa.webp,¥0.50,$0.09,,Mosstomper UNL-047/219 CN ¥0.50 EN $0.09
2026-09-02T19:40:59+00:00,https://bilgewatermarket.com/cards,Trevor Snoozebottom,foil,0.21,https://bilgewatermarket.com/cards/UNL-048?print_variation=foiled,foiled,https://bilgewatermarket.com/assets/UNL-048-EN-BId4iV5T.webp,¥1.36,$0.21,,Trevor Snoozebottom UNL-048/219 Foiled CN ¥1.36 EN $0.21
2026-09-02T19:40:59+00:00,https://bilgewatermarket.com/cards,Trevor Snoozebottom,nonfoil,0.09,https://bilgewatermarket.com/cards/UNL-048,normal,https://bilgewatermarket.com/assets/UNL-048-EN-BId4iV5T.webp,¥0.55,$0.09,,Trevor Snoozebottom UNL-048/219 CN ¥0.55 EN $0.09
2026-09-02T19:40:59+00:00,https://bilgewatermarket.com/cards,Honeyfruit,nonfoil,0.17,https://bilgewatermarket.com/cards/UNL-049,normal,https://bilgewatermarket.com/assets/UNL-049-EN-BKOQBB8R.webp,¥1.09,$0.17,,Honeyfruit UNL-049/219 CN ¥1.09 EN $0.17
2026-09-02T19:40:59+00:00,https://bilgewatermarket.com/cards,Iascylla,nonfoil,0.10,https://bilgewatermarket.com/cards/UNL-050,normal,https://bilgewatermarket.com/assets/UNL-050-EN-BjvNso48.webp,¥0.50,$0.10,,Iascylla UNL-050/219 CN ¥0.50 EN $0.10
2026-09-02T19:40:59+00:00,https://bilgewatermarket.com/cards,"Ivern, Nurturer",nonfoil,0.19,https://bilgewatermarket.com/cards/UNL-051,normal,https://bilgewatermarket.com/assets/UNL-051-EN-Do8PHT-3.webp,¥0.58,$0.19,,"Ivern, Nurturer UNL-051/219 CN ¥0.58 EN $0.19"
2026-09-02T19:40:59+00:00,https://bilgewatermarket.com/cards,"Ivern, Nurturer",nonfoil,1.59,https://bilgewatermarket.com/cards/UNL-051a?print_variation=showcase,showcase,https://bilgewatermarket.com/assets/UNL-051A-EN-LSfJSKRl.webp,¥1.97,$1.59,,"Ivern, Nurturer UNL-051A/219 Showcase CN ¥1.97 EN $1.59"
2026-09-02T19:40:59+00:00,https://bilgewatermarket.com/cards,"Nami, Headstrong",nonfoil,0.38,https://bilgewatermarket.com/cards/UNL-052,normal,https://bilgewatermarket.com/assets/UNL-052-EN-C3Cxj-wz.webp,¥1.10,$0.38,,"Nami, Headstrong UNL-052/219 CN ¥1.10 EN $0.38"
2026-09-02T19:40:59+00:00,https://bilgewatermarket.com/cards,Scuttle Crab,nonfoil,3.96,https://bilgewatermarket.com/cards/UNL-053,normal,https://bilgewatermarket.com/assets/UNL-053-EN-B_4pY2K1.webp,¥14.20,$3.96,,Scuttle Crab UNL-053/219 CN ¥14.20 EN $3.96
2026-09-02T19:40:59+00:00,https://bilgewatermarket.com/cards,Tricksy Tentacles,nonfoil,0.18,https://bilgewatermarket.com/cards/UNL-054,normal,https://bilgewatermarket.com/assets/UNL-054-EN-a_y_-az3.webp,¥0.83,$0.18,,Tricksy Tentacles UNL-054/219 CN ¥0.83 EN $0.18
2026-09-02T19:40:59+00:00,https://bilgewatermarket.com/cards,"Vex, Mocking",nonfoil,0.19,https://bilgewatermarket.com/cards/UNL-055,normal,https://bilgewatermarket.com/assets/UNL-055-EN-Bm-HvfJO.webp,¥0.64,$0.19,,"Vex, Mocking UNL-055/219 CN ¥0.64 EN $0.19"
2026-09-02T19:40:59+00:00,https://bilgewatermarket.com/cards,"Vex, Mocking",nonfoil,2.05,https://bilgewatermarket.com/cards/UNL-055a?print_variation=showcase,showcase,https://bilgewatermarket.com/assets/UNL-055a-EN-CY2pbK3d.webp,¥3.97,$2.05,,"Vex, Mocking UNL-055A/219 Showcase CN ¥3.97 EN $2.05"
2026-09-02T19:40:59+00:00,https://bilgewatermarket.com/cards,"Yuumi, Magical Cat",nonfoil,0.16,https://bilgewatermarket.com/cards/UNL-056,normal,https://bilgewatermarket.com/assets/UNL-056-EN-B1w1m3yk.webp,¥0.75,$0.16,,"Yuumi, Magical Cat UNL-056/219 CN ¥0.75 EN $0.16"
2026-09-02T19:40:59+00:00,https://bilgewatermarket.com/cards,Alpha Wildclaw,nonfoil,0.52,https://bilgewatermarket.com/cards/UNL-057,normal,https://bilgewatermarket.com/assets/UNL-057-EN-C74Gh3Ub.webp,¥4.76,$0.52,,Alpha Wildclaw UNL-057/219 CN ¥4.76 EN $0.52
2026-09-02T19:40:59+00:00,https://bilgewatermarket.com/cards,"Lillia, Protector of Dreams",nonfoil,0.68,https://bilgewatermarket.com/cards/UNL-058,normal,https://bilgewatermarket.com/assets/UNL-058-EN-BcGzJVH9.webp,¥1.33,$0.68,,"Lillia, Protector of Dreams UNL-058/219 CN ¥1.33 EN $0.68"
2026-09-02T19:40:59+00:00,https://bilgewatermarket.com/cards,"Lillia, Protector of Dreams",nonfoil,6.52,https://bilgewatermarket.com/cards/UNL-058a?print_variation=showcase,showcase,https://bilgewatermarket.com/assets/UNL-058A-EN-CG9hoIX4.webp,¥4.64,$6.52,,"Lillia, Protector of Dreams UNL-058A/219 Showcase CN ¥4.64 EN $6.52"
2026-09-02T19:40:59+00:00,https://bilgewatermarket.com/cards,"Master Yi, Unstoppable",nonfoil,1.07,https://bilgewatermarket.com/cards/UNL-059,normal,https://bilgewatermarket.com/assets/UNL-059-EN-Dk7qRV9R.webp,¥4.15,$1.07,,"Master Yi, Unstoppable UNL-059/219 CN ¥4.15 EN $1.07"
2026-09-02T19:40:59+00:00,https://bilgewatermarket.com/cards,"Master Yi, Unstoppable",nonfoil,3.53,https://bilgewatermarket.com/cards/UNL-059a?print_variation=showcase,showcase,https://bilgewatermarket.com/assets/UNL-059A-EN-CQk9HuBe.webp,¥12.50,$3.53,,"Master Yi, Unstoppable UNL-059A/219 Showcase CN ¥12.50 EN $3.53"
2026-09-02T19:40:59+00:00,https://bilgewatermarket.com/cards,Vilemaw,nonfoil,23.22,https://bilgewatermarket.com/cards/UNL-060,normal,https://bilgewatermarket.com/assets/UNL-060-EN-BUcVHge1.webp,¥38.45,$23.22,,Vilemaw UNL-060/219 CN ¥38.45 EN $23.22
2026-09-02T19:40:59+00:00,https://bilgewatermarket.com/cards,Vilemaw,nonfoil,26.28,https://bilgewatermarket.com/cards/UNL-060a?print_variation=showcase,showcase,https://bilgewatermarket.com/assets/UNL-060A-EN-BCQMqWKV.webp,¥50.21,$26.28,,Vilemaw UNL-060A/219 Showcase CN ¥50.21 EN $26.28
2026-09-02T19:40:59+00:00,https://bilgewatermarket.com/cards,Downstage Dramatics,foil,0.27,https://bilgewatermarket.com/cards/UNL-061?print_variation=foiled,foiled,https://bilgewatermarket.com/assets/UNL-061-EN-tm1hOwmc.webp,¥0.95,$0.27,,Downstage Dramatics UNL-061/219 Foiled CN ¥0.95 EN $0.27
2026-09-02T19:40:59+00:00,https://bilgewatermarket.com/cards,Downstage Dramatics,nonfoil,0.09,https://bilgewatermarket.com/cards/UNL-061,normal,https://bilgewatermarket.com/assets/UNL-061-EN-tm1hOwmc.webp,¥0.51,$0.09,,Downstage Dramatics UNL-061/219 CN ¥0.51 EN $0.09
2026-09-02T19:40:59+00:00,https://bilgewatermarket.com/cards,Dramatic Visionary,foil,0.14,https://bilgewatermarket.com/cards/UNL-062?print_variation=foiled,foiled,https://bilgewatermarket.com/assets/UNL-062-EN-BizGwpBK.webp,¥0.50,$0.14,,Dramatic Visionary UNL-062/219 Foiled CN ¥0.50 EN $0.14
2026-09-02T19:40:59+00:00,https://bilgewatermarket.com/cards,Dramatic Visionary,nonfoil,0.05,https://bilgewatermarket.com/cards/UNL-062,normal,https://bilgewatermarket.com/assets/UNL-062-EN-BizGwpBK.webp,¥0.51,$0.05,,Dramatic Visionary UNL-062/219 CN ¥0.51 EN $0.05
2026-09-02T19:40:59+00:00,https://bilgewatermarket.com/cards,Eclipse,foil,0.27,https://bilgewatermarket.com/cards/UNL-063?print_variation=foiled,foiled,https://bilgewatermarket.com/assets/UNL-063-EN-Blu5QzRZ.webp,¥1.59,$0.27,,Eclipse UNL-063/219 Foiled CN ¥1.59 EN $0.27
2026-09-02T19:40:59+00:00,https://bilgewatermarket.com/cards,Eclipse,nonfoil,0.13,https://bilgewatermarket.com/cards/UNL-063,normal,https://bilgewatermarket.com/assets/UNL-063-EN-Blu5QzRZ.webp,¥0.57,$0.13,,Eclipse UNL-063/219 CN ¥0.57 EN $0.13
2026-09-02T19:40:59+00:00,https://bilgewatermarket.com/cards,Fate Weaver,foil,0.11,https://bilgewatermarket.com/cards/UNL-064?print_variation=foiled,foiled,https://bilgewatermarket.com/assets/UNL-064-EN-CpmHBHPZ.webp,¥0.50,$0.11,,Fate Weaver UNL-064/219 Foiled CN ¥0.50 EN $0.11
2026-09-02T19:40:59+00:00,https://bilgewatermarket.com/cards,Fate Weaver,nonfoil,0.04,https://bilgewatermarket.com/cards/UNL-064,normal,https://bilgewatermarket.com/assets/UNL-064-EN-CpmHBHPZ.webp,¥0.50,$0.04,,Fate Weaver UNL-064/219 CN ¥0.50 EN $0.04
2026-09-02T19:40:59+00:00,https://bilgewatermarket.com/cards,Icevale Archer,foil,0.11,https://bilgewatermarket.com/cards/UNL-065?print_variation=foiled,foiled,https://bilgewatermarket.com/assets/UNL-065-EN-Dyqtymor.webp,¥0.50,$0.11,,Icevale Archer UNL-065/219 Foiled CN ¥0.50 EN $0.11
2026-09-02T19:40:59+00:00,https://bilgewatermarket.com/cards,Icevale Archer,nonfoil,0.04,https://bilgewatermarket.com/cards/UNL-065,normal,https://bilgewatermarket.com/assets/UNL-065-EN-Dyqtymor.webp,¥0.51,$0.04,,Icevale Archer UNL-065/219 CN ¥0.51 EN $0.04
2026-09-02T19:40:59+00:00,https://bilgewatermarket.com/cards,Moonlight Affliction,foil,0.15,https://bilgewatermarket.com/cards/UNL-066?print_variation=foiled,foiled,https://bilgewatermarket.com/assets/UNL-066-EN-BZqDZFpx.webp,¥0.90,$0.15,,Moonlight Affliction UNL-066/219 Foiled CN ¥0.90 EN $0.15
2026-09-02T19:40:59+00:00,https://bilgewatermarket.com/cards,Moonlight Affliction,nonfoil,0.04,https://bilgewatermarket.com/cards/UNL-066,normal,https://bilgewatermarket.com/assets/UNL-066-EN-BZqDZFpx.webp,¥0.50,$0.04,,Moonlight Affliction UNL-066/219 CN ¥0.50 EN $0.04
2026-09-02T19:40:59+00:00,https://bilgewatermarket.com/cards,Ruined Rex,foil,0.22,https://bilgewatermarket.com/cards/UNL-067?print_variation=foiled,foiled,https://bilgewatermarket.com/assets/UNL-067-EN-VCtsAkY8.webp,¥1.05,$0.22,,Ruined Rex UNL-067/219 Foiled CN ¥1.05 EN $0.22
2026-09-02T19:40:59+00:00,https://bilgewatermarket.com/cards,Ruined Rex,nonfoil,0.09,https://bilgewatermarket.com/cards/UNL-067,normal,https://bilgewatermarket.com/assets/UNL-067-EN-VCtsAkY8.webp,¥0.53,$0.09,,Ruined Rex UNL-067/219 CN ¥0.53 EN $0.09
2026-09-02T19:40:59+00:00,https://bilgewatermarket.com/cards,Spectral Centaur,foil,0.12,https://bilgewatermarket.com/cards/UNL-068?print_variation=foiled,foiled,https://bilgewatermarket.com/assets/UNL-068-EN-CF86_zxr.webp,¥0.50,$0.12,,Spectral Centaur UNL-068/219 Foiled CN ¥0.50 EN $0.12
2026-09-02T19:40:59+00:00,https://bilgewatermarket.com/cards,Spectral Centaur,nonfoil,0.04,https://bilgewatermarket.com/cards/UNL-068,normal,https://bilgewatermarket.com/assets/UNL-068-EN-CF86_zxr.webp,¥0.50,$0.04,,Spectral Centaur UNL-068/219 CN ¥0.50 EN $0.04
2026-09-02T19:40:59+00:00,https://bilgewatermarket.com/cards,Sprite Burst,foil,0.28,https://bilgewatermarket.com/cards/UNL-069?print_variation=foiled,foiled,https://bilgewatermarket.com/assets/UNL-069-EN-nzdFEtn2.webp,¥1.93,$0.28,,Sprite Burst UNL-069/219 Foiled CN ¥1.93 EN $0.28
2026-09-02T19:40:59+00:00,https://bilgewatermarket.com/cards,Sprite Burst,nonfoil,0.10,https://bilgewatermarket.com/cards/UNL-069,normal,https://bilgewatermarket.com/assets/UNL-069-EN-nzdFEtn2.webp,¥0.56,$0.10,,Sprite Burst UNL-069/219 CN ¥0.56 EN $0.10
2026-09-02T19:40:59+00:00,https://bilgewatermarket.com/cards,Turn to Dust,foil,0.90,https://bilgewatermarket.com/cards/UNL-070?print_variation=foiled,foiled,https://bilgewatermarket.com/assets/UNL-070-EN-Dfd5N5TK.webp,¥1.89,$0.90,,Turn to Dust UNL-070/219 Foiled CN ¥1.89 EN $0.90
2026-09-02T19:40:59+00:00,https://bilgewatermarket.com/cards,Turn to Dust,nonfoil,0.13,https://bilgewatermarket.com/cards/UNL-070,normal,https://bilgewatermarket.com/assets/UNL-070-EN-Dfd5N5TK.webp,¥0.52,$0.13,,Turn to Dust UNL-070/219 CN ¥0.52 EN $0.13
2026-09-02T19:40:59+00:00,https://bilgewatermarket.com/cards,Chakram Dancer,foil,0.23,https://bilgewatermarket.com/cards/UNL-071?print_variation=foiled,foiled,https://bilgewatermarket.com/assets/UNL-071-EN-B-mjlYQn.webp,¥1.02,$0.23,,Chakram Dancer UNL-071/219 Foiled CN ¥1.02 EN $0.23
2026-09-02T19:40:59+00:00,https://bilgewatermarket.com/cards,Chakram Dancer,nonfoil,0.13,https://bilgewatermarket.com/cards/UNL-071,normal,https://bilgewatermarket.com/assets/UNL-071-EN-B-mjlYQn.webp,¥0.53,$0.13,,Chakram Dancer UNL-071/219 CN ¥0.53 EN $0.13
2026-09-02T19:40:59+00:00,https://bilgewatermarket.com/cards,Crescent Strike,foil,0.29,https://bilgewatermarket.com/cards/UNL-072?print_variation=foiled,foiled,https://bilgewatermarket.com/assets/UNL-072-EN-Bf53vKDM.webp,¥1.96,$0.29,,Crescent Strike UNL-072/219 Foiled CN ¥1.96 EN $0.29
2026-09-02T19:40:59+00:00,https://bilgewatermarket.com/cards,Crescent Strike,nonfoil,0.12,https://bilgewatermarket.com/cards/UNL-072,normal,https://bilgewatermarket.com/assets/UNL-072-EN-Bf53vKDM.webp,¥0.51,$0.12,,Crescent Strike UNL-072/219 CN ¥0.51 EN $0.12
2026-09-02T19:40:59+00:00,https://bilgewatermarket.com/cards,Deadly Flourish,foil,5.07,https://bilgewatermarket.com/cards/UNL-073?print_variation=foiled,foiled,https://bilgewatermarket.com/assets/UNL-073-EN-C5jm9cDL.webp,¥2.17,$5.07,,Deadly Flourish UNL-073/219 Foiled CN ¥2.17 EN $5.07
2026-09-02T19:40:59+00:00,https://bilgewatermarket.com/cards,Deadly Flourish,nonfoil,0.29,https://bilgewatermarket.com/cards/UNL-073,normal,https://bilgewatermarket.com/assets/UNL-073-EN-C5jm9cDL.webp,¥0.82,$0.29,,Deadly Flourish UNL-073/219 CN ¥0.82 EN $0.29
2026-09-02T19:40:59+00:00,https://bilgewatermarket.com/cards,Frigid Jewel,foil,0.49,https://bilgewatermarket.com/cards/UNL-074?print_variation=foiled,foiled,https://bilgewatermarket.com/assets/UNL-074-EN-DhLBIaAJ.webp,¥1.42,$0.49,,Frigid Jewel UNL-074/219 Foiled CN ¥1.42 EN $0.49
2026-09-02T19:40:59+00:00,https://bilgewatermarket.com/cards,Frigid Jewel,nonfoil,0.14,https://bilgewatermarket.com/cards/UNL-074,normal,https://bilgewatermarket.com/assets/UNL-074-EN-DhLBIaAJ.webp,¥0.52,$0.14,,Frigid Jewel UNL-074/219 CN ¥0.52 EN $0.14
2026-09-02T19:40:59+00:00,https://bilgewatermarket.com/cards,Gustwalker,foil,0.29,https://bilgewatermarket.com/cards/UNL-075?print_variation=foiled,foiled,https://bilgewatermarket.com/assets/UNL-075-EN-DMd-ptQm.webp,¥0.70,$0.29,,Gustwalker UNL-075/219 Foiled CN ¥0.70 EN $0.29
2026-09-02T19:40:59+00:00,https://bilgewatermarket.com/cards,Gustwalker,nonfoil,0.09,https://bilgewatermarket.com/cards/UNL-075,normal,https://bilgewatermarket.com/assets/UNL-075-EN-DMd-ptQm.webp,¥0.50,$0.09,,Gustwalker UNL-075/219 CN ¥0.50 EN $0.09
2026-09-02T19:40:59+00:00,https://bilgewatermarket.com/cards,Petal Pixie,foil,0.27,https://bilgewatermarket.com/cards/UNL-076?print_variation=foiled,foiled,https://bilgewatermarket.com/assets/UNL-076-EN-BfONaq_I.webp,¥1.35,$0.27,,Petal Pixie UNL-076/219 Foiled CN ¥1.35 EN $0.27
2026-09-02T19:40:59+00:00,https://bilgewatermarket.com/cards,Petal Pixie,nonfoil,0.11,https://bilgewatermarket.com/cards/UNL-076,normal,https://bilgewatermarket.com/assets/UNL-076-EN-BfONaq_I.webp,¥0.50,$0.11,,Petal Pixie UNL-076/219 CN ¥0.50 EN $0.11
2026-09-02T19:40:59+00:00,https://bilgewatermarket.com/cards,Soul Shepherd,foil,0.30,https://bilgewatermarket.com/cards/UNL-077?print_variation=foiled,foiled,https://bilgewatermarket.com/assets/UNL-077-EN-DuzYbmwh.webp,¥0.75,$0.30,,Soul Shepherd UNL-077/219 Foiled CN ¥0.75 EN $0.30
2026-09-02T19:40:59+00:00,https://bilgewatermarket.com/cards,Soul Shepherd,nonfoil,0.13,https://bilgewatermarket.com/cards/UNL-077,normal,https://bilgewatermarket.com/assets/UNL-077-EN-DuzYbmwh.webp,¥0.50,$0.13,,Soul Shepherd UNL-077/219 CN ¥0.50 EN $0.13
2026-09-02T19:40:59+00:00,https://bilgewatermarket.com/cards,Sprite Fountain,foil,7.74,https://bilgewatermarket.com/cards/UNL-078?print_variation=foiled,foiled,https://bilgewatermarket.com/assets/UNL-078-EN-DLS_b69H.webp,¥5.61,$7.74,,Sprite Fountain UNL-078/219 Foiled CN ¥5.61 EN $7.74
2026-09-02T19:40:59+00:00,https://bilgewatermarket.com/cards,Sprite Fountain,nonfoil,4.91,https://bilgewatermarket.com/cards/UNL-078,normal,https://bilgewatermarket.com/assets/UNL-078-EN-DLS_b69H.webp,¥1.81,$4.91,,Sprite Fountain UNL-078/219 CN ¥1.81 EN $4.91
2026-09-02T19:40:59+00:00,https://bilgewatermarket.com/cards,"Diana, Lunari",nonfoil,0.17,https://bilgewatermarket.com/cards/UNL-079,normal,https://bilgewatermarket.com/assets/UNL-079-EN-DCLt2sli.webp,¥0.94,$0.17,,"Diana, Lunari UNL-079/219 CN ¥0.94 EN $0.17"
2026-09-02T19:40:59+00:00,https://bilgewatermarket.com/cards,"Diana, Lunari",nonfoil,6.45,https://bilgewatermarket.com/cards/UNL-079a?print_variation=showcase,showcase,https://bilgewatermarket.com/assets/UNL-079a-EN-C-UIvsBz.webp,¥11.58,$6.45,,"Diana, Lunari UNL-079A/219 Showcase CN ¥11.58 EN $6.45"
2026-09-02T19:40:59+00:00,https://bilgewatermarket.com/cards,"Hwei, Brooding Painter",nonfoil,3.18,https://bilgewatermarket.com/cards/UNL-080,normal,https://bilgewatermarket.com/assets/UNL-080-EN-cpnGEpWi.webp,¥2.64,$3.18,,"Hwei, Brooding Painter UNL-080/219 CN ¥2.64 EN $3.18"
2026-09-02T19:40:59+00:00,https://bilgewatermarket.com/cards,Keeper of Masks,nonfoil,0.20,https://bilgewatermarket.com/cards/UNL-081,normal,https://bilgewatermarket.com/assets/UNL-081-EN-BD2ihnle.webp,¥0.66,$0.20,,Keeper of Masks UNL-081/219 CN ¥0.66 EN $0.20
2026-09-02T19:40:59+00:00,https://bilgewatermarket.com/cards,"Lillia, Fae Fawn",nonfoil,0.28,https://bilgewatermarket.com/cards/UNL-082,normal,https://bilgewatermarket.com/assets/UNL-082-EN-D4h2dWaw.webp,¥0.75,$0.28,,"Lillia, Fae Fawn UNL-082/219 CN ¥0.75 EN $0.28"
2026-09-02T19:40:59+00:00,https://bilgewatermarket.com/cards,"Lillia, Fae Fawn",nonfoil,6.04,https://bilgewatermarket.com/cards/UNL-082a?print_variation=showcase,showcase,https://bilgewatermarket.com/assets/UNL-082a-EN-BGn8VW3r.webp,¥12.37,$6.04,,"Lillia, Fae Fawn UNL-082A/219 Showcase CN ¥12.37 EN $6.04"
2026-09-02T19:40:59+00:00,https://bilgewatermarket.com/cards,Smoke and Mirrors,nonfoil,0.44,https://bilgewatermarket.com/cards/UNL-083,normal,https://bilgewatermarket.com/assets/UNL-083-EN-gBPEIMmK.webp,¥1.33,$0.44,,Smoke and Mirrors UNL-083/219 CN ¥1.33 EN $0.44
2026-09-02T19:40:59+00:00,https://bilgewatermarket.com/cards,Sprite Queen,nonfoil,0.24,https://bilgewatermarket.com/cards/UNL-084,normal,https://bilgewatermarket.com/assets/UNL-084-EN-X2XeQDWh.webp,¥1.30,$0.24,,Sprite Queen UNL-084/219 CN ¥1.30 EN $0.24
2026-09-02T19:40:59+00:00,https://bilgewatermarket.com/cards,Sumpworks Map,nonfoil,0.10,https://bilgewatermarket.com/cards/UNL-085,normal,https://bilgewatermarket.com/assets/UNL-085-EN-lI2aHH3Y.webp,¥0.57,$0.10,,Sumpworks Map UNL-085/219 CN ¥0.57 EN $0.10
2026-09-02T19:40:59+00:00,https://bilgewatermarket.com/cards,"Zilean, Time Mage",nonfoil,0.21,https://bilgewatermarket.com/cards/UNL-086,normal,https://bilgewatermarket.com/assets/UNL-086-EN-82c5Y-k9.webp,¥0.52,$0.21,,"Zilean, Time Mage UNL-086/219 CN ¥0.52 EN $0.21"
2026-09-02T19:40:59+00:00,https://bilgewatermarket.com/cards,Blue Sentinel,nonfoil,2.66,https://bilgewatermarket.com/cards/UNL-087,normal,https://bilgewatermarket.com/assets/UNL-087-EN-Cqi4CbxN.webp,¥2.47,$2.66,,Blue Sentinel UNL-087/219 CN ¥2.47 EN $2.66
2026-09-02T19:40:59+00:00,https://bilgewatermarket.com/cards,Blue Sentinel,nonfoil,6.34,https://bilgewatermarket.com/cards/UNL-087a?print_variation=showcase,showcase,https://bilgewatermarket.com/assets/UNL-087A-EN-qJwqaLaJ.webp,¥8.71,$6.34,,Blue Sentinel UNL-087A/219 Showcase CN ¥8.71 EN $6.34
2026-09-02T19:40:59+00:00,https://bilgewatermarket.com/cards,Gutter Palace,nonfoil,0.75,https://bilgewatermarket.com/cards/UNL-088,normal,https://bilgewatermarket.com/assets/UNL-088-EN-DE_65eAp.webp,¥3.61,$0.75,,Gutter Palace UNL-088/219 CN ¥3.61 EN $0.75
2026-09-02T19:40:59+00:00,https://bilgewatermarket.com/cards,"Jhin, Meticulous Killer",nonfoil,1.24,https://bilgewatermarket.com/cards/UNL-089,normal,https://bilgewatermarket.com/assets/UNL-089-EN-Dl88m0Z_.webp,¥5.12,$1.24,,"Jhin, Meticulous Killer UNL-089/219 CN ¥5.12 EN $1.24"
2026-09-02T19:40:59+00:00,https://bilgewatermarket.com/cards,"Jhin, Meticulous Killer",nonfoil,4.81,https://bilgewatermarket.com/cards/UNL-089a?print_variation=showcase,showcase,https://bilgewatermarket.com/assets/UNL-089A-EN-C7vwBDMb.webp,¥8.17,$4.81,,"Jhin, Meticulous Killer UNL-089A/219 Showcase CN ¥8.17 EN $4.81"
2026-09-02T19:40:59+00:00,https://bilgewatermarket.com/cards,"LeBlanc, Everywhere at Once",nonfoil,2.26,https://bilgewatermarket.com/cards/UNL-090,normal,https://bilgewatermarket.com/assets/UNL-090-EN-DSSLtE-E.webp,¥2.42,$2.26,,"LeBlanc, Everywhere at Once UNL-090/219 CN ¥2.42 EN $2.26"
2026-09-02T19:40:59+00:00,https://bilgewatermarket.com/cards,"LeBlanc, Everywhere at Once",nonfoil,5.68,https://bilgewatermarket.com/cards/UNL-090a?print_variation=showcase,showcase,https://bilgewatermarket.com/assets/UNL-090A-EN-E-wWfZOR.webp,¥10.97,$5.68,,"LeBlanc, Everywhere at Once UNL-090A/219 Showcase CN ¥10.97 EN $5.68"
2026-09-02T19:40:59+00:00,https://bilgewatermarket.com/cards,Concentrate,foil,0.18,https://bilgewatermarket.com/cards/UNL-091?print_variation=foiled,foiled,https://bilgewatermarket.com/assets/UNL-091-EN-BwuCxjNO.webp,¥0.94,$0.18,,Concentrate UNL-091/219 Foiled CN ¥0.94 EN $0.18
2026-09-02T19:40:59+00:00,https://bilgewatermarket.com/cards,Concentrate,nonfoil,0.06,https://bilgewatermarket.com/cards/UNL-091,normal,https://bilgewatermarket.com/assets/UNL-091-EN-BwuCxjNO.webp,¥0.50,$0.06,,Concentrate UNL-091/219 CN ¥0.50 EN $0.06
2026-09-02T19:40:59+00:00,https://bilgewatermarket.com/cards,Demacian Diplomat,foil,0.19,https://bilgewatermarket.com/cards/UNL-092?print_variation=foiled,foiled,https://bilgewatermarket.com/assets/UNL-092-EN-BdtQQvCq.webp,¥0.99,$0.19,,Demacian Diplomat UNL-092/219 Foiled CN ¥0.99 EN $0.19
2026-09-02T19:40:59+00:00,https://bilgewatermarket.com/cards,Demacian Diplomat,nonfoil,0.05,https://bilgewatermarket.com/cards/UNL-092,normal,https://bilgewatermarket.com/assets/UNL-092-EN-BdtQQvCq.webp,¥0.52,$0.05,,Demacian Diplomat UNL-092/219 CN ¥0.52 EN $0.05
2026-09-02T19:40:59+00:00,https://bilgewatermarket.com/cards,Dragonsoul Sage,foil,0.27,https://bilgewatermarket.com/cards/UNL-093?print_variation=foiled,foiled,https://bilgewatermarket.com/assets/UNL-093-EN-CHmRWoMD.webp,¥0.52,$0.27,,Dragonsoul Sage UNL-093/219 Foiled CN ¥0.52 EN $0.27
2026-09-02T19:40:59+00:00,https://bilgewatermarket.com/cards,Dragonsoul Sage,nonfoil,0.10,https://bilgewatermarket.com/cards/UNL-093,normal,https://bilgewatermarket.com/assets/UNL-093-EN-CHmRWoMD.webp,¥0.52,$0.10,,Dragonsoul Sage UNL-093/219 CN ¥0.52 EN $0.10
2026-09-02T19:40:59+00:00,https://bilgewatermarket.com/cards,Gemhand Hunter,foil,0.21,https://bilgewatermarket.com/cards/UNL-094?print_variation=foiled,foiled,https://bilgewatermarket.com/assets/UNL-094-EN-ydq7vFPq.webp,¥0.72,$0.21,,Gemhand Hunter UNL-094/219 Foiled CN ¥0.72 EN $0.21
2026-09-02T19:40:59+00:00,https://bilgewatermarket.com/cards,Gemhand Hunter,nonfoil,0.06,https://bilgewatermarket.com/cards/UNL-094,normal,https://bilgewatermarket.com/assets/UNL-094-EN-ydq7vFPq.webp,¥0.50,$0.06,,Gemhand Hunter UNL-094/219 CN ¥0.50 EN $0.06
2026-09-02T19:40:59+00:00,https://bilgewatermarket.com/cards,Grim Resolve,foil,0.23,https://bilgewatermarket.com/cards/UNL-095?print_variation=foiled,foiled,https://bilgewatermarket.com/assets/UNL-095-EN-BLZxf5Sw.webp,¥1.87,$0.23,,Grim Resolve UNL-095/219 Foiled CN ¥1.87 EN $0.23
2026-09-02T19:40:59+00:00,https://bilgewatermarket.com/cards,Grim Resolve,nonfoil,0.09,https://bilgewatermarket.com/cards/UNL-095,normal,https://bilgewatermarket.com/assets/UNL-095-EN-BLZxf5Sw.webp,¥0.53,$0.09,,Grim Resolve UNL-095/219 CN ¥0.53 EN $0.09
2026-09-02T19:40:59+00:00,https://bilgewatermarket.com/cards,Hunter's Machete,foil,0.18,https://bilgewatermarket.com/cards/UNL-096?print_variation=foiled,foiled,https://bilgewatermarket.com/assets/UNL-096-EN-C37qf7wm.webp,¥1.03,$0.18,,Hunter's Machete UNL-096/219 Foiled CN ¥1.03 EN $0.18
2026-09-02T19:40:59+00:00,https://bilgewatermarket.com/cards,Hunter's Machete,nonfoil,0.07,https://bilgewatermarket.com/cards/UNL-096,normal,https://bilgewatermarket.com/assets/UNL-096-EN-C37qf7wm.webp,¥0.50,$0.07,,Hunter's Machete UNL-096/219 CN ¥0.50 EN $0.07
2026-09-02T19:40:59+00:00,https://bilgewatermarket.com/cards,Kinkou Initiate,foil,0.28,https://bilgewatermarket.com/cards/UNL-097?print_variation=foiled,foiled,https://bilgewatermarket.com/assets/UNL-097-EN-B2x_9zlw.webp,¥1.05,$0.28,,Kinkou Initiate UNL-097/219 Foiled CN ¥1.05 EN $0.28
2026-09-02T19:40:59+00:00,https://bilgewatermarket.com/cards,Kinkou Initiate,nonfoil,0.09,https://bilgewatermarket.com/cards/UNL-097,normal,https://bilgewatermarket.com/assets/UNL-097-EN-B2x_9zlw.webp,¥0.51,$0.09,,Kinkou Initiate UNL-097/219 CN ¥0.51 EN $0.09
2026-09-02T19:40:59+00:00,https://bilgewatermarket.com/cards,Targonian Visionary,foil,0.12,https://bilgewatermarket.com/cards/UNL-098?print_variation=foiled,foiled,https://bilgewatermarket.com/assets/UNL-098-EN-B50emeKj.webp,¥0.50,$0.12,,Targonian Visionary UNL-098/219 Foiled CN ¥0.50 EN $0.12
2026-09-02T19:40:59+00:00,https://bilgewatermarket.com/cards,Targonian Visionary,nonfoil,0.05,https://bilgewatermarket.com/cards/UNL-098,normal,https://bilgewatermarket.com/assets/UNL-098-EN-B50emeKj.webp,¥0.50,$0.05,,Targonian Visionary UNL-098/219 CN ¥0.50 EN $0.05
2026-09-02T19:40:59+00:00,https://bilgewatermarket.com/cards,Towering Combatant,foil,0.15,https://bilgewatermarket.com/cards/UNL-099?print_variation=foiled,foiled,https://bilgewatermarket.com/assets/UNL-099-EN-DI3i13pG.webp,¥0.50,$0.15,,Towering Combatant UNL-099/219 Foiled CN ¥0.50 EN $0.15
2026-09-02T19:40:59+00:00,https://bilgewatermarket.com/cards,Towering Combatant,nonfoil,0.03,https://bilgewatermarket.com/cards/UNL-099,normal,https://bilgewatermarket.com/assets/UNL-099-EN-DI3i13pG.webp,¥0.51,$0.03,,Towering Combatant UNL-099/219 CN ¥0.51 EN $0.03
2026-09-02T19:40:59+00:00,https://bilgewatermarket.com/cards,Voracious Gromp,foil,0.14,https://bilgewatermarket.com/cards/UNL-100?print_variation=foiled,foiled,https://bilgewatermarket.com/assets/UNL-100-EN-CsXPG5Lo.webp,¥0.76,$0.14,,Voracious Gromp UNL-100/219 Foiled CN ¥0.76 EN $0.14
2026-09-02T19:40:59+00:00,https://bilgewatermarket.com/cards,Voracious Gromp,nonfoil,0.08,https://bilgewatermarket.com/cards/UNL-100,normal,https://bilgewatermarket.com/assets/UNL-100-EN-CsXPG5Lo.webp,¥0.50,$0.08,,Voracious Gromp UNL-100/219 CN ¥0.50 EN $0.08
2026-09-02T19:40:59+00:00,https://bilgewatermarket.com/cards,Call to Battle,foil,0.22,https://bilgewatermarket.com/cards/UNL-101?print_variation=foiled,foiled,https://bilgewatermarket.com/assets/UNL-101-EN-BYP9i3eB.webp,¥0.50,$0.22,,Call to Battle UNL-101/219 Foiled CN ¥0.50 EN $0.22
2026-09-02T19:40:59+00:00,https://bilgewatermarket.com/cards,Call to Battle,nonfoil,0.10,https://bilgewatermarket.com/cards/UNL-101,normal,https://bilgewatermarket.com/assets/UNL-101-EN-BYP9i3eB.webp,¥0.50,$0.10,,Call to Battle UNL-101/219 CN ¥0.50 EN $0.10
2026-09-02T19:40:59+00:00,https://bilgewatermarket.com/cards,Crowd Favorite,foil,0.13,https://bilgewatermarket.com/cards/UNL-102?print_variation=foiled,foiled,https://bilgewatermarket.com/assets/UNL-102-EN-B8TyjRDq.webp,¥0.50,$0.13,,Crowd Favorite UNL-102/219 Foiled CN ¥0.50 EN $0.13
2026-09-02T19:40:59+00:00,https://bilgewatermarket.com/cards,Crowd Favorite,nonfoil,0.04,https://bilgewatermarket.com/cards/UNL-102,normal,https://bilgewatermarket.com/assets/UNL-102-EN-B8TyjRDq.webp,¥0.50,$0.04,,Crowd Favorite UNL-102/219 CN ¥0.50 EN $0.04
2026-09-02T19:40:59+00:00,https://bilgewatermarket.com/cards,Disposal Order,foil,0.45,https://bilgewatermarket.com/cards/UNL-103?print_variation=foiled,foiled,https://bilgewatermarket.com/assets/UNL-103-EN-M3wP5zaL.webp,¥1.48,$0.45,,Disposal Order UNL-103/219 Foiled CN ¥1.48 EN $0.45
2026-09-02T19:40:59+00:00,https://bilgewatermarket.com/cards,Disposal Order,nonfoil,0.23,https://bilgewatermarket.com/cards/UNL-103,normal,https://bilgewatermarket.com/assets/UNL-103-EN-M3wP5zaL.webp,¥0.62,$0.23,,Disposal Order UNL-103/219 CN ¥0.62 EN $0.23
2026-09-02T19:40:59+00:00,https://bilgewatermarket.com/cards,Gentle Gemdragon,foil,0.37,https://bilgewatermarket.com/cards/UNL-104?print_variation=foiled,foiled,https://bilgewatermarket.com/assets/UNL-104-EN-BauUvNAt.webp,¥1.43,$0.37,,Gentle Gemdragon UNL-104/219 Foiled CN ¥1.43 EN $0.37
2026-09-02T19:40:59+00:00,https://bilgewatermarket.com/cards,Gentle Gemdragon,nonfoil,0.15,https://bilgewatermarket.com/cards/UNL-104,normal,https://bilgewatermarket.com/assets/UNL-104-EN-BauUvNAt.webp,¥0.54,$0.15,,Gentle Gemdragon UNL-104/219 CN ¥0.54 EN $0.15
2026-09-02T19:40:59+00:00,https://bilgewatermarket.com/cards,Imposing Challenger,foil,0.29,https://bilgewatermarket.com/cards/UNL-105?print_variation=foiled,foiled,https://bilgewatermarket.com/assets/UNL-105-EN-DqeiGgb-.webp,¥0.50,$0.29,,Imposing Challenger UNL-105/219 Foiled CN ¥0.50 EN $0.29
2026-09-02T19:40:59+00:00,https://bilgewatermarket.com/cards,Imposing Challenger,nonfoil,0.07,https://bilgewatermarket.com/cards/UNL-105,normal,https://bilgewatermarket.com/assets/UNL-105-EN-DqeiGgb-.webp,¥0.60,$0.07,,Imposing Challenger UNL-105/219 CN ¥0.60 EN $0.07
2026-09-02T19:40:59+00:00,https://bilgewatermarket.com/cards,Repulse,foil,2.08,https://bilgewatermarket.com/cards/UNL-106?print_variation=foiled,foiled,https://bilgewatermarket.com/assets/UNL-106-EN-CxtdAKy-.webp,¥3.91,$2.08,,Repulse UNL-106/219 Foiled CN ¥3.91 EN $2.08
2026-09-02T19:40:59+00:00,https://bilgewatermarket.com/cards,Repulse,nonfoil,0.39,https://bilgewatermarket.com/cards/UNL-106,normal,https://bilgewatermarket.com/assets/UNL-106-EN-CxtdAKy-.webp,¥1.27,$0.39,,Repulse UNL-106/219 CN ¥1.27 EN $0.39
2026-09-02T19:40:59+00:00,https://bilgewatermarket.com/cards,Stare Down,foil,0.33,https://bilgewatermarket.com/cards/UNL-107?print_variation=foiled,foiled,https://bilgewatermarket.com/assets/UNL-107-EN-DWokmyMg.webp,¥1.00,$0.33,,Stare Down UNL-107/219 Foiled CN ¥1.00 EN $0.33
2026-09-02T19:40:59+00:00,https://bilgewatermarket.com/cards,Stare Down,nonfoil,0.13,https://bilgewatermarket.com/cards/UNL-107,normal,https://bilgewatermarket.com/assets/UNL-107-EN-DWokmyMg.webp,¥0.50,$0.13,,Stare Down UNL-107/219 CN ¥0.50 EN $0.13
2026-09-02T19:40:59+00:00,https://bilgewatermarket.com/cards,Wily Newtfish,foil,0.21,https://bilgewatermarket.com/cards/UNL-108?print_variation=foiled,foiled,https://bilgewatermarket.com/assets/UNL-108-EN-DQjTwQwo.webp,¥0.89,$0.21,,Wily Newtfish UNL-108/219 Foiled CN ¥0.89 EN $0.21
2026-09-02T19:40:59+00:00,https://bilgewatermarket.com/cards,Wily Newtfish,nonfoil,0.06,https://bilgewatermarket.com/cards/UNL-108,normal,https://bilgewatermarket.com/assets/UNL-108-EN-DQjTwQwo.webp,¥0.50,$0.06,,Wily Newtfish UNL-108/219 CN ¥0.50 EN $0.06
2026-09-02T19:40:59+00:00,https://bilgewatermarket.com/cards,Blood Rose,nonfoil,0.11,https://bilgewatermarket.com/cards/UNL-109,normal,https://bilgewatermarket.com/assets/UNL-109-EN-ChE958rW.webp,¥0.60,$0.11,,Blood Rose UNL-109/219 CN ¥0.60 EN $0.11
2026-09-02T19:40:59+00:00,https://bilgewatermarket.com/cards,Clash of Giants,nonfoil,0.12,https://bilgewatermarket.com/cards/UNL-110,normal,https://bilgewatermarket.com/assets/UNL-110-EN-zJtcTFFz.webp,¥0.56,$0.12,,Clash of Giants UNL-110/219 CN ¥0.56 EN $0.12
2026-09-02T19:40:59+00:00,https://bilgewatermarket.com/cards,Determined Sentry,nonfoil,0.31,https://bilgewatermarket.com/cards/UNL-111,normal,https://bilgewatermarket.com/assets/UNL-111-EN-C2jA-UZZ.webp,¥0.71,$0.31,,Determined Sentry UNL-111/219 CN ¥0.71 EN $0.31
2026-09-02T19:40:59+00:00,https://bilgewatermarket.com/cards,Irresistible Faefolk,nonfoil,5.74,https://bilgewatermarket.com/cards/UNL-112,normal,https://bilgewatermarket.com/assets/UNL-112-EN-CF0LeXb1.webp,¥1.28,$5.74,,Irresistible Faefolk UNL-112/219 CN ¥1.28 EN $5.74
2026-09-02T19:40:59+00:00,https://bilgewatermarket.com/cards,"Master Yi, Tempered",nonfoil,0.20,https://bilgewatermarket.com/cards/UNL-113,normal,https://bilgewatermarket.com/assets/UNL-113-EN-7u7x1oc3.webp,¥1.11,$0.20,,"Master Yi, Tempered UNL-113/219 CN ¥1.11 EN $0.20"
2026-09-02T19:40:59+00:00,https://bilgewatermarket.com/cards,"Master Yi, Tempered",nonfoil,2.56,https://bilgewatermarket.com/cards/UNL-113a?print_variation=showcase,showcase,https://bilgewatermarket.com/assets/UNL-113A-EN-CJftnarb.webp,¥9.88,$2.56,,"Master Yi, Tempered UNL-113A/219 Showcase CN ¥9.88 EN $2.56"
2026-09-02T19:40:59+00:00,https://bilgewatermarket.com/cards,"Nidalee, Cat Form",nonfoil,2.48,https://bilgewatermarket.com/cards/UNL-114,normal,https://bilgewatermarket.com/assets/UNL-114-EN-DrTHr2A3.webp,¥1.47,$2.48,,"Nidalee, Cat Form UNL-114/219 CN ¥1.47 EN $2.48"
2026-09-02T19:40:59+00:00,https://bilgewatermarket.com/cards,"Nilah, Joyful Ascetic",nonfoil,0.25,https://bilgewatermarket.com/cards/UNL-115,normal,https://bilgewatermarket.com/assets/UNL-115-EN-BIx37tdl.webp,¥0.65,$0.25,,"Nilah, Joyful Ascetic UNL-115/219 CN ¥0.65 EN $0.25"
2026-09-02T19:40:59+00:00,https://bilgewatermarket.com/cards,"Poppy, Paragon",nonfoil,0.26,https://bilgewatermarket.com/cards/UNL-116,normal,https://bilgewatermarket.com/assets/UNL-116-EN-Bq1YTfbs.webp,¥0.76,$0.26,,"Poppy, Paragon UNL-116/219 CN ¥0.76 EN $0.26"
2026-09-02T19:40:59+00:00,https://bilgewatermarket.com/cards,"Poppy, Paragon",nonfoil,1.43,https://bilgewatermarket.com/cards/UNL-116a?print_variation=showcase,showcase,https://bilgewatermarket.com/assets/UNL-116a-EN-s6bp_YBS.webp,¥4.12,$1.43,,"Poppy, Paragon UNL-116A/219 Showcase CN ¥4.12 EN $1.43"
2026-09-02T19:40:59+00:00,https://bilgewatermarket.com/cards,Arachnoid Horror,nonfoil,1.56,https://bilgewatermarket.com/cards/UNL-117,normal,https://bilgewatermarket.com/assets/UNL-117-EN-qsjUHDBr.webp,¥6.89,$1.56,,Arachnoid Horror UNL-117/219 CN ¥6.89 EN $1.56
2026-09-02T19:40:59+00:00,https://bilgewatermarket.com/cards,Elder Dragon,nonfoil,15.31,https://bilgewatermarket.com/cards/UNL-118,normal,https://bilgewatermarket.com/assets/UNL-118-EN-kfJ74wzQ.webp,¥39.56,$15.31,,Elder Dragon UNL-118/219 CN ¥39.56 EN $15.31
2026-09-02T19:40:59+00:00,https://bilgewatermarket.com/cards,Elder Dragon,nonfoil,20.51,https://bilgewatermarket.com/cards/UNL-118a?print_variation=showcase,showcase,https://bilgewatermarket.com/assets/UNL-118a-EN-CNgfQIL9.webp,¥56.80,$20.51,,Elder Dragon UNL-118A/219 Showcase CN ¥56.80 EN $20.51
2026-09-02T19:40:59+00:00,https://bilgewatermarket.com/cards,"Kha'Zix, Evolving Hunter",nonfoil,0.79,https://bilgewatermarket.com/cards/UNL-119,normal,https://bilgewatermarket.com/assets/UNL-119-EN-CxLXcuxO.webp,¥1.21,$0.79,,"Kha'Zix, Evolving Hunter UNL-119/219 CN ¥1.21 EN $0.79"
2026-09-02T19:40:59+00:00,https://bilgewatermarket.com/cards,"Kha'Zix, Evolving Hunter",nonfoil,2.37,https://bilgewatermarket.com/cards/UNL-119a?print_variation=showcase,showcase,https://bilgewatermarket.com/assets/UNL-119A-EN-BsH5Guw4.webp,¥3.01,$2.37,,"Kha'Zix, Evolving Hunter UNL-119A/219 Showcase CN ¥3.01 EN $2.37"
2026-09-02T19:40:59+00:00,https://bilgewatermarket.com/cards,"Rengar, Trophy Hunter",nonfoil,29.10,https://bilgewatermarket.com/cards/UNL-120,normal,https://bilgewatermarket.com/assets/UNL-120-EN-Dl8rheKC.webp,¥86.32,$29.10,,"Rengar, Trophy Hunter UNL-120/219 CN ¥86.32 EN $29.10"
2026-09-02T19:40:59+00:00,https://bilgewatermarket.com/cards,"Rengar, Trophy Hunter",nonfoil,36.59,https://bilgewatermarket.com/cards/UNL-120a?print_variation=showcase,showcase,https://bilgewatermarket.com/assets/UNL-120A-EN-VPXCTKaF.webp,¥93.87,$36.59,,"Rengar, Trophy Hunter UNL-120A/219 Showcase CN ¥93.87 EN $36.59"
2026-09-02T19:40:59+00:00,https://bilgewatermarket.com/cards,Bewitching Spirit,foil,0.30,https://bilgewatermarket.com/cards/UNL-121?print_variation=foiled,foiled,https://bilgewatermarket.com/assets/UNL-121-EN-DQvoj--4.webp,¥1.83,$0.30,,Bewitching Spirit UNL-121/219 Foiled CN ¥1.83 EN $0.30
2026-09-02T19:40:59+00:00,https://bilgewatermarket.com/cards,Bewitching Spirit,nonfoil,0.11,https://bilgewatermarket.com/cards/UNL-121,normal,https://bilgewatermarket.com/assets/UNL-121-EN-DQvoj--4.webp,¥0.56,$0.11,,Bewitching Spirit UNL-121/219 CN ¥0.56 EN $0.11
2026-09-02T19:40:59+00:00,https://bilgewatermarket.com/cards,Crescent Guardian,foil,0.09,https://bilgewatermarket.com/cards/UNL-122?print_variation=foiled,foiled,https://bilgewatermarket.com/assets/UNL-122-EN-DrwPpGmF.webp,¥0.50,$0.09,,Crescent Guardian UNL-122/219 Foiled CN ¥0.50 EN $0.09
2026-09-02T19:40:59+00:00,https://bilgewatermarket.com/cards,Crescent Guardian,nonfoil,0.06,https://bilgewatermarket.com/cards/UNL-122,normal,https://bilgewatermarket.com/assets/UNL-122-EN-DrwPpGmF.webp,¥0.50,$0.06,,Crescent Guardian UNL-122/219 CN ¥0.50 EN $0.06
2026-09-02T19:40:59+00:00,https://bilgewatermarket.com/cards,Evershade Stalker,foil,0.15,https://bilgewatermarket.com/cards/UNL-123?print_variation=foiled,foiled,https://bilgewatermarket.com/assets/UNL-123-EN-CsVciQU8.webp,¥0.51,$0.15,,Evershade Stalker UNL-123/219 Foiled CN ¥0.51 EN $0.15
2026-09-02T19:40:59+00:00,https://bilgewatermarket.com/cards,Evershade Stalker,nonfoil,0.07,https://bilgewatermarket.com/cards/UNL-123,normal,https://bilgewatermarket.com/assets/UNL-123-EN-CsVciQU8.webp,¥0.50,$0.07,,Evershade Stalker UNL-123/219 CN ¥0.50 EN $0.07
2026-09-02T19:40:59+00:00,https://bilgewatermarket.com/cards,Isolate,foil,0.19,https://bilgewatermarket.com/cards/UNL-124?print_variation=foiled,foiled,https://bilgewatermarket.com/assets/UNL-124-EN-BBwK6AVQ.webp,¥0.51,$0.19,,Isolate UNL-124/219 Foiled CN ¥0.51 EN $0.19
2026-09-02T19:40:59+00:00,https://bilgewatermarket.com/cards,Isolate,nonfoil,0.05,https://bilgewatermarket.com/cards/UNL-124,normal,https://bilgewatermarket.com/assets/UNL-124-EN-BBwK6AVQ.webp,¥0.50,$0.05,,Isolate UNL-124/219 CN ¥0.50 EN $0.05
2026-09-02T19:40:59+00:00,https://bilgewatermarket.com/cards,Lunar Boon,foil,0.20,https://bilgewatermarket.com/cards/UNL-125?print_variation=foiled,foiled,https://bilgewatermarket.com/assets/UNL-125-EN-pmN72IVD.webp,¥1.07,$0.20,,Lunar Boon UNL-125/219 Foiled CN ¥1.07 EN $0.20
2026-09-02T19:40:59+00:00,https://bilgewatermarket.com/cards,Lunar Boon,nonfoil,0.08,https://bilgewatermarket.com/cards/UNL-125,normal,https://bilgewatermarket.com/assets/UNL-125-EN-pmN72IVD.webp,¥0.56,$0.08,,Lunar Boon UNL-125/219 CN ¥0.56 EN $0.08
2026-09-02T19:40:59+00:00,https://bilgewatermarket.com/cards,Megatusk,foil,0.09,https://bilgewatermarket.com/cards/UNL-126?print_variation=foiled,foiled,https://bilgewatermarket.com/assets/UNL-126-EN-VW2VE074.webp,¥0.54,$0.09,,Megatusk UNL-126/219 Foiled CN ¥0.54 EN $0.09
2026-09-02T19:40:59+00:00,https://bilgewatermarket.com/cards,Megatusk,nonfoil,0.03,https://bilgewatermarket.com/cards/UNL-126,normal,https://bilgewatermarket.com/assets/UNL-126-EN-VW2VE074.webp,¥0.50,$0.03,,Megatusk UNL-126/219 CN ¥0.50 EN $0.03
2026-09-02T19:40:59+00:00,https://bilgewatermarket.com/cards,Mister Root,foil,0.24,https://bilgewatermarket.com/cards/UNL-127?print_variation=foiled,foiled,https://bilgewatermarket.com/assets/UNL-127-EN-BvbWbqHA.webp,¥0.60,$0.24,,Mister Root UNL-127/219 Foiled CN ¥0.60 EN $0.24
2026-09-02T19:40:59+00:00,https://bilgewatermarket.com/cards,Mister Root,nonfoil,0.08,https://bilgewatermarket.com/cards/UNL-127,normal,https://bilgewatermarket.com/assets/UNL-127-EN-BvbWbqHA.webp,¥0.50,$0.08,,Mister Root UNL-127/219 CN ¥0.50 EN $0.08
2026-09-02T19:40:59+00:00,https://bilgewatermarket.com/cards,"Star,Crossed",foil,0.85,https://bilgewatermarket.com/cards/UNL-128?print_variation=foiled,foiled,https://bilgewatermarket.com/assets/UNL-128-EN-B1IcNVe9.webp,¥4.74,$0.85,,"Star,Crossed UNL-128/219 Foiled CN ¥4.74 EN $0.85"
2026-09-02T19:40:59+00:00,https://bilgewatermarket.com/cards,"Star,Crossed",nonfoil,0.20,https://bilgewatermarket.com/cards/UNL-128,normal,https://bilgewatermarket.com/assets/UNL-128-EN-B1IcNVe9.webp,¥0.72,$0.20,,"Star,Crossed UNL-128/219 CN ¥0.72 EN $0.20"
2026-09-02T19:40:59+00:00,https://bilgewatermarket.com/cards,Vicious Snapjaws,foil,0.17,https://bilgewatermarket.com/cards/UNL-129?print_variation=foiled,foiled,https://bilgewatermarket.com/assets/UNL-129-EN-fKlkeXoi.webp,¥0.60,$0.17,,Vicious Snapjaws UNL-129/219 Foiled CN ¥0.60 EN $0.17
2026-09-02T19:40:59+00:00,https://bilgewatermarket.com/cards,Vicious Snapjaws,nonfoil,0.04,https://bilgewatermarket.com/cards/UNL-129,normal,https://bilgewatermarket.com/assets/UNL-129-EN-fKlkeXoi.webp,¥0.50,$0.04,,Vicious Snapjaws UNL-129/219 CN ¥0.50 EN $0.04
2026-09-02T19:40:59+00:00,https://bilgewatermarket.com/cards,Walking Roost,foil,0.14,https://bilgewatermarket.com/cards/UNL-130?print_variation=foiled,foiled,https://bilgewatermarket.com/assets/UNL-130-EN-CcMOo_iY.webp,¥0.60,$0.14,,Walking Roost UNL-130/219 Foiled CN ¥0.60 EN $0.14
2026-09-02T19:40:59+00:00,https://bilgewatermarket.com/cards,Walking Roost,nonfoil,0.05,https://bilgewatermarket.com/cards/UNL-130,normal,https://bilgewatermarket.com/assets/UNL-130-EN-CcMOo_iY.webp,¥0.50,$0.05,,Walking Roost UNL-130/219 CN ¥0.50 EN $0.05
2026-09-02T19:40:59+00:00,https://bilgewatermarket.com/cards,Abandon,foil,4.10,https://bilgewatermarket.com/cards/UNL-131?print_variation=foiled,foiled,https://bilgewatermarket.com/assets/UNL-131-EN-RenedvHA.webp,¥6.21,$4.10,,Abandon UNL-131/219 Foiled CN ¥6.21 EN $4.10
2026-09-02T19:40:59+00:00,https://bilgewatermarket.com/cards,Abandon,nonfoil,0.43,https://bilgewatermarket.com/cards/UNL-131,normal,https://bilgewatermarket.com/assets/UNL-131-EN-RenedvHA.webp,¥2.39,$0.43,,Abandon UNL-131/219 CN ¥2.39 EN $0.43
2026-09-02T19:40:59+00:00,https://bilgewatermarket.com/cards,Angler Beast,foil,0.54,https://bilgewatermarket.com/cards/UNL-132?print_variation=foiled,foiled,https://bilgewatermarket.com/assets/UNL-132-EN-CUF1GCNt.webp,¥1.18,$0.54,,Angler Beast UNL-132/219 Foiled CN ¥1.18 EN $0.54
2026-09-02T19:40:59+00:00,https://bilgewatermarket.com/cards,Angler Beast,nonfoil,0.16,https://bilgewatermarket.com/cards/UNL-132,normal,https://bilgewatermarket.com/assets/UNL-132-EN-CUF1GCNt.webp,¥0.72,$0.16,,Angler Beast UNL-132/219 CN ¥0.72 EN $0.16
2026-09-02T19:40:59+00:00,https://bilgewatermarket.com/cards,Blast Cone,foil,0.18,https://bilgewatermarket.com/cards/UNL-133?print_variation=foiled,foiled,https://bilgewatermarket.com/assets/UNL-133-EN-YbmrHFbY.webp,¥1.00,$0.18,,Blast Cone UNL-133/219 Foiled CN ¥1.00 EN $0.18
2026-09-02T19:40:59+00:00,https://bilgewatermarket.com/cards,Blast Cone,nonfoil,0.08,https://bilgewatermarket.com/cards/UNL-133,normal,https://bilgewatermarket.com/assets/UNL-133-EN-YbmrHFbY.webp,¥0.50,$0.08,,Blast Cone UNL-133/219 CN ¥0.50 EN $0.08
2026-09-02T19:40:59+00:00,https://bilgewatermarket.com/cards,Existential Dread,foil,1.20,https://bilgewatermarket.com/cards/UNL-134?print_variation=foiled,foiled,https://bilgewatermarket.com/assets/UNL-134-EN-DXv1ha3O.webp,¥3.48,$1.20,,Existential Dread UNL-134/219 Foiled CN ¥3.48 EN $1.20
2026-09-02T19:40:59+00:00,https://bilgewatermarket.com/cards,Existential Dread,nonfoil,0.21,https://bilgewatermarket.com/cards/UNL-134,normal,https://bilgewatermarket.com/assets/UNL-134-EN-DXv1ha3O.webp,¥0.56,$0.21,,Existential Dread UNL-134/219 CN ¥0.56 EN $0.21
2026-09-02T19:40:59+00:00,https://bilgewatermarket.com/cards,Insightful Investigator,foil,0.28,https://bilgewatermarket.com/cards/UNL-135?print_variation=foiled,foiled,https://bilgewatermarket.com/assets/UNL-135-EN-4LHWxiVs.webp,¥0.51,$0.28,,Insightful Investigator UNL-135/219 Foiled CN ¥0.51 EN $0.28
2026-09-02T19:40:59+00:00,https://bilgewatermarket.com/cards,Insightful Investigator,nonfoil,0.08,https://bilgewatermarket.com/cards/UNL-135,normal,https://bilgewatermarket.com/assets/UNL-135-EN-4LHWxiVs.webp,¥0.70,$0.08,,Insightful Investigator UNL-135/219 CN ¥0.70 EN $0.08
2026-09-02T19:40:59+00:00,https://bilgewatermarket.com/cards,Scryer's Bloom,foil,0.27,https://bilgewatermarket.com/cards/UNL-136?print_variation=foiled,foiled,https://bilgewatermarket.com/assets/UNL-136-EN-DSg0wjPr.webp,¥1.78,$0.27,,Scryer's Bloom UNL-136/219 Foiled CN ¥1.78 EN $0.27
2026-09-02T19:40:59+00:00,https://bilgewatermarket.com/cards,Scryer's Bloom,nonfoil,0.08,https://bilgewatermarket.com/cards/UNL-136,normal,https://bilgewatermarket.com/assets/UNL-136-EN-DSg0wjPr.webp,¥0.68,$0.08,,Scryer's Bloom UNL-136/219 CN ¥0.68 EN $0.08
2026-09-02T19:40:59+00:00,https://bilgewatermarket.com/cards,Sinister Poro,foil,0.40,https://bilgewatermarket.com/cards/UNL-137?print_variation=foiled,foiled,https://bilgewatermarket.com/assets/UNL-137-EN-Dlsnsp5c.webp,¥0.52,$0.40,,Sinister Poro UNL-137/219 Foiled CN ¥0.52 EN $0.40
2026-09-02T19:40:59+00:00,https://bilgewatermarket.com/cards,Sinister Poro,nonfoil,0.17,https://bilgewatermarket.com/cards/UNL-137,normal,https://bilgewatermarket.com/assets/UNL-137-EN-Dlsnsp5c.webp,¥0.50,$0.17,,Sinister Poro UNL-137/219 CN ¥0.50 EN $0.17
2026-09-02T19:40:59+00:00,https://bilgewatermarket.com/cards,The List,foil,0.79,https://bilgewatermarket.com/cards/UNL-138?print_variation=foiled,foiled,https://bilgewatermarket.com/assets/UNL-138-EN-DrqLpGAd.webp,¥0.89,$0.79,,The List UNL-138/219 Foiled CN ¥0.89 EN $0.79
2026-09-02T19:40:59+00:00,https://bilgewatermarket.com/cards,The List,nonfoil,0.20,https://bilgewatermarket.com/cards/UNL-138,normal,https://bilgewatermarket.com/assets/UNL-138-EN-DrqLpGAd.webp,¥0.66,$0.20,,The List UNL-138/219 CN ¥0.66 EN $0.20
2026-09-02T19:40:59+00:00,https://bilgewatermarket.com/cards,Bone Skewer,nonfoil,0.31,https://bilgewatermarket.com/cards/UNL-139,normal,https://bilgewatermarket.com/assets/UNL-139-EN-JyqnIBSa.webp,¥2.07,$0.31,,Bone Skewer UNL-139/219 CN ¥2.07 EN $0.31
2026-09-02T19:40:59+00:00,https://bilgewatermarket.com/cards,Conscription,nonfoil,0.12,https://bilgewatermarket.com/cards/UNL-140,normal,https://bilgewatermarket.com/assets/UNL-140-EN-BwCRdfxx.webp,¥0.51,$0.12,,Conscription UNL-140/219 CN ¥0.51 EN $0.12
2026-09-02T19:40:59+00:00,https://bilgewatermarket.com/cards,"Evelynn, Entrancing",nonfoil,0.61,https://bilgewatermarket.com/cards/UNL-141,normal,https://bilgewatermarket.com/assets/UNL-141-EN-C6iFISbP.webp,¥1.74,$0.61,,"Evelynn, Entrancing UNL-141/219 CN ¥1.74 EN $0.61"
2026-09-02T19:40:59+00:00,https://bilgewatermarket.com/cards,Heedless Resurrection,nonfoil,0.28,https://bilgewatermarket.com/cards/UNL-142,normal,https://bilgewatermarket.com/assets/UNL-142-EN-Dh1WFGmb.webp,¥1.39,$0.28,,Heedless Resurrection UNL-142/219 CN ¥1.39 EN $0.28
2026-09-02T19:40:59+00:00,https://bilgewatermarket.com/cards,"Kha'Zix, Mutating Horror",nonfoil,0.27,https://bilgewatermarket.com/cards/UNL-143,normal,https://bilgewatermarket.com/assets/UNL-143-EN-AuRQA97f.webp,¥1.09,$0.27,,"Kha'Zix, Mutating Horror UNL-143/219 CN ¥1.09 EN $0.27"
2026-09-02T19:40:59+00:00,https://bilgewatermarket.com/cards,"Kha'Zix, Mutating Horror",nonfoil,7.83,https://bilgewatermarket.com/cards/UNL-143a?print_variation=showcase,showcase,https://bilgewatermarket.com/assets/UNL-143a-EN-C7YT9DxJ.webp,¥13.41,$7.83,,"Kha'Zix, Mutating Horror UNL-143A/219 Showcase CN ¥13.41 EN $7.83"
2026-09-02T19:40:59+00:00,https://bilgewatermarket.com/cards,Maduli the Gatekeeper,nonfoil,0.10,https://bilgewatermarket.com/cards/UNL-144,normal,https://bilgewatermarket.com/assets/UNL-144-EN-B_7am7Qq.webp,¥0.51,$0.10,,Maduli the Gatekeeper UNL-144/219 CN ¥0.51 EN $0.10
2026-09-02T19:40:59+00:00,https://bilgewatermarket.com/cards,"Pyke, Returned",nonfoil,0.36,https://bilgewatermarket.com/cards/UNL-145,normal,https://bilgewatermarket.com/assets/UNL-145-EN-UrbSVIQC.webp,¥1.09,$0.36,,"Pyke, Returned UNL-145/219 CN ¥1.09 EN $0.36"
2026-09-02T19:40:59+00:00,https://bilgewatermarket.com/cards,"Pyke, Returned",nonfoil,6.04,https://bilgewatermarket.com/cards/UNL-145a?print_variation=showcase,showcase,https://bilgewatermarket.com/assets/UNL-145A-EN-CSYf1yB8.webp,¥13.42,$6.04,,"Pyke, Returned UNL-145A/219 Showcase CN ¥13.42 EN $6.04"
2026-09-02T19:40:59+00:00,https://bilgewatermarket.com/cards,"Syndra, Transcendent",nonfoil,0.26,https://bilgewatermarket.com/cards/UNL-146,normal,https://bilgewatermarket.com/assets/UNL-146-EN-Cz19TxoF.webp,¥0.50,$0.26,,"Syndra, Transcendent UNL-146/219 CN ¥0.50 EN $0.26"
2026-09-02T19:40:59+00:00,https://bilgewatermarket.com/cards,Baron Nashor,nonfoil,19.14,https://bilgewatermarket.com/cards/UNL-147,normal,https://bilgewatermarket.com/assets/UNL-147-EN-DoSj8dTs.webp,¥33.62,$19.14,,Baron Nashor UNL-147/219 CN ¥33.62 EN $19.14
2026-09-02T19:40:59+00:00,https://bilgewatermarket.com/cards,Baron Nashor,nonfoil,26.96,https://bilgewatermarket.com/cards/UNL-147a?print_variation=showcase,showcase,https://bilgewatermarket.com/assets/UNL-147A-EN-D2Y6aT_f.webp,¥50.17,$26.96,,Baron Nashor UNL-147A/219 Showcase CN ¥50.17 EN $26.96
2026-09-02T19:40:59+00:00,https://bilgewatermarket.com/cards,Cursed Sarcophagus,nonfoil,0.55,https://bilgewatermarket.com/cards/UNL-148,normal,https://bilgewatermarket.com/assets/UNL-148-EN-DjUhXxen.webp,¥1.29,$0.55,,Cursed Sarcophagus UNL-148/219 CN ¥1.29 EN $0.55
2026-09-02T19:40:59+00:00,https://bilgewatermarket.com/cards,"Diana, No Longer Human",nonfoil,1.09,https://bilgewatermarket.com/cards/UNL-149,normal,https://bilgewatermarket.com/assets/UNL-149-EN-DpKI3PKR.webp,¥2.64,$1.09,,"Diana, No Longer Human UNL-149/219 CN ¥2.64 EN $1.09"
2026-09-02T19:40:59+00:00,https://bilgewatermarket.com/cards,"Diana, No Longer Human",nonfoil,6.87,https://bilgewatermarket.com/cards/UNL-149a?print_variation=showcase,showcase,https://bilgewatermarket.com/assets/UNL-149A-EN-BHivHxly.webp,¥10.38,$6.87,,"Diana, No Longer Human UNL-149A/219 Showcase CN ¥10.38 EN $6.87"
2026-09-02T19:40:59+00:00,https://bilgewatermarket.com/cards,"Vex, Apathetic",nonfoil,16.96,https://bilgewatermarket.com/cards/UNL-150,normal,https://bilgewatermarket.com/assets/UNL-150-EN-yVbHxeE-.webp,¥31.94,$16.96,,"Vex, Apathetic UNL-150/219 CN ¥31.94 EN $16.96"
2026-09-02T19:40:59+00:00,https://bilgewatermarket.com/cards,"Vex, Apathetic",nonfoil,24.61,https://bilgewatermarket.com/cards/UNL-150a?print_variation=showcase,showcase,https://bilgewatermarket.com/assets/UNL-150a-EN-B6EXUfc1.webp,¥66.76,$24.61,,"Vex, Apathetic UNL-150A/219 Showcase CN ¥66.76 EN $24.61"
2026-09-02T19:40:59+00:00,https://bilgewatermarket.com/cards,Bandle Soldier,foil,0.10,https://bilgewatermarket.com/cards/UNL-151?print_variation=foiled,foiled,https://bilgewatermarket.com/assets/UNL-151-EN-CEh68Sds.webp,¥0.80,$0.10,,Bandle Soldier UNL-151/219 Foiled CN ¥0.80 EN $0.10
2026-09-02T19:40:59+00:00,https://bilgewatermarket.com/cards,Bandle Soldier,nonfoil,0.04,https://bilgewatermarket.com/cards/UNL-151,normal,https://bilgewatermarket.com/assets/UNL-151-EN-CEh68Sds.webp,¥0.50,$0.04,,Bandle Soldier UNL-151/219 CN ¥0.50 EN $0.04
2026-09-02T19:40:59+00:00,https://bilgewatermarket.com/cards,Black Rose Dignitary,foil,0.34,https://bilgewatermarket.com/cards/UNL-152?print_variation=foiled,foiled,https://bilgewatermarket.com/assets/UNL-152-EN-DqjPQXlw.webp,¥0.91,$0.34,,Black Rose Dignitary UNL-152/219 Foiled CN ¥0.91 EN $0.34
2026-09-02T19:40:59+00:00,https://bilgewatermarket.com/cards,Black Rose Dignitary,nonfoil,0.07,https://bilgewatermarket.com/cards/UNL-152,normal,https://bilgewatermarket.com/assets/UNL-152-EN-DqjPQXlw.webp,¥0.51,$0.07,,Black Rose Dignitary UNL-152/219 CN ¥0.51 EN $0.07
2026-09-02T19:40:59+00:00,https://bilgewatermarket.com/cards,Carrion Dredger,foil,0.25,https://bilgewatermarket.com/cards/UNL-153?print_variation=foiled,foiled,https://bilgewatermarket.com/assets/UNL-153-EN-HqssLerk.webp,¥1.07,$0.25,,Carrion Dredger UNL-153/219 Foiled CN ¥1.07 EN $0.25
2026-09-02T19:40:59+00:00,https://bilgewatermarket.com/cards,Carrion Dredger,nonfoil,0.09,https://bilgewatermarket.com/cards/UNL-153,normal,https://bilgewatermarket.com/assets/UNL-153-EN-HqssLerk.webp,¥0.68,$0.09,,Carrion Dredger UNL-153/219 CN ¥0.68 EN $0.09
2026-09-02T19:40:59+00:00,https://bilgewatermarket.com/cards,Crimson Pigeons,foil,0.22,https://bilgewatermarket.com/cards/UNL-154?print_variation=foiled,foiled,https://bilgewatermarket.com/assets/UNL-154-EN-CAXKlENX.webp,¥1.00,$0.22,,Crimson Pigeons UNL-154/219 Foiled CN ¥1.00 EN $0.22
2026-09-02T19:40:59+00:00,https://bilgewatermarket.com/cards,Crimson Pigeons,nonfoil,0.06,https://bilgewatermarket.com/cards/UNL-154,normal,https://bilgewatermarket.com/assets/UNL-154-EN-CAXKlENX.webp,¥0.50,$0.06,,Crimson Pigeons UNL-154/219 CN ¥0.50 EN $0.06
2026-09-02T19:40:59+00:00,https://bilgewatermarket.com/cards,Heroic Charge,foil,0.19,https://bilgewatermarket.com/cards/UNL-155?print_variation=foiled,foiled,https://bilgewatermarket.com/assets/UNL-155-EN-DeY1dV1X.webp,¥0.90,$0.19,,Heroic Charge UNL-155/219 Foiled CN ¥0.90 EN $0.19
2026-09-02T19:40:59+00:00,https://bilgewatermarket.com/cards,Heroic Charge,nonfoil,0.05,https://bilgewatermarket.com/cards/UNL-155,normal,https://bilgewatermarket.com/assets/UNL-155-EN-DeY1dV1X.webp,¥0.50,$0.05,,Heroic Charge UNL-155/219 CN ¥0.50 EN $0.05
2026-09-02T19:40:59+00:00,https://bilgewatermarket.com/cards,Loyal Poro,foil,0.29,https://bilgewatermarket.com/cards/UNL-156?print_variation=foiled,foiled,https://bilgewatermarket.com/assets/UNL-156-EN-DXPw4hOS.webp,¥0.75,$0.29,,Loyal Poro UNL-156/219 Foiled CN ¥0.75 EN $0.29
2026-09-02T19:40:59+00:00,https://bilgewatermarket.com/cards,Loyal Poro,nonfoil,0.13,https://bilgewatermarket.com/cards/UNL-156,normal,https://bilgewatermarket.com/assets/UNL-156-EN-DXPw4hOS.webp,¥0.52,$0.13,,Loyal Poro UNL-156/219 CN ¥0.52 EN $0.13
2026-09-02T19:40:59+00:00,https://bilgewatermarket.com/cards,Scrutinizing Sergeant,foil,0.12,https://bilgewatermarket.com/cards/UNL-157?print_variation=foiled,foiled,https://bilgewatermarket.com/assets/UNL-157-EN-CQyKyoh5.webp,¥0.50,$0.12,,Scrutinizing Sergeant UNL-157/219 Foiled CN ¥0.50 EN $0.12
2026-09-02T19:40:59+00:00,https://bilgewatermarket.com/cards,Scrutinizing Sergeant,nonfoil,0.04,https://bilgewatermarket.com/cards/UNL-157,normal,https://bilgewatermarket.com/assets/UNL-157-EN-CQyKyoh5.webp,¥0.50,$0.04,,Scrutinizing Sergeant UNL-157/219 CN ¥0.50 EN $0.04
2026-09-02T19:40:59+00:00,https://bilgewatermarket.com/cards,Shepherd's Heirloom,foil,0.27,https://bilgewatermarket.com/cards/UNL-158?print_variation=foiled,foiled,https://bilgewatermarket.com/assets/UNL-158-EN-Bog8bjwv.webp,¥1.16,$0.27,,Shepherd's Heirloom UNL-158/219 Foiled CN ¥1.16 EN $0.27
2026-09-02T19:40:59+00:00,https://bilgewatermarket.com/cards,Shepherd's Heirloom,nonfoil,0.12,https://bilgewatermarket.com/cards/UNL-158,normal,https://bilgewatermarket.com/assets/UNL-158-EN-Bog8bjwv.webp,¥0.53,$0.12,,Shepherd's Heirloom UNL-158/219 CN ¥0.53 EN $0.12
2026-09-02T19:40:59+00:00,https://bilgewatermarket.com/cards,Soul Harvest,foil,0.15,https://bilgewatermarket.com/cards/UNL-159?print_variation=foiled,foiled,https://bilgewatermarket.com/assets/UNL-159-EN-2vJBQWMJ.webp,¥0.50,$0.15,,Soul Harvest UNL-159/219 Foiled CN ¥0.50 EN $0.15
2026-09-02T19:40:59+00:00,https://bilgewatermarket.com/cards,Soul Harvest,nonfoil,0.06,https://bilgewatermarket.com/cards/UNL-159,normal,https://bilgewatermarket.com/assets/UNL-159-EN-2vJBQWMJ.webp,¥0.50,$0.06,,Soul Harvest UNL-159/219 CN ¥0.50 EN $0.06
2026-09-02T19:40:59+00:00,https://bilgewatermarket.com/cards,Ultrasoft Poro,foil,0.31,https://bilgewatermarket.com/cards/UNL-160?print_variation=foiled,foiled,https://bilgewatermarket.com/assets/UNL-160-EN-BuEI10Q6.webp,¥1.10,$0.31,,Ultrasoft Poro UNL-160/219 Foiled CN ¥1.10 EN $0.31
2026-09-02T19:40:59+00:00,https://bilgewatermarket.com/cards,Ultrasoft Poro,nonfoil,0.09,https://bilgewatermarket.com/cards/UNL-160,normal,https://bilgewatermarket.com/assets/UNL-160-EN-BuEI10Q6.webp,¥0.50,$0.09,,Ultrasoft Poro UNL-160/219 CN ¥0.50 EN $0.09
2026-09-02T19:40:59+00:00,https://bilgewatermarket.com/cards,Divining Shells,foil,0.32,https://bilgewatermarket.com/cards/UNL-161?print_variation=foiled,foiled,https://bilgewatermarket.com/assets/UNL-161-EN-mn_A0Ndv.webp,¥0.91,$0.32,,Divining Shells UNL-161/219 Foiled CN ¥0.91 EN $0.32
2026-09-02T19:40:59+00:00,https://bilgewatermarket.com/cards,Divining Shells,nonfoil,0.11,https://bilgewatermarket.com/cards/UNL-161,normal,https://bilgewatermarket.com/assets/UNL-161-EN-mn_A0Ndv.webp,¥0.97,$0.11,,Divining Shells UNL-161/219 CN ¥0.97 EN $0.11
2026-09-02T19:40:59+00:00,https://bilgewatermarket.com/cards,Enthralling Protector,foil,0.22,https://bilgewatermarket.com/cards/UNL-162?print_variation=foiled,foiled,https://bilgewatermarket.com/assets/UNL-162-EN-_6J6Hk9F.webp,¥0.57,$0.22,,Enthralling Protector UNL-162/219 Foiled CN ¥0.57 EN $0.22
2026-09-02T19:40:59+00:00,https://bilgewatermarket.com/cards,Enthralling Protector,nonfoil,0.07,https://bilgewatermarket.com/cards/UNL-162,normal,https://bilgewatermarket.com/assets/UNL-162-EN-_6J6Hk9F.webp,¥0.50,$0.07,,Enthralling Protector UNL-162/219 CN ¥0.50 EN $0.07
2026-09-02T19:40:59+00:00,https://bilgewatermarket.com/cards,Mageseeker Investigator,foil,0.22,https://bilgewatermarket.com/cards/UNL-163?print_variation=foiled,foiled,https://bilgewatermarket.com/assets/UNL-163-EN-BV0PMg28.webp,¥0.50,$0.22,,Mageseeker Investigator UNL-163/219 Foiled CN ¥0.50 EN $0.22
2026-09-02T19:40:59+00:00,https://bilgewatermarket.com/cards,Mageseeker Investigator,nonfoil,0.10,https://bilgewatermarket.com/cards/UNL-163,normal,https://bilgewatermarket.com/assets/UNL-163-EN-BV0PMg28.webp,¥0.50,$0.10,,Mageseeker Investigator UNL-163/219 CN ¥0.50 EN $0.10
2026-09-02T19:40:59+00:00,https://bilgewatermarket.com/cards,Safety Inspector,foil,0.73,https://bilgewatermarket.com/cards/UNL-164?print_variation=foiled,foiled,https://bilgewatermarket.com/assets/UNL-164-EN-CbnKgXeJ.webp,¥1.08,$0.73,,Safety Inspector UNL-164/219 Foiled CN ¥1.08 EN $0.73
2026-09-02T19:40:59+00:00,https://bilgewatermarket.com/cards,Safety Inspector,nonfoil,0.18,https://bilgewatermarket.com/cards/UNL-164,normal,https://bilgewatermarket.com/assets/UNL-164-EN-CbnKgXeJ.webp,¥1.06,$0.18,,Safety Inspector UNL-164/219 CN ¥1.06 EN $0.18
2026-09-02T19:40:59+00:00,https://bilgewatermarket.com/cards,Shadow's Call,foil,1.43,https://bilgewatermarket.com/cards/UNL-165?print_variation=foiled,foiled,https://bilgewatermarket.com/assets/UNL-165-EN-DixP8nuW.webp,¥5.23,$1.43,,Shadow's Call UNL-165/219 Foiled CN ¥5.23 EN $1.43
2026-09-02T19:40:59+00:00,https://bilgewatermarket.com/cards,Shadow's Call,nonfoil,0.39,https://bilgewatermarket.com/cards/UNL-165,normal,https://bilgewatermarket.com/assets/UNL-165-EN-DixP8nuW.webp,¥2.24,$0.39,,Shadow's Call UNL-165/219 CN ¥2.24 EN $0.39
2026-09-02T19:40:59+00:00,https://bilgewatermarket.com/cards,Stalking Wolf,foil,0.18,https://bilgewatermarket.com/cards/UNL-166?print_variation=foiled,foiled,https://bilgewatermarket.com/assets/UNL-166-EN-B_noFlGt.webp,¥1.00,$0.18,,Stalking Wolf UNL-166/219 Foiled CN ¥1.00 EN $0.18
2026-09-02T19:40:59+00:00,https://bilgewatermarket.com/cards,Stalking Wolf,nonfoil,0.09,https://bilgewatermarket.com/cards/UNL-166,normal,https://bilgewatermarket.com/assets/UNL-166-EN-B_noFlGt.webp,¥0.51,$0.09,,Stalking Wolf UNL-166/219 CN ¥0.51 EN $0.09
2026-09-02T19:40:59+00:00,https://bilgewatermarket.com/cards,Starhound,foil,0.22,https://bilgewatermarket.com/cards/UNL-167?print_variation=foiled,foiled,https://bilgewatermarket.com/assets/UNL-167-EN-C0deYBoU.webp,¥1.19,$0.22,,Starhound UNL-167/219 Foiled CN ¥1.19 EN $0.22
2026-09-02T19:40:59+00:00,https://bilgewatermarket.com/cards,Starhound,nonfoil,0.11,https://bilgewatermarket.com/cards/UNL-167,normal,https://bilgewatermarket.com/assets/UNL-167-EN-C0deYBoU.webp,¥0.50,$0.11,,Starhound UNL-167/219 CN ¥0.50 EN $0.11
2026-09-02T19:40:59+00:00,https://bilgewatermarket.com/cards,Undying Loyalty,foil,0.37,https://bilgewatermarket.com/cards/UNL-168?print_variation=foiled,foiled,https://bilgewatermarket.com/assets/UNL-168-EN-BPVhrgS3.webp,¥0.80,$0.37,,Undying Loyalty UNL-168/219 Foiled CN ¥0.80 EN $0.37
2026-09-02T19:40:59+00:00,https://bilgewatermarket.com/cards,Undying Loyalty,nonfoil,0.13,https://bilgewatermarket.com/cards/UNL-168,normal,https://bilgewatermarket.com/assets/UNL-168-EN-BPVhrgS3.webp,¥0.50,$0.13,,Undying Loyalty UNL-168/219 CN ¥0.50 EN $0.13
2026-09-02T19:40:59+00:00,https://bilgewatermarket.com/cards,"Ashe, Focused",nonfoil,1.23,https://bilgewatermarket.com/cards/UNL-169,normal,https://bilgewatermarket.com/assets/UNL-169-EN-BUq1c4xf.webp,¥1.63,$1.23,,"Ashe, Focused UNL-169/219 CN ¥1.63 EN $1.23"
2026-09-02T19:40:59+00:00,https://bilgewatermarket.com/cards,Atakhan,nonfoil,0.22,https://bilgewatermarket.com/cards/UNL-170,normal,https://bilgewatermarket.com/assets/UNL-170-EN-DtKxXDw7.webp,¥1.42,$0.22,,Atakhan UNL-170/219 CN ¥1.42 EN $0.22
2026-09-02T19:40:59+00:00,https://bilgewatermarket.com/cards,"Galio, Indefatigable",nonfoil,0.24,https://bilgewatermarket.com/cards/UNL-171,normal,https://bilgewatermarket.com/assets/UNL-171-EN-ojnOpaGS.webp,¥1.28,$0.24,,"Galio, Indefatigable UNL-171/219 CN ¥1.28 EN $0.24"
2026-09-02T19:40:59+00:00,https://bilgewatermarket.com/cards,"LeBlanc, Fragmented",nonfoil,0.26,https://bilgewatermarket.com/cards/UNL-172,normal,https://bilgewatermarket.com/assets/UNL-172-EN-BkP5bmzN.webp,¥1.09,$0.26,,"LeBlanc, Fragmented UNL-172/219 CN ¥1.09 EN $0.26"
2026-09-02T19:40:59+00:00,https://bilgewatermarket.com/cards,"LeBlanc, Fragmented",nonfoil,3.01,https://bilgewatermarket.com/cards/UNL-172a?print_variation=showcase,showcase,https://bilgewatermarket.com/assets/UNL-172a-EN-CGkSEWup.webp,¥6.87,$3.01,,"LeBlanc, Fragmented UNL-172A/219 Showcase CN ¥6.87 EN $3.01"
2026-09-02T19:40:59+00:00,https://bilgewatermarket.com/cards,Sacrifice,nonfoil,1.92,https://bilgewatermarket.com/cards/UNL-173,normal,https://bilgewatermarket.com/assets/UNL-173-EN-Ewg_bL9y.webp,¥5.45,$1.92,,Sacrifice UNL-173/219 CN ¥5.45 EN $1.92
2026-09-02T19:40:59+00:00,https://bilgewatermarket.com/cards,Shard of Undoing,nonfoil,0.14,https://bilgewatermarket.com/cards/UNL-174,normal,https://bilgewatermarket.com/assets/UNL-174-EN-D_6q7Zv2.webp,¥0.86,$0.14,,Shard of Undoing UNL-174/219 CN ¥0.86 EN $0.14
2026-09-02T19:40:59+00:00,https://bilgewatermarket.com/cards,Tactical Retreat,nonfoil,0.21,https://bilgewatermarket.com/cards/UNL-175,normal,https://bilgewatermarket.com/assets/UNL-175-EN-CdsOQ7ht.webp,¥1.79,$0.21,,Tactical Retreat UNL-175/219 CN ¥1.79 EN $0.21
2026-09-02T19:40:59+00:00,https://bilgewatermarket.com/cards,"Vi, Peacekeeper",nonfoil,2.88,https://bilgewatermarket.com/cards/UNL-176,normal,https://bilgewatermarket.com/assets/UNL-176-EN-DMd-dYzS.webp,¥3.21,$2.88,,"Vi, Peacekeeper UNL-176/219 CN ¥3.21 EN $2.88"
2026-09-02T19:40:59+00:00,https://bilgewatermarket.com/cards,"Vi, Peacekeeper",nonfoil,15.25,https://bilgewatermarket.com/cards/UNL-176a?print_variation=showcase,showcase,https://bilgewatermarket.com/assets/UNL-176a-EN-Cy2jvSGJ.webp,¥23.00,$15.25,,"Vi, Peacekeeper UNL-176A/219 Showcase CN ¥23.00 EN $15.25"
2026-09-02T19:40:59+00:00,https://bilgewatermarket.com/cards,"Ivern, Friend to All",nonfoil,1.15,https://bilgewatermarket.com/cards/UNL-177,normal,https://bilgewatermarket.com/assets/UNL-177-EN-DYlogs58.webp,¥1.29,$1.15,,"Ivern, Friend to All UNL-177/219 CN ¥1.29 EN $1.15"
2026-09-02T19:40:59+00:00,https://bilgewatermarket.com/cards,"Ivern, Friend to All",nonfoil,2.56,https://bilgewatermarket.com/cards/UNL-177a?print_variation=showcase,showcase,https://bilgewatermarket.com/assets/UNL-177A-EN-C8hacV8j.webp,¥2.58,$2.56,,"Ivern, Friend to All UNL-177A/219 Showcase CN ¥2.58 EN $2.56"
2026-09-02T19:40:59+00:00,https://bilgewatermarket.com/cards,"Poppy, Defender of the Meek",nonfoil,0.66,https://bilgewatermarket.com/cards/UNL-178,normal,https://bilgewatermarket.com/assets/UNL-178-EN-Cs288QlU.webp,¥1.05,$0.66,,"Poppy, Defender of the Meek UNL-178/219 CN ¥1.05 EN $0.66"
2026-09-02T19:40:59+00:00,https://bilgewatermarket.com/cards,"Poppy, Defender of the Meek",nonfoil,2.15,https://bilgewatermarket.com/cards/UNL-178a?print_variation=showcase,showcase,https://bilgewatermarket.com/assets/UNL-178a-EN-DNVPq4D7.webp,¥4.29,$2.15,,"Poppy, Defender of the Meek UNL-178A/219 Showcase CN ¥4.29 EN $2.15"
2026-09-02T19:40:59+00:00,https://bilgewatermarket.com/cards,Rift Herald,nonfoil,3.85,https://bilgewatermarket.com/cards/UNL-179,normal,https://bilgewatermarket.com/assets/UNL-179-EN-BLmbmJ4a.webp,¥17.67,$3.85,,Rift Herald UNL-179/219 CN ¥17.67 EN $3.85
2026-09-02T19:40:59+00:00,https://bilgewatermarket.com/cards,Rift Herald,nonfoil,9.36,https://bilgewatermarket.com/cards/UNL-179a?print_variation=showcase,showcase,https://bilgewatermarket.com/assets/UNL-179a-EN-BwVRYp8h.webp,¥30.29,$9.36,,Rift Herald UNL-179A/219 Showcase CN ¥30.29 EN $9.36
2026-09-02T19:40:59+00:00,https://bilgewatermarket.com/cards,The Ruination,nonfoil,8.97,https://bilgewatermarket.com/cards/UNL-180,normal,https://bilgewatermarket.com/assets/UNL-180-EN-bfN24x83.webp,¥21.97,$8.97,,The Ruination UNL-180/219 CN ¥21.97 EN $8.97
2026-09-02T19:40:59+00:00,https://bilgewatermarket.com/cards,"Jhin, Virtuoso",nonfoil,0.11,https://bilgewatermarket.com/cards/UNL-181,normal,https://bilgewatermarket.com/assets/UNL-181-EN-U2aMjJ5U.webp,¥0.50,$0.11,,"Jhin, Virtuoso UNL-181/219 CN ¥0.50 EN $0.11"
2026-09-02T19:40:59+00:00,https://bilgewatermarket.com/cards,Curtain Call,nonfoil,0.96,https://bilgewatermarket.com/cards/UNL-182,normal,https://bilgewatermarket.com/assets/UNL-182-EN-DY32jETE.webp,¥3.67,$0.96,,Curtain Call UNL-182/219 CN ¥3.67 EN $0.96
2026-09-02T19:40:59+00:00,https://bilgewatermarket.com/cards,"Rengar, Pridestalker",nonfoil,0.17,https://bilgewatermarket.com/cards/UNL-183,normal,https://bilgewatermarket.com/assets/UNL-183-EN-B4cRVZDo.webp,¥0.60,$0.17,,"Rengar, Pridestalker UNL-183/219 CN ¥0.60 EN $0.17"
2026-09-02T19:40:59+00:00,https://bilgewatermarket.com/cards,Thrill of the Hunt,nonfoil,10.30,https://bilgewatermarket.com/cards/UNL-184,normal,https://bilgewatermarket.com/assets/UNL-184-EN-CIDe2FFX.webp,¥12.15,$10.30,,Thrill of the Hunt UNL-184/219 CN ¥12.15 EN $10.30
2026-09-02T19:40:59+00:00,https://bilgewatermarket.com/cards,"Pyke, Bloodharbor Ripper",nonfoil,0.12,https://bilgewatermarket.com/cards/UNL-185,normal,https://bilgewatermarket.com/assets/UNL-185-EN-qdyFAFT1.webp,¥0.59,$0.12,,"Pyke, Bloodharbor Ripper UNL-185/219 CN ¥0.59 EN $0.12"
2026-09-02T19:40:59+00:00,https://bilgewatermarket.com/cards,Death from Below,nonfoil,0.82,https://bilgewatermarket.com/cards/UNL-186,normal,https://bilgewatermarket.com/assets/UNL-186-EN-9MZnqrak.webp,¥2.89,$0.82,,Death from Below UNL-186/219 CN ¥2.89 EN $0.82
2026-09-02T19:40:59+00:00,https://bilgewatermarket.com/cards,"Vi, Piltover Enforcer",nonfoil,0.18,https://bilgewatermarket.com/cards/UNL-187,normal,https://bilgewatermarket.com/assets/UNL-187-EN-BPjSbsKQ.webp,¥0.53,$0.18,,"Vi, Piltover Enforcer UNL-187/219 CN ¥0.53 EN $0.18"
2026-09-02T19:40:59+00:00,https://bilgewatermarket.com/cards,Hextech Gauntlets,nonfoil,0.66,https://bilgewatermarket.com/cards/UNL-188,normal,https://bilgewatermarket.com/assets/UNL-188-EN-DDZT2s9K.webp,¥2.04,$0.66,,Hextech Gauntlets UNL-188/219 CN ¥2.04 EN $0.66
2026-09-02T19:40:59+00:00,https://bilgewatermarket.com/cards,"Lillia, Bashful Bloom",nonfoil,0.16,https://bilgewatermarket.com/cards/UNL-189,normal,https://bilgewatermarket.com/assets/UNL-189-EN-kQBpLE9j.webp,¥0.52,$0.16,,"Lillia, Bashful Bloom UNL-189/219 CN ¥0.52 EN $0.16"
2026-09-02T19:40:59+00:00,https://bilgewatermarket.com/cards,Lilting Lullaby,nonfoil,1.62,https://bilgewatermarket.com/cards/UNL-190,normal,https://bilgewatermarket.com/assets/UNL-190-EN-Dn1XtAnW.webp,¥11.07,$1.62,,Lilting Lullaby UNL-190/219 CN ¥11.07 EN $1.62
2026-09-02T19:40:59+00:00,https://bilgewatermarket.com/cards,"Master Yi, Wuju Master",nonfoil,0.11,https://bilgewatermarket.com/cards/UNL-191,normal,https://bilgewatermarket.com/assets/UNL-191-EN-CefqZVC-.webp,¥0.53,$0.11,,"Master Yi, Wuju Master UNL-191/219 CN ¥0.53 EN $0.11"
2026-09-02T19:40:59+00:00,https://bilgewatermarket.com/cards,Alpha Strike,nonfoil,1.89,https://bilgewatermarket.com/cards/UNL-192,normal,https://bilgewatermarket.com/assets/UNL-192-EN-Cq4PsRGb.webp,¥13.13,$1.89,,Alpha Strike UNL-192/219 CN ¥13.13 EN $1.89
2026-09-02T19:40:59+00:00,https://bilgewatermarket.com/cards,"Vex, Gloomist",nonfoil,0.10,https://bilgewatermarket.com/cards/UNL-193,normal,https://bilgewatermarket.com/assets/UNL-193-EN-DNlP_F4B.webp,¥0.61,$0.10,,"Vex, Gloomist UNL-193/219 CN ¥0.61 EN $0.10"
2026-09-02T19:40:59+00:00,https://bilgewatermarket.com/cards,Shadow,nonfoil,0.34,https://bilgewatermarket.com/cards/UNL-194,normal,https://bilgewatermarket.com/assets/UNL-194-EN-DpsNrwjx.webp,¥2.12,$0.34,,Shadow UNL-194/219 CN ¥2.12 EN $0.34
2026-09-02T19:40:59+00:00,https://bilgewatermarket.com/cards,"Ivern, Green Father",nonfoil,0.12,https://bilgewatermarket.com/cards/UNL-195,normal,https://bilgewatermarket.com/assets/UNL-195-EN-e54tnICv.webp,¥0.51,$0.12,,"Ivern, Green Father UNL-195/219 CN ¥0.51 EN $0.12"
2026-09-02T19:40:59+00:00,https://bilgewatermarket.com/cards,Daisy!,nonfoil,1.36,https://bilgewatermarket.com/cards/UNL-196,normal,https://bilgewatermarket.com/assets/UNL-196-EN-SMW5qYhA.webp,¥3.25,$1.36,,Daisy! UNL-196/219 CN ¥3.25 EN $1.36
2026-09-02T19:40:59+00:00,https://bilgewatermarket.com/cards,"Diana, Scorn of the Moon",nonfoil,0.20,https://bilgewatermarket.com/cards/UNL-197,normal,https://bilgewatermarket.com/assets/UNL-197-EN-CNKWIhcH.webp,¥0.53,$0.20,,"Diana, Scorn of the Moon UNL-197/219 CN ¥0.53 EN $0.20"
2026-09-02T19:40:59+00:00,https://bilgewatermarket.com/cards,Moonfall,nonfoil,13.25,https://bilgewatermarket.com/cards/UNL-198,normal,https://bilgewatermarket.com/assets/UNL-198-EN-C577_q1f.webp,¥41.00,$13.25,,Moonfall UNL-198/219 CN ¥41.00 EN $13.25
2026-09-02T19:40:59+00:00,https://bilgewatermarket.com/cards,"LeBlanc, Deceiver",nonfoil,0.16,https://bilgewatermarket.com/cards/UNL-199,normal,https://bilgewatermarket.com/assets/UNL-199-EN-rwWohJbI.webp,¥0.66,$0.16,,"LeBlanc, Deceiver UNL-199/219 CN ¥0.66 EN $0.16"
2026-09-02T19:40:59+00:00,https://bilgewatermarket.com/cards,Mirror Image,nonfoil,6.61,https://bilgewatermarket.com/cards/UNL-200,normal,https://bilgewatermarket.com/assets/UNL-200-EN-BFJZsggW.webp,¥24.04,$6.61,,Mirror Image UNL-200/219 CN ¥24.04 EN $6.61
2026-09-02T19:40:59+00:00,https://bilgewatermarket.com/cards,"Kha'Zix, Voidreaver",nonfoil,0.16,https://bilgewatermarket.com/cards/UNL-201,normal,https://bilgewatermarket.com/assets/UNL-201-EN-eJCqdA7M.webp,¥0.51,$0.16,,"Kha'Zix, Voidreaver UNL-201/219 CN ¥0.51 EN $0.16"
2026-09-02T19:40:59+00:00,https://bilgewatermarket.com/cards,Void Assault,nonfoil,4.91,https://bilgewatermarket.com/cards/UNL-202,normal,https://bilgewatermarket.com/assets/UNL-202-EN-BYsayl9r.webp,¥8.64,$4.91,,Void Assault UNL-202/219 CN ¥8.64 EN $4.91
2026-09-02T19:40:59+00:00,https://bilgewatermarket.com/cards,"Poppy, Keeper of the Hammer",nonfoil,0.17,https://bilgewatermarket.com/cards/UNL-203,normal,https://bilgewatermarket.com/assets/UNL-203-EN-DQZOV_ef.webp,¥0.55,$0.17,,"Poppy, Keeper of the Hammer UNL-203/219 CN ¥0.55 EN $0.17"
2026-09-02T19:40:59+00:00,https://bilgewatermarket.com/cards,Keeper's Verdict,nonfoil,0.60,https://bilgewatermarket.com/cards/UNL-204,normal,https://bilgewatermarket.com/assets/UNL-204-EN-DfO5hbOA.webp,¥1.44,$0.60,,Keeper's Verdict UNL-204/219 CN ¥1.44 EN $0.60
2026-09-02T19:40:59+00:00,https://bilgewatermarket.com/cards,Abandoned Hall,foil,0.47,https://bilgewatermarket.com/cards/UNL-205?print_variation=foiled,foiled,https://bilgewatermarket.com/assets/UNL-205-EN-B3i0oFVT.webp,¥4.32,$0.47,,Abandoned Hall UNL-205/219 Foiled CN ¥4.32 EN $0.47
2026-09-02T19:40:59+00:00,https://bilgewatermarket.com/cards,Abandoned Hall,nonfoil,0.11,https://bilgewatermarket.com/cards/UNL-205,normal,https://bilgewatermarket.com/assets/UNL-205-EN-B3i0oFVT.webp,¥0.94,$0.11,,Abandoned Hall UNL-205/219 CN ¥0.94 EN $0.11
2026-09-02T19:40:59+00:00,https://bilgewatermarket.com/cards,Altar of Blood,foil,0.21,https://bilgewatermarket.com/cards/UNL-206?print_variation=foiled,foiled,https://bilgewatermarket.com/assets/UNL-206-EN-B2xbXvkO.webp,¥1.10,$0.21,,Altar of Blood UNL-206/219 Foiled CN ¥1.10 EN $0.21
2026-09-02T19:40:59+00:00,https://bilgewatermarket.com/cards,Altar of Blood,nonfoil,0.08,https://bilgewatermarket.com/cards/UNL-206,normal,https://bilgewatermarket.com/assets/UNL-206-EN-B2xbXvkO.webp,¥0.56,$0.08,,Altar of Blood UNL-206/219 CN ¥0.56 EN $0.08
2026-09-02T19:40:59+00:00,https://bilgewatermarket.com/cards,Amateur Recital,foil,0.26,https://bilgewatermarket.com/cards/UNL-207?print_variation=foiled,foiled,https://bilgewatermarket.com/assets/UNL-207-EN-C4fKtPbC.webp,¥2.14,$0.26,,Amateur Recital UNL-207/219 Foiled CN ¥2.14 EN $0.26
2026-09-02T19:40:59+00:00,https://bilgewatermarket.com/cards,Amateur Recital,nonfoil,0.07,https://bilgewatermarket.com/cards/UNL-207,normal,https://bilgewatermarket.com/assets/UNL-207-EN-C4fKtPbC.webp,¥0.71,$0.07,,Amateur Recital UNL-207/219 CN ¥0.71 EN $0.07
2026-09-02T19:40:59+00:00,https://bilgewatermarket.com/cards,Black Flame Altar,foil,0.20,https://bilgewatermarket.com/cards/UNL-208?print_variation=foiled,foiled,https://bilgewatermarket.com/assets/UNL-208-EN-BFfUgtpR.webp,¥1.24,$0.20,,Black Flame Altar UNL-208/219 Foiled CN ¥1.24 EN $0.20
2026-09-02T19:40:59+00:00,https://bilgewatermarket.com/cards,Black Flame Altar,nonfoil,0.14,https://bilgewatermarket.com/cards/UNL-208,normal,https://bilgewatermarket.com/assets/UNL-208-EN-BFfUgtpR.webp,¥0.54,$0.14,,Black Flame Altar UNL-208/219 CN ¥0.54 EN $0.14
2026-09-02T19:40:59+00:00,https://bilgewatermarket.com/cards,Dusk Rose Lab,foil,0.30,https://bilgewatermarket.com/cards/UNL-209?print_variation=foiled,foiled,https://bilgewatermarket.com/assets/UNL-209-EN-BuBON7qI.webp,¥2.72,$0.30,,Dusk Rose Lab UNL-209/219 Foiled CN ¥2.72 EN $0.30
2026-09-02T19:40:59+00:00,https://bilgewatermarket.com/cards,Dusk Rose Lab,nonfoil,0.06,https://bilgewatermarket.com/cards/UNL-209,normal,https://bilgewatermarket.com/assets/UNL-209-EN-BuBON7qI.webp,¥0.58,$0.06,,Dusk Rose Lab UNL-209/219 CN ¥0.58 EN $0.06
2026-09-02T19:40:59+00:00,https://bilgewatermarket.com/cards,Forbidding Waste,foil,0.29,https://bilgewatermarket.com/cards/UNL-210?print_variation=foiled,foiled,https://bilgewatermarket.com/assets/UNL-210-EN--IbLa7Sk.webp,¥2.27,$0.29,,Forbidding Waste UNL-210/219 Foiled CN ¥2.27 EN $0.29
2026-09-02T19:40:59+00:00,https://bilgewatermarket.com/cards,Forbidding Waste,nonfoil,0.10,https://bilgewatermarket.com/cards/UNL-210,normal,https://bilgewatermarket.com/assets/UNL-210-EN--IbLa7Sk.webp,¥0.76,$0.10,,Forbidding Waste UNL-210/219 CN ¥0.76 EN $0.10
2026-09-02T19:40:59+00:00,https://bilgewatermarket.com/cards,Forgotten Library,foil,0.17,https://bilgewatermarket.com/cards/UNL-211?print_variation=foiled,foiled,https://bilgewatermarket.com/assets/UNL-211-EN-7oK7vflT.webp,¥1.22,$0.17,,Forgotten Library UNL-211/219 Foiled CN ¥1.22 EN $0.17
2026-09-02T19:40:59+00:00,https://bilgewatermarket.com/cards,Forgotten Library,nonfoil,0.06,https://bilgewatermarket.com/cards/UNL-211,normal,https://bilgewatermarket.com/assets/UNL-211-EN-7oK7vflT.webp,¥0.50,$0.06,,Forgotten Library UNL-211/219 CN ¥0.50 EN $0.06
2026-09-02T19:40:59+00:00,https://bilgewatermarket.com/cards,Frozen Fortress,foil,0.32,https://bilgewatermarket.com/cards/UNL-212?print_variation=foiled,foiled,https://bilgewatermarket.com/assets/UNL-212-EN-DiwGxiqY.webp,¥1.62,$0.32,,Frozen Fortress UNL-212/219 Foiled CN ¥1.62 EN $0.32
2026-09-02T19:40:59+00:00,https://bilgewatermarket.com/cards,Frozen Fortress,nonfoil,0.08,https://bilgewatermarket.com/cards/UNL-212,normal,https://bilgewatermarket.com/assets/UNL-212-EN-DiwGxiqY.webp,¥0.61,$0.08,,Frozen Fortress UNL-212/219 CN ¥0.61 EN $0.08
2026-09-02T19:40:59+00:00,https://bilgewatermarket.com/cards,Gardens of Becoming,foil,0.26,https://bilgewatermarket.com/cards/UNL-213?print_variation=foiled,foiled,https://bilgewatermarket.com/assets/UNL-213-EN-CX1vd13o.webp,¥1.03,$0.26,,Gardens of Becoming UNL-213/219 Foiled CN ¥1.03 EN $0.26
2026-09-02T19:40:59+00:00,https://bilgewatermarket.com/cards,Gardens of Becoming,nonfoil,0.06,https://bilgewatermarket.com/cards/UNL-213,normal,https://bilgewatermarket.com/assets/UNL-213-EN-CX1vd13o.webp,¥0.51,$0.06,,Gardens of Becoming UNL-213/219 CN ¥0.51 EN $0.06
2026-09-02T19:40:59+00:00,https://bilgewatermarket.com/cards,Ripper's Bay,foil,0.24,https://bilgewatermarket.com/cards/UNL-214?print_variation=foiled,foiled,https://bilgewatermarket.com/assets/UNL-214-EN-Ny9KFUes.webp,¥1.02,$0.24,,Ripper's Bay UNL-214/219 Foiled CN ¥1.02 EN $0.24
2026-09-02T19:40:59+00:00,https://bilgewatermarket.com/cards,Ripper's Bay,nonfoil,0.07,https://bilgewatermarket.com/cards/UNL-214,normal,https://bilgewatermarket.com/assets/UNL-214-EN-Ny9KFUes.webp,¥0.51,$0.07,,Ripper's Bay UNL-214/219 CN ¥0.51 EN $0.07
2026-09-02T19:40:59+00:00,https://bilgewatermarket.com/cards,Star Spring,foil,0.41,https://bilgewatermarket.com/cards/UNL-215?print_variation=foiled,foiled,https://bilgewatermarket.com/assets/UNL-215-EN-CkgDq3o1.webp,¥3.47,$0.41,,Star Spring UNL-215/219 Foiled CN ¥3.47 EN $0.41
2026-09-02T19:40:59+00:00,https://bilgewatermarket.com/cards,Star Spring,nonfoil,0.11,https://bilgewatermarket.com/cards/UNL-215,normal,https://bilgewatermarket.com/assets/UNL-215-EN-CkgDq3o1.webp,¥0.87,$0.11,,Star Spring UNL-215/219 CN ¥0.87 EN $0.11
2026-09-02T19:40:59+00:00,https://bilgewatermarket.com/cards,The Academy,foil,0.22,https://bilgewatermarket.com/cards/UNL-216?print_variation=foiled,foiled,https://bilgewatermarket.com/assets/UNL-216-EN-C6l-ju5k.webp,¥0.51,$0.22,,The Academy UNL-216/219 Foiled CN ¥0.51 EN $0.22
2026-09-02T19:40:59+00:00,https://bilgewatermarket.com/cards,The Academy,nonfoil,0.05,https://bilgewatermarket.com/cards/UNL-216,normal,https://bilgewatermarket.com/assets/UNL-216-EN-C6l-ju5k.webp,¥0.50,$0.05,,The Academy UNL-216/219 CN ¥0.50 EN $0.05
2026-09-02T19:40:59+00:00,https://bilgewatermarket.com/cards,Trapping Grounds,foil,0.17,https://bilgewatermarket.com/cards/UNL-217?print_variation=foiled,foiled,https://bilgewatermarket.com/assets/UNL-217-EN-BWCfkzuB.webp,¥1.28,$0.17,,Trapping Grounds UNL-217/219 Foiled CN ¥1.28 EN $0.17
2026-09-02T19:40:59+00:00,https://bilgewatermarket.com/cards,Trapping Grounds,nonfoil,0.05,https://bilgewatermarket.com/cards/UNL-217,normal,https://bilgewatermarket.com/assets/UNL-217-EN-BWCfkzuB.webp,¥0.50,$0.05,,Trapping Grounds UNL-217/219 CN ¥0.50 EN $0.05
2026-09-02T19:40:59+00:00,https://bilgewatermarket.com/cards,Valley of Idols,foil,0.25,https://bilgewatermarket.com/cards/UNL-218?print_variation=foiled,foiled,https://bilgewatermarket.com/assets/UNL-218-EN-8C6J9Tai.webp,¥1.69,$0.25,,Valley of Idols UNL-218/219 Foiled CN ¥1.69 EN $0.25
2026-09-02T19:40:59+00:00,https://bilgewatermarket.com/cards,Valley of Idols,nonfoil,0.07,https://bilgewatermarket.com/cards/UNL-218,normal,https://bilgewatermarket.com/assets/UNL-218-EN-8C6J9Tai.webp,¥0.64,$0.07,,Valley of Idols UNL-218/219 CN ¥0.64 EN $0.07
2026-09-02T19:40:59+00:00,https://bilgewatermarket.com/cards,Vaults of Helia,foil,0.19,https://bilgewatermarket.com/cards/UNL-219?print_variation=foiled,foiled,https://bilgewatermarket.com/assets/UNL-219-EN-KP4dsgM_.webp,¥2.23,$0.19,,Vaults of Helia UNL-219/219 Foiled CN ¥2.23 EN $0.19
2026-09-02T19:40:59+00:00,https://bilgewatermarket.com/cards,Vaults of Helia,nonfoil,0.09,https://bilgewatermarket.com/cards/UNL-219,normal,https://bilgewatermarket.com/assets/UNL-219-EN-KP4dsgM_.webp,¥0.56,$0.09,,Vaults of Helia UNL-219/219 CN ¥0.56 EN $0.09
2026-09-02T19:40:59+00:00,https://bilgewatermarket.com/cards,Pouty Poro,nonfoil,125.71,https://bilgewatermarket.com/cards/UNL-220?print_variation=showcase,showcase,https://bilgewatermarket.com/assets/UNL-220-EN-BU3HFBrU.webp,¥223.93,$125.71,,Pouty Poro UNL-220/219 Showcase CN ¥223.93 EN $125.71
2026-09-02T19:40:59+00:00,https://bilgewatermarket.com/cards,Lonely Poro,nonfoil,288.52,https://bilgewatermarket.com/cards/UNL-221?print_variation=showcase,showcase,https://bilgewatermarket.com/assets/UNL-221-EN-BuQVYFZY.webp,¥458.12,$288.52,,Lonely Poro UNL-221/219 Showcase CN ¥458.12 EN $288.52
2026-09-02T19:40:59+00:00,https://bilgewatermarket.com/cards,Plundering Poro,nonfoil,177.17,https://bilgewatermarket.com/cards/UNL-222?print_variation=showcase,showcase,https://bilgewatermarket.com/assets/UNL-222-EN-BFFWmkuO.webp,¥400.84,$177.17,,Plundering Poro UNL-222/219 Showcase CN ¥400.84 EN $177.17
2026-09-02T19:40:59+00:00,https://bilgewatermarket.com/cards,Veteran Poro,nonfoil,118.15,https://bilgewatermarket.com/cards/UNL-223?print_variation=showcase,showcase,https://bilgewatermarket.com/assets/UNL-223-EN-DjYUB0Qh.webp,¥163.57,$118.15,,Veteran Poro UNL-223/219 Showcase CN ¥163.57 EN $118.15
2026-09-02T19:40:59+00:00,https://bilgewatermarket.com/cards,Mystic Poro,nonfoil,121.97,https://bilgewatermarket.com/cards/UNL-224?print_variation=showcase,showcase,https://bilgewatermarket.com/assets/UNL-224-EN-CBO2fcyz.webp,¥230.05,$121.97,,Mystic Poro UNL-224/219 Showcase CN ¥230.05 EN $121.97
2026-09-02T19:40:59+00:00,https://bilgewatermarket.com/cards,Daring Poro,nonfoil,123.43,https://bilgewatermarket.com/cards/UNL-225?print_variation=showcase,showcase,https://bilgewatermarket.com/assets/UNL-225-EN-BTiJoP5C.webp,¥269.31,$123.43,,Daring Poro UNL-225/219 Showcase CN ¥269.31 EN $123.43
2026-09-02T19:40:59+00:00,https://bilgewatermarket.com/cards,"Jhin, Virtuoso",nonfoil,70.14,https://bilgewatermarket.com/cards/UNL-226?print_variation=showcase,showcase,https://bilgewatermarket.com/assets/UNL-226-EN-LeTYYDjl.webp,¥70.10,$70.14,,"Jhin, Virtuoso UNL-226/219 Showcase CN ¥70.10 EN $70.14"
2026-09-02T19:40:59+00:00,https://bilgewatermarket.com/cards,"Rengar, Pridestalker",nonfoil,116.95,https://bilgewatermarket.com/cards/UNL-227?print_variation=showcase,showcase,https://bilgewatermarket.com/assets/UNL-227-EN-It77lMx2.webp,¥91.50,$116.95,,"Rengar, Pridestalker UNL-227/219 Showcase CN ¥91.50 EN $116.95"
2026-09-02T19:40:59+00:00,https://bilgewatermarket.com/cards,"Pyke, Bloodharbor Ripper",nonfoil,96.44,https://bilgewatermarket.com/cards/UNL-228?print_variation=showcase,showcase,https://bilgewatermarket.com/assets/UNL-228-EN-B_4X0rcx.webp,¥109.60,$96.44,,"Pyke, Bloodharbor Ripper UNL-228/219 Showcase CN ¥109.60 EN $96.44"
2026-09-02T19:40:59+00:00,https://bilgewatermarket.com/cards,"Vi, Piltover Enforcer",nonfoil,88.23,https://bilgewatermarket.com/cards/UNL-229?print_variation=showcase,showcase,https://bilgewatermarket.com/assets/UNL-229-EN-DMaA_WrZ.webp,¥88.93,$88.23,,"Vi, Piltover Enforcer UNL-229/219 Showcase CN ¥88.93 EN $88.23"
2026-09-02T19:40:59+00:00,https://bilgewatermarket.com/cards,"Lillia, Bashful Bloom",nonfoil,82.94,https://bilgewatermarket.com/cards/UNL-230?print_variation=showcase,showcase,https://bilgewatermarket.com/assets/UNL-230-EN-HFfdZJFb.webp,¥91.06,$82.94,,"Lillia, Bashful Bloom UNL-230/219 Showcase CN ¥91.06 EN $82.94"
2026-09-02T19:40:59+00:00,https://bilgewatermarket.com/cards,"Master Yi, Wuju Master",nonfoil,51.96,https://bilgewatermarket.com/cards/UNL-231?print_variation=showcase,showcase,https://bilgewatermarket.com/assets/UNL-231-EN-DtYBY2xr.webp,¥107.90,$51.96,,"Master Yi, Wuju Master UNL-231/219 Showcase CN ¥107.90 EN $51.96"
2026-09-02T19:40:59+00:00,https://bilgewatermarket.com/cards,"Vex, Gloomist",nonfoil,101.55,https://bilgewatermarket.com/cards/UNL-232?print_variation=showcase,showcase,https://bilgewatermarket.com/assets/UNL-232-EN-BYXRnHrj.webp,¥295.88,$101.55,,"Vex, Gloomist UNL-232/219 Showcase CN ¥295.88 EN $101.55"
2026-09-02T19:40:59+00:00,https://bilgewatermarket.com/cards,"Ivern, Green Father",nonfoil,61.94,https://bilgewatermarket.com/cards/UNL-233?print_variation=showcase,showcase,https://bilgewatermarket.com/assets/UNL-233-EN-CeEkAtl7.webp,¥51.60,$61.94,,"Ivern, Green Father UNL-233/219 Showcase CN ¥51.60 EN $61.94"
2026-09-02T19:40:59+00:00,https://bilgewatermarket.com/cards,"Diana, Scorn of the Moon",nonfoil,244.46,https://bilgewatermarket.com/cards/UNL-234?print_variation=showcase,showcase,https://bilgewatermarket.com/assets/UNL-234-EN-jyyftaCH.webp,¥341.45,$244.46,,"Diana, Scorn of the Moon UNL-234/219 Showcase CN ¥341.45 EN $244.46"
2026-09-02T19:40:59+00:00,https://bilgewatermarket.com/cards,"LeBlanc, Deceiver",nonfoil,139.96,https://bilgewatermarket.com/cards/UNL-235?print_variation=showcase,showcase,https://bilgewatermarket.com/assets/UNL-235-EN-xrKLyHRv.webp,¥197.52,$139.96,,"LeBlanc, Deceiver UNL-235/219 Showcase CN ¥197.52 EN $139.96"
2026-09-02T19:40:59+00:00,https://bilgewatermarket.com/cards,"Kha'Zix, Voidreaver",nonfoil,99.20,https://bilgewatermarket.com/cards/UNL-236?print_variation=showcase,showcase,https://bilgewatermarket.com/assets/UNL-236-EN-uQp0Dv5x.webp,¥94.44,$99.20,,"Kha'Zix, Voidreaver UNL-236/219 Showcase CN ¥94.44 EN $99.20"
2026-09-02T19:40:59+00:00,https://bilgewatermarket.com/cards,"Poppy, Keeper of the Hammer",nonfoil,51.33,https://bilgewatermarket.com/cards/UNL-237?print_variation=showcase,showcase,https://bilgewatermarket.com/assets/UNL-237-EN-BPuD6POI.webp,¥63.66,$51.33,,"Poppy, Keeper of the Hammer UNL-237/219 Showcase CN ¥63.66 EN $51.33"
2026-09-02T19:40:59+00:00,https://bilgewatermarket.com/cards,Baron Nashor,nonfoil,1746.89,https://bilgewatermarket.com/cards/UNL-238?print_variation=showcase,showcase,https://bilgewatermarket.com/assets/UNL-238-EN-Dch1B17l.webp,"¥10,200.00","$1,746.89",,"Baron Nashor UNL-238/219 Showcase CN ¥10,200.00 EN $1,746.89"
2026-09-02T19:40:59+00:00,https://bilgewatermarket.com/cards,Against the Odds,foil,0.23,https://bilgewatermarket.com/cards/SFD-001?print_variation=foiled,foiled,https://bilgewatermarket.com/assets/SFD-001-EN-BFpb8lmI.jpg,¥0.99,$0.23,,Against the Odds SFD-001/221 Foiled CN ¥0.99 EN $0.23
2026-09-02T19:40:59+00:00,https://bilgewatermarket.com/cards,Against the Odds,nonfoil,0.07,https://bilgewatermarket.com/cards/SFD-001,normal,https://bilgewatermarket.com/assets/SFD-001-EN-BFpb8lmI.jpg,¥0.51,$0.07,,Against the Odds SFD-001/221 CN ¥0.51 EN $0.07
2026-09-02T19:40:59+00:00,https://bilgewatermarket.com/cards,Armed Assailant,foil,0.14,https://bilgewatermarket.com/cards/SFD-002?print_variation=foiled,foiled,https://bilgewatermarket.com/assets/SFD-002-EN-p5lNE6jO.jpg,¥0.50,$0.14,,Armed Assailant SFD-002/221 Foiled CN ¥0.50 EN $0.14
2026-09-02T19:40:59+00:00,https://bilgewatermarket.com/cards,Armed Assailant,nonfoil,0.05,https://bilgewatermarket.com/cards/SFD-002,normal,https://bilgewatermarket.com/assets/SFD-002-EN-p5lNE6jO.jpg,¥0.50,$0.05,,Armed Assailant SFD-002/221 CN ¥0.50 EN $0.05
2026-09-02T19:40:59+00:00,https://bilgewatermarket.com/cards,Blood Rush,foil,0.32,https://bilgewatermarket.com/cards/SFD-003?print_variation=foiled,foiled,https://bilgewatermarket.com/assets/SFD-003-EN-Dk4rhHcM.jpg,¥1.19,$0.32,,Blood Rush SFD-003/221 Foiled CN ¥1.19 EN $0.32
2026-09-02T19:40:59+00:00,https://bilgewatermarket.com/cards,Blood Rush,nonfoil,0.13,https://bilgewatermarket.com/cards/SFD-003,normal,https://bilgewatermarket.com/assets/SFD-003-EN-Dk4rhHcM.jpg,¥0.56,$0.13,,Blood Rush SFD-003/221 CN ¥0.56 EN $0.13
2026-09-02T19:40:59+00:00,https://bilgewatermarket.com/cards,Bushwhack,foil,0.23,https://bilgewatermarket.com/cards/SFD-004?print_variation=foiled,foiled,https://bilgewatermarket.com/assets/SFD-004-EN-CMjg6u9O.jpg,¥0.79,$0.23,,Bushwhack SFD-004/221 Foiled CN ¥0.79 EN $0.23
2026-09-02T19:40:59+00:00,https://bilgewatermarket.com/cards,Bushwhack,nonfoil,0.09,https://bilgewatermarket.com/cards/SFD-004,normal,https://bilgewatermarket.com/assets/SFD-004-EN-CMjg6u9O.jpg,¥0.53,$0.09,,Bushwhack SFD-004/221 CN ¥0.53 EN $0.09
2026-09-02T19:40:59+00:00,https://bilgewatermarket.com/cards,Detonate,foil,0.26,https://bilgewatermarket.com/cards/SFD-005?print_variation=foiled,foiled,https://bilgewatermarket.com/assets/SFD-005-EN-DSLMILlk.jpg,¥0.54,$0.26,,Detonate SFD-005/221 Foiled CN ¥0.54 EN $0.26
2026-09-02T19:40:59+00:00,https://bilgewatermarket.com/cards,Detonate,nonfoil,0.10,https://bilgewatermarket.com/cards/SFD-005,normal,https://bilgewatermarket.com/assets/SFD-005-EN-DSLMILlk.jpg,¥0.50,$0.10,,Detonate SFD-005/221 CN ¥0.50 EN $0.10
2026-09-02T19:40:59+00:00,https://bilgewatermarket.com/cards,Eager Drakehound,foil,0.19,https://bilgewatermarket.com/cards/SFD-006?print_variation=foiled,foiled,https://bilgewatermarket.com/assets/SFD-006-EN-BrJLWNrD.jpg,¥0.51,$0.19,,Eager Drakehound SFD-006/221 Foiled CN ¥0.51 EN $0.19
2026-09-02T19:40:59+00:00,https://bilgewatermarket.com/cards,Eager Drakehound,nonfoil,0.09,https://bilgewatermarket.com/cards/SFD-006,normal,https://bilgewatermarket.com/assets/SFD-006-EN-BrJLWNrD.jpg,¥0.50,$0.09,,Eager Drakehound SFD-006/221 CN ¥0.50 EN $0.09
2026-09-02T19:40:59+00:00,https://bilgewatermarket.com/cards,Gem Jammer,foil,0.18,https://bilgewatermarket.com/cards/SFD-007?print_variation=foiled,foiled,https://bilgewatermarket.com/assets/SFD-007-EN-BNfcC7-B.jpg,¥0.62,$0.18,,Gem Jammer SFD-007/221 Foiled CN ¥0.62 EN $0.18
2026-09-02T19:40:59+00:00,https://bilgewatermarket.com/cards,Gem Jammer,nonfoil,0.08,https://bilgewatermarket.com/cards/SFD-007,normal,https://bilgewatermarket.com/assets/SFD-007-EN-BNfcC7-B.jpg,¥0.50,$0.08,,Gem Jammer SFD-007/221 CN ¥0.50 EN $0.08
2026-09-02T19:40:59+00:00,https://bilgewatermarket.com/cards,Sentinel Adept,foil,0.22,https://bilgewatermarket.com/cards/SFD-008?print_variation=foiled,foiled,https://bilgewatermarket.com/assets/SFD-008-EN-xDDBtw5Y.jpg,¥0.50,$0.22,,Sentinel Adept SFD-008/221 Foiled CN ¥0.50 EN $0.22
2026-09-02T19:40:59+00:00,https://bilgewatermarket.com/cards,Sentinel Adept,nonfoil,0.04,https://bilgewatermarket.com/cards/SFD-008,normal,https://bilgewatermarket.com/assets/SFD-008-EN-xDDBtw5Y.jpg,¥0.50,$0.04,,Sentinel Adept SFD-008/221 CN ¥0.50 EN $0.04
2026-09-02T19:40:59+00:00,https://bilgewatermarket.com/cards,Serrated Dirk,foil,0.24,https://bilgewatermarket.com/cards/SFD-009?print_variation=foiled,foiled,https://bilgewatermarket.com/assets/SFD-009-EN-B-OT2bsM.jpg,¥0.52,$0.24,,Serrated Dirk SFD-009/221 Foiled CN ¥0.52 EN $0.24
2026-09-02T19:40:59+00:00,https://bilgewatermarket.com/cards,Serrated Dirk,nonfoil,0.09,https://bilgewatermarket.com/cards/SFD-009,normal,https://bilgewatermarket.com/assets/SFD-009-EN-B-OT2bsM.jpg,¥0.50,$0.09,,Serrated Dirk SFD-009/221 CN ¥0.50 EN $0.09
2026-09-02T19:40:59+00:00,https://bilgewatermarket.com/cards,Void Drone,foil,0.18,https://bilgewatermarket.com/cards/SFD-010?print_variation=foiled,foiled,https://bilgewatermarket.com/assets/SFD-010-EN-B1im6mgC.jpg,¥0.53,$0.18,,Void Drone SFD-010/221 Foiled CN ¥0.53 EN $0.18
2026-09-02T19:40:59+00:00,https://bilgewatermarket.com/cards,Void Drone,nonfoil,0.08,https://bilgewatermarket.com/cards/SFD-010,normal,https://bilgewatermarket.com/assets/SFD-010-EN-B1im6mgC.jpg,¥0.50,$0.08,,Void Drone SFD-010/221 CN ¥0.50 EN $0.08
2026-09-02T19:40:59+00:00,https://bilgewatermarket.com/cards,Angle Shot,foil,0.27,https://bilgewatermarket.com/cards/SFD-011?print_variation=foiled,foiled,https://bilgewatermarket.com/assets/SFD-011-EN-5f9ma-PY.jpg,¥2.20,$0.27,,Angle Shot SFD-011/221 Foiled CN ¥2.20 EN $0.27
2026-09-02T19:40:59+00:00,https://bilgewatermarket.com/cards,Angle Shot,nonfoil,0.13,https://bilgewatermarket.com/cards/SFD-011,normal,https://bilgewatermarket.com/assets/SFD-011-EN-5f9ma-PY.jpg,¥0.52,$0.13,,Angle Shot SFD-011/221 CN ¥0.52 EN $0.13
2026-09-02T19:40:59+00:00,https://bilgewatermarket.com/cards,Battering Ram,foil,0.43,https://bilgewatermarket.com/cards/SFD-012?print_variation=foiled,foiled,https://bilgewatermarket.com/assets/SFD-012-EN-6Sj70Pjz.jpg,¥1.54,$0.43,,Battering Ram SFD-012/221 Foiled CN ¥1.54 EN $0.43
2026-09-02T19:40:59+00:00,https://bilgewatermarket.com/cards,Battering Ram,nonfoil,0.19,https://bilgewatermarket.com/cards/SFD-012,normal,https://bilgewatermarket.com/assets/SFD-012-EN-6Sj70Pjz.jpg,¥0.55,$0.19,,Battering Ram SFD-012/221 CN ¥0.55 EN $0.19
2026-09-02T19:40:59+00:00,https://bilgewatermarket.com/cards,Blast Corps Cadet,foil,0.21,https://bilgewatermarket.com/cards/SFD-013?print_variation=foiled,foiled,https://bilgewatermarket.com/assets/SFD-013-EN-C-T_q2XE.jpg,¥0.50,$0.21,,Blast Corps Cadet SFD-013/221 Foiled CN ¥0.50 EN $0.21
2026-09-02T19:40:59+00:00,https://bilgewatermarket.com/cards,Blast Corps Cadet,nonfoil,0.09,https://bilgewatermarket.com/cards/SFD-013,normal,https://bilgewatermarket.com/assets/SFD-013-EN-C-T_q2XE.jpg,¥0.50,$0.09,,Blast Corps Cadet SFD-013/221 CN ¥0.50 EN $0.09
2026-09-02T19:40:59+00:00,https://bilgewatermarket.com/cards,Minotaur Reckoner,foil,0.32,https://bilgewatermarket.com/cards/SFD-014?print_variation=foiled,foiled,https://bilgewatermarket.com/assets/SFD-014-EN-B-kpq3T5.jpg,¥1.18,$0.32,,Minotaur Reckoner SFD-014/221 Foiled CN ¥1.18 EN $0.32
2026-09-02T19:40:59+00:00,https://bilgewatermarket.com/cards,Minotaur Reckoner,nonfoil,0.11,https://bilgewatermarket.com/cards/SFD-014,normal,https://bilgewatermarket.com/assets/SFD-014-EN-B-kpq3T5.jpg,¥0.58,$0.11,,Minotaur Reckoner SFD-014/221 CN ¥0.58 EN $0.11
2026-09-02T19:40:59+00:00,https://bilgewatermarket.com/cards,Perched Grimwyrm,foil,0.21,https://bilgewatermarket.com/cards/SFD-015?print_variation=foiled,foiled,https://bilgewatermarket.com/assets/SFD-015-EN-DqbsTd7E.jpg,¥0.60,$0.21,,Perched Grimwyrm SFD-015/221 Foiled CN ¥0.60 EN $0.21
2026-09-02T19:40:59+00:00,https://bilgewatermarket.com/cards,Perched Grimwyrm,nonfoil,0.11,https://bilgewatermarket.com/cards/SFD-015,normal,https://bilgewatermarket.com/assets/SFD-015-EN-DqbsTd7E.jpg,¥0.50,$0.11,,Perched Grimwyrm SFD-015/221 CN ¥0.50 EN $0.11
2026-09-02T19:40:59+00:00,https://bilgewatermarket.com/cards,Recurve Bow,foil,0.20,https://bilgewatermarket.com/cards/SFD-016?print_variation=foiled,foiled,https://bilgewatermarket.com/assets/SFD-016-EN-DQkT5Opa.jpg,¥0.57,$0.20,,Recurve Bow SFD-016/221 Foiled CN ¥0.57 EN $0.20
2026-09-02T19:40:59+00:00,https://bilgewatermarket.com/cards,Recurve Bow,nonfoil,0.13,https://bilgewatermarket.com/cards/SFD-016,normal,https://bilgewatermarket.com/assets/SFD-016-EN-DQkT5Opa.jpg,¥0.50,$0.13,,Recurve Bow SFD-016/221 CN ¥0.50 EN $0.13
2026-09-02T19:40:59+00:00,https://bilgewatermarket.com/cards,Sudden Storm,foil,0.27,https://bilgewatermarket.com/cards/SFD-017?print_variation=foiled,foiled,https://bilgewatermarket.com/assets/SFD-017-EN-BK5N42lM.jpg,¥0.66,$0.27,,Sudden Storm SFD-017/221 Foiled CN ¥0.66 EN $0.27
2026-09-02T19:40:59+00:00,https://bilgewatermarket.com/cards,Sudden Storm,nonfoil,0.14,https://bilgewatermarket.com/cards/SFD-017,normal,https://bilgewatermarket.com/assets/SFD-017-EN-BK5N42lM.jpg,¥0.50,$0.14,,Sudden Storm SFD-017/221 CN ¥0.50 EN $0.14
2026-09-02T19:40:59+00:00,https://bilgewatermarket.com/cards,Void Hatchling,foil,0.31,https://bilgewatermarket.com/cards/SFD-018?print_variation=foiled,foiled,https://bilgewatermarket.com/assets/SFD-018-EN-BmdzoQJT.jpg,¥1.00,$0.31,,Void Hatchling SFD-018/221 Foiled CN ¥1.00 EN $0.31
2026-09-02T19:40:59+00:00,https://bilgewatermarket.com/cards,Void Hatchling,nonfoil,0.10,https://bilgewatermarket.com/cards/SFD-018,normal,https://bilgewatermarket.com/assets/SFD-018-EN-BmdzoQJT.jpg,¥0.50,$0.10,,Void Hatchling SFD-018/221 CN ¥0.50 EN $0.10
2026-09-02T19:40:59+00:00,https://bilgewatermarket.com/cards,Assembly Rig,nonfoil,0.11,https://bilgewatermarket.com/cards/SFD-019,normal,https://bilgewatermarket.com/assets/SFD-019-EN-Db9nnn7g.jpg,¥0.50,$0.11,,Assembly Rig SFD-019/221 CN ¥0.50 EN $0.11
2026-09-02T19:40:59+00:00,https://bilgewatermarket.com/cards,"Draven, Vanquisher",nonfoil,0.21,https://bilgewatermarket.com/cards/SFD-020,normal,https://bilgewatermarket.com/assets/SFD-020-EN-TBdmCQGg.jpg,¥0.70,$0.21,,"BANNED Draven, Vanquisher SFD-020/221 CN ¥0.70 EN $0.21"
2026-09-02T19:40:59+00:00,https://bilgewatermarket.com/cards,"Draven, Vanquisher",nonfoil,1.89,https://bilgewatermarket.com/cards/SFD-020a?print_variation=showcase,showcase,https://bilgewatermarket.com/assets/SFD-020a-EN-BcyEVAuX.jpg,¥1.18,$1.89,,"BANNED Draven, Vanquisher SFD-020A/221 Showcase CN ¥1.18 EN $1.89"
2026-09-02T19:40:59+00:00,https://bilgewatermarket.com/cards,Ferrous Forerunner,nonfoil,3.30,https://bilgewatermarket.com/cards/SFD-021,normal,https://bilgewatermarket.com/assets/SFD-021-EN-5Qmhkz1S.jpg,¥2.32,$3.30,,Ferrous Forerunner SFD-021/221 CN ¥2.32 EN $3.30
2026-09-02T19:40:59+00:00,https://bilgewatermarket.com/cards,Long Sword,nonfoil,0.37,https://bilgewatermarket.com/cards/SFD-022,normal,https://bilgewatermarket.com/assets/SFD-022-EN-YbFX3fQ2.jpg,¥1.04,$0.37,,Long Sword SFD-022/221 CN ¥1.04 EN $0.37
2026-09-02T19:40:59+00:00,https://bilgewatermarket.com/cards,Piercing Light,nonfoil,0.33,https://bilgewatermarket.com/cards/SFD-023,normal,https://bilgewatermarket.com/assets/SFD-023-EN-BqFCDf32.jpg,¥1.31,$0.33,,Piercing Light SFD-023/221 CN ¥1.31 EN $0.33
2026-09-02T19:40:59+00:00,https://bilgewatermarket.com/cards,"Rell, Magnetic",nonfoil,0.24,https://bilgewatermarket.com/cards/SFD-024,normal,https://bilgewatermarket.com/assets/SFD-024-EN-B5IK6b0-.jpg,¥0.50,$0.24,,"Rell, Magnetic SFD-024/221 CN ¥0.50 EN $0.24"
2026-09-02T19:40:59+00:00,https://bilgewatermarket.com/cards,"Rengar, Pouncing",nonfoil,0.75,https://bilgewatermarket.com/cards/SFD-025,normal,https://bilgewatermarket.com/assets/SFD-025-EN-DwBeHyLw.jpg,¥0.89,$0.75,,"Rengar, Pouncing SFD-025/221 CN ¥0.89 EN $0.75"
2026-09-02T19:40:59+00:00,https://bilgewatermarket.com/cards,"Rumble, Hotheaded",nonfoil,0.21,https://bilgewatermarket.com/cards/SFD-026,normal,https://bilgewatermarket.com/assets/SFD-026-EN-D82yvB8K.jpg,¥0.52,$0.21,,"Rumble, Hotheaded SFD-026/221 CN ¥0.52 EN $0.21"
2026-09-02T19:40:59+00:00,https://bilgewatermarket.com/cards,"Rumble, Hotheaded",nonfoil,1.12,https://bilgewatermarket.com/cards/SFD-026a?print_variation=showcase,showcase,https://bilgewatermarket.com/assets/SFD-026a-EN-BssuS5ud.jpg,¥1.99,$1.12,,"Rumble, Hotheaded SFD-026A/221 Showcase CN ¥1.99 EN $1.12"
2026-09-02T19:40:59+00:00,https://bilgewatermarket.com/cards,Dunebreaker,nonfoil,1.19,https://bilgewatermarket.com/cards/SFD-027,normal,https://bilgewatermarket.com/assets/SFD-027-EN-Cr2ZQdTY.jpg,¥3.99,$1.19,,Dunebreaker SFD-027/221 CN ¥3.99 EN $1.19
2026-09-02T19:40:59+00:00,https://bilgewatermarket.com/cards,"Lucian, Gunslinger",nonfoil,0.96,https://bilgewatermarket.com/cards/SFD-028,normal,https://bilgewatermarket.com/assets/SFD-028-EN-BHngvG56.jpg,¥1.42,$0.96,,"Lucian, Gunslinger SFD-028/221 CN ¥1.42 EN $0.96"
2026-09-02T19:40:59+00:00,https://bilgewatermarket.com/cards,"Lucian, Gunslinger",nonfoil,1.51,https://bilgewatermarket.com/cards/SFD-028a?print_variation=showcase,showcase,https://bilgewatermarket.com/assets/SFD-028a-EN-2ZqfLj5j.jpg,¥1.37,$1.51,,"Lucian, Gunslinger SFD-028A/221 Showcase CN ¥1.37 EN $1.51"
2026-09-02T19:40:59+00:00,https://bilgewatermarket.com/cards,"Rek'Sai, Breacher",nonfoil,11.61,https://bilgewatermarket.com/cards/SFD-029,normal,https://bilgewatermarket.com/assets/SFD-029-EN-Dy1luUnR.jpg,¥4.42,$11.61,,"Rek'Sai, Breacher SFD-029/221 CN ¥4.42 EN $11.61"
2026-09-02T19:40:59+00:00,https://bilgewatermarket.com/cards,"Rek'Sai, Breacher",nonfoil,10.91,https://bilgewatermarket.com/cards/SFD-029a?print_variation=showcase,showcase,https://bilgewatermarket.com/assets/SFD-029a-EN-B_hxEtl4.jpg,¥7.27,$10.91,,"Rek'Sai, Breacher SFD-029A/221 Showcase CN ¥7.27 EN $10.91"
2026-09-02T19:40:59+00:00,https://bilgewatermarket.com/cards,Skyfall of Areion,nonfoil,4.35,https://bilgewatermarket.com/cards/SFD-030,normal,https://bilgewatermarket.com/assets/SFD-030-EN-BoSygp9y.jpg,¥8.88,$4.35,,Skyfall of Areion SFD-030/221 CN ¥8.88 EN $4.35
2026-09-02T19:40:59+00:00,https://bilgewatermarket.com/cards,Desert's Call,foil,0.28,https://bilgewatermarket.com/cards/SFD-031?print_variation=foiled,foiled,https://bilgewatermarket.com/assets/SFD-031-EN-BXVrWN10.jpg,¥1.13,$0.28,,Desert's Call SFD-031/221 Foiled CN ¥1.13 EN $0.28
2026-09-02T19:40:59+00:00,https://bilgewatermarket.com/cards,Desert's Call,nonfoil,0.13,https://bilgewatermarket.com/cards/SFD-031,normal,https://bilgewatermarket.com/assets/SFD-031-EN-BXVrWN10.jpg,¥0.63,$0.13,,Desert's Call SFD-031/221 CN ¥0.63 EN $0.13
2026-09-02T19:40:59+00:00,https://bilgewatermarket.com/cards,Disarming Rake,foil,0.57,https://bilgewatermarket.com/cards/SFD-032?print_variation=foiled,foiled,https://bilgewatermarket.com/assets/SFD-032-EN-D89KB-1-.jpg,¥1.61,$0.57,,Disarming Rake SFD-032/221 Foiled CN ¥1.61 EN $0.57
2026-09-02T19:40:59+00:00,https://bilgewatermarket.com/cards,Disarming Rake,nonfoil,0.16,https://bilgewatermarket.com/cards/SFD-032,normal,https://bilgewatermarket.com/assets/SFD-032-EN-D89KB-1-.jpg,¥0.57,$0.16,,Disarming Rake SFD-032/221 CN ¥0.57 EN $0.16
2026-09-02T19:40:59+00:00,https://bilgewatermarket.com/cards,Doran's Shield,foil,0.22,https://bilgewatermarket.com/cards/SFD-033?print_variation=foiled,foiled,https://bilgewatermarket.com/assets/SFD-033-EN-CmVKaPlZ.jpg,¥0.72,$0.22,,Doran's Shield SFD-033/221 Foiled CN ¥0.72 EN $0.22
2026-09-02T19:40:59+00:00,https://bilgewatermarket.com/cards,Doran's Shield,nonfoil,0.15,https://bilgewatermarket.com/cards/SFD-033,normal,https://bilgewatermarket.com/assets/SFD-033-EN-CmVKaPlZ.jpg,¥0.54,$0.15,,Doran's Shield SFD-033/221 CN ¥0.54 EN $0.15
2026-09-02T19:40:59+00:00,https://bilgewatermarket.com/cards,Feral Strength,foil,0.20,https://bilgewatermarket.com/cards/SFD-034?print_variation=foiled,foiled,https://bilgewatermarket.com/assets/SFD-034-EN-Bz6xVcXR.jpg,¥0.51,$0.20,,Feral Strength SFD-034/221 Foiled CN ¥0.51 EN $0.20
2026-09-02T19:40:59+00:00,https://bilgewatermarket.com/cards,Feral Strength,nonfoil,0.11,https://bilgewatermarket.com/cards/SFD-034,normal,https://bilgewatermarket.com/assets/SFD-034-EN-Bz6xVcXR.jpg,¥0.50,$0.11,,Feral Strength SFD-034/221 CN ¥0.50 EN $0.11
2026-09-02T19:40:59+00:00,https://bilgewatermarket.com/cards,Guardian of the Passage,foil,0.18,https://bilgewatermarket.com/cards/SFD-035?print_variation=foiled,foiled,https://bilgewatermarket.com/assets/SFD-035-EN-BibuowUN.jpg,¥0.50,$0.18,,Guardian of the Passage SFD-035/221 Foiled CN ¥0.50 EN $0.18
2026-09-02T19:40:59+00:00,https://bilgewatermarket.com/cards,Guardian of the Passage,nonfoil,0.08,https://bilgewatermarket.com/cards/SFD-035,normal,https://bilgewatermarket.com/assets/SFD-035-EN-BibuowUN.jpg,¥0.50,$0.08,,Guardian of the Passage SFD-035/221 CN ¥0.50 EN $0.08
2026-09-02T19:40:59+00:00,https://bilgewatermarket.com/cards,Lonely Poro,foil,0.59,https://bilgewatermarket.com/cards/SFD-036?print_variation=foiled,foiled,https://bilgewatermarket.com/assets/SFD-036-EN-f_DNln-c.jpg,¥2.22,$0.59,,Lonely Poro SFD-036/221 Foiled CN ¥2.22 EN $0.59
2026-09-02T19:40:59+00:00,https://bilgewatermarket.com/cards,Lonely Poro,nonfoil,0.20,https://bilgewatermarket.com/cards/SFD-036,normal,https://bilgewatermarket.com/assets/SFD-036-EN-f_DNln-c.jpg,¥0.62,$0.20,,Lonely Poro SFD-036/221 CN ¥0.62 EN $0.20
2026-09-02T19:40:59+00:00,https://bilgewatermarket.com/cards,Navori Scout,foil,0.17,https://bilgewatermarket.com/cards/SFD-037?print_variation=foiled,foiled,https://bilgewatermarket.com/assets/SFD-037-EN-Ddn6971-.jpg,¥0.50,$0.17,,Navori Scout SFD-037/221 Foiled CN ¥0.50 EN $0.17
2026-09-02T19:40:59+00:00,https://bilgewatermarket.com/cards,Navori Scout,nonfoil,0.05,https://bilgewatermarket.com/cards/SFD-037,normal,https://bilgewatermarket.com/assets/SFD-037-EN-Ddn6971-.jpg,¥0.50,$0.05,,Navori Scout SFD-037/221 CN ¥0.50 EN $0.05
2026-09-02T19:40:59+00:00,https://bilgewatermarket.com/cards,Ribbon Dancer,foil,0.15,https://bilgewatermarket.com/cards/SFD-038?print_variation=foiled,foiled,https://bilgewatermarket.com/assets/SFD-038-EN-_8Wp4S2X.jpg,¥0.50,$0.15,,Ribbon Dancer SFD-038/221 Foiled CN ¥0.50 EN $0.15
2026-09-02T19:40:59+00:00,https://bilgewatermarket.com/cards,Ribbon Dancer,nonfoil,0.05,https://bilgewatermarket.com/cards/SFD-038,normal,https://bilgewatermarket.com/assets/SFD-038-EN-_8Wp4S2X.jpg,¥0.49,$0.05,,Ribbon Dancer SFD-038/221 CN ¥0.49 EN $0.05
2026-09-02T19:40:59+00:00,https://bilgewatermarket.com/cards,Royal Entourage,foil,0.21,https://bilgewatermarket.com/cards/SFD-039?print_variation=foiled,foiled,https://bilgewatermarket.com/assets/SFD-039-EN-B5y6TWaO.jpg,¥0.50,$0.21,,Royal Entourage SFD-039/221 Foiled CN ¥0.50 EN $0.21
2026-09-02T19:40:59+00:00,https://bilgewatermarket.com/cards,Royal Entourage,nonfoil,0.04,https://bilgewatermarket.com/cards/SFD-039,normal,https://bilgewatermarket.com/assets/SFD-039-EN-B5y6TWaO.jpg,¥0.50,$0.04,,Royal Entourage SFD-039/221 CN ¥0.50 EN $0.04
2026-09-02T19:40:59+00:00,https://bilgewatermarket.com/cards,Thwonk!,foil,0.22,https://bilgewatermarket.com/cards/SFD-040?print_variation=foiled,foiled,https://bilgewatermarket.com/assets/SFD-040-EN-Cwt2PqZP.jpg,¥1.02,$0.22,,Thwonk! SFD-040/221 Foiled CN ¥1.02 EN $0.22
2026-09-02T19:40:59+00:00,https://bilgewatermarket.com/cards,Thwonk!,nonfoil,0.13,https://bilgewatermarket.com/cards/SFD-040,normal,https://bilgewatermarket.com/assets/SFD-040-EN-Cwt2PqZP.jpg,¥0.51,$0.13,,Thwonk! SFD-040/221 CN ¥0.51 EN $0.13
2026-09-02T19:40:59+00:00,https://bilgewatermarket.com/cards,Apprentice Smith,foil,0.27,https://bilgewatermarket.com/cards/SFD-041?print_variation=foiled,foiled,https://bilgewatermarket.com/assets/SFD-041-EN-CJvMwxFG.jpg,¥0.78,$0.27,,Apprentice Smith SFD-041/221 Foiled CN ¥0.78 EN $0.27
2026-09-02T19:40:59+00:00,https://bilgewatermarket.com/cards,Apprentice Smith,nonfoil,0.10,https://bilgewatermarket.com/cards/SFD-041,normal,https://bilgewatermarket.com/assets/SFD-041-EN-CJvMwxFG.jpg,¥0.54,$0.10,,Apprentice Smith SFD-041/221 CN ¥0.54 EN $0.10
2026-09-02T19:40:59+00:00,https://bilgewatermarket.com/cards,Brutalizer,foil,1.16,https://bilgewatermarket.com/cards/SFD-042?print_variation=foiled,foiled,https://bilgewatermarket.com/assets/SFD-042-EN-CiUHZ4Gc.jpg,¥2.91,$1.16,,Brutalizer SFD-042/221 Foiled CN ¥2.91 EN $1.16
2026-09-02T19:40:59+00:00,https://bilgewatermarket.com/cards,Brutalizer,nonfoil,0.32,https://bilgewatermarket.com/cards/SFD-042,normal,https://bilgewatermarket.com/assets/SFD-042-EN-CiUHZ4Gc.jpg,¥1.20,$0.32,,Brutalizer SFD-042/221 CN ¥1.20 EN $0.32
2026-09-02T19:40:59+00:00,https://bilgewatermarket.com/cards,Emperor's Divide,foil,1.06,https://bilgewatermarket.com/cards/SFD-043?print_variation=foiled,foiled,https://bilgewatermarket.com/assets/SFD-043-EN-BhtuGwbJ.jpg,¥3.39,$1.06,,Emperor's Divide SFD-043/221 Foiled CN ¥3.39 EN $1.06
2026-09-02T19:40:59+00:00,https://bilgewatermarket.com/cards,Emperor's Divide,nonfoil,0.39,https://bilgewatermarket.com/cards/SFD-043,normal,https://bilgewatermarket.com/assets/SFD-043-EN-BhtuGwbJ.jpg,¥1.28,$0.39,,Emperor's Divide SFD-043/221 CN ¥1.28 EN $0.39
2026-09-02T19:40:59+00:00,https://bilgewatermarket.com/cards,Legion Quartermaster,foil,0.24,https://bilgewatermarket.com/cards/SFD-044?print_variation=foiled,foiled,https://bilgewatermarket.com/assets/SFD-044-EN-CEEtQxxt.jpg,¥0.80,$0.24,,Legion Quartermaster SFD-044/221 Foiled CN ¥0.80 EN $0.24
2026-09-02T19:40:59+00:00,https://bilgewatermarket.com/cards,Legion Quartermaster,nonfoil,0.10,https://bilgewatermarket.com/cards/SFD-044,normal,https://bilgewatermarket.com/assets/SFD-044-EN-CEEtQxxt.jpg,¥0.50,$0.10,,Legion Quartermaster SFD-044/221 CN ¥0.50 EN $0.10
2026-09-02T19:40:59+00:00,https://bilgewatermarket.com/cards,Not So Fast,foil,4.18,https://bilgewatermarket.com/cards/SFD-045?print_variation=foiled,foiled,https://bilgewatermarket.com/assets/SFD-045-EN--JRHO4tX.jpg,¥8.74,$4.18,,Not So Fast SFD-045/221 Foiled CN ¥8.74 EN $4.18
2026-09-02T19:40:59+00:00,https://bilgewatermarket.com/cards,Not So Fast,nonfoil,2.07,https://bilgewatermarket.com/cards/SFD-045,normal,https://bilgewatermarket.com/assets/SFD-045-EN--JRHO4tX.jpg,¥2.89,$2.07,,Not So Fast SFD-045/221 CN ¥2.89 EN $2.07
2026-09-02T19:40:59+00:00,https://bilgewatermarket.com/cards,Poro Snax,foil,0.47,https://bilgewatermarket.com/cards/SFD-046?print_variation=foiled,foiled,https://bilgewatermarket.com/assets/SFD-046-EN-BDitKWVB.jpg,¥1.07,$0.47,,Poro Snax SFD-046/221 Foiled CN ¥1.07 EN $0.47
2026-09-02T19:40:59+00:00,https://bilgewatermarket.com/cards,Poro Snax,nonfoil,0.20,https://bilgewatermarket.com/cards/SFD-046,normal,https://bilgewatermarket.com/assets/SFD-046-EN-BDitKWVB.jpg,¥0.60,$0.20,,Poro Snax SFD-046/221 CN ¥0.60 EN $0.20
2026-09-02T19:40:59+00:00,https://bilgewatermarket.com/cards,Simian Ancestor,foil,0.18,https://bilgewatermarket.com/cards/SFD-047?print_variation=foiled,foiled,https://bilgewatermarket.com/assets/SFD-047-EN-DxIZtOP2.jpg,¥0.50,$0.18,,Simian Ancestor SFD-047/221 Foiled CN ¥0.50 EN $0.18
2026-09-02T19:40:59+00:00,https://bilgewatermarket.com/cards,Simian Ancestor,nonfoil,0.11,https://bilgewatermarket.com/cards/SFD-047,normal,https://bilgewatermarket.com/assets/SFD-047-EN-DxIZtOP2.jpg,¥0.50,$0.11,,Simian Ancestor SFD-047/221 CN ¥0.50 EN $0.11
2026-09-02T19:40:59+00:00,https://bilgewatermarket.com/cards,Stellacorn Herder,foil,2.37,https://bilgewatermarket.com/cards/SFD-048?print_variation=foiled,foiled,https://bilgewatermarket.com/assets/SFD-048-EN-C15-C8QU.jpg,¥3.67,$2.37,,Stellacorn Herder SFD-048/221 Foiled CN ¥3.67 EN $2.37
2026-09-02T19:40:59+00:00,https://bilgewatermarket.com/cards,Stellacorn Herder,nonfoil,2.23,https://bilgewatermarket.com/cards/SFD-048,normal,https://bilgewatermarket.com/assets/SFD-048-EN-C15-C8QU.jpg,¥1.44,$2.23,,Stellacorn Herder SFD-048/221 CN ¥1.44 EN $2.23
2026-09-02T19:40:59+00:00,https://bilgewatermarket.com/cards,"Aphelios, Exalted",nonfoil,0.24,https://bilgewatermarket.com/cards/SFD-049,normal,https://bilgewatermarket.com/assets/SFD-049-EN-CfL7UahE.jpg,¥0.60,$0.24,,"Aphelios, Exalted SFD-049/221 CN ¥0.60 EN $0.24"
2026-09-02T19:40:59+00:00,https://bilgewatermarket.com/cards,"Azir, Ascendant",nonfoil,0.24,https://bilgewatermarket.com/cards/SFD-050,normal,https://bilgewatermarket.com/assets/SFD-050-EN-DS8DQi5a.jpg,¥0.54,$0.24,,"Azir, Ascendant SFD-050/221 CN ¥0.54 EN $0.24"
2026-09-02T19:40:59+00:00,https://bilgewatermarket.com/cards,"Azir, Ascendant",nonfoil,0.83,https://bilgewatermarket.com/cards/SFD-050a?print_variation=showcase,showcase,https://bilgewatermarket.com/assets/SFD-050a-EN-BU2RTaeW.jpg,¥3.64,$0.83,,"Azir, Ascendant SFD-050A/221 Showcase CN ¥3.64 EN $0.83"
2026-09-02T19:40:59+00:00,https://bilgewatermarket.com/cards,Guardian Angel,nonfoil,1.61,https://bilgewatermarket.com/cards/SFD-051,normal,https://bilgewatermarket.com/assets/SFD-051-EN-Bv55qoS8.jpg,¥4.33,$1.61,,Guardian Angel SFD-051/221 CN ¥4.33 EN $1.61
2026-09-02T19:40:59+00:00,https://bilgewatermarket.com/cards,Heart of Dark Ice,nonfoil,0.35,https://bilgewatermarket.com/cards/SFD-052,normal,https://bilgewatermarket.com/assets/SFD-052-EN-BeoxypYN.jpg,¥1.47,$0.35,,Heart of Dark Ice SFD-052/221 CN ¥1.47 EN $0.35
2026-09-02T19:40:59+00:00,https://bilgewatermarket.com/cards,"Janna, Savior",nonfoil,0.49,https://bilgewatermarket.com/cards/SFD-053,normal,https://bilgewatermarket.com/assets/SFD-053-EN-NJLKVsDP.jpg,¥1.04,$0.49,,"Janna, Savior SFD-053/221 CN ¥1.04 EN $0.49"
2026-09-02T19:40:59+00:00,https://bilgewatermarket.com/cards,"Jax, Unmatched",nonfoil,0.21,https://bilgewatermarket.com/cards/SFD-054,normal,https://bilgewatermarket.com/assets/SFD-054-EN-D7I0RpAZ.jpg,¥0.51,$0.21,,"Jax, Unmatched SFD-054/221 CN ¥0.51 EN $0.21"
2026-09-02T19:40:59+00:00,https://bilgewatermarket.com/cards,"Jax, Unmatched",nonfoil,1.24,https://bilgewatermarket.com/cards/SFD-054a?print_variation=showcase,showcase,https://bilgewatermarket.com/assets/SFD-054a-EN-BFcUXrht.jpg,¥3.09,$1.24,,"Jax, Unmatched SFD-054A/221 Showcase CN ¥3.09 EN $1.24"
2026-09-02T19:40:59+00:00,https://bilgewatermarket.com/cards,Needlessly Large Yordle,nonfoil,0.13,https://bilgewatermarket.com/cards/SFD-055,normal,https://bilgewatermarket.com/assets/SFD-055-EN-7wjMZbXP.jpg,¥0.50,$0.13,,Needlessly Large Yordle SFD-055/221 CN ¥0.50 EN $0.13
2026-09-02T19:40:59+00:00,https://bilgewatermarket.com/cards,Sterak's Gage,nonfoil,0.30,https://bilgewatermarket.com/cards/SFD-056,normal,https://bilgewatermarket.com/assets/SFD-056-EN-DAOlzGZ_.jpg,¥0.78,$0.30,,Sterak's Gage SFD-056/221 CN ¥0.78 EN $0.30
2026-09-02T19:40:59+00:00,https://bilgewatermarket.com/cards,"Irelia, Fervent",nonfoil,32.89,https://bilgewatermarket.com/cards/SFD-057,normal,https://bilgewatermarket.com/assets/SFD-057-EN-CfJkyyx3.jpg,¥28.60,$32.89,,"Irelia, Fervent SFD-057/221 CN ¥28.60 EN $32.89"
2026-09-02T19:40:59+00:00,https://bilgewatermarket.com/cards,"Irelia, Fervent",nonfoil,31.66,https://bilgewatermarket.com/cards/SFD-057a?print_variation=showcase,showcase,https://bilgewatermarket.com/assets/SFD-057a-EN-DGxfrF-0.jpg,¥34.83,$31.66,,"Irelia, Fervent SFD-057A/221 Showcase CN ¥34.83 EN $31.66"
2026-09-02T19:40:59+00:00,https://bilgewatermarket.com/cards,"Ornn, Blacksmith",nonfoil,1.55,https://bilgewatermarket.com/cards/SFD-058,normal,https://bilgewatermarket.com/assets/SFD-058-EN-DDc7ajpt.jpg,¥1.36,$1.55,,"Ornn, Blacksmith SFD-058/221 CN ¥1.36 EN $1.55"
2026-09-02T19:40:59+00:00,https://bilgewatermarket.com/cards,"Ornn, Blacksmith",nonfoil,5.64,https://bilgewatermarket.com/cards/SFD-058a?print_variation=showcase,showcase,https://bilgewatermarket.com/assets/SFD-058a-EN-D_Glg_83.jpg,¥2.76,$5.64,,"Ornn, Blacksmith SFD-058A/221 Showcase CN ¥2.76 EN $5.64"
2026-09-02T19:40:59+00:00,https://bilgewatermarket.com/cards,Svellsongur,nonfoil,13.41,https://bilgewatermarket.com/cards/SFD-059,normal,https://bilgewatermarket.com/assets/SFD-059-EN-Cmb9RxTm.jpg,¥29.17,$13.41,,Svellsongur SFD-059/221 CN ¥29.17 EN $13.41
2026-09-02T19:40:59+00:00,https://bilgewatermarket.com/cards,Tianna Crownguard,nonfoil,1.69,https://bilgewatermarket.com/cards/SFD-060,normal,https://bilgewatermarket.com/assets/SFD-060-EN-L9czvAQk.jpg,¥4.57,$1.69,,Tianna Crownguard SFD-060/221 CN ¥4.57 EN $1.69
2026-09-02T19:40:59+00:00,https://bilgewatermarket.com/cards,Aspiring Engineer,foil,0.20,https://bilgewatermarket.com/cards/SFD-061?print_variation=foiled,foiled,https://bilgewatermarket.com/assets/SFD-061-EN-BR5_eTm_.jpg,¥0.60,$0.20,,Aspiring Engineer SFD-061/221 Foiled CN ¥0.60 EN $0.20
2026-09-02T19:40:59+00:00,https://bilgewatermarket.com/cards,Aspiring Engineer,nonfoil,0.06,https://bilgewatermarket.com/cards/SFD-061,normal,https://bilgewatermarket.com/assets/SFD-061-EN-BR5_eTm_.jpg,¥0.57,$0.06,,Aspiring Engineer SFD-061/221 CN ¥0.57 EN $0.06
2026-09-02T19:40:59+00:00,https://bilgewatermarket.com/cards,Bubble Bot,foil,0.20,https://bilgewatermarket.com/cards/SFD-062?print_variation=foiled,foiled,https://bilgewatermarket.com/assets/SFD-062-EN-ttM-yAEg.jpg,¥0.50,$0.20,,Bubble Bot SFD-062/221 Foiled CN ¥0.50 EN $0.20
2026-09-02T19:40:59+00:00,https://bilgewatermarket.com/cards,Bubble Bot,nonfoil,0.08,https://bilgewatermarket.com/cards/SFD-062,normal,https://bilgewatermarket.com/assets/SFD-062-EN-ttM-yAEg.jpg,¥0.50,$0.08,,Bubble Bot SFD-062/221 CN ¥0.50 EN $0.08
2026-09-02T19:40:59+00:00,https://bilgewatermarket.com/cards,Chemtech Cask,foil,0.23,https://bilgewatermarket.com/cards/SFD-063?print_variation=foiled,foiled,https://bilgewatermarket.com/assets/SFD-063-EN-B_EMAVhk.jpg,¥0.51,$0.23,,Chemtech Cask SFD-063/221 Foiled CN ¥0.51 EN $0.23
2026-09-02T19:40:59+00:00,https://bilgewatermarket.com/cards,Chemtech Cask,nonfoil,0.09,https://bilgewatermarket.com/cards/SFD-063,normal,https://bilgewatermarket.com/assets/SFD-063-EN-B_EMAVhk.jpg,¥0.51,$0.09,,Chemtech Cask SFD-063/221 CN ¥0.51 EN $0.09
2026-09-02T19:40:59+00:00,https://bilgewatermarket.com/cards,Cloth Armor,foil,0.22,https://bilgewatermarket.com/cards/SFD-064?print_variation=foiled,foiled,https://bilgewatermarket.com/assets/SFD-064-EN-dUzFsmPC.jpg,¥0.54,$0.22,,Cloth Armor SFD-064/221 Foiled CN ¥0.54 EN $0.22
2026-09-02T19:40:59+00:00,https://bilgewatermarket.com/cards,Cloth Armor,nonfoil,0.07,https://bilgewatermarket.com/cards/SFD-064,normal,https://bilgewatermarket.com/assets/SFD-064-EN-dUzFsmPC.jpg,¥0.51,$0.07,,Cloth Armor SFD-064/221 CN ¥0.51 EN $0.07
2026-09-02T19:40:59+00:00,https://bilgewatermarket.com/cards,Forecaster,foil,0.16,https://bilgewatermarket.com/cards/SFD-065?print_variation=foiled,foiled,https://bilgewatermarket.com/assets/SFD-065-EN-D5kdl4DS.jpg,¥1.15,$0.16,,Forecaster SFD-065/221 Foiled CN ¥1.15 EN $0.16
2026-09-02T19:40:59+00:00,https://bilgewatermarket.com/cards,Forecaster,nonfoil,0.09,https://bilgewatermarket.com/cards/SFD-065,normal,https://bilgewatermarket.com/assets/SFD-065-EN-D5kdl4DS.jpg,¥0.55,$0.09,,Forecaster SFD-065/221 CN ¥0.55 EN $0.09
2026-09-02T19:40:59+00:00,https://bilgewatermarket.com/cards,Frigid Touch,foil,0.28,https://bilgewatermarket.com/cards/SFD-066?print_variation=foiled,foiled,https://bilgewatermarket.com/assets/SFD-066-EN-BCLthVSQ.jpg,¥0.90,$0.28,,Frigid Touch SFD-066/221 Foiled CN ¥0.90 EN $0.28
2026-09-02T19:40:59+00:00,https://bilgewatermarket.com/cards,Frigid Touch,nonfoil,0.07,https://bilgewatermarket.com/cards/SFD-066,normal,https://bilgewatermarket.com/assets/SFD-066-EN-BCLthVSQ.jpg,¥0.66,$0.07,,Frigid Touch SFD-066/221 CN ¥0.66 EN $0.07
2026-09-02T19:40:59+00:00,https://bilgewatermarket.com/cards,Frostcoat Cub,foil,0.17,https://bilgewatermarket.com/cards/SFD-067?print_variation=foiled,foiled,https://bilgewatermarket.com/assets/SFD-067-EN-CmlgccZ3.jpg,¥0.50,$0.17,,Frostcoat Cub SFD-067/221 Foiled CN ¥0.50 EN $0.17
2026-09-02T19:40:59+00:00,https://bilgewatermarket.com/cards,Frostcoat Cub,nonfoil,0.06,https://bilgewatermarket.com/cards/SFD-067,normal,https://bilgewatermarket.com/assets/SFD-067-EN-CmlgccZ3.jpg,¥0.50,$0.06,,Frostcoat Cub SFD-067/221 CN ¥0.50 EN $0.06
2026-09-02T19:40:59+00:00,https://bilgewatermarket.com/cards,Gearhead,foil,0.19,https://bilgewatermarket.com/cards/SFD-068?print_variation=foiled,foiled,https://bilgewatermarket.com/assets/SFD-068-EN-C3cBhpOf.jpg,¥0.50,$0.19,,Gearhead SFD-068/221 Foiled CN ¥0.50 EN $0.19
2026-09-02T19:40:59+00:00,https://bilgewatermarket.com/cards,Gearhead,nonfoil,0.05,https://bilgewatermarket.com/cards/SFD-068,normal,https://bilgewatermarket.com/assets/SFD-068-EN-C3cBhpOf.jpg,¥0.50,$0.05,,Gearhead SFD-068/221 CN ¥0.50 EN $0.05
2026-09-02T19:40:59+00:00,https://bilgewatermarket.com/cards,Plundering Poro,foil,0.46,https://bilgewatermarket.com/cards/SFD-069?print_variation=foiled,foiled,https://bilgewatermarket.com/assets/SFD-069-EN-YK56v1jc.jpg,¥1.75,$0.46,,Plundering Poro SFD-069/221 Foiled CN ¥1.75 EN $0.46
2026-09-02T19:40:59+00:00,https://bilgewatermarket.com/cards,Plundering Poro,nonfoil,0.14,https://bilgewatermarket.com/cards/SFD-069,normal,https://bilgewatermarket.com/assets/SFD-069-EN-YK56v1jc.jpg,¥0.59,$0.14,,Plundering Poro SFD-069/221 CN ¥0.59 EN $0.14
2026-09-02T19:40:59+00:00,https://bilgewatermarket.com/cards,Wages of Pain,foil,0.73,https://bilgewatermarket.com/cards/SFD-070?print_variation=foiled,foiled,https://bilgewatermarket.com/assets/SFD-070-EN-D6Q0YJ3Z.jpg,¥1.81,$0.73,,Wages of Pain SFD-070/221 Foiled CN ¥1.81 EN $0.73
2026-09-02T19:40:59+00:00,https://bilgewatermarket.com/cards,Wages of Pain,nonfoil,0.15,https://bilgewatermarket.com/cards/SFD-070,normal,https://bilgewatermarket.com/assets/SFD-070-EN-D6Q0YJ3Z.jpg,¥0.52,$0.15,,Wages of Pain SFD-070/221 CN ¥0.52 EN $0.15
2026-09-02T19:40:59+00:00,https://bilgewatermarket.com/cards,Breakneck Mech,foil,0.30,https://bilgewatermarket.com/cards/SFD-071?print_variation=foiled,foiled,https://bilgewatermarket.com/assets/SFD-071-EN-CpuTdraG.jpg,¥0.51,$0.30,,Breakneck Mech SFD-071/221 Foiled CN ¥0.51 EN $0.30
2026-09-02T19:40:59+00:00,https://bilgewatermarket.com/cards,Breakneck Mech,nonfoil,0.10,https://bilgewatermarket.com/cards/SFD-071,normal,https://bilgewatermarket.com/assets/SFD-071-EN-CpuTdraG.jpg,¥0.51,$0.10,,Breakneck Mech SFD-071/221 CN ¥0.51 EN $0.10
2026-09-02T19:40:59+00:00,https://bilgewatermarket.com/cards,Dropboarder,foil,0.34,https://bilgewatermarket.com/cards/SFD-072?print_variation=foiled,foiled,https://bilgewatermarket.com/assets/SFD-072-EN-B1QqDaIg.jpg,¥0.68,$0.34,,Dropboarder SFD-072/221 Foiled CN ¥0.68 EN $0.34
2026-09-02T19:40:59+00:00,https://bilgewatermarket.com/cards,Dropboarder,nonfoil,0.17,https://bilgewatermarket.com/cards/SFD-072,normal,https://bilgewatermarket.com/assets/SFD-072-EN-B1QqDaIg.jpg,¥0.51,$0.17,,Dropboarder SFD-072/221 CN ¥0.51 EN $0.17
2026-09-02T19:40:59+00:00,https://bilgewatermarket.com/cards,Experimental Hexplate,foil,0.27,https://bilgewatermarket.com/cards/SFD-073?print_variation=foiled,foiled,https://bilgewatermarket.com/assets/SFD-073-EN-hKyuwMRd.jpg,¥0.76,$0.27,,Experimental Hexplate SFD-073/221 Foiled CN ¥0.76 EN $0.27
2026-09-02T19:40:59+00:00,https://bilgewatermarket.com/cards,Experimental Hexplate,nonfoil,0.09,https://bilgewatermarket.com/cards/SFD-073,normal,https://bilgewatermarket.com/assets/SFD-073-EN-hKyuwMRd.jpg,¥0.50,$0.09,,Experimental Hexplate SFD-073/221 CN ¥0.50 EN $0.09
2026-09-02T19:40:59+00:00,https://bilgewatermarket.com/cards,Pickpocket,foil,1.23,https://bilgewatermarket.com/cards/SFD-074?print_variation=foiled,foiled,https://bilgewatermarket.com/assets/SFD-074-EN-DOoWpIam.jpg,¥1.30,$1.23,,Pickpocket SFD-074/221 Foiled CN ¥1.30 EN $1.23
2026-09-02T19:40:59+00:00,https://bilgewatermarket.com/cards,Pickpocket,nonfoil,0.21,https://bilgewatermarket.com/cards/SFD-074,normal,https://bilgewatermarket.com/assets/SFD-074-EN-DOoWpIam.jpg,¥0.66,$0.21,,Pickpocket SFD-074/221 CN ¥0.66 EN $0.21
2026-09-02T19:40:59+00:00,https://bilgewatermarket.com/cards,Prize of Progress,foil,0.19,https://bilgewatermarket.com/cards/SFD-075?print_variation=foiled,foiled,https://bilgewatermarket.com/assets/SFD-075-EN-BAZdmt8k.jpg,¥0.70,$0.19,,Prize of Progress SFD-075/221 Foiled CN ¥0.70 EN $0.19
2026-09-02T19:40:59+00:00,https://bilgewatermarket.com/cards,Prize of Progress,nonfoil,0.06,https://bilgewatermarket.com/cards/SFD-075,normal,https://bilgewatermarket.com/assets/SFD-075-EN-BAZdmt8k.jpg,¥0.50,$0.06,,Prize of Progress SFD-075/221 CN ¥0.50 EN $0.06
2026-09-02T19:40:59+00:00,https://bilgewatermarket.com/cards,Production Surge,foil,0.29,https://bilgewatermarket.com/cards/SFD-076?print_variation=foiled,foiled,https://bilgewatermarket.com/assets/SFD-076-EN-DwyiCjwl.jpg,¥1.23,$0.29,,Production Surge SFD-076/221 Foiled CN ¥1.23 EN $0.29
2026-09-02T19:40:59+00:00,https://bilgewatermarket.com/cards,Production Surge,nonfoil,0.09,https://bilgewatermarket.com/cards/SFD-076,normal,https://bilgewatermarket.com/assets/SFD-076-EN-DwyiCjwl.jpg,¥0.53,$0.09,,Production Surge SFD-076/221 CN ¥0.53 EN $0.09
2026-09-02T19:40:59+00:00,https://bilgewatermarket.com/cards,Rocket Barrage,foil,1.02,https://bilgewatermarket.com/cards/SFD-077?print_variation=foiled,foiled,https://bilgewatermarket.com/assets/SFD-077-EN-CYM3X_kM.jpg,¥2.24,$1.02,,Rocket Barrage SFD-077/221 Foiled CN ¥2.24 EN $1.02
2026-09-02T19:40:59+00:00,https://bilgewatermarket.com/cards,Rocket Barrage,nonfoil,0.22,https://bilgewatermarket.com/cards/SFD-077,normal,https://bilgewatermarket.com/assets/SFD-077-EN-CYM3X_kM.jpg,¥0.97,$0.22,,Rocket Barrage SFD-077/221 CN ¥0.97 EN $0.22
2026-09-02T19:40:59+00:00,https://bilgewatermarket.com/cards,Temporal Portal,foil,0.23,https://bilgewatermarket.com/cards/SFD-078?print_variation=foiled,foiled,https://bilgewatermarket.com/assets/SFD-078-EN-DqZX6kjr.jpg,¥0.52,$0.23,,Temporal Portal SFD-078/221 Foiled CN ¥0.52 EN $0.23
2026-09-02T19:40:59+00:00,https://bilgewatermarket.com/cards,Temporal Portal,nonfoil,0.08,https://bilgewatermarket.com/cards/SFD-078,normal,https://bilgewatermarket.com/assets/SFD-078-EN-DqZX6kjr.jpg,¥0.50,$0.08,,Temporal Portal SFD-078/221 CN ¥0.50 EN $0.08
2026-09-02T19:40:59+00:00,https://bilgewatermarket.com/cards,"Bard, Mercurial",nonfoil,0.21,https://bilgewatermarket.com/cards/SFD-079,normal,https://bilgewatermarket.com/assets/SFD-079-EN-Cb5XApGd.jpg,¥0.50,$0.21,,"Bard, Mercurial SFD-079/221 CN ¥0.50 EN $0.21"
2026-09-02T19:40:59+00:00,https://bilgewatermarket.com/cards,Bellows Breath,nonfoil,4.17,https://bilgewatermarket.com/cards/SFD-080,normal,https://bilgewatermarket.com/assets/SFD-080-EN-q4KkoNR0.jpg,¥5.76,$4.17,,Bellows Breath SFD-080/221 CN ¥5.76 EN $4.17
2026-09-02T19:40:59+00:00,https://bilgewatermarket.com/cards,Card Sharp,nonfoil,0.28,https://bilgewatermarket.com/cards/SFD-081,normal,https://bilgewatermarket.com/assets/SFD-081-EN-DrRv1rOQ.jpg,¥1.08,$0.28,,Card Sharp SFD-081/221 CN ¥1.08 EN $0.28
2026-09-02T19:40:59+00:00,https://bilgewatermarket.com/cards,"Ezreal, Dashing",nonfoil,0.20,https://bilgewatermarket.com/cards/SFD-082,normal,https://bilgewatermarket.com/assets/SFD-082-EN-YgYDtU4N.jpg,¥0.50,$0.20,,"Ezreal, Dashing SFD-082/221 CN ¥0.50 EN $0.20"
2026-09-02T19:40:59+00:00,https://bilgewatermarket.com/cards,"Ezreal, Dashing",nonfoil,1.44,https://bilgewatermarket.com/cards/SFD-082a?print_variation=showcase,showcase,https://bilgewatermarket.com/assets/SFD-082a-EN-DXVaa8I9.jpg,¥2.13,$1.44,,"Ezreal, Dashing SFD-082A/221 Showcase CN ¥2.13 EN $1.44"
2026-09-02T19:40:59+00:00,https://bilgewatermarket.com/cards,Hextech Anomaly,nonfoil,0.22,https://bilgewatermarket.com/cards/SFD-083,normal,https://bilgewatermarket.com/assets/SFD-083-EN-BBfc4JUT.jpg,¥0.51,$0.22,,Hextech Anomaly SFD-083/221 CN ¥0.51 EN $0.22
2026-09-02T19:40:59+00:00,https://bilgewatermarket.com/cards,"Jayce, Man of Progress",nonfoil,0.29,https://bilgewatermarket.com/cards/SFD-084,normal,https://bilgewatermarket.com/assets/SFD-084-EN-LvzdCxv8.jpg,¥1.00,$0.29,,"Jayce, Man of Progress SFD-084/221 CN ¥1.00 EN $0.29"
2026-09-02T19:40:59+00:00,https://bilgewatermarket.com/cards,"Ornn, Forge God",nonfoil,0.28,https://bilgewatermarket.com/cards/SFD-085,normal,https://bilgewatermarket.com/assets/SFD-085-EN-Cqt4JJBJ.jpg,¥0.68,$0.28,,"Ornn, Forge God SFD-085/221 CN ¥0.68 EN $0.28"
2026-09-02T19:40:59+00:00,https://bilgewatermarket.com/cards,"Ornn, Forge God",nonfoil,2.38,https://bilgewatermarket.com/cards/SFD-085a?print_variation=showcase,showcase,https://bilgewatermarket.com/assets/SFD-085a-EN-CQskfZaI.jpg,¥3.99,$2.38,,"Ornn, Forge God SFD-085A/221 Showcase CN ¥3.99 EN $2.38"
2026-09-02T19:40:59+00:00,https://bilgewatermarket.com/cards,World Atlas,nonfoil,0.17,https://bilgewatermarket.com/cards/SFD-086,normal,https://bilgewatermarket.com/assets/SFD-086-EN-CHslvxE0.jpg,¥0.72,$0.17,,World Atlas SFD-086/221 CN ¥0.72 EN $0.17
2026-09-02T19:40:59+00:00,https://bilgewatermarket.com/cards,Premonition,nonfoil,12.10,https://bilgewatermarket.com/cards/SFD-087,normal,https://bilgewatermarket.com/assets/SFD-087-EN-DTVC40cu.jpg,¥14.98,$12.10,,Premonition SFD-087/221 CN ¥14.98 EN $12.10
2026-09-02T19:40:59+00:00,https://bilgewatermarket.com/cards,"Renata Glasc, Mastermind",nonfoil,1.09,https://bilgewatermarket.com/cards/SFD-088,normal,https://bilgewatermarket.com/assets/SFD-088-EN-C5Krf7Gi.jpg,¥1.35,$1.09,,"Renata Glasc, Mastermind SFD-088/221 CN ¥1.35 EN $1.09"
2026-09-02T19:40:59+00:00,https://bilgewatermarket.com/cards,"Renata Glasc, Mastermind",nonfoil,2.54,https://bilgewatermarket.com/cards/SFD-088a?print_variation=showcase,showcase,https://bilgewatermarket.com/assets/SFD-088a-EN-BWxuTdu4.jpg,¥4.20,$2.54,,"Renata Glasc, Mastermind SFD-088A/221 Showcase CN ¥4.20 EN $2.54"
2026-09-02T19:40:59+00:00,https://bilgewatermarket.com/cards,"Rumble, Scrapper",nonfoil,0.67,https://bilgewatermarket.com/cards/SFD-089,normal,https://bilgewatermarket.com/assets/SFD-089-EN-CtNx9xd9.jpg,¥1.04,$0.67,,"Rumble, Scrapper SFD-089/221 CN ¥1.04 EN $0.67"
2026-09-02T19:40:59+00:00,https://bilgewatermarket.com/cards,"Rumble, Scrapper",nonfoil,2.22,https://bilgewatermarket.com/cards/SFD-089a?print_variation=showcase,showcase,https://bilgewatermarket.com/assets/SFD-089a-EN-UVeVGNJ-.jpg,¥1.97,$2.22,,"Rumble, Scrapper SFD-089A/221 Showcase CN ¥1.97 EN $2.22"
2026-09-02T19:40:59+00:00,https://bilgewatermarket.com/cards,The Zero Drive,nonfoil,3.80,https://bilgewatermarket.com/cards/SFD-090,normal,https://bilgewatermarket.com/assets/SFD-090-EN-lx9MsAH0.jpg,¥3.62,$3.80,,The Zero Drive SFD-090/221 CN ¥3.62 EN $3.80
2026-09-02T19:40:59+00:00,https://bilgewatermarket.com/cards,Buhru Captain,foil,0.17,https://bilgewatermarket.com/cards/SFD-091?print_variation=foiled,foiled,https://bilgewatermarket.com/assets/SFD-091-EN-Dlp8XR_X.jpg,¥0.50,$0.17,,Buhru Captain SFD-091/221 Foiled CN ¥0.50 EN $0.17
2026-09-02T19:40:59+00:00,https://bilgewatermarket.com/cards,Buhru Captain,nonfoil,0.05,https://bilgewatermarket.com/cards/SFD-091,normal,https://bilgewatermarket.com/assets/SFD-091-EN-Dlp8XR_X.jpg,¥0.50,$0.05,,Buhru Captain SFD-091/221 CN ¥0.50 EN $0.05
2026-09-02T19:40:59+00:00,https://bilgewatermarket.com/cards,Combat Chef,foil,0.12,https://bilgewatermarket.com/cards/SFD-092?print_variation=foiled,foiled,https://bilgewatermarket.com/assets/SFD-092-EN-gjNNOvL0.jpg,¥0.50,$0.12,,Combat Chef SFD-092/221 Foiled CN ¥0.50 EN $0.12
2026-09-02T19:40:59+00:00,https://bilgewatermarket.com/cards,Combat Chef,nonfoil,0.03,https://bilgewatermarket.com/cards/SFD-092,normal,https://bilgewatermarket.com/assets/SFD-092-EN-gjNNOvL0.jpg,¥0.50,$0.03,,Combat Chef SFD-092/221 CN ¥0.50 EN $0.03
2026-09-02T19:40:59+00:00,https://bilgewatermarket.com/cards,Dauntless Vanguard,foil,0.15,https://bilgewatermarket.com/cards/SFD-093?print_variation=foiled,foiled,https://bilgewatermarket.com/assets/SFD-093-EN-DWomr0GK.jpg,¥0.55,$0.15,,Dauntless Vanguard SFD-093/221 Foiled CN ¥0.55 EN $0.15
2026-09-02T19:40:59+00:00,https://bilgewatermarket.com/cards,Dauntless Vanguard,nonfoil,0.09,https://bilgewatermarket.com/cards/SFD-093,normal,https://bilgewatermarket.com/assets/SFD-093-EN-DWomr0GK.jpg,¥0.50,$0.09,,Dauntless Vanguard SFD-093/221 CN ¥0.50 EN $0.09
2026-09-02T19:40:59+00:00,https://bilgewatermarket.com/cards,Direwing,foil,0.23,https://bilgewatermarket.com/cards/SFD-094?print_variation=foiled,foiled,https://bilgewatermarket.com/assets/SFD-094-EN-Bhl6y8ZV.jpg,¥0.52,$0.23,,Direwing SFD-094/221 Foiled CN ¥0.52 EN $0.23
2026-09-02T19:40:59+00:00,https://bilgewatermarket.com/cards,Direwing,nonfoil,0.07,https://bilgewatermarket.com/cards/SFD-094,normal,https://bilgewatermarket.com/assets/SFD-094-EN-Bhl6y8ZV.jpg,¥0.50,$0.07,,Direwing SFD-094/221 CN ¥0.50 EN $0.07
2026-09-02T19:40:59+00:00,https://bilgewatermarket.com/cards,Doran's Blade,foil,0.21,https://bilgewatermarket.com/cards/SFD-095?print_variation=foiled,foiled,https://bilgewatermarket.com/assets/SFD-095-EN-CRta9C0p.jpg,¥1.00,$0.21,,Doran's Blade SFD-095/221 Foiled CN ¥1.00 EN $0.21
2026-09-02T19:40:59+00:00,https://bilgewatermarket.com/cards,Doran's Blade,nonfoil,0.09,https://bilgewatermarket.com/cards/SFD-095,normal,https://bilgewatermarket.com/assets/SFD-095-EN-CRta9C0p.jpg,¥0.50,$0.09,,Doran's Blade SFD-095/221 CN ¥0.50 EN $0.09
2026-09-02T19:40:59+00:00,https://bilgewatermarket.com/cards,Laurent Bladekeeper,foil,0.15,https://bilgewatermarket.com/cards/SFD-096?print_variation=foiled,foiled,https://bilgewatermarket.com/assets/SFD-096-EN-C_TZfFxs.jpg,¥0.50,$0.15,,Laurent Bladekeeper SFD-096/221 Foiled CN ¥0.50 EN $0.15
2026-09-02T19:40:59+00:00,https://bilgewatermarket.com/cards,Laurent Bladekeeper,nonfoil,0.07,https://bilgewatermarket.com/cards/SFD-096,normal,https://bilgewatermarket.com/assets/SFD-096-EN-C_TZfFxs.jpg,¥0.50,$0.07,,Laurent Bladekeeper SFD-096/221 CN ¥0.50 EN $0.07
2026-09-02T19:40:59+00:00,https://bilgewatermarket.com/cards,Punch First,foil,1.91,https://bilgewatermarket.com/cards/SFD-097?print_variation=foiled,foiled,https://bilgewatermarket.com/assets/SFD-097-EN-CqHN1eIf.jpg,¥2.35,$1.91,,Punch First SFD-097/221 Foiled CN ¥2.35 EN $1.91
2026-09-02T19:40:59+00:00,https://bilgewatermarket.com/cards,Punch First,nonfoil,0.21,https://bilgewatermarket.com/cards/SFD-097,normal,https://bilgewatermarket.com/assets/SFD-097-EN-CqHN1eIf.jpg,¥0.67,$0.21,,Punch First SFD-097/221 CN ¥0.67 EN $0.21
2026-09-02T19:40:59+00:00,https://bilgewatermarket.com/cards,Sea Monkey,foil,0.21,https://bilgewatermarket.com/cards/SFD-098?print_variation=foiled,foiled,https://bilgewatermarket.com/assets/SFD-098-EN-B2UMXXPJ.jpg,¥1.02,$0.21,,Sea Monkey SFD-098/221 Foiled CN ¥1.02 EN $0.21
2026-09-02T19:40:59+00:00,https://bilgewatermarket.com/cards,Sea Monkey,nonfoil,0.09,https://bilgewatermarket.com/cards/SFD-098,normal,https://bilgewatermarket.com/assets/SFD-098-EN-B2UMXXPJ.jpg,¥0.55,$0.09,,Sea Monkey SFD-098/221 CN ¥0.55 EN $0.09
2026-09-02T19:40:59+00:00,https://bilgewatermarket.com/cards,Veteran Poro,foil,0.22,https://bilgewatermarket.com/cards/SFD-099?print_variation=foiled,foiled,https://bilgewatermarket.com/assets/SFD-099-EN-Clm0Eidv.jpg,¥0.51,$0.22,,Veteran Poro SFD-099/221 Foiled CN ¥0.51 EN $0.22
2026-09-02T19:40:59+00:00,https://bilgewatermarket.com/cards,Veteran Poro,nonfoil,0.10,https://bilgewatermarket.com/cards/SFD-099,normal,https://bilgewatermarket.com/assets/SFD-099-EN-Clm0Eidv.jpg,¥0.50,$0.10,,Veteran Poro SFD-099/221 CN ¥0.50 EN $0.10
2026-09-02T19:40:59+00:00,https://bilgewatermarket.com/cards,Yordle Explorer,foil,0.18,https://bilgewatermarket.com/cards/SFD-100?print_variation=foiled,foiled,https://bilgewatermarket.com/assets/SFD-100-EN-D5dGaNy_.jpg,¥0.50,$0.18,,Yordle Explorer SFD-100/221 Foiled CN ¥0.50 EN $0.18
2026-09-02T19:40:59+00:00,https://bilgewatermarket.com/cards,Yordle Explorer,nonfoil,0.04,https://bilgewatermarket.com/cards/SFD-100,normal,https://bilgewatermarket.com/assets/SFD-100-EN-D5dGaNy_.jpg,¥0.50,$0.04,,Yordle Explorer SFD-100/221 CN ¥0.50 EN $0.04
2026-09-02T19:40:59+00:00,https://bilgewatermarket.com/cards,Fae Dragon,foil,0.37,https://bilgewatermarket.com/cards/SFD-101?print_variation=foiled,foiled,https://bilgewatermarket.com/assets/SFD-101-EN-C88yOsMJ.jpg,¥1.27,$0.37,,Fae Dragon SFD-101/221 Foiled CN ¥1.27 EN $0.37
2026-09-02T19:40:59+00:00,https://bilgewatermarket.com/cards,Fae Dragon,nonfoil,0.14,https://bilgewatermarket.com/cards/SFD-101,normal,https://bilgewatermarket.com/assets/SFD-101-EN-C88yOsMJ.jpg,¥0.52,$0.14,,Fae Dragon SFD-101/221 CN ¥0.52 EN $0.14
2026-09-02T19:40:59+00:00,https://bilgewatermarket.com/cards,Hexdrinker,foil,0.26,https://bilgewatermarket.com/cards/SFD-102?print_variation=foiled,foiled,https://bilgewatermarket.com/assets/SFD-102-EN-jGY-nlUm.jpg,¥0.75,$0.26,,Hexdrinker SFD-102/221 Foiled CN ¥0.75 EN $0.26
2026-09-02T19:40:59+00:00,https://bilgewatermarket.com/cards,Hexdrinker,nonfoil,0.08,https://bilgewatermarket.com/cards/SFD-102,normal,https://bilgewatermarket.com/assets/SFD-102-EN-jGY-nlUm.jpg,¥0.50,$0.08,,Hexdrinker SFD-102/221 CN ¥0.50 EN $0.08
2026-09-02T19:40:59+00:00,https://bilgewatermarket.com/cards,Jaull-Fish,foil,0.25,https://bilgewatermarket.com/cards/SFD-103?print_variation=foiled,foiled,https://bilgewatermarket.com/assets/SFD-103-EN-BSyet-WB.jpg,¥0.68,$0.25,,Jaull-Fish SFD-103/221 Foiled CN ¥0.68 EN $0.25
2026-09-02T19:40:59+00:00,https://bilgewatermarket.com/cards,Jaull-Fish,nonfoil,0.09,https://bilgewatermarket.com/cards/SFD-103,normal,https://bilgewatermarket.com/assets/SFD-103-EN-BSyet-WB.jpg,¥0.50,$0.09,,Jaull-Fish SFD-103/221 CN ¥0.50 EN $0.09
2026-09-02T19:40:59+00:00,https://bilgewatermarket.com/cards,Petricite Monument,foil,0.22,https://bilgewatermarket.com/cards/SFD-104?print_variation=foiled,foiled,https://bilgewatermarket.com/assets/SFD-104-EN-pTXMeLiJ.jpg,¥0.75,$0.22,,Petricite Monument SFD-104/221 Foiled CN ¥0.75 EN $0.22
2026-09-02T19:40:59+00:00,https://bilgewatermarket.com/cards,Petricite Monument,nonfoil,0.07,https://bilgewatermarket.com/cards/SFD-104,normal,https://bilgewatermarket.com/assets/SFD-104-EN-pTXMeLiJ.jpg,¥0.50,$0.07,,Petricite Monument SFD-104/221 CN ¥0.50 EN $0.07
2026-09-02T19:40:59+00:00,https://bilgewatermarket.com/cards,Ruin Runner,foil,2.97,https://bilgewatermarket.com/cards/SFD-105?print_variation=foiled,foiled,https://bilgewatermarket.com/assets/SFD-105-EN-DhGE1Jkq.jpg,¥3.96,$2.97,,Ruin Runner SFD-105/221 Foiled CN ¥3.96 EN $2.97
2026-09-02T19:40:59+00:00,https://bilgewatermarket.com/cards,Ruin Runner,nonfoil,0.47,https://bilgewatermarket.com/cards/SFD-105,normal,https://bilgewatermarket.com/assets/SFD-105-EN-DhGE1Jkq.jpg,¥1.43,$0.47,,Ruin Runner SFD-105/221 CN ¥1.43 EN $0.47
2026-09-02T19:40:59+00:00,https://bilgewatermarket.com/cards,Show of Strength,foil,0.39,https://bilgewatermarket.com/cards/SFD-106?print_variation=foiled,foiled,https://bilgewatermarket.com/assets/SFD-106-EN-Bu6uspGq.jpg,¥0.91,$0.39,,Show of Strength SFD-106/221 Foiled CN ¥0.91 EN $0.39
2026-09-02T19:40:59+00:00,https://bilgewatermarket.com/cards,Show of Strength,nonfoil,0.14,https://bilgewatermarket.com/cards/SFD-106,normal,https://bilgewatermarket.com/assets/SFD-106-EN-Bu6uspGq.jpg,¥0.50,$0.14,,Show of Strength SFD-106/221 CN ¥0.50 EN $0.14
2026-09-02T19:40:59+00:00,https://bilgewatermarket.com/cards,Strike Down,foil,0.29,https://bilgewatermarket.com/cards/SFD-107?print_variation=foiled,foiled,https://bilgewatermarket.com/assets/SFD-107-EN-C2s9QDaH.jpg,¥0.71,$0.29,,Strike Down SFD-107/221 Foiled CN ¥0.71 EN $0.29
2026-09-02T19:40:59+00:00,https://bilgewatermarket.com/cards,Strike Down,nonfoil,0.11,https://bilgewatermarket.com/cards/SFD-107,normal,https://bilgewatermarket.com/assets/SFD-107-EN-C2s9QDaH.jpg,¥0.50,$0.11,,Strike Down SFD-107/221 CN ¥0.50 EN $0.11
2026-09-02T19:40:59+00:00,https://bilgewatermarket.com/cards,Warmog's Armor,foil,0.23,https://bilgewatermarket.com/cards/SFD-108?print_variation=foiled,foiled,https://bilgewatermarket.com/assets/SFD-108-EN-CNBcYxPh.jpg,¥1.02,$0.23,,Warmog's Armor SFD-108/221 Foiled CN ¥1.02 EN $0.23
2026-09-02T19:40:59+00:00,https://bilgewatermarket.com/cards,Warmog's Armor,nonfoil,0.12,https://bilgewatermarket.com/cards/SFD-108,normal,https://bilgewatermarket.com/assets/SFD-108-EN-CNBcYxPh.jpg,¥0.69,$0.12,,Warmog's Armor SFD-108/221 CN ¥0.69 EN $0.12
2026-09-02T19:40:59+00:00,https://bilgewatermarket.com/cards,"Akshan, Mischievous",nonfoil,1.21,https://bilgewatermarket.com/cards/SFD-109,normal,https://bilgewatermarket.com/assets/SFD-109-EN-FZ-ISCGo.jpg,¥3.05,$1.21,,"Akshan, Mischievous SFD-109/221 CN ¥3.05 EN $1.21"
2026-09-02T19:40:59+00:00,https://bilgewatermarket.com/cards,"Fiora, Peerless",nonfoil,0.23,https://bilgewatermarket.com/cards/SFD-110,normal,https://bilgewatermarket.com/assets/SFD-110-EN-BxdDhCAa.jpg,¥0.75,$0.23,,"Fiora, Peerless SFD-110/221 CN ¥0.75 EN $0.23"
2026-09-02T19:40:59+00:00,https://bilgewatermarket.com/cards,"Fiora, Peerless",nonfoil,3.38,https://bilgewatermarket.com/cards/SFD-110a?print_variation=showcase,showcase,https://bilgewatermarket.com/assets/SFD-110a-EN-BJOr926U.jpg,¥5.06,$3.38,,"Fiora, Peerless SFD-110A/221 Showcase CN ¥5.06 EN $3.38"
2026-09-02T19:40:59+00:00,https://bilgewatermarket.com/cards,Here to Help,nonfoil,0.20,https://bilgewatermarket.com/cards/SFD-111,normal,https://bilgewatermarket.com/assets/SFD-111-EN-DIquvv8l.jpg,¥0.60,$0.20,,Here to Help SFD-111/221 CN ¥0.60 EN $0.20
2026-09-02T19:40:59+00:00,https://bilgewatermarket.com/cards,Kato the Arm,nonfoil,0.15,https://bilgewatermarket.com/cards/SFD-112,normal,https://bilgewatermarket.com/assets/SFD-112-EN-CEcEItCx.jpg,¥0.50,$0.15,,Kato the Arm SFD-112/221 CN ¥0.50 EN $0.15
2026-09-02T19:40:59+00:00,https://bilgewatermarket.com/cards,"Lucian, Merciless",nonfoil,0.31,https://bilgewatermarket.com/cards/SFD-113,normal,https://bilgewatermarket.com/assets/SFD-113-EN-BotdsLvt.jpg,¥1.08,$0.31,,"Lucian, Merciless SFD-113/221 CN ¥1.08 EN $0.31"
2026-09-02T19:40:59+00:00,https://bilgewatermarket.com/cards,"Lucian, Merciless",nonfoil,3.96,https://bilgewatermarket.com/cards/SFD-113a?print_variation=showcase,showcase,https://bilgewatermarket.com/assets/SFD-113a-EN-Bx1y6D-E.jpg,¥7.42,$3.96,,"Lucian, Merciless SFD-113A/221 Showcase CN ¥7.42 EN $3.96"
2026-09-02T19:40:59+00:00,https://bilgewatermarket.com/cards,Marching Orders,nonfoil,0.20,https://bilgewatermarket.com/cards/SFD-114,normal,https://bilgewatermarket.com/assets/SFD-114-EN-2vdTI2B0.jpg,¥0.51,$0.20,,Marching Orders SFD-114/221 CN ¥0.51 EN $0.20
2026-09-02T19:40:59+00:00,https://bilgewatermarket.com/cards,Trinity Force,nonfoil,0.38,https://bilgewatermarket.com/cards/SFD-115,normal,https://bilgewatermarket.com/assets/SFD-115-EN-BFeFyLHY.jpg,¥1.11,$0.38,,Trinity Force SFD-115/221 CN ¥1.11 EN $0.38
2026-09-02T19:40:59+00:00,https://bilgewatermarket.com/cards,"Yone, Blademaster",nonfoil,0.22,https://bilgewatermarket.com/cards/SFD-116,normal,https://bilgewatermarket.com/assets/SFD-116-EN-BQUYouMr.jpg,¥0.51,$0.22,,"Yone, Blademaster SFD-116/221 CN ¥0.51 EN $0.22"
2026-09-02T19:40:59+00:00,https://bilgewatermarket.com/cards,Ancient Henge,nonfoil,0.96,https://bilgewatermarket.com/cards/SFD-117,normal,https://bilgewatermarket.com/assets/SFD-117-EN-msq3Ze4b.jpg,¥2.18,$0.96,,Ancient Henge SFD-117/221 CN ¥2.18 EN $0.96
2026-09-02T19:40:59+00:00,https://bilgewatermarket.com/cards,Boneshiver,nonfoil,3.58,https://bilgewatermarket.com/cards/SFD-118,normal,https://bilgewatermarket.com/assets/SFD-118-EN-xrOpTriA.jpg,¥9.91,$3.58,,Boneshiver SFD-118/221 CN ¥9.91 EN $3.58
2026-09-02T19:40:59+00:00,https://bilgewatermarket.com/cards,"Jax, Unrelenting",nonfoil,0.80,https://bilgewatermarket.com/cards/SFD-119,normal,https://bilgewatermarket.com/assets/SFD-119-EN-Dt3NLe5X.jpg,¥1.08,$0.80,,"Jax, Unrelenting SFD-119/221 CN ¥1.08 EN $0.80"
2026-09-02T19:40:59+00:00,https://bilgewatermarket.com/cards,"Jax, Unrelenting",nonfoil,1.28,https://bilgewatermarket.com/cards/SFD-119a?print_variation=showcase,showcase,https://bilgewatermarket.com/assets/SFD-119a-EN--Re0eAoB.jpg,¥1.53,$1.28,,"Jax, Unrelenting SFD-119A/221 Showcase CN ¥1.53 EN $1.28"
2026-09-02T19:40:59+00:00,https://bilgewatermarket.com/cards,"Sivir, Ambitious",nonfoil,0.40,https://bilgewatermarket.com/cards/SFD-120,normal,https://bilgewatermarket.com/assets/SFD-120-EN-BeCEjwWR.jpg,¥0.92,$0.40,,"Sivir, Ambitious SFD-120/221 CN ¥0.92 EN $0.40"
2026-09-02T19:40:59+00:00,https://bilgewatermarket.com/cards,"Sivir, Ambitious",nonfoil,1.39,https://bilgewatermarket.com/cards/SFD-120a?print_variation=showcase,showcase,https://bilgewatermarket.com/assets/SFD-120a-EN-BgMQOzHs.jpg,¥1.78,$1.39,,"Sivir, Ambitious SFD-120A/221 Showcase CN ¥1.78 EN $1.39"
2026-09-02T19:40:59+00:00,https://bilgewatermarket.com/cards,Black Market Broker,foil,0.17,https://bilgewatermarket.com/cards/SFD-121?print_variation=foiled,foiled,https://bilgewatermarket.com/assets/SFD-121-EN-DoTjSP6B.jpg,¥0.50,$0.17,,Black Market Broker SFD-121/221 Foiled CN ¥0.50 EN $0.17
2026-09-02T19:40:59+00:00,https://bilgewatermarket.com/cards,Black Market Broker,nonfoil,0.06,https://bilgewatermarket.com/cards/SFD-121,normal,https://bilgewatermarket.com/assets/SFD-121-EN-DoTjSP6B.jpg,¥0.50,$0.06,,Black Market Broker SFD-121/221 CN ¥0.50 EN $0.06
2026-09-02T19:40:59+00:00,https://bilgewatermarket.com/cards,Called Shot,foil,0.40,https://bilgewatermarket.com/cards/SFD-122?print_variation=foiled,foiled,https://bilgewatermarket.com/assets/SFD-122-EN-Qq1zBU0W.jpg,¥1.00,$0.40,,BANNED Called Shot SFD-122/221 Foiled CN ¥1.00 EN $0.40
2026-09-02T19:40:59+00:00,https://bilgewatermarket.com/cards,Called Shot,nonfoil,0.10,https://bilgewatermarket.com/cards/SFD-122,normal,https://bilgewatermarket.com/assets/SFD-122-EN-Qq1zBU0W.jpg,¥0.50,$0.10,,BANNED Called Shot SFD-122/221 CN ¥0.50 EN $0.10
2026-09-02T19:40:59+00:00,https://bilgewatermarket.com/cards,Corrupt Enforcer,foil,0.17,https://bilgewatermarket.com/cards/SFD-123?print_variation=foiled,foiled,https://bilgewatermarket.com/assets/SFD-123-EN-D2Pdz6Sd.jpg,¥0.50,$0.17,,Corrupt Enforcer SFD-123/221 Foiled CN ¥0.50 EN $0.17
2026-09-02T19:40:59+00:00,https://bilgewatermarket.com/cards,Corrupt Enforcer,nonfoil,0.04,https://bilgewatermarket.com/cards/SFD-123,normal,https://bilgewatermarket.com/assets/SFD-123-EN-D2Pdz6Sd.jpg,¥0.50,$0.04,,Corrupt Enforcer SFD-123/221 CN ¥0.50 EN $0.04
2026-09-02T19:40:59+00:00,https://bilgewatermarket.com/cards,Doran's Ring,foil,0.16,https://bilgewatermarket.com/cards/SFD-124?print_variation=foiled,foiled,https://bilgewatermarket.com/assets/SFD-124-EN-HlZBzVEt.jpg,¥0.53,$0.16,,Doran's Ring SFD-124/221 Foiled CN ¥0.53 EN $0.16
2026-09-02T19:40:59+00:00,https://bilgewatermarket.com/cards,Doran's Ring,nonfoil,0.05,https://bilgewatermarket.com/cards/SFD-124,normal,https://bilgewatermarket.com/assets/SFD-124-EN-HlZBzVEt.jpg,¥0.50,$0.05,,Doran's Ring SFD-124/221 CN ¥0.50 EN $0.05
2026-09-02T19:40:59+00:00,https://bilgewatermarket.com/cards,Fae Porter,foil,0.19,https://bilgewatermarket.com/cards/SFD-125?print_variation=foiled,foiled,https://bilgewatermarket.com/assets/SFD-125-EN-BONn0GV-.jpg,¥0.50,$0.19,,Fae Porter SFD-125/221 Foiled CN ¥0.50 EN $0.19
2026-09-02T19:40:59+00:00,https://bilgewatermarket.com/cards,Fae Porter,nonfoil,0.05,https://bilgewatermarket.com/cards/SFD-125,normal,https://bilgewatermarket.com/assets/SFD-125-EN-BONn0GV-.jpg,¥0.50,$0.05,,Fae Porter SFD-125/221 CN ¥0.50 EN $0.05
2026-09-02T19:40:59+00:00,https://bilgewatermarket.com/cards,Loyal Pup,foil,0.22,https://bilgewatermarket.com/cards/SFD-126?print_variation=foiled,foiled,https://bilgewatermarket.com/assets/SFD-126-EN-DL5bCBUh.jpg,¥0.50,$0.22,,Loyal Pup SFD-126/221 Foiled CN ¥0.50 EN $0.22
2026-09-02T19:40:59+00:00,https://bilgewatermarket.com/cards,Loyal Pup,nonfoil,0.06,https://bilgewatermarket.com/cards/SFD-126,normal,https://bilgewatermarket.com/assets/SFD-126-EN-DL5bCBUh.jpg,¥0.50,$0.06,,Loyal Pup SFD-126/221 CN ¥0.50 EN $0.06
2026-09-02T19:40:59+00:00,https://bilgewatermarket.com/cards,Master Bingwen,foil,0.15,https://bilgewatermarket.com/cards/SFD-127?print_variation=foiled,foiled,https://bilgewatermarket.com/assets/SFD-127-EN-B7VG9asY.jpg,¥0.50,$0.15,,Master Bingwen SFD-127/221 Foiled CN ¥0.50 EN $0.15
2026-09-02T19:40:59+00:00,https://bilgewatermarket.com/cards,Master Bingwen,nonfoil,0.03,https://bilgewatermarket.com/cards/SFD-127,normal,https://bilgewatermarket.com/assets/SFD-127-EN-B7VG9asY.jpg,¥0.40,$0.03,,Master Bingwen SFD-127/221 CN ¥0.40 EN $0.03
2026-09-02T19:40:59+00:00,https://bilgewatermarket.com/cards,Overzealous Fan,foil,0.35,https://bilgewatermarket.com/cards/SFD-128?print_variation=foiled,foiled,https://bilgewatermarket.com/assets/SFD-128-EN-C9aQQ8MX.jpg,¥1.74,$0.35,,Overzealous Fan SFD-128/221 Foiled CN ¥1.74 EN $0.35
2026-09-02T19:40:59+00:00,https://bilgewatermarket.com/cards,Overzealous Fan,nonfoil,0.12,https://bilgewatermarket.com/cards/SFD-128,normal,https://bilgewatermarket.com/assets/SFD-128-EN-C9aQQ8MX.jpg,¥0.52,$0.12,,Overzealous Fan SFD-128/221 CN ¥0.52 EN $0.12
2026-09-02T19:40:59+00:00,https://bilgewatermarket.com/cards,Temptation,foil,0.13,https://bilgewatermarket.com/cards/SFD-129?print_variation=foiled,foiled,https://bilgewatermarket.com/assets/SFD-129-EN-O-m706S6.jpg,¥0.50,$0.13,,Temptation SFD-129/221 Foiled CN ¥0.50 EN $0.13
2026-09-02T19:40:59+00:00,https://bilgewatermarket.com/cards,Temptation,nonfoil,0.06,https://bilgewatermarket.com/cards/SFD-129,normal,https://bilgewatermarket.com/assets/SFD-129-EN-O-m706S6.jpg,¥0.50,$0.06,,Temptation SFD-129/221 CN ¥0.50 EN $0.06
2026-09-02T19:40:59+00:00,https://bilgewatermarket.com/cards,Treasure Hunter,foil,0.27,https://bilgewatermarket.com/cards/SFD-130?print_variation=foiled,foiled,https://bilgewatermarket.com/assets/SFD-130-EN-DCI4J2F-.jpg,¥1.69,$0.27,,Treasure Hunter SFD-130/221 Foiled CN ¥1.69 EN $0.27
2026-09-02T19:40:59+00:00,https://bilgewatermarket.com/cards,Treasure Hunter,nonfoil,0.18,https://bilgewatermarket.com/cards/SFD-130,normal,https://bilgewatermarket.com/assets/SFD-130-EN-DCI4J2F-.jpg,¥0.58,$0.18,,Treasure Hunter SFD-130/221 CN ¥0.58 EN $0.18
2026-09-02T19:40:59+00:00,https://bilgewatermarket.com/cards,Ancient Warmonger,foil,0.23,https://bilgewatermarket.com/cards/SFD-131?print_variation=foiled,foiled,https://bilgewatermarket.com/assets/SFD-131-EN-sSilN-qh.jpg,¥0.50,$0.23,,Ancient Warmonger SFD-131/221 Foiled CN ¥0.50 EN $0.23
2026-09-02T19:40:59+00:00,https://bilgewatermarket.com/cards,Ancient Warmonger,nonfoil,0.08,https://bilgewatermarket.com/cards/SFD-131,normal,https://bilgewatermarket.com/assets/SFD-131-EN-sSilN-qh.jpg,¥0.50,$0.08,,Ancient Warmonger SFD-131/221 CN ¥0.50 EN $0.08
2026-09-02T19:40:59+00:00,https://bilgewatermarket.com/cards,Beast Below,foil,0.30,https://bilgewatermarket.com/cards/SFD-132?print_variation=foiled,foiled,https://bilgewatermarket.com/assets/SFD-132-EN-O4K84EWy.jpg,¥0.51,$0.30,,Beast Below SFD-132/221 Foiled CN ¥0.51 EN $0.30
2026-09-02T19:40:59+00:00,https://bilgewatermarket.com/cards,Beast Below,nonfoil,0.11,https://bilgewatermarket.com/cards/SFD-132,normal,https://bilgewatermarket.com/assets/SFD-132-EN-O4K84EWy.jpg,¥0.98,$0.11,,Beast Below SFD-132/221 CN ¥0.98 EN $0.11
2026-09-02T19:40:59+00:00,https://bilgewatermarket.com/cards,Boots of Swiftness,foil,2.14,https://bilgewatermarket.com/cards/SFD-133?print_variation=foiled,foiled,https://bilgewatermarket.com/assets/SFD-133-EN-M_WR9CN4.jpg,¥4.42,$2.14,,Boots of Swiftness SFD-133/221 Foiled CN ¥4.42 EN $2.14
2026-09-02T19:40:59+00:00,https://bilgewatermarket.com/cards,Boots of Swiftness,nonfoil,0.47,https://bilgewatermarket.com/cards/SFD-133,normal,https://bilgewatermarket.com/assets/SFD-133-EN-M_WR9CN4.jpg,¥1.28,$0.47,,Boots of Swiftness SFD-133/221 CN ¥1.28 EN $0.47
2026-09-02T19:40:59+00:00,https://bilgewatermarket.com/cards,Cull,foil,0.35,https://bilgewatermarket.com/cards/SFD-134?print_variation=foiled,foiled,https://bilgewatermarket.com/assets/SFD-134-EN-wGXotdcL.jpg,¥1.05,$0.35,,Cull SFD-134/221 Foiled CN ¥1.05 EN $0.35
2026-09-02T19:40:59+00:00,https://bilgewatermarket.com/cards,Cull,nonfoil,0.11,https://bilgewatermarket.com/cards/SFD-134,normal,https://bilgewatermarket.com/assets/SFD-134-EN-wGXotdcL.jpg,¥0.67,$0.11,,Cull SFD-134/221 CN ¥0.67 EN $0.11
2026-09-02T19:40:59+00:00,https://bilgewatermarket.com/cards,Factory Recall,foil,0.30,https://bilgewatermarket.com/cards/SFD-135?print_variation=foiled,foiled,https://bilgewatermarket.com/assets/SFD-135-EN-B5MGXx5I.jpg,¥1.81,$0.30,,Factory Recall SFD-135/221 Foiled CN ¥1.81 EN $0.30
2026-09-02T19:40:59+00:00,https://bilgewatermarket.com/cards,Factory Recall,nonfoil,0.08,https://bilgewatermarket.com/cards/SFD-135,normal,https://bilgewatermarket.com/assets/SFD-135-EN-B5MGXx5I.jpg,¥0.83,$0.08,,Factory Recall SFD-135/221 CN ¥0.83 EN $0.08
2026-09-02T19:40:59+00:00,https://bilgewatermarket.com/cards,Hard Bargain,foil,5.08,https://bilgewatermarket.com/cards/SFD-136?print_variation=foiled,foiled,https://bilgewatermarket.com/assets/SFD-136-EN-BrtDATl3.jpg,¥6.33,$5.08,,Hard Bargain SFD-136/221 Foiled CN ¥6.33 EN $5.08
2026-09-02T19:40:59+00:00,https://bilgewatermarket.com/cards,Hard Bargain,nonfoil,1.65,https://bilgewatermarket.com/cards/SFD-136,normal,https://bilgewatermarket.com/assets/SFD-136-EN-BrtDATl3.jpg,¥2.36,$1.65,,Hard Bargain SFD-136/221 CN ¥2.36 EN $1.65
2026-09-02T19:40:59+00:00,https://bilgewatermarket.com/cards,Harpoon Squad,foil,0.29,https://bilgewatermarket.com/cards/SFD-137?print_variation=foiled,foiled,https://bilgewatermarket.com/assets/SFD-137-EN-8HEtHQjp.jpg,¥0.50,$0.29,,Harpoon Squad SFD-137/221 Foiled CN ¥0.50 EN $0.29
2026-09-02T19:40:59+00:00,https://bilgewatermarket.com/cards,Harpoon Squad,nonfoil,0.05,https://bilgewatermarket.com/cards/SFD-137,normal,https://bilgewatermarket.com/assets/SFD-137-EN-8HEtHQjp.jpg,¥0.98,$0.05,,Harpoon Squad SFD-137/221 CN ¥0.98 EN $0.05
2026-09-02T19:40:59+00:00,https://bilgewatermarket.com/cards,Windsinger,foil,0.53,https://bilgewatermarket.com/cards/SFD-138?print_variation=foiled,foiled,https://bilgewatermarket.com/assets/SFD-138-EN-BmnIl-iY.jpg,¥0.83,$0.53,,Windsinger SFD-138/221 Foiled CN ¥0.83 EN $0.53
2026-09-02T19:40:59+00:00,https://bilgewatermarket.com/cards,Windsinger,nonfoil,0.22,https://bilgewatermarket.com/cards/SFD-138,normal,https://bilgewatermarket.com/assets/SFD-138-EN-BmnIl-iY.jpg,¥0.52,$0.22,,Windsinger SFD-138/221 CN ¥0.52 EN $0.22
2026-09-02T19:40:59+00:00,https://bilgewatermarket.com/cards,Edge of Night,nonfoil,0.36,https://bilgewatermarket.com/cards/SFD-139,normal,https://bilgewatermarket.com/assets/SFD-139-EN-oOXuycYc.jpg,¥1.91,$0.36,,Edge of Night SFD-139/221 CN ¥1.91 EN $0.36
2026-09-02T19:40:59+00:00,https://bilgewatermarket.com/cards,"Fizz, Trickster",nonfoil,7.94,https://bilgewatermarket.com/cards/SFD-140,normal,https://bilgewatermarket.com/assets/SFD-140-EN-167JCxsk.jpg,¥5.91,$7.94,,"Fizz, Trickster SFD-140/221 CN ¥5.91 EN $7.94"
2026-09-02T19:40:59+00:00,https://bilgewatermarket.com/cards,"Irelia, Graceful",nonfoil,0.22,https://bilgewatermarket.com/cards/SFD-141,normal,https://bilgewatermarket.com/assets/SFD-141-EN-z0TMyenN.jpg,¥0.50,$0.22,,"Irelia, Graceful SFD-141/221 CN ¥0.50 EN $0.22"
2026-09-02T19:40:59+00:00,https://bilgewatermarket.com/cards,"Irelia, Graceful",nonfoil,2.09,https://bilgewatermarket.com/cards/SFD-141a?print_variation=showcase,showcase,https://bilgewatermarket.com/assets/SFD-141a-EN-BwwzXVJI.jpg,¥3.46,$2.09,,"Irelia, Graceful SFD-141A/221 Showcase CN ¥3.46 EN $2.09"
2026-09-02T19:40:59+00:00,https://bilgewatermarket.com/cards,Jae Medarda,nonfoil,0.10,https://bilgewatermarket.com/cards/SFD-142,normal,https://bilgewatermarket.com/assets/SFD-142-EN-BIOwfaO_.jpg,¥0.50,$0.10,,Jae Medarda SFD-142/221 CN ¥0.50 EN $0.10
2026-09-02T19:40:59+00:00,https://bilgewatermarket.com/cards,"Sivir, Mercenary",nonfoil,0.18,https://bilgewatermarket.com/cards/SFD-143,normal,https://bilgewatermarket.com/assets/SFD-143-EN-CqXh_Ict.jpg,¥0.54,$0.18,,"Sivir, Mercenary SFD-143/221 CN ¥0.54 EN $0.18"
2026-09-02T19:40:59+00:00,https://bilgewatermarket.com/cards,"Sivir, Mercenary",nonfoil,1.19,https://bilgewatermarket.com/cards/SFD-143a?print_variation=showcase,showcase,https://bilgewatermarket.com/assets/SFD-143a-EN-E_YGq77K.jpg,¥2.93,$1.19,,"Sivir, Mercenary SFD-143A/221 Showcase CN ¥2.93 EN $1.19"
2026-09-02T19:40:59+00:00,https://bilgewatermarket.com/cards,Spirit Wheel,nonfoil,0.15,https://bilgewatermarket.com/cards/SFD-144,normal,https://bilgewatermarket.com/assets/SFD-144-EN-BSm48Bx4.jpg,¥0.62,$0.15,,Spirit Wheel SFD-144/221 CN ¥0.62 EN $0.15
2026-09-02T19:40:59+00:00,https://bilgewatermarket.com/cards,Switcheroo,nonfoil,3.40,https://bilgewatermarket.com/cards/SFD-145,normal,https://bilgewatermarket.com/assets/SFD-145-EN-D5OJ4owk.jpg,¥3.35,$3.40,,Switcheroo SFD-145/221 CN ¥3.35 EN $3.40
2026-09-02T19:40:59+00:00,https://bilgewatermarket.com/cards,"Vex, Cheerless",nonfoil,0.33,https://bilgewatermarket.com/cards/SFD-146,normal,https://bilgewatermarket.com/assets/SFD-146-EN-BNkbBqNK.jpg,¥1.79,$0.33,,"Vex, Cheerless SFD-146/221 CN ¥1.79 EN $0.33"
2026-09-02T19:40:59+00:00,https://bilgewatermarket.com/cards,Downwell,nonfoil,4.97,https://bilgewatermarket.com/cards/SFD-147,normal,https://bilgewatermarket.com/assets/SFD-147-EN-B-1iRVEj.jpg,¥16.54,$4.97,,Downwell SFD-147/221 CN ¥16.54 EN $4.97
2026-09-02T19:40:59+00:00,https://bilgewatermarket.com/cards,"Draven, Audacious",nonfoil,1.23,https://bilgewatermarket.com/cards/SFD-148,normal,https://bilgewatermarket.com/assets/SFD-148-EN-taGFyBgp.jpg,¥11.36,$1.23,,"Draven, Audacious SFD-148/221 CN ¥11.36 EN $1.23"
2026-09-02T19:40:59+00:00,https://bilgewatermarket.com/cards,"Draven, Audacious",nonfoil,1.93,https://bilgewatermarket.com/cards/SFD-148a?print_variation=showcase,showcase,https://bilgewatermarket.com/assets/SFD-148a-EN-w3GHoCtp.jpg,¥15.36,$1.93,,"Draven, Audacious SFD-148A/221 Showcase CN ¥15.36 EN $1.93"
2026-09-02T19:40:59+00:00,https://bilgewatermarket.com/cards,"Ezreal, Prodigy",nonfoil,6.15,https://bilgewatermarket.com/cards/SFD-149,normal,https://bilgewatermarket.com/assets/SFD-149-EN-CJlXWY_s.jpg,¥34.08,$6.15,,"Ezreal, Prodigy SFD-149/221 CN ¥34.08 EN $6.15"
2026-09-02T19:40:59+00:00,https://bilgewatermarket.com/cards,"Ezreal, Prodigy",nonfoil,7.26,https://bilgewatermarket.com/cards/SFD-149a?print_variation=showcase,showcase,https://bilgewatermarket.com/assets/SFD-149a-EN-DIEDxoL1.jpg,¥34.45,$7.26,,"Ezreal, Prodigy SFD-149A/221 Showcase CN ¥34.45 EN $7.26"
2026-09-02T19:40:59+00:00,https://bilgewatermarket.com/cards,Last Rites,nonfoil,54.58,https://bilgewatermarket.com/cards/SFD-150,normal,https://bilgewatermarket.com/assets/SFD-150-EN-DrcKFZlv.jpg,¥91.49,$54.58,,Last Rites SFD-150/221 CN ¥91.49 EN $54.58
2026-09-02T19:40:59+00:00,https://bilgewatermarket.com/cards,Bonds of Strength,foil,0.18,https://bilgewatermarket.com/cards/SFD-151?print_variation=foiled,foiled,https://bilgewatermarket.com/assets/SFD-151-EN-_EB2wnKR.jpg,¥0.53,$0.18,,Bonds of Strength SFD-151/221 Foiled CN ¥0.53 EN $0.18
2026-09-02T19:40:59+00:00,https://bilgewatermarket.com/cards,Bonds of Strength,nonfoil,0.07,https://bilgewatermarket.com/cards/SFD-151,normal,https://bilgewatermarket.com/assets/SFD-151-EN-_EB2wnKR.jpg,¥0.50,$0.07,,Bonds of Strength SFD-151/221 CN ¥0.50 EN $0.07
2026-09-02T19:40:59+00:00,https://bilgewatermarket.com/cards,Eminent Benefactor,foil,0.17,https://bilgewatermarket.com/cards/SFD-152?print_variation=foiled,foiled,https://bilgewatermarket.com/assets/SFD-152-EN-DsbGjJT9.jpg,¥0.50,$0.17,,Eminent Benefactor SFD-152/221 Foiled CN ¥0.50 EN $0.17
2026-09-02T19:40:59+00:00,https://bilgewatermarket.com/cards,Eminent Benefactor,nonfoil,0.04,https://bilgewatermarket.com/cards/SFD-152,normal,https://bilgewatermarket.com/assets/SFD-152-EN-DsbGjJT9.jpg,¥0.50,$0.04,,Eminent Benefactor SFD-152/221 CN ¥0.50 EN $0.04
2026-09-02T19:40:59+00:00,https://bilgewatermarket.com/cards,Eye of the Herald,foil,0.28,https://bilgewatermarket.com/cards/SFD-153?print_variation=foiled,foiled,https://bilgewatermarket.com/assets/SFD-153-EN-DFULRXiL.jpg,¥0.70,$0.28,,Eye of the Herald SFD-153/221 Foiled CN ¥0.70 EN $0.28
2026-09-02T19:40:59+00:00,https://bilgewatermarket.com/cards,Eye of the Herald,nonfoil,0.10,https://bilgewatermarket.com/cards/SFD-153,normal,https://bilgewatermarket.com/assets/SFD-153-EN-DFULRXiL.jpg,¥0.53,$0.10,,Eye of the Herald SFD-153/221 CN ¥0.53 EN $0.10
2026-09-02T19:40:59+00:00,https://bilgewatermarket.com/cards,Guards!,foil,0.30,https://bilgewatermarket.com/cards/SFD-154?print_variation=foiled,foiled,https://bilgewatermarket.com/assets/SFD-154-EN-FfryZ39-.jpg,¥1.19,$0.30,,Guards! SFD-154/221 Foiled CN ¥1.19 EN $0.30
2026-09-02T19:40:59+00:00,https://bilgewatermarket.com/cards,Guards!,nonfoil,0.12,https://bilgewatermarket.com/cards/SFD-154,normal,https://bilgewatermarket.com/assets/SFD-154-EN-FfryZ39-.jpg,¥0.54,$0.12,,Guards! SFD-154/221 CN ¥0.54 EN $0.12
2026-09-02T19:40:59+00:00,https://bilgewatermarket.com/cards,Honest Broker,foil,0.35,https://bilgewatermarket.com/cards/SFD-155?print_variation=foiled,foiled,https://bilgewatermarket.com/assets/SFD-155-EN-DDsgr9dI.jpg,¥1.39,$0.35,,Honest Broker SFD-155/221 Foiled CN ¥1.39 EN $0.35
2026-09-02T19:40:59+00:00,https://bilgewatermarket.com/cards,Honest Broker,nonfoil,0.18,https://bilgewatermarket.com/cards/SFD-155,normal,https://bilgewatermarket.com/assets/SFD-155-EN-DDsgr9dI.jpg,¥0.58,$0.18,,Honest Broker SFD-155/221 CN ¥0.58 EN $0.18
2026-09-02T19:40:59+00:00,https://bilgewatermarket.com/cards,Laurent Duelist,foil,0.17,https://bilgewatermarket.com/cards/SFD-156?print_variation=foiled,foiled,https://bilgewatermarket.com/assets/SFD-156-EN-DYSNGSDV.jpg,¥0.50,$0.17,,Laurent Duelist SFD-156/221 Foiled CN ¥0.50 EN $0.17
2026-09-02T19:40:59+00:00,https://bilgewatermarket.com/cards,Laurent Duelist,nonfoil,0.03,https://bilgewatermarket.com/cards/SFD-156,normal,https://bilgewatermarket.com/assets/SFD-156-EN-DYSNGSDV.jpg,¥0.50,$0.03,,Laurent Duelist SFD-156/221 CN ¥0.50 EN $0.03
2026-09-02T19:40:59+00:00,https://bilgewatermarket.com/cards,Royal Guard,foil,0.17,https://bilgewatermarket.com/cards/SFD-157?print_variation=foiled,foiled,https://bilgewatermarket.com/assets/SFD-157-EN-CIAJKjTm.jpg,¥0.50,$0.17,,Royal Guard SFD-157/221 Foiled CN ¥0.50 EN $0.17
2026-09-02T19:40:59+00:00,https://bilgewatermarket.com/cards,Royal Guard,nonfoil,0.06,https://bilgewatermarket.com/cards/SFD-157,normal,https://bilgewatermarket.com/assets/SFD-157-EN-CIAJKjTm.jpg,¥0.50,$0.06,,Royal Guard SFD-157/221 CN ¥0.50 EN $0.06
2026-09-02T19:40:59+00:00,https://bilgewatermarket.com/cards,Sandshifter,foil,0.18,https://bilgewatermarket.com/cards/SFD-158?print_variation=foiled,foiled,https://bilgewatermarket.com/assets/SFD-158-EN-Ct6rbH4T.jpg,¥0.50,$0.18,,Sandshifter SFD-158/221 Foiled CN ¥0.50 EN $0.18
2026-09-02T19:40:59+00:00,https://bilgewatermarket.com/cards,Sandshifter,nonfoil,0.05,https://bilgewatermarket.com/cards/SFD-158,normal,https://bilgewatermarket.com/assets/SFD-158-EN-Ct6rbH4T.jpg,¥0.51,$0.05,,Sandshifter SFD-158/221 CN ¥0.51 EN $0.05
2026-09-02T19:40:59+00:00,https://bilgewatermarket.com/cards,Trusty Ramhound,foil,0.21,https://bilgewatermarket.com/cards/SFD-159?print_variation=foiled,foiled,https://bilgewatermarket.com/assets/SFD-159-EN-BEom7MVq.jpg,¥0.52,$0.21,,Trusty Ramhound SFD-159/221 Foiled CN ¥0.52 EN $0.21
2026-09-02T19:40:59+00:00,https://bilgewatermarket.com/cards,Trusty Ramhound,nonfoil,0.07,https://bilgewatermarket.com/cards/SFD-159,normal,https://bilgewatermarket.com/assets/SFD-159-EN-BEom7MVq.jpg,¥0.50,$0.07,,Trusty Ramhound SFD-159/221 CN ¥0.50 EN $0.07
2026-09-02T19:40:59+00:00,https://bilgewatermarket.com/cards,Zaun Punk,foil,0.19,https://bilgewatermarket.com/cards/SFD-160?print_variation=foiled,foiled,https://bilgewatermarket.com/assets/SFD-160-EN-C0423_Yl.jpg,¥0.60,$0.19,,Zaun Punk SFD-160/221 Foiled CN ¥0.60 EN $0.19
2026-09-02T19:40:59+00:00,https://bilgewatermarket.com/cards,Zaun Punk,nonfoil,0.04,https://bilgewatermarket.com/cards/SFD-160,normal,https://bilgewatermarket.com/assets/SFD-160-EN-C0423_Yl.jpg,¥0.50,$0.04,,Zaun Punk SFD-160/221 CN ¥0.50 EN $0.04
2026-09-02T19:40:59+00:00,https://bilgewatermarket.com/cards,B.F. Sword,foil,1.95,https://bilgewatermarket.com/cards/SFD-161?print_variation=foiled,foiled,https://bilgewatermarket.com/assets/SFD-161-EN-C5BdAWQn.jpg,¥3.70,$1.95,,B.F. Sword SFD-161/221 Foiled CN ¥3.70 EN $1.95
2026-09-02T19:40:59+00:00,https://bilgewatermarket.com/cards,B.F. Sword,nonfoil,0.33,https://bilgewatermarket.com/cards/SFD-161,normal,https://bilgewatermarket.com/assets/SFD-161-EN-C5BdAWQn.jpg,¥1.20,$0.33,,B.F. Sword SFD-161/221 CN ¥1.20 EN $0.33
2026-09-02T19:40:59+00:00,https://bilgewatermarket.com/cards,Blood Money,foil,0.32,https://bilgewatermarket.com/cards/SFD-162?print_variation=foiled,foiled,https://bilgewatermarket.com/assets/SFD-162-EN-CQY3v4wz.jpg,¥1.65,$0.32,,Blood Money SFD-162/221 Foiled CN ¥1.65 EN $0.32
2026-09-02T19:40:59+00:00,https://bilgewatermarket.com/cards,Blood Money,nonfoil,0.15,https://bilgewatermarket.com/cards/SFD-162,normal,https://bilgewatermarket.com/assets/SFD-162-EN-CQY3v4wz.jpg,¥0.89,$0.15,,Blood Money SFD-162/221 CN ¥0.89 EN $0.15
2026-09-02T19:40:59+00:00,https://bilgewatermarket.com/cards,Deathgrip,foil,2.39,https://bilgewatermarket.com/cards/SFD-163?print_variation=foiled,foiled,https://bilgewatermarket.com/assets/SFD-163-EN-BDZsLAFQ.jpg,¥4.02,$2.39,,Deathgrip SFD-163/221 Foiled CN ¥4.02 EN $2.39
2026-09-02T19:40:59+00:00,https://bilgewatermarket.com/cards,Deathgrip,nonfoil,0.47,https://bilgewatermarket.com/cards/SFD-163,normal,https://bilgewatermarket.com/assets/SFD-163-EN-BDZsLAFQ.jpg,¥1.96,$0.47,,Deathgrip SFD-163/221 CN ¥1.96 EN $0.47
2026-09-02T19:40:59+00:00,https://bilgewatermarket.com/cards,Drag Under,foil,0.51,https://bilgewatermarket.com/cards/SFD-164?print_variation=foiled,foiled,https://bilgewatermarket.com/assets/SFD-164-EN-DJ5Qo1bO.jpg,¥1.12,$0.51,,Drag Under SFD-164/221 Foiled CN ¥1.12 EN $0.51
2026-09-02T19:40:59+00:00,https://bilgewatermarket.com/cards,Drag Under,nonfoil,0.19,https://bilgewatermarket.com/cards/SFD-164,normal,https://bilgewatermarket.com/assets/SFD-164-EN-DJ5Qo1bO.jpg,¥0.96,$0.19,,Drag Under SFD-164/221 CN ¥0.96 EN $0.19
2026-09-02T19:40:59+00:00,https://bilgewatermarket.com/cards,Glasc Mixologist,foil,2.34,https://bilgewatermarket.com/cards/SFD-165?print_variation=foiled,foiled,https://bilgewatermarket.com/assets/SFD-165-EN-CMkpE2oP.jpg,¥1.32,$2.34,,Glasc Mixologist SFD-165/221 Foiled CN ¥1.32 EN $2.34
2026-09-02T19:40:59+00:00,https://bilgewatermarket.com/cards,Glasc Mixologist,nonfoil,0.27,https://bilgewatermarket.com/cards/SFD-165,normal,https://bilgewatermarket.com/assets/SFD-165-EN-CMkpE2oP.jpg,¥0.60,$0.27,,Glasc Mixologist SFD-165/221 CN ¥0.60 EN $0.27
2026-09-02T19:40:59+00:00,https://bilgewatermarket.com/cards,Rally the Troops,foil,0.45,https://bilgewatermarket.com/cards/SFD-166?print_variation=foiled,foiled,https://bilgewatermarket.com/assets/SFD-166-EN-DuDIypAI.jpg,¥2.54,$0.45,,Rally the Troops SFD-166/221 Foiled CN ¥2.54 EN $0.45
2026-09-02T19:40:59+00:00,https://bilgewatermarket.com/cards,Rally the Troops,nonfoil,0.19,https://bilgewatermarket.com/cards/SFD-166,normal,https://bilgewatermarket.com/assets/SFD-166-EN-DuDIypAI.jpg,¥0.54,$0.19,,Rally the Troops SFD-166/221 CN ¥0.54 EN $0.19
2026-09-02T19:40:59+00:00,https://bilgewatermarket.com/cards,Unsung Hero,foil,0.30,https://bilgewatermarket.com/cards/SFD-167?print_variation=foiled,foiled,https://bilgewatermarket.com/assets/SFD-167-EN-0BgcgPvD.jpg,¥1.11,$0.30,,Unsung Hero SFD-167/221 Foiled CN ¥1.11 EN $0.30
2026-09-02T19:40:59+00:00,https://bilgewatermarket.com/cards,Unsung Hero,nonfoil,0.25,https://bilgewatermarket.com/cards/SFD-167,normal,https://bilgewatermarket.com/assets/SFD-167-EN-0BgcgPvD.jpg,¥0.97,$0.25,,Unsung Hero SFD-167/221 CN ¥0.97 EN $0.25
2026-09-02T19:40:59+00:00,https://bilgewatermarket.com/cards,Vanguard Armory,foil,1.04,https://bilgewatermarket.com/cards/SFD-168?print_variation=foiled,foiled,https://bilgewatermarket.com/assets/SFD-168-EN-BtTWmwYE.jpg,¥1.85,$1.04,,Vanguard Armory SFD-168/221 Foiled CN ¥1.85 EN $1.04
2026-09-02T19:40:59+00:00,https://bilgewatermarket.com/cards,Vanguard Armory,nonfoil,0.25,https://bilgewatermarket.com/cards/SFD-168,normal,https://bilgewatermarket.com/assets/SFD-168-EN-BtTWmwYE.jpg,¥1.01,$0.25,,Vanguard Armory SFD-168/221 CN ¥1.01 EN $0.25
2026-09-02T19:40:59+00:00,https://bilgewatermarket.com/cards,Altar of Memories,nonfoil,0.19,https://bilgewatermarket.com/cards/SFD-169,normal,https://bilgewatermarket.com/assets/SFD-169-EN-bHdeg8V7.jpg,¥0.50,$0.19,,Altar of Memories SFD-169/221 CN ¥0.50 EN $0.19
2026-09-02T19:40:59+00:00,https://bilgewatermarket.com/cards,"Rek'Sai, Swarm Queen",nonfoil,0.21,https://bilgewatermarket.com/cards/SFD-170,normal,https://bilgewatermarket.com/assets/SFD-170-EN-DzajIXY2.jpg,¥0.51,$0.21,,"Rek'Sai, Swarm Queen SFD-170/221 CN ¥0.51 EN $0.21"
2026-09-02T19:40:59+00:00,https://bilgewatermarket.com/cards,"Rek'Sai, Swarm Queen",nonfoil,1.37,https://bilgewatermarket.com/cards/SFD-170a?print_variation=showcase,showcase,https://bilgewatermarket.com/assets/SFD-170a-EN-qn8mHpb7.jpg,¥2.47,$1.37,,"Rek'Sai, Swarm Queen SFD-170A/221 Showcase CN ¥2.47 EN $1.37"
2026-09-02T19:40:59+00:00,https://bilgewatermarket.com/cards,"Renata Glasc, Industrialist",nonfoil,0.23,https://bilgewatermarket.com/cards/SFD-171,normal,https://bilgewatermarket.com/assets/SFD-171-EN-C5grsEOP.jpg,¥0.50,$0.23,,"Renata Glasc, Industrialist SFD-171/221 CN ¥0.50 EN $0.23"
2026-09-02T19:40:59+00:00,https://bilgewatermarket.com/cards,"Renata Glasc, Industrialist",nonfoil,1.24,https://bilgewatermarket.com/cards/SFD-171a?print_variation=showcase,showcase,https://bilgewatermarket.com/assets/SFD-171a-EN-CB67OVFD.jpg,¥1.28,$1.24,,"Renata Glasc, Industrialist SFD-171A/221 Showcase CN ¥1.28 EN $1.24"
2026-09-02T19:40:59+00:00,https://bilgewatermarket.com/cards,Sacred Shears,nonfoil,0.26,https://bilgewatermarket.com/cards/SFD-172,normal,https://bilgewatermarket.com/assets/SFD-172-EN-YI_JAahx.jpg,¥0.66,$0.26,,Sacred Shears SFD-172/221 CN ¥0.66 EN $0.26
2026-09-02T19:40:59+00:00,https://bilgewatermarket.com/cards,"Soraka, Wanderer",nonfoil,0.26,https://bilgewatermarket.com/cards/SFD-173,normal,https://bilgewatermarket.com/assets/SFD-173-EN-CHJnUjbc.jpg,¥0.79,$0.26,,"Soraka, Wanderer SFD-173/221 CN ¥0.79 EN $0.26"
2026-09-02T19:40:59+00:00,https://bilgewatermarket.com/cards,Trove Golem,nonfoil,0.23,https://bilgewatermarket.com/cards/SFD-174,normal,https://bilgewatermarket.com/assets/SFD-174-EN-C4Bu8n_A.jpg,¥0.50,$0.23,,Trove Golem SFD-174/221 CN ¥0.50 EN $0.23
2026-09-02T19:40:59+00:00,https://bilgewatermarket.com/cards,Undertitan,nonfoil,0.32,https://bilgewatermarket.com/cards/SFD-175,normal,https://bilgewatermarket.com/assets/SFD-175-EN-DoynSmUw.jpg,¥0.97,$0.32,,Undertitan SFD-175/221 CN ¥0.97 EN $0.32
2026-09-02T19:40:59+00:00,https://bilgewatermarket.com/cards,"Xin Zhao, Vigilant",nonfoil,0.69,https://bilgewatermarket.com/cards/SFD-176,normal,https://bilgewatermarket.com/assets/SFD-176-EN-Bg-iLXGd.jpg,¥1.30,$0.69,,"Xin Zhao, Vigilant SFD-176/221 CN ¥1.30 EN $0.69"
2026-09-02T19:40:59+00:00,https://bilgewatermarket.com/cards,"Azir, Sovereign",nonfoil,8.71,https://bilgewatermarket.com/cards/SFD-177,normal,https://bilgewatermarket.com/assets/SFD-177-EN-C7mklaVb.jpg,¥5.52,$8.71,,"Azir, Sovereign SFD-177/221 CN ¥5.52 EN $8.71"
2026-09-02T19:40:59+00:00,https://bilgewatermarket.com/cards,"Azir, Sovereign",nonfoil,8.23,https://bilgewatermarket.com/cards/SFD-177a?print_variation=showcase,showcase,https://bilgewatermarket.com/assets/SFD-177a-EN-BSMHbxUa.jpg,¥6.97,$8.23,,"Azir, Sovereign SFD-177A/221 Showcase CN ¥6.97 EN $8.23"
2026-09-02T19:40:59+00:00,https://bilgewatermarket.com/cards,Blade of the Ruined King,nonfoil,2.34,https://bilgewatermarket.com/cards/SFD-178,normal,https://bilgewatermarket.com/assets/SFD-178-EN-Zr3AErVI.jpg,¥3.57,$2.34,,Blade of the Ruined King SFD-178/221 CN ¥3.57 EN $2.34
2026-09-02T19:40:59+00:00,https://bilgewatermarket.com/cards,Corina Veraza,nonfoil,1.53,https://bilgewatermarket.com/cards/SFD-179,normal,https://bilgewatermarket.com/assets/SFD-179-EN-CBG4Orrf.jpg,¥1.48,$1.53,,Corina Veraza SFD-179/221 CN ¥1.48 EN $1.53
2026-09-02T19:40:59+00:00,https://bilgewatermarket.com/cards,"Fiora, Worthy",nonfoil,1.01,https://bilgewatermarket.com/cards/SFD-180,normal,https://bilgewatermarket.com/assets/SFD-180-EN-BWFF20TG.jpg,¥1.19,$1.01,,"Fiora, Worthy SFD-180/221 CN ¥1.19 EN $1.01"
2026-09-02T19:40:59+00:00,https://bilgewatermarket.com/cards,"Fiora, Worthy",nonfoil,6.94,https://bilgewatermarket.com/cards/SFD-180a?print_variation=showcase,showcase,https://bilgewatermarket.com/assets/SFD-180a-EN-CD98i26U.jpg,¥8.51,$6.94,,"Fiora, Worthy SFD-180A/221 Showcase CN ¥8.51 EN $6.94"
2026-09-02T19:40:59+00:00,https://bilgewatermarket.com/cards,"Rumble, Mechanized Menace",nonfoil,0.12,https://bilgewatermarket.com/cards/SFD-181,normal,https://bilgewatermarket.com/assets/SFD-181-EN-DilRKejL.jpg,¥0.50,$0.12,,"Rumble, Mechanized Menace SFD-181/221 CN ¥0.50 EN $0.12"
2026-09-02T19:40:59+00:00,https://bilgewatermarket.com/cards,Danger Zone,nonfoil,0.39,https://bilgewatermarket.com/cards/SFD-182,normal,https://bilgewatermarket.com/assets/SFD-182-EN-DwNWNDJD.jpg,¥1.03,$0.39,,Danger Zone SFD-182/221 CN ¥1.03 EN $0.39
2026-09-02T19:40:59+00:00,https://bilgewatermarket.com/cards,"Lucian, Purifier",nonfoil,0.15,https://bilgewatermarket.com/cards/SFD-183,normal,https://bilgewatermarket.com/assets/SFD-183-EN-DMesfjEW.jpg,¥0.53,$0.15,,"Lucian, Purifier SFD-183/221 CN ¥0.53 EN $0.15"
2026-09-02T19:40:59+00:00,https://bilgewatermarket.com/cards,Relentless Pursuit,nonfoil,1.13,https://bilgewatermarket.com/cards/SFD-184,normal,https://bilgewatermarket.com/assets/SFD-184-EN-BKF3Px4m.jpg,¥3.26,$1.13,,Relentless Pursuit SFD-184/221 CN ¥3.26 EN $1.13
2026-09-02T19:40:59+00:00,https://bilgewatermarket.com/cards,"Draven, Glorious Executioner",nonfoil,0.18,https://bilgewatermarket.com/cards/SFD-185,normal,https://bilgewatermarket.com/assets/SFD-185-EN-Cti1q1dO.jpg,¥0.51,$0.18,,"Draven, Glorious Executioner SFD-185/221 CN ¥0.51 EN $0.18"
2026-09-02T19:40:59+00:00,https://bilgewatermarket.com/cards,Spinning Axe,nonfoil,3.21,https://bilgewatermarket.com/cards/SFD-186,normal,https://bilgewatermarket.com/assets/SFD-186-EN-DCkWB25G.jpg,¥16.53,$3.21,,Spinning Axe SFD-186/221 CN ¥16.53 EN $3.21
2026-09-02T19:40:59+00:00,https://bilgewatermarket.com/cards,"Rek'Sai, Void Burrower",nonfoil,0.16,https://bilgewatermarket.com/cards/SFD-187,normal,https://bilgewatermarket.com/assets/SFD-187-EN-CzkuqObl.jpg,¥0.54,$0.16,,"Rek'Sai, Void Burrower SFD-187/221 CN ¥0.54 EN $0.16"
2026-09-02T19:40:59+00:00,https://bilgewatermarket.com/cards,Void Rush,nonfoil,13.14,https://bilgewatermarket.com/cards/SFD-188,normal,https://bilgewatermarket.com/assets/SFD-188-EN-1L2wJnCX.jpg,¥15.83,$13.14,,Void Rush SFD-188/221 CN ¥15.83 EN $13.14
2026-09-02T19:40:59+00:00,https://bilgewatermarket.com/cards,"Ornn, Fire Below the Mountain",nonfoil,0.15,https://bilgewatermarket.com/cards/SFD-189,normal,https://bilgewatermarket.com/assets/SFD-189-EN-CSalcT57.jpg,¥0.52,$0.15,,"Ornn, Fire Below the Mountain SFD-189/221 CN ¥0.52 EN $0.15"
2026-09-02T19:40:59+00:00,https://bilgewatermarket.com/cards,Forgefire Cape,nonfoil,0.42,https://bilgewatermarket.com/cards/SFD-190,normal,https://bilgewatermarket.com/assets/SFD-190-EN-HHeMQmZB.jpg,¥1.29,$0.42,,Forgefire Cape SFD-190/221 CN ¥1.29 EN $0.42
2026-09-02T19:40:59+00:00,https://bilgewatermarket.com/cards,Rabadon's Deathcrown,nonfoil,0.37,https://bilgewatermarket.com/cards/SFD-191,normal,https://bilgewatermarket.com/assets/SFD-191-EN-Capm8fok.jpg,¥1.23,$0.37,,Rabadon's Deathcrown SFD-191/221 CN ¥1.23 EN $0.37
2026-09-02T19:40:59+00:00,https://bilgewatermarket.com/cards,Shurelya's Requiem,nonfoil,0.56,https://bilgewatermarket.com/cards/SFD-192,normal,https://bilgewatermarket.com/assets/SFD-192-EN-B6ebYZpm.jpg,¥1.44,$0.56,,Shurelya's Requiem SFD-192/221 CN ¥1.44 EN $0.56
2026-09-02T19:40:59+00:00,https://bilgewatermarket.com/cards,"Jax, Grandmaster at Arms",nonfoil,0.18,https://bilgewatermarket.com/cards/SFD-193,normal,https://bilgewatermarket.com/assets/SFD-193-EN-ahf3_3L2.jpg,¥0.50,$0.18,,"Jax, Grandmaster at Arms SFD-193/221 CN ¥0.50 EN $0.18"
2026-09-02T19:40:59+00:00,https://bilgewatermarket.com/cards,Counter Strike,nonfoil,1.05,https://bilgewatermarket.com/cards/SFD-194,normal,https://bilgewatermarket.com/assets/SFD-194-EN-iv2u4NAM.jpg,¥3.23,$1.05,,Counter Strike SFD-194/221 CN ¥3.23 EN $1.05
2026-09-02T19:40:59+00:00,https://bilgewatermarket.com/cards,"Irelia, Blade Dancer",nonfoil,0.18,https://bilgewatermarket.com/cards/SFD-195,normal,https://bilgewatermarket.com/assets/SFD-195-EN-DnE98LzR.jpg,¥0.54,$0.18,,"Irelia, Blade Dancer SFD-195/221 CN ¥0.54 EN $0.18"
2026-09-02T19:40:59+00:00,https://bilgewatermarket.com/cards,Defiant Dance,nonfoil,22.65,https://bilgewatermarket.com/cards/SFD-196,normal,https://bilgewatermarket.com/assets/SFD-196-EN-DxJykAms.jpg,¥67.18,$22.65,,Defiant Dance SFD-196/221 CN ¥67.18 EN $22.65
2026-09-02T19:40:59+00:00,https://bilgewatermarket.com/cards,"Azir, Emperor of the Sands",nonfoil,0.20,https://bilgewatermarket.com/cards/SFD-197,normal,https://bilgewatermarket.com/assets/SFD-197-EN-CFXDo0nd.jpg,¥0.58,$0.20,,"Azir, Emperor of the Sands SFD-197/221 CN ¥0.58 EN $0.20"
2026-09-02T19:40:59+00:00,https://bilgewatermarket.com/cards,Arise!,nonfoil,24.85,https://bilgewatermarket.com/cards/SFD-198,normal,https://bilgewatermarket.com/assets/SFD-198-EN-DkNEfkr6.jpg,¥38.29,$24.85,,Arise! SFD-198/221 CN ¥38.29 EN $24.85
2026-09-02T19:40:59+00:00,https://bilgewatermarket.com/cards,"Ezreal, Prodigal Explorer",nonfoil,0.18,https://bilgewatermarket.com/cards/SFD-199,normal,https://bilgewatermarket.com/assets/SFD-199-EN-BW9VbB6b.jpg,¥0.56,$0.18,,"Ezreal, Prodigal Explorer SFD-199/221 CN ¥0.56 EN $0.18"
2026-09-02T19:40:59+00:00,https://bilgewatermarket.com/cards,Arcane Shift,nonfoil,1.13,https://bilgewatermarket.com/cards/SFD-200,normal,https://bilgewatermarket.com/assets/SFD-200-EN-KoMRFjLS.jpg,¥8.06,$1.13,,Arcane Shift SFD-200/221 CN ¥8.06 EN $1.13
2026-09-02T19:40:59+00:00,https://bilgewatermarket.com/cards,"Renata Glasc, Chem-Baroness",nonfoil,0.18,https://bilgewatermarket.com/cards/SFD-201,normal,https://bilgewatermarket.com/assets/SFD-201-EN-BVtQ5z_6.jpg,¥0.51,$0.18,,"Renata Glasc, Chem-Baroness SFD-201/221 CN ¥0.51 EN $0.18"
2026-09-02T19:40:59+00:00,https://bilgewatermarket.com/cards,Hostile Takeover,nonfoil,1.01,https://bilgewatermarket.com/cards/SFD-202,normal,https://bilgewatermarket.com/assets/SFD-202-EN-BmNt1ECm.jpg,¥2.49,$1.01,,Hostile Takeover SFD-202/221 CN ¥2.49 EN $1.01
2026-09-02T19:40:59+00:00,https://bilgewatermarket.com/cards,"Sivir, Battle Mistress",nonfoil,0.16,https://bilgewatermarket.com/cards/SFD-203,normal,https://bilgewatermarket.com/assets/SFD-203-EN-Bq7RizJe.jpg,¥0.69,$0.16,,"Sivir, Battle Mistress SFD-203/221 CN ¥0.69 EN $0.16"
2026-09-02T19:40:59+00:00,https://bilgewatermarket.com/cards,On the Hunt,nonfoil,0.50,https://bilgewatermarket.com/cards/SFD-204,normal,https://bilgewatermarket.com/assets/SFD-204-EN-Bznf376t.jpg,¥1.35,$0.50,,On the Hunt SFD-204/221 CN ¥1.35 EN $0.50
2026-09-02T19:40:59+00:00,https://bilgewatermarket.com/cards,"Fiora, Grand Duelist",nonfoil,0.13,https://bilgewatermarket.com/cards/SFD-205,normal,https://bilgewatermarket.com/assets/SFD-205-EN-DgZ63T8R.jpg,¥0.67,$0.13,,"Fiora, Grand Duelist SFD-205/221 CN ¥0.67 EN $0.13"
2026-09-02T19:40:59+00:00,https://bilgewatermarket.com/cards,Riposte,nonfoil,2.57,https://bilgewatermarket.com/cards/SFD-206,normal,https://bilgewatermarket.com/assets/SFD-206-EN-Bjh5PFKh.jpg,¥11.16,$2.57,,Riposte SFD-206/221 CN ¥11.16 EN $2.57
2026-09-02T19:40:59+00:00,https://bilgewatermarket.com/cards,Emperor's Dais,foil,0.37,https://bilgewatermarket.com/cards/SFD-207?print_variation=foiled,foiled,https://bilgewatermarket.com/assets/SFD-207-EN-N3EnFSnY.jpg,¥2.03,$0.37,,Emperor's Dais SFD-207/221 Foiled CN ¥2.03 EN $0.37
2026-09-02T19:40:59+00:00,https://bilgewatermarket.com/cards,Emperor's Dais,nonfoil,0.13,https://bilgewatermarket.com/cards/SFD-207,normal,https://bilgewatermarket.com/assets/SFD-207-EN-N3EnFSnY.jpg,¥0.57,$0.13,,Emperor's Dais SFD-207/221 CN ¥0.57 EN $0.13
2026-09-02T19:40:59+00:00,https://bilgewatermarket.com/cards,Forge of the Fluft,foil,0.40,https://bilgewatermarket.com/cards/SFD-208?print_variation=foiled,foiled,https://bilgewatermarket.com/assets/SFD-208-EN-CTDBpW54.jpg,¥1.24,$0.40,,Forge of the Fluft SFD-208/221 Foiled CN ¥1.24 EN $0.40
2026-09-02T19:40:59+00:00,https://bilgewatermarket.com/cards,Forge of the Fluft,nonfoil,0.15,https://bilgewatermarket.com/cards/SFD-208,normal,https://bilgewatermarket.com/assets/SFD-208-EN-CTDBpW54.jpg,¥0.59,$0.15,,Forge of the Fluft SFD-208/221 CN ¥0.59 EN $0.15
2026-09-02T19:40:59+00:00,https://bilgewatermarket.com/cards,Forgotten Monument,foil,0.39,https://bilgewatermarket.com/cards/SFD-209?print_variation=foiled,foiled,https://bilgewatermarket.com/assets/SFD-209-EN-DzWkQ25F.jpg,¥1.55,$0.39,,Forgotten Monument SFD-209/221 Foiled CN ¥1.55 EN $0.39
2026-09-02T19:40:59+00:00,https://bilgewatermarket.com/cards,Forgotten Monument,nonfoil,0.17,https://bilgewatermarket.com/cards/SFD-209,normal,https://bilgewatermarket.com/assets/SFD-209-EN-DzWkQ25F.jpg,¥0.64,$0.17,,Forgotten Monument SFD-209/221 CN ¥0.64 EN $0.17
2026-09-02T19:40:59+00:00,https://bilgewatermarket.com/cards,Hall of Legends,foil,0.35,https://bilgewatermarket.com/cards/SFD-210?print_variation=foiled,foiled,https://bilgewatermarket.com/assets/SFD-210-EN-C1Gsm-fN.jpg,¥1.72,$0.35,,Hall of Legends SFD-210/221 Foiled CN ¥1.72 EN $0.35
2026-09-02T19:40:59+00:00,https://bilgewatermarket.com/cards,Hall of Legends,nonfoil,0.11,https://bilgewatermarket.com/cards/SFD-210,normal,https://bilgewatermarket.com/assets/SFD-210-EN-C1Gsm-fN.jpg,¥0.61,$0.11,,Hall of Legends SFD-210/221 CN ¥0.61 EN $0.11
2026-09-02T19:40:59+00:00,https://bilgewatermarket.com/cards,Marai Spire,foil,0.31,https://bilgewatermarket.com/cards/SFD-211?print_variation=foiled,foiled,https://bilgewatermarket.com/assets/SFD-211-EN-DhjA4i0E.jpg,¥0.82,$0.31,,Marai Spire SFD-211/221 Foiled CN ¥0.82 EN $0.31
2026-09-02T19:40:59+00:00,https://bilgewatermarket.com/cards,Marai Spire,nonfoil,0.09,https://bilgewatermarket.com/cards/SFD-211,normal,https://bilgewatermarket.com/assets/SFD-211-EN-DhjA4i0E.jpg,¥0.50,$0.09,,Marai Spire SFD-211/221 CN ¥0.50 EN $0.09
2026-09-02T19:40:59+00:00,https://bilgewatermarket.com/cards,Minefield,foil,0.43,https://bilgewatermarket.com/cards/SFD-212?print_variation=foiled,foiled,https://bilgewatermarket.com/assets/SFD-212-EN-9i-p4FAV.jpg,¥1.77,$0.43,,Minefield SFD-212/221 Foiled CN ¥1.77 EN $0.43
2026-09-02T19:40:59+00:00,https://bilgewatermarket.com/cards,Minefield,nonfoil,0.12,https://bilgewatermarket.com/cards/SFD-212,normal,https://bilgewatermarket.com/assets/SFD-212-EN-9i-p4FAV.jpg,¥0.59,$0.12,,Minefield SFD-212/221 CN ¥0.59 EN $0.12
2026-09-02T19:40:59+00:00,https://bilgewatermarket.com/cards,Ornn's Forge,foil,0.39,https://bilgewatermarket.com/cards/SFD-213?print_variation=foiled,foiled,https://bilgewatermarket.com/assets/SFD-213-EN-DoCj0C9S.jpg,¥2.10,$0.39,,Ornn's Forge SFD-213/221 Foiled CN ¥2.10 EN $0.39
2026-09-02T19:40:59+00:00,https://bilgewatermarket.com/cards,Ornn's Forge,nonfoil,0.12,https://bilgewatermarket.com/cards/SFD-213,normal,https://bilgewatermarket.com/assets/SFD-213-EN-DoCj0C9S.jpg,¥0.57,$0.12,,Ornn's Forge SFD-213/221 CN ¥0.57 EN $0.12
2026-09-02T19:40:59+00:00,https://bilgewatermarket.com/cards,Power Nexus,foil,0.33,https://bilgewatermarket.com/cards/SFD-214?print_variation=foiled,foiled,https://bilgewatermarket.com/assets/SFD-214-EN-Du0VGNks.jpg,¥1.96,$0.33,,Power Nexus SFD-214/221 Foiled CN ¥1.96 EN $0.33
2026-09-02T19:40:59+00:00,https://bilgewatermarket.com/cards,Power Nexus,nonfoil,0.13,https://bilgewatermarket.com/cards/SFD-214,normal,https://bilgewatermarket.com/assets/SFD-214-EN-Du0VGNks.jpg,¥0.59,$0.13,,Power Nexus SFD-214/221 CN ¥0.59 EN $0.13
2026-09-02T19:40:59+00:00,https://bilgewatermarket.com/cards,Ravenbloom Conservatory,foil,0.53,https://bilgewatermarket.com/cards/SFD-215?print_variation=foiled,foiled,https://bilgewatermarket.com/assets/SFD-215-EN-D_vBanEi.jpg,¥2.15,$0.53,,Ravenbloom Conservatory SFD-215/221 Foiled CN ¥2.15 EN $0.53
2026-09-02T19:40:59+00:00,https://bilgewatermarket.com/cards,Ravenbloom Conservatory,nonfoil,0.15,https://bilgewatermarket.com/cards/SFD-215,normal,https://bilgewatermarket.com/assets/SFD-215-EN-D_vBanEi.jpg,¥0.59,$0.15,,Ravenbloom Conservatory SFD-215/221 CN ¥0.59 EN $0.15
2026-09-02T19:40:59+00:00,https://bilgewatermarket.com/cards,Rockfall Path,foil,0.50,https://bilgewatermarket.com/cards/SFD-216?print_variation=foiled,foiled,https://bilgewatermarket.com/assets/SFD-216-EN-C1ampjVi.jpg,¥2.22,$0.50,,Rockfall Path SFD-216/221 Foiled CN ¥2.22 EN $0.50
2026-09-02T19:40:59+00:00,https://bilgewatermarket.com/cards,Rockfall Path,nonfoil,0.17,https://bilgewatermarket.com/cards/SFD-216,normal,https://bilgewatermarket.com/assets/SFD-216-EN-C1ampjVi.jpg,¥0.68,$0.17,,Rockfall Path SFD-216/221 CN ¥0.68 EN $0.17
2026-09-02T19:40:59+00:00,https://bilgewatermarket.com/cards,Seat of Power,foil,0.40,https://bilgewatermarket.com/cards/SFD-217?print_variation=foiled,foiled,https://bilgewatermarket.com/assets/SFD-217-EN-BxtCgwad.jpg,¥1.86,$0.40,,Seat of Power SFD-217/221 Foiled CN ¥1.86 EN $0.40
2026-09-02T19:40:59+00:00,https://bilgewatermarket.com/cards,Seat of Power,nonfoil,0.14,https://bilgewatermarket.com/cards/SFD-217,normal,https://bilgewatermarket.com/assets/SFD-217-EN-BxtCgwad.jpg,¥0.61,$0.14,,Seat of Power SFD-217/221 CN ¥0.61 EN $0.14
2026-09-02T19:40:59+00:00,https://bilgewatermarket.com/cards,Sunken Temple,foil,0.74,https://bilgewatermarket.com/cards/SFD-218?print_variation=foiled,foiled,https://bilgewatermarket.com/assets/SFD-218-EN-vX28c3jk.jpg,¥2.94,$0.74,,Sunken Temple SFD-218/221 Foiled CN ¥2.94 EN $0.74
2026-09-02T19:40:59+00:00,https://bilgewatermarket.com/cards,Sunken Temple,nonfoil,0.14,https://bilgewatermarket.com/cards/SFD-218,normal,https://bilgewatermarket.com/assets/SFD-218-EN-vX28c3jk.jpg,¥0.62,$0.14,,Sunken Temple SFD-218/221 CN ¥0.62 EN $0.14
2026-09-02T19:40:59+00:00,https://bilgewatermarket.com/cards,The Papertree,foil,0.37,https://bilgewatermarket.com/cards/SFD-219?print_variation=foiled,foiled,https://bilgewatermarket.com/assets/SFD-219-EN-CqDOSJ1r.jpg,¥1.75,$0.37,,The Papertree SFD-219/221 Foiled CN ¥1.75 EN $0.37
2026-09-02T19:40:59+00:00,https://bilgewatermarket.com/cards,The Papertree,nonfoil,0.11,https://bilgewatermarket.com/cards/SFD-219,normal,https://bilgewatermarket.com/assets/SFD-219-EN-CqDOSJ1r.jpg,¥0.54,$0.11,,The Papertree SFD-219/221 CN ¥0.54 EN $0.11
2026-09-02T19:40:59+00:00,https://bilgewatermarket.com/cards,Treasure Hoard,foil,0.36,https://bilgewatermarket.com/cards/SFD-220?print_variation=foiled,foiled,https://bilgewatermarket.com/assets/SFD-220-EN-Q6WX-T90.jpg,¥2.47,$0.36,,Treasure Hoard SFD-220/221 Foiled CN ¥2.47 EN $0.36
2026-09-02T19:40:59+00:00,https://bilgewatermarket.com/cards,Treasure Hoard,nonfoil,0.12,https://bilgewatermarket.com/cards/SFD-220,normal,https://bilgewatermarket.com/assets/SFD-220-EN-Q6WX-T90.jpg,¥0.61,$0.12,,Treasure Hoard SFD-220/221 CN ¥0.61 EN $0.12
2026-09-02T19:40:59+00:00,https://bilgewatermarket.com/cards,Veiled Temple,foil,0.40,https://bilgewatermarket.com/cards/SFD-221?print_variation=foiled,foiled,https://bilgewatermarket.com/assets/SFD-221-EN-BAJl2GHM.jpg,¥1.59,$0.40,,Veiled Temple SFD-221/221 Foiled CN ¥1.59 EN $0.40
2026-09-02T19:40:59+00:00,https://bilgewatermarket.com/cards,Veiled Temple,nonfoil,0.14,https://bilgewatermarket.com/cards/SFD-221,normal,https://bilgewatermarket.com/assets/SFD-221-EN-BAJl2GHM.jpg,¥0.57,$0.14,,Veiled Temple SFD-221/221 CN ¥0.57 EN $0.14
2026-09-02T19:40:59+00:00,https://bilgewatermarket.com/cards,Seal of Rage,nonfoil,62.04,https://bilgewatermarket.com/cards/SFD-222?print_variation=showcase,showcase,https://bilgewatermarket.com/assets/SFD-222-EN-QPXGrTQf.jpg,¥127.21,$62.04,,Seal of Rage SFD-222/221 Showcase CN ¥127.21 EN $62.04
2026-09-02T19:40:59+00:00,https://bilgewatermarket.com/cards,"Vayne, Hunter",nonfoil,237.67,https://bilgewatermarket.com/cards/SFD-223?print_variation=showcase,showcase,https://bilgewatermarket.com/assets/SFD-223-EN-BLsRJ_Th.jpg,¥248.58,$237.67,,"Vayne, Hunter SFD-223/221 Showcase CN ¥248.58 EN $237.67"
2026-09-02T19:40:59+00:00,https://bilgewatermarket.com/cards,"Aphelios, Exalted",nonfoil,75.25,https://bilgewatermarket.com/cards/SFD-224?print_variation=showcase,showcase,https://bilgewatermarket.com/assets/SFD-224-EN-BibuWviQ.jpg,¥115.91,$75.25,,"Aphelios, Exalted SFD-224/221 Showcase CN ¥115.91 EN $75.25"
2026-09-02T19:40:59+00:00,https://bilgewatermarket.com/cards,"Irelia, Fervent",nonfoil,322.06,https://bilgewatermarket.com/cards/SFD-225?print_variation=showcase,showcase,https://bilgewatermarket.com/assets/SFD-225-EN-DbwciXc6.jpg,"¥1,037.13",$322.06,,"Irelia, Fervent SFD-225/221 Showcase CN ¥1,037.13 EN $322.06"
2026-09-02T19:40:59+00:00,https://bilgewatermarket.com/cards,Seal of Focus,nonfoil,68.52,https://bilgewatermarket.com/cards/SFD-226?print_variation=showcase,showcase,https://bilgewatermarket.com/assets/SFD-226-EN-DRD2_OnS.jpg,¥130.56,$68.52,,Seal of Focus SFD-226/221 Showcase CN ¥130.56 EN $68.52
2026-09-02T19:40:59+00:00,https://bilgewatermarket.com/cards,"Ahri, Inquisitive",nonfoil,679.51,https://bilgewatermarket.com/cards/SFD-227?print_variation=showcase,showcase,https://bilgewatermarket.com/assets/SFD-227-EN-DvegR4QN.jpg,"¥1,549.96",$679.51,,"Ahri, Inquisitive SFD-227/221 Showcase CN ¥1,549.96 EN $679.51"
2026-09-02T19:40:59+00:00,https://bilgewatermarket.com/cards,"Bard, Mercurial",nonfoil,65.76,https://bilgewatermarket.com/cards/SFD-228?print_variation=showcase,showcase,https://bilgewatermarket.com/assets/SFD-228-EN-DBJJrNVV.jpg,¥45.20,$65.76,,"Bard, Mercurial SFD-228/221 Showcase CN ¥45.20 EN $65.76"
2026-09-02T19:40:59+00:00,https://bilgewatermarket.com/cards,Seal of Insight,nonfoil,49.93,https://bilgewatermarket.com/cards/SFD-229?print_variation=showcase,showcase,https://bilgewatermarket.com/assets/SFD-229-EN-n4_4VvM_.jpg,¥148.44,$49.93,,Seal of Insight SFD-229/221 Showcase CN ¥148.44 EN $49.93
2026-09-02T19:40:59+00:00,https://bilgewatermarket.com/cards,"Teemo, Strategist",nonfoil,176.07,https://bilgewatermarket.com/cards/SFD-230?print_variation=showcase,showcase,https://bilgewatermarket.com/assets/SFD-230-EN-BYAycbtp.jpg,¥176.21,$176.07,,"Teemo, Strategist SFD-230/221 Showcase CN ¥176.21 EN $176.07"
2026-09-02T19:40:59+00:00,https://bilgewatermarket.com/cards,Seal of Strength,nonfoil,47.54,https://bilgewatermarket.com/cards/SFD-231?print_variation=showcase,showcase,https://bilgewatermarket.com/assets/SFD-231-EN-JELO44eG.jpg,¥111.85,$47.54,,Seal of Strength SFD-231/221 Showcase CN ¥111.85 EN $47.54
2026-09-02T19:40:59+00:00,https://bilgewatermarket.com/cards,"Sett, Brawler",nonfoil,85.79,https://bilgewatermarket.com/cards/SFD-232?print_variation=showcase,showcase,https://bilgewatermarket.com/assets/SFD-232-EN-CHBnYiVY.jpg,¥188.52,$85.79,,"Sett, Brawler SFD-232/221 Showcase CN ¥188.52 EN $85.79"
2026-09-02T19:40:59+00:00,https://bilgewatermarket.com/cards,"Yone, Blademaster",nonfoil,84.12,https://bilgewatermarket.com/cards/SFD-233?print_variation=showcase,showcase,https://bilgewatermarket.com/assets/SFD-233-EN-saWoFer2.jpg,¥110.05,$84.12,,"Yone, Blademaster SFD-233/221 Showcase CN ¥110.05 EN $84.12"
2026-09-02T19:40:59+00:00,https://bilgewatermarket.com/cards,Seal of Discord,nonfoil,118.50,https://bilgewatermarket.com/cards/SFD-234?print_variation=showcase,showcase,https://bilgewatermarket.com/assets/SFD-234-EN-jqqqn7m_.jpg,¥339.47,$118.50,,Seal of Discord SFD-234/221 Showcase CN ¥339.47 EN $118.50
2026-09-02T19:40:59+00:00,https://bilgewatermarket.com/cards,"Yasuo, Windrider",nonfoil,63.31,https://bilgewatermarket.com/cards/SFD-235?print_variation=showcase,showcase,https://bilgewatermarket.com/assets/SFD-235-EN-BShqONLC.jpg,¥127.79,$63.31,,"Yasuo, Windrider SFD-235/221 Showcase CN ¥127.79 EN $63.31"
2026-09-02T19:40:59+00:00,https://bilgewatermarket.com/cards,"Darius, Executioner",nonfoil,48.13,https://bilgewatermarket.com/cards/SFD-236?print_variation=showcase,showcase,https://bilgewatermarket.com/assets/SFD-236-EN-BzYAI4pb.jpg,¥41.01,$48.13,,"Darius, Executioner SFD-236/221 Showcase CN ¥41.01 EN $48.13"
2026-09-02T19:40:59+00:00,https://bilgewatermarket.com/cards,"Karma, Channeler",nonfoil,51.06,https://bilgewatermarket.com/cards/SFD-237?print_variation=showcase,showcase,https://bilgewatermarket.com/assets/SFD-237-EN-D0tndqi8.jpg,¥51.89,$51.06,,"Karma, Channeler SFD-237/221 Showcase CN ¥51.89 EN $51.06"
2026-09-02T19:40:59+00:00,https://bilgewatermarket.com/cards,Seal of Unity,nonfoil,64.78,https://bilgewatermarket.com/cards/SFD-238?print_variation=showcase,showcase,https://bilgewatermarket.com/assets/SFD-238-EN-Ck_ACKke.jpg,¥151.19,$64.78,,Seal of Unity SFD-238/221 Showcase CN ¥151.19 EN $64.78
2026-09-02T19:40:59+00:00,https://bilgewatermarket.com/cards,"Soraka, Wanderer",nonfoil,139.77,https://bilgewatermarket.com/cards/SFD-239?print_variation=showcase,showcase,https://bilgewatermarket.com/assets/SFD-239-EN-C7QgYGOv.jpg,¥179.00,$139.77,,"Soraka, Wanderer SFD-239/221 Showcase CN ¥179.00 EN $139.77"
2026-09-02T19:40:59+00:00,https://bilgewatermarket.com/cards,"Rumble, Mechanized Menace",nonfoil,53.34,https://bilgewatermarket.com/cards/SFD-240?print_variation=showcase,showcase,https://bilgewatermarket.com/assets/SFD-240-EN-DikLd0l4.jpg,¥46.17,$53.34,,"Rumble, Mechanized Menace SFD-240/221 Showcase CN ¥46.17 EN $53.34"
2026-09-02T19:40:59+00:00,https://bilgewatermarket.com/cards,"Lucian, Purifier",nonfoil,57.86,https://bilgewatermarket.com/cards/SFD-241?print_variation=showcase,showcase,https://bilgewatermarket.com/assets/SFD-241-EN-4X2p8J6s.jpg,¥57.73,$57.86,,"Lucian, Purifier SFD-241/221 Showcase CN ¥57.73 EN $57.86"
2026-09-02T19:40:59+00:00,https://bilgewatermarket.com/cards,"Draven, Glorious Executioner",nonfoil,117.92,https://bilgewatermarket.com/cards/SFD-242?print_variation=showcase,showcase,https://bilgewatermarket.com/assets/SFD-242-EN-Bpqba8VF.jpg,¥109.70,$117.92,,"Draven, Glorious Executioner SFD-242/221 Showcase CN ¥109.70 EN $117.92"
2026-09-02T19:40:59+00:00,https://bilgewatermarket.com/cards,"Rek'Sai, Void Burrower",nonfoil,99.82,https://bilgewatermarket.com/cards/SFD-243?print_variation=showcase,showcase,https://bilgewatermarket.com/assets/SFD-243-EN-CAGTjBnH.jpg,¥102.76,$99.82,,"Rek'Sai, Void Burrower SFD-243/221 Showcase CN ¥102.76 EN $99.82"
2026-09-02T19:40:59+00:00,https://bilgewatermarket.com/cards,"Ornn, Fire Below the Mountain",nonfoil,97.81,https://bilgewatermarket.com/cards/SFD-244?print_variation=showcase,showcase,https://bilgewatermarket.com/assets/SFD-244-EN-IMmjGyrT.jpg,¥101.40,$97.81,,"Ornn, Fire Below the Mountain SFD-244/221 Showcase CN ¥101.40 EN $97.81"
2026-09-02T19:40:59+00:00,https://bilgewatermarket.com/cards,"Jax, Grandmaster at Arms",nonfoil,60.61,https://bilgewatermarket.com/cards/SFD-245?print_variation=showcase,showcase,https://bilgewatermarket.com/assets/SFD-245-EN-D0R6UB5Y.jpg,¥70.45,$60.61,,"Jax, Grandmaster at Arms SFD-245/221 Showcase CN ¥70.45 EN $60.61"
2026-09-02T19:40:59+00:00,https://bilgewatermarket.com/cards,"Irelia, Blade Dancer",nonfoil,182.05,https://bilgewatermarket.com/cards/SFD-246?print_variation=showcase,showcase,https://bilgewatermarket.com/assets/SFD-246-EN-CpJc-7wm.jpg,¥170.88,$182.05,,"Irelia, Blade Dancer SFD-246/221 Showcase CN ¥170.88 EN $182.05"
2026-09-02T19:40:59+00:00,https://bilgewatermarket.com/cards,"Azir, Emperor of the Sands",nonfoil,123.63,https://bilgewatermarket.com/cards/SFD-247?print_variation=showcase,showcase,https://bilgewatermarket.com/assets/SFD-247-EN-oUs0EZjG.jpg,¥188.94,$123.63,,"Azir, Emperor of the Sands SFD-247/221 Showcase CN ¥188.94 EN $123.63"
2026-09-02T19:40:59+00:00,https://bilgewatermarket.com/cards,"Ezreal, Prodigal Explorer",nonfoil,104.59,https://bilgewatermarket.com/cards/SFD-248?print_variation=showcase,showcase,https://bilgewatermarket.com/assets/SFD-248-EN-CozO7eJT.jpg,¥161.75,$104.59,,"Ezreal, Prodigal Explorer SFD-248/221 Showcase CN ¥161.75 EN $104.59"
2026-09-02T19:40:59+00:00,https://bilgewatermarket.com/cards,"Renata Glasc, Chem-Baroness",nonfoil,48.45,https://bilgewatermarket.com/cards/SFD-249?print_variation=showcase,showcase,https://bilgewatermarket.com/assets/SFD-249-EN-oIM0Giiz.jpg,¥51.78,$48.45,,"Renata Glasc, Chem-Baroness SFD-249/221 Showcase CN ¥51.78 EN $48.45"
2026-09-02T19:40:59+00:00,https://bilgewatermarket.com/cards,"Sivir, Battle Mistress",nonfoil,62.77,https://bilgewatermarket.com/cards/SFD-250?print_variation=showcase,showcase,https://bilgewatermarket.com/assets/SFD-250-EN-Cp4_sOH4.jpg,¥70.26,$62.77,,"Sivir, Battle Mistress SFD-250/221 Showcase CN ¥70.26 EN $62.77"
2026-09-02T19:40:59+00:00,https://bilgewatermarket.com/cards,"Fiora, Grand Duelist",nonfoil,110.15,https://bilgewatermarket.com/cards/SFD-251?print_variation=showcase,showcase,https://bilgewatermarket.com/assets/SFD-251-EN-CUbOWaM_.jpg,¥194.52,$110.15,,"Fiora, Grand Duelist SFD-251/221 Showcase CN ¥194.52 EN $110.15"
2026-09-02T19:40:59+00:00,https://bilgewatermarket.com/cards,"Annie, Fiery",nonfoil,1.40,https://bilgewatermarket.com/cards/OGS-001,normal,https://bilgewatermarket.com/assets/OGS-001-EN-CYO2fbev.jpg,¥1.02,$1.40,,"Annie, Fiery OGS-001/024 CN ¥1.02 EN $1.40"
2026-09-02T19:40:59+00:00,https://bilgewatermarket.com/cards,Firestorm,nonfoil,0.41,https://bilgewatermarket.com/cards/OGS-002,normal,https://bilgewatermarket.com/assets/OGS-002-EN-C08itga5.jpg,¥0.51,$0.41,,Firestorm OGS-002/024 CN ¥0.51 EN $0.41
2026-09-02T19:40:59+00:00,https://bilgewatermarket.com/cards,Incinerate,nonfoil,0.48,https://bilgewatermarket.com/cards/OGS-003,normal,https://bilgewatermarket.com/assets/OGS-003-EN-B4ldjK9W.jpg,¥0.50,$0.48,,Incinerate OGS-003/024 CN ¥0.50 EN $0.48
2026-09-02T19:40:59+00:00,https://bilgewatermarket.com/cards,"Yi, Meditative",nonfoil,0.63,https://bilgewatermarket.com/cards/OGS-004,normal,https://bilgewatermarket.com/assets/OGS-004-EN-CwBjQ7el.jpg,¥1.89,$0.63,,"Yi, Meditative OGS-004/024 CN ¥1.89 EN $0.63"
2026-09-02T19:40:59+00:00,https://bilgewatermarket.com/cards,Zephyr Sage,nonfoil,0.26,https://bilgewatermarket.com/cards/OGS-005,normal,https://bilgewatermarket.com/assets/OGS-005-EN-BrAXm-wn.jpg,¥0.50,$0.26,,Zephyr Sage OGS-005/024 CN ¥0.50 EN $0.26
2026-09-02T19:40:59+00:00,https://bilgewatermarket.com/cards,"Lux, Illuminated",nonfoil,0.78,https://bilgewatermarket.com/cards/OGS-006,normal,https://bilgewatermarket.com/assets/OGS-006-EN-Co7IxYyy.jpg,¥0.99,$0.78,,"Lux, Illuminated OGS-006/024 CN ¥0.99 EN $0.78"
2026-09-02T19:40:59+00:00,https://bilgewatermarket.com/cards,"Garen, Rugged",nonfoil,0.57,https://bilgewatermarket.com/cards/OGS-007,normal,https://bilgewatermarket.com/assets/OGS-007-EN-v1rHpHr6.jpg,¥0.50,$0.57,,"Garen, Rugged OGS-007/024 CN ¥0.50 EN $0.57"
2026-09-02T19:40:59+00:00,https://bilgewatermarket.com/cards,Gentlemen's Duel,nonfoil,0.36,https://bilgewatermarket.com/cards/OGS-008,normal,https://bilgewatermarket.com/assets/OGS-008-EN-DReIP5As.jpg,¥0.50,$0.36,,Gentlemen's Duel OGS-008/024 CN ¥0.50 EN $0.36
2026-09-02T19:40:59+00:00,https://bilgewatermarket.com/cards,"Yi, Honed",nonfoil,1.17,https://bilgewatermarket.com/cards/OGS-009,normal,https://bilgewatermarket.com/assets/OGS-009-EN-Ca4DmZZY.jpg,¥4.23,$1.17,,"Yi, Honed OGS-009/024 CN ¥4.23 EN $1.17"
2026-09-02T19:40:59+00:00,https://bilgewatermarket.com/cards,"Annie, Stubborn",nonfoil,4.53,https://bilgewatermarket.com/cards/OGS-010,normal,https://bilgewatermarket.com/assets/OGS-010-EN-C55wpRPA.jpg,¥4.26,$4.53,,"Annie, Stubborn OGS-010/024 CN ¥4.26 EN $4.53"
2026-09-02T19:40:59+00:00,https://bilgewatermarket.com/cards,Flash,nonfoil,4.46,https://bilgewatermarket.com/cards/OGS-011,normal,https://bilgewatermarket.com/assets/OGS-011-EN-ylQwYTCz.jpg,¥52.13,$4.46,,Flash OGS-011/024 CN ¥52.13 EN $4.46
2026-09-02T19:40:59+00:00,https://bilgewatermarket.com/cards,Blast of Power,nonfoil,0.54,https://bilgewatermarket.com/cards/OGS-012,normal,https://bilgewatermarket.com/assets/OGS-012-EN-Dn5AO54e.jpg,¥2.01,$0.54,,Blast of Power OGS-012/024 CN ¥2.01 EN $0.54
2026-09-02T19:40:59+00:00,https://bilgewatermarket.com/cards,"Garen, Commander",nonfoil,0.89,https://bilgewatermarket.com/cards/OGS-013,normal,https://bilgewatermarket.com/assets/OGS-013-EN-BEpEtALv.jpg,¥0.51,$0.89,,"Garen, Commander OGS-013/024 CN ¥0.51 EN $0.89"
2026-09-02T19:40:59+00:00,https://bilgewatermarket.com/cards,"Lux, Crownguard",nonfoil,4.68,https://bilgewatermarket.com/cards/OGS-014,normal,https://bilgewatermarket.com/assets/OGS-014-EN-ylm4AU7V.jpg,¥2.98,$4.68,,"Lux, Crownguard OGS-014/024 CN ¥2.98 EN $4.68"
2026-09-02T19:40:59+00:00,https://bilgewatermarket.com/cards,Recruit the Vanguard,nonfoil,0.89,https://bilgewatermarket.com/cards/OGS-015,normal,https://bilgewatermarket.com/assets/OGS-015-EN-C64tbBak.jpg,¥1.21,$0.89,,Recruit the Vanguard OGS-015/024 CN ¥1.21 EN $0.89
2026-09-02T19:40:59+00:00,https://bilgewatermarket.com/cards,Vanguard Attendant,nonfoil,0.24,https://bilgewatermarket.com/cards/OGS-016,normal,https://bilgewatermarket.com/assets/OGS-016-EN-CnRManLU.jpg,¥0.50,$0.24,,Vanguard Attendant OGS-016/024 CN ¥0.50 EN $0.24
2026-09-02T19:40:59+00:00,https://bilgewatermarket.com/cards,"Annie, Dark Child, Starter",nonfoil,4.65,https://bilgewatermarket.com/cards/OGS-017,normal,https://bilgewatermarket.com/assets/OGS-017-EN-B6y4Fkbh.jpg,¥4.48,$4.65,,"Annie, Dark Child, Starter OGS-017/024 CN ¥4.48 EN $4.65"
2026-09-02T19:40:59+00:00,https://bilgewatermarket.com/cards,Tibbers,nonfoil,0.63,https://bilgewatermarket.com/cards/OGS-018,normal,https://bilgewatermarket.com/assets/OGS-018-EN-CB9m76Y0.jpg,¥0.93,$0.63,,Tibbers OGS-018/024 CN ¥0.93 EN $0.63
2026-09-02T19:40:59+00:00,https://bilgewatermarket.com/cards,"Master Yi, Wuju Bladesman, Starter",nonfoil,20.76,https://bilgewatermarket.com/cards/OGS-019,normal,https://bilgewatermarket.com/assets/OGS-019-EN-vvCs17hJ.jpg,¥37.58,$20.76,,"Master Yi, Wuju Bladesman, Starter OGS-019/024 CN ¥37.58 EN $20.76"
2026-09-02T19:40:59+00:00,https://bilgewatermarket.com/cards,Highlander,nonfoil,0.87,https://bilgewatermarket.com/cards/OGS-020,normal,https://bilgewatermarket.com/assets/OGS-020-EN-DN_6aF09.jpg,¥0.88,$0.87,,Highlander OGS-020/024 CN ¥0.88 EN $0.87
2026-09-02T19:40:59+00:00,https://bilgewatermarket.com/cards,"Lux, Lady of Luminosity, Starter",nonfoil,9.98,https://bilgewatermarket.com/cards/OGS-021,normal,https://bilgewatermarket.com/assets/OGS-021-EN-D545Assc.jpg,¥6.01,$9.98,,"Lux, Lady of Luminosity, Starter OGS-021/024 CN ¥6.01 EN $9.98"
2026-09-02T19:40:59+00:00,https://bilgewatermarket.com/cards,Final Spark,nonfoil,1.20,https://bilgewatermarket.com/cards/OGS-022,normal,https://bilgewatermarket.com/assets/OGS-022-EN-QBRey-yX.jpg,¥0.98,$1.20,,Final Spark OGS-022/024 CN ¥0.98 EN $1.20
2026-09-02T19:40:59+00:00,https://bilgewatermarket.com/cards,"Garen, Might of Demacia, Starter",nonfoil,1.02,https://bilgewatermarket.com/cards/OGS-023,normal,https://bilgewatermarket.com/assets/OGS-023-EN-zKCce1tB.jpg,¥1.01,$1.02,,"Garen, Might of Demacia, Starter OGS-023/024 CN ¥1.01 EN $1.02"
2026-09-02T19:40:59+00:00,https://bilgewatermarket.com/cards,Decisive Strike,nonfoil,0.44,https://bilgewatermarket.com/cards/OGS-024,normal,https://bilgewatermarket.com/assets/OGS-024-EN-B7DDLrRf.jpg,¥0.51,$0.44,,Decisive Strike OGS-024/024 CN ¥0.51 EN $0.44
2026-09-02T19:40:59+00:00,https://bilgewatermarket.com/cards,Blazing Scorcher,foil,0.25,https://bilgewatermarket.com/cards/OGN-001?print_variation=foiled,foiled,https://bilgewatermarket.com/assets/OGN-001-EN-QjgEScQm.jpg,¥0.52,$0.25,,Blazing Scorcher OGN-001/298 Foiled CN ¥0.52 EN $0.25
2026-09-02T19:40:59+00:00,https://bilgewatermarket.com/cards,Blazing Scorcher,nonfoil,0.10,https://bilgewatermarket.com/cards/OGN-001,normal,https://bilgewatermarket.com/assets/OGN-001-EN-QjgEScQm.jpg,¥0.51,$0.10,,Blazing Scorcher OGN-001/298 CN ¥0.51 EN $0.10
2026-09-02T19:40:59+00:00,https://bilgewatermarket.com/cards,Brazen Buccaneer,foil,0.16,https://bilgewatermarket.com/cards/OGN-002?print_variation=foiled,foiled,https://bilgewatermarket.com/assets/OGN-002-EN-CCsccgyr.jpg,¥0.50,$0.16,,Brazen Buccaneer OGN-002/298 Foiled CN ¥0.50 EN $0.16
2026-09-02T19:40:59+00:00,https://bilgewatermarket.com/cards,Brazen Buccaneer,nonfoil,0.09,https://bilgewatermarket.com/cards/OGN-002,normal,https://bilgewatermarket.com/assets/OGN-002-EN-CCsccgyr.jpg,¥0.50,$0.09,,Brazen Buccaneer OGN-002/298 CN ¥0.50 EN $0.09
2026-09-02T19:40:59+00:00,https://bilgewatermarket.com/cards,Chemtech Enforcer,foil,0.13,https://bilgewatermarket.com/cards/OGN-003?print_variation=foiled,foiled,https://bilgewatermarket.com/assets/OGN-003-EN-CdgqVvdi.jpg,¥0.50,$0.13,,Chemtech Enforcer OGN-003/298 Foiled CN ¥0.50 EN $0.13
2026-09-02T19:40:59+00:00,https://bilgewatermarket.com/cards,Chemtech Enforcer,nonfoil,0.05,https://bilgewatermarket.com/cards/OGN-003,normal,https://bilgewatermarket.com/assets/OGN-003-EN-CdgqVvdi.jpg,¥0.79,$0.05,,Chemtech Enforcer OGN-003/298 CN ¥0.79 EN $0.05
2026-09-02T19:40:59+00:00,https://bilgewatermarket.com/cards,Cleave,foil,0.40,https://bilgewatermarket.com/cards/OGN-004?print_variation=foiled,foiled,https://bilgewatermarket.com/assets/OGN-004-EN-C6JkLzvq.jpg,¥2.25,$0.40,,Cleave OGN-004/298 Foiled CN ¥2.25 EN $0.40
2026-09-02T19:40:59+00:00,https://bilgewatermarket.com/cards,Cleave,nonfoil,0.19,https://bilgewatermarket.com/cards/OGN-004,normal,https://bilgewatermarket.com/assets/OGN-004-EN-C6JkLzvq.jpg,¥0.58,$0.19,,Cleave OGN-004/298 CN ¥0.58 EN $0.19
2026-09-02T19:40:59+00:00,https://bilgewatermarket.com/cards,Disintegrate,foil,0.23,https://bilgewatermarket.com/cards/OGN-005?print_variation=foiled,foiled,https://bilgewatermarket.com/assets/OGN-005-EN-D4v4u1t6.jpg,¥0.51,$0.23,,Disintegrate OGN-005/298 Foiled CN ¥0.51 EN $0.23
2026-09-02T19:40:59+00:00,https://bilgewatermarket.com/cards,Disintegrate,nonfoil,0.07,https://bilgewatermarket.com/cards/OGN-005,normal,https://bilgewatermarket.com/assets/OGN-005-EN-D4v4u1t6.jpg,¥0.50,$0.07,,Disintegrate OGN-005/298 CN ¥0.50 EN $0.07
2026-09-02T19:40:59+00:00,https://bilgewatermarket.com/cards,Flame Chompers,foil,0.21,https://bilgewatermarket.com/cards/OGN-006?print_variation=foiled,foiled,https://bilgewatermarket.com/assets/OGN-006-EN-89SZGJo6.jpg,¥0.61,$0.21,,Flame Chompers OGN-006/298 Foiled CN ¥0.61 EN $0.21
2026-09-02T19:40:59+00:00,https://bilgewatermarket.com/cards,Flame Chompers,nonfoil,0.12,https://bilgewatermarket.com/cards/OGN-006,normal,https://bilgewatermarket.com/assets/OGN-006-EN-89SZGJo6.jpg,¥0.68,$0.12,,Flame Chompers OGN-006/298 CN ¥0.68 EN $0.12
2026-09-02T19:40:59+00:00,https://bilgewatermarket.com/cards,Fury Rune,nonfoil,0.09,https://bilgewatermarket.com/cards/OGN-007,normal,https://bilgewatermarket.com/assets/OGN-007-EN-wQ74FRGr.jpg,¥0.54,$0.09,,Fury Rune OGN-007/298 CN ¥0.54 EN $0.09
2026-09-02T19:40:59+00:00,https://bilgewatermarket.com/cards,Fury Rune,nonfoil,3.88,https://bilgewatermarket.com/cards/OGN-007a?print_variation=showcase,showcase,https://bilgewatermarket.com/assets/OGN-007a-EN-B1eNPdqK.jpg,¥32.25,$3.88,,Fury Rune OGN-007A/298 Showcase CN ¥32.25 EN $3.88
2026-09-02T19:40:59+00:00,https://bilgewatermarket.com/cards,Get Excited!,foil,0.29,https://bilgewatermarket.com/cards/OGN-008?print_variation=foiled,foiled,https://bilgewatermarket.com/assets/OGN-008-EN-BcIYPU3o.jpg,¥0.84,$0.29,,Get Excited! OGN-008/298 Foiled CN ¥0.84 EN $0.29
2026-09-02T19:40:59+00:00,https://bilgewatermarket.com/cards,Get Excited!,nonfoil,0.08,https://bilgewatermarket.com/cards/OGN-008,normal,https://bilgewatermarket.com/assets/OGN-008-EN-BcIYPU3o.jpg,¥0.50,$0.08,,Get Excited! OGN-008/298 CN ¥0.50 EN $0.08
2026-09-02T19:40:59+00:00,https://bilgewatermarket.com/cards,Hextech Ray,foil,0.53,https://bilgewatermarket.com/cards/OGN-009?print_variation=foiled,foiled,https://bilgewatermarket.com/assets/OGN-009-EN-DN1gcUwS.jpg,¥1.78,$0.53,,Hextech Ray OGN-009/298 Foiled CN ¥1.78 EN $0.53
2026-09-02T19:40:59+00:00,https://bilgewatermarket.com/cards,Hextech Ray,nonfoil,0.21,https://bilgewatermarket.com/cards/OGN-009,normal,https://bilgewatermarket.com/assets/OGN-009-EN-DN1gcUwS.jpg,¥0.57,$0.21,,Hextech Ray OGN-009/298 CN ¥0.57 EN $0.21
2026-09-02T19:40:59+00:00,https://bilgewatermarket.com/cards,Legion Rearguard,foil,0.27,https://bilgewatermarket.com/cards/OGN-010?print_variation=foiled,foiled,https://bilgewatermarket.com/assets/OGN-010-EN-Cf4CCTAU.jpg,¥0.82,$0.27,,Legion Rearguard OGN-010/298 Foiled CN ¥0.82 EN $0.27
2026-09-02T19:40:59+00:00,https://bilgewatermarket.com/cards,Legion Rearguard,nonfoil,0.08,https://bilgewatermarket.com/cards/OGN-010,normal,https://bilgewatermarket.com/assets/OGN-010-EN-Cf4CCTAU.jpg,¥0.50,$0.08,,Legion Rearguard OGN-010/298 CN ¥0.50 EN $0.08
2026-09-02T19:40:59+00:00,https://bilgewatermarket.com/cards,Magma Wurm,foil,0.19,https://bilgewatermarket.com/cards/OGN-011?print_variation=foiled,foiled,https://bilgewatermarket.com/assets/OGN-011-EN-BpM9uxms.jpg,¥0.50,$0.19,,Magma Wurm OGN-011/298 Foiled CN ¥0.50 EN $0.19
2026-09-02T19:40:59+00:00,https://bilgewatermarket.com/cards,Magma Wurm,nonfoil,0.05,https://bilgewatermarket.com/cards/OGN-011,normal,https://bilgewatermarket.com/assets/OGN-011-EN-BpM9uxms.jpg,¥0.50,$0.05,,Magma Wurm OGN-011/298 CN ¥0.50 EN $0.05
2026-09-02T19:40:59+00:00,https://bilgewatermarket.com/cards,Noxus Hopeful,foil,6.65,https://bilgewatermarket.com/cards/OGN-012?print_variation=foiled,foiled,https://bilgewatermarket.com/assets/OGN-012-EN-BREPxn3T.jpg,¥3.30,$6.65,,Noxus Hopeful OGN-012/298 Foiled CN ¥3.30 EN $6.65
2026-09-02T19:40:59+00:00,https://bilgewatermarket.com/cards,Noxus Hopeful,nonfoil,0.63,https://bilgewatermarket.com/cards/OGN-012,normal,https://bilgewatermarket.com/assets/OGN-012-EN-BREPxn3T.jpg,¥0.63,$0.63,,Noxus Hopeful OGN-012/298 CN ¥0.63 EN $0.63
2026-09-02T19:40:59+00:00,https://bilgewatermarket.com/cards,Pouty Poro,foil,0.36,https://bilgewatermarket.com/cards/OGN-013?print_variation=foiled,foiled,https://bilgewatermarket.com/assets/OGN-013-EN-H7DCo7_Y.jpg,¥1.13,$0.36,,Pouty Poro OGN-013/298 Foiled CN ¥1.13 EN $0.36
2026-09-02T19:40:59+00:00,https://bilgewatermarket.com/cards,Pouty Poro,nonfoil,0.14,https://bilgewatermarket.com/cards/OGN-013,normal,https://bilgewatermarket.com/assets/OGN-013-EN-H7DCo7_Y.jpg,¥0.51,$0.14,,Pouty Poro OGN-013/298 CN ¥0.51 EN $0.14
2026-09-02T19:40:59+00:00,https://bilgewatermarket.com/cards,Sky Splitter,foil,0.30,https://bilgewatermarket.com/cards/OGN-014?print_variation=foiled,foiled,https://bilgewatermarket.com/assets/OGN-014-EN-C9p1vIVO.jpg,¥0.59,$0.30,,Sky Splitter OGN-014/298 Foiled CN ¥0.59 EN $0.30
2026-09-02T19:40:59+00:00,https://bilgewatermarket.com/cards,Sky Splitter,nonfoil,0.12,https://bilgewatermarket.com/cards/OGN-014,normal,https://bilgewatermarket.com/assets/OGN-014-EN-C9p1vIVO.jpg,¥0.50,$0.12,,Sky Splitter OGN-014/298 CN ¥0.50 EN $0.12
2026-09-02T19:40:59+00:00,https://bilgewatermarket.com/cards,Captain Farron,foil,0.31,https://bilgewatermarket.com/cards/OGN-015?print_variation=foiled,foiled,https://bilgewatermarket.com/assets/OGN-015-EN-C8ooOmcP.jpg,¥0.50,$0.31,,Captain Farron OGN-015/298 Foiled CN ¥0.50 EN $0.31
2026-09-02T19:40:59+00:00,https://bilgewatermarket.com/cards,Captain Farron,nonfoil,0.11,https://bilgewatermarket.com/cards/OGN-015,normal,https://bilgewatermarket.com/assets/OGN-015-EN-C8ooOmcP.jpg,¥0.50,$0.11,,Captain Farron OGN-015/298 CN ¥0.50 EN $0.11
2026-09-02T19:40:59+00:00,https://bilgewatermarket.com/cards,Dangerous Duo,foil,0.21,https://bilgewatermarket.com/cards/OGN-016?print_variation=foiled,foiled,https://bilgewatermarket.com/assets/OGN-016-EN-OvtPSoOr.jpg,¥0.51,$0.21,,Dangerous Duo OGN-016/298 Foiled CN ¥0.51 EN $0.21
2026-09-02T19:40:59+00:00,https://bilgewatermarket.com/cards,Dangerous Duo,nonfoil,0.07,https://bilgewatermarket.com/cards/OGN-016,normal,https://bilgewatermarket.com/assets/OGN-016-EN-OvtPSoOr.jpg,¥0.50,$0.07,,Dangerous Duo OGN-016/298 CN ¥0.50 EN $0.07
2026-09-02T19:40:59+00:00,https://bilgewatermarket.com/cards,Iron Ballista,foil,0.46,https://bilgewatermarket.com/cards/OGN-017?print_variation=foiled,foiled,https://bilgewatermarket.com/assets/OGN-017-EN-Ulcnr5Df.jpg,¥0.63,$0.46,,Iron Ballista OGN-017/298 Foiled CN ¥0.63 EN $0.46
2026-09-02T19:40:59+00:00,https://bilgewatermarket.com/cards,Iron Ballista,nonfoil,0.15,https://bilgewatermarket.com/cards/OGN-017,normal,https://bilgewatermarket.com/assets/OGN-017-EN-Ulcnr5Df.jpg,¥0.59,$0.15,,Iron Ballista OGN-017/298 CN ¥0.59 EN $0.15
2026-09-02T19:40:59+00:00,https://bilgewatermarket.com/cards,Noxus Saboteur,foil,0.26,https://bilgewatermarket.com/cards/OGN-018?print_variation=foiled,foiled,https://bilgewatermarket.com/assets/OGN-018-EN-lx4zItrI.jpg,¥0.69,$0.26,,Noxus Saboteur OGN-018/298 Foiled CN ¥0.69 EN $0.26
2026-09-02T19:40:59+00:00,https://bilgewatermarket.com/cards,Noxus Saboteur,nonfoil,0.12,https://bilgewatermarket.com/cards/OGN-018,normal,https://bilgewatermarket.com/assets/OGN-018-EN-lx4zItrI.jpg,¥0.50,$0.12,,Noxus Saboteur OGN-018/298 CN ¥0.50 EN $0.12
2026-09-02T19:40:59+00:00,https://bilgewatermarket.com/cards,Raging Soul,foil,0.27,https://bilgewatermarket.com/cards/OGN-019?print_variation=foiled,foiled,https://bilgewatermarket.com/assets/OGN-019-EN-RkVRC8Kr.jpg,¥0.70,$0.27,,Raging Soul OGN-019/298 Foiled CN ¥0.70 EN $0.27
2026-09-02T19:40:59+00:00,https://bilgewatermarket.com/cards,Raging Soul,nonfoil,0.06,https://bilgewatermarket.com/cards/OGN-019,normal,https://bilgewatermarket.com/assets/OGN-019-EN-RkVRC8Kr.jpg,¥0.50,$0.06,,Raging Soul OGN-019/298 CN ¥0.50 EN $0.06
2026-09-02T19:40:59+00:00,https://bilgewatermarket.com/cards,Scrapyard Champion,foil,0.31,https://bilgewatermarket.com/cards/OGN-020?print_variation=foiled,foiled,https://bilgewatermarket.com/assets/OGN-020-EN-DOoJXRy-.jpg,¥0.60,$0.31,,Scrapyard Champion OGN-020/298 Foiled CN ¥0.60 EN $0.31
2026-09-02T19:40:59+00:00,https://bilgewatermarket.com/cards,Scrapyard Champion,nonfoil,0.17,https://bilgewatermarket.com/cards/OGN-020,normal,https://bilgewatermarket.com/assets/OGN-020-EN-DOoJXRy-.jpg,¥0.50,$0.17,,Scrapyard Champion OGN-020/298 CN ¥0.50 EN $0.17
2026-09-02T19:40:59+00:00,https://bilgewatermarket.com/cards,Sun Disc,foil,0.59,https://bilgewatermarket.com/cards/OGN-021?print_variation=foiled,foiled,https://bilgewatermarket.com/assets/OGN-021-EN-YbCdXDYR.jpg,¥1.90,$0.59,,Sun Disc OGN-021/298 Foiled CN ¥1.90 EN $0.59
2026-09-02T19:40:59+00:00,https://bilgewatermarket.com/cards,Sun Disc,nonfoil,0.19,https://bilgewatermarket.com/cards/OGN-021,normal,https://bilgewatermarket.com/assets/OGN-021-EN-YbCdXDYR.jpg,¥0.64,$0.19,,Sun Disc OGN-021/298 CN ¥0.64 EN $0.19
2026-09-02T19:40:59+00:00,https://bilgewatermarket.com/cards,Thermo Beam,foil,2.27,https://bilgewatermarket.com/cards/OGN-022?print_variation=foiled,foiled,https://bilgewatermarket.com/assets/OGN-022-EN-CsxaauZZ.jpg,¥4.05,$2.27,,Thermo Beam OGN-022/298 Foiled CN ¥4.05 EN $2.27
2026-09-02T19:40:59+00:00,https://bilgewatermarket.com/cards,Thermo Beam,nonfoil,0.37,https://bilgewatermarket.com/cards/OGN-022,normal,https://bilgewatermarket.com/assets/OGN-022-EN-CsxaauZZ.jpg,¥1.03,$0.37,,Thermo Beam OGN-022/298 CN ¥1.03 EN $0.37
2026-09-02T19:40:59+00:00,https://bilgewatermarket.com/cards,Unlicensed Armory,foil,0.26,https://bilgewatermarket.com/cards/OGN-023?print_variation=foiled,foiled,https://bilgewatermarket.com/assets/OGN-023-EN-sIa0QC0Q.jpg,¥0.77,$0.26,,Unlicensed Armory OGN-023/298 Foiled CN ¥0.77 EN $0.26
2026-09-02T19:40:59+00:00,https://bilgewatermarket.com/cards,Unlicensed Armory,nonfoil,0.17,https://bilgewatermarket.com/cards/OGN-023,normal,https://bilgewatermarket.com/assets/OGN-023-EN-sIa0QC0Q.jpg,¥0.50,$0.17,,Unlicensed Armory OGN-023/298 CN ¥0.50 EN $0.17
2026-09-02T19:40:59+00:00,https://bilgewatermarket.com/cards,Void Seeker,foil,0.48,https://bilgewatermarket.com/cards/OGN-024?print_variation=foiled,foiled,https://bilgewatermarket.com/assets/OGN-024-EN-DsZcdwPf.jpg,¥3.35,$0.48,,Void Seeker OGN-024/298 Foiled CN ¥3.35 EN $0.48
2026-09-02T19:40:59+00:00,https://bilgewatermarket.com/cards,Void Seeker,nonfoil,0.24,https://bilgewatermarket.com/cards/OGN-024,normal,https://bilgewatermarket.com/assets/OGN-024-EN-DsZcdwPf.jpg,¥0.61,$0.24,,Void Seeker OGN-024/298 CN ¥0.61 EN $0.24
2026-09-02T19:40:59+00:00,https://bilgewatermarket.com/cards,Blind Fury,nonfoil,0.24,https://bilgewatermarket.com/cards/OGN-025,normal,https://bilgewatermarket.com/assets/OGN-025-EN-D3DKNf4t.jpg,¥0.51,$0.24,,Blind Fury OGN-025/298 CN ¥0.51 EN $0.24
2026-09-02T19:40:59+00:00,https://bilgewatermarket.com/cards,Brynhir Thundersong,nonfoil,2.44,https://bilgewatermarket.com/cards/OGN-026,normal,https://bilgewatermarket.com/assets/OGN-026-EN-D4ZiDDID.jpg,¥5.54,$2.44,,Brynhir Thundersong OGN-026/298 CN ¥5.54 EN $2.44
2026-09-02T19:40:59+00:00,https://bilgewatermarket.com/cards,"Darius, Trifarian",nonfoil,1.51,https://bilgewatermarket.com/cards/OGN-027,normal,https://bilgewatermarket.com/assets/OGN-027-EN-d2BzeGZu.jpg,¥5.51,$1.51,,"Darius, Trifarian OGN-027/298 CN ¥5.51 EN $1.51"
2026-09-02T19:40:59+00:00,https://bilgewatermarket.com/cards,"Darius, Trifarian",nonfoil,5.12,https://bilgewatermarket.com/cards/OGN-027a?print_variation=showcase,showcase,https://bilgewatermarket.com/assets/OGN-027a-EN-aOAgFF6D.jpg,¥14.91,$5.12,,"Darius, Trifarian OGN-027A/298 Showcase CN ¥14.91 EN $5.12"
2026-09-02T19:40:59+00:00,https://bilgewatermarket.com/cards,"Draven, Showboat",nonfoil,0.29,https://bilgewatermarket.com/cards/OGN-028,normal,https://bilgewatermarket.com/assets/OGN-028-EN-CCIP5CYL.jpg,¥1.34,$0.29,,"Draven, Showboat OGN-028/298 CN ¥1.34 EN $0.29"
2026-09-02T19:40:59+00:00,https://bilgewatermarket.com/cards,Falling Star,nonfoil,15.40,https://bilgewatermarket.com/cards/OGN-029,normal,https://bilgewatermarket.com/assets/OGN-029-EN-DSiQHrdu.jpg,¥15.60,$15.40,,Falling Star OGN-029/298 CN ¥15.60 EN $15.40
2026-09-02T19:40:59+00:00,https://bilgewatermarket.com/cards,"Jinx, Demolitionist",nonfoil,0.31,https://bilgewatermarket.com/cards/OGN-030,normal,https://bilgewatermarket.com/assets/OGN-030-EN-HF6atMmB.jpg,¥0.56,$0.31,,"Jinx, Demolitionist OGN-030/298 CN ¥0.56 EN $0.31"
2026-09-02T19:40:59+00:00,https://bilgewatermarket.com/cards,"Jinx, Demolitionist",nonfoil,4.34,https://bilgewatermarket.com/cards/OGN-030a?print_variation=showcase,showcase,https://bilgewatermarket.com/assets/OGN-030a-EN-BzcoZu2e.jpg,¥3.57,$4.34,,"Jinx, Demolitionist OGN-030A/298 Showcase CN ¥3.57 EN $4.34"
2026-09-02T19:40:59+00:00,https://bilgewatermarket.com/cards,Raging Firebrand,nonfoil,0.21,https://bilgewatermarket.com/cards/OGN-031,normal,https://bilgewatermarket.com/assets/OGN-031-EN-DO_UoIya.jpg,¥0.50,$0.21,,Raging Firebrand OGN-031/298 CN ¥0.50 EN $0.21
2026-09-02T19:40:59+00:00,https://bilgewatermarket.com/cards,Ravenborn Tome,nonfoil,0.15,https://bilgewatermarket.com/cards/OGN-032,normal,https://bilgewatermarket.com/assets/OGN-032-EN-TK61Il2L.jpg,¥0.57,$0.15,,Ravenborn Tome OGN-032/298 CN ¥0.57 EN $0.15
2026-09-02T19:40:59+00:00,https://bilgewatermarket.com/cards,Shakedown,nonfoil,0.30,https://bilgewatermarket.com/cards/OGN-033,normal,https://bilgewatermarket.com/assets/OGN-033-EN-StDFaakk.jpg,¥0.55,$0.30,,Shakedown OGN-033/298 CN ¥0.55 EN $0.30
2026-09-02T19:40:59+00:00,https://bilgewatermarket.com/cards,"Tryndamere, Barbarian",nonfoil,0.24,https://bilgewatermarket.com/cards/OGN-034,normal,https://bilgewatermarket.com/assets/OGN-034-EN-D68T6Po1.jpg,¥0.76,$0.24,,"Tryndamere, Barbarian OGN-034/298 CN ¥0.76 EN $0.24"
2026-09-02T19:40:59+00:00,https://bilgewatermarket.com/cards,"Vayne, Hunter",nonfoil,0.37,https://bilgewatermarket.com/cards/OGN-035,normal,https://bilgewatermarket.com/assets/OGN-035-EN-igtOk1Dt.jpg,¥0.67,$0.37,,"Vayne, Hunter OGN-035/298 CN ¥0.67 EN $0.37"
2026-09-02T19:40:59+00:00,https://bilgewatermarket.com/cards,"Vi, Destructive",nonfoil,0.43,https://bilgewatermarket.com/cards/OGN-036,normal,https://bilgewatermarket.com/assets/OGN-036-EN-FuSy9SqL.jpg,¥1.39,$0.43,,"Vi, Destructive OGN-036/298 CN ¥1.39 EN $0.43"
2026-09-02T19:40:59+00:00,https://bilgewatermarket.com/cards,Immortal Phoenix,nonfoil,5.48,https://bilgewatermarket.com/cards/OGN-037,normal,https://bilgewatermarket.com/assets/OGN-037-EN-sGjfmpAh.jpg,¥12.97,$5.48,,Immortal Phoenix OGN-037/298 CN ¥12.97 EN $5.48
2026-09-02T19:40:59+00:00,https://bilgewatermarket.com/cards,Kadregrin the Infernal,nonfoil,7.22,https://bilgewatermarket.com/cards/OGN-038,normal,https://bilgewatermarket.com/assets/OGN-038-EN-fF2-eFpe.jpg,¥9.25,$7.22,,Kadregrin the Infernal OGN-038/298 CN ¥9.25 EN $7.22
2026-09-02T19:40:59+00:00,https://bilgewatermarket.com/cards,"Kai'Sa, Survivor",nonfoil,73.85,https://bilgewatermarket.com/cards/OGN-039,normal,https://bilgewatermarket.com/assets/OGN-039-EN-Mlbecusw.jpg,¥144.13,$73.85,,"Kai'Sa, Survivor OGN-039/298 CN ¥144.13 EN $73.85"
2026-09-02T19:40:59+00:00,https://bilgewatermarket.com/cards,"Kai'Sa, Survivor",nonfoil,69.76,https://bilgewatermarket.com/cards/OGN-039a?print_variation=showcase,showcase,https://bilgewatermarket.com/assets/OGN-039a-EN-D9xN6xkF.jpg,¥146.59,$69.76,,"Kai'Sa, Survivor OGN-039A/298 Showcase CN ¥146.59 EN $69.76"
2026-09-02T19:40:59+00:00,https://bilgewatermarket.com/cards,Seal of Rage,nonfoil,15.98,https://bilgewatermarket.com/cards/OGN-040,normal,https://bilgewatermarket.com/assets/OGN-040-EN-_zmvsrnx.jpg,¥39.06,$15.98,,Seal of Rage OGN-040/298 CN ¥39.06 EN $15.98
2026-09-02T19:40:59+00:00,https://bilgewatermarket.com/cards,"Volibear, Furious",nonfoil,1.11,https://bilgewatermarket.com/cards/OGN-041,normal,https://bilgewatermarket.com/assets/OGN-041-EN-C4j-4MtF.jpg,¥1.31,$1.11,,"Volibear, Furious OGN-041/298 CN ¥1.31 EN $1.11"
2026-09-02T19:40:59+00:00,https://bilgewatermarket.com/cards,"Volibear, Furious",nonfoil,2.91,https://bilgewatermarket.com/cards/OGN-041a?print_variation=showcase,showcase,https://bilgewatermarket.com/assets/OGN-041a-EN-BnbGNy5N.jpg,¥2.49,$2.91,,"Volibear, Furious OGN-041A/298 Showcase CN ¥2.49 EN $2.91"
2026-09-02T19:40:59+00:00,https://bilgewatermarket.com/cards,Calm Rune,nonfoil,0.12,https://bilgewatermarket.com/cards/OGN-042,normal,https://bilgewatermarket.com/assets/OGN-042-EN-B0gMcf6k.jpg,¥0.52,$0.12,,Calm Rune OGN-042/298 CN ¥0.52 EN $0.12
2026-09-02T19:40:59+00:00,https://bilgewatermarket.com/cards,Calm Rune,nonfoil,4.83,https://bilgewatermarket.com/cards/OGN-042a?print_variation=showcase,showcase,https://bilgewatermarket.com/assets/OGN-042a-EN-DpATfpUz.jpg,¥34.51,$4.83,,Calm Rune OGN-042A/298 Showcase CN ¥34.51 EN $4.83
2026-09-02T19:40:59+00:00,https://bilgewatermarket.com/cards,Charm,foil,4.90,https://bilgewatermarket.com/cards/OGN-043?print_variation=foiled,foiled,https://bilgewatermarket.com/assets/OGN-043-EN-Do-4PZDD.jpg,¥4.90,$4.90,,Charm OGN-043/298 Foiled CN ¥4.90 EN $4.90
2026-09-02T19:40:59+00:00,https://bilgewatermarket.com/cards,Charm,nonfoil,0.90,https://bilgewatermarket.com/cards/OGN-043,normal,https://bilgewatermarket.com/assets/OGN-043-EN-Do-4PZDD.jpg,¥0.69,$0.90,,Charm OGN-043/298 CN ¥0.69 EN $0.90
2026-09-02T19:40:59+00:00,https://bilgewatermarket.com/cards,Clockwork Keeper,foil,0.31,https://bilgewatermarket.com/cards/OGN-044?print_variation=foiled,foiled,https://bilgewatermarket.com/assets/OGN-044-EN-D_DZRs6i.jpg,¥1.66,$0.31,,Clockwork Keeper OGN-044/298 Foiled CN ¥1.66 EN $0.31
2026-09-02T19:40:59+00:00,https://bilgewatermarket.com/cards,Clockwork Keeper,nonfoil,0.13,https://bilgewatermarket.com/cards/OGN-044,normal,https://bilgewatermarket.com/assets/OGN-044-EN-D_DZRs6i.jpg,¥0.58,$0.13,,Clockwork Keeper OGN-044/298 CN ¥0.58 EN $0.13
2026-09-02T19:40:59+00:00,https://bilgewatermarket.com/cards,Defy,foil,9.31,https://bilgewatermarket.com/cards/OGN-045?print_variation=foiled,foiled,https://bilgewatermarket.com/assets/OGN-045-EN-wwec0ykD.jpg,¥7.09,$9.31,,Defy OGN-045/298 Foiled CN ¥7.09 EN $9.31
2026-09-02T19:40:59+00:00,https://bilgewatermarket.com/cards,Defy,nonfoil,4.61,https://bilgewatermarket.com/cards/OGN-045,normal,https://bilgewatermarket.com/assets/OGN-045-EN-wwec0ykD.jpg,¥1.79,$4.61,,Defy OGN-045/298 CN ¥1.79 EN $4.61
2026-09-02T19:40:59+00:00,https://bilgewatermarket.com/cards,En Garde,foil,0.67,https://bilgewatermarket.com/cards/OGN-046?print_variation=foiled,foiled,https://bilgewatermarket.com/assets/OGN-046-EN-037nVerl.jpg,¥3.68,$0.67,,En Garde OGN-046/298 Foiled CN ¥3.68 EN $0.67
2026-09-02T19:40:59+00:00,https://bilgewatermarket.com/cards,En Garde,nonfoil,0.29,https://bilgewatermarket.com/cards/OGN-046,normal,https://bilgewatermarket.com/assets/OGN-046-EN-037nVerl.jpg,¥0.64,$0.29,,En Garde OGN-046/298 CN ¥0.64 EN $0.29
2026-09-02T19:40:59+00:00,https://bilgewatermarket.com/cards,Find Your Center,foil,0.53,https://bilgewatermarket.com/cards/OGN-047?print_variation=foiled,foiled,https://bilgewatermarket.com/assets/OGN-047-EN-39BMPP8K.jpg,¥1.55,$0.53,,Find Your Center OGN-047/298 Foiled CN ¥1.55 EN $0.53
2026-09-02T19:40:59+00:00,https://bilgewatermarket.com/cards,Find Your Center,nonfoil,0.25,https://bilgewatermarket.com/cards/OGN-047,normal,https://bilgewatermarket.com/assets/OGN-047-EN-39BMPP8K.jpg,¥0.53,$0.25,,Find Your Center OGN-047/298 CN ¥0.53 EN $0.25
2026-09-02T19:40:59+00:00,https://bilgewatermarket.com/cards,Meditation,foil,0.32,https://bilgewatermarket.com/cards/OGN-048?print_variation=foiled,foiled,https://bilgewatermarket.com/assets/OGN-048-EN-xs6AxiNi.jpg,¥0.97,$0.32,,Meditation OGN-048/298 Foiled CN ¥0.97 EN $0.32
2026-09-02T19:40:59+00:00,https://bilgewatermarket.com/cards,Meditation,nonfoil,0.17,https://bilgewatermarket.com/cards/OGN-048,normal,https://bilgewatermarket.com/assets/OGN-048-EN-xs6AxiNi.jpg,¥0.51,$0.17,,Meditation OGN-048/298 CN ¥0.51 EN $0.17
2026-09-02T19:40:59+00:00,https://bilgewatermarket.com/cards,Playful Phantom,foil,0.10,https://bilgewatermarket.com/cards/OGN-049?print_variation=foiled,foiled,https://bilgewatermarket.com/assets/OGN-049-EN-Dun9Mj9u.jpg,¥0.50,$0.10,,Playful Phantom OGN-049/298 Foiled CN ¥0.50 EN $0.10
2026-09-02T19:40:59+00:00,https://bilgewatermarket.com/cards,Playful Phantom,nonfoil,0.03,https://bilgewatermarket.com/cards/OGN-049,normal,https://bilgewatermarket.com/assets/OGN-049-EN-Dun9Mj9u.jpg,¥0.50,$0.03,,Playful Phantom OGN-049/298 CN ¥0.50 EN $0.03
2026-09-02T19:40:59+00:00,https://bilgewatermarket.com/cards,Rune Prison,foil,0.27,https://bilgewatermarket.com/cards/OGN-050?print_variation=foiled,foiled,https://bilgewatermarket.com/assets/OGN-050-EN-Bc1mqrye.jpg,¥1.01,$0.27,,Rune Prison OGN-050/298 Foiled CN ¥1.01 EN $0.27
2026-09-02T19:40:59+00:00,https://bilgewatermarket.com/cards,Rune Prison,nonfoil,0.10,https://bilgewatermarket.com/cards/OGN-050,normal,https://bilgewatermarket.com/assets/OGN-050-EN-Bc1mqrye.jpg,¥0.50,$0.10,,Rune Prison OGN-050/298 CN ¥0.50 EN $0.10
2026-09-02T19:40:59+00:00,https://bilgewatermarket.com/cards,Solari Shieldbearer,foil,0.20,https://bilgewatermarket.com/cards/OGN-051?print_variation=foiled,foiled,https://bilgewatermarket.com/assets/OGN-051-EN-HJv5KcFI.jpg,¥0.51,$0.20,,Solari Shieldbearer OGN-051/298 Foiled CN ¥0.51 EN $0.20
2026-09-02T19:40:59+00:00,https://bilgewatermarket.com/cards,Solari Shieldbearer,nonfoil,0.09,https://bilgewatermarket.com/cards/OGN-051,normal,https://bilgewatermarket.com/assets/OGN-051-EN-HJv5KcFI.jpg,¥0.50,$0.09,,Solari Shieldbearer OGN-051/298 CN ¥0.50 EN $0.09
2026-09-02T19:40:59+00:00,https://bilgewatermarket.com/cards,Stalwart Poro,foil,0.38,https://bilgewatermarket.com/cards/OGN-052?print_variation=foiled,foiled,https://bilgewatermarket.com/assets/OGN-052-EN-Cfqp-tIV.jpg,¥1.06,$0.38,,Stalwart Poro OGN-052/298 Foiled CN ¥1.06 EN $0.38
2026-09-02T19:40:59+00:00,https://bilgewatermarket.com/cards,Stalwart Poro,nonfoil,0.13,https://bilgewatermarket.com/cards/OGN-052,normal,https://bilgewatermarket.com/assets/OGN-052-EN-Cfqp-tIV.jpg,¥0.50,$0.13,,Stalwart Poro OGN-052/298 CN ¥0.50 EN $0.13
2026-09-02T19:40:59+00:00,https://bilgewatermarket.com/cards,Stand United,foil,0.20,https://bilgewatermarket.com/cards/OGN-053?print_variation=foiled,foiled,https://bilgewatermarket.com/assets/OGN-053-EN-Dv8Qz-rv.jpg,¥0.50,$0.20,,Stand United OGN-053/298 Foiled CN ¥0.50 EN $0.20
2026-09-02T19:40:59+00:00,https://bilgewatermarket.com/cards,Stand United,nonfoil,0.07,https://bilgewatermarket.com/cards/OGN-053,normal,https://bilgewatermarket.com/assets/OGN-053-EN-Dv8Qz-rv.jpg,¥0.50,$0.07,,Stand United OGN-053/298 CN ¥0.50 EN $0.07
2026-09-02T19:40:59+00:00,https://bilgewatermarket.com/cards,Sunlit Guardian,foil,0.20,https://bilgewatermarket.com/cards/OGN-054?print_variation=foiled,foiled,https://bilgewatermarket.com/assets/OGN-054-EN-CtJzNR53.jpg,¥0.51,$0.20,,Sunlit Guardian OGN-054/298 Foiled CN ¥0.51 EN $0.20
2026-09-02T19:40:59+00:00,https://bilgewatermarket.com/cards,Sunlit Guardian,nonfoil,0.08,https://bilgewatermarket.com/cards/OGN-054,normal,https://bilgewatermarket.com/assets/OGN-054-EN-CtJzNR53.jpg,¥0.50,$0.08,,Sunlit Guardian OGN-054/298 CN ¥0.50 EN $0.08
2026-09-02T19:40:59+00:00,https://bilgewatermarket.com/cards,Wielder of Water,foil,0.19,https://bilgewatermarket.com/cards/OGN-055?print_variation=foiled,foiled,https://bilgewatermarket.com/assets/OGN-055-EN-Cjk6THou.jpg,¥0.53,$0.19,,Wielder of Water OGN-055/298 Foiled CN ¥0.53 EN $0.19
2026-09-02T19:40:59+00:00,https://bilgewatermarket.com/cards,Wielder of Water,nonfoil,0.05,https://bilgewatermarket.com/cards/OGN-055,normal,https://bilgewatermarket.com/assets/OGN-055-EN-Cjk6THou.jpg,¥0.50,$0.05,,Wielder of Water OGN-055/298 CN ¥0.50 EN $0.05
2026-09-02T19:40:59+00:00,https://bilgewatermarket.com/cards,Adaptatron,foil,2.40,https://bilgewatermarket.com/cards/OGN-056?print_variation=foiled,foiled,https://bilgewatermarket.com/assets/OGN-056-EN-DFjhsCoU.jpg,¥2.52,$2.40,,Adaptatron OGN-056/298 Foiled CN ¥2.52 EN $2.40
2026-09-02T19:40:59+00:00,https://bilgewatermarket.com/cards,Adaptatron,nonfoil,0.32,https://bilgewatermarket.com/cards/OGN-056,normal,https://bilgewatermarket.com/assets/OGN-056-EN-DFjhsCoU.jpg,¥0.61,$0.32,,Adaptatron OGN-056/298 CN ¥0.61 EN $0.32
2026-09-02T19:40:59+00:00,https://bilgewatermarket.com/cards,Block,foil,0.54,https://bilgewatermarket.com/cards/OGN-057?print_variation=foiled,foiled,https://bilgewatermarket.com/assets/OGN-057-EN-CkgpnBV8.jpg,¥1.82,$0.54,,Block OGN-057/298 Foiled CN ¥1.82 EN $0.54
2026-09-02T19:40:59+00:00,https://bilgewatermarket.com/cards,Block,nonfoil,0.25,https://bilgewatermarket.com/cards/OGN-057,normal,https://bilgewatermarket.com/assets/OGN-057-EN-CkgpnBV8.jpg,¥0.64,$0.25,,Block OGN-057/298 CN ¥0.64 EN $0.25
2026-09-02T19:40:59+00:00,https://bilgewatermarket.com/cards,Discipline,foil,2.57,https://bilgewatermarket.com/cards/OGN-058?print_variation=foiled,foiled,https://bilgewatermarket.com/assets/OGN-058-EN-CaznWkUn.jpg,¥12.87,$2.57,,Discipline OGN-058/298 Foiled CN ¥12.87 EN $2.57
2026-09-02T19:40:59+00:00,https://bilgewatermarket.com/cards,Discipline,nonfoil,1.56,https://bilgewatermarket.com/cards/OGN-058,normal,https://bilgewatermarket.com/assets/OGN-058-EN-CaznWkUn.jpg,¥9.86,$1.56,,Discipline OGN-058/298 CN ¥9.86 EN $1.56
2026-09-02T19:40:59+00:00,https://bilgewatermarket.com/cards,Eclipse Herald,foil,0.26,https://bilgewatermarket.com/cards/OGN-059?print_variation=foiled,foiled,https://bilgewatermarket.com/assets/OGN-059-EN-C7fTeqTW.jpg,¥0.70,$0.26,,Eclipse Herald OGN-059/298 Foiled CN ¥0.70 EN $0.26
2026-09-02T19:40:59+00:00,https://bilgewatermarket.com/cards,Eclipse Herald,nonfoil,0.14,https://bilgewatermarket.com/cards/OGN-059,normal,https://bilgewatermarket.com/assets/OGN-059-EN-C7fTeqTW.jpg,¥0.50,$0.14,,Eclipse Herald OGN-059/298 CN ¥0.50 EN $0.14
2026-09-02T19:40:59+00:00,https://bilgewatermarket.com/cards,Mask of Foresight,foil,4.96,https://bilgewatermarket.com/cards/OGN-060?print_variation=foiled,foiled,https://bilgewatermarket.com/assets/OGN-060-EN-yrlBd5gB.jpg,¥2.64,$4.96,,Mask of Foresight OGN-060/298 Foiled CN ¥2.64 EN $4.96
2026-09-02T19:40:59+00:00,https://bilgewatermarket.com/cards,Mask of Foresight,nonfoil,0.88,https://bilgewatermarket.com/cards/OGN-060,normal,https://bilgewatermarket.com/assets/OGN-060-EN-yrlBd5gB.jpg,¥0.64,$0.88,,Mask of Foresight OGN-060/298 CN ¥0.64 EN $0.88
2026-09-02T19:40:59+00:00,https://bilgewatermarket.com/cards,Poro Herder,foil,0.37,https://bilgewatermarket.com/cards/OGN-061?print_variation=foiled,foiled,https://bilgewatermarket.com/assets/OGN-061-EN-BWc5UW_F.jpg,¥0.53,$0.37,,Poro Herder OGN-061/298 Foiled CN ¥0.53 EN $0.37
2026-09-02T19:40:59+00:00,https://bilgewatermarket.com/cards,Poro Herder,nonfoil,0.16,https://bilgewatermarket.com/cards/OGN-061,normal,https://bilgewatermarket.com/assets/OGN-061-EN-BWc5UW_F.jpg,¥0.50,$0.16,,Poro Herder OGN-061/298 CN ¥0.50 EN $0.16
2026-09-02T19:40:59+00:00,https://bilgewatermarket.com/cards,Reinforce,foil,0.42,https://bilgewatermarket.com/cards/OGN-062?print_variation=foiled,foiled,https://bilgewatermarket.com/assets/OGN-062-EN-BVHZyPcS.jpg,¥0.52,$0.42,,Reinforce OGN-062/298 Foiled CN ¥0.52 EN $0.42
2026-09-02T19:40:59+00:00,https://bilgewatermarket.com/cards,Reinforce,nonfoil,0.09,https://bilgewatermarket.com/cards/OGN-062,normal,https://bilgewatermarket.com/assets/OGN-062-EN-BVHZyPcS.jpg,¥0.52,$0.09,,Reinforce OGN-062/298 CN ¥0.52 EN $0.09
2026-09-02T19:40:59+00:00,https://bilgewatermarket.com/cards,Spirit's Refuge,foil,0.50,https://bilgewatermarket.com/cards/OGN-063?print_variation=foiled,foiled,https://bilgewatermarket.com/assets/OGN-063-EN--kS6MLXe.jpg,¥1.00,$0.50,,Spirit's Refuge OGN-063/298 Foiled CN ¥1.00 EN $0.50
2026-09-02T19:40:59+00:00,https://bilgewatermarket.com/cards,Spirit's Refuge,nonfoil,0.16,https://bilgewatermarket.com/cards/OGN-063,normal,https://bilgewatermarket.com/assets/OGN-063-EN--kS6MLXe.jpg,¥0.53,$0.16,,Spirit's Refuge OGN-063/298 CN ¥0.53 EN $0.16
2026-09-02T19:40:59+00:00,https://bilgewatermarket.com/cards,Wind Wall,foil,1.31,https://bilgewatermarket.com/cards/OGN-064?print_variation=foiled,foiled,https://bilgewatermarket.com/assets/OGN-064-EN-BzgoIfiA.jpg,¥3.89,$1.31,,Wind Wall OGN-064/298 Foiled CN ¥3.89 EN $1.31
2026-09-02T19:40:59+00:00,https://bilgewatermarket.com/cards,Wind Wall,nonfoil,0.35,https://bilgewatermarket.com/cards/OGN-064,normal,https://bilgewatermarket.com/assets/OGN-064-EN-BzgoIfiA.jpg,¥1.70,$0.35,,Wind Wall OGN-064/298 CN ¥1.70 EN $0.35
2026-09-02T19:40:59+00:00,https://bilgewatermarket.com/cards,Wizened Elder,foil,0.30,https://bilgewatermarket.com/cards/OGN-065?print_variation=foiled,foiled,https://bilgewatermarket.com/assets/OGN-065-EN-C7EcZEhm.jpg,¥0.57,$0.30,,Wizened Elder OGN-065/298 Foiled CN ¥0.57 EN $0.30
2026-09-02T19:40:59+00:00,https://bilgewatermarket.com/cards,Wizened Elder,nonfoil,0.07,https://bilgewatermarket.com/cards/OGN-065,normal,https://bilgewatermarket.com/assets/OGN-065-EN-C7EcZEhm.jpg,¥0.50,$0.07,,Wizened Elder OGN-065/298 CN ¥0.50 EN $0.07
2026-09-02T19:40:59+00:00,https://bilgewatermarket.com/cards,"Ahri, Alluring",nonfoil,1.07,https://bilgewatermarket.com/cards/OGN-066,normal,https://bilgewatermarket.com/assets/OGN-066-EN-BY0yc6yP.jpg,¥0.81,$1.07,,"Ahri, Alluring OGN-066/298 CN ¥0.81 EN $1.07"
2026-09-02T19:40:59+00:00,https://bilgewatermarket.com/cards,"Ahri, Alluring",nonfoil,6.97,https://bilgewatermarket.com/cards/OGN-066a?print_variation=showcase,showcase,https://bilgewatermarket.com/assets/OGN-066a-EN-OC0v6VT_.jpg,¥5.13,$6.97,,"Ahri, Alluring OGN-066A/298 Showcase CN ¥5.13 EN $6.97"
2026-09-02T19:40:59+00:00,https://bilgewatermarket.com/cards,"Blitzcrank, Impassive",nonfoil,0.89,https://bilgewatermarket.com/cards/OGN-067,normal,https://bilgewatermarket.com/assets/OGN-067-EN-CgIzwKMa.jpg,¥1.76,$0.89,,"Blitzcrank, Impassive OGN-067/298 CN ¥1.76 EN $0.89"
2026-09-02T19:40:59+00:00,https://bilgewatermarket.com/cards,"Caitlyn, Patrolling",nonfoil,0.27,https://bilgewatermarket.com/cards/OGN-068,normal,https://bilgewatermarket.com/assets/OGN-068-EN-Dk6b3UNQ.jpg,¥0.52,$0.27,,"Caitlyn, Patrolling OGN-068/298 CN ¥0.52 EN $0.27"
2026-09-02T19:40:59+00:00,https://bilgewatermarket.com/cards,Last Stand,nonfoil,0.27,https://bilgewatermarket.com/cards/OGN-069,normal,https://bilgewatermarket.com/assets/OGN-069-EN-DmgW6lhG.jpg,¥0.62,$0.27,,Last Stand OGN-069/298 CN ¥0.62 EN $0.27
2026-09-02T19:40:59+00:00,https://bilgewatermarket.com/cards,Mageseeker Warden,nonfoil,0.19,https://bilgewatermarket.com/cards/OGN-070,normal,https://bilgewatermarket.com/assets/OGN-070-EN-BR4189d0.jpg,¥0.59,$0.19,,Mageseeker Warden OGN-070/298 CN ¥0.59 EN $0.19
2026-09-02T19:40:59+00:00,https://bilgewatermarket.com/cards,Party Favors,nonfoil,0.30,https://bilgewatermarket.com/cards/OGN-071,normal,https://bilgewatermarket.com/assets/OGN-071-EN-BWQurWjG.jpg,¥0.57,$0.30,,Party Favors OGN-071/298 CN ¥0.57 EN $0.30
2026-09-02T19:40:59+00:00,https://bilgewatermarket.com/cards,Solari Shrine,nonfoil,0.14,https://bilgewatermarket.com/cards/OGN-072,normal,https://bilgewatermarket.com/assets/OGN-072-EN-CADYZPrn.jpg,¥0.51,$0.14,,Solari Shrine OGN-072/298 CN ¥0.51 EN $0.14
2026-09-02T19:40:59+00:00,https://bilgewatermarket.com/cards,"Sona, Harmonious",nonfoil,2.97,https://bilgewatermarket.com/cards/OGN-073,normal,https://bilgewatermarket.com/assets/OGN-073-EN-DChVgKOm.jpg,¥4.03,$2.97,,"Sona, Harmonious OGN-073/298 CN ¥4.03 EN $2.97"
2026-09-02T19:40:59+00:00,https://bilgewatermarket.com/cards,"Taric, Protector",nonfoil,0.32,https://bilgewatermarket.com/cards/OGN-074,normal,https://bilgewatermarket.com/assets/OGN-074-EN-BVr5C19U.jpg,¥0.51,$0.32,,"Taric, Protector OGN-074/298 CN ¥0.51 EN $0.32"
2026-09-02T19:40:59+00:00,https://bilgewatermarket.com/cards,Tasty Faefolk,nonfoil,1.54,https://bilgewatermarket.com/cards/OGN-075,normal,https://bilgewatermarket.com/assets/OGN-075-EN-DFI4LRcK.jpg,¥3.19,$1.54,,Tasty Faefolk OGN-075/298 CN ¥3.19 EN $1.54
2026-09-02T19:40:59+00:00,https://bilgewatermarket.com/cards,"Yasuo, Remorseful",nonfoil,0.36,https://bilgewatermarket.com/cards/OGN-076,normal,https://bilgewatermarket.com/assets/OGN-076-EN-DrNNyzed.jpg,¥0.62,$0.36,,"Yasuo, Remorseful OGN-076/298 CN ¥0.62 EN $0.36"
2026-09-02T19:40:59+00:00,https://bilgewatermarket.com/cards,"Yasuo, Remorseful",nonfoil,3.23,https://bilgewatermarket.com/cards/OGN-076a?print_variation=showcase,showcase,https://bilgewatermarket.com/assets/OGN-076a-EN-DmEikyT8.jpg,¥4.19,$3.23,,"Yasuo, Remorseful OGN-076A/298 Showcase CN ¥4.19 EN $3.23"
2026-09-02T19:40:59+00:00,https://bilgewatermarket.com/cards,Zhonya's Hourglass,nonfoil,14.52,https://bilgewatermarket.com/cards/OGN-077,normal,https://bilgewatermarket.com/assets/OGN-077-EN-Zf5_XWjb.jpg,¥18.24,$14.52,,Zhonya's Hourglass OGN-077/298 CN ¥18.24 EN $14.52
2026-09-02T19:40:59+00:00,https://bilgewatermarket.com/cards,"Lee Sin, Ascetic",nonfoil,0.87,https://bilgewatermarket.com/cards/OGN-078,normal,https://bilgewatermarket.com/assets/OGN-078-EN-CZaJpprN.jpg,¥0.66,$0.87,,"Lee Sin, Ascetic OGN-078/298 CN ¥0.66 EN $0.87"
2026-09-02T19:40:59+00:00,https://bilgewatermarket.com/cards,"Lee Sin, Ascetic",nonfoil,4.21,https://bilgewatermarket.com/cards/OGN-078a?print_variation=showcase,showcase,https://bilgewatermarket.com/assets/OGN-078a-EN-Di8r7jOp.jpg,¥3.99,$4.21,,"Lee Sin, Ascetic OGN-078A/298 Showcase CN ¥3.99 EN $4.21"
2026-09-02T19:40:59+00:00,https://bilgewatermarket.com/cards,"Leona, Zealot",nonfoil,2.18,https://bilgewatermarket.com/cards/OGN-079,normal,https://bilgewatermarket.com/assets/OGN-079-EN-BoBjRdXU.jpg,¥2.28,$2.18,,"Leona, Zealot OGN-079/298 CN ¥2.28 EN $2.18"
2026-09-02T19:40:59+00:00,https://bilgewatermarket.com/cards,"Leona, Zealot",nonfoil,8.07,https://bilgewatermarket.com/cards/OGN-079a?print_variation=showcase,showcase,https://bilgewatermarket.com/assets/OGN-079a-EN-CB28OBJG.jpg,¥5.40,$8.07,,"Leona, Zealot OGN-079A/298 Showcase CN ¥5.40 EN $8.07"
2026-09-02T19:40:59+00:00,https://bilgewatermarket.com/cards,Mystic Reversal,nonfoil,1.22,https://bilgewatermarket.com/cards/OGN-080,normal,https://bilgewatermarket.com/assets/OGN-080-EN-2k_apxx5.jpg,¥4.51,$1.22,,Mystic Reversal OGN-080/298 CN ¥4.51 EN $1.22
2026-09-02T19:40:59+00:00,https://bilgewatermarket.com/cards,Seal of Focus,nonfoil,21.14,https://bilgewatermarket.com/cards/OGN-081,normal,https://bilgewatermarket.com/assets/OGN-081-EN-Dr8YMMHZ.jpg,¥42.14,$21.14,,Seal of Focus OGN-081/298 CN ¥42.14 EN $21.14
2026-09-02T19:40:59+00:00,https://bilgewatermarket.com/cards,Whiteflame Protector,nonfoil,4.03,https://bilgewatermarket.com/cards/OGN-082,normal,https://bilgewatermarket.com/assets/OGN-082-EN-DVApG5EI.jpg,¥43.90,$4.03,,Whiteflame Protector OGN-082/298 CN ¥43.90 EN $4.03
2026-09-02T19:40:59+00:00,https://bilgewatermarket.com/cards,Consult the Past,foil,0.51,https://bilgewatermarket.com/cards/OGN-083?print_variation=foiled,foiled,https://bilgewatermarket.com/assets/OGN-083-EN-DhpnLxfd.jpg,¥1.59,$0.51,,Consult the Past OGN-083/298 Foiled CN ¥1.59 EN $0.51
2026-09-02T19:40:59+00:00,https://bilgewatermarket.com/cards,Consult the Past,nonfoil,0.18,https://bilgewatermarket.com/cards/OGN-083,normal,https://bilgewatermarket.com/assets/OGN-083-EN-DhpnLxfd.jpg,¥0.59,$0.18,,Consult the Past OGN-083/298 CN ¥0.59 EN $0.18
2026-09-02T19:40:59+00:00,https://bilgewatermarket.com/cards,Eager Apprentice,foil,0.22,https://bilgewatermarket.com/cards/OGN-084?print_variation=foiled,foiled,https://bilgewatermarket.com/assets/OGN-084-EN-BifUH9J9.jpg,¥1.00,$0.22,,Eager Apprentice OGN-084/298 Foiled CN ¥1.00 EN $0.22
2026-09-02T19:40:59+00:00,https://bilgewatermarket.com/cards,Eager Apprentice,nonfoil,0.06,https://bilgewatermarket.com/cards/OGN-084,normal,https://bilgewatermarket.com/assets/OGN-084-EN-BifUH9J9.jpg,¥0.50,$0.06,,Eager Apprentice OGN-084/298 CN ¥0.50 EN $0.06
2026-09-02T19:40:59+00:00,https://bilgewatermarket.com/cards,Falling Comet,foil,0.34,https://bilgewatermarket.com/cards/OGN-085?print_variation=foiled,foiled,https://bilgewatermarket.com/assets/OGN-085-EN-DzWhD4WI.jpg,¥1.02,$0.34,,Falling Comet OGN-085/298 Foiled CN ¥1.02 EN $0.34
2026-09-02T19:40:59+00:00,https://bilgewatermarket.com/cards,Falling Comet,nonfoil,0.13,https://bilgewatermarket.com/cards/OGN-085,normal,https://bilgewatermarket.com/assets/OGN-085-EN-DzWhD4WI.jpg,¥0.51,$0.13,,Falling Comet OGN-085/298 CN ¥0.51 EN $0.13
2026-09-02T19:40:59+00:00,https://bilgewatermarket.com/cards,Jeweled Colossus,foil,0.12,https://bilgewatermarket.com/cards/OGN-086?print_variation=foiled,foiled,https://bilgewatermarket.com/assets/OGN-086-EN-DYNY-eHf.jpg,¥0.50,$0.12,,Jeweled Colossus OGN-086/298 Foiled CN ¥0.50 EN $0.12
2026-09-02T19:40:59+00:00,https://bilgewatermarket.com/cards,Jeweled Colossus,nonfoil,0.05,https://bilgewatermarket.com/cards/OGN-086,normal,https://bilgewatermarket.com/assets/OGN-086-EN-DYNY-eHf.jpg,¥0.50,$0.05,,Jeweled Colossus OGN-086/298 CN ¥0.50 EN $0.05
2026-09-02T19:40:59+00:00,https://bilgewatermarket.com/cards,Lecturing Yordle,foil,0.58,https://bilgewatermarket.com/cards/OGN-087?print_variation=foiled,foiled,https://bilgewatermarket.com/assets/OGN-087-EN-DGBNwcDu.jpg,¥1.57,$0.58,,Lecturing Yordle OGN-087/298 Foiled CN ¥1.57 EN $0.58
2026-09-02T19:40:59+00:00,https://bilgewatermarket.com/cards,Lecturing Yordle,nonfoil,0.14,https://bilgewatermarket.com/cards/OGN-087,normal,https://bilgewatermarket.com/assets/OGN-087-EN-DGBNwcDu.jpg,¥0.56,$0.14,,Lecturing Yordle OGN-087/298 CN ¥0.56 EN $0.14
2026-09-02T19:40:59+00:00,https://bilgewatermarket.com/cards,Mega-Mech,foil,0.18,https://bilgewatermarket.com/cards/OGN-088?print_variation=foiled,foiled,https://bilgewatermarket.com/assets/OGN-088-EN-TD_Etx_k.jpg,¥0.65,$0.18,,Mega-Mech OGN-088/298 Foiled CN ¥0.65 EN $0.18
2026-09-02T19:40:59+00:00,https://bilgewatermarket.com/cards,Mega-Mech,nonfoil,0.03,https://bilgewatermarket.com/cards/OGN-088,normal,https://bilgewatermarket.com/assets/OGN-088-EN-TD_Etx_k.jpg,¥0.50,$0.03,,Mega-Mech OGN-088/298 CN ¥0.50 EN $0.03
2026-09-02T19:40:59+00:00,https://bilgewatermarket.com/cards,Mind Rune,nonfoil,0.14,https://bilgewatermarket.com/cards/OGN-089,normal,https://bilgewatermarket.com/assets/OGN-089-EN-DHoWUue_.jpg,¥0.51,$0.14,,Mind Rune OGN-089/298 CN ¥0.51 EN $0.14
2026-09-02T19:40:59+00:00,https://bilgewatermarket.com/cards,Mind Rune,nonfoil,5.58,https://bilgewatermarket.com/cards/OGN-089a?print_variation=showcase,showcase,https://bilgewatermarket.com/assets/OGN-089a-EN-DYFStnqJ.jpg,¥41.86,$5.58,,Mind Rune OGN-089A/298 Showcase CN ¥41.86 EN $5.58
2026-09-02T19:40:59+00:00,https://bilgewatermarket.com/cards,Orb of Regret,foil,0.21,https://bilgewatermarket.com/cards/OGN-090?print_variation=foiled,foiled,https://bilgewatermarket.com/assets/OGN-090-EN-CeXD-Fvm.jpg,¥0.61,$0.21,,Orb of Regret OGN-090/298 Foiled CN ¥0.61 EN $0.21
2026-09-02T19:40:59+00:00,https://bilgewatermarket.com/cards,Orb of Regret,nonfoil,0.09,https://bilgewatermarket.com/cards/OGN-090,normal,https://bilgewatermarket.com/assets/OGN-090-EN-CeXD-Fvm.jpg,¥0.51,$0.09,,Orb of Regret OGN-090/298 CN ¥0.51 EN $0.09
2026-09-02T19:40:59+00:00,https://bilgewatermarket.com/cards,Pit Crew,foil,0.45,https://bilgewatermarket.com/cards/OGN-091?print_variation=foiled,foiled,https://bilgewatermarket.com/assets/OGN-091-EN-BUVRYDzB.jpg,¥0.71,$0.45,,Pit Crew OGN-091/298 Foiled CN ¥0.71 EN $0.45
2026-09-02T19:40:59+00:00,https://bilgewatermarket.com/cards,Pit Crew,nonfoil,0.15,https://bilgewatermarket.com/cards/OGN-091,normal,https://bilgewatermarket.com/assets/OGN-091-EN-BUVRYDzB.jpg,¥0.65,$0.15,,Pit Crew OGN-091/298 CN ¥0.65 EN $0.15
2026-09-02T19:40:59+00:00,https://bilgewatermarket.com/cards,Riptide Rex,foil,0.26,https://bilgewatermarket.com/cards/OGN-092?print_variation=foiled,foiled,https://bilgewatermarket.com/assets/OGN-092-EN-DPuXx4Kn.jpg,¥0.52,$0.26,,Riptide Rex OGN-092/298 Foiled CN ¥0.52 EN $0.26
2026-09-02T19:40:59+00:00,https://bilgewatermarket.com/cards,Riptide Rex,nonfoil,0.15,https://bilgewatermarket.com/cards/OGN-092,normal,https://bilgewatermarket.com/assets/OGN-092-EN-DPuXx4Kn.jpg,¥0.51,$0.15,,Riptide Rex OGN-092/298 CN ¥0.51 EN $0.15
2026-09-02T19:40:59+00:00,https://bilgewatermarket.com/cards,Smoke Screen,foil,0.69,https://bilgewatermarket.com/cards/OGN-093?print_variation=foiled,foiled,https://bilgewatermarket.com/assets/OGN-093-EN-0MXm5THl.jpg,¥1.73,$0.69,,Smoke Screen OGN-093/298 Foiled CN ¥1.73 EN $0.69
2026-09-02T19:40:59+00:00,https://bilgewatermarket.com/cards,Smoke Screen,nonfoil,0.22,https://bilgewatermarket.com/cards/OGN-093,normal,https://bilgewatermarket.com/assets/OGN-093-EN-0MXm5THl.jpg,¥0.55,$0.22,,Smoke Screen OGN-093/298 CN ¥0.55 EN $0.22
2026-09-02T19:40:59+00:00,https://bilgewatermarket.com/cards,Sprite Call,foil,0.36,https://bilgewatermarket.com/cards/OGN-094?print_variation=foiled,foiled,https://bilgewatermarket.com/assets/OGN-094-EN-BwyfJ_lY.jpg,¥0.90,$0.36,,Sprite Call OGN-094/298 Foiled CN ¥0.90 EN $0.36
2026-09-02T19:40:59+00:00,https://bilgewatermarket.com/cards,Sprite Call,nonfoil,0.15,https://bilgewatermarket.com/cards/OGN-094,normal,https://bilgewatermarket.com/assets/OGN-094-EN-BwyfJ_lY.jpg,¥0.50,$0.15,,Sprite Call OGN-094/298 CN ¥0.50 EN $0.15
2026-09-02T19:40:59+00:00,https://bilgewatermarket.com/cards,Stupefy,foil,1.18,https://bilgewatermarket.com/cards/OGN-095?print_variation=foiled,foiled,https://bilgewatermarket.com/assets/OGN-095-EN-CtNr8Slm.jpg,¥4.45,$1.18,,Stupefy OGN-095/298 Foiled CN ¥4.45 EN $1.18
2026-09-02T19:40:59+00:00,https://bilgewatermarket.com/cards,Stupefy,nonfoil,0.29,https://bilgewatermarket.com/cards/OGN-095,normal,https://bilgewatermarket.com/assets/OGN-095-EN-CtNr8Slm.jpg,¥0.64,$0.29,,Stupefy OGN-095/298 CN ¥0.64 EN $0.29
2026-09-02T19:40:59+00:00,https://bilgewatermarket.com/cards,Watchful Sentry,foil,1.37,https://bilgewatermarket.com/cards/OGN-096?print_variation=foiled,foiled,https://bilgewatermarket.com/assets/OGN-096-EN-B9kIqTtT.jpg,¥2.40,$1.37,,Watchful Sentry OGN-096/298 Foiled CN ¥2.40 EN $1.37
2026-09-02T19:40:59+00:00,https://bilgewatermarket.com/cards,Watchful Sentry,nonfoil,0.16,https://bilgewatermarket.com/cards/OGN-096,normal,https://bilgewatermarket.com/assets/OGN-096-EN-B9kIqTtT.jpg,¥0.59,$0.16,,Watchful Sentry OGN-096/298 CN ¥0.59 EN $0.16
2026-09-02T19:40:59+00:00,https://bilgewatermarket.com/cards,Blastcone Fae,foil,0.35,https://bilgewatermarket.com/cards/OGN-097?print_variation=foiled,foiled,https://bilgewatermarket.com/assets/OGN-097-EN-B_XweSz_.jpg,¥1.60,$0.35,,Blastcone Fae OGN-097/298 Foiled CN ¥1.60 EN $0.35
2026-09-02T19:40:59+00:00,https://bilgewatermarket.com/cards,Blastcone Fae,nonfoil,0.17,https://bilgewatermarket.com/cards/OGN-097,normal,https://bilgewatermarket.com/assets/OGN-097-EN-B_XweSz_.jpg,¥0.54,$0.17,,Blastcone Fae OGN-097/298 CN ¥0.54 EN $0.17
2026-09-02T19:40:59+00:00,https://bilgewatermarket.com/cards,Energy Conduit,foil,0.42,https://bilgewatermarket.com/cards/OGN-098?print_variation=foiled,foiled,https://bilgewatermarket.com/assets/OGN-098-EN-C8n-X9rF.jpg,¥1.63,$0.42,,Energy Conduit OGN-098/298 Foiled CN ¥1.63 EN $0.42
2026-09-02T19:40:59+00:00,https://bilgewatermarket.com/cards,Energy Conduit,nonfoil,0.15,https://bilgewatermarket.com/cards/OGN-098,normal,https://bilgewatermarket.com/assets/OGN-098-EN-C8n-X9rF.jpg,¥0.75,$0.15,,Energy Conduit OGN-098/298 CN ¥0.75 EN $0.15
2026-09-02T19:40:59+00:00,https://bilgewatermarket.com/cards,Garbage Grabber,foil,0.96,https://bilgewatermarket.com/cards/OGN-099?print_variation=foiled,foiled,https://bilgewatermarket.com/assets/OGN-099-EN-B-yEh45K.jpg,¥1.79,$0.96,,Garbage Grabber OGN-099/298 Foiled CN ¥1.79 EN $0.96
2026-09-02T19:40:59+00:00,https://bilgewatermarket.com/cards,Garbage Grabber,nonfoil,0.23,https://bilgewatermarket.com/cards/OGN-099,normal,https://bilgewatermarket.com/assets/OGN-099-EN-B-yEh45K.jpg,¥0.58,$0.23,,Garbage Grabber OGN-099/298 CN ¥0.58 EN $0.23
2026-09-02T19:40:59+00:00,https://bilgewatermarket.com/cards,Gemcraft Seer,foil,0.28,https://bilgewatermarket.com/cards/OGN-100?print_variation=foiled,foiled,https://bilgewatermarket.com/assets/OGN-100-EN-DxjLdwzc.jpg,¥0.50,$0.28,,Gemcraft Seer OGN-100/298 Foiled CN ¥0.50 EN $0.28
2026-09-02T19:40:59+00:00,https://bilgewatermarket.com/cards,Gemcraft Seer,nonfoil,0.11,https://bilgewatermarket.com/cards/OGN-100,normal,https://bilgewatermarket.com/assets/OGN-100-EN-DxjLdwzc.jpg,¥0.50,$0.11,,Gemcraft Seer OGN-100/298 CN ¥0.50 EN $0.11
2026-09-02T19:40:59+00:00,https://bilgewatermarket.com/cards,Mushroom Pouch,foil,0.31,https://bilgewatermarket.com/cards/OGN-101?print_variation=foiled,foiled,https://bilgewatermarket.com/assets/OGN-101-EN-CWwCEjEI.jpg,¥0.53,$0.31,,Mushroom Pouch OGN-101/298 Foiled CN ¥0.53 EN $0.31
2026-09-02T19:40:59+00:00,https://bilgewatermarket.com/cards,Mushroom Pouch,nonfoil,0.10,https://bilgewatermarket.com/cards/OGN-101,normal,https://bilgewatermarket.com/assets/OGN-101-EN-CWwCEjEI.jpg,¥0.50,$0.10,,Mushroom Pouch OGN-101/298 CN ¥0.50 EN $0.10
2026-09-02T19:40:59+00:00,https://bilgewatermarket.com/cards,Portal Rescue,foil,0.40,https://bilgewatermarket.com/cards/OGN-102?print_variation=foiled,foiled,https://bilgewatermarket.com/assets/OGN-102-EN-BR2MQkl0.jpg,¥0.66,$0.40,,Portal Rescue OGN-102/298 Foiled CN ¥0.66 EN $0.40
2026-09-02T19:40:59+00:00,https://bilgewatermarket.com/cards,Portal Rescue,nonfoil,0.15,https://bilgewatermarket.com/cards/OGN-102,normal,https://bilgewatermarket.com/assets/OGN-102-EN-BR2MQkl0.jpg,¥0.51,$0.15,,Portal Rescue OGN-102/298 CN ¥0.51 EN $0.15
2026-09-02T19:40:59+00:00,https://bilgewatermarket.com/cards,Ravenbloom Student,foil,0.52,https://bilgewatermarket.com/cards/OGN-103?print_variation=foiled,foiled,https://bilgewatermarket.com/assets/OGN-103-EN-DeYVHEQI.jpg,¥4.84,$0.52,,Ravenbloom Student OGN-103/298 Foiled CN ¥4.84 EN $0.52
2026-09-02T19:40:59+00:00,https://bilgewatermarket.com/cards,Ravenbloom Student,nonfoil,0.36,https://bilgewatermarket.com/cards/OGN-103,normal,https://bilgewatermarket.com/assets/OGN-103-EN-DeYVHEQI.jpg,¥1.16,$0.36,,Ravenbloom Student OGN-103/298 CN ¥1.16 EN $0.36
2026-09-02T19:40:59+00:00,https://bilgewatermarket.com/cards,Retreat,foil,2.40,https://bilgewatermarket.com/cards/OGN-104?print_variation=foiled,foiled,https://bilgewatermarket.com/assets/OGN-104-EN-RYDY4hXn.jpg,¥7.64,$2.40,,Retreat OGN-104/298 Foiled CN ¥7.64 EN $2.40
2026-09-02T19:40:59+00:00,https://bilgewatermarket.com/cards,Retreat,nonfoil,0.81,https://bilgewatermarket.com/cards/OGN-104,normal,https://bilgewatermarket.com/assets/OGN-104-EN-RYDY4hXn.jpg,¥3.17,$0.81,,Retreat OGN-104/298 CN ¥3.17 EN $0.81
2026-09-02T19:40:59+00:00,https://bilgewatermarket.com/cards,Singularity,foil,5.10,https://bilgewatermarket.com/cards/OGN-105?print_variation=foiled,foiled,https://bilgewatermarket.com/assets/OGN-105-EN--OTQ4mof.jpg,¥8.95,$5.10,,Singularity OGN-105/298 Foiled CN ¥8.95 EN $5.10
2026-09-02T19:40:59+00:00,https://bilgewatermarket.com/cards,Singularity,nonfoil,1.25,https://bilgewatermarket.com/cards/OGN-105,normal,https://bilgewatermarket.com/assets/OGN-105-EN--OTQ4mof.jpg,¥2.05,$1.25,,Singularity OGN-105/298 CN ¥2.05 EN $1.25
2026-09-02T19:40:59+00:00,https://bilgewatermarket.com/cards,Sprite Mother,foil,0.51,https://bilgewatermarket.com/cards/OGN-106?print_variation=foiled,foiled,https://bilgewatermarket.com/assets/OGN-106-EN-DR2N5mxI.jpg,¥2.18,$0.51,,Sprite Mother OGN-106/298 Foiled CN ¥2.18 EN $0.51
2026-09-02T19:40:59+00:00,https://bilgewatermarket.com/cards,Sprite Mother,nonfoil,0.24,https://bilgewatermarket.com/cards/OGN-106,normal,https://bilgewatermarket.com/assets/OGN-106-EN-DR2N5mxI.jpg,¥1.27,$0.24,,Sprite Mother OGN-106/298 CN ¥1.27 EN $0.24
2026-09-02T19:40:59+00:00,https://bilgewatermarket.com/cards,Ava Achiever,nonfoil,0.20,https://bilgewatermarket.com/cards/OGN-107,normal,https://bilgewatermarket.com/assets/OGN-107-EN-CPwOAp73.jpg,¥0.51,$0.20,,Ava Achiever OGN-107/298 CN ¥0.51 EN $0.20
2026-09-02T19:40:59+00:00,https://bilgewatermarket.com/cards,Convergent Mutation,nonfoil,0.17,https://bilgewatermarket.com/cards/OGN-108,normal,https://bilgewatermarket.com/assets/OGN-108-EN-hFPCUCet.jpg,¥0.54,$0.17,,Convergent Mutation OGN-108/298 CN ¥0.54 EN $0.17
2026-09-02T19:40:59+00:00,https://bilgewatermarket.com/cards,"Dr. Mundo, Expert",nonfoil,0.34,https://bilgewatermarket.com/cards/OGN-109,normal,https://bilgewatermarket.com/assets/OGN-109-EN-Cv8u59f1.jpg,¥1.57,$0.34,,"Dr. Mundo, Expert OGN-109/298 CN ¥1.57 EN $0.34"
2026-09-02T19:40:59+00:00,https://bilgewatermarket.com/cards,"Ekko, Recurrent",nonfoil,1.01,https://bilgewatermarket.com/cards/OGN-110,normal,https://bilgewatermarket.com/assets/OGN-110-EN-CB0FSRr-.jpg,¥1.21,$1.01,,"Ekko, Recurrent OGN-110/298 CN ¥1.21 EN $1.01"
2026-09-02T19:40:59+00:00,https://bilgewatermarket.com/cards,"Heimerdinger, Inventor",nonfoil,0.31,https://bilgewatermarket.com/cards/OGN-111,normal,https://bilgewatermarket.com/assets/OGN-111-EN-UiOUfm7b.jpg,¥0.58,$0.31,,"Heimerdinger, Inventor OGN-111/298 CN ¥0.58 EN $0.31"
2026-09-02T19:40:59+00:00,https://bilgewatermarket.com/cards,"Kai'Sa, Evolutionary",nonfoil,0.38,https://bilgewatermarket.com/cards/OGN-112,normal,https://bilgewatermarket.com/assets/OGN-112-EN-pR5YQL4o.jpg,¥0.58,$0.38,,"Kai'Sa, Evolutionary OGN-112/298 CN ¥0.58 EN $0.38"
2026-09-02T19:40:59+00:00,https://bilgewatermarket.com/cards,"Kai'Sa, Evolutionary",nonfoil,3.05,https://bilgewatermarket.com/cards/OGN-112a?print_variation=showcase,showcase,https://bilgewatermarket.com/assets/OGN-112a-EN-BZk0gc8u.jpg,¥3.68,$3.05,,"Kai'Sa, Evolutionary OGN-112A/298 Showcase CN ¥3.68 EN $3.05"
2026-09-02T19:40:59+00:00,https://bilgewatermarket.com/cards,"Malzahar, Fanatic",nonfoil,0.25,https://bilgewatermarket.com/cards/OGN-113,normal,https://bilgewatermarket.com/assets/OGN-113-EN-C8ucMBPU.jpg,¥0.52,$0.25,,"Malzahar, Fanatic OGN-113/298 CN ¥0.52 EN $0.25"
2026-09-02T19:40:59+00:00,https://bilgewatermarket.com/cards,Progress Day,nonfoil,1.26,https://bilgewatermarket.com/cards/OGN-114,normal,https://bilgewatermarket.com/assets/OGN-114-EN-CHuZmDpj.jpg,¥1.79,$1.26,,Progress Day OGN-114/298 CN ¥1.79 EN $1.26
2026-09-02T19:40:59+00:00,https://bilgewatermarket.com/cards,Promising Future,nonfoil,1.06,https://bilgewatermarket.com/cards/OGN-115,normal,https://bilgewatermarket.com/assets/OGN-115-EN-DIpKJGn_.jpg,¥0.80,$1.06,,Promising Future OGN-115/298 CN ¥0.80 EN $1.06
2026-09-02T19:40:59+00:00,https://bilgewatermarket.com/cards,Thousand-Tailed Watcher,nonfoil,25.36,https://bilgewatermarket.com/cards/OGN-116,normal,https://bilgewatermarket.com/assets/OGN-116-EN-C_i1kvXr.jpg,¥42.01,$25.36,,Thousand-Tailed Watcher OGN-116/298 CN ¥42.01 EN $25.36
2026-09-02T19:40:59+00:00,https://bilgewatermarket.com/cards,"Viktor, Innovator",nonfoil,0.23,https://bilgewatermarket.com/cards/OGN-117,normal,https://bilgewatermarket.com/assets/OGN-117-EN-BxNsPZZV.jpg,¥0.52,$0.23,,"Viktor, Innovator OGN-117/298 CN ¥0.52 EN $0.23"
2026-09-02T19:40:59+00:00,https://bilgewatermarket.com/cards,"Viktor, Innovator",nonfoil,1.60,https://bilgewatermarket.com/cards/OGN-117a?print_variation=showcase,showcase,https://bilgewatermarket.com/assets/OGN-117a-EN-CSsqftUO.jpg,¥3.25,$1.60,,"Viktor, Innovator OGN-117A/298 Showcase CN ¥3.25 EN $1.60"
2026-09-02T19:40:59+00:00,https://bilgewatermarket.com/cards,Wraith of Echoes,nonfoil,0.16,https://bilgewatermarket.com/cards/OGN-118,normal,https://bilgewatermarket.com/assets/OGN-118-EN-BmNFAs5c.jpg,¥0.50,$0.16,,Wraith of Echoes OGN-118/298 CN ¥0.50 EN $0.16
2026-09-02T19:40:59+00:00,https://bilgewatermarket.com/cards,"Ahri, Inquisitive",nonfoil,7.35,https://bilgewatermarket.com/cards/OGN-119,normal,https://bilgewatermarket.com/assets/OGN-119-EN-B_QdSctH.jpg,¥3.39,$7.35,,"Ahri, Inquisitive OGN-119/298 CN ¥3.39 EN $7.35"
2026-09-02T19:40:59+00:00,https://bilgewatermarket.com/cards,"Ahri, Inquisitive",nonfoil,15.71,https://bilgewatermarket.com/cards/OGN-119a?print_variation=showcase,showcase,https://bilgewatermarket.com/assets/OGN-119a-EN-dPXgEKTC.jpg,¥7.36,$15.71,,"Ahri, Inquisitive OGN-119A/298 Showcase CN ¥7.36 EN $15.71"
2026-09-02T19:40:59+00:00,https://bilgewatermarket.com/cards,Seal of Insight,nonfoil,14.99,https://bilgewatermarket.com/cards/OGN-120,normal,https://bilgewatermarket.com/assets/OGN-120-EN-aU9mGTwU.jpg,¥34.39,$14.99,,Seal of Insight OGN-120/298 CN ¥34.39 EN $14.99
2026-09-02T19:40:59+00:00,https://bilgewatermarket.com/cards,"Teemo, Strategist",nonfoil,4.47,https://bilgewatermarket.com/cards/OGN-121,normal,https://bilgewatermarket.com/assets/OGN-121-EN-fCse2wPS.jpg,¥2.93,$4.47,,"Teemo, Strategist OGN-121/298 CN ¥2.93 EN $4.47"
2026-09-02T19:40:59+00:00,https://bilgewatermarket.com/cards,"Teemo, Strategist",nonfoil,7.84,https://bilgewatermarket.com/cards/OGN-121a?print_variation=showcase,showcase,https://bilgewatermarket.com/assets/OGN-121a-EN-7BAOu3Lo.jpg,¥5.22,$7.84,,"Teemo, Strategist OGN-121A/298 Showcase CN ¥5.22 EN $7.84"
2026-09-02T19:40:59+00:00,https://bilgewatermarket.com/cards,Time Warp,nonfoil,61.60,https://bilgewatermarket.com/cards/OGN-122,normal,https://bilgewatermarket.com/assets/OGN-122-EN-CYpJs5oO.jpg,¥149.85,$61.60,,Time Warp OGN-122/298 CN ¥149.85 EN $61.60
2026-09-02T19:40:59+00:00,https://bilgewatermarket.com/cards,Unchecked Power,nonfoil,24.98,https://bilgewatermarket.com/cards/OGN-123,normal,https://bilgewatermarket.com/assets/OGN-123-EN-3Jsq-3TO.jpg,¥57.51,$24.98,,Unchecked Power OGN-123/298 CN ¥57.51 EN $24.98
2026-09-02T19:40:59+00:00,https://bilgewatermarket.com/cards,Arena Bar,foil,0.30,https://bilgewatermarket.com/cards/OGN-124?print_variation=foiled,foiled,https://bilgewatermarket.com/assets/OGN-124-EN-Bn1RLhXM.jpg,¥0.81,$0.30,,Arena Bar OGN-124/298 Foiled CN ¥0.81 EN $0.30
2026-09-02T19:40:59+00:00,https://bilgewatermarket.com/cards,Arena Bar,nonfoil,0.09,https://bilgewatermarket.com/cards/OGN-124,normal,https://bilgewatermarket.com/assets/OGN-124-EN-Bn1RLhXM.jpg,¥0.50,$0.09,,Arena Bar OGN-124/298 CN ¥0.50 EN $0.09
2026-09-02T19:40:59+00:00,https://bilgewatermarket.com/cards,Bilgewater Bully,foil,0.11,https://bilgewatermarket.com/cards/OGN-125?print_variation=foiled,foiled,https://bilgewatermarket.com/assets/OGN-125-EN-Y539j_E7.jpg,¥0.50,$0.11,,Bilgewater Bully OGN-125/298 Foiled CN ¥0.50 EN $0.11
2026-09-02T19:40:59+00:00,https://bilgewatermarket.com/cards,Bilgewater Bully,nonfoil,0.04,https://bilgewatermarket.com/cards/OGN-125,normal,https://bilgewatermarket.com/assets/OGN-125-EN-Y539j_E7.jpg,¥0.41,$0.04,,Bilgewater Bully OGN-125/298 CN ¥0.41 EN $0.04
2026-09-02T19:40:59+00:00,https://bilgewatermarket.com/cards,Body Rune,nonfoil,0.11,https://bilgewatermarket.com/cards/OGN-126,normal,https://bilgewatermarket.com/assets/OGN-126-EN-p6xwSh2v.jpg,¥0.51,$0.11,,Body Rune OGN-126/298 CN ¥0.51 EN $0.11
2026-09-02T19:40:59+00:00,https://bilgewatermarket.com/cards,Body Rune,nonfoil,3.43,https://bilgewatermarket.com/cards/OGN-126a?print_variation=showcase,showcase,https://bilgewatermarket.com/assets/OGN-126a-EN-Bg9cEDnt.jpg,¥29.09,$3.43,,Body Rune OGN-126A/298 Showcase CN ¥29.09 EN $3.43
2026-09-02T19:40:59+00:00,https://bilgewatermarket.com/cards,Cannon Barrage,foil,0.23,https://bilgewatermarket.com/cards/OGN-127?print_variation=foiled,foiled,https://bilgewatermarket.com/assets/OGN-127-EN-CRCmlV7f.jpg,¥0.50,$0.23,,Cannon Barrage OGN-127/298 Foiled CN ¥0.50 EN $0.23
2026-09-02T19:40:59+00:00,https://bilgewatermarket.com/cards,Cannon Barrage,nonfoil,0.09,https://bilgewatermarket.com/cards/OGN-127,normal,https://bilgewatermarket.com/assets/OGN-127-EN-CRCmlV7f.jpg,¥0.50,$0.09,,Cannon Barrage OGN-127/298 CN ¥0.50 EN $0.09
2026-09-02T19:40:59+00:00,https://bilgewatermarket.com/cards,Challenge,foil,0.57,https://bilgewatermarket.com/cards/OGN-128?print_variation=foiled,foiled,https://bilgewatermarket.com/assets/OGN-128-EN-C2aYTblP.jpg,¥2.14,$0.57,,Challenge OGN-128/298 Foiled CN ¥2.14 EN $0.57
2026-09-02T19:40:59+00:00,https://bilgewatermarket.com/cards,Challenge,nonfoil,0.28,https://bilgewatermarket.com/cards/OGN-128,normal,https://bilgewatermarket.com/assets/OGN-128-EN-C2aYTblP.jpg,¥0.56,$0.28,,Challenge OGN-128/298 CN ¥0.56 EN $0.28
2026-09-02T19:40:59+00:00,https://bilgewatermarket.com/cards,Confront,foil,0.27,https://bilgewatermarket.com/cards/OGN-129?print_variation=foiled,foiled,https://bilgewatermarket.com/assets/OGN-129-EN-DfsM32NF.jpg,¥1.17,$0.27,,Confront OGN-129/298 Foiled CN ¥1.17 EN $0.27
2026-09-02T19:40:59+00:00,https://bilgewatermarket.com/cards,Confront,nonfoil,0.08,https://bilgewatermarket.com/cards/OGN-129,normal,https://bilgewatermarket.com/assets/OGN-129-EN-DfsM32NF.jpg,¥0.51,$0.08,,Confront OGN-129/298 CN ¥0.51 EN $0.08
2026-09-02T19:40:59+00:00,https://bilgewatermarket.com/cards,Crackshot Corsair,foil,0.15,https://bilgewatermarket.com/cards/OGN-130?print_variation=foiled,foiled,https://bilgewatermarket.com/assets/OGN-130-EN-CzuhMf0J.jpg,¥0.50,$0.15,,Crackshot Corsair OGN-130/298 Foiled CN ¥0.50 EN $0.15
2026-09-02T19:40:59+00:00,https://bilgewatermarket.com/cards,Crackshot Corsair,nonfoil,0.05,https://bilgewatermarket.com/cards/OGN-130,normal,https://bilgewatermarket.com/assets/OGN-130-EN-CzuhMf0J.jpg,¥0.50,$0.05,,Crackshot Corsair OGN-130/298 CN ¥0.50 EN $0.05
2026-09-02T19:40:59+00:00,https://bilgewatermarket.com/cards,Dune Drake,foil,0.25,https://bilgewatermarket.com/cards/OGN-131?print_variation=foiled,foiled,https://bilgewatermarket.com/assets/OGN-131-EN-DPt8LDDy.jpg,¥0.50,$0.25,,Dune Drake OGN-131/298 Foiled CN ¥0.50 EN $0.25
2026-09-02T19:40:59+00:00,https://bilgewatermarket.com/cards,Dune Drake,nonfoil,0.06,https://bilgewatermarket.com/cards/OGN-131,normal,https://bilgewatermarket.com/assets/OGN-131-EN-DPt8LDDy.jpg,¥0.50,$0.06,,Dune Drake OGN-131/298 CN ¥0.50 EN $0.06
2026-09-02T19:40:59+00:00,https://bilgewatermarket.com/cards,First Mate,foil,1.96,https://bilgewatermarket.com/cards/OGN-132?print_variation=foiled,foiled,https://bilgewatermarket.com/assets/OGN-132-EN-e2BzL9rM.jpg,¥3.03,$1.96,,First Mate OGN-132/298 Foiled CN ¥3.03 EN $1.96
2026-09-02T19:40:59+00:00,https://bilgewatermarket.com/cards,First Mate,nonfoil,0.27,https://bilgewatermarket.com/cards/OGN-132,normal,https://bilgewatermarket.com/assets/OGN-132-EN-e2BzL9rM.jpg,¥0.55,$0.27,,First Mate OGN-132/298 CN ¥0.55 EN $0.27
2026-09-02T19:40:59+00:00,https://bilgewatermarket.com/cards,Flurry of Blades,foil,0.28,https://bilgewatermarket.com/cards/OGN-133?print_variation=foiled,foiled,https://bilgewatermarket.com/assets/OGN-133-EN-CXSXjiUE.jpg,¥1.18,$0.28,,Flurry of Blades OGN-133/298 Foiled CN ¥1.18 EN $0.28
2026-09-02T19:40:59+00:00,https://bilgewatermarket.com/cards,Flurry of Blades,nonfoil,0.11,https://bilgewatermarket.com/cards/OGN-133,normal,https://bilgewatermarket.com/assets/OGN-133-EN-CXSXjiUE.jpg,¥0.54,$0.11,,Flurry of Blades OGN-133/298 CN ¥0.54 EN $0.11
2026-09-02T19:40:59+00:00,https://bilgewatermarket.com/cards,Mobilize,foil,0.85,https://bilgewatermarket.com/cards/OGN-134?print_variation=foiled,foiled,https://bilgewatermarket.com/assets/OGN-134-EN-f8FqAyrl.jpg,¥1.36,$0.85,,Mobilize OGN-134/298 Foiled CN ¥1.36 EN $0.85
2026-09-02T19:40:59+00:00,https://bilgewatermarket.com/cards,Mobilize,nonfoil,0.15,https://bilgewatermarket.com/cards/OGN-134,normal,https://bilgewatermarket.com/assets/OGN-134-EN-f8FqAyrl.jpg,¥0.51,$0.15,,Mobilize OGN-134/298 CN ¥0.51 EN $0.15
2026-09-02T19:40:59+00:00,https://bilgewatermarket.com/cards,Pakaa Cub,foil,0.19,https://bilgewatermarket.com/cards/OGN-135?print_variation=foiled,foiled,https://bilgewatermarket.com/assets/OGN-135-EN-YM8mPp9x.jpg,¥0.52,$0.19,,Pakaa Cub OGN-135/298 Foiled CN ¥0.52 EN $0.19
2026-09-02T19:40:59+00:00,https://bilgewatermarket.com/cards,Pakaa Cub,nonfoil,0.06,https://bilgewatermarket.com/cards/OGN-135,normal,https://bilgewatermarket.com/assets/OGN-135-EN-YM8mPp9x.jpg,¥0.50,$0.06,,Pakaa Cub OGN-135/298 CN ¥0.50 EN $0.06
2026-09-02T19:40:59+00:00,https://bilgewatermarket.com/cards,Pit Rookie,foil,1.33,https://bilgewatermarket.com/cards/OGN-136?print_variation=foiled,foiled,https://bilgewatermarket.com/assets/OGN-136-EN-BVFtWl2S.jpg,¥2.01,$1.33,,Pit Rookie OGN-136/298 Foiled CN ¥2.01 EN $1.33
2026-09-02T19:40:59+00:00,https://bilgewatermarket.com/cards,Pit Rookie,nonfoil,0.14,https://bilgewatermarket.com/cards/OGN-136,normal,https://bilgewatermarket.com/assets/OGN-136-EN-BVFtWl2S.jpg,¥0.54,$0.14,,Pit Rookie OGN-136/298 CN ¥0.54 EN $0.14
2026-09-02T19:40:59+00:00,https://bilgewatermarket.com/cards,Stormclaw Ursine,foil,0.15,https://bilgewatermarket.com/cards/OGN-137?print_variation=foiled,foiled,https://bilgewatermarket.com/assets/OGN-137-EN-Dm3cPgdo.jpg,¥0.50,$0.15,,Stormclaw Ursine OGN-137/298 Foiled CN ¥0.50 EN $0.15
2026-09-02T19:40:59+00:00,https://bilgewatermarket.com/cards,Stormclaw Ursine,nonfoil,0.07,https://bilgewatermarket.com/cards/OGN-137,normal,https://bilgewatermarket.com/assets/OGN-137-EN-Dm3cPgdo.jpg,¥0.50,$0.07,,Stormclaw Ursine OGN-137/298 CN ¥0.50 EN $0.07
2026-09-02T19:40:59+00:00,https://bilgewatermarket.com/cards,Catalyst of Aeons,foil,3.67,https://bilgewatermarket.com/cards/OGN-138?print_variation=foiled,foiled,https://bilgewatermarket.com/assets/OGN-138-EN-ePuRHGsv.jpg,¥5.40,$3.67,,Catalyst of Aeons OGN-138/298 Foiled CN ¥5.40 EN $3.67
2026-09-02T19:40:59+00:00,https://bilgewatermarket.com/cards,Catalyst of Aeons,nonfoil,0.42,https://bilgewatermarket.com/cards/OGN-138,normal,https://bilgewatermarket.com/assets/OGN-138-EN-ePuRHGsv.jpg,¥1.21,$0.42,,Catalyst of Aeons OGN-138/298 CN ¥1.21 EN $0.42
2026-09-02T19:40:59+00:00,https://bilgewatermarket.com/cards,Cithria of Cloudfield,foil,0.27,https://bilgewatermarket.com/cards/OGN-139?print_variation=foiled,foiled,https://bilgewatermarket.com/assets/OGN-139-EN-BpIrp3BC.jpg,¥1.47,$0.27,,Cithria of Cloudfield OGN-139/298 Foiled CN ¥1.47 EN $0.27
2026-09-02T19:40:59+00:00,https://bilgewatermarket.com/cards,Cithria of Cloudfield,nonfoil,0.11,https://bilgewatermarket.com/cards/OGN-139,normal,https://bilgewatermarket.com/assets/OGN-139-EN-BpIrp3BC.jpg,¥0.57,$0.11,,Cithria of Cloudfield OGN-139/298 CN ¥0.57 EN $0.11
2026-09-02T19:40:59+00:00,https://bilgewatermarket.com/cards,Herald of Scales,foil,1.00,https://bilgewatermarket.com/cards/OGN-140?print_variation=foiled,foiled,https://bilgewatermarket.com/assets/OGN-140-EN-BkyAUufz.jpg,¥1.01,$1.00,,Herald of Scales OGN-140/298 Foiled CN ¥1.01 EN $1.00
2026-09-02T19:40:59+00:00,https://bilgewatermarket.com/cards,Herald of Scales,nonfoil,0.24,https://bilgewatermarket.com/cards/OGN-140,normal,https://bilgewatermarket.com/assets/OGN-140-EN-BkyAUufz.jpg,¥0.50,$0.24,,Herald of Scales OGN-140/298 CN ¥0.50 EN $0.24
2026-09-02T19:40:59+00:00,https://bilgewatermarket.com/cards,Kinkou Monk,foil,0.47,https://bilgewatermarket.com/cards/OGN-141?print_variation=foiled,foiled,https://bilgewatermarket.com/assets/OGN-141-EN-BLmt2UpW.jpg,¥1.62,$0.47,,Kinkou Monk OGN-141/298 Foiled CN ¥1.62 EN $0.47
2026-09-02T19:40:59+00:00,https://bilgewatermarket.com/cards,Kinkou Monk,nonfoil,0.22,https://bilgewatermarket.com/cards/OGN-141,normal,https://bilgewatermarket.com/assets/OGN-141-EN-BLmt2UpW.jpg,¥0.52,$0.22,,Kinkou Monk OGN-141/298 CN ¥0.52 EN $0.22
2026-09-02T19:40:59+00:00,https://bilgewatermarket.com/cards,Mountain Drake,foil,0.35,https://bilgewatermarket.com/cards/OGN-142?print_variation=foiled,foiled,https://bilgewatermarket.com/assets/OGN-142-EN-BRbH71vQ.jpg,¥1.08,$0.35,,Mountain Drake OGN-142/298 Foiled CN ¥1.08 EN $0.35
2026-09-02T19:40:59+00:00,https://bilgewatermarket.com/cards,Mountain Drake,nonfoil,0.08,https://bilgewatermarket.com/cards/OGN-142,normal,https://bilgewatermarket.com/assets/OGN-142-EN-BRbH71vQ.jpg,¥0.50,$0.08,,Mountain Drake OGN-142/298 CN ¥0.50 EN $0.08
2026-09-02T19:40:59+00:00,https://bilgewatermarket.com/cards,Pirate's Haven,foil,0.29,https://bilgewatermarket.com/cards/OGN-143?print_variation=foiled,foiled,https://bilgewatermarket.com/assets/OGN-143-EN-Do7UlbnF.jpg,¥0.57,$0.29,,Pirate's Haven OGN-143/298 Foiled CN ¥0.57 EN $0.29
2026-09-02T19:40:59+00:00,https://bilgewatermarket.com/cards,Pirate's Haven,nonfoil,0.15,https://bilgewatermarket.com/cards/OGN-143,normal,https://bilgewatermarket.com/assets/OGN-143-EN-Do7UlbnF.jpg,¥0.50,$0.15,,Pirate's Haven OGN-143/298 CN ¥0.50 EN $0.15
2026-09-02T19:40:59+00:00,https://bilgewatermarket.com/cards,Spoils of War,foil,0.40,https://bilgewatermarket.com/cards/OGN-144?print_variation=foiled,foiled,https://bilgewatermarket.com/assets/OGN-144-EN--s4lsauL.jpg,¥0.53,$0.40,,Spoils of War OGN-144/298 Foiled CN ¥0.53 EN $0.40
2026-09-02T19:40:59+00:00,https://bilgewatermarket.com/cards,Spoils of War,nonfoil,0.16,https://bilgewatermarket.com/cards/OGN-144,normal,https://bilgewatermarket.com/assets/OGN-144-EN--s4lsauL.jpg,¥0.50,$0.16,,Spoils of War OGN-144/298 CN ¥0.50 EN $0.16
2026-09-02T19:40:59+00:00,https://bilgewatermarket.com/cards,Unyielding Spirit,foil,2.16,https://bilgewatermarket.com/cards/OGN-145?print_variation=foiled,foiled,https://bilgewatermarket.com/assets/OGN-145-EN-CxX0lfzM.jpg,¥5.60,$2.16,,Unyielding Spirit OGN-145/298 Foiled CN ¥5.60 EN $2.16
2026-09-02T19:40:59+00:00,https://bilgewatermarket.com/cards,Unyielding Spirit,nonfoil,0.62,https://bilgewatermarket.com/cards/OGN-145,normal,https://bilgewatermarket.com/assets/OGN-145-EN-CxX0lfzM.jpg,¥2.11,$0.62,,Unyielding Spirit OGN-145/298 CN ¥2.11 EN $0.62
2026-09-02T19:40:59+00:00,https://bilgewatermarket.com/cards,Wallop,foil,0.36,https://bilgewatermarket.com/cards/OGN-146?print_variation=foiled,foiled,https://bilgewatermarket.com/assets/OGN-146-EN-DivDZcep.jpg,¥0.58,$0.36,,Wallop OGN-146/298 Foiled CN ¥0.58 EN $0.36
2026-09-02T19:40:59+00:00,https://bilgewatermarket.com/cards,Wallop,nonfoil,0.15,https://bilgewatermarket.com/cards/OGN-146,normal,https://bilgewatermarket.com/assets/OGN-146-EN-DivDZcep.jpg,¥0.50,$0.15,,Wallop OGN-146/298 CN ¥0.50 EN $0.15
2026-09-02T19:40:59+00:00,https://bilgewatermarket.com/cards,Wildclaw Shaman,foil,0.26,https://bilgewatermarket.com/cards/OGN-147?print_variation=foiled,foiled,https://bilgewatermarket.com/assets/OGN-147-EN-BG2yjE7n.jpg,¥0.50,$0.26,,Wildclaw Shaman OGN-147/298 Foiled CN ¥0.50 EN $0.26
2026-09-02T19:40:59+00:00,https://bilgewatermarket.com/cards,Wildclaw Shaman,nonfoil,0.06,https://bilgewatermarket.com/cards/OGN-147,normal,https://bilgewatermarket.com/assets/OGN-147-EN-BG2yjE7n.jpg,¥0.50,$0.06,,Wildclaw Shaman OGN-147/298 CN ¥0.50 EN $0.06
2026-09-02T19:40:59+00:00,https://bilgewatermarket.com/cards,"Anivia, Primal",nonfoil,0.27,https://bilgewatermarket.com/cards/OGN-148,normal,https://bilgewatermarket.com/assets/OGN-148-EN-DB6ZXMms.jpg,¥0.52,$0.27,,"Anivia, Primal OGN-148/298 CN ¥0.52 EN $0.27"
2026-09-02T19:40:59+00:00,https://bilgewatermarket.com/cards,Carnivorous Snapvine,nonfoil,0.20,https://bilgewatermarket.com/cards/OGN-149,normal,https://bilgewatermarket.com/assets/OGN-149-EN-DfLP7rvL.jpg,¥1.20,$0.20,,Carnivorous Snapvine OGN-149/298 CN ¥1.20 EN $0.20
2026-09-02T19:40:59+00:00,https://bilgewatermarket.com/cards,Kraken Hunter,nonfoil,0.22,https://bilgewatermarket.com/cards/OGN-150,normal,https://bilgewatermarket.com/assets/OGN-150-EN-B7wn6Rib.jpg,¥0.50,$0.22,,Kraken Hunter OGN-150/298 CN ¥0.50 EN $0.22
2026-09-02T19:40:59+00:00,https://bilgewatermarket.com/cards,"Lee Sin, Centered",nonfoil,0.25,https://bilgewatermarket.com/cards/OGN-151,normal,https://bilgewatermarket.com/assets/OGN-151-EN-CDYkk0yy.jpg,¥0.52,$0.25,,"Lee Sin, Centered OGN-151/298 CN ¥0.52 EN $0.25"
2026-09-02T19:40:59+00:00,https://bilgewatermarket.com/cards,"Lee Sin, Centered",nonfoil,1.86,https://bilgewatermarket.com/cards/OGN-151a?print_variation=showcase,showcase,https://bilgewatermarket.com/assets/OGN-151a-EN-CMQlCcol.jpg,¥3.11,$1.86,,"Lee Sin, Centered OGN-151A/298 Showcase CN ¥3.11 EN $1.86"
2026-09-02T19:40:59+00:00,https://bilgewatermarket.com/cards,Mistfall,nonfoil,0.13,https://bilgewatermarket.com/cards/OGN-152,normal,https://bilgewatermarket.com/assets/OGN-152-EN-Bon-besD.jpg,¥0.58,$0.13,,Mistfall OGN-152/298 CN ¥0.58 EN $0.13
2026-09-02T19:40:59+00:00,https://bilgewatermarket.com/cards,Overt Operation,nonfoil,0.24,https://bilgewatermarket.com/cards/OGN-153,normal,https://bilgewatermarket.com/assets/OGN-153-EN-CwxZUCnm.jpg,¥0.50,$0.24,,Overt Operation OGN-153/298 CN ¥0.50 EN $0.24
2026-09-02T19:40:59+00:00,https://bilgewatermarket.com/cards,Primal Strength,nonfoil,0.46,https://bilgewatermarket.com/cards/OGN-154,normal,https://bilgewatermarket.com/assets/OGN-154-EN-CZ2t65pE.jpg,¥1.21,$0.46,,Primal Strength OGN-154/298 CN ¥1.21 EN $0.46
2026-09-02T19:40:59+00:00,https://bilgewatermarket.com/cards,"Qiyana, Victorious",nonfoil,0.67,https://bilgewatermarket.com/cards/OGN-155,normal,https://bilgewatermarket.com/assets/OGN-155-EN-BIf68IXz.jpg,¥3.28,$0.67,,"Qiyana, Victorious OGN-155/298 CN ¥3.28 EN $0.67"
2026-09-02T19:40:59+00:00,https://bilgewatermarket.com/cards,Sabotage,nonfoil,15.99,https://bilgewatermarket.com/cards/OGN-156,normal,https://bilgewatermarket.com/assets/OGN-156-EN-BcnT2X0Q.jpg,¥17.43,$15.99,,Sabotage OGN-156/298 CN ¥17.43 EN $15.99
2026-09-02T19:40:59+00:00,https://bilgewatermarket.com/cards,"Udyr, Wildman",nonfoil,0.24,https://bilgewatermarket.com/cards/OGN-157,normal,https://bilgewatermarket.com/assets/OGN-157-EN-D-16xEYZ.jpg,¥0.50,$0.24,,"Udyr, Wildman OGN-157/298 CN ¥0.50 EN $0.24"
2026-09-02T19:40:59+00:00,https://bilgewatermarket.com/cards,"Volibear, Imposing",nonfoil,0.29,https://bilgewatermarket.com/cards/OGN-158,normal,https://bilgewatermarket.com/assets/OGN-158-EN-tqh5fanU.jpg,¥0.65,$0.29,,"Volibear, Imposing OGN-158/298 CN ¥0.65 EN $0.29"
2026-09-02T19:40:59+00:00,https://bilgewatermarket.com/cards,"Volibear, Imposing",nonfoil,1.09,https://bilgewatermarket.com/cards/OGN-158a?print_variation=showcase,showcase,https://bilgewatermarket.com/assets/OGN-158a-EN-Cslcfb2c.jpg,¥2.32,$1.09,,"Volibear, Imposing OGN-158A/298 Showcase CN ¥2.32 EN $1.09"
2026-09-02T19:40:59+00:00,https://bilgewatermarket.com/cards,"Warwick, Hunter",nonfoil,0.36,https://bilgewatermarket.com/cards/OGN-159,normal,https://bilgewatermarket.com/assets/OGN-159-EN-CyfUCrKS.jpg,¥0.59,$0.36,,"Warwick, Hunter OGN-159/298 CN ¥0.59 EN $0.36"
2026-09-02T19:40:59+00:00,https://bilgewatermarket.com/cards,Dazzling Aurora,nonfoil,37.14,https://bilgewatermarket.com/cards/OGN-160,normal,https://bilgewatermarket.com/assets/OGN-160-EN-BAMdNDkA.jpg,¥109.00,$37.14,,Dazzling Aurora OGN-160/298 CN ¥109.00 EN $37.14
2026-09-02T19:40:59+00:00,https://bilgewatermarket.com/cards,Deadbloom Predator,nonfoil,3.37,https://bilgewatermarket.com/cards/OGN-161,normal,https://bilgewatermarket.com/assets/OGN-161-EN-F4GgpWAe.jpg,¥27.68,$3.37,,Deadbloom Predator OGN-161/298 CN ¥27.68 EN $3.37
2026-09-02T19:40:59+00:00,https://bilgewatermarket.com/cards,"Miss Fortune, Captain",nonfoil,4.65,https://bilgewatermarket.com/cards/OGN-162,normal,https://bilgewatermarket.com/assets/OGN-162-EN-DUR-_Cek.jpg,¥3.76,$4.65,,"Miss Fortune, Captain OGN-162/298 CN ¥3.76 EN $4.65"
2026-09-02T19:40:59+00:00,https://bilgewatermarket.com/cards,"Miss Fortune, Captain",nonfoil,15.66,https://bilgewatermarket.com/cards/OGN-162a?print_variation=showcase,showcase,https://bilgewatermarket.com/assets/OGN-162a-EN-S-0BzTK-.jpg,¥13.43,$15.66,,"Miss Fortune, Captain OGN-162A/298 Showcase CN ¥13.43 EN $15.66"
2026-09-02T19:40:59+00:00,https://bilgewatermarket.com/cards,Seal of Strength,nonfoil,12.73,https://bilgewatermarket.com/cards/OGN-163,normal,https://bilgewatermarket.com/assets/OGN-163-EN-DVYg3iCm.jpg,¥25.22,$12.73,,Seal of Strength OGN-163/298 CN ¥25.22 EN $12.73
2026-09-02T19:40:59+00:00,https://bilgewatermarket.com/cards,"Sett, Brawler",nonfoil,7.58,https://bilgewatermarket.com/cards/OGN-164,normal,https://bilgewatermarket.com/assets/OGN-164-EN-WbRN-dYX.jpg,¥20.90,$7.58,,"Sett, Brawler OGN-164/298 CN ¥20.90 EN $7.58"
2026-09-02T19:40:59+00:00,https://bilgewatermarket.com/cards,"Sett, Brawler",nonfoil,8.42,https://bilgewatermarket.com/cards/OGN-164a?print_variation=showcase,showcase,https://bilgewatermarket.com/assets/OGN-164a-EN-Bn6UskxX.jpg,¥26.15,$8.42,,"Sett, Brawler OGN-164A/298 Showcase CN ¥26.15 EN $8.42"
2026-09-02T19:40:59+00:00,https://bilgewatermarket.com/cards,Cemetery Attendant,foil,0.21,https://bilgewatermarket.com/cards/OGN-165?print_variation=foiled,foiled,https://bilgewatermarket.com/assets/OGN-165-EN-DQOL5StL.jpg,¥0.50,$0.21,,Cemetery Attendant OGN-165/298 Foiled CN ¥0.50 EN $0.21
2026-09-02T19:40:59+00:00,https://bilgewatermarket.com/cards,Cemetery Attendant,nonfoil,0.08,https://bilgewatermarket.com/cards/OGN-165,normal,https://bilgewatermarket.com/assets/OGN-165-EN-DQOL5StL.jpg,¥0.50,$0.08,,Cemetery Attendant OGN-165/298 CN ¥0.50 EN $0.08
2026-09-02T19:40:59+00:00,https://bilgewatermarket.com/cards,Chaos Rune,nonfoil,0.12,https://bilgewatermarket.com/cards/OGN-166,normal,https://bilgewatermarket.com/assets/OGN-166-EN-D2Q733QO.jpg,¥0.52,$0.12,,Chaos Rune OGN-166/298 CN ¥0.52 EN $0.12
2026-09-02T19:40:59+00:00,https://bilgewatermarket.com/cards,Chaos Rune,nonfoil,7.18,https://bilgewatermarket.com/cards/OGN-166a?print_variation=showcase,showcase,https://bilgewatermarket.com/assets/OGN-166a-EN-YTIjQy3f.jpg,¥38.36,$7.18,,Chaos Rune OGN-166A/298 Showcase CN ¥38.36 EN $7.18
2026-09-02T19:40:59+00:00,https://bilgewatermarket.com/cards,Ember Monk,foil,0.26,https://bilgewatermarket.com/cards/OGN-167?print_variation=foiled,foiled,https://bilgewatermarket.com/assets/OGN-167-EN-V1cxMGAu.jpg,¥0.50,$0.26,,Ember Monk OGN-167/298 Foiled CN ¥0.50 EN $0.26
2026-09-02T19:40:59+00:00,https://bilgewatermarket.com/cards,Ember Monk,nonfoil,0.12,https://bilgewatermarket.com/cards/OGN-167,normal,https://bilgewatermarket.com/assets/OGN-167-EN-V1cxMGAu.jpg,¥0.51,$0.12,,Ember Monk OGN-167/298 CN ¥0.51 EN $0.12
2026-09-02T19:40:59+00:00,https://bilgewatermarket.com/cards,Fight or Flight,foil,0.20,https://bilgewatermarket.com/cards/OGN-168?print_variation=foiled,foiled,https://bilgewatermarket.com/assets/OGN-168-EN-BgWwkTVn.jpg,¥0.50,$0.20,,BANNED Fight or Flight OGN-168/298 Foiled CN ¥0.50 EN $0.20
2026-09-02T19:40:59+00:00,https://bilgewatermarket.com/cards,Fight or Flight,nonfoil,0.11,https://bilgewatermarket.com/cards/OGN-168,normal,https://bilgewatermarket.com/assets/OGN-168-EN-BgWwkTVn.jpg,¥0.51,$0.11,,BANNED Fight or Flight OGN-168/298 CN ¥0.51 EN $0.11
2026-09-02T19:40:59+00:00,https://bilgewatermarket.com/cards,Gust,foil,1.18,https://bilgewatermarket.com/cards/OGN-169?print_variation=foiled,foiled,https://bilgewatermarket.com/assets/OGN-169-EN-D3vcZYyf.jpg,¥3.92,$1.18,,Gust OGN-169/298 Foiled CN ¥3.92 EN $1.18
2026-09-02T19:40:59+00:00,https://bilgewatermarket.com/cards,Gust,nonfoil,0.19,https://bilgewatermarket.com/cards/OGN-169,normal,https://bilgewatermarket.com/assets/OGN-169-EN-D3vcZYyf.jpg,¥0.59,$0.19,,Gust OGN-169/298 CN ¥0.59 EN $0.19
2026-09-02T19:40:59+00:00,https://bilgewatermarket.com/cards,Morbid Return,foil,0.33,https://bilgewatermarket.com/cards/OGN-170?print_variation=foiled,foiled,https://bilgewatermarket.com/assets/OGN-170-EN-B1Alk3m9.jpg,¥1.02,$0.33,,Morbid Return OGN-170/298 Foiled CN ¥1.02 EN $0.33
2026-09-02T19:40:59+00:00,https://bilgewatermarket.com/cards,Morbid Return,nonfoil,0.14,https://bilgewatermarket.com/cards/OGN-170,normal,https://bilgewatermarket.com/assets/OGN-170-EN-B1Alk3m9.jpg,¥0.54,$0.14,,Morbid Return OGN-170/298 CN ¥0.54 EN $0.14
2026-09-02T19:40:59+00:00,https://bilgewatermarket.com/cards,Mystic Poro,foil,0.27,https://bilgewatermarket.com/cards/OGN-171?print_variation=foiled,foiled,https://bilgewatermarket.com/assets/OGN-171-EN-AEQq6fb_.jpg,¥0.65,$0.27,,Mystic Poro OGN-171/298 Foiled CN ¥0.65 EN $0.27
2026-09-02T19:40:59+00:00,https://bilgewatermarket.com/cards,Mystic Poro,nonfoil,0.11,https://bilgewatermarket.com/cards/OGN-171,normal,https://bilgewatermarket.com/assets/OGN-171-EN-AEQq6fb_.jpg,¥0.50,$0.11,,Mystic Poro OGN-171/298 CN ¥0.50 EN $0.11
2026-09-02T19:40:59+00:00,https://bilgewatermarket.com/cards,Rebuke,foil,0.81,https://bilgewatermarket.com/cards/OGN-172?print_variation=foiled,foiled,https://bilgewatermarket.com/assets/OGN-172-EN-CV2xnG5B.jpg,¥2.61,$0.81,,Rebuke OGN-172/298 Foiled CN ¥2.61 EN $0.81
2026-09-02T19:40:59+00:00,https://bilgewatermarket.com/cards,Rebuke,nonfoil,0.28,https://bilgewatermarket.com/cards/OGN-172,normal,https://bilgewatermarket.com/assets/OGN-172-EN-CV2xnG5B.jpg,¥0.57,$0.28,,Rebuke OGN-172/298 CN ¥0.57 EN $0.28
2026-09-02T19:40:59+00:00,https://bilgewatermarket.com/cards,Ride the Wind,foil,9.92,https://bilgewatermarket.com/cards/OGN-173?print_variation=foiled,foiled,https://bilgewatermarket.com/assets/OGN-173-EN-XShIV1MR.jpg,¥5.09,$9.92,,Ride the Wind OGN-173/298 Foiled CN ¥5.09 EN $9.92
2026-09-02T19:40:59+00:00,https://bilgewatermarket.com/cards,Ride the Wind,nonfoil,1.13,https://bilgewatermarket.com/cards/OGN-173,normal,https://bilgewatermarket.com/assets/OGN-173-EN-XShIV1MR.jpg,¥0.67,$1.13,,Ride the Wind OGN-173/298 CN ¥0.67 EN $1.13
2026-09-02T19:40:59+00:00,https://bilgewatermarket.com/cards,Sai Scout,foil,0.12,https://bilgewatermarket.com/cards/OGN-174?print_variation=foiled,foiled,https://bilgewatermarket.com/assets/OGN-174-EN-8eYw9IeV.jpg,¥0.50,$0.12,,Sai Scout OGN-174/298 Foiled CN ¥0.50 EN $0.12
2026-09-02T19:40:59+00:00,https://bilgewatermarket.com/cards,Sai Scout,nonfoil,0.05,https://bilgewatermarket.com/cards/OGN-174,normal,https://bilgewatermarket.com/assets/OGN-174-EN-8eYw9IeV.jpg,¥0.50,$0.05,,Sai Scout OGN-174/298 CN ¥0.50 EN $0.05
2026-09-02T19:40:59+00:00,https://bilgewatermarket.com/cards,Shipyard Skulker,foil,0.19,https://bilgewatermarket.com/cards/OGN-175?print_variation=foiled,foiled,https://bilgewatermarket.com/assets/OGN-175-EN-DhRO8x6S.jpg,¥0.50,$0.19,,Shipyard Skulker OGN-175/298 Foiled CN ¥0.50 EN $0.19
2026-09-02T19:40:59+00:00,https://bilgewatermarket.com/cards,Shipyard Skulker,nonfoil,0.06,https://bilgewatermarket.com/cards/OGN-175,normal,https://bilgewatermarket.com/assets/OGN-175-EN-DhRO8x6S.jpg,¥0.50,$0.06,,Shipyard Skulker OGN-175/298 CN ¥0.50 EN $0.06
2026-09-02T19:40:59+00:00,https://bilgewatermarket.com/cards,Sneaky Deckhand,foil,0.74,https://bilgewatermarket.com/cards/OGN-176?print_variation=foiled,foiled,https://bilgewatermarket.com/assets/OGN-176-EN-BQHtwYUj.jpg,¥1.82,$0.74,,Sneaky Deckhand OGN-176/298 Foiled CN ¥1.82 EN $0.74
2026-09-02T19:40:59+00:00,https://bilgewatermarket.com/cards,Sneaky Deckhand,nonfoil,0.16,https://bilgewatermarket.com/cards/OGN-176,normal,https://bilgewatermarket.com/assets/OGN-176-EN-BQHtwYUj.jpg,¥0.53,$0.16,,Sneaky Deckhand OGN-176/298 CN ¥0.53 EN $0.16
2026-09-02T19:40:59+00:00,https://bilgewatermarket.com/cards,Stealthy Pursuer,foil,0.19,https://bilgewatermarket.com/cards/OGN-177?print_variation=foiled,foiled,https://bilgewatermarket.com/assets/OGN-177-EN-DFQ2GQRQ.jpg,¥0.53,$0.19,,BANNED Stealthy Pursuer OGN-177/298 Foiled CN ¥0.53 EN $0.19
2026-09-02T19:40:59+00:00,https://bilgewatermarket.com/cards,Stealthy Pursuer,nonfoil,0.06,https://bilgewatermarket.com/cards/OGN-177,normal,https://bilgewatermarket.com/assets/OGN-177-EN-DFQ2GQRQ.jpg,¥0.50,$0.06,,BANNED Stealthy Pursuer OGN-177/298 CN ¥0.50 EN $0.06
2026-09-02T19:40:59+00:00,https://bilgewatermarket.com/cards,Undercover Agent,foil,0.13,https://bilgewatermarket.com/cards/OGN-178?print_variation=foiled,foiled,https://bilgewatermarket.com/assets/OGN-178-EN-DGCPpyXZ.jpg,¥0.50,$0.13,,Undercover Agent OGN-178/298 Foiled CN ¥0.50 EN $0.13
2026-09-02T19:40:59+00:00,https://bilgewatermarket.com/cards,Undercover Agent,nonfoil,0.03,https://bilgewatermarket.com/cards/OGN-178,normal,https://bilgewatermarket.com/assets/OGN-178-EN-DGCPpyXZ.jpg,¥0.50,$0.03,,Undercover Agent OGN-178/298 CN ¥0.50 EN $0.03
2026-09-02T19:40:59+00:00,https://bilgewatermarket.com/cards,Acceptable Losses,foil,3.63,https://bilgewatermarket.com/cards/OGN-179?print_variation=foiled,foiled,https://bilgewatermarket.com/assets/OGN-179-EN-BYkm9P28.jpg,¥3.02,$3.63,,Acceptable Losses OGN-179/298 Foiled CN ¥3.02 EN $3.63
2026-09-02T19:40:59+00:00,https://bilgewatermarket.com/cards,Acceptable Losses,nonfoil,0.64,https://bilgewatermarket.com/cards/OGN-179,normal,https://bilgewatermarket.com/assets/OGN-179-EN-BYkm9P28.jpg,¥0.64,$0.64,,Acceptable Losses OGN-179/298 CN ¥0.64 EN $0.64
2026-09-02T19:40:59+00:00,https://bilgewatermarket.com/cards,Fading Memories,foil,0.65,https://bilgewatermarket.com/cards/OGN-180?print_variation=foiled,foiled,https://bilgewatermarket.com/assets/OGN-180-EN-B8_6ux4u.jpg,¥1.87,$0.65,,Fading Memories OGN-180/298 Foiled CN ¥1.87 EN $0.65
2026-09-02T19:40:59+00:00,https://bilgewatermarket.com/cards,Fading Memories,nonfoil,0.15,https://bilgewatermarket.com/cards/OGN-180,normal,https://bilgewatermarket.com/assets/OGN-180-EN-B8_6ux4u.jpg,¥0.50,$0.15,,Fading Memories OGN-180/298 CN ¥0.50 EN $0.15
2026-09-02T19:40:59+00:00,https://bilgewatermarket.com/cards,Pack of Wonders,foil,4.77,https://bilgewatermarket.com/cards/OGN-181?print_variation=foiled,foiled,https://bilgewatermarket.com/assets/OGN-181-EN-Dl1Zogdb.jpg,¥2.30,$4.77,,Pack of Wonders OGN-181/298 Foiled CN ¥2.30 EN $4.77
2026-09-02T19:40:59+00:00,https://bilgewatermarket.com/cards,Pack of Wonders,nonfoil,0.63,https://bilgewatermarket.com/cards/OGN-181,normal,https://bilgewatermarket.com/assets/OGN-181-EN-Dl1Zogdb.jpg,¥0.70,$0.63,,Pack of Wonders OGN-181/298 CN ¥0.70 EN $0.63
2026-09-02T19:40:59+00:00,https://bilgewatermarket.com/cards,Scrapheap,foil,0.69,https://bilgewatermarket.com/cards/OGN-182?print_variation=foiled,foiled,https://bilgewatermarket.com/assets/OGN-182-EN-Da54mBEQ.jpg,¥0.90,$0.69,,BANNED Scrapheap OGN-182/298 Foiled CN ¥0.90 EN $0.69
2026-09-02T19:40:59+00:00,https://bilgewatermarket.com/cards,Scrapheap,nonfoil,0.13,https://bilgewatermarket.com/cards/OGN-182,normal,https://bilgewatermarket.com/assets/OGN-182-EN-Da54mBEQ.jpg,¥0.53,$0.13,,BANNED Scrapheap OGN-182/298 CN ¥0.53 EN $0.13
2026-09-02T19:40:59+00:00,https://bilgewatermarket.com/cards,Stacked Deck,foil,13.39,https://bilgewatermarket.com/cards/OGN-183?print_variation=foiled,foiled,https://bilgewatermarket.com/assets/OGN-183-EN-CefU-blO.jpg,¥16.82,$13.39,,Stacked Deck OGN-183/298 Foiled CN ¥16.82 EN $13.39
2026-09-02T19:40:59+00:00,https://bilgewatermarket.com/cards,Stacked Deck,nonfoil,9.79,https://bilgewatermarket.com/cards/OGN-183,normal,https://bilgewatermarket.com/assets/OGN-183-EN-CefU-blO.jpg,¥11.49,$9.79,,Stacked Deck OGN-183/298 CN ¥11.49 EN $9.79
2026-09-02T19:40:59+00:00,https://bilgewatermarket.com/cards,The Syren,foil,0.76,https://bilgewatermarket.com/cards/OGN-184?print_variation=foiled,foiled,https://bilgewatermarket.com/assets/OGN-184-EN-BcR00Q8y.jpg,¥1.92,$0.76,,The Syren OGN-184/298 Foiled CN ¥1.92 EN $0.76
2026-09-02T19:40:59+00:00,https://bilgewatermarket.com/cards,The Syren,nonfoil,0.25,https://bilgewatermarket.com/cards/OGN-184,normal,https://bilgewatermarket.com/assets/OGN-184-EN-BcR00Q8y.jpg,¥0.55,$0.25,,The Syren OGN-184/298 CN ¥0.55 EN $0.25
2026-09-02T19:40:59+00:00,https://bilgewatermarket.com/cards,Traveling Merchant,foil,4.81,https://bilgewatermarket.com/cards/OGN-185?print_variation=foiled,foiled,https://bilgewatermarket.com/assets/OGN-185-EN-CVhU3FhL.jpg,¥6.24,$4.81,,Traveling Merchant OGN-185/298 Foiled CN ¥6.24 EN $4.81
2026-09-02T19:40:59+00:00,https://bilgewatermarket.com/cards,Traveling Merchant,nonfoil,0.25,https://bilgewatermarket.com/cards/OGN-185,normal,https://bilgewatermarket.com/assets/OGN-185-EN-CVhU3FhL.jpg,¥0.74,$0.25,,Traveling Merchant OGN-185/298 CN ¥0.74 EN $0.25
2026-09-02T19:40:59+00:00,https://bilgewatermarket.com/cards,Treasure Trove,foil,3.81,https://bilgewatermarket.com/cards/OGN-186?print_variation=foiled,foiled,https://bilgewatermarket.com/assets/OGN-186-EN-DS5qCkBN.jpg,¥2.07,$3.81,,Treasure Trove OGN-186/298 Foiled CN ¥2.07 EN $3.81
2026-09-02T19:40:59+00:00,https://bilgewatermarket.com/cards,Treasure Trove,nonfoil,0.61,https://bilgewatermarket.com/cards/OGN-186,normal,https://bilgewatermarket.com/assets/OGN-186-EN-DS5qCkBN.jpg,¥0.98,$0.61,,Treasure Trove OGN-186/298 CN ¥0.98 EN $0.61
2026-09-02T19:40:59+00:00,https://bilgewatermarket.com/cards,Whirlwind,foil,0.32,https://bilgewatermarket.com/cards/OGN-187?print_variation=foiled,foiled,https://bilgewatermarket.com/assets/OGN-187-EN-Db23HUNi.jpg,¥0.81,$0.32,,Whirlwind OGN-187/298 Foiled CN ¥0.81 EN $0.32
2026-09-02T19:40:59+00:00,https://bilgewatermarket.com/cards,Whirlwind,nonfoil,0.14,https://bilgewatermarket.com/cards/OGN-187,normal,https://bilgewatermarket.com/assets/OGN-187-EN-Db23HUNi.jpg,¥0.50,$0.14,,Whirlwind OGN-187/298 CN ¥0.50 EN $0.14
2026-09-02T19:40:59+00:00,https://bilgewatermarket.com/cards,Zaunite Bouncer,foil,0.27,https://bilgewatermarket.com/cards/OGN-188?print_variation=foiled,foiled,https://bilgewatermarket.com/assets/OGN-188-EN-LcGmST5f.jpg,¥0.50,$0.27,,Zaunite Bouncer OGN-188/298 Foiled CN ¥0.50 EN $0.27
2026-09-02T19:40:59+00:00,https://bilgewatermarket.com/cards,Zaunite Bouncer,nonfoil,0.14,https://bilgewatermarket.com/cards/OGN-188,normal,https://bilgewatermarket.com/assets/OGN-188-EN-LcGmST5f.jpg,¥0.50,$0.14,,Zaunite Bouncer OGN-188/298 CN ¥0.50 EN $0.14
2026-09-02T19:40:59+00:00,https://bilgewatermarket.com/cards,"Kayn, Unleashed",nonfoil,0.25,https://bilgewatermarket.com/cards/OGN-189,normal,https://bilgewatermarket.com/assets/OGN-189-EN-BkaJND31.jpg,¥0.60,$0.25,,"Kayn, Unleashed OGN-189/298 CN ¥0.60 EN $0.25"
2026-09-02T19:40:59+00:00,https://bilgewatermarket.com/cards,"Kog'Maw, Caustic",nonfoil,0.23,https://bilgewatermarket.com/cards/OGN-190,normal,https://bilgewatermarket.com/assets/OGN-190-EN--jOHIigY.jpg,¥0.53,$0.23,,"Kog'Maw, Caustic OGN-190/298 CN ¥0.53 EN $0.23"
2026-09-02T19:40:59+00:00,https://bilgewatermarket.com/cards,Maddened Marauder,nonfoil,0.27,https://bilgewatermarket.com/cards/OGN-191,normal,https://bilgewatermarket.com/assets/OGN-191-EN-DszwSGSa.jpg,¥0.54,$0.27,,Maddened Marauder OGN-191/298 CN ¥0.54 EN $0.27
2026-09-02T19:40:59+00:00,https://bilgewatermarket.com/cards,Mindsplitter,nonfoil,0.96,https://bilgewatermarket.com/cards/OGN-192,normal,https://bilgewatermarket.com/assets/OGN-192-EN-DDGjUiuM.jpg,¥5.70,$0.96,,Mindsplitter OGN-192/298 CN ¥5.70 EN $0.96
2026-09-02T19:40:59+00:00,https://bilgewatermarket.com/cards,"Miss Fortune, Buccaneer",nonfoil,0.26,https://bilgewatermarket.com/cards/OGN-193,normal,https://bilgewatermarket.com/assets/OGN-193-EN-CY72uYTH.jpg,¥0.66,$0.26,,"Miss Fortune, Buccaneer OGN-193/298 CN ¥0.66 EN $0.26"
2026-09-02T19:40:59+00:00,https://bilgewatermarket.com/cards,"Miss Fortune, Buccaneer",nonfoil,5.13,https://bilgewatermarket.com/cards/OGN-193a?print_variation=showcase,showcase,https://bilgewatermarket.com/assets/OGN-193a-EN-UAk6_jGU.jpg,¥3.59,$5.13,,"Miss Fortune, Buccaneer OGN-193A/298 Showcase CN ¥3.59 EN $5.13"
2026-09-02T19:40:59+00:00,https://bilgewatermarket.com/cards,"Nocturne, Horrifying",nonfoil,4.40,https://bilgewatermarket.com/cards/OGN-194,normal,https://bilgewatermarket.com/assets/OGN-194-EN-D0TWjQm5.jpg,¥2.68,$4.40,,"Nocturne, Horrifying OGN-194/298 CN ¥2.68 EN $4.40"
2026-09-02T19:40:59+00:00,https://bilgewatermarket.com/cards,Rhasa the Sunderer,nonfoil,3.05,https://bilgewatermarket.com/cards/OGN-195,normal,https://bilgewatermarket.com/assets/OGN-195-EN-B2nRaZoo.jpg,¥2.83,$3.05,,Rhasa the Sunderer OGN-195/298 CN ¥2.83 EN $3.05
2026-09-02T19:40:59+00:00,https://bilgewatermarket.com/cards,Soulgorger,nonfoil,0.38,https://bilgewatermarket.com/cards/OGN-196,normal,https://bilgewatermarket.com/assets/OGN-196-EN-Yui-WyhY.jpg,¥0.66,$0.38,,Soulgorger OGN-196/298 CN ¥0.66 EN $0.38
2026-09-02T19:40:59+00:00,https://bilgewatermarket.com/cards,"Teemo, Scout",nonfoil,0.54,https://bilgewatermarket.com/cards/OGN-197,normal,https://bilgewatermarket.com/assets/OGN-197-EN-B2XS-yAP.jpg,¥0.70,$0.54,,"Teemo, Scout OGN-197/298 CN ¥0.70 EN $0.54"
2026-09-02T19:40:59+00:00,https://bilgewatermarket.com/cards,"Teemo, Scout",nonfoil,16.22,https://bilgewatermarket.com/cards/OGN-197a?print_variation=showcase,showcase,https://bilgewatermarket.com/assets/OGN-197a-EN-BfYtgx7V.jpg,¥4.57,$16.22,,"Teemo, Scout OGN-197A/298 Showcase CN ¥4.57 EN $16.22"
2026-09-02T19:40:59+00:00,https://bilgewatermarket.com/cards,The Harrowing,nonfoil,0.53,https://bilgewatermarket.com/cards/OGN-198,normal,https://bilgewatermarket.com/assets/OGN-198-EN-BxfGTsB6.jpg,¥0.69,$0.53,,The Harrowing OGN-198/298 CN ¥0.69 EN $0.53
2026-09-02T19:40:59+00:00,https://bilgewatermarket.com/cards,Tideturner,nonfoil,2.99,https://bilgewatermarket.com/cards/OGN-199,normal,https://bilgewatermarket.com/assets/OGN-199-EN-dxOZHxb6.jpg,¥16.72,$2.99,,Tideturner OGN-199/298 CN ¥16.72 EN $2.99
2026-09-02T19:40:59+00:00,https://bilgewatermarket.com/cards,"Twisted Fate, Gambler",nonfoil,0.30,https://bilgewatermarket.com/cards/OGN-200,normal,https://bilgewatermarket.com/assets/OGN-200-EN-S8YB3MvM.jpg,¥0.79,$0.30,,"Twisted Fate, Gambler OGN-200/298 CN ¥0.79 EN $0.30"
2026-09-02T19:40:59+00:00,https://bilgewatermarket.com/cards,Invert Timelines,nonfoil,24.30,https://bilgewatermarket.com/cards/OGN-201,normal,https://bilgewatermarket.com/assets/OGN-201-EN-z7H2AAP8.jpg,¥52.62,$24.30,,Invert Timelines OGN-201/298 CN ¥52.62 EN $24.30
2026-09-02T19:40:59+00:00,https://bilgewatermarket.com/cards,"Jinx, Rebel",nonfoil,2.85,https://bilgewatermarket.com/cards/OGN-202,normal,https://bilgewatermarket.com/assets/OGN-202-EN-BYDPQ_dv.jpg,¥2.22,$2.85,,"Jinx, Rebel OGN-202/298 CN ¥2.22 EN $2.85"
2026-09-02T19:40:59+00:00,https://bilgewatermarket.com/cards,"Jinx, Rebel",nonfoil,4.33,https://bilgewatermarket.com/cards/OGN-202a?print_variation=showcase,showcase,https://bilgewatermarket.com/assets/OGN-202a-EN-CK2BBI8Z.jpg,¥2.11,$4.33,,"Jinx, Rebel OGN-202A/298 Showcase CN ¥2.11 EN $4.33"
2026-09-02T19:40:59+00:00,https://bilgewatermarket.com/cards,Possession,nonfoil,1.03,https://bilgewatermarket.com/cards/OGN-203,normal,https://bilgewatermarket.com/assets/OGN-203-EN-Dzvvm0-n.jpg,¥3.82,$1.03,,Possession OGN-203/298 CN ¥3.82 EN $1.03
2026-09-02T19:40:59+00:00,https://bilgewatermarket.com/cards,Seal of Discord,nonfoil,46.27,https://bilgewatermarket.com/cards/OGN-204,normal,https://bilgewatermarket.com/assets/OGN-204-EN-30dV17M9.jpg,¥114.42,$46.27,,Seal of Discord OGN-204/298 CN ¥114.42 EN $46.27
2026-09-02T19:40:59+00:00,https://bilgewatermarket.com/cards,"Yasuo, Windrider",nonfoil,1.57,https://bilgewatermarket.com/cards/OGN-205,normal,https://bilgewatermarket.com/assets/OGN-205-EN-DxiZoXoN.jpg,¥1.49,$1.57,,"Yasuo, Windrider OGN-205/298 CN ¥1.49 EN $1.57"
2026-09-02T19:40:59+00:00,https://bilgewatermarket.com/cards,"Yasuo, Windrider",nonfoil,3.53,https://bilgewatermarket.com/cards/OGN-205a?print_variation=showcase,showcase,https://bilgewatermarket.com/assets/OGN-205a-EN-CR1dhme0.jpg,¥4.66,$3.53,,"Yasuo, Windrider OGN-205A/298 Showcase CN ¥4.66 EN $3.53"
2026-09-02T19:40:59+00:00,https://bilgewatermarket.com/cards,Back to Back,foil,0.19,https://bilgewatermarket.com/cards/OGN-206?print_variation=foiled,foiled,https://bilgewatermarket.com/assets/OGN-206-EN-C-rxtH-v.jpg,¥0.51,$0.19,,Back to Back OGN-206/298 Foiled CN ¥0.51 EN $0.19
2026-09-02T19:40:59+00:00,https://bilgewatermarket.com/cards,Back to Back,nonfoil,0.07,https://bilgewatermarket.com/cards/OGN-206,normal,https://bilgewatermarket.com/assets/OGN-206-EN-C-rxtH-v.jpg,¥0.50,$0.07,,Back to Back OGN-206/298 CN ¥0.50 EN $0.07
2026-09-02T19:40:59+00:00,https://bilgewatermarket.com/cards,Call to Glory,foil,0.51,https://bilgewatermarket.com/cards/OGN-207?print_variation=foiled,foiled,https://bilgewatermarket.com/assets/OGN-207-EN-heX8p8PX.jpg,¥1.40,$0.51,,Call to Glory OGN-207/298 Foiled CN ¥1.40 EN $0.51
2026-09-02T19:40:59+00:00,https://bilgewatermarket.com/cards,Call to Glory,nonfoil,0.21,https://bilgewatermarket.com/cards/OGN-207,normal,https://bilgewatermarket.com/assets/OGN-207-EN-heX8p8PX.jpg,¥0.51,$0.21,,Call to Glory OGN-207/298 CN ¥0.51 EN $0.21
2026-09-02T19:40:59+00:00,https://bilgewatermarket.com/cards,Cruel Patron,foil,0.20,https://bilgewatermarket.com/cards/OGN-208?print_variation=foiled,foiled,https://bilgewatermarket.com/assets/OGN-208-EN-C_72w8nF.jpg,¥0.50,$0.20,,Cruel Patron OGN-208/298 Foiled CN ¥0.50 EN $0.20
2026-09-02T19:40:59+00:00,https://bilgewatermarket.com/cards,Cruel Patron,nonfoil,0.05,https://bilgewatermarket.com/cards/OGN-208,normal,https://bilgewatermarket.com/assets/OGN-208-EN-C_72w8nF.jpg,¥0.50,$0.05,,Cruel Patron OGN-208/298 CN ¥0.50 EN $0.05
2026-09-02T19:40:59+00:00,https://bilgewatermarket.com/cards,Cull the Weak,foil,2.07,https://bilgewatermarket.com/cards/OGN-209?print_variation=foiled,foiled,https://bilgewatermarket.com/assets/OGN-209-EN-ze0bbHkZ.jpg,¥2.96,$2.07,,Cull the Weak OGN-209/298 Foiled CN ¥2.96 EN $2.07
2026-09-02T19:40:59+00:00,https://bilgewatermarket.com/cards,Cull the Weak,nonfoil,0.47,https://bilgewatermarket.com/cards/OGN-209,normal,https://bilgewatermarket.com/assets/OGN-209-EN-ze0bbHkZ.jpg,¥0.60,$0.47,,Cull the Weak OGN-209/298 CN ¥0.60 EN $0.47
2026-09-02T19:40:59+00:00,https://bilgewatermarket.com/cards,Daring Poro,foil,0.28,https://bilgewatermarket.com/cards/OGN-210?print_variation=foiled,foiled,https://bilgewatermarket.com/assets/OGN-210-EN-BGeYttg4.jpg,¥0.65,$0.28,,Daring Poro OGN-210/298 Foiled CN ¥0.65 EN $0.28
2026-09-02T19:40:59+00:00,https://bilgewatermarket.com/cards,Daring Poro,nonfoil,0.15,https://bilgewatermarket.com/cards/OGN-210,normal,https://bilgewatermarket.com/assets/OGN-210-EN-BGeYttg4.jpg,¥0.50,$0.15,,Daring Poro OGN-210/298 CN ¥0.50 EN $0.15
2026-09-02T19:40:59+00:00,https://bilgewatermarket.com/cards,Faithful Manufactor,foil,0.26,https://bilgewatermarket.com/cards/OGN-211?print_variation=foiled,foiled,https://bilgewatermarket.com/assets/OGN-211-EN-BZCmWT3I.jpg,¥0.99,$0.26,,Faithful Manufactor OGN-211/298 Foiled CN ¥0.99 EN $0.26
2026-09-02T19:40:59+00:00,https://bilgewatermarket.com/cards,Faithful Manufactor,nonfoil,0.15,https://bilgewatermarket.com/cards/OGN-211,normal,https://bilgewatermarket.com/assets/OGN-211-EN-BZCmWT3I.jpg,¥0.63,$0.15,,Faithful Manufactor OGN-211/298 CN ¥0.63 EN $0.15
2026-09-02T19:40:59+00:00,https://bilgewatermarket.com/cards,Forge of the Future,foil,0.30,https://bilgewatermarket.com/cards/OGN-212?print_variation=foiled,foiled,https://bilgewatermarket.com/assets/OGN-212-EN-BYc3UmOw.jpg,¥1.04,$0.30,,Forge of the Future OGN-212/298 Foiled CN ¥1.04 EN $0.30
2026-09-02T19:40:59+00:00,https://bilgewatermarket.com/cards,Forge of the Future,nonfoil,0.12,https://bilgewatermarket.com/cards/OGN-212,normal,https://bilgewatermarket.com/assets/OGN-212-EN-BYc3UmOw.jpg,¥0.56,$0.12,,Forge of the Future OGN-212/298 CN ¥0.56 EN $0.12
2026-09-02T19:40:59+00:00,https://bilgewatermarket.com/cards,Hidden Blade,foil,3.23,https://bilgewatermarket.com/cards/OGN-213?print_variation=foiled,foiled,https://bilgewatermarket.com/assets/OGN-213-EN-Pi9OKnkr.jpg,¥5.03,$3.23,,Hidden Blade OGN-213/298 Foiled CN ¥5.03 EN $3.23
2026-09-02T19:40:59+00:00,https://bilgewatermarket.com/cards,Hidden Blade,nonfoil,1.26,https://bilgewatermarket.com/cards/OGN-213,normal,https://bilgewatermarket.com/assets/OGN-213-EN-Pi9OKnkr.jpg,¥1.14,$1.26,,Hidden Blade OGN-213/298 CN ¥1.14 EN $1.26
2026-09-02T19:40:59+00:00,https://bilgewatermarket.com/cards,Order Rune,nonfoil,0.12,https://bilgewatermarket.com/cards/OGN-214,normal,https://bilgewatermarket.com/assets/OGN-214-EN-y-l5inL8.jpg,¥0.52,$0.12,,Order Rune OGN-214/298 CN ¥0.52 EN $0.12
2026-09-02T19:40:59+00:00,https://bilgewatermarket.com/cards,Order Rune,nonfoil,4.98,https://bilgewatermarket.com/cards/OGN-214a?print_variation=showcase,showcase,https://bilgewatermarket.com/assets/OGN-214a-EN-DPbSQxjR.jpg,¥31.95,$4.98,,Order Rune OGN-214A/298 Showcase CN ¥31.95 EN $4.98
2026-09-02T19:40:59+00:00,https://bilgewatermarket.com/cards,Petty Officer,foil,0.16,https://bilgewatermarket.com/cards/OGN-215?print_variation=foiled,foiled,https://bilgewatermarket.com/assets/OGN-215-EN-Bo6VmjEO.jpg,¥0.50,$0.16,,Petty Officer OGN-215/298 Foiled CN ¥0.50 EN $0.16
2026-09-02T19:40:59+00:00,https://bilgewatermarket.com/cards,Petty Officer,nonfoil,0.04,https://bilgewatermarket.com/cards/OGN-215,normal,https://bilgewatermarket.com/assets/OGN-215-EN-Bo6VmjEO.jpg,¥0.50,$0.04,,Petty Officer OGN-215/298 CN ¥0.50 EN $0.04
2026-09-02T19:40:59+00:00,https://bilgewatermarket.com/cards,Soaring Scout,foil,1.42,https://bilgewatermarket.com/cards/OGN-216?print_variation=foiled,foiled,https://bilgewatermarket.com/assets/OGN-216-EN-DkKj40GO.jpg,¥1.22,$1.42,,Soaring Scout OGN-216/298 Foiled CN ¥1.22 EN $1.42
2026-09-02T19:40:59+00:00,https://bilgewatermarket.com/cards,Soaring Scout,nonfoil,0.13,https://bilgewatermarket.com/cards/OGN-216,normal,https://bilgewatermarket.com/assets/OGN-216-EN-DkKj40GO.jpg,¥0.50,$0.13,,Soaring Scout OGN-216/298 CN ¥0.50 EN $0.13
2026-09-02T19:40:59+00:00,https://bilgewatermarket.com/cards,Trifarian Gloryseeker,foil,0.24,https://bilgewatermarket.com/cards/OGN-217?print_variation=foiled,foiled,https://bilgewatermarket.com/assets/OGN-217-EN-CndZDIuU.jpg,¥0.54,$0.24,,Trifarian Gloryseeker OGN-217/298 Foiled CN ¥0.54 EN $0.24
2026-09-02T19:40:59+00:00,https://bilgewatermarket.com/cards,Trifarian Gloryseeker,nonfoil,0.09,https://bilgewatermarket.com/cards/OGN-217,normal,https://bilgewatermarket.com/assets/OGN-217-EN-CndZDIuU.jpg,¥0.51,$0.09,,Trifarian Gloryseeker OGN-217/298 CN ¥0.51 EN $0.09
2026-09-02T19:40:59+00:00,https://bilgewatermarket.com/cards,Vanguard Captain,foil,0.30,https://bilgewatermarket.com/cards/OGN-218?print_variation=foiled,foiled,https://bilgewatermarket.com/assets/OGN-218-EN-C0FqBzbz.jpg,¥1.02,$0.30,,Vanguard Captain OGN-218/298 Foiled CN ¥1.02 EN $0.30
2026-09-02T19:40:59+00:00,https://bilgewatermarket.com/cards,Vanguard Captain,nonfoil,0.17,https://bilgewatermarket.com/cards/OGN-218,normal,https://bilgewatermarket.com/assets/OGN-218-EN-C0FqBzbz.jpg,¥0.53,$0.17,,Vanguard Captain OGN-218/298 CN ¥0.53 EN $0.17
2026-09-02T19:40:59+00:00,https://bilgewatermarket.com/cards,Vanguard Sergeant,foil,0.16,https://bilgewatermarket.com/cards/OGN-219?print_variation=foiled,foiled,https://bilgewatermarket.com/assets/OGN-219-EN-CFRKo5nV.jpg,¥0.50,$0.16,,Vanguard Sergeant OGN-219/298 Foiled CN ¥0.50 EN $0.16
2026-09-02T19:40:59+00:00,https://bilgewatermarket.com/cards,Vanguard Sergeant,nonfoil,0.03,https://bilgewatermarket.com/cards/OGN-219,normal,https://bilgewatermarket.com/assets/OGN-219-EN-CFRKo5nV.jpg,¥0.50,$0.03,,Vanguard Sergeant OGN-219/298 CN ¥0.50 EN $0.03
2026-09-02T19:40:59+00:00,https://bilgewatermarket.com/cards,Facebreaker,foil,0.37,https://bilgewatermarket.com/cards/OGN-220?print_variation=foiled,foiled,https://bilgewatermarket.com/assets/OGN-220-EN-CTKUEcGL.jpg,¥2.89,$0.37,,Facebreaker OGN-220/298 Foiled CN ¥2.89 EN $0.37
2026-09-02T19:40:59+00:00,https://bilgewatermarket.com/cards,Facebreaker,nonfoil,0.20,https://bilgewatermarket.com/cards/OGN-220,normal,https://bilgewatermarket.com/assets/OGN-220-EN-CTKUEcGL.jpg,¥1.10,$0.20,,Facebreaker OGN-220/298 CN ¥1.10 EN $0.20
2026-09-02T19:40:59+00:00,https://bilgewatermarket.com/cards,Imperial Decree,foil,1.25,https://bilgewatermarket.com/cards/OGN-221?print_variation=foiled,foiled,https://bilgewatermarket.com/assets/OGN-221-EN-B0uj8X7_.jpg,¥3.82,$1.25,,Imperial Decree OGN-221/298 Foiled CN ¥3.82 EN $1.25
2026-09-02T19:40:59+00:00,https://bilgewatermarket.com/cards,Imperial Decree,nonfoil,0.76,https://bilgewatermarket.com/cards/OGN-221,normal,https://bilgewatermarket.com/assets/OGN-221-EN-B0uj8X7_.jpg,¥1.89,$0.76,,Imperial Decree OGN-221/298 CN ¥1.89 EN $0.76
2026-09-02T19:40:59+00:00,https://bilgewatermarket.com/cards,Noxian Drummer,foil,0.33,https://bilgewatermarket.com/cards/OGN-222?print_variation=foiled,foiled,https://bilgewatermarket.com/assets/OGN-222-EN-BxxkquI3.jpg,¥0.94,$0.33,,Noxian Drummer OGN-222/298 Foiled CN ¥0.94 EN $0.33
2026-09-02T19:40:59+00:00,https://bilgewatermarket.com/cards,Noxian Drummer,nonfoil,0.12,https://bilgewatermarket.com/cards/OGN-222,normal,https://bilgewatermarket.com/assets/OGN-222-EN-BxxkquI3.jpg,¥0.50,$0.12,,Noxian Drummer OGN-222/298 CN ¥0.50 EN $0.12
2026-09-02T19:40:59+00:00,https://bilgewatermarket.com/cards,Peak Guardian,foil,0.29,https://bilgewatermarket.com/cards/OGN-223?print_variation=foiled,foiled,https://bilgewatermarket.com/assets/OGN-223-EN-34pOIQnj.jpg,¥0.50,$0.29,,Peak Guardian OGN-223/298 Foiled CN ¥0.50 EN $0.29
2026-09-02T19:40:59+00:00,https://bilgewatermarket.com/cards,Peak Guardian,nonfoil,0.09,https://bilgewatermarket.com/cards/OGN-223,normal,https://bilgewatermarket.com/assets/OGN-223-EN-34pOIQnj.jpg,¥0.50,$0.09,,Peak Guardian OGN-223/298 CN ¥0.50 EN $0.09
2026-09-02T19:40:59+00:00,https://bilgewatermarket.com/cards,Salvage,foil,8.76,https://bilgewatermarket.com/cards/OGN-224?print_variation=foiled,foiled,https://bilgewatermarket.com/assets/OGN-224-EN-CEet3k-r.jpg,¥12.57,$8.76,,Salvage OGN-224/298 Foiled CN ¥12.57 EN $8.76
2026-09-02T19:40:59+00:00,https://bilgewatermarket.com/cards,Salvage,nonfoil,4.69,https://bilgewatermarket.com/cards/OGN-224,normal,https://bilgewatermarket.com/assets/OGN-224-EN-CEet3k-r.jpg,¥6.80,$4.69,,Salvage OGN-224/298 CN ¥6.80 EN $4.69
2026-09-02T19:40:59+00:00,https://bilgewatermarket.com/cards,Solari Chief,foil,0.30,https://bilgewatermarket.com/cards/OGN-225?print_variation=foiled,foiled,https://bilgewatermarket.com/assets/OGN-225-EN-BUdkV6dt.jpg,¥0.59,$0.30,,Solari Chief OGN-225/298 Foiled CN ¥0.59 EN $0.30
2026-09-02T19:40:59+00:00,https://bilgewatermarket.com/cards,Solari Chief,nonfoil,0.16,https://bilgewatermarket.com/cards/OGN-225,normal,https://bilgewatermarket.com/assets/OGN-225-EN-BUdkV6dt.jpg,¥0.50,$0.16,,Solari Chief OGN-225/298 CN ¥0.50 EN $0.16
2026-09-02T19:40:59+00:00,https://bilgewatermarket.com/cards,Spectral Matron,foil,2.22,https://bilgewatermarket.com/cards/OGN-226?print_variation=foiled,foiled,https://bilgewatermarket.com/assets/OGN-226-EN-BT5LYnIK.jpg,¥2.99,$2.22,,Spectral Matron OGN-226/298 Foiled CN ¥2.99 EN $2.22
2026-09-02T19:40:59+00:00,https://bilgewatermarket.com/cards,Spectral Matron,nonfoil,0.34,https://bilgewatermarket.com/cards/OGN-226,normal,https://bilgewatermarket.com/assets/OGN-226-EN-BT5LYnIK.jpg,¥1.24,$0.34,,Spectral Matron OGN-226/298 CN ¥1.24 EN $0.34
2026-09-02T19:40:59+00:00,https://bilgewatermarket.com/cards,Symbol of the Solari,foil,0.26,https://bilgewatermarket.com/cards/OGN-227?print_variation=foiled,foiled,https://bilgewatermarket.com/assets/OGN-227-EN-haeud-Gr.jpg,¥0.50,$0.26,,Symbol of the Solari OGN-227/298 Foiled CN ¥0.50 EN $0.26
2026-09-02T19:40:59+00:00,https://bilgewatermarket.com/cards,Symbol of the Solari,nonfoil,0.09,https://bilgewatermarket.com/cards/OGN-227,normal,https://bilgewatermarket.com/assets/OGN-227-EN-haeud-Gr.jpg,¥0.50,$0.09,,Symbol of the Solari OGN-227/298 CN ¥0.50 EN $0.09
2026-09-02T19:40:59+00:00,https://bilgewatermarket.com/cards,Vanguard Helm,foil,0.25,https://bilgewatermarket.com/cards/OGN-228?print_variation=foiled,foiled,https://bilgewatermarket.com/assets/OGN-228-EN-BLms7Jtd.jpg,¥0.50,$0.25,,Vanguard Helm OGN-228/298 Foiled CN ¥0.50 EN $0.25
2026-09-02T19:40:59+00:00,https://bilgewatermarket.com/cards,Vanguard Helm,nonfoil,0.08,https://bilgewatermarket.com/cards/OGN-228,normal,https://bilgewatermarket.com/assets/OGN-228-EN-BLms7Jtd.jpg,¥0.50,$0.08,,Vanguard Helm OGN-228/298 CN ¥0.50 EN $0.08
2026-09-02T19:40:59+00:00,https://bilgewatermarket.com/cards,Vengeance,foil,0.45,https://bilgewatermarket.com/cards/OGN-229?print_variation=foiled,foiled,https://bilgewatermarket.com/assets/OGN-229-EN-CzehusPJ.jpg,¥2.10,$0.45,,Vengeance OGN-229/298 Foiled CN ¥2.10 EN $0.45
2026-09-02T19:40:59+00:00,https://bilgewatermarket.com/cards,Vengeance,nonfoil,0.25,https://bilgewatermarket.com/cards/OGN-229,normal,https://bilgewatermarket.com/assets/OGN-229-EN-CzehusPJ.jpg,¥0.52,$0.25,,Vengeance OGN-229/298 CN ¥0.52 EN $0.25
2026-09-02T19:40:59+00:00,https://bilgewatermarket.com/cards,Albus Ferros,nonfoil,0.11,https://bilgewatermarket.com/cards/OGN-230,normal,https://bilgewatermarket.com/assets/OGN-230-EN-CXQVOd3u.jpg,¥0.50,$0.11,,Albus Ferros OGN-230/298 CN ¥0.50 EN $0.11
2026-09-02T19:40:59+00:00,https://bilgewatermarket.com/cards,Commander Ledros,nonfoil,0.20,https://bilgewatermarket.com/cards/OGN-231,normal,https://bilgewatermarket.com/assets/OGN-231-EN-CKn7rnTk.jpg,¥0.51,$0.20,,Commander Ledros OGN-231/298 CN ¥0.51 EN $0.20
2026-09-02T19:40:59+00:00,https://bilgewatermarket.com/cards,"Fiora, Victorious",nonfoil,1.33,https://bilgewatermarket.com/cards/OGN-232,normal,https://bilgewatermarket.com/assets/OGN-232-EN-t0ltmrrI.jpg,¥4.93,$1.33,,"Fiora, Victorious OGN-232/298 CN ¥4.93 EN $1.33"
2026-09-02T19:40:59+00:00,https://bilgewatermarket.com/cards,Grand Strategem,nonfoil,0.42,https://bilgewatermarket.com/cards/OGN-233,normal,https://bilgewatermarket.com/assets/OGN-233-EN-CsAanOSf.jpg,¥1.89,$0.42,,Grand Strategem OGN-233/298 CN ¥1.89 EN $0.42
2026-09-02T19:40:59+00:00,https://bilgewatermarket.com/cards,Harnessed Dragon,nonfoil,1.74,https://bilgewatermarket.com/cards/OGN-234,normal,https://bilgewatermarket.com/assets/OGN-234-EN-j5xTRb6i.jpg,¥2.33,$1.74,,Harnessed Dragon OGN-234/298 CN ¥2.33 EN $1.74
2026-09-02T19:40:59+00:00,https://bilgewatermarket.com/cards,"Karma, Channeler",nonfoil,0.27,https://bilgewatermarket.com/cards/OGN-235,normal,https://bilgewatermarket.com/assets/OGN-235-EN-C_PP_2gg.jpg,¥0.53,$0.27,,"Karma, Channeler OGN-235/298 CN ¥0.53 EN $0.27"
2026-09-02T19:40:59+00:00,https://bilgewatermarket.com/cards,"Karthus, Eternal",nonfoil,1.51,https://bilgewatermarket.com/cards/OGN-236,normal,https://bilgewatermarket.com/assets/OGN-236-EN-DObYwIN6.jpg,¥2.25,$1.51,,"Karthus, Eternal OGN-236/298 CN ¥2.25 EN $1.51"
2026-09-02T19:40:59+00:00,https://bilgewatermarket.com/cards,King's Edict,nonfoil,0.18,https://bilgewatermarket.com/cards/OGN-237,normal,https://bilgewatermarket.com/assets/OGN-237-EN-krlhN1uw.jpg,¥0.51,$0.18,,King's Edict OGN-237/298 CN ¥0.51 EN $0.18
2026-09-02T19:40:59+00:00,https://bilgewatermarket.com/cards,"Leona, Determined",nonfoil,0.40,https://bilgewatermarket.com/cards/OGN-238,normal,https://bilgewatermarket.com/assets/OGN-238-EN-D6ZW72EI.jpg,¥0.63,$0.40,,"Leona, Determined OGN-238/298 CN ¥0.63 EN $0.40"
2026-09-02T19:40:59+00:00,https://bilgewatermarket.com/cards,"Leona, Determined",nonfoil,3.03,https://bilgewatermarket.com/cards/OGN-238a?print_variation=showcase,showcase,https://bilgewatermarket.com/assets/OGN-238a-EN-Dn6Lybxf.jpg,¥5.30,$3.03,,"Leona, Determined OGN-238A/298 Showcase CN ¥5.30 EN $3.03"
2026-09-02T19:40:59+00:00,https://bilgewatermarket.com/cards,Machine Evangel,nonfoil,0.31,https://bilgewatermarket.com/cards/OGN-239,normal,https://bilgewatermarket.com/assets/OGN-239-EN-79wax4-k.jpg,¥1.37,$0.31,,Machine Evangel OGN-239/298 CN ¥1.37 EN $0.31
2026-09-02T19:40:59+00:00,https://bilgewatermarket.com/cards,"Sett, Kingpin",nonfoil,0.30,https://bilgewatermarket.com/cards/OGN-240,normal,https://bilgewatermarket.com/assets/OGN-240-EN-Dt5_BelZ.jpg,¥0.53,$0.30,,"Sett, Kingpin OGN-240/298 CN ¥0.53 EN $0.30"
2026-09-02T19:40:59+00:00,https://bilgewatermarket.com/cards,"Sett, Kingpin",nonfoil,1.26,https://bilgewatermarket.com/cards/OGN-240a?print_variation=showcase,showcase,https://bilgewatermarket.com/assets/OGN-240a-EN-oKiVBRPE.jpg,¥3.31,$1.26,,"Sett, Kingpin OGN-240A/298 Showcase CN ¥3.31 EN $1.26"
2026-09-02T19:40:59+00:00,https://bilgewatermarket.com/cards,"Shen, Kinkou",nonfoil,0.64,https://bilgewatermarket.com/cards/OGN-241,normal,https://bilgewatermarket.com/assets/OGN-241-EN-B0GDGsF-.jpg,¥1.57,$0.64,,"Shen, Kinkou OGN-241/298 CN ¥1.57 EN $0.64"
2026-09-02T19:40:59+00:00,https://bilgewatermarket.com/cards,Baited Hook,nonfoil,47.87,https://bilgewatermarket.com/cards/OGN-242,normal,https://bilgewatermarket.com/assets/OGN-242-EN-BMOjWZlq.jpg,¥79.54,$47.87,,Baited Hook OGN-242/298 CN ¥79.54 EN $47.87
2026-09-02T19:40:59+00:00,https://bilgewatermarket.com/cards,"Darius, Executioner",nonfoil,0.93,https://bilgewatermarket.com/cards/OGN-243,normal,https://bilgewatermarket.com/assets/OGN-243-EN-f5Ai9lEs.jpg,¥1.64,$0.93,,"Darius, Executioner OGN-243/298 CN ¥1.64 EN $0.93"
2026-09-02T19:40:59+00:00,https://bilgewatermarket.com/cards,"Darius, Executioner",nonfoil,3.28,https://bilgewatermarket.com/cards/OGN-243a?print_variation=showcase,showcase,https://bilgewatermarket.com/assets/OGN-243a-EN-DT6540My.jpg,¥3.63,$3.28,,"Darius, Executioner OGN-243A/298 Showcase CN ¥3.63 EN $3.28"
2026-09-02T19:40:59+00:00,https://bilgewatermarket.com/cards,Divine Judgment,nonfoil,8.02,https://bilgewatermarket.com/cards/OGN-244,normal,https://bilgewatermarket.com/assets/OGN-244-EN-BWZ_FmeD.jpg,¥14.43,$8.02,,Divine Judgment OGN-244/298 CN ¥14.43 EN $8.02
2026-09-02T19:40:59+00:00,https://bilgewatermarket.com/cards,Seal of Unity,nonfoil,16.98,https://bilgewatermarket.com/cards/OGN-245,normal,https://bilgewatermarket.com/assets/OGN-245-EN-Dq5-Gxrr.jpg,¥60.47,$16.98,,Seal of Unity OGN-245/298 CN ¥60.47 EN $16.98
2026-09-02T19:40:59+00:00,https://bilgewatermarket.com/cards,"Viktor, Leader",nonfoil,2.91,https://bilgewatermarket.com/cards/OGN-246,normal,https://bilgewatermarket.com/assets/OGN-246-EN-CUkTKwL2.jpg,¥3.54,$2.91,,"Viktor, Leader OGN-246/298 CN ¥3.54 EN $2.91"
2026-09-02T19:40:59+00:00,https://bilgewatermarket.com/cards,"Viktor, Leader",nonfoil,3.08,https://bilgewatermarket.com/cards/OGN-246a?print_variation=showcase,showcase,https://bilgewatermarket.com/assets/OGN-246a-EN-BLXlHXLw.jpg,¥2.95,$3.08,,"Viktor, Leader OGN-246A/298 Showcase CN ¥2.95 EN $3.08"
2026-09-02T19:40:59+00:00,https://bilgewatermarket.com/cards,"Kai'Sa, Daughter of the Void",nonfoil,0.28,https://bilgewatermarket.com/cards/OGN-247,normal,https://bilgewatermarket.com/assets/OGN-247-EN-D0UiS7U7.jpg,¥0.55,$0.28,,"Kai'Sa, Daughter of the Void OGN-247/298 CN ¥0.55 EN $0.28"
2026-09-02T19:40:59+00:00,https://bilgewatermarket.com/cards,Icathian Rain,nonfoil,3.40,https://bilgewatermarket.com/cards/OGN-248,normal,https://bilgewatermarket.com/assets/OGN-248-EN-ChYxIpAm.jpg,¥9.50,$3.40,,Icathian Rain OGN-248/298 CN ¥9.50 EN $3.40
2026-09-02T19:40:59+00:00,https://bilgewatermarket.com/cards,"Volibear, Relentless Storm",nonfoil,0.24,https://bilgewatermarket.com/cards/OGN-249,normal,https://bilgewatermarket.com/assets/OGN-249-EN-Cugys4iN.jpg,¥0.51,$0.24,,"Volibear, Relentless Storm OGN-249/298 CN ¥0.51 EN $0.24"
2026-09-02T19:40:59+00:00,https://bilgewatermarket.com/cards,Stormbringer,nonfoil,2.20,https://bilgewatermarket.com/cards/OGN-250,normal,https://bilgewatermarket.com/assets/OGN-250-EN-Bn5fkiE7.jpg,¥2.11,$2.20,,Stormbringer OGN-250/298 CN ¥2.11 EN $2.20
2026-09-02T19:40:59+00:00,https://bilgewatermarket.com/cards,"Jinx, Loose Cannon",nonfoil,0.25,https://bilgewatermarket.com/cards/OGN-251,normal,https://bilgewatermarket.com/assets/OGN-251-EN-JYlB6RQZ.jpg,¥0.68,$0.25,,"Jinx, Loose Cannon OGN-251/298 CN ¥0.68 EN $0.25"
2026-09-02T19:40:59+00:00,https://bilgewatermarket.com/cards,Super Mega Death Rocket!,nonfoil,4.85,https://bilgewatermarket.com/cards/OGN-252,normal,https://bilgewatermarket.com/assets/OGN-252-EN-CwYr8TD3.jpg,¥4.28,$4.85,,Super Mega Death Rocket! OGN-252/298 CN ¥4.28 EN $4.85
2026-09-02T19:40:59+00:00,https://bilgewatermarket.com/cards,"Darius, Hand of Noxus",nonfoil,0.18,https://bilgewatermarket.com/cards/OGN-253,normal,https://bilgewatermarket.com/assets/OGN-253-EN-Bb8UWLvV.jpg,¥0.50,$0.18,,"Darius, Hand of Noxus OGN-253/298 CN ¥0.50 EN $0.18"
2026-09-02T19:40:59+00:00,https://bilgewatermarket.com/cards,Noxian Guillotine,nonfoil,0.80,https://bilgewatermarket.com/cards/OGN-254,normal,https://bilgewatermarket.com/assets/OGN-254-EN-BOB5O-6j.jpg,¥1.35,$0.80,,Noxian Guillotine OGN-254/298 CN ¥1.35 EN $0.80
2026-09-02T19:40:59+00:00,https://bilgewatermarket.com/cards,"Ahri, Nine-Tailed Fox",nonfoil,2.56,https://bilgewatermarket.com/cards/OGN-255,normal,https://bilgewatermarket.com/assets/OGN-255-EN-DA4wlmz3.jpg,¥0.52,$2.56,,"Ahri, Nine-Tailed Fox OGN-255/298 CN ¥0.52 EN $2.56"
2026-09-02T19:40:59+00:00,https://bilgewatermarket.com/cards,Fox-Fire,nonfoil,3.68,https://bilgewatermarket.com/cards/OGN-256,normal,https://bilgewatermarket.com/assets/OGN-256-EN-D5P93-wL.jpg,¥3.13,$3.68,,Fox-Fire OGN-256/298 CN ¥3.13 EN $3.68
2026-09-02T19:40:59+00:00,https://bilgewatermarket.com/cards,"Lee Sin, Blind Monk",nonfoil,0.17,https://bilgewatermarket.com/cards/OGN-257,normal,https://bilgewatermarket.com/assets/OGN-257-EN-CXY_X1l6.jpg,¥0.50,$0.17,,"Lee Sin, Blind Monk OGN-257/298 CN ¥0.50 EN $0.17"
2026-09-02T19:40:59+00:00,https://bilgewatermarket.com/cards,Dragon's Rage,nonfoil,0.94,https://bilgewatermarket.com/cards/OGN-258,normal,https://bilgewatermarket.com/assets/OGN-258-EN-DfPdkEz6.jpg,¥1.42,$0.94,,Dragon's Rage OGN-258/298 CN ¥1.42 EN $0.94
2026-09-02T19:40:59+00:00,https://bilgewatermarket.com/cards,"Yasuo, Unforgiven",nonfoil,0.23,https://bilgewatermarket.com/cards/OGN-259,normal,https://bilgewatermarket.com/assets/OGN-259-EN-BiLxdbhr.jpg,¥0.56,$0.23,,"Yasuo, Unforgiven OGN-259/298 CN ¥0.56 EN $0.23"
2026-09-02T19:40:59+00:00,https://bilgewatermarket.com/cards,Last Breath,nonfoil,1.89,https://bilgewatermarket.com/cards/OGN-260,normal,https://bilgewatermarket.com/assets/OGN-260-EN-BOE7HPU0.jpg,¥2.35,$1.89,,Last Breath OGN-260/298 CN ¥2.35 EN $1.89
2026-09-02T19:40:59+00:00,https://bilgewatermarket.com/cards,"Leona, Radiant Dawn",nonfoil,0.27,https://bilgewatermarket.com/cards/OGN-261,normal,https://bilgewatermarket.com/assets/OGN-261-EN-DP1pDq1l.jpg,¥0.56,$0.27,,"Leona, Radiant Dawn OGN-261/298 CN ¥0.56 EN $0.27"
2026-09-02T19:40:59+00:00,https://bilgewatermarket.com/cards,Zenith Blade,nonfoil,7.06,https://bilgewatermarket.com/cards/OGN-262,normal,https://bilgewatermarket.com/assets/OGN-262-EN-1TAfuIkL.jpg,¥4.08,$7.06,,Zenith Blade OGN-262/298 CN ¥4.08 EN $7.06
2026-09-02T19:40:59+00:00,https://bilgewatermarket.com/cards,"Teemo, Swift Scout",nonfoil,0.30,https://bilgewatermarket.com/cards/OGN-263,normal,https://bilgewatermarket.com/assets/OGN-263-EN-Bi8Ujno9.jpg,¥0.58,$0.30,,"Teemo, Swift Scout OGN-263/298 CN ¥0.58 EN $0.30"
2026-09-02T19:40:59+00:00,https://bilgewatermarket.com/cards,Guerilla Warfare,nonfoil,4.82,https://bilgewatermarket.com/cards/OGN-264,normal,https://bilgewatermarket.com/assets/OGN-264-EN-AjInpnTx.jpg,¥4.10,$4.82,,Guerilla Warfare OGN-264/298 CN ¥4.10 EN $4.82
2026-09-02T19:40:59+00:00,https://bilgewatermarket.com/cards,"Viktor, Herald of the Arcane",nonfoil,0.28,https://bilgewatermarket.com/cards/OGN-265,normal,https://bilgewatermarket.com/assets/OGN-265-EN-Balfln4C.jpg,¥0.51,$0.28,,"Viktor, Herald of the Arcane OGN-265/298 CN ¥0.51 EN $0.28"
2026-09-02T19:40:59+00:00,https://bilgewatermarket.com/cards,Siphon Power,nonfoil,1.28,https://bilgewatermarket.com/cards/OGN-266,normal,https://bilgewatermarket.com/assets/OGN-266-EN-CNNeZLiF.jpg,¥2.07,$1.28,,Siphon Power OGN-266/298 CN ¥2.07 EN $1.28
2026-09-02T19:40:59+00:00,https://bilgewatermarket.com/cards,"Miss Fortune, Bounty Hunter",nonfoil,0.27,https://bilgewatermarket.com/cards/OGN-267,normal,https://bilgewatermarket.com/assets/OGN-267-EN-DsMcjNwB.jpg,¥0.58,$0.27,,"Miss Fortune, Bounty Hunter OGN-267/298 CN ¥0.58 EN $0.27"
2026-09-02T19:40:59+00:00,https://bilgewatermarket.com/cards,Bullet Time,nonfoil,3.87,https://bilgewatermarket.com/cards/OGN-268,normal,https://bilgewatermarket.com/assets/OGN-268-EN-ChOkripK.jpg,¥4.08,$3.87,,Bullet Time OGN-268/298 CN ¥4.08 EN $3.87
2026-09-02T19:40:59+00:00,https://bilgewatermarket.com/cards,"Sett, The Boss",nonfoil,0.29,https://bilgewatermarket.com/cards/OGN-269,normal,https://bilgewatermarket.com/assets/OGN-269-EN-DEIRtEJ3.jpg,¥0.54,$0.29,,"Sett, The Boss OGN-269/298 CN ¥0.54 EN $0.29"
2026-09-02T19:40:59+00:00,https://bilgewatermarket.com/cards,Showstopper,nonfoil,5.88,https://bilgewatermarket.com/cards/OGN-270,normal,https://bilgewatermarket.com/assets/OGN-270-EN-XnLA2tXy.jpg,¥12.21,$5.88,,Showstopper OGN-270/298 CN ¥12.21 EN $5.88
2026-09-02T19:40:59+00:00,https://bilgewatermarket.com/cards,Recruit (DE),nonfoil,0.15,https://bilgewatermarket.com/cards/OGN-271,normal,https://bilgewatermarket.com/assets/OGN-271-EN-zsOrdF9n.jpg,¥0.51,$0.15,,Recruit (DE) OGN-271/298 CN ¥0.51 EN $0.15
2026-09-02T19:40:59+00:00,https://bilgewatermarket.com/cards,Recruit (NX),nonfoil,0.13,https://bilgewatermarket.com/cards/OGN-272,normal,https://bilgewatermarket.com/assets/OGN-272-EN-tS23E_hW.jpg,¥0.56,$0.13,,Recruit (NX) OGN-272/298 CN ¥0.56 EN $0.13
2026-09-02T19:40:59+00:00,https://bilgewatermarket.com/cards,Recruit (ZN),nonfoil,0.18,https://bilgewatermarket.com/cards/OGN-273,normal,https://bilgewatermarket.com/assets/OGN-273-EN-rFaw0nIf.jpg,¥0.53,$0.18,,Recruit (ZN) OGN-273/298 CN ¥0.53 EN $0.18
2026-09-02T19:40:59+00:00,https://bilgewatermarket.com/cards,Sprite,nonfoil,0.15,https://bilgewatermarket.com/cards/OGN-274,normal,https://bilgewatermarket.com/assets/OGN-274-EN-DlIKyPH-.jpg,¥0.51,$0.15,,Sprite OGN-274/298 CN ¥0.51 EN $0.15
2026-09-02T19:40:59+00:00,https://bilgewatermarket.com/cards,Altar to Unity,foil,0.38,https://bilgewatermarket.com/cards/OGN-275?print_variation=foiled,foiled,https://bilgewatermarket.com/assets/OGN-275-EN-CPPZ4Hzv.jpg,¥1.03,$0.38,,Altar to Unity OGN-275/298 Foiled CN ¥1.03 EN $0.38
2026-09-02T19:40:59+00:00,https://bilgewatermarket.com/cards,Altar to Unity,nonfoil,0.07,https://bilgewatermarket.com/cards/OGN-275,normal,https://bilgewatermarket.com/assets/OGN-275-EN-CPPZ4Hzv.jpg,¥0.51,$0.07,,Altar to Unity OGN-275/298 CN ¥0.51 EN $0.07
2026-09-02T19:40:59+00:00,https://bilgewatermarket.com/cards,Aspirant's Climb,foil,1.29,https://bilgewatermarket.com/cards/OGN-276?print_variation=foiled,foiled,https://bilgewatermarket.com/assets/OGN-276-EN-CHlUeWa1.jpg,¥2.47,$1.29,,BANNED Aspirant's Climb OGN-276/298 Foiled CN ¥2.47 EN $1.29
2026-09-02T19:40:59+00:00,https://bilgewatermarket.com/cards,Aspirant's Climb,nonfoil,0.23,https://bilgewatermarket.com/cards/OGN-276,normal,https://bilgewatermarket.com/assets/OGN-276-EN-CHlUeWa1.jpg,¥0.66,$0.23,,BANNED Aspirant's Climb OGN-276/298 CN ¥0.66 EN $0.23
2026-09-02T19:40:59+00:00,https://bilgewatermarket.com/cards,Back-Alley Bar,foil,0.49,https://bilgewatermarket.com/cards/OGN-277?print_variation=foiled,foiled,https://bilgewatermarket.com/assets/OGN-277-EN-6JUPPmQ3.jpg,¥1.60,$0.49,,Back-Alley Bar OGN-277/298 Foiled CN ¥1.60 EN $0.49
2026-09-02T19:40:59+00:00,https://bilgewatermarket.com/cards,Back-Alley Bar,nonfoil,0.17,https://bilgewatermarket.com/cards/OGN-277,normal,https://bilgewatermarket.com/assets/OGN-277-EN-6JUPPmQ3.jpg,¥0.57,$0.17,,Back-Alley Bar OGN-277/298 CN ¥0.57 EN $0.17
2026-09-02T19:40:59+00:00,https://bilgewatermarket.com/cards,Bandle Tree,foil,0.51,https://bilgewatermarket.com/cards/OGN-278?print_variation=foiled,foiled,https://bilgewatermarket.com/assets/OGN-278-EN-C3OLGXBA.jpg,¥1.11,$0.51,,Bandle Tree OGN-278/298 Foiled CN ¥1.11 EN $0.51
2026-09-02T19:40:59+00:00,https://bilgewatermarket.com/cards,Bandle Tree,nonfoil,0.19,https://bilgewatermarket.com/cards/OGN-278,normal,https://bilgewatermarket.com/assets/OGN-278-EN-C3OLGXBA.jpg,¥0.53,$0.19,,Bandle Tree OGN-278/298 CN ¥0.53 EN $0.19
2026-09-02T19:40:59+00:00,https://bilgewatermarket.com/cards,Fortified Position,foil,0.51,https://bilgewatermarket.com/cards/OGN-279?print_variation=foiled,foiled,https://bilgewatermarket.com/assets/OGN-279-EN-DFWpW0Ee.jpg,¥1.70,$0.51,,Fortified Position OGN-279/298 Foiled CN ¥1.70 EN $0.51
2026-09-02T19:40:59+00:00,https://bilgewatermarket.com/cards,Fortified Position,nonfoil,0.19,https://bilgewatermarket.com/cards/OGN-279,normal,https://bilgewatermarket.com/assets/OGN-279-EN-DFWpW0Ee.jpg,¥0.61,$0.19,,Fortified Position OGN-279/298 CN ¥0.61 EN $0.19
2026-09-02T19:40:59+00:00,https://bilgewatermarket.com/cards,Grove of the God-Willow,foil,1.23,https://bilgewatermarket.com/cards/OGN-280?print_variation=foiled,foiled,https://bilgewatermarket.com/assets/OGN-280-EN-D4M4jkCx.jpg,¥3.78,$1.23,,Grove of the God-Willow OGN-280/298 Foiled CN ¥3.78 EN $1.23
2026-09-02T19:40:59+00:00,https://bilgewatermarket.com/cards,Grove of the God-Willow,nonfoil,0.27,https://bilgewatermarket.com/cards/OGN-280,normal,https://bilgewatermarket.com/assets/OGN-280-EN-D4M4jkCx.jpg,¥0.62,$0.27,,Grove of the God-Willow OGN-280/298 CN ¥0.62 EN $0.27
2026-09-02T19:40:59+00:00,https://bilgewatermarket.com/cards,Hallowed Tomb,foil,0.44,https://bilgewatermarket.com/cards/OGN-281?print_variation=foiled,foiled,https://bilgewatermarket.com/assets/OGN-281-EN-JE8ErdfV.jpg,¥0.90,$0.44,,Hallowed Tomb OGN-281/298 Foiled CN ¥0.90 EN $0.44
2026-09-02T19:40:59+00:00,https://bilgewatermarket.com/cards,Hallowed Tomb,nonfoil,0.21,https://bilgewatermarket.com/cards/OGN-281,normal,https://bilgewatermarket.com/assets/OGN-281-EN-JE8ErdfV.jpg,¥0.51,$0.21,,Hallowed Tomb OGN-281/298 CN ¥0.51 EN $0.21
2026-09-02T19:40:59+00:00,https://bilgewatermarket.com/cards,Monastery of Hirana,foil,0.60,https://bilgewatermarket.com/cards/OGN-282?print_variation=foiled,foiled,https://bilgewatermarket.com/assets/OGN-282-EN-DPUyEDa0.jpg,¥1.76,$0.60,,Monastery of Hirana OGN-282/298 Foiled CN ¥1.76 EN $0.60
2026-09-02T19:40:59+00:00,https://bilgewatermarket.com/cards,Monastery of Hirana,nonfoil,0.19,https://bilgewatermarket.com/cards/OGN-282,normal,https://bilgewatermarket.com/assets/OGN-282-EN-DPUyEDa0.jpg,¥0.62,$0.19,,Monastery of Hirana OGN-282/298 CN ¥0.62 EN $0.19
2026-09-02T19:40:59+00:00,https://bilgewatermarket.com/cards,Navori Fighting Pit,foil,0.33,https://bilgewatermarket.com/cards/OGN-283?print_variation=foiled,foiled,https://bilgewatermarket.com/assets/OGN-283-EN-HqwYUmn8.jpg,¥0.88,$0.33,,Navori Fighting Pit OGN-283/298 Foiled CN ¥0.88 EN $0.33
2026-09-02T19:40:59+00:00,https://bilgewatermarket.com/cards,Navori Fighting Pit,nonfoil,0.12,https://bilgewatermarket.com/cards/OGN-283,normal,https://bilgewatermarket.com/assets/OGN-283-EN-HqwYUmn8.jpg,¥0.51,$0.12,,Navori Fighting Pit OGN-283/298 CN ¥0.51 EN $0.12
2026-09-02T19:40:59+00:00,https://bilgewatermarket.com/cards,Obelisk of Power,foil,0.59,https://bilgewatermarket.com/cards/OGN-284?print_variation=foiled,foiled,https://bilgewatermarket.com/assets/OGN-284-EN-B8ZnXu0R.jpg,¥2.54,$0.59,,BANNED Obelisk of Power OGN-284/298 Foiled CN ¥2.54 EN $0.59
2026-09-02T19:40:59+00:00,https://bilgewatermarket.com/cards,Obelisk of Power,nonfoil,0.12,https://bilgewatermarket.com/cards/OGN-284,normal,https://bilgewatermarket.com/assets/OGN-284-EN-B8ZnXu0R.jpg,¥0.52,$0.12,,BANNED Obelisk of Power OGN-284/298 CN ¥0.52 EN $0.12
2026-09-02T19:40:59+00:00,https://bilgewatermarket.com/cards,Reaver's Row,foil,0.70,https://bilgewatermarket.com/cards/OGN-285?print_variation=foiled,foiled,https://bilgewatermarket.com/assets/OGN-285-EN-Db5CGO5S.jpg,¥0.54,$0.70,,BANNED Reaver's Row OGN-285/298 Foiled CN ¥0.54 EN $0.70
2026-09-02T19:40:59+00:00,https://bilgewatermarket.com/cards,Reaver's Row,nonfoil,0.13,https://bilgewatermarket.com/cards/OGN-285,normal,https://bilgewatermarket.com/assets/OGN-285-EN-Db5CGO5S.jpg,¥0.51,$0.13,,BANNED Reaver's Row OGN-285/298 CN ¥0.51 EN $0.13
2026-09-02T19:40:59+00:00,https://bilgewatermarket.com/cards,Reckoner's Arena,foil,0.35,https://bilgewatermarket.com/cards/OGN-286?print_variation=foiled,foiled,https://bilgewatermarket.com/assets/OGN-286-EN-nm6QB2DK.jpg,¥0.87,$0.35,,Reckoner's Arena OGN-286/298 Foiled CN ¥0.87 EN $0.35
2026-09-02T19:40:59+00:00,https://bilgewatermarket.com/cards,Reckoner's Arena,nonfoil,0.18,https://bilgewatermarket.com/cards/OGN-286,normal,https://bilgewatermarket.com/assets/OGN-286-EN-nm6QB2DK.jpg,¥0.55,$0.18,,Reckoner's Arena OGN-286/298 CN ¥0.55 EN $0.18
2026-09-02T19:40:59+00:00,https://bilgewatermarket.com/cards,Sigil of the Storm,foil,1.23,https://bilgewatermarket.com/cards/OGN-287?print_variation=foiled,foiled,https://bilgewatermarket.com/assets/OGN-287-EN-TpFvU91x.jpg,¥2.61,$1.23,,Sigil of the Storm OGN-287/298 Foiled CN ¥2.61 EN $1.23
2026-09-02T19:40:59+00:00,https://bilgewatermarket.com/cards,Sigil of the Storm,nonfoil,0.28,https://bilgewatermarket.com/cards/OGN-287,normal,https://bilgewatermarket.com/assets/OGN-287-EN-TpFvU91x.jpg,¥0.59,$0.28,,Sigil of the Storm OGN-287/298 CN ¥0.59 EN $0.28
2026-09-02T19:40:59+00:00,https://bilgewatermarket.com/cards,Startipped Peak,foil,0.79,https://bilgewatermarket.com/cards/OGN-288?print_variation=foiled,foiled,https://bilgewatermarket.com/assets/OGN-288-EN-CqKDOw8g.jpg,¥2.10,$0.79,,Startipped Peak OGN-288/298 Foiled CN ¥2.10 EN $0.79
2026-09-02T19:40:59+00:00,https://bilgewatermarket.com/cards,Startipped Peak,nonfoil,0.28,https://bilgewatermarket.com/cards/OGN-288,normal,https://bilgewatermarket.com/assets/OGN-288-EN-CqKDOw8g.jpg,¥0.60,$0.28,,Startipped Peak OGN-288/298 CN ¥0.60 EN $0.28
2026-09-02T19:40:59+00:00,https://bilgewatermarket.com/cards,Targon's Peak,foil,3.44,https://bilgewatermarket.com/cards/OGN-289?print_variation=foiled,foiled,https://bilgewatermarket.com/assets/OGN-289-EN-CKpfS3oj.jpg,¥2.98,$3.44,,Targon's Peak OGN-289/298 Foiled CN ¥2.98 EN $3.44
2026-09-02T19:40:59+00:00,https://bilgewatermarket.com/cards,Targon's Peak,nonfoil,0.32,https://bilgewatermarket.com/cards/OGN-289,normal,https://bilgewatermarket.com/assets/OGN-289-EN-CKpfS3oj.jpg,¥0.60,$0.32,,Targon's Peak OGN-289/298 CN ¥0.60 EN $0.32
2026-09-02T19:40:59+00:00,https://bilgewatermarket.com/cards,The Arena's Greatest,foil,1.15,https://bilgewatermarket.com/cards/OGN-290?print_variation=foiled,foiled,https://bilgewatermarket.com/assets/OGN-290-EN-CPZdBD3k.jpg,¥2.99,$1.15,,BANNED The Arena's Greatest OGN-290/298 Foiled CN ¥2.99 EN $1.15
2026-09-02T19:40:59+00:00,https://bilgewatermarket.com/cards,The Arena's Greatest,nonfoil,0.28,https://bilgewatermarket.com/cards/OGN-290,normal,https://bilgewatermarket.com/assets/OGN-290-EN-CPZdBD3k.jpg,¥0.55,$0.28,,BANNED The Arena's Greatest OGN-290/298 CN ¥0.55 EN $0.28
2026-09-02T19:40:59+00:00,https://bilgewatermarket.com/cards,The Candlelit Sanctum,foil,0.94,https://bilgewatermarket.com/cards/OGN-291?print_variation=foiled,foiled,https://bilgewatermarket.com/assets/OGN-291-EN-D7tiLB3N.jpg,¥2.14,$0.94,,The Candlelit Sanctum OGN-291/298 Foiled CN ¥2.14 EN $0.94
2026-09-02T19:40:59+00:00,https://bilgewatermarket.com/cards,The Candlelit Sanctum,nonfoil,0.25,https://bilgewatermarket.com/cards/OGN-291,normal,https://bilgewatermarket.com/assets/OGN-291-EN-D7tiLB3N.jpg,¥0.64,$0.25,,The Candlelit Sanctum OGN-291/298 CN ¥0.64 EN $0.25
2026-09-02T19:40:59+00:00,https://bilgewatermarket.com/cards,The Dreaming Tree,foil,0.77,https://bilgewatermarket.com/cards/OGN-292?print_variation=foiled,foiled,https://bilgewatermarket.com/assets/OGN-292-EN-y-e48GZS.jpg,¥1.93,$0.77,,BANNED The Dreaming Tree OGN-292/298 Foiled CN ¥1.93 EN $0.77
2026-09-02T19:40:59+00:00,https://bilgewatermarket.com/cards,The Dreaming Tree,nonfoil,0.14,https://bilgewatermarket.com/cards/OGN-292,normal,https://bilgewatermarket.com/assets/OGN-292-EN-y-e48GZS.jpg,¥0.50,$0.14,,BANNED The Dreaming Tree OGN-292/298 CN ¥0.50 EN $0.14
2026-09-02T19:40:59+00:00,https://bilgewatermarket.com/cards,The Grand Plaza,foil,0.32,https://bilgewatermarket.com/cards/OGN-293?print_variation=foiled,foiled,https://bilgewatermarket.com/assets/OGN-293-EN-oDODcC5j.jpg,¥1.12,$0.32,,The Grand Plaza OGN-293/298 Foiled CN ¥1.12 EN $0.32
2026-09-02T19:40:59+00:00,https://bilgewatermarket.com/cards,The Grand Plaza,nonfoil,0.13,https://bilgewatermarket.com/cards/OGN-293,normal,https://bilgewatermarket.com/assets/OGN-293-EN-oDODcC5j.jpg,¥0.50,$0.13,,The Grand Plaza OGN-293/298 CN ¥0.50 EN $0.13
2026-09-02T19:40:59+00:00,https://bilgewatermarket.com/cards,Trifarian War Camp,foil,1.31,https://bilgewatermarket.com/cards/OGN-294?print_variation=foiled,foiled,https://bilgewatermarket.com/assets/OGN-294-EN-rRYcVwQa.jpg,¥3.44,$1.31,,Trifarian War Camp OGN-294/298 Foiled CN ¥3.44 EN $1.31
2026-09-02T19:40:59+00:00,https://bilgewatermarket.com/cards,Trifarian War Camp,nonfoil,0.30,https://bilgewatermarket.com/cards/OGN-294,normal,https://bilgewatermarket.com/assets/OGN-294-EN-rRYcVwQa.jpg,¥0.65,$0.30,,Trifarian War Camp OGN-294/298 CN ¥0.65 EN $0.30
2026-09-02T19:40:59+00:00,https://bilgewatermarket.com/cards,Vilemaw's Lair,foil,2.34,https://bilgewatermarket.com/cards/OGN-295?print_variation=foiled,foiled,https://bilgewatermarket.com/assets/OGN-295-EN-R779Qqp1.jpg,¥2.75,$2.34,,Vilemaw's Lair OGN-295/298 Foiled CN ¥2.75 EN $2.34
2026-09-02T19:40:59+00:00,https://bilgewatermarket.com/cards,Vilemaw's Lair,nonfoil,0.31,https://bilgewatermarket.com/cards/OGN-295,normal,https://bilgewatermarket.com/assets/OGN-295-EN-R779Qqp1.jpg,¥0.69,$0.31,,Vilemaw's Lair OGN-295/298 CN ¥0.69 EN $0.31
2026-09-02T19:40:59+00:00,https://bilgewatermarket.com/cards,Void Gate,foil,0.77,https://bilgewatermarket.com/cards/OGN-296?print_variation=foiled,foiled,https://bilgewatermarket.com/assets/OGN-296-EN-B2k0M1UU.jpg,¥2.38,$0.77,,Void Gate OGN-296/298 Foiled CN ¥2.38 EN $0.77
2026-09-02T19:40:59+00:00,https://bilgewatermarket.com/cards,Void Gate,nonfoil,0.22,https://bilgewatermarket.com/cards/OGN-296,normal,https://bilgewatermarket.com/assets/OGN-296-EN-B2k0M1UU.jpg,¥0.59,$0.22,,Void Gate OGN-296/298 CN ¥0.59 EN $0.22
2026-09-02T19:40:59+00:00,https://bilgewatermarket.com/cards,Windswept Hillock,foil,1.27,https://bilgewatermarket.com/cards/OGN-297?print_variation=foiled,foiled,https://bilgewatermarket.com/assets/OGN-297-EN-WWMdiSg3.jpg,¥2.98,$1.27,,Windswept Hillock OGN-297/298 Foiled CN ¥2.98 EN $1.27
2026-09-02T19:40:59+00:00,https://bilgewatermarket.com/cards,Windswept Hillock,nonfoil,0.26,https://bilgewatermarket.com/cards/OGN-297,normal,https://bilgewatermarket.com/assets/OGN-297-EN-WWMdiSg3.jpg,¥0.61,$0.26,,Windswept Hillock OGN-297/298 CN ¥0.61 EN $0.26
2026-09-02T19:40:59+00:00,https://bilgewatermarket.com/cards,Zaun Warrens,foil,3.32,https://bilgewatermarket.com/cards/OGN-298?print_variation=foiled,foiled,https://bilgewatermarket.com/assets/OGN-298-EN-D2bKkueV.jpg,¥2.52,$3.32,,Zaun Warrens OGN-298/298 Foiled CN ¥2.52 EN $3.32
2026-09-02T19:40:59+00:00,https://bilgewatermarket.com/cards,Zaun Warrens,nonfoil,0.22,https://bilgewatermarket.com/cards/OGN-298,normal,https://bilgewatermarket.com/assets/OGN-298-EN-D2bKkueV.jpg,¥0.63,$0.22,,Zaun Warrens OGN-298/298 CN ¥0.63 EN $0.22
2026-09-02T19:40:59+00:00,https://bilgewatermarket.com/cards,"Kai'Sa, Daughter of the Void",nonfoil,299.59,https://bilgewatermarket.com/cards/OGN-299?print_variation=showcase,showcase,https://bilgewatermarket.com/assets/OGN-299-EN-BZaLu2Pd.jpg,¥306.35,$299.59,,"Kai'Sa, Daughter of the Void OGN-299/298 Showcase CN ¥306.35 EN $299.59"
2026-09-02T19:40:59+00:00,https://bilgewatermarket.com/cards,"Volibear, Relentless Storm",nonfoil,67.57,https://bilgewatermarket.com/cards/OGN-300?print_variation=showcase,showcase,https://bilgewatermarket.com/assets/OGN-300-EN-CaRkKhmo.jpg,¥67.52,$67.57,,"Volibear, Relentless Storm OGN-300/298 Showcase CN ¥67.52 EN $67.57"
2026-09-02T19:40:59+00:00,https://bilgewatermarket.com/cards,"Jinx, Loose Cannon",nonfoil,164.74,https://bilgewatermarket.com/cards/OGN-301?print_variation=showcase,showcase,https://bilgewatermarket.com/assets/OGN-301-EN-U0bqsWSn.jpg,¥126.66,$164.74,,"Jinx, Loose Cannon OGN-301/298 Showcase CN ¥126.66 EN $164.74"
2026-09-02T19:40:59+00:00,https://bilgewatermarket.com/cards,"Darius, Hand of Noxus",nonfoil,63.56,https://bilgewatermarket.com/cards/OGN-302?print_variation=showcase,showcase,https://bilgewatermarket.com/assets/OGN-302-EN-BmVv6rdE.jpg,¥98.11,$63.56,,"Darius, Hand of Noxus OGN-302/298 Showcase CN ¥98.11 EN $63.56"
2026-09-02T19:40:59+00:00,https://bilgewatermarket.com/cards,"Ahri, Nine-Tailed Fox",nonfoil,373.05,https://bilgewatermarket.com/cards/OGN-303?print_variation=showcase,showcase,https://bilgewatermarket.com/assets/OGN-303-EN-B3DKY2Dc.jpg,¥578.04,$373.05,,"Ahri, Nine-Tailed Fox OGN-303/298 Showcase CN ¥578.04 EN $373.05"
2026-09-02T19:40:59+00:00,https://bilgewatermarket.com/cards,"Lee Sin, Blind Monk",nonfoil,152.55,https://bilgewatermarket.com/cards/OGN-304?print_variation=showcase,showcase,https://bilgewatermarket.com/assets/OGN-304-EN-mXW0PyeH.jpg,¥136.71,$152.55,,"Lee Sin, Blind Monk OGN-304/298 Showcase CN ¥136.71 EN $152.55"
2026-09-02T19:40:59+00:00,https://bilgewatermarket.com/cards,"Yasuo, Unforgiven",nonfoil,83.79,https://bilgewatermarket.com/cards/OGN-305?print_variation=showcase,showcase,https://bilgewatermarket.com/assets/OGN-305-EN-DHjZfRYg.jpg,¥95.15,$83.79,,"Yasuo, Unforgiven OGN-305/298 Showcase CN ¥95.15 EN $83.79"
2026-09-02T19:40:59+00:00,https://bilgewatermarket.com/cards,"Leona, Radiant Dawn",nonfoil,88.46,https://bilgewatermarket.com/cards/OGN-306?print_variation=showcase,showcase,https://bilgewatermarket.com/assets/OGN-306-EN-BI5Xqvbx.jpg,¥80.50,$88.46,,"Leona, Radiant Dawn OGN-306/298 Showcase CN ¥80.50 EN $88.46"
2026-09-02T19:40:59+00:00,https://bilgewatermarket.com/cards,"Teemo, Swift Scout",nonfoil,175.54,https://bilgewatermarket.com/cards/OGN-307?print_variation=showcase,showcase,https://bilgewatermarket.com/assets/OGN-307-EN-BtSzWpAh.jpg,¥126.09,$175.54,,"Teemo, Swift Scout OGN-307/298 Showcase CN ¥126.09 EN $175.54"
2026-09-02T19:40:59+00:00,https://bilgewatermarket.com/cards,"Viktor, Herald of the Arcane",nonfoil,101.90,https://bilgewatermarket.com/cards/OGN-308?print_variation=showcase,showcase,https://bilgewatermarket.com/assets/OGN-308-EN-ChazqeOJ.jpg,¥148.64,$101.90,,"Viktor, Herald of the Arcane OGN-308/298 Showcase CN ¥148.64 EN $101.90"
2026-09-02T19:40:59+00:00,https://bilgewatermarket.com/cards,"Miss Fortune, Bounty Hunter",nonfoil,189.70,https://bilgewatermarket.com/cards/OGN-309?print_variation=showcase,showcase,https://bilgewatermarket.com/assets/OGN-309-EN-CaTj3U_4.jpg,¥129.27,$189.70,,"Miss Fortune, Bounty Hunter OGN-309/298 Showcase CN ¥129.27 EN $189.70"
2026-09-02T19:40:59+00:00,https://bilgewatermarket.com/cards,"Sett, The Boss",nonfoil,89.02,https://bilgewatermarket.com/cards/OGN-310?print_variation=showcase,showcase,https://bilgewatermarket.com/assets/OGN-310-EN-DXDJA0oF.jpg,¥70.15,$89.02,,"Sett, The Boss OGN-310/298 Showcase CN ¥70.15 EN $89.02"
2026-09-02T19:40:59+00:00,https://bilgewatermarket.com/cards,Blade Twirler,nonfoil,0.16,https://bilgewatermarket.com/cards/VEN-002?print_variation=promo,promo,https://bilgewatermarket.com/assets/VEN-002-EN-DhiWbxgH.png,¥0.50,$0.16,,Blade Twirler VEN-002/166 Promo CN ¥0.50 EN $0.16
2026-09-02T19:40:59+00:00,https://bilgewatermarket.com/cards,Dune Surfer,nonfoil,0.22,https://bilgewatermarket.com/cards/VEN-004?print_variation=promo,promo,https://bilgewatermarket.com/assets/VEN-004-EN-CDFnHbgU.png,¥0.50,$0.22,,Dune Surfer VEN-004/166 Promo CN ¥0.50 EN $0.22
2026-09-02T19:40:59+00:00,https://bilgewatermarket.com/cards,Shadow Assassin,nonfoil,0.25,https://bilgewatermarket.com/cards/VEN-013?print_variation=promo,promo,https://bilgewatermarket.com/assets/VEN-013-EN-Z3fdgB-s.png,¥1.00,$0.25,,Shadow Assassin VEN-013/166 Promo CN ¥1.00 EN $0.25
2026-09-02T19:40:59+00:00,https://bilgewatermarket.com/cards,Field Musicians,nonfoil,0.11,https://bilgewatermarket.com/cards/VEN-026?print_variation=promo,promo,https://bilgewatermarket.com/assets/VEN-026-EN-DM1O5HO-.png,¥0.50,$0.11,,Field Musicians VEN-026/166 Promo CN ¥0.50 EN $0.11
2026-09-02T19:40:59+00:00,https://bilgewatermarket.com/cards,Ol' Poro,nonfoil,0.32,https://bilgewatermarket.com/cards/VEN-029?print_variation=promo,promo,https://bilgewatermarket.com/assets/VEN-029-EN-KWJAVihx.png,--,$0.32,,Ol' Poro VEN-029/166 Promo CN -- EN $0.32
2026-09-02T19:40:59+00:00,https://bilgewatermarket.com/cards,Tomb-Raider Barbara,nonfoil,0.37,https://bilgewatermarket.com/cards/VEN-037?print_variation=promo,promo,https://bilgewatermarket.com/assets/VEN-037-EN-Di1ikYYh.png,¥1.01,$0.37,,Tomb-Raider Barbara VEN-037/166 Promo CN ¥1.01 EN $0.37
2026-09-02T19:40:59+00:00,https://bilgewatermarket.com/cards,Cloud Drake,nonfoil,0.20,https://bilgewatermarket.com/cards/VEN-048?print_variation=promo,promo,https://bilgewatermarket.com/assets/VEN-048-EN-WGFx_9br.png,¥1.00,$0.20,,Cloud Drake VEN-048/166 Promo CN ¥1.00 EN $0.20
2026-09-02T19:40:59+00:00,https://bilgewatermarket.com/cards,Grumpy Rockbear,nonfoil,0.12,https://bilgewatermarket.com/cards/VEN-050?print_variation=promo,promo,https://bilgewatermarket.com/assets/VEN-050-EN-DsmQ1aGy.png,--,$0.12,,Grumpy Rockbear VEN-050/166 Promo CN -- EN $0.12
2026-09-02T19:40:59+00:00,https://bilgewatermarket.com/cards,Patched Porobot,nonfoil,0.68,https://bilgewatermarket.com/cards/VEN-058?print_variation=promo,promo,https://bilgewatermarket.com/assets/VEN-058-EN-i_v0R9Mh.png,¥3.17,$0.68,,Patched Porobot VEN-058/166 Promo CN ¥3.17 EN $0.68
2026-09-02T19:40:59+00:00,https://bilgewatermarket.com/cards,"Mel, Newly Awakened",nonfoil,4.65,https://bilgewatermarket.com/cards/VEN-069b?print_variation=promo,promo,https://bilgewatermarket.com/assets/VEN-069b-EN-ov80H4X-.webp,"¥1,010.00",$4.65,,"Mel, Newly Awakened VEN-069B/166 Promo CN ¥1,010.00 EN $4.65"
2026-09-02T19:40:59+00:00,https://bilgewatermarket.com/cards,Fretful Feline,nonfoil,0.16,https://bilgewatermarket.com/cards/VEN-071?print_variation=promo,promo,https://bilgewatermarket.com/assets/VEN-071-EN-Do7lfOl3.png,¥0.50,$0.16,,Fretful Feline VEN-071/166 Promo CN ¥0.50 EN $0.16
2026-09-02T19:40:59+00:00,https://bilgewatermarket.com/cards,Repair Specialist,nonfoil,0.27,https://bilgewatermarket.com/cards/VEN-076?print_variation=promo,promo,https://bilgewatermarket.com/assets/VEN-076-EN-C3K8gFpm.png,¥0.50,$0.27,,Repair Specialist VEN-076/166 Promo CN ¥0.50 EN $0.27
2026-09-02T19:40:59+00:00,https://bilgewatermarket.com/cards,Profiteer,nonfoil,0.27,https://bilgewatermarket.com/cards/VEN-082?print_variation=promo,promo,https://bilgewatermarket.com/assets/VEN-082-EN-6kic8myQ.png,¥0.50,$0.27,,Profiteer VEN-082/166 Promo CN ¥0.50 EN $0.27
2026-09-02T19:40:59+00:00,https://bilgewatermarket.com/cards,Spiderling,nonfoil,0.63,https://bilgewatermarket.com/cards/VEN-097?print_variation=promo,promo,https://bilgewatermarket.com/assets/VEN-097-EN-05nsFlAy.png,¥2.00,$0.63,,Spiderling VEN-097/166 Promo CN ¥2.00 EN $0.63
2026-09-02T19:40:59+00:00,https://bilgewatermarket.com/cards,Tornado Warrior,nonfoil,0.26,https://bilgewatermarket.com/cards/VEN-099?print_variation=promo,promo,https://bilgewatermarket.com/assets/VEN-099-EN-B9G9hLDc.png,¥1.70,$0.26,,Tornado Warrior VEN-099/166 Promo CN ¥1.70 EN $0.26
2026-09-02T19:40:59+00:00,https://bilgewatermarket.com/cards,Gust Monk,nonfoil,0.30,https://bilgewatermarket.com/cards/VEN-101?print_variation=promo,promo,https://bilgewatermarket.com/assets/VEN-101-EN-Cfs11m7w.png,¥3.12,$0.30,,Gust Monk VEN-101/166 Promo CN ¥3.12 EN $0.30
2026-09-02T19:40:59+00:00,https://bilgewatermarket.com/cards,Horns of the Dragon,nonfoil,0.13,https://bilgewatermarket.com/cards/VEN-118?print_variation=promo,promo,https://bilgewatermarket.com/assets/VEN-118-EN-4sJWjecS.png,¥0.50,$0.13,,Horns of the Dragon VEN-118/166 Promo CN ¥0.50 EN $0.13
2026-09-02T19:40:59+00:00,https://bilgewatermarket.com/cards,Soulspinner,nonfoil,0.15,https://bilgewatermarket.com/cards/VEN-123?print_variation=promo,promo,https://bilgewatermarket.com/assets/VEN-123-EN-DsL_H6zs.png,¥0.50,$0.15,,Soulspinner VEN-123/166 Promo CN ¥0.50 EN $0.15
2026-09-02T19:40:59+00:00,https://bilgewatermarket.com/cards,Hungry Wolf,nonfoil,0.17,https://bilgewatermarket.com/cards/VEN-125?print_variation=promo,promo,https://bilgewatermarket.com/assets/VEN-125-EN-ygpWWhje.png,¥0.50,$0.17,,Hungry Wolf VEN-125/166 Promo CN ¥0.50 EN $0.17
2026-09-02T19:40:59+00:00,https://bilgewatermarket.com/cards,"Lillia, Fae Fawn",nonfoil,49.72,https://bilgewatermarket.com/cards/UNL-082?print_variation=promo,promo,https://bilgewatermarket.com/assets/UNL-082-PROMO-CN-B7gVXBCl.JPG,¥49.72,--,,"Lillia, Fae Fawn UNL-082/219 Promo CN ¥49.72 EN --"
2026-09-02T19:40:59+00:00,https://bilgewatermarket.com/cards,Frozen Fortress,nonfoil,38.73,https://bilgewatermarket.com/cards/UNL-212?print_variation=promo,promo,https://bilgewatermarket.com/assets/UNL-212-PROMO-CN-Dj00Stib.JPG,¥38.73,--,,Frozen Fortress UNL-212/219 Promo CN ¥38.73 EN --
2026-09-02T19:40:59+00:00,https://bilgewatermarket.com/cards,Star Spring,nonfoil,44.91,https://bilgewatermarket.com/cards/UNL-215?print_variation=promo,promo,https://bilgewatermarket.com/assets/UNL-215-PROMO-CN-EmTt9sTY.JPG,¥44.91,--,,Star Spring UNL-215/219 Promo CN ¥44.91 EN --
2026-09-02T19:40:59+00:00,https://bilgewatermarket.com/cards,The Academy,nonfoil,32.52,https://bilgewatermarket.com/cards/UNL-216?print_variation=promo,promo,https://bilgewatermarket.com/assets/UNL-216-PROMO-CN-CAqhijs3.JPG,¥32.52,--,,The Academy UNL-216/219 Promo CN ¥32.52 EN --
2026-09-02T19:40:59+00:00,https://bilgewatermarket.com/cards,Boneshiver,nonfoil,3.58,https://bilgewatermarket.com/cards/SFD-118a?print_variation=promo%5Blille%20participation%5D,promo[lille participation],https://bilgewatermarket.com/assets/SFD-118a-PROMO-EN-xigMBaVV.webp,--,$3.58,,Boneshiver SFD-118A/221 Promo[Lille Participation] CN -- EN $3.58
2026-09-02T19:40:59+00:00,https://bilgewatermarket.com/cards,Blade of the Ruined King,nonfoil,2.34,https://bilgewatermarket.com/cards/SFD-178a?print_variation=promo%5Blille%20champion%5D,promo[lille champion],https://bilgewatermarket.com/assets/SFD-178a-PROMO-EN-Bf_cRAOM.webp,--,$2.34,,Blade of the Ruined King SFD-178A/221 Promo[Lille Champion] CN -- EN $2.34
2026-09-02T19:40:59+00:00,https://bilgewatermarket.com/cards,Blade of the Ruined King,nonfoil,2.34,https://bilgewatermarket.com/cards/SFD-178a?print_variation=promo%5Blille%20top%208%5D,promo[lille top 8],https://bilgewatermarket.com/assets/SFD-178a-PROMO-EN-Bf_cRAOM.webp,--,$2.34,,Blade of the Ruined King SFD-178A/221 Promo[Lille Top 8] CN -- EN $2.34
2026-09-02T19:40:59+00:00,https://bilgewatermarket.com/cards,"Ezreal, Dashing",nonfoil,57.25,https://bilgewatermarket.com/cards/SFD-082?print_variation=promo%5B%E5%8F%82%E8%B5%9B%E7%BA%AA%E5%BF%B5%5D,promo[参赛纪念],https://bilgewatermarket.com/assets/SFD-082-CN-BlynUJsk.png,¥57.25,--,,"Ezreal, Dashing SFD-082/221 Promo[参赛纪念] CN ¥57.25 EN --"
2026-09-02T19:40:59+00:00,https://bilgewatermarket.com/cards,Boneshiver,nonfoil,15.76,https://bilgewatermarket.com/cards/SFD-118a?print_variation=promo%5Bbologna%20participation%5D,promo[bologna participation],https://bilgewatermarket.com/assets/SFD-118a-PROMO-EN-xigMBaVV.webp,--,$15.76,,Boneshiver SFD-118A/221 Promo[Bologna Participation] CN -- EN $15.76
2026-09-02T19:40:59+00:00,https://bilgewatermarket.com/cards,Blade of the Ruined King,nonfoil,9.26,https://bilgewatermarket.com/cards/SFD-178?print_variation=promo%5Bbologna%20top%208%5D,promo[bologna top 8],https://bilgewatermarket.com/assets/SFD-178-PROMO-EN-C8OzA1bN.webp,--,$9.26,,Blade of the Ruined King SFD-178/221 Promo[Bologna Top 8] CN -- EN $9.26
2026-09-02T19:40:59+00:00,https://bilgewatermarket.com/cards,Blade of the Ruined King,nonfoil,0.30,https://bilgewatermarket.com/cards/SFD-178a?print_variation=promo%5Bbologna%20champion%5D,promo[bologna champion],https://bilgewatermarket.com/assets/SFD-178a-PROMO-EN-Bf_cRAOM.webp,--,$0.30,,Blade of the Ruined King SFD-178A/221 Promo[Bologna Champion] CN -- EN $0.30
2026-09-02T19:40:59+00:00,https://bilgewatermarket.com/cards,Marai Spire,nonfoil,48.59,https://bilgewatermarket.com/cards/SFD-211?print_variation=promo%5B%E5%8D%97%E4%BA%AC%E5%8F%82%E8%B5%9B%E7%BA%AA%E5%BF%B5%5D,promo[南京参赛纪念],https://bilgewatermarket.com/assets/SFD-211-PROMO-CN-lRM07a-s.jpeg,¥48.59,--,,Marai Spire SFD-211/221 Promo[南京参赛纪念] CN ¥48.59 EN --
2026-09-02T19:40:59+00:00,https://bilgewatermarket.com/cards,"Irelia, Blade Dancer",nonfoil,864.74,https://bilgewatermarket.com/cards/SFD-195a?print_variation=promo,promo,https://bilgewatermarket.com/assets/SFD-195a-PROMO-CN-BN0epQuY.jpg,¥864.74,--,,"Irelia, Blade Dancer SFD-195A/221 Promo CN ¥864.74 EN --"
2026-09-02T19:40:59+00:00,https://bilgewatermarket.com/cards,Boneshiver,nonfoil,1988.35,https://bilgewatermarket.com/cards/SFD-118a?print_variation=promo%5B%E5%A4%A7%E8%BF%9E32%E5%BC%BA%5D,promo[大连32强],https://bilgewatermarket.com/assets/SFD-118a-PROMO-EN-xigMBaVV.webp,"¥1,988.35",--,,"Boneshiver SFD-118A/221 Promo[大连32强] CN ¥1,988.35 EN --"
2026-09-02T19:40:59+00:00,https://bilgewatermarket.com/cards,Veiled Temple,nonfoil,49.58,https://bilgewatermarket.com/cards/SFD-221?print_variation=promo%5B%E5%A4%A7%E8%BF%9E%E5%8F%82%E8%B5%9B%E7%BA%AA%E5%BF%B5%5D,promo[大连参赛纪念],https://bilgewatermarket.com/assets/SFD-221-PROMO-CN-IivhYFMc.jpeg,¥49.58,--,,Veiled Temple SFD-221/221 Promo[大连参赛纪念] CN ¥49.58 EN --
2026-09-02T19:40:59+00:00,https://bilgewatermarket.com/cards,Boneshiver,nonfoil,1407.00,https://bilgewatermarket.com/cards/SFD-118a?print_variation=promo%5B%E6%88%90%E9%83%BD32%E5%BC%BA%5D,promo[成都32强],https://bilgewatermarket.com/assets/SFD-118a-PROMO_%E6%88%90%E9%83%BD32%E5%BC%BA_-CN-DI323P71.png,"¥1,407.00",--,,"Boneshiver SFD-118A/221 Promo[成都32强] CN ¥1,407.00 EN --"
2026-09-02T19:40:59+00:00,https://bilgewatermarket.com/cards,Seat of Power,nonfoil,88.86,https://bilgewatermarket.com/cards/SFD-217?print_variation=promo%5B%E6%88%90%E9%83%BD%E5%8F%82%E8%B5%9B%E7%BA%AA%E5%BF%B5%5D,promo[成都参赛纪念],https://bilgewatermarket.com/assets/SFD-217-PROMO-CN-Bze3hQxc.jpeg,¥88.86,--,,Seat of Power SFD-217/221 Promo[成都参赛纪念] CN ¥88.86 EN --
2026-09-02T19:40:59+00:00,https://bilgewatermarket.com/cards,Boneshiver,nonfoil,1504.95,https://bilgewatermarket.com/cards/SFD-118a?print_variation=promo%5B%E7%A6%8F%E5%B7%9E32%E5%BC%BA%5D,promo[福州32强],https://bilgewatermarket.com/assets/SFD-118a-PROMO-EN-xigMBaVV.webp,"¥1,504.95",--,,"Boneshiver SFD-118A/221 Promo[福州32强] CN ¥1,504.95 EN --"
2026-09-02T19:40:59+00:00,https://bilgewatermarket.com/cards,Ravenbloom Conservatory,nonfoil,46.92,https://bilgewatermarket.com/cards/SFD-215?print_variation=promo%5B%E7%A6%8F%E5%B7%9E%E5%8F%82%E8%B5%9B%E7%BA%AA%E5%BF%B5%5D,promo[福州参赛纪念],https://bilgewatermarket.com/assets/SFD-215-CN-BiNiOht2.png,¥46.92,--,,Ravenbloom Conservatory SFD-215/221 Promo[福州参赛纪念] CN ¥46.92 EN --
2026-09-02T19:40:59+00:00,https://bilgewatermarket.com/cards,"Miss Fortune, Buccaneer",nonfoil,0.33,https://bilgewatermarket.com/cards/OGN-193?print_variation=promo%5Bhouston%20participation%5D,promo[houston participation],https://bilgewatermarket.com/assets/OGN-193-PROMO-EN-go2wAICK.webp,--,$0.33,,"Miss Fortune, Buccaneer OGN-193/298 Promo[Houston Participation] CN -- EN $0.33"
2026-09-02T19:40:59+00:00,https://bilgewatermarket.com/cards,"Miss Fortune, Buccaneer",nonfoil,5.32,https://bilgewatermarket.com/cards/OGN-193a?print_variation=promo%5Bhouston%20top%208%5D,promo[houston top 8],https://bilgewatermarket.com/assets/OGN-193a-EN-UAk6_jGU.jpg,--,$5.32,,"Miss Fortune, Buccaneer OGN-193A/298 Promo[Houston Top 8] CN -- EN $5.32"
2026-09-02T19:40:59+00:00,https://bilgewatermarket.com/cards,"Miss Fortune, Buccaneer",nonfoil,64.60,https://bilgewatermarket.com/cards/OGN-193b?print_variation=promo%5Bhouston%20champion%5D,promo[houston champion],https://bilgewatermarket.com/assets/OGN-193b-PROMO-EN-CK9neXVR.webp,--,$64.60,,"Miss Fortune, Buccaneer OGN-193B/298 Promo[Houston Champion] CN -- EN $64.60"
2026-09-02T19:40:59+00:00,https://bilgewatermarket.com/cards,"Miss Fortune, Buccaneer",nonfoil,130.79,https://bilgewatermarket.com/cards/OGN-193?print_variation=promo%5B%E5%85%A8%E5%9B%BD%E5%85%AC%E5%BC%80%E8%B5%9B%E5%8F%82%E8%B5%9B%E7%BA%AA%E5%BF%B5%5D,promo[全国公开赛参赛纪念],https://bilgewatermarket.com/assets/OGN-193-PROMO-CN-BCZTo9po.jpeg,¥130.79,--,,"Miss Fortune, Buccaneer OGN-193/298 Promo[全国公开赛参赛纪念] CN ¥130.79 EN --"
2026-09-02T19:40:59+00:00,https://bilgewatermarket.com/cards,"Miss Fortune, Buccaneer",nonfoil,3385.30,https://bilgewatermarket.com/cards/OGN-193a?print_variation=promo%5B%E5%85%A8%E5%9B%BD%E5%85%AC%E5%BC%80%E8%B5%9B64%E5%BC%BA%5D,promo[全国公开赛64强],https://bilgewatermarket.com/assets/OGN-193a-CN-D79rkx_D.png,"¥3,385.30",--,,"Miss Fortune, Buccaneer OGN-193A/298 Promo[全国公开赛64强] CN ¥3,385.30 EN --"
2026-09-02T19:40:59+00:00,https://bilgewatermarket.com/cards,"Teemo, Swift Scout",nonfoil,692.06,https://bilgewatermarket.com/cards/OGN-263a?print_variation=promo,promo,https://bilgewatermarket.com/assets/OGN-263a-PROMO-EN-CXEs2GtG.jpg,¥435.00,$692.06,,"Teemo, Swift Scout OGN-263A/298 Promo CN ¥435.00 EN $692.06"
2026-09-02T19:40:59+00:00,https://bilgewatermarket.com/cards,Aspirant's Climb,nonfoil,61.93,https://bilgewatermarket.com/cards/OGN-276a?print_variation=showcase,showcase,https://bilgewatermarket.com/assets/OGN-276a-CN-COFC3sSd.jpg,¥104.90,$61.93,,BANNED Aspirant's Climb OGN-276A/298 Showcase CN ¥104.90 EN $61.93
2026-09-02T19:40:59+00:00,https://bilgewatermarket.com/cards,Bandle Tree,nonfoil,59.64,https://bilgewatermarket.com/cards/OGN-278a?print_variation=showcase,showcase,https://bilgewatermarket.com/assets/OGN-278a-CN-CKbvv-ob.JPG,¥178.41,$59.64,,Bandle Tree OGN-278A/298 Showcase CN ¥178.41 EN $59.64
2026-09-02T19:40:59+00:00,https://bilgewatermarket.com/cards,The Grand Plaza,nonfoil,44.57,https://bilgewatermarket.com/cards/OGN-293a?print_variation=showcase,showcase,https://bilgewatermarket.com/assets/OGN-293a-CN-DbQC2u2x.JPG,¥114.75,$44.57,,The Grand Plaza OGN-293A/298 Showcase CN ¥114.75 EN $44.57
2026-09-02T19:40:59+00:00,https://bilgewatermarket.com/cards,"Miss Fortune, Buccaneer",nonfoil,1888.00,https://bilgewatermarket.com/cards/OGN-193a?print_variation=promo%5B%E6%9D%AD%E5%B7%9E32%E5%BC%BA%5D,promo[杭州32强],https://bilgewatermarket.com/assets/OGN-193a-CN-D79rkx_D.png,"¥1,888.00",--,,"Miss Fortune, Buccaneer OGN-193A/298 Promo[杭州32强] CN ¥1,888.00 EN --"
2026-09-02T19:40:59+00:00,https://bilgewatermarket.com/cards,Void Gate,nonfoil,57.57,https://bilgewatermarket.com/cards/OGN-296?print_variation=promo,promo,https://bilgewatermarket.com/assets/OGN-296-PROMO-CN-BGCVBOR9.jpeg,¥57.57,--,,Void Gate OGN-296/298 Promo CN ¥57.57 EN --
2026-09-02T19:40:59+00:00,https://bilgewatermarket.com/cards,Startipped Peak,nonfoil,65.72,https://bilgewatermarket.com/cards/OGN-288?print_variation=promo%5B%E9%87%8D%E5%BA%86%E5%8F%82%E8%B5%9B%E7%BA%AA%E5%BF%B5%5D,promo[重庆参赛纪念],https://bilgewatermarket.com/assets/OGN-288-PROMO-CN-gO9MH5Bm.jpeg,¥65.72,--,,Startipped Peak OGN-288/298 Promo[重庆参赛纪念] CN ¥65.72 EN --
2026-09-02T19:40:59+00:00,https://bilgewatermarket.com/cards,"Miss Fortune, Buccaneer",nonfoil,3000.00,https://bilgewatermarket.com/cards/OGN-193a?print_variation=promo%5B%E5%8C%97%E4%BA%AC32%E5%BC%BA%5D,promo[北京32强],https://bilgewatermarket.com/assets/OGN-193a-CN-D79rkx_D.png,"¥3,000.00",--,,"Miss Fortune, Buccaneer OGN-193A/298 Promo[北京32强] CN ¥3,000.00 EN --"
2026-09-02T19:40:59+00:00,https://bilgewatermarket.com/cards,Fortified Position,nonfoil,82.91,https://bilgewatermarket.com/cards/OGN-279?print_variation=promo%5B%E5%8C%97%E4%BA%AC%E5%8F%82%E8%B5%9B%E7%BA%AA%E5%BF%B5%5D,promo[北京参赛纪念],https://bilgewatermarket.com/assets/OGN-279-PROMO-CN-C7VZjiqL.jpeg,¥82.91,--,,Fortified Position OGN-279/298 Promo[北京参赛纪念] CN ¥82.91 EN --
2026-09-02T19:40:59+00:00,https://bilgewatermarket.com/cards,"Miss Fortune, Buccaneer",nonfoil,3000.00,https://bilgewatermarket.com/cards/OGN-193a?print_variation=promo%5B%E5%B9%BF%E5%B7%9E32%E5%BC%BA%5D,promo[广州32强],https://bilgewatermarket.com/assets/OGN-193a-CN-D79rkx_D.png,"¥3,000.00",--,,"Miss Fortune, Buccaneer OGN-193A/298 Promo[广州32强] CN ¥3,000.00 EN --"
2026-09-02T19:40:59+00:00,https://bilgewatermarket.com/cards,Trifarian War Camp,nonfoil,123.84,https://bilgewatermarket.com/cards/OGN-294?print_variation=promo%5B%E5%B9%BF%E5%B7%9E%E5%8F%82%E8%B5%9B%E7%BA%AA%E5%BF%B5%5D,promo[广州参赛纪念],https://bilgewatermarket.com/assets/OGN-294-PROMO-CN-C1wmjBK7.jpeg,¥123.84,--,,Trifarian War Camp OGN-294/298 Promo[广州参赛纪念] CN ¥123.84 EN --
2026-09-02T19:40:59+00:00,https://bilgewatermarket.com/cards,"Vi, Destructive",nonfoil,971.70,https://bilgewatermarket.com/cards/ARC-001?print_variation=showcase,showcase,https://bilgewatermarket.com/assets/ARC-001-CN-jewnCFbE.jpg,¥971.70,--,,"Vi, Destructive ARC-001/006 Showcase CN ¥971.70 EN --"
2026-09-02T19:40:59+00:00,https://bilgewatermarket.com/cards,"Caitlyn, Patrolling",nonfoil,901.81,https://bilgewatermarket.com/cards/ARC-002?print_variation=showcase,showcase,https://bilgewatermarket.com/assets/ARC-002-CN-BRLHZ5px.jpg,¥901.81,--,,"Caitlyn, Patrolling ARC-002/006 Showcase CN ¥901.81 EN --"
2026-09-02T19:40:59+00:00,https://bilgewatermarket.com/cards,"Heimerdinger, Inventor",nonfoil,760.89,https://bilgewatermarket.com/cards/ARC-003?print_variation=showcase,showcase,https://bilgewatermarket.com/assets/ARC-003-CN-DEOp0EU_.jpg,¥760.89,--,,"Heimerdinger, Inventor ARC-003/006 Showcase CN ¥760.89 EN --"
2026-09-02T19:40:59+00:00,https://bilgewatermarket.com/cards,"Warwick, Hunter",nonfoil,539.56,https://bilgewatermarket.com/cards/ARC-004?print_variation=showcase,showcase,https://bilgewatermarket.com/assets/ARC-004-CN-DQSK5ATM.jpg,¥539.56,--,,"Warwick, Hunter ARC-004/006 Showcase CN ¥539.56 EN --"
2026-09-02T19:40:59+00:00,https://bilgewatermarket.com/cards,"Jinx, Rebel",nonfoil,3371.86,https://bilgewatermarket.com/cards/ARC-005?print_variation=showcase,showcase,https://bilgewatermarket.com/assets/ARC-005-CN-DwwRoVjx.jpg,"¥3,371.86",--,,"Jinx, Rebel ARC-005/006 Showcase CN ¥3,371.86 EN --"
2026-09-02T19:40:59+00:00,https://bilgewatermarket.com/cards,"Viktor, Leader",nonfoil,965.69,https://bilgewatermarket.com/cards/ARC-006?print_variation=showcase,showcase,https://bilgewatermarket.com/assets/ARC-006-CN-CuIyUvpo.jpg,¥965.69,--,,"Viktor, Leader ARC-006/006 Showcase CN ¥965.69 EN --"
2026-09-02T19:40:59+00:00,https://bilgewatermarket.com/cards,"Vi, Destructive",nonfoil,98.34,https://bilgewatermarket.com/cards/OGN-036a?print_variation=promo,promo,https://bilgewatermarket.com/assets/OGN-036a-PROMO-EN-s5V8IbEB.webp,--,$98.34,,"Vi, Destructive OGN-036A/298 Promo CN -- EN $98.34"
2026-09-02T19:40:59+00:00,https://bilgewatermarket.com/cards,"Caitlyn, Patrolling",nonfoil,90.23,https://bilgewatermarket.com/cards/OGN-068a?print_variation=promo,promo,https://bilgewatermarket.com/assets/OGN-068a-PROMO-EN-C7PItONt.webp,--,$90.23,,"Caitlyn, Patrolling OGN-068A/298 Promo CN -- EN $90.23"
2026-09-02T19:40:59+00:00,https://bilgewatermarket.com/cards,"Heimerdinger, Inventor",nonfoil,59.25,https://bilgewatermarket.com/cards/OGN-111a?print_variation=promo,promo,https://bilgewatermarket.com/assets/OGN-111a-PROMO-EN-CalCzUTC.webp,--,$59.25,,"Heimerdinger, Inventor OGN-111A/298 Promo CN -- EN $59.25"
2026-09-02T19:40:59+00:00,https://bilgewatermarket.com/cards,"Warwick, Hunter",nonfoil,61.10,https://bilgewatermarket.com/cards/OGN-159a?print_variation=promo,promo,https://bilgewatermarket.com/assets/OGN-159a-PROMO-EN-D_hVmZux.webp,--,$61.10,,"Warwick, Hunter OGN-159A/298 Promo CN -- EN $61.10"
2026-09-02T19:40:59+00:00,https://bilgewatermarket.com/cards,"Jinx, Rebel",nonfoil,215.80,https://bilgewatermarket.com/cards/OGN-202b?print_variation=promo,promo,https://bilgewatermarket.com/assets/OGN-202b-PROMO-EN-Bnp0b5QC.webp,--,$215.80,,"Jinx, Rebel OGN-202B/298 Promo CN -- EN $215.80"
2026-09-02T19:40:59+00:00,https://bilgewatermarket.com/cards,"Viktor, Leader",nonfoil,58.50,https://bilgewatermarket.com/cards/OGN-246b?print_variation=promo,promo,https://bilgewatermarket.com/assets/OGN-246b-PROMO-EN-DqxBFYPo.webp,--,$58.50,,"Viktor, Leader OGN-246B/298 Promo CN -- EN $58.50"
2026-09-02T19:40:59+00:00,https://bilgewatermarket.com/cards,Blazing Scorcher,nonfoil,0.31,https://bilgewatermarket.com/cards/OGN-001?print_variation=promo,promo,https://bilgewatermarket.com/assets/OGN-001-PROMO-EN-DcPOj0Yk.webp,¥0.67,$0.31,,Blazing Scorcher OGN-001/298 Promo CN ¥0.67 EN $0.31
2026-09-02T19:40:59+00:00,https://bilgewatermarket.com/cards,Fury Rune,nonfoil,2.98,https://bilgewatermarket.com/cards/OGN-007b?print_variation=promo,promo,https://bilgewatermarket.com/assets/OGN-007b-PROMO-CN-BRracgIn.jpg,¥15.77,$2.98,,Fury Rune OGN-007B/298 Promo CN ¥15.77 EN $2.98
2026-09-02T19:40:59+00:00,https://bilgewatermarket.com/cards,Pouty Poro,nonfoil,2.28,https://bilgewatermarket.com/cards/OGN-013?print_variation=promo,promo,https://bilgewatermarket.com/assets/OGN-013-PROMO-EN-wX1k0Ncw.webp,¥1.09,$2.28,,Pouty Poro OGN-013/298 Promo CN ¥1.09 EN $2.28
2026-09-02T19:40:59+00:00,https://bilgewatermarket.com/cards,Void Seeker,nonfoil,0.71,https://bilgewatermarket.com/cards/OGN-024?print_variation=promo,promo,https://bilgewatermarket.com/assets/OGN-024-PROMO-EN-BpKthU2-.webp,¥2.52,$0.71,,Void Seeker OGN-024/298 Promo CN ¥2.52 EN $0.71
2026-09-02T19:40:59+00:00,https://bilgewatermarket.com/cards,"Tryndamere, Barbarian",nonfoil,2.05,https://bilgewatermarket.com/cards/OGN-034?print_variation=promo,promo,https://bilgewatermarket.com/assets/OGN-034-PROMO-EN-DterX5tm.webp,¥198.97,$2.05,,"Tryndamere, Barbarian OGN-034/298 Promo CN ¥198.97 EN $2.05"
2026-09-02T19:40:59+00:00,https://bilgewatermarket.com/cards,Calm Rune,nonfoil,4.85,https://bilgewatermarket.com/cards/OGN-042b?print_variation=promo,promo,https://bilgewatermarket.com/assets/OGN-042b-PROMO-CN-iY1zqCI8.jpg,¥18.23,$4.85,,Calm Rune OGN-042B/298 Promo CN ¥18.23 EN $4.85
2026-09-02T19:40:59+00:00,https://bilgewatermarket.com/cards,Stalwart Poro,nonfoil,1.29,https://bilgewatermarket.com/cards/OGN-052?print_variation=promo,promo,https://bilgewatermarket.com/assets/OGN-052-PROMO-EN-DCbcvVXs.webp,¥1.95,$1.29,,Stalwart Poro OGN-052/298 Promo CN ¥1.95 EN $1.29
2026-09-02T19:40:59+00:00,https://bilgewatermarket.com/cards,Wielder of Water,nonfoil,0.27,https://bilgewatermarket.com/cards/OGN-055?print_variation=promo,promo,https://bilgewatermarket.com/assets/OGN-055-PROMO-EN-Du50TZq8.webp,¥0.79,$0.27,,Wielder of Water OGN-055/298 Promo CN ¥0.79 EN $0.27
2026-09-02T19:40:59+00:00,https://bilgewatermarket.com/cards,Discipline,nonfoil,4.09,https://bilgewatermarket.com/cards/OGN-058?print_variation=promo,promo,https://bilgewatermarket.com/assets/OGN-058-PROMO-EN-CD-vuyGf.webp,¥10.42,$4.09,,Discipline OGN-058/298 Promo CN ¥10.42 EN $4.09
2026-09-02T19:40:59+00:00,https://bilgewatermarket.com/cards,"Ahri, Alluring",nonfoil,23.98,https://bilgewatermarket.com/cards/OGN-066?print_variation=promo,promo,https://bilgewatermarket.com/assets/OGN-066-PROMO-CN-CzhQgGAw.jpeg,¥23.98,--,,"Ahri, Alluring OGN-066/298 Promo CN ¥23.98 EN --"
2026-09-02T19:40:59+00:00,https://bilgewatermarket.com/cards,"Ahri, Alluring",nonfoil,177.02,https://bilgewatermarket.com/cards/OGN-066?print_variation=promo%5Borigins%20launch%20event%5D,promo[origins launch event],https://bilgewatermarket.com/assets/OGN-066-PROMO-EN-Dn1GfKOl.webp,--,$177.02,,"Ahri, Alluring OGN-066/298 Promo[Origins Launch Event] CN -- EN $177.02"
2026-09-02T19:40:59+00:00,https://bilgewatermarket.com/cards,"Blitzcrank, Impassive",nonfoil,288.73,https://bilgewatermarket.com/cards/OGN-067?print_variation=promo,promo,https://bilgewatermarket.com/assets/OGN-067-PROMO-CN-BgAEaY7O.jpeg,¥288.73,--,,"Blitzcrank, Impassive OGN-067/298 Promo CN ¥288.73 EN --"
2026-09-02T19:40:59+00:00,https://bilgewatermarket.com/cards,"Blitzcrank, Impassive",nonfoil,8.20,https://bilgewatermarket.com/cards/OGN-067?print_variation=promo%5Bsummoner%20skirmish%20top%208%5D,promo[summoner skirmish top 8],https://bilgewatermarket.com/assets/OGN-067-PROMO-EN-CV577cpi.webp,--,$8.20,,"Blitzcrank, Impassive OGN-067/298 Promo[Summoner Skirmish Top 8] CN -- EN $8.20"
2026-09-02T19:40:59+00:00,https://bilgewatermarket.com/cards,"Lee Sin, Ascetic",nonfoil,1.31,https://bilgewatermarket.com/cards/OGN-078?print_variation=promo,promo,https://bilgewatermarket.com/assets/OGN-078-PROMO-EN-CjWRECQ6.webp,¥7.25,$1.31,,"Lee Sin, Ascetic OGN-078/298 Promo CN ¥7.25 EN $1.31"
2026-09-02T19:40:59+00:00,https://bilgewatermarket.com/cards,Consult the Past,nonfoil,0.48,https://bilgewatermarket.com/cards/OGN-083?print_variation=promo,promo,https://bilgewatermarket.com/assets/OGN-083-PROMO-EN-Cwhiktnq.webp,¥1.03,$0.48,,Consult the Past OGN-083/298 Promo CN ¥1.03 EN $0.48
2026-09-02T19:40:59+00:00,https://bilgewatermarket.com/cards,Mind Rune,nonfoil,6.24,https://bilgewatermarket.com/cards/OGN-089b?print_variation=promo,promo,https://bilgewatermarket.com/assets/OGN-089b-PROMO-CN-Chkoki8i.jpg,¥17.70,$6.24,,Mind Rune OGN-089B/298 Promo CN ¥17.70 EN $6.24
2026-09-02T19:40:59+00:00,https://bilgewatermarket.com/cards,Riptide Rex,nonfoil,0.26,https://bilgewatermarket.com/cards/OGN-092?print_variation=promo,promo,https://bilgewatermarket.com/assets/OGN-092-PROMO-EN-D8K8o504.webp,¥0.95,$0.26,,Riptide Rex OGN-092/298 Promo CN ¥0.95 EN $0.26
2026-09-02T19:40:59+00:00,https://bilgewatermarket.com/cards,Ravenbloom Student,nonfoil,2.21,https://bilgewatermarket.com/cards/OGN-103?print_variation=promo,promo,https://bilgewatermarket.com/assets/OGN-103-PROMO-EN-BtkhdYGF.webp,¥3.52,$2.21,,Ravenbloom Student OGN-103/298 Promo CN ¥3.52 EN $2.21
2026-09-02T19:40:59+00:00,https://bilgewatermarket.com/cards,"Heimerdinger, Inventor",nonfoil,0.43,https://bilgewatermarket.com/cards/OGN-111?print_variation=promo,promo,https://bilgewatermarket.com/assets/OGN-111-PROMO-EN-aJuG3h2o.webp,¥420.80,$0.43,,"Heimerdinger, Inventor OGN-111/298 Promo CN ¥420.80 EN $0.43"
2026-09-02T19:40:59+00:00,https://bilgewatermarket.com/cards,Body Rune,nonfoil,2.81,https://bilgewatermarket.com/cards/OGN-126b?print_variation=promo,promo,https://bilgewatermarket.com/assets/OGN-126b-PROMO-CN-BrFX9dy7.jpg,¥14.68,$2.81,,Body Rune OGN-126B/298 Promo CN ¥14.68 EN $2.81
2026-09-02T19:40:59+00:00,https://bilgewatermarket.com/cards,Challenge,nonfoil,0.78,https://bilgewatermarket.com/cards/OGN-128?print_variation=promo,promo,https://bilgewatermarket.com/assets/OGN-128-PROMO-EN-_nMHBrhC.webp,¥2.33,$0.78,,Challenge OGN-128/298 Promo CN ¥2.33 EN $0.78
2026-09-02T19:40:59+00:00,https://bilgewatermarket.com/cards,Pakaa Cub,nonfoil,0.25,https://bilgewatermarket.com/cards/OGN-135?print_variation=promo,promo,https://bilgewatermarket.com/assets/OGN-135-PROMO-EN-BwFQGS7Y.webp,¥0.96,$0.25,,Pakaa Cub OGN-135/298 Promo CN ¥0.96 EN $0.25
2026-09-02T19:40:59+00:00,https://bilgewatermarket.com/cards,Stormclaw Ursine,nonfoil,0.23,https://bilgewatermarket.com/cards/OGN-137?print_variation=promo,promo,https://bilgewatermarket.com/assets/OGN-137-PROMO-EN-uGE1ZCuy.webp,¥0.50,$0.23,,Stormclaw Ursine OGN-137/298 Promo CN ¥0.50 EN $0.23
2026-09-02T19:40:59+00:00,https://bilgewatermarket.com/cards,"Lee Sin, Centered",nonfoil,71.43,https://bilgewatermarket.com/cards/OGN-151b?print_variation=promo,promo,https://bilgewatermarket.com/assets/OGN-151b-PROMO-EN-B2V2CY72.webp,--,$71.43,,"Lee Sin, Centered OGN-151B/298 Promo CN -- EN $71.43"
2026-09-02T19:40:59+00:00,https://bilgewatermarket.com/cards,Chaos Rune,nonfoil,7.11,https://bilgewatermarket.com/cards/OGN-166b?print_variation=promo,promo,https://bilgewatermarket.com/assets/OGN-166b-CN-CAq5Xwe1.jpg,¥17.36,$7.11,,Chaos Rune OGN-166B/298 Promo CN ¥17.36 EN $7.11
2026-09-02T19:40:59+00:00,https://bilgewatermarket.com/cards,Mystic Poro,nonfoil,1.58,https://bilgewatermarket.com/cards/OGN-171?print_variation=promo,promo,https://bilgewatermarket.com/assets/OGN-171-PROMO-EN-DSYKeWt1.webp,¥0.95,$1.58,,Mystic Poro OGN-171/298 Promo CN ¥0.95 EN $1.58
2026-09-02T19:40:59+00:00,https://bilgewatermarket.com/cards,Stealthy Pursuer,nonfoil,0.23,https://bilgewatermarket.com/cards/OGN-177?print_variation=promo,promo,https://bilgewatermarket.com/assets/OGN-177-PROMO-EN-CZosXjnz.webp,¥0.50,$0.23,,BANNED Stealthy Pursuer OGN-177/298 Promo CN ¥0.50 EN $0.23
2026-09-02T19:40:59+00:00,https://bilgewatermarket.com/cards,Stacked Deck,nonfoil,11.86,https://bilgewatermarket.com/cards/OGN-183?print_variation=promo,promo,https://bilgewatermarket.com/assets/OGN-183-PROMO-EN-Bzhzj9r9.webp,¥19.00,$11.86,,Stacked Deck OGN-183/298 Promo CN ¥19.00 EN $11.86
2026-09-02T19:40:59+00:00,https://bilgewatermarket.com/cards,"Teemo, Scout",nonfoil,7.97,https://bilgewatermarket.com/cards/OGN-197?print_variation=promo,promo,https://bilgewatermarket.com/assets/OGN-197-PROMO-EN-A5tpcAtw.webp,¥7.97,--,,"Teemo, Scout OGN-197/298 Promo CN ¥7.97 EN --"
2026-09-02T19:40:59+00:00,https://bilgewatermarket.com/cards,"Teemo, Scout",nonfoil,15.82,https://bilgewatermarket.com/cards/OGN-197?print_variation=promo%5Borigins%20store%20demo%5D,promo[origins store demo],https://bilgewatermarket.com/assets/OGN-197-PROMO-EN-A5tpcAtw.webp,--,$15.82,,"Teemo, Scout OGN-197/298 Promo[Origins Store Demo] CN -- EN $15.82"
2026-09-02T19:40:59+00:00,https://bilgewatermarket.com/cards,"Teemo, Scout",nonfoil,1470.11,https://bilgewatermarket.com/cards/OGN-197b?print_variation=promo,promo,https://bilgewatermarket.com/assets/OGN-197b-PROMO-EN-DHlKKnOE.jpg,"¥2,227.50","$1,470.11",,"Teemo, Scout OGN-197B/298 Promo CN ¥2,227.50 EN $1,470.11"
2026-09-02T19:40:59+00:00,https://bilgewatermarket.com/cards,"Jinx, Rebel",nonfoil,6.26,https://bilgewatermarket.com/cards/OGN-202?print_variation=promo,promo,https://bilgewatermarket.com/assets/OGN-202-PROMO-EN-DvQ2q9ID.webp,¥30.92,$6.26,,"Jinx, Rebel OGN-202/298 Promo CN ¥30.92 EN $6.26"
2026-09-02T19:40:59+00:00,https://bilgewatermarket.com/cards,Daring Poro,nonfoil,1.11,https://bilgewatermarket.com/cards/OGN-210?print_variation=promo,promo,https://bilgewatermarket.com/assets/OGN-210-PROMO-EN-yNzCrSeM.webp,¥0.68,$1.11,,Daring Poro OGN-210/298 Promo CN ¥0.68 EN $1.11
2026-09-02T19:40:59+00:00,https://bilgewatermarket.com/cards,Order Rune,nonfoil,3.25,https://bilgewatermarket.com/cards/OGN-214b?print_variation=promo,promo,https://bilgewatermarket.com/assets/OGN-214b-PROMO-CN-D906ftdR.jpg,¥14.45,$3.25,,Order Rune OGN-214B/298 Promo CN ¥14.45 EN $3.25
2026-09-02T19:40:59+00:00,https://bilgewatermarket.com/cards,Vanguard Captain,nonfoil,0.41,https://bilgewatermarket.com/cards/OGN-218?print_variation=promo,promo,https://bilgewatermarket.com/assets/OGN-218-PROMO-EN-fGozsUpb.webp,¥1.48,$0.41,,Vanguard Captain OGN-218/298 Promo CN ¥1.48 EN $0.41
2026-09-02T19:40:59+00:00,https://bilgewatermarket.com/cards,Vengeance,nonfoil,0.33,https://bilgewatermarket.com/cards/OGN-229?print_variation=promo,promo,https://bilgewatermarket.com/assets/OGN-229-PROMO-EN-BRZYbMwM.webp,¥0.90,$0.33,,Vengeance OGN-229/298 Promo CN ¥0.90 EN $0.33
2026-09-02T19:40:59+00:00,https://bilgewatermarket.com/cards,"Viktor, Leader",nonfoil,6.13,https://bilgewatermarket.com/cards/OGN-246?print_variation=promo,promo,https://bilgewatermarket.com/assets/OGN-246-PROMO-EN-Dt1towIV.webp,¥10.23,$6.13,,"Viktor, Leader OGN-246/298 Promo CN ¥10.23 EN $6.13"
2026-09-02T19:40:59+00:00,https://bilgewatermarket.com/cards,"Kai'Sa, Daughter of the Void",nonfoil,0.40,https://bilgewatermarket.com/cards/OGN-247?print_variation=promo,promo,https://bilgewatermarket.com/assets/OGN-247-PROMO-EN-DvJNtZmY.webp,¥21.78,$0.40,,"Kai'Sa, Daughter of the Void OGN-247/298 Promo CN ¥21.78 EN $0.40"
2026-09-02T19:40:59+00:00,https://bilgewatermarket.com/cards,"Volibear, Relentless Storm",nonfoil,0.27,https://bilgewatermarket.com/cards/OGN-249?print_variation=promo,promo,https://bilgewatermarket.com/assets/OGN-249-PROMO-EN-CvjhZlpQ.webp,¥5.08,$0.27,,"Volibear, Relentless Storm OGN-249/298 Promo CN ¥5.08 EN $0.27"
2026-09-02T19:40:59+00:00,https://bilgewatermarket.com/cards,"Jinx, Loose Cannon",nonfoil,0.23,https://bilgewatermarket.com/cards/OGN-251?print_variation=promo,promo,https://bilgewatermarket.com/assets/OGN-251-PROMO-EN-BOCYnGgY.webp,¥237.85,$0.23,,"Jinx, Loose Cannon OGN-251/298 Promo CN ¥237.85 EN $0.23"
2026-09-02T19:40:59+00:00,https://bilgewatermarket.com/cards,"Darius, Hand of Noxus",nonfoil,0.24,https://bilgewatermarket.com/cards/OGN-253?print_variation=promo,promo,https://bilgewatermarket.com/assets/OGN-253-PROMO-EN-CwBj8oMG.webp,¥5.00,$0.24,,"Darius, Hand of Noxus OGN-253/298 Promo CN ¥5.00 EN $0.24"
2026-09-02T19:40:59+00:00,https://bilgewatermarket.com/cards,"Ahri, Nine-Tailed Fox",nonfoil,1.53,https://bilgewatermarket.com/cards/OGN-255?print_variation=promo,promo,https://bilgewatermarket.com/assets/OGN-255-PROMO-EN-BQxAKueS.webp,¥44.01,$1.53,,"Ahri, Nine-Tailed Fox OGN-255/298 Promo CN ¥44.01 EN $1.53"
2026-09-02T19:40:59+00:00,https://bilgewatermarket.com/cards,"Lee Sin, Blind Monk",nonfoil,0.25,https://bilgewatermarket.com/cards/OGN-257?print_variation=promo,promo,https://bilgewatermarket.com/assets/OGN-257-PROMO-EN-DhScf7p_.webp,¥4.33,$0.25,,"Lee Sin, Blind Monk OGN-257/298 Promo CN ¥4.33 EN $0.25"
2026-09-02T19:40:59+00:00,https://bilgewatermarket.com/cards,"Yasuo, Unforgiven",nonfoil,0.30,https://bilgewatermarket.com/cards/OGN-259?print_variation=promo,promo,https://bilgewatermarket.com/assets/OGN-259-PROMO-EN-CkYHQQQA.webp,¥11.60,$0.30,,"Yasuo, Unforgiven OGN-259/298 Promo CN ¥11.60 EN $0.30"
2026-09-02T19:40:59+00:00,https://bilgewatermarket.com/cards,"Leona, Radiant Dawn",nonfoil,0.28,https://bilgewatermarket.com/cards/OGN-261?print_variation=promo,promo,https://bilgewatermarket.com/assets/OGN-261-PROMO-EN-DVW_0Ca8.webp,¥5.54,$0.28,,"Leona, Radiant Dawn OGN-261/298 Promo CN ¥5.54 EN $0.28"
2026-09-02T19:40:59+00:00,https://bilgewatermarket.com/cards,"Teemo, Swift Scout",nonfoil,0.38,https://bilgewatermarket.com/cards/OGN-263?print_variation=promo,promo,https://bilgewatermarket.com/assets/OGN-263-PROMO-EN-BOTHEjJs.webp,¥43.83,$0.38,,"Teemo, Swift Scout OGN-263/298 Promo CN ¥43.83 EN $0.38"
2026-09-02T19:40:59+00:00,https://bilgewatermarket.com/cards,"Viktor, Herald of the Arcane",nonfoil,0.24,https://bilgewatermarket.com/cards/OGN-265?print_variation=promo,promo,https://bilgewatermarket.com/assets/OGN-265-PROMO-EN-DZAWlap2.webp,¥233.11,$0.24,,"Viktor, Herald of the Arcane OGN-265/298 Promo CN ¥233.11 EN $0.24"
2026-09-02T19:40:59+00:00,https://bilgewatermarket.com/cards,"Miss Fortune, Bounty Hunter",nonfoil,0.35,https://bilgewatermarket.com/cards/OGN-267?print_variation=promo,promo,https://bilgewatermarket.com/assets/OGN-267-PROMO-EN-Ta32d8Tj.webp,¥21.99,$0.35,,"Miss Fortune, Bounty Hunter OGN-267/298 Promo CN ¥21.99 EN $0.35"
2026-09-02T19:40:59+00:00,https://bilgewatermarket.com/cards,"Sett, The Boss",nonfoil,0.36,https://bilgewatermarket.com/cards/OGN-269?print_variation=promo,promo,https://bilgewatermarket.com/assets/OGN-269-PROMO-EN-DW50XGvo.webp,¥5.69,$0.36,,"Sett, The Boss OGN-269/298 Promo CN ¥5.69 EN $0.36"
2026-09-02T19:40:59+00:00,https://bilgewatermarket.com/cards,Recruit,nonfoil,88.59,https://bilgewatermarket.com/cards/OGN-271a?print_variation=promo,promo,https://bilgewatermarket.com/assets/OGN-271a-PROMO-CN-CEbk9rr1.png,¥88.59,--,,Recruit OGN-271A/298 Promo CN ¥88.59 EN --
2026-09-02T19:40:59+00:00,https://bilgewatermarket.com/cards,Altar to Unity,nonfoil,0.38,https://bilgewatermarket.com/cards/OGN-275a?print_variation=promo%5Bteamfight%20tactics%20paris%20open%5D,promo[teamfight tactics paris open],https://bilgewatermarket.com/assets/OGN-275a-PROMO-EN-CQarUxBT.webp,--,$0.38,,Altar to Unity OGN-275A/298 Promo[Teamfight Tactics Paris Open] CN -- EN $0.38
2026-09-02T19:40:59+00:00,https://bilgewatermarket.com/cards,"Annie, Fiery",nonfoil,30.16,https://bilgewatermarket.com/cards/OGS-001?print_variation=promo,promo,https://bilgewatermarket.com/assets/OGS-001-PROMO-EN-I6gHKM3d.webp,¥7.07,$30.16,,"Annie, Fiery OGS-001/024 Promo CN ¥7.07 EN $30.16"
2026-09-02T19:40:59+00:00,https://bilgewatermarket.com/cards,"Yi, Meditative",nonfoil,3.71,https://bilgewatermarket.com/cards/OGS-004?print_variation=promo,promo,https://bilgewatermarket.com/assets/OGS-004-PROMO-EN-BiuIPWUe.webp,¥6.00,$3.71,,"Yi, Meditative OGS-004/024 Promo CN ¥6.00 EN $3.71"
2026-09-02T19:40:59+00:00,https://bilgewatermarket.com/cards,"Lux, Illuminated",nonfoil,17.47,https://bilgewatermarket.com/cards/OGS-006?print_variation=promo,promo,https://bilgewatermarket.com/assets/OGS-006-PROMO-EN-CXx6X0BP.webp,¥4.00,$17.47,,"Lux, Illuminated OGS-006/024 Promo CN ¥4.00 EN $17.47"
2026-09-02T19:40:59+00:00,https://bilgewatermarket.com/cards,"Garen, Rugged",nonfoil,6.78,https://bilgewatermarket.com/cards/OGS-007?print_variation=promo,promo,https://bilgewatermarket.com/assets/OGS-007-PROMO-EN-CCjh74f3.webp,¥3.97,$6.78,,"Garen, Rugged OGS-007/024 Promo CN ¥3.97 EN $6.78"
2026-09-02T19:40:59+00:00,https://bilgewatermarket.com/cards,"Yi, Honed",nonfoil,16.00,https://bilgewatermarket.com/cards/OGS-009?print_variation=promo,promo,https://bilgewatermarket.com/assets/OGS-009-PROMO-EN-CqYX1ikV.webp,¥8.96,$16.00,,"Yi, Honed OGS-009/024 Promo CN ¥8.96 EN $16.00"
2026-09-02T19:40:59+00:00,https://bilgewatermarket.com/cards,"Annie, Stubborn",nonfoil,19.54,https://bilgewatermarket.com/cards/OGS-010?print_variation=promo,promo,https://bilgewatermarket.com/assets/OGS-010-PROMO-EN-Cm74bub6.webp,¥10.15,$19.54,,"Annie, Stubborn OGS-010/024 Promo CN ¥10.15 EN $19.54"
2026-09-02T19:40:59+00:00,https://bilgewatermarket.com/cards,Flash,nonfoil,2.37,https://bilgewatermarket.com/cards/OGS-011?print_variation=promo,promo,https://bilgewatermarket.com/assets/OGS-011-EN-ylQwYTCz.jpg,¥63.72,$2.37,,Flash OGS-011/024 Promo CN ¥63.72 EN $2.37
2026-09-02T19:40:59+00:00,https://bilgewatermarket.com/cards,"Garen, Commander",nonfoil,4.90,https://bilgewatermarket.com/cards/OGS-013?print_variation=promo,promo,https://bilgewatermarket.com/assets/OGS-013-PROMO-EN-B90fc6KQ.webp,¥2.02,$4.90,,"Garen, Commander OGS-013/024 Promo CN ¥2.02 EN $4.90"
2026-09-02T19:40:59+00:00,https://bilgewatermarket.com/cards,"Lux, Crownguard",nonfoil,59.90,https://bilgewatermarket.com/cards/OGS-014?print_variation=promo,promo,https://bilgewatermarket.com/assets/OGS-014-PROMO-EN-CFmGuLos.webp,¥35.84,$59.90,,"Lux, Crownguard OGS-014/024 Promo CN ¥35.84 EN $59.90"
2026-09-02T19:40:59+00:00,https://bilgewatermarket.com/cards,"Annie, Dark Child, Starter",nonfoil,42.89,https://bilgewatermarket.com/cards/OGS-017?print_variation=promo,promo,https://bilgewatermarket.com/assets/OGS-017-PROMO-EN-O9sS79Zp.webp,¥40.57,$42.89,,"Annie, Dark Child, Starter OGS-017/024 Promo CN ¥40.57 EN $42.89"
2026-09-02T19:40:59+00:00,https://bilgewatermarket.com/cards,Tibbers,nonfoil,6.16,https://bilgewatermarket.com/cards/OGS-018?print_variation=promo,promo,https://bilgewatermarket.com/assets/OGS-018-PROMO-EN-7_6XJ_UU.webp,¥2.19,$6.16,,Tibbers OGS-018/024 Promo CN ¥2.19 EN $6.16
2026-09-02T19:40:59+00:00,https://bilgewatermarket.com/cards,"Master Yi, Wuju Bladesman, Starter",nonfoil,41.98,https://bilgewatermarket.com/cards/OGS-019?print_variation=promo,promo,https://bilgewatermarket.com/assets/OGS-019-PROMO-EN-zIk4cfgU.webp,¥48.12,$41.98,,"Master Yi, Wuju Bladesman, Starter OGS-019/024 Promo CN ¥48.12 EN $41.98"
2026-09-02T19:40:59+00:00,https://bilgewatermarket.com/cards,Highlander,nonfoil,2.36,https://bilgewatermarket.com/cards/OGS-020?print_variation=promo,promo,https://bilgewatermarket.com/assets/OGS-020-PROMO-EN-CawOIdIr.webp,¥2.98,$2.36,,Highlander OGS-020/024 Promo CN ¥2.98 EN $2.36
2026-09-02T19:40:59+00:00,https://bilgewatermarket.com/cards,"Lux, Lady of Luminosity, Starter",nonfoil,50.77,https://bilgewatermarket.com/cards/OGS-021?print_variation=promo,promo,https://bilgewatermarket.com/assets/OGS-021-PROMO-EN-BwvMmMzR.webp,¥35.70,$50.77,,"Lux, Lady of Luminosity, Starter OGS-021/024 Promo CN ¥35.70 EN $50.77"
2026-09-02T19:40:59+00:00,https://bilgewatermarket.com/cards,Final Spark,nonfoil,4.24,https://bilgewatermarket.com/cards/OGS-022?print_variation=promo,promo,https://bilgewatermarket.com/assets/OGS-022-PROMO-EN-DUBkTH8-.webp,¥4.05,$4.24,,Final Spark OGS-022/024 Promo CN ¥4.05 EN $4.24
2026-09-02T19:40:59+00:00,https://bilgewatermarket.com/cards,"Garen, Might of Demacia, Starter",nonfoil,6.80,https://bilgewatermarket.com/cards/OGS-023?print_variation=promo,promo,https://bilgewatermarket.com/assets/OGS-023-PROMO-EN-DPOr-GOp.webp,¥4.06,$6.80,,"Garen, Might of Demacia, Starter OGS-023/024 Promo CN ¥4.06 EN $6.80"
2026-09-02T19:40:59+00:00,https://bilgewatermarket.com/cards,Decisive Strike,nonfoil,1.76,https://bilgewatermarket.com/cards/OGS-024?print_variation=promo,promo,https://bilgewatermarket.com/assets/OGS-024-PROMO-EN-C3eeaso8.webp,¥2.04,$1.76,,Decisive Strike OGS-024/024 Promo CN ¥2.04 EN $1.76
2026-09-02T19:40:59+00:00,https://bilgewatermarket.com/cards,Gem Jammer,nonfoil,0.18,https://bilgewatermarket.com/cards/SFD-007?print_variation=promo,promo,https://bilgewatermarket.com/assets/SFD-007-PROMO-EN-BxWuACIA.webp,¥1.01,$0.18,,Gem Jammer SFD-007/221 Promo CN ¥1.01 EN $0.18
2026-09-02T19:40:59+00:00,https://bilgewatermarket.com/cards,Serrated Dirk,nonfoil,0.24,https://bilgewatermarket.com/cards/SFD-009?print_variation=promo,promo,https://bilgewatermarket.com/assets/SFD-009-PROMO-EN-BxrJsbBL.webp,¥0.50,$0.24,,Serrated Dirk SFD-009/221 Promo CN ¥0.50 EN $0.24
2026-09-02T19:40:59+00:00,https://bilgewatermarket.com/cards,Blast Corps Cadet,nonfoil,0.21,https://bilgewatermarket.com/cards/SFD-013?print_variation=promo,promo,https://bilgewatermarket.com/assets/SFD-013-PROMO-EN-ld7XgpPT.webp,¥0.50,$0.21,,Blast Corps Cadet SFD-013/221 Promo CN ¥0.50 EN $0.21
2026-09-02T19:40:59+00:00,https://bilgewatermarket.com/cards,Long Sword,nonfoil,0.26,https://bilgewatermarket.com/cards/SFD-022?print_variation=promo%5Bsummoner%20skirmish%20participation%5D,promo[summoner skirmish participation],https://bilgewatermarket.com/assets/SFD-022-EN-YbFX3fQ2.jpg,--,$0.26,,Long Sword SFD-022/221 Promo[Summoner Skirmish Participation] CN -- EN $0.26
2026-09-02T19:40:59+00:00,https://bilgewatermarket.com/cards,Long Sword,nonfoil,64.90,https://bilgewatermarket.com/cards/SFD-022?print_variation=promo%5B%E4%B8%8A%E4%BD%8D%5D,promo[上位],https://bilgewatermarket.com/assets/SFD-022-CN-DXg_Zblz.png,¥64.90,--,,Long Sword SFD-022/221 Promo[上位] CN ¥64.90 EN --
2026-09-02T19:40:59+00:00,https://bilgewatermarket.com/cards,"Rengar, Pouncing",nonfoil,2971.28,https://bilgewatermarket.com/cards/SFD-025a?print_variation=promo,promo,https://bilgewatermarket.com/assets/SFD-025a-PROMO-CN-CUkgcegE.PNG,"¥2,971.28",--,,"Rengar, Pouncing SFD-025A/221 Promo CN ¥2,971.28 EN --"
2026-09-02T19:40:59+00:00,https://bilgewatermarket.com/cards,Doran's Shield,nonfoil,0.22,https://bilgewatermarket.com/cards/SFD-033?print_variation=promo,promo,https://bilgewatermarket.com/assets/SFD-033-PROMO-EN-CHauGnof.webp,¥1.14,$0.22,,Doran's Shield SFD-033/221 Promo CN ¥1.14 EN $0.22
2026-09-02T19:40:59+00:00,https://bilgewatermarket.com/cards,Navori Scout,nonfoil,0.17,https://bilgewatermarket.com/cards/SFD-037?print_variation=promo,promo,https://bilgewatermarket.com/assets/SFD-037-PROMO-EN-KqsbdpiW.webp,¥0.54,$0.17,,Navori Scout SFD-037/221 Promo CN ¥0.54 EN $0.17
2026-09-02T19:40:59+00:00,https://bilgewatermarket.com/cards,Stellacorn Herder,nonfoil,2.37,https://bilgewatermarket.com/cards/SFD-048?print_variation=promo,promo,https://bilgewatermarket.com/assets/SFD-048-PROMO-EN-DEL_cEoe.webp,¥3.14,$2.37,,Stellacorn Herder SFD-048/221 Promo CN ¥3.14 EN $2.37
2026-09-02T19:40:59+00:00,https://bilgewatermarket.com/cards,Guardian Angel,nonfoil,4.74,https://bilgewatermarket.com/cards/SFD-051?print_variation=promo%5Bsummoner%20skirmish%20top%208%5D,promo[summoner skirmish top 8],https://bilgewatermarket.com/assets/SFD-051-PROMO-CN-CB7CJpq3.png,--,$4.74,,Guardian Angel SFD-051/221 Promo[Summoner Skirmish Top 8] CN -- EN $4.74
2026-09-02T19:40:59+00:00,https://bilgewatermarket.com/cards,Guardian Angel,nonfoil,1797.40,https://bilgewatermarket.com/cards/SFD-051?print_variation=promo%5B%E5%86%A0%E5%86%9B%5D,promo[冠军],https://bilgewatermarket.com/assets/SFD-051-PROMO-CN-CB7CJpq3.png,"¥1,797.40",--,,"Guardian Angel SFD-051/221 Promo[冠军] CN ¥1,797.40 EN --"
2026-09-02T19:40:59+00:00,https://bilgewatermarket.com/cards,Svellsongur,nonfoil,21.52,https://bilgewatermarket.com/cards/SFD-059?print_variation=promo,promo,https://bilgewatermarket.com/assets/SFD-059-PROMO-EN-ODvRzMmW.webp,¥378.10,$21.52,,Svellsongur SFD-059/221 Promo CN ¥378.10 EN $21.52
2026-09-02T19:40:59+00:00,https://bilgewatermarket.com/cards,Cloth Armor,nonfoil,0.22,https://bilgewatermarket.com/cards/SFD-064?print_variation=promo,promo,https://bilgewatermarket.com/assets/SFD-064-PROMO-EN-BxxIERvU.webp,¥0.71,$0.22,,Cloth Armor SFD-064/221 Promo CN ¥0.71 EN $0.22
2026-09-02T19:40:59+00:00,https://bilgewatermarket.com/cards,Frostcoat Cub,nonfoil,0.17,https://bilgewatermarket.com/cards/SFD-067?print_variation=promo,promo,https://bilgewatermarket.com/assets/SFD-067-PROMO-EN-BRAedGgP.webp,¥0.93,$0.17,,Frostcoat Cub SFD-067/221 Promo CN ¥0.93 EN $0.17
2026-09-02T19:40:59+00:00,https://bilgewatermarket.com/cards,Production Surge,nonfoil,0.29,https://bilgewatermarket.com/cards/SFD-076?print_variation=promo,promo,https://bilgewatermarket.com/assets/SFD-076-PROMO-EN-DUkRxEgt.webp,¥1.03,$0.29,,Production Surge SFD-076/221 Promo CN ¥1.03 EN $0.29
2026-09-02T19:40:59+00:00,https://bilgewatermarket.com/cards,"Jayce, Man of Progress",nonfoil,2.01,https://bilgewatermarket.com/cards/SFD-084?print_variation=promo,promo,https://bilgewatermarket.com/assets/SFD-084-CN-BdyDFd8k.png,¥2.01,--,,"Jayce, Man of Progress SFD-084/221 Promo CN ¥2.01 EN --"
2026-09-02T19:40:59+00:00,https://bilgewatermarket.com/cards,World Atlas,nonfoil,0.28,https://bilgewatermarket.com/cards/SFD-086?print_variation=promo%5Bsummoner%20skirmish%20participation%5D,promo[summoner skirmish participation],https://bilgewatermarket.com/assets/SFD-086-EN-CHslvxE0.jpg,--,$0.28,,World Atlas SFD-086/221 Promo[Summoner Skirmish Participation] CN -- EN $0.28
2026-09-02T19:40:59+00:00,https://bilgewatermarket.com/cards,World Atlas,nonfoil,27.90,https://bilgewatermarket.com/cards/SFD-086?print_variation=promo%5B%E4%B8%8A%E4%BD%8D%5D,promo[上位],https://bilgewatermarket.com/assets/SFD-086-CN-BXP4k5Ps.png,¥27.90,--,,World Atlas SFD-086/221 Promo[上位] CN ¥27.90 EN --
2026-09-02T19:40:59+00:00,https://bilgewatermarket.com/cards,Doran's Blade,nonfoil,0.39,https://bilgewatermarket.com/cards/SFD-095?print_variation=promo,promo,https://bilgewatermarket.com/assets/SFD-095-PROMO-EN-VEGZgjZz.webp,¥0.72,$0.39,,Doran's Blade SFD-095/221 Promo CN ¥0.72 EN $0.39
2026-09-02T19:40:59+00:00,https://bilgewatermarket.com/cards,Sea Monkey,nonfoil,0.21,https://bilgewatermarket.com/cards/SFD-098?print_variation=promo,promo,https://bilgewatermarket.com/assets/SFD-098-PROMO-EN-CcEEEksn.webp,¥0.73,$0.21,,Sea Monkey SFD-098/221 Promo CN ¥0.73 EN $0.21
2026-09-02T19:40:59+00:00,https://bilgewatermarket.com/cards,Fae Dragon,nonfoil,0.37,https://bilgewatermarket.com/cards/SFD-101?print_variation=promo,promo,https://bilgewatermarket.com/assets/SFD-101-PROMO-EN-DyljH3dZ.webp,¥0.51,$0.37,,Fae Dragon SFD-101/221 Promo CN ¥0.51 EN $0.37
2026-09-02T19:40:59+00:00,https://bilgewatermarket.com/cards,Here to Help,nonfoil,1092.98,https://bilgewatermarket.com/cards/SFD-111?print_variation=promo,promo,https://bilgewatermarket.com/assets/SFD-111-CN-BGNnFWmA.png,"¥1,092.98",--,,"Here to Help SFD-111/221 Promo CN ¥1,092.98 EN --"
2026-09-02T19:40:59+00:00,https://bilgewatermarket.com/cards,"Yone, Blademaster",nonfoil,3.17,https://bilgewatermarket.com/cards/SFD-116?print_variation=promo,promo,https://bilgewatermarket.com/assets/SFD-116-PROMO-EN-CUFe57in.webp,¥2.36,$3.17,,"Yone, Blademaster SFD-116/221 Promo CN ¥2.36 EN $3.17"
2026-09-02T19:40:59+00:00,https://bilgewatermarket.com/cards,Doran's Ring,nonfoil,0.16,https://bilgewatermarket.com/cards/SFD-124?print_variation=promo,promo,https://bilgewatermarket.com/assets/SFD-124-PROMO-EN-xf-N_snc.webp,¥0.55,$0.16,,Doran's Ring SFD-124/221 Promo CN ¥0.55 EN $0.16
2026-09-02T19:40:59+00:00,https://bilgewatermarket.com/cards,Treasure Hunter,nonfoil,0.27,https://bilgewatermarket.com/cards/SFD-130?print_variation=promo,promo,https://bilgewatermarket.com/assets/SFD-130-PROMO-EN-WO1zpSDo.webp,¥2.31,$0.27,,Treasure Hunter SFD-130/221 Promo CN ¥2.31 EN $0.27
2026-09-02T19:40:59+00:00,https://bilgewatermarket.com/cards,Harpoon Squad,nonfoil,0.29,https://bilgewatermarket.com/cards/SFD-137?print_variation=promo,promo,https://bilgewatermarket.com/assets/SFD-137-PROMO-EN-CRWF79Cq.webp,¥0.50,$0.29,,Harpoon Squad SFD-137/221 Promo CN ¥0.50 EN $0.29
2026-09-02T19:40:59+00:00,https://bilgewatermarket.com/cards,Edge of Night,nonfoil,3.91,https://bilgewatermarket.com/cards/SFD-139?print_variation=promo%5Bsummoner%20skirmish%20top%208%5D,promo[summoner skirmish top 8],https://bilgewatermarket.com/assets/SFD-139-EN-oOXuycYc.jpg,--,$3.91,,Edge of Night SFD-139/221 Promo[Summoner Skirmish Top 8] CN -- EN $3.91
2026-09-02T19:40:59+00:00,https://bilgewatermarket.com/cards,Edge of Night,nonfoil,1250.80,https://bilgewatermarket.com/cards/SFD-139?print_variation=promo%5B%E5%86%A0%E5%86%9B%5D,promo[冠军],https://bilgewatermarket.com/assets/SFD-139-CN-CHlho4i1.png,"¥1,250.80",--,,"Edge of Night SFD-139/221 Promo[冠军] CN ¥1,250.80 EN --"
2026-09-02T19:40:59+00:00,https://bilgewatermarket.com/cards,Eye of the Herald,nonfoil,0.28,https://bilgewatermarket.com/cards/SFD-153?print_variation=promo,promo,https://bilgewatermarket.com/assets/SFD-153-PROMO-EN-DCXQUpXn.webp,¥1.01,$0.28,,Eye of the Herald SFD-153/221 Promo CN ¥1.01 EN $0.28
2026-09-02T19:40:59+00:00,https://bilgewatermarket.com/cards,Laurent Duelist,nonfoil,0.17,https://bilgewatermarket.com/cards/SFD-156?print_variation=promo,promo,https://bilgewatermarket.com/assets/SFD-156-PROMO-EN-D9DrL_IX.webp,¥0.50,$0.17,,Laurent Duelist SFD-156/221 Promo CN ¥0.50 EN $0.17
2026-09-02T19:40:59+00:00,https://bilgewatermarket.com/cards,Unsung Hero,nonfoil,0.30,https://bilgewatermarket.com/cards/SFD-167?print_variation=promo,promo,https://bilgewatermarket.com/assets/SFD-167-PROMO-EN-CtU5ogCt.webp,¥1.15,$0.30,,Unsung Hero SFD-167/221 Promo CN ¥1.15 EN $0.30
2026-09-02T19:40:59+00:00,https://bilgewatermarket.com/cards,Treasure Hoard,nonfoil,592.36,https://bilgewatermarket.com/cards/SFD-220?print_variation=promo,promo,https://bilgewatermarket.com/assets/SFD-220-PROMO-CN-CTSYKqAD.JPG,¥592.36,--,,Treasure Hoard SFD-220/221 Promo CN ¥592.36 EN --
2026-09-02T19:40:59+00:00,https://bilgewatermarket.com/cards,Arena Kingpin,nonfoil,0.12,https://bilgewatermarket.com/cards/UNL-001?print_variation=promo,promo,https://bilgewatermarket.com/assets/UNL-001-EN-CN6qRx__.webp,¥0.50,$0.12,,Arena Kingpin UNL-001/219 Promo CN ¥0.50 EN $0.12
2026-09-02T19:40:59+00:00,https://bilgewatermarket.com/cards,Upstage Comedy,nonfoil,0.26,https://bilgewatermarket.com/cards/UNL-009?print_variation=promo,promo,https://bilgewatermarket.com/assets/UNL-009-EN-D8P6CA8o.webp,¥0.52,$0.26,,Upstage Comedy UNL-009/219 Promo CN ¥0.52 EN $0.26
2026-09-02T19:40:59+00:00,https://bilgewatermarket.com/cards,Scorchclaw,nonfoil,0.18,https://bilgewatermarket.com/cards/UNL-016?print_variation=promo,promo,https://bilgewatermarket.com/assets/UNL-016-EN-3OZO5Mlz.webp,¥0.50,$0.18,,Scorchclaw UNL-016/219 Promo CN ¥0.50 EN $0.18
2026-09-02T19:40:59+00:00,https://bilgewatermarket.com/cards,"Jhin, Murderous Artist",nonfoil,8.67,https://bilgewatermarket.com/cards/UNL-022?print_variation=promo,promo,https://bilgewatermarket.com/assets/UNL-022-CN-CcwGyn1j.png,¥8.67,--,,"Jhin, Murderous Artist UNL-022/219 Promo CN ¥8.67 EN --"
2026-09-02T19:40:59+00:00,https://bilgewatermarket.com/cards,Mutated Mouser,nonfoil,0.22,https://bilgewatermarket.com/cards/UNL-036?print_variation=promo,promo,https://bilgewatermarket.com/assets/UNL-036-EN-Bku3wAWV.webp,¥0.85,$0.22,,Mutated Mouser UNL-036/219 Promo CN ¥0.85 EN $0.22
2026-09-02T19:40:59+00:00,https://bilgewatermarket.com/cards,Soul Sword,nonfoil,0.31,https://bilgewatermarket.com/cards/UNL-039?print_variation=promo,promo,https://bilgewatermarket.com/assets/UNL-039-EN-LuonHqwB.webp,¥0.93,$0.31,,Soul Sword UNL-039/219 Promo CN ¥0.93 EN $0.31
2026-09-02T19:40:59+00:00,https://bilgewatermarket.com/cards,Mosstomper,nonfoil,0.29,https://bilgewatermarket.com/cards/UNL-047?print_variation=promo,promo,https://bilgewatermarket.com/assets/UNL-047-EN-By0s-ZLa.webp,¥0.98,$0.29,,Mosstomper UNL-047/219 Promo CN ¥0.98 EN $0.29
2026-09-02T19:40:59+00:00,https://bilgewatermarket.com/cards,"Yuumi, Magical Cat",nonfoil,5.18,https://bilgewatermarket.com/cards/UNL-056?print_variation=promo,promo,https://bilgewatermarket.com/assets/UNL-056-PROMO-CN-DzY6O7ZN.JPG,¥5.18,--,,"Yuumi, Magical Cat UNL-056/219 Promo CN ¥5.18 EN --"
2026-09-02T19:40:59+00:00,https://bilgewatermarket.com/cards,"Lillia, Protector of Dreams",nonfoil,50.80,https://bilgewatermarket.com/cards/UNL-058?print_variation=promo,promo,https://bilgewatermarket.com/assets/UNL-058-PROMO-CN-C53I13EN.JPG,¥50.80,--,,"Lillia, Protector of Dreams UNL-058/219 Promo CN ¥50.80 EN --"
2026-09-02T19:40:59+00:00,https://bilgewatermarket.com/cards,Downstage Dramatics,nonfoil,0.27,https://bilgewatermarket.com/cards/UNL-061?print_variation=promo,promo,https://bilgewatermarket.com/assets/UNL-061-EN-tm1hOwmc.webp,¥0.54,$0.27,,Downstage Dramatics UNL-061/219 Promo CN ¥0.54 EN $0.27
2026-09-02T19:40:59+00:00,https://bilgewatermarket.com/cards,Icevale Archer,nonfoil,0.11,https://bilgewatermarket.com/cards/UNL-065?print_variation=promo,promo,https://bilgewatermarket.com/assets/UNL-065-EN-Dyqtymor.webp,¥0.50,$0.11,,Icevale Archer UNL-065/219 Promo CN ¥0.50 EN $0.11
2026-09-02T19:40:59+00:00,https://bilgewatermarket.com/cards,Gustwalker,nonfoil,0.29,https://bilgewatermarket.com/cards/UNL-075?print_variation=promo,promo,https://bilgewatermarket.com/assets/UNL-075-EN-DMd-ptQm.webp,¥0.60,$0.29,,Gustwalker UNL-075/219 Promo CN ¥0.60 EN $0.29
2026-09-02T19:40:59+00:00,https://bilgewatermarket.com/cards,"Zilean, Time Mage",nonfoil,2.90,https://bilgewatermarket.com/cards/UNL-086?print_variation=promo,promo,https://bilgewatermarket.com/assets/UNL-086-PROMO-CN-BhKJErLW.JPG,¥2.90,--,,"Zilean, Time Mage UNL-086/219 Promo CN ¥2.90 EN --"
2026-09-02T19:40:59+00:00,https://bilgewatermarket.com/cards,Blue Sentinel,nonfoil,424.68,https://bilgewatermarket.com/cards/UNL-087?print_variation=promo,promo,https://bilgewatermarket.com/assets/UNL-087-CN-DIAFsCK_.png,¥424.68,--,,Blue Sentinel UNL-087/219 Promo CN ¥424.68 EN --
2026-09-02T19:40:59+00:00,https://bilgewatermarket.com/cards,Dragonsoul Sage,nonfoil,0.27,https://bilgewatermarket.com/cards/UNL-093?print_variation=promo,promo,https://bilgewatermarket.com/assets/UNL-093-EN-CHmRWoMD.webp,¥1.13,$0.27,,Dragonsoul Sage UNL-093/219 Promo CN ¥1.13 EN $0.27
2026-09-02T19:40:59+00:00,https://bilgewatermarket.com/cards,Voracious Gromp,nonfoil,0.14,https://bilgewatermarket.com/cards/UNL-100?print_variation=promo,promo,https://bilgewatermarket.com/assets/UNL-100-EN-CsXPG5Lo.webp,¥0.50,$0.14,,Voracious Gromp UNL-100/219 Promo CN ¥0.50 EN $0.14
2026-09-02T19:40:59+00:00,https://bilgewatermarket.com/cards,Stare Down,nonfoil,0.33,https://bilgewatermarket.com/cards/UNL-107?print_variation=promo,promo,https://bilgewatermarket.com/assets/UNL-107-EN-DWokmyMg.webp,¥0.67,$0.33,,Stare Down UNL-107/219 Promo CN ¥0.67 EN $0.33
2026-09-02T19:40:59+00:00,https://bilgewatermarket.com/cards,"Rengar, Trophy Hunter",nonfoil,99.72,https://bilgewatermarket.com/cards/UNL-120?print_variation=promo,promo,https://bilgewatermarket.com/assets/UNL-120-PROMO-CN-DiJrnxWN.JPG,¥99.72,--,,"Rengar, Trophy Hunter UNL-120/219 Promo CN ¥99.72 EN --"
2026-09-02T19:40:59+00:00,https://bilgewatermarket.com/cards,Lunar Boon,nonfoil,0.20,https://bilgewatermarket.com/cards/UNL-125?print_variation=promo,promo,https://bilgewatermarket.com/assets/UNL-125-EN-pmN72IVD.webp,¥1.95,$0.20,,Lunar Boon UNL-125/219 Promo CN ¥1.95 EN $0.20
2026-09-02T19:40:59+00:00,https://bilgewatermarket.com/cards,Mister Root,nonfoil,0.24,https://bilgewatermarket.com/cards/UNL-127?print_variation=promo,promo,https://bilgewatermarket.com/assets/UNL-127-EN-BvbWbqHA.webp,¥0.90,$0.24,,Mister Root UNL-127/219 Promo CN ¥0.90 EN $0.24
2026-09-02T19:40:59+00:00,https://bilgewatermarket.com/cards,Sinister Poro,nonfoil,0.40,https://bilgewatermarket.com/cards/UNL-137?print_variation=promo,promo,https://bilgewatermarket.com/assets/UNL-137-EN-Dlsnsp5c.webp,¥0.96,$0.40,,Sinister Poro UNL-137/219 Promo CN ¥0.96 EN $0.40
2026-09-02T19:40:59+00:00,https://bilgewatermarket.com/cards,Loyal Poro,nonfoil,0.29,https://bilgewatermarket.com/cards/UNL-156?print_variation=promo,promo,https://bilgewatermarket.com/assets/UNL-156-EN-DXPw4hOS.webp,¥0.54,$0.29,,Loyal Poro UNL-156/219 Promo CN ¥0.54 EN $0.29
2026-09-02T19:40:59+00:00,https://bilgewatermarket.com/cards,Ultrasoft Poro,nonfoil,0.31,https://bilgewatermarket.com/cards/UNL-160?print_variation=promo,promo,https://bilgewatermarket.com/assets/UNL-160-EN-BuEI10Q6.webp,¥0.69,$0.31,,Ultrasoft Poro UNL-160/219 Promo CN ¥0.69 EN $0.31
2026-09-02T19:40:59+00:00,https://bilgewatermarket.com/cards,Undying Loyalty,nonfoil,0.37,https://bilgewatermarket.com/cards/UNL-168?print_variation=promo,promo,https://bilgewatermarket.com/assets/UNL-168-EN-BPVhrgS3.webp,¥0.51,$0.37,,Undying Loyalty UNL-168/219 Promo CN ¥0.51 EN $0.37
2026-09-02T19:40:59+00:00,https://bilgewatermarket.com/cards,"Ashe, Focused",nonfoil,3.60,https://bilgewatermarket.com/cards/UNL-169?print_variation=promo,promo,https://bilgewatermarket.com/assets/UNL-169-CN-CtP4TZ4H.png,¥3.60,--,,"Ashe, Focused UNL-169/219 Promo CN ¥3.60 EN --"
2026-09-02T19:40:59+00:00,https://bilgewatermarket.com/cards,Amateur Recital,nonfoil,504.16,https://bilgewatermarket.com/cards/UNL-207?print_variation=promo,promo,https://bilgewatermarket.com/assets/UNL-207-PROMO-CN-CLer2eyu.JPG,¥504.16,--,,Amateur Recital UNL-207/219 Promo CN ¥504.16 EN --
2026-09-02T19:40:59+00:00,https://bilgewatermarket.com/cards,"Morgana, Vindictive",nonfoil,3.90,https://bilgewatermarket.com/cards/VEN-017?print_variation=promo,promo,https://bilgewatermarket.com/assets/VEN-017-PROMO-CN-Cq-xUa71.png,¥3.90,--,,"Morgana, Vindictive VEN-017/166 Promo CN ¥3.90 EN --"
2026-09-02T19:40:59+00:00,https://bilgewatermarket.com/cards,"Morgana, Vindictive",nonfoil,2.78,https://bilgewatermarket.com/cards/VEN-017?print_variation=promo%5Bsummoner%20skirmish%20participation%5D,promo[summoner skirmish participation],https://bilgewatermarket.com/assets/VEN-017-PROMO-CN-Cq-xUa71.png,--,$2.78,,"Morgana, Vindictive VEN-017/166 Promo[Summoner Skirmish Participation] CN -- EN $2.78"
