collected_at,source_url,name,foil_status,price,url,print_variation,image_url,cn_price,en_price,set_number,raw_text
2026-09-23T19:58:38+00:00,https://bilgewatermarket.com/cards,Baccai Sandspinner,foil,0.11,https://bilgewatermarket.com/cards/VEN-001?print_variation=foiled,foiled,https://bilgewatermarket.com/assets/VEN-001-EN-CwT4oNk9.png,¥0.50,$0.11,,Baccai Sandspinner VEN-001/166 Foiled CN ¥0.50 EN $0.11
2026-09-23T19:58:38+00:00,https://bilgewatermarket.com/cards,Baccai Sandspinner,nonfoil,0.06,https://bilgewatermarket.com/cards/VEN-001,normal,https://bilgewatermarket.com/assets/VEN-001-EN-CwT4oNk9.png,¥0.58,$0.06,,Baccai Sandspinner VEN-001/166 CN ¥0.58 EN $0.06
2026-09-23T19:58:38+00:00,https://bilgewatermarket.com/cards,Blade Twirler,foil,0.15,https://bilgewatermarket.com/cards/VEN-002?print_variation=foiled,foiled,https://bilgewatermarket.com/assets/VEN-002-EN-DhiWbxgH.png,¥0.89,$0.15,,Blade Twirler VEN-002/166 Foiled CN ¥0.89 EN $0.15
2026-09-23T19:58:38+00:00,https://bilgewatermarket.com/cards,Blade Twirler,nonfoil,0.06,https://bilgewatermarket.com/cards/VEN-002,normal,https://bilgewatermarket.com/assets/VEN-002-EN-DhiWbxgH.png,¥0.50,$0.06,,Blade Twirler VEN-002/166 CN ¥0.50 EN $0.06
2026-09-23T19:58:38+00:00,https://bilgewatermarket.com/cards,Brittle Steel,foil,0.33,https://bilgewatermarket.com/cards/VEN-003?print_variation=foiled,foiled,https://bilgewatermarket.com/assets/VEN-003-EN-BLstdxYc.png,¥2.04,$0.33,,Brittle Steel VEN-003/166 Foiled CN ¥2.04 EN $0.33
2026-09-23T19:58:38+00:00,https://bilgewatermarket.com/cards,Brittle Steel,nonfoil,0.09,https://bilgewatermarket.com/cards/VEN-003,normal,https://bilgewatermarket.com/assets/VEN-003-EN-BLstdxYc.png,¥0.84,$0.09,,Brittle Steel VEN-003/166 CN ¥0.84 EN $0.09
2026-09-23T19:58:38+00:00,https://bilgewatermarket.com/cards,Dune Surfer,foil,0.22,https://bilgewatermarket.com/cards/VEN-004?print_variation=foiled,foiled,https://bilgewatermarket.com/assets/VEN-004-EN-CDFnHbgU.png,¥0.51,$0.22,,Dune Surfer VEN-004/166 Foiled CN ¥0.51 EN $0.22
2026-09-23T19:58:38+00:00,https://bilgewatermarket.com/cards,Dune Surfer,nonfoil,0.08,https://bilgewatermarket.com/cards/VEN-004,normal,https://bilgewatermarket.com/assets/VEN-004-EN-CDFnHbgU.png,¥0.50,$0.08,,Dune Surfer VEN-004/166 CN ¥0.50 EN $0.08
2026-09-23T19:58:38+00:00,https://bilgewatermarket.com/cards,Forsaken Baccai,foil,0.22,https://bilgewatermarket.com/cards/VEN-005?print_variation=foiled,foiled,https://bilgewatermarket.com/assets/VEN-005-EN-B296W7Pp.png,¥0.51,$0.22,,Forsaken Baccai VEN-005/166 Foiled CN ¥0.51 EN $0.22
2026-09-23T19:58:38+00:00,https://bilgewatermarket.com/cards,Forsaken Baccai,nonfoil,0.08,https://bilgewatermarket.com/cards/VEN-005,normal,https://bilgewatermarket.com/assets/VEN-005-EN-B296W7Pp.png,¥0.50,$0.08,,Forsaken Baccai VEN-005/166 CN ¥0.50 EN $0.08
2026-09-23T19:58:38+00:00,https://bilgewatermarket.com/cards,Oasis Raider,foil,0.15,https://bilgewatermarket.com/cards/VEN-006?print_variation=foiled,foiled,https://bilgewatermarket.com/assets/VEN-006-EN-BXQcW2nP.png,¥0.56,$0.15,,Oasis Raider VEN-006/166 Foiled CN ¥0.56 EN $0.15
2026-09-23T19:58:38+00:00,https://bilgewatermarket.com/cards,Oasis Raider,nonfoil,0.08,https://bilgewatermarket.com/cards/VEN-006,normal,https://bilgewatermarket.com/assets/VEN-006-EN-BXQcW2nP.png,¥0.50,$0.08,,Oasis Raider VEN-006/166 CN ¥0.50 EN $0.08
2026-09-23T19:58:38+00:00,https://bilgewatermarket.com/cards,Punching Poro,foil,0.20,https://bilgewatermarket.com/cards/VEN-007?print_variation=foiled,foiled,https://bilgewatermarket.com/assets/VEN-007-EN-BC4DnhHy.png,¥0.62,$0.20,,Punching Poro VEN-007/166 Foiled CN ¥0.62 EN $0.20
2026-09-23T19:58:38+00:00,https://bilgewatermarket.com/cards,Punching Poro,nonfoil,0.08,https://bilgewatermarket.com/cards/VEN-007,normal,https://bilgewatermarket.com/assets/VEN-007-EN-BC4DnhHy.png,¥0.50,$0.08,,Punching Poro VEN-007/166 CN ¥0.50 EN $0.08
2026-09-23T19:58:38+00:00,https://bilgewatermarket.com/cards,Ruthless Strike,foil,0.20,https://bilgewatermarket.com/cards/VEN-008?print_variation=foiled,foiled,https://bilgewatermarket.com/assets/VEN-008-EN-QwSBQX3c.png,¥0.97,$0.20,,Ruthless Strike VEN-008/166 Foiled CN ¥0.97 EN $0.20
2026-09-23T19:58:38+00:00,https://bilgewatermarket.com/cards,Ruthless Strike,nonfoil,0.08,https://bilgewatermarket.com/cards/VEN-008,normal,https://bilgewatermarket.com/assets/VEN-008-EN-QwSBQX3c.png,¥0.50,$0.08,,Ruthless Strike VEN-008/166 CN ¥0.50 EN $0.08
2026-09-23T19:58:38+00:00,https://bilgewatermarket.com/cards,Baccai Reaper,foil,0.24,https://bilgewatermarket.com/cards/VEN-009?print_variation=foiled,foiled,https://bilgewatermarket.com/assets/VEN-009-EN-GkgxpQJM.png,¥0.52,$0.24,,Baccai Reaper VEN-009/166 Foiled CN ¥0.52 EN $0.24
2026-09-23T19:58:38+00:00,https://bilgewatermarket.com/cards,Baccai Reaper,nonfoil,0.06,https://bilgewatermarket.com/cards/VEN-009,normal,https://bilgewatermarket.com/assets/VEN-009-EN-GkgxpQJM.png,¥0.50,$0.06,,Baccai Reaper VEN-009/166 CN ¥0.50 EN $0.06
2026-09-23T19:58:38+00:00,https://bilgewatermarket.com/cards,Consuming Curse,foil,0.18,https://bilgewatermarket.com/cards/VEN-010?print_variation=foiled,foiled,https://bilgewatermarket.com/assets/VEN-010-EN-C4KbjOi9.png,¥0.88,$0.18,,Consuming Curse VEN-010/166 Foiled CN ¥0.88 EN $0.18
2026-09-23T19:58:38+00:00,https://bilgewatermarket.com/cards,Consuming Curse,nonfoil,0.09,https://bilgewatermarket.com/cards/VEN-010,normal,https://bilgewatermarket.com/assets/VEN-010-EN-C4KbjOi9.png,¥0.55,$0.09,,Consuming Curse VEN-010/166 CN ¥0.55 EN $0.09
2026-09-23T19:58:38+00:00,https://bilgewatermarket.com/cards,Pendulum Blade,foil,0.33,https://bilgewatermarket.com/cards/VEN-011?print_variation=foiled,foiled,https://bilgewatermarket.com/assets/VEN-011-EN-abjrVRf0.png,¥3.12,$0.33,,Pendulum Blade VEN-011/166 Foiled CN ¥3.12 EN $0.33
2026-09-23T19:58:38+00:00,https://bilgewatermarket.com/cards,Pendulum Blade,nonfoil,0.10,https://bilgewatermarket.com/cards/VEN-011,normal,https://bilgewatermarket.com/assets/VEN-011-EN-abjrVRf0.png,¥1.03,$0.10,,Pendulum Blade VEN-011/166 CN ¥1.03 EN $0.10
2026-09-23T19:58:38+00:00,https://bilgewatermarket.com/cards,Perfect Execution,foil,0.41,https://bilgewatermarket.com/cards/VEN-012?print_variation=foiled,foiled,https://bilgewatermarket.com/assets/VEN-012-EN-DOVssiky.png,¥2.66,$0.41,,Perfect Execution VEN-012/166 Foiled CN ¥2.66 EN $0.41
2026-09-23T19:58:38+00:00,https://bilgewatermarket.com/cards,Perfect Execution,nonfoil,0.11,https://bilgewatermarket.com/cards/VEN-012,normal,https://bilgewatermarket.com/assets/VEN-012-EN-DOVssiky.png,¥1.30,$0.11,,Perfect Execution VEN-012/166 CN ¥1.30 EN $0.11
2026-09-23T19:58:38+00:00,https://bilgewatermarket.com/cards,Shadow Assassin,foil,0.22,https://bilgewatermarket.com/cards/VEN-013?print_variation=foiled,foiled,https://bilgewatermarket.com/assets/VEN-013-EN-Z3fdgB-s.png,¥0.57,$0.22,,Shadow Assassin VEN-013/166 Foiled CN ¥0.57 EN $0.22
2026-09-23T19:58:38+00:00,https://bilgewatermarket.com/cards,Shadow Assassin,nonfoil,0.08,https://bilgewatermarket.com/cards/VEN-013,normal,https://bilgewatermarket.com/assets/VEN-013-EN-Z3fdgB-s.png,¥0.50,$0.08,,Shadow Assassin VEN-013/166 CN ¥0.50 EN $0.08
2026-09-23T19:58:38+00:00,https://bilgewatermarket.com/cards,Shadow Fiend,foil,0.26,https://bilgewatermarket.com/cards/VEN-014?print_variation=foiled,foiled,https://bilgewatermarket.com/assets/VEN-014-EN-BTkAV4rh.png,¥2.41,$0.26,,Shadow Fiend VEN-014/166 Foiled CN ¥2.41 EN $0.26
2026-09-23T19:58:38+00:00,https://bilgewatermarket.com/cards,Shadow Fiend,nonfoil,0.07,https://bilgewatermarket.com/cards/VEN-014,normal,https://bilgewatermarket.com/assets/VEN-014-EN-BTkAV4rh.png,¥0.94,$0.07,,Shadow Fiend VEN-014/166 CN ¥0.94 EN $0.07
2026-09-23T19:58:38+00:00,https://bilgewatermarket.com/cards,Decree of Rage,nonfoil,0.23,https://bilgewatermarket.com/cards/VEN-015,normal,https://bilgewatermarket.com/assets/VEN-015-EN-BsGYYCiU.png,¥3.45,$0.23,,Decree of Rage VEN-015/166 CN ¥3.45 EN $0.23
2026-09-23T19:58:38+00:00,https://bilgewatermarket.com/cards,Eclipse Dragon,nonfoil,0.17,https://bilgewatermarket.com/cards/VEN-016,normal,https://bilgewatermarket.com/assets/VEN-016-EN-BuFaigBn.png,¥0.61,$0.17,,Eclipse Dragon VEN-016/166 CN ¥0.61 EN $0.17
2026-09-23T19:58:38+00:00,https://bilgewatermarket.com/cards,"Morgana, Vindictive",nonfoil,0.16,https://bilgewatermarket.com/cards/VEN-017,normal,https://bilgewatermarket.com/assets/VEN-017-EN-8wnGKgvv.png,¥0.58,$0.16,,"Morgana, Vindictive VEN-017/166 CN ¥0.58 EN $0.16"
2026-09-23T19:58:38+00:00,https://bilgewatermarket.com/cards,Rage Amplifier,nonfoil,0.18,https://bilgewatermarket.com/cards/VEN-018,normal,https://bilgewatermarket.com/assets/VEN-018-EN-RmQ_A8Q3.png,¥0.63,$0.18,,Rage Amplifier VEN-018/166 CN ¥0.63 EN $0.18
2026-09-23T19:58:38+00:00,https://bilgewatermarket.com/cards,"Renekton, Rage Fueled",nonfoil,0.13,https://bilgewatermarket.com/cards/VEN-019,normal,https://bilgewatermarket.com/assets/VEN-019-EN-DL0bY2ZM.png,¥0.56,$0.13,,"Renekton, Rage Fueled VEN-019/166 CN ¥0.56 EN $0.13"
2026-09-23T19:58:38+00:00,https://bilgewatermarket.com/cards,"Renekton, Rage Fueled",nonfoil,1.23,https://bilgewatermarket.com/cards/VEN-019a?print_variation=showcase,showcase,https://bilgewatermarket.com/assets/VEN-019a-EN-BnEfMIC6.png,¥3.30,$1.23,,"Renekton, Rage Fueled VEN-019A/166 Showcase CN ¥3.30 EN $1.23"
2026-09-23T19:58:38+00:00,https://bilgewatermarket.com/cards,Twilight Reveler,nonfoil,0.21,https://bilgewatermarket.com/cards/VEN-020,normal,https://bilgewatermarket.com/assets/VEN-020-EN-CMJPOZWt.png,¥2.66,$0.21,,Twilight Reveler VEN-020/166 CN ¥2.66 EN $0.21
2026-09-23T19:58:38+00:00,https://bilgewatermarket.com/cards,"Akali, Deadly Weapon",nonfoil,1.32,https://bilgewatermarket.com/cards/VEN-021,normal,https://bilgewatermarket.com/assets/VEN-021-EN-C07AHWS6.png,¥6.47,$1.32,,"Akali, Deadly Weapon VEN-021/166 CN ¥6.47 EN $1.32"
2026-09-23T19:58:38+00:00,https://bilgewatermarket.com/cards,"Akali, Deadly Weapon",nonfoil,13.29,https://bilgewatermarket.com/cards/VEN-021a?print_variation=showcase,showcase,https://bilgewatermarket.com/assets/VEN-021a-EN-DqhHd3uM.png,¥29.31,$13.29,,"Akali, Deadly Weapon VEN-021A/166 Showcase CN ¥29.31 EN $13.29"
2026-09-23T19:58:38+00:00,https://bilgewatermarket.com/cards,Endless Riches,nonfoil,1.00,https://bilgewatermarket.com/cards/VEN-022,normal,https://bilgewatermarket.com/assets/VEN-022-EN-rRxduvKk.png,¥4.02,$1.00,,Endless Riches VEN-022/166 CN ¥4.02 EN $1.00
2026-09-23T19:58:38+00:00,https://bilgewatermarket.com/cards,"Zed, From the Shadows",nonfoil,0.43,https://bilgewatermarket.com/cards/VEN-023,normal,https://bilgewatermarket.com/assets/VEN-023-EN-9vllZTnU.png,¥5.04,$0.43,,"Zed, From the Shadows VEN-023/166 CN ¥5.04 EN $0.43"
2026-09-23T19:58:38+00:00,https://bilgewatermarket.com/cards,"Zed, From the Shadows",nonfoil,2.77,https://bilgewatermarket.com/cards/VEN-023a?print_variation=showcase,showcase,https://bilgewatermarket.com/assets/VEN-023a-EN-C2qiG0ec.png,¥8.60,$2.77,,"Zed, From the Shadows VEN-023A/166 Showcase CN ¥8.60 EN $2.77"
2026-09-23T19:58:38+00:00,https://bilgewatermarket.com/cards,Affectionate Poro,foil,0.21,https://bilgewatermarket.com/cards/VEN-024?print_variation=foiled,foiled,https://bilgewatermarket.com/assets/VEN-024-EN-DH64eq9Y.png,¥0.76,$0.21,,Affectionate Poro VEN-024/166 Foiled CN ¥0.76 EN $0.21
2026-09-23T19:58:38+00:00,https://bilgewatermarket.com/cards,Affectionate Poro,nonfoil,0.05,https://bilgewatermarket.com/cards/VEN-024,normal,https://bilgewatermarket.com/assets/VEN-024-EN-DH64eq9Y.png,¥0.51,$0.05,,Affectionate Poro VEN-024/166 CN ¥0.51 EN $0.05
2026-09-23T19:58:38+00:00,https://bilgewatermarket.com/cards,Esteemed Hierophant,foil,0.10,https://bilgewatermarket.com/cards/VEN-025?print_variation=foiled,foiled,https://bilgewatermarket.com/assets/VEN-025-EN-CdKDhYdf.png,¥0.50,$0.10,,Esteemed Hierophant VEN-025/166 Foiled CN ¥0.50 EN $0.10
2026-09-23T19:58:38+00:00,https://bilgewatermarket.com/cards,Esteemed Hierophant,nonfoil,0.04,https://bilgewatermarket.com/cards/VEN-025,normal,https://bilgewatermarket.com/assets/VEN-025-EN-CdKDhYdf.png,¥0.51,$0.04,,Esteemed Hierophant VEN-025/166 CN ¥0.51 EN $0.04
2026-09-23T19:58:38+00:00,https://bilgewatermarket.com/cards,Field Musicians,foil,0.10,https://bilgewatermarket.com/cards/VEN-026?print_variation=foiled,foiled,https://bilgewatermarket.com/assets/VEN-026-EN-DM1O5HO-.png,¥0.55,$0.10,,Field Musicians VEN-026/166 Foiled CN ¥0.55 EN $0.10
2026-09-23T19:58:38+00:00,https://bilgewatermarket.com/cards,Field Musicians,nonfoil,0.05,https://bilgewatermarket.com/cards/VEN-026,normal,https://bilgewatermarket.com/assets/VEN-026-EN-DM1O5HO-.png,¥0.50,$0.05,,Field Musicians VEN-026/166 CN ¥0.50 EN $0.05
2026-09-23T19:58:38+00:00,https://bilgewatermarket.com/cards,Hand Hammer,foil,0.29,https://bilgewatermarket.com/cards/VEN-027?print_variation=foiled,foiled,https://bilgewatermarket.com/assets/VEN-027-EN-CiHmLLkz.png,¥1.01,$0.29,,Hand Hammer VEN-027/166 Foiled CN ¥1.01 EN $0.29
2026-09-23T19:58:38+00:00,https://bilgewatermarket.com/cards,Hand Hammer,nonfoil,0.07,https://bilgewatermarket.com/cards/VEN-027,normal,https://bilgewatermarket.com/assets/VEN-027-EN-CiHmLLkz.png,¥0.52,$0.07,,Hand Hammer VEN-027/166 CN ¥0.52 EN $0.07
2026-09-23T19:58:38+00:00,https://bilgewatermarket.com/cards,Mournful Witness,foil,0.31,https://bilgewatermarket.com/cards/VEN-028?print_variation=foiled,foiled,https://bilgewatermarket.com/assets/VEN-028-EN-2bCFb-MU.png,¥2.64,$0.31,,Mournful Witness VEN-028/166 Foiled CN ¥2.64 EN $0.31
2026-09-23T19:58:38+00:00,https://bilgewatermarket.com/cards,Mournful Witness,nonfoil,0.06,https://bilgewatermarket.com/cards/VEN-028,normal,https://bilgewatermarket.com/assets/VEN-028-EN-2bCFb-MU.png,¥0.53,$0.06,,Mournful Witness VEN-028/166 CN ¥0.53 EN $0.06
2026-09-23T19:58:38+00:00,https://bilgewatermarket.com/cards,Ol' Poro,foil,0.29,https://bilgewatermarket.com/cards/VEN-029?print_variation=foiled,foiled,https://bilgewatermarket.com/assets/VEN-029-EN-KWJAVihx.png,¥0.57,$0.29,,Ol' Poro VEN-029/166 Foiled CN ¥0.57 EN $0.29
2026-09-23T19:58:38+00:00,https://bilgewatermarket.com/cards,Ol' Poro,nonfoil,0.09,https://bilgewatermarket.com/cards/VEN-029,normal,https://bilgewatermarket.com/assets/VEN-029-EN-KWJAVihx.png,¥0.50,$0.09,,Ol' Poro VEN-029/166 CN ¥0.50 EN $0.09
2026-09-23T19:58:38+00:00,https://bilgewatermarket.com/cards,Serene Ascetic,foil,0.15,https://bilgewatermarket.com/cards/VEN-030?print_variation=foiled,foiled,https://bilgewatermarket.com/assets/VEN-030-EN-COobBbuO.png,¥0.51,$0.15,,Serene Ascetic VEN-030/166 Foiled CN ¥0.51 EN $0.15
2026-09-23T19:58:38+00:00,https://bilgewatermarket.com/cards,Serene Ascetic,nonfoil,0.04,https://bilgewatermarket.com/cards/VEN-030,normal,https://bilgewatermarket.com/assets/VEN-030-EN-COobBbuO.png,¥0.50,$0.04,,Serene Ascetic VEN-030/166 CN ¥0.50 EN $0.04
2026-09-23T19:58:38+00:00,https://bilgewatermarket.com/cards,Twilight Shroud,foil,0.30,https://bilgewatermarket.com/cards/VEN-031?print_variation=foiled,foiled,https://bilgewatermarket.com/assets/VEN-031-EN-gTBfzKTy.png,¥2.81,$0.30,,Twilight Shroud VEN-031/166 Foiled CN ¥2.81 EN $0.30
2026-09-23T19:58:38+00:00,https://bilgewatermarket.com/cards,Twilight Shroud,nonfoil,0.09,https://bilgewatermarket.com/cards/VEN-031,normal,https://bilgewatermarket.com/assets/VEN-031-EN-gTBfzKTy.png,¥1.24,$0.09,,Twilight Shroud VEN-031/166 CN ¥1.24 EN $0.09
2026-09-23T19:58:38+00:00,https://bilgewatermarket.com/cards,Frostcoat Mother,foil,0.23,https://bilgewatermarket.com/cards/VEN-032?print_variation=foiled,foiled,https://bilgewatermarket.com/assets/VEN-032-EN-tr67-nkz.png,¥1.02,$0.23,,Frostcoat Mother VEN-032/166 Foiled CN ¥1.02 EN $0.23
2026-09-23T19:58:38+00:00,https://bilgewatermarket.com/cards,Frostcoat Mother,nonfoil,0.07,https://bilgewatermarket.com/cards/VEN-032,normal,https://bilgewatermarket.com/assets/VEN-032-EN-tr67-nkz.png,¥0.61,$0.07,,Frostcoat Mother VEN-032/166 CN ¥0.61 EN $0.07
2026-09-23T19:58:38+00:00,https://bilgewatermarket.com/cards,Pakaa Protector,foil,0.26,https://bilgewatermarket.com/cards/VEN-033?print_variation=foiled,foiled,https://bilgewatermarket.com/assets/VEN-033-EN-DXvB-R4_.png,¥0.56,$0.26,,Pakaa Protector VEN-033/166 Foiled CN ¥0.56 EN $0.26
2026-09-23T19:58:38+00:00,https://bilgewatermarket.com/cards,Pakaa Protector,nonfoil,0.07,https://bilgewatermarket.com/cards/VEN-033,normal,https://bilgewatermarket.com/assets/VEN-033-EN-DXvB-R4_.png,¥0.50,$0.07,,Pakaa Protector VEN-033/166 CN ¥0.50 EN $0.07
2026-09-23T19:58:38+00:00,https://bilgewatermarket.com/cards,Resonating Strike,foil,0.26,https://bilgewatermarket.com/cards/VEN-034?print_variation=foiled,foiled,https://bilgewatermarket.com/assets/VEN-034-EN-CKOawcph.png,¥2.17,$0.26,,Resonating Strike VEN-034/166 Foiled CN ¥2.17 EN $0.26
2026-09-23T19:58:38+00:00,https://bilgewatermarket.com/cards,Resonating Strike,nonfoil,0.16,https://bilgewatermarket.com/cards/VEN-034,normal,https://bilgewatermarket.com/assets/VEN-034-EN-CKOawcph.png,¥1.12,$0.16,,Resonating Strike VEN-034/166 CN ¥1.12 EN $0.16
2026-09-23T19:58:38+00:00,https://bilgewatermarket.com/cards,Sanction,foil,0.25,https://bilgewatermarket.com/cards/VEN-035?print_variation=foiled,foiled,https://bilgewatermarket.com/assets/VEN-035-EN-DQiTZ1ig.png,¥1.98,$0.25,,Sanction VEN-035/166 Foiled CN ¥1.98 EN $0.25
2026-09-23T19:58:38+00:00,https://bilgewatermarket.com/cards,Sanction,nonfoil,0.08,https://bilgewatermarket.com/cards/VEN-035,normal,https://bilgewatermarket.com/assets/VEN-035-EN-DQiTZ1ig.png,¥0.55,$0.08,,Sanction VEN-035/166 CN ¥0.55 EN $0.08
2026-09-23T19:58:38+00:00,https://bilgewatermarket.com/cards,Sandstone Chimera,foil,0.17,https://bilgewatermarket.com/cards/VEN-036?print_variation=foiled,foiled,https://bilgewatermarket.com/assets/VEN-036-EN-DNCwMOMs.png,¥1.02,$0.17,,Sandstone Chimera VEN-036/166 Foiled CN ¥1.02 EN $0.17
2026-09-23T19:58:38+00:00,https://bilgewatermarket.com/cards,Sandstone Chimera,nonfoil,0.05,https://bilgewatermarket.com/cards/VEN-036,normal,https://bilgewatermarket.com/assets/VEN-036-EN-DNCwMOMs.png,¥0.50,$0.05,,Sandstone Chimera VEN-036/166 CN ¥0.50 EN $0.05
2026-09-23T19:58:38+00:00,https://bilgewatermarket.com/cards,Tomb-Raider Barbara,foil,0.38,https://bilgewatermarket.com/cards/VEN-037?print_variation=foiled,foiled,https://bilgewatermarket.com/assets/VEN-037-EN-Di1ikYYh.png,¥1.96,$0.38,,Tomb-Raider Barbara VEN-037/166 Foiled CN ¥1.96 EN $0.38
2026-09-23T19:58:38+00:00,https://bilgewatermarket.com/cards,Tomb-Raider Barbara,nonfoil,0.13,https://bilgewatermarket.com/cards/VEN-037,normal,https://bilgewatermarket.com/assets/VEN-037-EN-Di1ikYYh.png,¥0.95,$0.13,,Tomb-Raider Barbara VEN-037/166 CN ¥0.95 EN $0.13
2026-09-23T19:58:38+00:00,https://bilgewatermarket.com/cards,"Akali, Silent",nonfoil,0.32,https://bilgewatermarket.com/cards/VEN-038,normal,https://bilgewatermarket.com/assets/VEN-038-EN-BX81ymB0.png,¥2.32,$0.32,,"Akali, Silent VEN-038/166 CN ¥2.32 EN $0.32"
2026-09-23T19:58:38+00:00,https://bilgewatermarket.com/cards,"Akali, Silent",nonfoil,11.19,https://bilgewatermarket.com/cards/VEN-038a?print_variation=showcase,showcase,https://bilgewatermarket.com/assets/VEN-038a-EN-Db18MocF.png,¥29.99,$11.19,,"Akali, Silent VEN-038A/166 Showcase CN ¥29.99 EN $11.19"
2026-09-23T19:58:38+00:00,https://bilgewatermarket.com/cards,Crumbling Sands,nonfoil,0.27,https://bilgewatermarket.com/cards/VEN-039,normal,https://bilgewatermarket.com/assets/VEN-039-EN-BkBKpeBC.png,¥3.78,$0.27,,Crumbling Sands VEN-039/166 CN ¥3.78 EN $0.27
2026-09-23T19:58:38+00:00,https://bilgewatermarket.com/cards,Decree of Focus,nonfoil,0.43,https://bilgewatermarket.com/cards/VEN-040,normal,https://bilgewatermarket.com/assets/VEN-040-EN-BBaQ8vdf.png,¥3.66,$0.43,,Decree of Focus VEN-040/166 CN ¥3.66 EN $0.43
2026-09-23T19:58:38+00:00,https://bilgewatermarket.com/cards,"Riven, Shattered",nonfoil,0.25,https://bilgewatermarket.com/cards/VEN-041,normal,https://bilgewatermarket.com/assets/VEN-041-EN-Bvbbssj_.png,¥0.67,$0.25,,"Riven, Shattered VEN-041/166 CN ¥0.67 EN $0.25"
2026-09-23T19:58:38+00:00,https://bilgewatermarket.com/cards,"Shen, Scourge of Shadows",nonfoil,0.13,https://bilgewatermarket.com/cards/VEN-042,normal,https://bilgewatermarket.com/assets/VEN-042-EN-DB0f2liY.png,¥0.53,$0.13,,"Shen, Scourge of Shadows VEN-042/166 CN ¥0.53 EN $0.13"
2026-09-23T19:58:38+00:00,https://bilgewatermarket.com/cards,"Shen, Scourge of Shadows",nonfoil,1.00,https://bilgewatermarket.com/cards/VEN-042a?print_variation=showcase,showcase,https://bilgewatermarket.com/assets/VEN-042a-EN-CmIMdxRz.png,¥2.82,$1.00,,"Shen, Scourge of Shadows VEN-042A/166 Showcase CN ¥2.82 EN $1.00"
2026-09-23T19:58:38+00:00,https://bilgewatermarket.com/cards,Steel Paws,nonfoil,0.30,https://bilgewatermarket.com/cards/VEN-043,normal,https://bilgewatermarket.com/assets/VEN-043-EN-D3rM5hd3.png,¥2.32,$0.30,,Steel Paws VEN-043/166 CN ¥2.32 EN $0.30
2026-09-23T19:58:38+00:00,https://bilgewatermarket.com/cards,Astral Heron,nonfoil,44.41,https://bilgewatermarket.com/cards/VEN-044,normal,https://bilgewatermarket.com/assets/VEN-044-EN-DoJyXdAU.png,¥129.78,$44.41,,Astral Heron VEN-044/166 CN ¥129.78 EN $44.41
2026-09-23T19:58:38+00:00,https://bilgewatermarket.com/cards,Helm of Suppression,nonfoil,3.11,https://bilgewatermarket.com/cards/VEN-045,normal,https://bilgewatermarket.com/assets/VEN-045-EN-Cc1MGZba.png,¥9.82,$3.11,,Helm of Suppression VEN-045/166 CN ¥9.82 EN $3.11
2026-09-23T19:58:38+00:00,https://bilgewatermarket.com/cards,"Nasus, Ascended",nonfoil,0.74,https://bilgewatermarket.com/cards/VEN-046,normal,https://bilgewatermarket.com/assets/VEN-046-EN-Kl4d9GPB.png,¥3.14,$0.74,,"Nasus, Ascended VEN-046/166 CN ¥3.14 EN $0.74"
2026-09-23T19:58:38+00:00,https://bilgewatermarket.com/cards,"Nasus, Ascended",nonfoil,2.40,https://bilgewatermarket.com/cards/VEN-046a?print_variation=showcase,showcase,https://bilgewatermarket.com/assets/VEN-046a-EN-DNtt-B1N.png,¥10.90,$2.40,,"Nasus, Ascended VEN-046A/166 Showcase CN ¥10.90 EN $2.40"
2026-09-23T19:58:38+00:00,https://bilgewatermarket.com/cards,Apprentice Mage,foil,0.18,https://bilgewatermarket.com/cards/VEN-047?print_variation=foiled,foiled,https://bilgewatermarket.com/assets/VEN-047-EN-IKhxvAeH.png,¥0.51,$0.18,,Apprentice Mage VEN-047/166 Foiled CN ¥0.51 EN $0.18
2026-09-23T19:58:38+00:00,https://bilgewatermarket.com/cards,Apprentice Mage,nonfoil,0.04,https://bilgewatermarket.com/cards/VEN-047,normal,https://bilgewatermarket.com/assets/VEN-047-EN-IKhxvAeH.png,¥0.50,$0.04,,Apprentice Mage VEN-047/166 CN ¥0.50 EN $0.04
2026-09-23T19:58:38+00:00,https://bilgewatermarket.com/cards,Cloud Drake,foil,0.19,https://bilgewatermarket.com/cards/VEN-048?print_variation=foiled,foiled,https://bilgewatermarket.com/assets/VEN-048-EN-WGFx_9br.png,¥0.50,$0.19,,Cloud Drake VEN-048/166 Foiled CN ¥0.50 EN $0.19
2026-09-23T19:58:38+00:00,https://bilgewatermarket.com/cards,Cloud Drake,nonfoil,0.04,https://bilgewatermarket.com/cards/VEN-048,normal,https://bilgewatermarket.com/assets/VEN-048-EN-WGFx_9br.png,¥0.50,$0.04,,Cloud Drake VEN-048/166 CN ¥0.50 EN $0.04
2026-09-23T19:58:38+00:00,https://bilgewatermarket.com/cards,Dredge Up,foil,0.43,https://bilgewatermarket.com/cards/VEN-049?print_variation=foiled,foiled,https://bilgewatermarket.com/assets/VEN-049-EN-B_ePmYth.png,¥1.84,$0.43,,Dredge Up VEN-049/166 Foiled CN ¥1.84 EN $0.43
2026-09-23T19:58:38+00:00,https://bilgewatermarket.com/cards,Dredge Up,nonfoil,0.09,https://bilgewatermarket.com/cards/VEN-049,normal,https://bilgewatermarket.com/assets/VEN-049-EN-B_ePmYth.png,¥0.62,$0.09,,Dredge Up VEN-049/166 CN ¥0.62 EN $0.09
2026-09-23T19:58:38+00:00,https://bilgewatermarket.com/cards,Grumpy Rockbear,foil,0.13,https://bilgewatermarket.com/cards/VEN-050?print_variation=foiled,foiled,https://bilgewatermarket.com/assets/VEN-050-EN-DsmQ1aGy.png,¥0.64,$0.13,,Grumpy Rockbear VEN-050/166 Foiled CN ¥0.64 EN $0.13
2026-09-23T19:58:38+00:00,https://bilgewatermarket.com/cards,Grumpy Rockbear,nonfoil,0.04,https://bilgewatermarket.com/cards/VEN-050,normal,https://bilgewatermarket.com/assets/VEN-050-EN-DsmQ1aGy.png,¥0.50,$0.04,,Grumpy Rockbear VEN-050/166 CN ¥0.50 EN $0.04
2026-09-23T19:58:38+00:00,https://bilgewatermarket.com/cards,Iterative Design,foil,0.23,https://bilgewatermarket.com/cards/VEN-051?print_variation=foiled,foiled,https://bilgewatermarket.com/assets/VEN-051-EN-MrRDJaWe.png,¥0.66,$0.23,,Iterative Design VEN-051/166 Foiled CN ¥0.66 EN $0.23
2026-09-23T19:58:38+00:00,https://bilgewatermarket.com/cards,Iterative Design,nonfoil,0.07,https://bilgewatermarket.com/cards/VEN-051,normal,https://bilgewatermarket.com/assets/VEN-051-EN-MrRDJaWe.png,¥0.52,$0.07,,Iterative Design VEN-051/166 CN ¥0.52 EN $0.07
2026-09-23T19:58:38+00:00,https://bilgewatermarket.com/cards,Mesmerize,foil,0.28,https://bilgewatermarket.com/cards/VEN-052?print_variation=foiled,foiled,https://bilgewatermarket.com/assets/VEN-052-EN-DXojzohb.png,¥1.00,$0.28,,Mesmerize VEN-052/166 Foiled CN ¥1.00 EN $0.28
2026-09-23T19:58:38+00:00,https://bilgewatermarket.com/cards,Mesmerize,nonfoil,0.11,https://bilgewatermarket.com/cards/VEN-052,normal,https://bilgewatermarket.com/assets/VEN-052-EN-DXojzohb.png,¥0.50,$0.11,,Mesmerize VEN-052/166 CN ¥0.50 EN $0.11
2026-09-23T19:58:38+00:00,https://bilgewatermarket.com/cards,Otterpus,foil,0.16,https://bilgewatermarket.com/cards/VEN-053?print_variation=foiled,foiled,https://bilgewatermarket.com/assets/VEN-053-EN-wfW1Layq.png,¥0.95,$0.16,,Otterpus VEN-053/166 Foiled CN ¥0.95 EN $0.16
2026-09-23T19:58:38+00:00,https://bilgewatermarket.com/cards,Otterpus,nonfoil,0.10,https://bilgewatermarket.com/cards/VEN-053,normal,https://bilgewatermarket.com/assets/VEN-053-EN-wfW1Layq.png,¥0.50,$0.10,,Otterpus VEN-053/166 CN ¥0.50 EN $0.10
2026-09-23T19:58:38+00:00,https://bilgewatermarket.com/cards,Questionable Tome,foil,0.32,https://bilgewatermarket.com/cards/VEN-054?print_variation=foiled,foiled,https://bilgewatermarket.com/assets/VEN-054-EN-WKHM6QTR.png,¥1.00,$0.32,,Questionable Tome VEN-054/166 Foiled CN ¥1.00 EN $0.32
2026-09-23T19:58:38+00:00,https://bilgewatermarket.com/cards,Questionable Tome,nonfoil,0.06,https://bilgewatermarket.com/cards/VEN-054,normal,https://bilgewatermarket.com/assets/VEN-054-EN-WKHM6QTR.png,¥0.57,$0.06,,Questionable Tome VEN-054/166 CN ¥0.57 EN $0.06
2026-09-23T19:58:38+00:00,https://bilgewatermarket.com/cards,Applied Researchers,foil,0.72,https://bilgewatermarket.com/cards/VEN-055?print_variation=foiled,foiled,https://bilgewatermarket.com/assets/VEN-055-EN-BT5B6yNz.png,¥1.86,$0.72,,Applied Researchers VEN-055/166 Foiled CN ¥1.86 EN $0.72
2026-09-23T19:58:38+00:00,https://bilgewatermarket.com/cards,Applied Researchers,nonfoil,0.16,https://bilgewatermarket.com/cards/VEN-055,normal,https://bilgewatermarket.com/assets/VEN-055-EN-BT5B6yNz.png,¥1.09,$0.16,,Applied Researchers VEN-055/166 CN ¥1.09 EN $0.16
2026-09-23T19:58:38+00:00,https://bilgewatermarket.com/cards,Clairvoyance,foil,0.26,https://bilgewatermarket.com/cards/VEN-056?print_variation=foiled,foiled,https://bilgewatermarket.com/assets/VEN-056-EN-DZNiFWB9.png,¥2.64,$0.26,,Clairvoyance VEN-056/166 Foiled CN ¥2.64 EN $0.26
2026-09-23T19:58:38+00:00,https://bilgewatermarket.com/cards,Clairvoyance,nonfoil,0.14,https://bilgewatermarket.com/cards/VEN-056,normal,https://bilgewatermarket.com/assets/VEN-056-EN-DZNiFWB9.png,¥1.19,$0.14,,Clairvoyance VEN-056/166 CN ¥1.19 EN $0.14
2026-09-23T19:58:38+00:00,https://bilgewatermarket.com/cards,Covert Informant,foil,0.23,https://bilgewatermarket.com/cards/VEN-057?print_variation=foiled,foiled,https://bilgewatermarket.com/assets/VEN-057-EN-t70vRLK_.png,¥1.00,$0.23,,Covert Informant VEN-057/166 Foiled CN ¥1.00 EN $0.23
2026-09-23T19:58:38+00:00,https://bilgewatermarket.com/cards,Covert Informant,nonfoil,0.07,https://bilgewatermarket.com/cards/VEN-057,normal,https://bilgewatermarket.com/assets/VEN-057-EN-t70vRLK_.png,¥0.50,$0.07,,Covert Informant VEN-057/166 CN ¥0.50 EN $0.07
2026-09-23T19:58:38+00:00,https://bilgewatermarket.com/cards,Patched Porobot,foil,0.59,https://bilgewatermarket.com/cards/VEN-058?print_variation=foiled,foiled,https://bilgewatermarket.com/assets/VEN-058-EN-i_v0R9Mh.png,¥3.40,$0.59,,Patched Porobot VEN-058/166 Foiled CN ¥3.40 EN $0.59
2026-09-23T19:58:38+00:00,https://bilgewatermarket.com/cards,Patched Porobot,nonfoil,0.19,https://bilgewatermarket.com/cards/VEN-058,normal,https://bilgewatermarket.com/assets/VEN-058-EN-i_v0R9Mh.png,¥1.97,$0.19,,Patched Porobot VEN-058/166 CN ¥1.97 EN $0.19
2026-09-23T19:58:38+00:00,https://bilgewatermarket.com/cards,Shock Blast,foil,0.43,https://bilgewatermarket.com/cards/VEN-059?print_variation=foiled,foiled,https://bilgewatermarket.com/assets/VEN-059-EN-wy9ej77B.png,¥3.09,$0.43,,Shock Blast VEN-059/166 Foiled CN ¥3.09 EN $0.43
2026-09-23T19:58:38+00:00,https://bilgewatermarket.com/cards,Shock Blast,nonfoil,0.11,https://bilgewatermarket.com/cards/VEN-059,normal,https://bilgewatermarket.com/assets/VEN-059-EN-wy9ej77B.png,¥1.04,$0.11,,Shock Blast VEN-059/166 CN ¥1.04 EN $0.11
2026-09-23T19:58:38+00:00,https://bilgewatermarket.com/cards,Sky Cruiser,foil,0.13,https://bilgewatermarket.com/cards/VEN-060?print_variation=foiled,foiled,https://bilgewatermarket.com/assets/VEN-060-EN-CmvVMeEj.png,¥0.52,$0.13,,Sky Cruiser VEN-060/166 Foiled CN ¥0.52 EN $0.13
2026-09-23T19:58:38+00:00,https://bilgewatermarket.com/cards,Sky Cruiser,nonfoil,0.07,https://bilgewatermarket.com/cards/VEN-060,normal,https://bilgewatermarket.com/assets/VEN-060-EN-CmvVMeEj.png,¥0.50,$0.07,,Sky Cruiser VEN-060/166 CN ¥0.50 EN $0.07
2026-09-23T19:58:38+00:00,https://bilgewatermarket.com/cards,Decree of Insight,nonfoil,0.37,https://bilgewatermarket.com/cards/VEN-061,normal,https://bilgewatermarket.com/assets/VEN-061-EN-Do6MPRUG.png,¥3.47,$0.37,,Decree of Insight VEN-061/166 CN ¥3.47 EN $0.37
2026-09-23T19:58:38+00:00,https://bilgewatermarket.com/cards,Hextech Formula,nonfoil,0.15,https://bilgewatermarket.com/cards/VEN-062,normal,https://bilgewatermarket.com/assets/VEN-062-EN-BnHJRos-.png,¥0.75,$0.15,,Hextech Formula VEN-062/166 CN ¥0.75 EN $0.15
2026-09-23T19:58:38+00:00,https://bilgewatermarket.com/cards,"Nasus, Guardian of Knowledge",nonfoil,0.15,https://bilgewatermarket.com/cards/VEN-063,normal,https://bilgewatermarket.com/assets/VEN-063-EN-DqS1r1N9.png,¥0.53,$0.15,,"Nasus, Guardian of Knowledge VEN-063/166 CN ¥0.53 EN $0.15"
2026-09-23T19:58:38+00:00,https://bilgewatermarket.com/cards,"Nasus, Guardian of Knowledge",nonfoil,1.21,https://bilgewatermarket.com/cards/VEN-063a?print_variation=showcase,showcase,https://bilgewatermarket.com/assets/VEN-063a-EN-pRvjhPfW.png,¥2.81,$1.21,,"Nasus, Guardian of Knowledge VEN-063A/166 Showcase CN ¥2.81 EN $1.21"
2026-09-23T19:58:38+00:00,https://bilgewatermarket.com/cards,Plaza Guardian,nonfoil,0.21,https://bilgewatermarket.com/cards/VEN-064,normal,https://bilgewatermarket.com/assets/VEN-064-EN-DvBVQ6iF.png,¥0.57,$0.21,,Plaza Guardian VEN-064/166 CN ¥0.57 EN $0.21
2026-09-23T19:58:38+00:00,https://bilgewatermarket.com/cards,"Swain, Visionary",nonfoil,0.22,https://bilgewatermarket.com/cards/VEN-065,normal,https://bilgewatermarket.com/assets/VEN-065-EN-DvT4ExBY.png,¥2.20,$0.22,,"Swain, Visionary VEN-065/166 CN ¥2.20 EN $0.22"
2026-09-23T19:58:38+00:00,https://bilgewatermarket.com/cards,Temporal Breach,nonfoil,0.57,https://bilgewatermarket.com/cards/VEN-066,normal,https://bilgewatermarket.com/assets/VEN-066-EN-beejkN42.png,¥9.35,$0.57,,Temporal Breach VEN-066/166 CN ¥9.35 EN $0.57
2026-09-23T19:58:38+00:00,https://bilgewatermarket.com/cards,Bottled Constellation,nonfoil,0.63,https://bilgewatermarket.com/cards/VEN-067,normal,https://bilgewatermarket.com/assets/VEN-067-EN-DNHLa_rY.png,¥2.37,$0.63,,Bottled Constellation VEN-067/166 CN ¥2.37 EN $0.63
2026-09-23T19:58:38+00:00,https://bilgewatermarket.com/cards,"Jayce, Brilliant Inventor",nonfoil,0.48,https://bilgewatermarket.com/cards/VEN-068,normal,https://bilgewatermarket.com/assets/VEN-068-EN-Dtumw_Zz.png,¥2.83,$0.48,,"Jayce, Brilliant Inventor VEN-068/166 CN ¥2.83 EN $0.48"
2026-09-23T19:58:38+00:00,https://bilgewatermarket.com/cards,"Jayce, Brilliant Inventor",nonfoil,1.81,https://bilgewatermarket.com/cards/VEN-068a?print_variation=showcase,showcase,https://bilgewatermarket.com/assets/VEN-068a-EN-BXlDNQr4.png,¥7.09,$1.81,,"Jayce, Brilliant Inventor VEN-068A/166 Showcase CN ¥7.09 EN $1.81"
2026-09-23T19:58:38+00:00,https://bilgewatermarket.com/cards,"Mel, Newly Awakened",nonfoil,1.10,https://bilgewatermarket.com/cards/VEN-069,normal,https://bilgewatermarket.com/assets/VEN-069-EN-COmTRmaG.png,¥5.48,$1.10,,"Mel, Newly Awakened VEN-069/166 CN ¥5.48 EN $1.10"
2026-09-23T19:58:38+00:00,https://bilgewatermarket.com/cards,"Mel, Newly Awakened",nonfoil,3.28,https://bilgewatermarket.com/cards/VEN-069a?print_variation=showcase,showcase,https://bilgewatermarket.com/assets/VEN-069a-EN-BgBHxMWH.png,¥10.03,$3.28,,"Mel, Newly Awakened VEN-069A/166 Showcase CN ¥10.03 EN $3.28"
2026-09-23T19:58:38+00:00,https://bilgewatermarket.com/cards,Brutal Hunter,foil,0.15,https://bilgewatermarket.com/cards/VEN-070?print_variation=foiled,foiled,https://bilgewatermarket.com/assets/VEN-070-EN-BBw0JrIr.png,¥0.51,$0.15,,Brutal Hunter VEN-070/166 Foiled CN ¥0.51 EN $0.15
2026-09-23T19:58:38+00:00,https://bilgewatermarket.com/cards,Brutal Hunter,nonfoil,0.05,https://bilgewatermarket.com/cards/VEN-070,normal,https://bilgewatermarket.com/assets/VEN-070-EN-BBw0JrIr.png,¥0.50,$0.05,,Brutal Hunter VEN-070/166 CN ¥0.50 EN $0.05
2026-09-23T19:58:38+00:00,https://bilgewatermarket.com/cards,Fretful Feline,foil,0.14,https://bilgewatermarket.com/cards/VEN-071?print_variation=foiled,foiled,https://bilgewatermarket.com/assets/VEN-071-EN-Do7lfOl3.png,¥0.50,$0.14,,Fretful Feline VEN-071/166 Foiled CN ¥0.50 EN $0.14
2026-09-23T19:58:38+00:00,https://bilgewatermarket.com/cards,Fretful Feline,nonfoil,0.04,https://bilgewatermarket.com/cards/VEN-071,normal,https://bilgewatermarket.com/assets/VEN-071-EN-Do7lfOl3.png,¥0.50,$0.04,,Fretful Feline VEN-071/166 CN ¥0.50 EN $0.04
2026-09-23T19:58:38+00:00,https://bilgewatermarket.com/cards,Guttural Roar,foil,0.24,https://bilgewatermarket.com/cards/VEN-072?print_variation=foiled,foiled,https://bilgewatermarket.com/assets/VEN-072-EN-BmIr8-tQ.png,¥1.05,$0.24,,Guttural Roar VEN-072/166 Foiled CN ¥1.05 EN $0.24
2026-09-23T19:58:38+00:00,https://bilgewatermarket.com/cards,Guttural Roar,nonfoil,0.05,https://bilgewatermarket.com/cards/VEN-072,normal,https://bilgewatermarket.com/assets/VEN-072-EN-BmIr8-tQ.png,¥0.50,$0.05,,Guttural Roar VEN-072/166 CN ¥0.50 EN $0.05
2026-09-23T19:58:38+00:00,https://bilgewatermarket.com/cards,Jagged Cutlass,foil,0.18,https://bilgewatermarket.com/cards/VEN-073?print_variation=foiled,foiled,https://bilgewatermarket.com/assets/VEN-073-EN-i0eR0RLy.png,¥0.61,$0.18,,Jagged Cutlass VEN-073/166 Foiled CN ¥0.61 EN $0.18
2026-09-23T19:58:38+00:00,https://bilgewatermarket.com/cards,Jagged Cutlass,nonfoil,0.07,https://bilgewatermarket.com/cards/VEN-073,normal,https://bilgewatermarket.com/assets/VEN-073-EN-i0eR0RLy.png,¥0.50,$0.07,,Jagged Cutlass VEN-073/166 CN ¥0.50 EN $0.07
2026-09-23T19:58:38+00:00,https://bilgewatermarket.com/cards,Legion Marauder,foil,0.23,https://bilgewatermarket.com/cards/VEN-074?print_variation=foiled,foiled,https://bilgewatermarket.com/assets/VEN-074-EN-Ccc3s0Aw.png,¥1.09,$0.23,,Legion Marauder VEN-074/166 Foiled CN ¥1.09 EN $0.23
2026-09-23T19:58:38+00:00,https://bilgewatermarket.com/cards,Legion Marauder,nonfoil,0.05,https://bilgewatermarket.com/cards/VEN-074,normal,https://bilgewatermarket.com/assets/VEN-074-EN-Ccc3s0Aw.png,¥0.51,$0.05,,Legion Marauder VEN-074/166 CN ¥0.51 EN $0.05
2026-09-23T19:58:38+00:00,https://bilgewatermarket.com/cards,Platewyrm Egg,foil,0.24,https://bilgewatermarket.com/cards/VEN-075?print_variation=foiled,foiled,https://bilgewatermarket.com/assets/VEN-075-EN-n7AqzMTZ.png,¥2.80,$0.24,,Platewyrm Egg VEN-075/166 Foiled CN ¥2.80 EN $0.24
2026-09-23T19:58:38+00:00,https://bilgewatermarket.com/cards,Platewyrm Egg,nonfoil,0.12,https://bilgewatermarket.com/cards/VEN-075,normal,https://bilgewatermarket.com/assets/VEN-075-EN-n7AqzMTZ.png,¥0.63,$0.12,,Platewyrm Egg VEN-075/166 CN ¥0.63 EN $0.12
2026-09-23T19:58:38+00:00,https://bilgewatermarket.com/cards,Repair Specialist,foil,0.27,https://bilgewatermarket.com/cards/VEN-076?print_variation=foiled,foiled,https://bilgewatermarket.com/assets/VEN-076-EN-C3K8gFpm.png,¥0.85,$0.27,,Repair Specialist VEN-076/166 Foiled CN ¥0.85 EN $0.27
2026-09-23T19:58:38+00:00,https://bilgewatermarket.com/cards,Repair Specialist,nonfoil,0.09,https://bilgewatermarket.com/cards/VEN-076,normal,https://bilgewatermarket.com/assets/VEN-076-EN-C3K8gFpm.png,¥0.50,$0.09,,Repair Specialist VEN-076/166 CN ¥0.50 EN $0.09
2026-09-23T19:58:38+00:00,https://bilgewatermarket.com/cards,Tools of Empire,foil,0.30,https://bilgewatermarket.com/cards/VEN-077?print_variation=foiled,foiled,https://bilgewatermarket.com/assets/VEN-077-EN-CsEVKpSM.png,¥0.88,$0.30,,Tools of Empire VEN-077/166 Foiled CN ¥0.88 EN $0.30
2026-09-23T19:58:38+00:00,https://bilgewatermarket.com/cards,Tools of Empire,nonfoil,0.04,https://bilgewatermarket.com/cards/VEN-077,normal,https://bilgewatermarket.com/assets/VEN-077-EN-CsEVKpSM.png,¥0.51,$0.04,,Tools of Empire VEN-077/166 CN ¥0.51 EN $0.04
2026-09-23T19:58:38+00:00,https://bilgewatermarket.com/cards,Baccai Witherclaw,foil,0.32,https://bilgewatermarket.com/cards/VEN-078?print_variation=foiled,foiled,https://bilgewatermarket.com/assets/VEN-078-EN-hWHuk34D.png,¥1.00,$0.32,,Baccai Witherclaw VEN-078/166 Foiled CN ¥1.00 EN $0.32
2026-09-23T19:58:38+00:00,https://bilgewatermarket.com/cards,Baccai Witherclaw,nonfoil,0.05,https://bilgewatermarket.com/cards/VEN-078,normal,https://bilgewatermarket.com/assets/VEN-078-EN-hWHuk34D.png,¥0.54,$0.05,,Baccai Witherclaw VEN-078/166 CN ¥0.54 EN $0.05
2026-09-23T19:58:38+00:00,https://bilgewatermarket.com/cards,Dame the Despoiler,foil,0.21,https://bilgewatermarket.com/cards/VEN-079?print_variation=foiled,foiled,https://bilgewatermarket.com/assets/VEN-079-EN-Dgt9D4yo.png,¥0.51,$0.21,,Dame the Despoiler VEN-079/166 Foiled CN ¥0.51 EN $0.21
2026-09-23T19:58:38+00:00,https://bilgewatermarket.com/cards,Dame the Despoiler,nonfoil,0.07,https://bilgewatermarket.com/cards/VEN-079,normal,https://bilgewatermarket.com/assets/VEN-079-EN-Dgt9D4yo.png,¥0.50,$0.07,,Dame the Despoiler VEN-079/166 CN ¥0.50 EN $0.07
2026-09-23T19:58:38+00:00,https://bilgewatermarket.com/cards,Noxian Demolitionist,foil,0.20,https://bilgewatermarket.com/cards/VEN-080?print_variation=foiled,foiled,https://bilgewatermarket.com/assets/VEN-080-EN--Wu8GZn8.png,¥1.03,$0.20,,Noxian Demolitionist VEN-080/166 Foiled CN ¥1.03 EN $0.20
2026-09-23T19:58:38+00:00,https://bilgewatermarket.com/cards,Noxian Demolitionist,nonfoil,0.08,https://bilgewatermarket.com/cards/VEN-080,normal,https://bilgewatermarket.com/assets/VEN-080-EN--Wu8GZn8.png,¥0.55,$0.08,,Noxian Demolitionist VEN-080/166 CN ¥0.55 EN $0.08
2026-09-23T19:58:38+00:00,https://bilgewatermarket.com/cards,Onslaught,foil,0.30,https://bilgewatermarket.com/cards/VEN-081?print_variation=foiled,foiled,https://bilgewatermarket.com/assets/VEN-081-EN-DGC01Mt6.png,¥1.83,$0.30,,Onslaught VEN-081/166 Foiled CN ¥1.83 EN $0.30
2026-09-23T19:58:38+00:00,https://bilgewatermarket.com/cards,Onslaught,nonfoil,0.13,https://bilgewatermarket.com/cards/VEN-081,normal,https://bilgewatermarket.com/assets/VEN-081-EN-DGC01Mt6.png,¥1.08,$0.13,,Onslaught VEN-081/166 CN ¥1.08 EN $0.13
2026-09-23T19:58:38+00:00,https://bilgewatermarket.com/cards,Profiteer,foil,0.29,https://bilgewatermarket.com/cards/VEN-082?print_variation=foiled,foiled,https://bilgewatermarket.com/assets/VEN-082-EN-6kic8myQ.png,¥2.00,$0.29,,Profiteer VEN-082/166 Foiled CN ¥2.00 EN $0.29
2026-09-23T19:58:38+00:00,https://bilgewatermarket.com/cards,Profiteer,nonfoil,0.12,https://bilgewatermarket.com/cards/VEN-082,normal,https://bilgewatermarket.com/assets/VEN-082-EN-6kic8myQ.png,¥1.22,$0.12,,Profiteer VEN-082/166 CN ¥1.22 EN $0.12
2026-09-23T19:58:38+00:00,https://bilgewatermarket.com/cards,Rampage,foil,0.72,https://bilgewatermarket.com/cards/VEN-083?print_variation=foiled,foiled,https://bilgewatermarket.com/assets/VEN-083-EN-BIEybsQE.png,¥6.60,$0.72,,Rampage VEN-083/166 Foiled CN ¥6.60 EN $0.72
2026-09-23T19:58:38+00:00,https://bilgewatermarket.com/cards,Rampage,nonfoil,0.28,https://bilgewatermarket.com/cards/VEN-083,normal,https://bilgewatermarket.com/assets/VEN-083-EN-BIEybsQE.png,¥1.55,$0.28,,Rampage VEN-083/166 CN ¥1.55 EN $0.28
2026-09-23T19:58:38+00:00,https://bilgewatermarket.com/cards,"Ambessa, The Wolf",nonfoil,0.20,https://bilgewatermarket.com/cards/VEN-084,normal,https://bilgewatermarket.com/assets/VEN-084-EN-Det7UPYF.png,¥1.89,$0.20,,"Ambessa, The Wolf VEN-084/166 CN ¥1.89 EN $0.20"
2026-09-23T19:58:38+00:00,https://bilgewatermarket.com/cards,"Ambessa, The Wolf",nonfoil,1.71,https://bilgewatermarket.com/cards/VEN-084a?print_variation=showcase,showcase,https://bilgewatermarket.com/assets/VEN-084a-EN-Bne2UZi0.png,¥9.27,$1.71,,"Ambessa, The Wolf VEN-084A/166 Showcase CN ¥9.27 EN $1.71"
2026-09-23T19:58:38+00:00,https://bilgewatermarket.com/cards,Decree of Strength,nonfoil,0.33,https://bilgewatermarket.com/cards/VEN-085,normal,https://bilgewatermarket.com/assets/VEN-085-EN-DGsRPBZ7.png,¥3.50,$0.33,,Decree of Strength VEN-085/166 CN ¥3.50 EN $0.33
2026-09-23T19:58:38+00:00,https://bilgewatermarket.com/cards,"Gangplank, Naval",nonfoil,0.24,https://bilgewatermarket.com/cards/VEN-086,normal,https://bilgewatermarket.com/assets/VEN-086-EN-CvTg0bFJ.png,¥2.24,$0.24,,"Gangplank, Naval VEN-086/166 CN ¥2.24 EN $0.24"
2026-09-23T19:58:38+00:00,https://bilgewatermarket.com/cards,Hextech Disc,nonfoil,0.16,https://bilgewatermarket.com/cards/VEN-087,normal,https://bilgewatermarket.com/assets/VEN-087-EN-CrcAMXPZ.png,¥0.84,$0.16,,Hextech Disc VEN-087/166 CN ¥0.84 EN $0.16
2026-09-23T19:58:38+00:00,https://bilgewatermarket.com/cards,"Jayce, Hammer in Hand",nonfoil,0.18,https://bilgewatermarket.com/cards/VEN-088,normal,https://bilgewatermarket.com/assets/VEN-088-EN-pWbYFoGK.png,¥1.39,$0.18,,"Jayce, Hammer in Hand VEN-088/166 CN ¥1.39 EN $0.18"
2026-09-23T19:58:38+00:00,https://bilgewatermarket.com/cards,"Jayce, Hammer in Hand",nonfoil,1.08,https://bilgewatermarket.com/cards/VEN-088a?print_variation=showcase,showcase,https://bilgewatermarket.com/assets/VEN-088a-EN-D-tcu65A.png,¥4.03,$1.08,,"Jayce, Hammer in Hand VEN-088A/166 Showcase CN ¥4.03 EN $1.08"
2026-09-23T19:58:38+00:00,https://bilgewatermarket.com/cards,Wild Claw,nonfoil,0.13,https://bilgewatermarket.com/cards/VEN-089,normal,https://bilgewatermarket.com/assets/VEN-089-EN-DjuOh8bv.png,¥0.77,$0.13,,Wild Claw VEN-089/166 CN ¥0.77 EN $0.13
2026-09-23T19:58:38+00:00,https://bilgewatermarket.com/cards,Cataclysmic Duel,nonfoil,0.40,https://bilgewatermarket.com/cards/VEN-090,normal,https://bilgewatermarket.com/assets/VEN-090-EN-DcLtUoYu.png,¥2.34,$0.40,,Cataclysmic Duel VEN-090/166 CN ¥2.34 EN $0.40
2026-09-23T19:58:38+00:00,https://bilgewatermarket.com/cards,Corrupted Dragon,nonfoil,0.66,https://bilgewatermarket.com/cards/VEN-091,normal,https://bilgewatermarket.com/assets/VEN-091-EN-_RU-3yoI.png,¥3.54,$0.66,,Corrupted Dragon VEN-091/166 CN ¥3.54 EN $0.66
2026-09-23T19:58:38+00:00,https://bilgewatermarket.com/cards,"Renekton, Brute",nonfoil,0.41,https://bilgewatermarket.com/cards/VEN-092,normal,https://bilgewatermarket.com/assets/VEN-092-EN-DkMPRHL8.png,¥1.33,$0.41,,"Renekton, Brute VEN-092/166 CN ¥1.33 EN $0.41"
2026-09-23T19:58:38+00:00,https://bilgewatermarket.com/cards,"Renekton, Brute",nonfoil,1.91,https://bilgewatermarket.com/cards/VEN-092a?print_variation=showcase,showcase,https://bilgewatermarket.com/assets/VEN-092a-EN--0lOGwVx.png,¥4.08,$1.91,,"Renekton, Brute VEN-092A/166 Showcase CN ¥4.08 EN $1.91"
2026-09-23T19:58:38+00:00,https://bilgewatermarket.com/cards,Kinkou Lifeblade,foil,0.13,https://bilgewatermarket.com/cards/VEN-093?print_variation=foiled,foiled,https://bilgewatermarket.com/assets/VEN-093-EN-CCh8yFUu.png,¥0.51,$0.13,,Kinkou Lifeblade VEN-093/166 Foiled CN ¥0.51 EN $0.13
2026-09-23T19:58:38+00:00,https://bilgewatermarket.com/cards,Kinkou Lifeblade,nonfoil,0.05,https://bilgewatermarket.com/cards/VEN-093,normal,https://bilgewatermarket.com/assets/VEN-093-EN-CCh8yFUu.png,¥0.50,$0.05,,Kinkou Lifeblade VEN-093/166 CN ¥0.50 EN $0.05
2026-09-23T19:58:38+00:00,https://bilgewatermarket.com/cards,Mask Mother,foil,0.21,https://bilgewatermarket.com/cards/VEN-094?print_variation=foiled,foiled,https://bilgewatermarket.com/assets/VEN-094-EN-zhkibLfS.png,¥1.05,$0.21,,Mask Mother VEN-094/166 Foiled CN ¥1.05 EN $0.21
2026-09-23T19:58:38+00:00,https://bilgewatermarket.com/cards,Mask Mother,nonfoil,0.09,https://bilgewatermarket.com/cards/VEN-094,normal,https://bilgewatermarket.com/assets/VEN-094-EN-zhkibLfS.png,¥0.50,$0.09,,Mask Mother VEN-094/166 CN ¥0.50 EN $0.09
2026-09-23T19:58:38+00:00,https://bilgewatermarket.com/cards,Shadow Order Disciple,foil,0.32,https://bilgewatermarket.com/cards/VEN-095?print_variation=foiled,foiled,https://bilgewatermarket.com/assets/VEN-095-EN-Djs_M261.png,¥2.32,$0.32,,Shadow Order Disciple VEN-095/166 Foiled CN ¥2.32 EN $0.32
2026-09-23T19:58:38+00:00,https://bilgewatermarket.com/cards,Shadow Order Disciple,nonfoil,0.10,https://bilgewatermarket.com/cards/VEN-095,normal,https://bilgewatermarket.com/assets/VEN-095-EN-Djs_M261.png,¥0.58,$0.10,,Shadow Order Disciple VEN-095/166 CN ¥0.58 EN $0.10
2026-09-23T19:58:38+00:00,https://bilgewatermarket.com/cards,Shadowblade Lurker,foil,0.23,https://bilgewatermarket.com/cards/VEN-096?print_variation=foiled,foiled,https://bilgewatermarket.com/assets/VEN-096-EN-LleB4Kxh.png,¥2.55,$0.23,,Shadowblade Lurker VEN-096/166 Foiled CN ¥2.55 EN $0.23
2026-09-23T19:58:38+00:00,https://bilgewatermarket.com/cards,Shadowblade Lurker,nonfoil,0.05,https://bilgewatermarket.com/cards/VEN-096,normal,https://bilgewatermarket.com/assets/VEN-096-EN-LleB4Kxh.png,¥0.57,$0.05,,Shadowblade Lurker VEN-096/166 CN ¥0.57 EN $0.05
2026-09-23T19:58:38+00:00,https://bilgewatermarket.com/cards,Spiderling,foil,0.49,https://bilgewatermarket.com/cards/VEN-097?print_variation=foiled,foiled,https://bilgewatermarket.com/assets/VEN-097-EN-05nsFlAy.png,¥1.06,$0.49,,Spiderling VEN-097/166 Foiled CN ¥1.06 EN $0.49
2026-09-23T19:58:38+00:00,https://bilgewatermarket.com/cards,Spiderling,nonfoil,0.24,https://bilgewatermarket.com/cards/VEN-097,normal,https://bilgewatermarket.com/assets/VEN-097-EN-05nsFlAy.png,¥0.63,$0.24,,Spiderling VEN-097/166 CN ¥0.63 EN $0.24
2026-09-23T19:58:38+00:00,https://bilgewatermarket.com/cards,Stargazer,foil,0.13,https://bilgewatermarket.com/cards/VEN-098?print_variation=foiled,foiled,https://bilgewatermarket.com/assets/VEN-098-EN-7CMTOXwI.png,¥0.51,$0.13,,Stargazer VEN-098/166 Foiled CN ¥0.51 EN $0.13
2026-09-23T19:58:38+00:00,https://bilgewatermarket.com/cards,Stargazer,nonfoil,0.05,https://bilgewatermarket.com/cards/VEN-098,normal,https://bilgewatermarket.com/assets/VEN-098-EN-7CMTOXwI.png,¥0.50,$0.05,,Stargazer VEN-098/166 CN ¥0.50 EN $0.05
2026-09-23T19:58:38+00:00,https://bilgewatermarket.com/cards,Tornado Warrior,foil,0.29,https://bilgewatermarket.com/cards/VEN-099?print_variation=foiled,foiled,https://bilgewatermarket.com/assets/VEN-099-EN-B9G9hLDc.png,¥2.53,$0.29,,Tornado Warrior VEN-099/166 Foiled CN ¥2.53 EN $0.29
2026-09-23T19:58:38+00:00,https://bilgewatermarket.com/cards,Tornado Warrior,nonfoil,0.09,https://bilgewatermarket.com/cards/VEN-099,normal,https://bilgewatermarket.com/assets/VEN-099-EN-B9G9hLDc.png,¥0.58,$0.09,,Tornado Warrior VEN-099/166 CN ¥0.58 EN $0.09
2026-09-23T19:58:38+00:00,https://bilgewatermarket.com/cards,Up from the Deep,foil,0.70,https://bilgewatermarket.com/cards/VEN-100?print_variation=foiled,foiled,https://bilgewatermarket.com/assets/VEN-100-EN-CDeicDP5.png,¥1.99,$0.70,,Up from the Deep VEN-100/166 Foiled CN ¥1.99 EN $0.70
2026-09-23T19:58:38+00:00,https://bilgewatermarket.com/cards,Up from the Deep,nonfoil,0.14,https://bilgewatermarket.com/cards/VEN-100,normal,https://bilgewatermarket.com/assets/VEN-100-EN-CDeicDP5.png,¥0.59,$0.14,,Up from the Deep VEN-100/166 CN ¥0.59 EN $0.14
2026-09-23T19:58:38+00:00,https://bilgewatermarket.com/cards,Gust Monk,foil,0.33,https://bilgewatermarket.com/cards/VEN-101?print_variation=foiled,foiled,https://bilgewatermarket.com/assets/VEN-101-EN-Cfs11m7w.png,¥3.53,$0.33,,Gust Monk VEN-101/166 Foiled CN ¥3.53 EN $0.33
2026-09-23T19:58:38+00:00,https://bilgewatermarket.com/cards,Gust Monk,nonfoil,0.13,https://bilgewatermarket.com/cards/VEN-101,normal,https://bilgewatermarket.com/assets/VEN-101-EN-Cfs11m7w.png,¥1.34,$0.13,,Gust Monk VEN-101/166 CN ¥1.34 EN $0.13
2026-09-23T19:58:38+00:00,https://bilgewatermarket.com/cards,Ravenbloom Prefect,foil,1.29,https://bilgewatermarket.com/cards/VEN-102?print_variation=foiled,foiled,https://bilgewatermarket.com/assets/VEN-102-EN-E3NZ3v4J.png,¥8.21,$1.29,,Ravenbloom Prefect VEN-102/166 Foiled CN ¥8.21 EN $1.29
2026-09-23T19:58:38+00:00,https://bilgewatermarket.com/cards,Ravenbloom Prefect,nonfoil,0.19,https://bilgewatermarket.com/cards/VEN-102,normal,https://bilgewatermarket.com/assets/VEN-102-EN-E3NZ3v4J.png,¥1.83,$0.19,,Ravenbloom Prefect VEN-102/166 CN ¥1.83 EN $0.19
2026-09-23T19:58:38+00:00,https://bilgewatermarket.com/cards,Shadows of the Past,foil,0.34,https://bilgewatermarket.com/cards/VEN-103?print_variation=foiled,foiled,https://bilgewatermarket.com/assets/VEN-103-EN-CnLVojsO.png,¥3.77,$0.34,,Shadows of the Past VEN-103/166 Foiled CN ¥3.77 EN $0.34
2026-09-23T19:58:38+00:00,https://bilgewatermarket.com/cards,Shadows of the Past,nonfoil,0.10,https://bilgewatermarket.com/cards/VEN-103,normal,https://bilgewatermarket.com/assets/VEN-103-EN-CnLVojsO.png,¥1.11,$0.10,,Shadows of the Past VEN-103/166 CN ¥1.11 EN $0.10
2026-09-23T19:58:38+00:00,https://bilgewatermarket.com/cards,Tail-Cloaked Matriarch,foil,0.55,https://bilgewatermarket.com/cards/VEN-104?print_variation=foiled,foiled,https://bilgewatermarket.com/assets/VEN-104-EN-g6J6Ukj4.png,¥3.55,$0.55,,Tail-Cloaked Matriarch VEN-104/166 Foiled CN ¥3.55 EN $0.55
2026-09-23T19:58:38+00:00,https://bilgewatermarket.com/cards,Tail-Cloaked Matriarch,nonfoil,0.17,https://bilgewatermarket.com/cards/VEN-104,normal,https://bilgewatermarket.com/assets/VEN-104-EN-g6J6Ukj4.png,¥1.95,$0.17,,Tail-Cloaked Matriarch VEN-104/166 CN ¥1.95 EN $0.17
2026-09-23T19:58:38+00:00,https://bilgewatermarket.com/cards,Twilight Step,foil,0.32,https://bilgewatermarket.com/cards/VEN-105?print_variation=foiled,foiled,https://bilgewatermarket.com/assets/VEN-105-EN-sXCnXaRy.png,¥1.02,$0.32,,Twilight Step VEN-105/166 Foiled CN ¥1.02 EN $0.32
2026-09-23T19:58:38+00:00,https://bilgewatermarket.com/cards,Twilight Step,nonfoil,0.07,https://bilgewatermarket.com/cards/VEN-105,normal,https://bilgewatermarket.com/assets/VEN-105-EN-sXCnXaRy.png,¥0.51,$0.07,,Twilight Step VEN-105/166 CN ¥0.51 EN $0.07
2026-09-23T19:58:38+00:00,https://bilgewatermarket.com/cards,Wind and Ghosts,foil,0.59,https://bilgewatermarket.com/cards/VEN-106?print_variation=foiled,foiled,https://bilgewatermarket.com/assets/VEN-106-EN-DMu1DLbf.png,¥3.99,$0.59,,Wind and Ghosts VEN-106/166 Foiled CN ¥3.99 EN $0.59
2026-09-23T19:58:38+00:00,https://bilgewatermarket.com/cards,Wind and Ghosts,nonfoil,0.14,https://bilgewatermarket.com/cards/VEN-106,normal,https://bilgewatermarket.com/assets/VEN-106-EN-DMu1DLbf.png,¥1.90,$0.14,,Wind and Ghosts VEN-106/166 CN ¥1.90 EN $0.14
2026-09-23T19:58:38+00:00,https://bilgewatermarket.com/cards,Decree of Discord,nonfoil,0.22,https://bilgewatermarket.com/cards/VEN-107,normal,https://bilgewatermarket.com/assets/VEN-107-EN-D-gVhqXY.png,¥1.50,$0.22,,Decree of Discord VEN-107/166 CN ¥1.50 EN $0.22
2026-09-23T19:58:38+00:00,https://bilgewatermarket.com/cards,Forgotten Relic,nonfoil,0.16,https://bilgewatermarket.com/cards/VEN-108,normal,https://bilgewatermarket.com/assets/VEN-108-EN-CFAyxxig.png,¥0.66,$0.16,,Forgotten Relic VEN-108/166 CN ¥0.66 EN $0.16
2026-09-23T19:58:38+00:00,https://bilgewatermarket.com/cards,"Illaoi, Prophet of the Great Kraken",nonfoil,0.21,https://bilgewatermarket.com/cards/VEN-109,normal,https://bilgewatermarket.com/assets/VEN-109-EN-hIJHzxhp.png,¥1.34,$0.21,,"Illaoi, Prophet of the Great Kraken VEN-109/166 CN ¥1.34 EN $0.21"
2026-09-23T19:58:38+00:00,https://bilgewatermarket.com/cards,"Mel, Defiant Soul",nonfoil,0.14,https://bilgewatermarket.com/cards/VEN-110,normal,https://bilgewatermarket.com/assets/VEN-110-EN-CDeRZYEh.png,¥1.53,$0.14,,"Mel, Defiant Soul VEN-110/166 CN ¥1.53 EN $0.14"
2026-09-23T19:58:38+00:00,https://bilgewatermarket.com/cards,"Mel, Defiant Soul",nonfoil,1.33,https://bilgewatermarket.com/cards/VEN-110a?print_variation=showcase,showcase,https://bilgewatermarket.com/assets/VEN-110a-EN-ChC82MvM.png,¥5.19,$1.33,,"Mel, Defiant Soul VEN-110A/166 Showcase CN ¥5.19 EN $1.33"
2026-09-23T19:58:38+00:00,https://bilgewatermarket.com/cards,Minah Swiftfoot,nonfoil,0.20,https://bilgewatermarket.com/cards/VEN-111,normal,https://bilgewatermarket.com/assets/VEN-111-EN-CCUPoBUU.png,¥0.52,$0.20,,Minah Swiftfoot VEN-111/166 CN ¥0.52 EN $0.20
2026-09-23T19:58:38+00:00,https://bilgewatermarket.com/cards,"Zed, Without a Sound",nonfoil,0.23,https://bilgewatermarket.com/cards/VEN-112,normal,https://bilgewatermarket.com/assets/VEN-112-EN-cv7eYR1P.png,¥1.08,$0.23,,"Zed, Without a Sound VEN-112/166 CN ¥1.08 EN $0.23"
2026-09-23T19:58:38+00:00,https://bilgewatermarket.com/cards,"Zed, Without a Sound",nonfoil,3.48,https://bilgewatermarket.com/cards/VEN-112a?print_variation=showcase,showcase,https://bilgewatermarket.com/assets/VEN-112a-EN-ajY8ipqJ.png,¥6.91,$3.48,,"Zed, Without a Sound VEN-112A/166 Showcase CN ¥6.91 EN $3.48"
2026-09-23T19:58:38+00:00,https://bilgewatermarket.com/cards,"Kennen, Storm of Shuriken",nonfoil,1.70,https://bilgewatermarket.com/cards/VEN-113,normal,https://bilgewatermarket.com/assets/VEN-113-EN-DC0HFiXj.png,¥12.24,$1.70,,"Kennen, Storm of Shuriken VEN-113/166 CN ¥12.24 EN $1.70"
2026-09-23T19:58:38+00:00,https://bilgewatermarket.com/cards,"Kennen, Storm of Shuriken",nonfoil,4.32,https://bilgewatermarket.com/cards/VEN-113a?print_variation=showcase,showcase,https://bilgewatermarket.com/assets/VEN-113a-EN-BIhr190O.png,¥23.10,$4.32,,"Kennen, Storm of Shuriken VEN-113A/166 Showcase CN ¥23.10 EN $4.32"
2026-09-23T19:58:38+00:00,https://bilgewatermarket.com/cards,Kharox,nonfoil,4.65,https://bilgewatermarket.com/cards/VEN-114,normal,https://bilgewatermarket.com/assets/VEN-114-EN-CQZ3mmbC.png,¥15.37,$4.65,,Kharox VEN-114/166 CN ¥15.37 EN $4.65
2026-09-23T19:58:38+00:00,https://bilgewatermarket.com/cards,Ocean Drake,nonfoil,1.24,https://bilgewatermarket.com/cards/VEN-115,normal,https://bilgewatermarket.com/assets/VEN-115-EN-D0nMt3w8.png,¥6.27,$1.24,,Ocean Drake VEN-115/166 CN ¥6.27 EN $1.24
2026-09-23T19:58:38+00:00,https://bilgewatermarket.com/cards,Dragon Form,foil,0.28,https://bilgewatermarket.com/cards/VEN-116?print_variation=foiled,foiled,https://bilgewatermarket.com/assets/VEN-116-EN-Bt8UgnTk.png,¥1.13,$0.28,,Dragon Form VEN-116/166 Foiled CN ¥1.13 EN $0.28
2026-09-23T19:58:38+00:00,https://bilgewatermarket.com/cards,Dragon Form,nonfoil,0.09,https://bilgewatermarket.com/cards/VEN-116,normal,https://bilgewatermarket.com/assets/VEN-116-EN-Bt8UgnTk.png,¥0.52,$0.09,,Dragon Form VEN-116/166 CN ¥0.52 EN $0.09
2026-09-23T19:58:38+00:00,https://bilgewatermarket.com/cards,Disciple of Shen,foil,0.21,https://bilgewatermarket.com/cards/VEN-117?print_variation=foiled,foiled,https://bilgewatermarket.com/assets/VEN-117-EN-B_yM4GJW.png,¥1.30,$0.21,,Disciple of Shen VEN-117/166 Foiled CN ¥1.30 EN $0.21
2026-09-23T19:58:38+00:00,https://bilgewatermarket.com/cards,Disciple of Shen,nonfoil,0.06,https://bilgewatermarket.com/cards/VEN-117,normal,https://bilgewatermarket.com/assets/VEN-117-EN-B_yM4GJW.png,¥0.50,$0.06,,Disciple of Shen VEN-117/166 CN ¥0.50 EN $0.06
2026-09-23T19:58:38+00:00,https://bilgewatermarket.com/cards,Horns of the Dragon,foil,0.14,https://bilgewatermarket.com/cards/VEN-118?print_variation=foiled,foiled,https://bilgewatermarket.com/assets/VEN-118-EN-4sJWjecS.png,¥0.50,$0.14,,Horns of the Dragon VEN-118/166 Foiled CN ¥0.50 EN $0.14
2026-09-23T19:58:38+00:00,https://bilgewatermarket.com/cards,Horns of the Dragon,nonfoil,0.03,https://bilgewatermarket.com/cards/VEN-118,normal,https://bilgewatermarket.com/assets/VEN-118-EN-4sJWjecS.png,¥0.50,$0.03,,Horns of the Dragon VEN-118/166 CN ¥0.50 EN $0.03
2026-09-23T19:58:38+00:00,https://bilgewatermarket.com/cards,Keeper of Law,foil,0.14,https://bilgewatermarket.com/cards/VEN-119?print_variation=foiled,foiled,https://bilgewatermarket.com/assets/VEN-119-EN-B94zn0sC.png,¥0.63,$0.14,,Keeper of Law VEN-119/166 Foiled CN ¥0.63 EN $0.14
2026-09-23T19:58:38+00:00,https://bilgewatermarket.com/cards,Keeper of Law,nonfoil,0.06,https://bilgewatermarket.com/cards/VEN-119,normal,https://bilgewatermarket.com/assets/VEN-119-EN-B94zn0sC.png,¥0.50,$0.06,,Keeper of Law VEN-119/166 CN ¥0.50 EN $0.06
2026-09-23T19:58:38+00:00,https://bilgewatermarket.com/cards,"Masa, Crashing Thunder",foil,0.16,https://bilgewatermarket.com/cards/VEN-120?print_variation=foiled,foiled,https://bilgewatermarket.com/assets/VEN-120-EN-DHcPgd86.png,¥0.51,$0.16,,"Masa, Crashing Thunder VEN-120/166 Foiled CN ¥0.51 EN $0.16"
2026-09-23T19:58:38+00:00,https://bilgewatermarket.com/cards,"Masa, Crashing Thunder",nonfoil,0.07,https://bilgewatermarket.com/cards/VEN-120,normal,https://bilgewatermarket.com/assets/VEN-120-EN-DHcPgd86.png,¥0.50,$0.07,,"Masa, Crashing Thunder VEN-120/166 CN ¥0.50 EN $0.07"
2026-09-23T19:58:38+00:00,https://bilgewatermarket.com/cards,Reluctant Leader,foil,0.13,https://bilgewatermarket.com/cards/VEN-121?print_variation=foiled,foiled,https://bilgewatermarket.com/assets/VEN-121-EN-BbtJBtUW.png,¥0.50,$0.13,,Reluctant Leader VEN-121/166 Foiled CN ¥0.50 EN $0.13
2026-09-23T19:58:38+00:00,https://bilgewatermarket.com/cards,Reluctant Leader,nonfoil,0.06,https://bilgewatermarket.com/cards/VEN-121,normal,https://bilgewatermarket.com/assets/VEN-121-EN-BbtJBtUW.png,¥0.50,$0.06,,Reluctant Leader VEN-121/166 CN ¥0.50 EN $0.06
2026-09-23T19:58:38+00:00,https://bilgewatermarket.com/cards,Solari Sunhawk,foil,0.35,https://bilgewatermarket.com/cards/VEN-122?print_variation=foiled,foiled,https://bilgewatermarket.com/assets/VEN-122-EN-0YWRcky6.png,¥0.66,$0.35,,Solari Sunhawk VEN-122/166 Foiled CN ¥0.66 EN $0.35
2026-09-23T19:58:38+00:00,https://bilgewatermarket.com/cards,Solari Sunhawk,nonfoil,0.10,https://bilgewatermarket.com/cards/VEN-122,normal,https://bilgewatermarket.com/assets/VEN-122-EN-0YWRcky6.png,¥0.50,$0.10,,Solari Sunhawk VEN-122/166 CN ¥0.50 EN $0.10
2026-09-23T19:58:38+00:00,https://bilgewatermarket.com/cards,Soulspinner,foil,0.16,https://bilgewatermarket.com/cards/VEN-123?print_variation=foiled,foiled,https://bilgewatermarket.com/assets/VEN-123-EN-DsL_H6zs.png,¥0.53,$0.16,,Soulspinner VEN-123/166 Foiled CN ¥0.53 EN $0.16
2026-09-23T19:58:38+00:00,https://bilgewatermarket.com/cards,Soulspinner,nonfoil,0.04,https://bilgewatermarket.com/cards/VEN-123,normal,https://bilgewatermarket.com/assets/VEN-123-EN-DsL_H6zs.png,¥0.50,$0.04,,Soulspinner VEN-123/166 CN ¥0.50 EN $0.04
2026-09-23T19:58:38+00:00,https://bilgewatermarket.com/cards,Escaped Grayback,foil,0.39,https://bilgewatermarket.com/cards/VEN-124?print_variation=foiled,foiled,https://bilgewatermarket.com/assets/VEN-124-EN-BgPMS7JC.png,¥1.11,$0.39,,Escaped Grayback VEN-124/166 Foiled CN ¥1.11 EN $0.39
2026-09-23T19:58:38+00:00,https://bilgewatermarket.com/cards,Escaped Grayback,nonfoil,0.20,https://bilgewatermarket.com/cards/VEN-124,normal,https://bilgewatermarket.com/assets/VEN-124-EN-BgPMS7JC.png,¥0.67,$0.20,,Escaped Grayback VEN-124/166 CN ¥0.67 EN $0.20
2026-09-23T19:58:38+00:00,https://bilgewatermarket.com/cards,Hungry Wolf,foil,0.19,https://bilgewatermarket.com/cards/VEN-125?print_variation=foiled,foiled,https://bilgewatermarket.com/assets/VEN-125-EN-ygpWWhje.png,¥1.00,$0.19,,Hungry Wolf VEN-125/166 Foiled CN ¥1.00 EN $0.19
2026-09-23T19:58:38+00:00,https://bilgewatermarket.com/cards,Hungry Wolf,nonfoil,0.05,https://bilgewatermarket.com/cards/VEN-125,normal,https://bilgewatermarket.com/assets/VEN-125-EN-ygpWWhje.png,¥0.51,$0.05,,Hungry Wolf VEN-125/166 CN ¥0.51 EN $0.05
2026-09-23T19:58:38+00:00,https://bilgewatermarket.com/cards,Ki Barrier,foil,0.36,https://bilgewatermarket.com/cards/VEN-126?print_variation=foiled,foiled,https://bilgewatermarket.com/assets/VEN-126-EN-U5km56qq.png,¥3.31,$0.36,,Ki Barrier VEN-126/166 Foiled CN ¥3.31 EN $0.36
2026-09-23T19:58:38+00:00,https://bilgewatermarket.com/cards,Ki Barrier,nonfoil,0.17,https://bilgewatermarket.com/cards/VEN-126,normal,https://bilgewatermarket.com/assets/VEN-126-EN-U5km56qq.png,¥1.12,$0.17,,Ki Barrier VEN-126/166 CN ¥1.12 EN $0.17
2026-09-23T19:58:38+00:00,https://bilgewatermarket.com/cards,Lacerate,foil,0.34,https://bilgewatermarket.com/cards/VEN-127?print_variation=foiled,foiled,https://bilgewatermarket.com/assets/VEN-127-EN-EQ1Hrn1v.png,¥3.90,$0.34,,Lacerate VEN-127/166 Foiled CN ¥3.90 EN $0.34
2026-09-23T19:58:38+00:00,https://bilgewatermarket.com/cards,Lacerate,nonfoil,0.10,https://bilgewatermarket.com/cards/VEN-127,normal,https://bilgewatermarket.com/assets/VEN-127-EN-EQ1Hrn1v.png,¥1.92,$0.10,,Lacerate VEN-127/166 CN ¥1.92 EN $0.10
2026-09-23T19:58:38+00:00,https://bilgewatermarket.com/cards,Noxian Emissary,foil,0.39,https://bilgewatermarket.com/cards/VEN-128?print_variation=foiled,foiled,https://bilgewatermarket.com/assets/VEN-128-EN-CGePnjX8.png,¥3.00,$0.39,,Noxian Emissary VEN-128/166 Foiled CN ¥3.00 EN $0.39
2026-09-23T19:58:38+00:00,https://bilgewatermarket.com/cards,Noxian Emissary,nonfoil,0.14,https://bilgewatermarket.com/cards/VEN-128,normal,https://bilgewatermarket.com/assets/VEN-128-EN-CGePnjX8.png,¥1.26,$0.14,,Noxian Emissary VEN-128/166 CN ¥1.26 EN $0.14
2026-09-23T19:58:38+00:00,https://bilgewatermarket.com/cards,Sacred Protector,foil,0.34,https://bilgewatermarket.com/cards/VEN-129?print_variation=foiled,foiled,https://bilgewatermarket.com/assets/VEN-129-EN-Dvn8dDbH.png,¥0.51,$0.34,,Sacred Protector VEN-129/166 Foiled CN ¥0.51 EN $0.34
2026-09-23T19:58:38+00:00,https://bilgewatermarket.com/cards,Sacred Protector,nonfoil,0.08,https://bilgewatermarket.com/cards/VEN-129,normal,https://bilgewatermarket.com/assets/VEN-129-EN-Dvn8dDbH.png,¥0.51,$0.08,,Sacred Protector VEN-129/166 CN ¥0.51 EN $0.08
2026-09-23T19:58:38+00:00,https://bilgewatermarket.com/cards,Aurok General,nonfoil,0.12,https://bilgewatermarket.com/cards/VEN-130,normal,https://bilgewatermarket.com/assets/VEN-130-EN-BJk1OtBj.png,¥0.63,$0.12,,Aurok General VEN-130/166 CN ¥0.63 EN $0.12
2026-09-23T19:58:38+00:00,https://bilgewatermarket.com/cards,Decree of Unity,nonfoil,0.47,https://bilgewatermarket.com/cards/VEN-131,normal,https://bilgewatermarket.com/assets/VEN-131-EN-KJm7m92q.png,¥2.41,$0.47,,Decree of Unity VEN-131/166 CN ¥2.41 EN $0.47
2026-09-23T19:58:38+00:00,https://bilgewatermarket.com/cards,Fallen Feline,nonfoil,0.22,https://bilgewatermarket.com/cards/VEN-132,normal,https://bilgewatermarket.com/assets/VEN-132-EN-NGraPDZw.png,¥2.48,$0.22,,Fallen Feline VEN-132/166 CN ¥2.48 EN $0.22
2026-09-23T19:58:38+00:00,https://bilgewatermarket.com/cards,Glowstone,nonfoil,0.14,https://bilgewatermarket.com/cards/VEN-133,normal,https://bilgewatermarket.com/assets/VEN-133-EN-DNCd1Yt6.png,¥0.66,$0.14,,Glowstone VEN-133/166 CN ¥0.66 EN $0.14
2026-09-23T19:58:38+00:00,https://bilgewatermarket.com/cards,"Kayle, Justified",nonfoil,0.30,https://bilgewatermarket.com/cards/VEN-134,normal,https://bilgewatermarket.com/assets/VEN-134-EN-2unK_ljh.png,¥2.14,$0.30,,"Kayle, Justified VEN-134/166 CN ¥2.14 EN $0.30"
2026-09-23T19:58:38+00:00,https://bilgewatermarket.com/cards,"Kennen, Keeper of Balance",nonfoil,0.27,https://bilgewatermarket.com/cards/VEN-135,normal,https://bilgewatermarket.com/assets/VEN-135-EN-CetCr0Fl.png,¥2.56,$0.27,,"Kennen, Keeper of Balance VEN-135/166 CN ¥2.56 EN $0.27"
2026-09-23T19:58:38+00:00,https://bilgewatermarket.com/cards,"Kennen, Keeper of Balance",nonfoil,4.59,https://bilgewatermarket.com/cards/VEN-135a?print_variation=showcase,showcase,https://bilgewatermarket.com/assets/VEN-135a-EN-D0fbx7ia.png,¥11.23,$4.59,,"Kennen, Keeper of Balance VEN-135A/166 Showcase CN ¥11.23 EN $4.59"
2026-09-23T19:58:38+00:00,https://bilgewatermarket.com/cards,"Ambessa, Respected and Feared",nonfoil,0.49,https://bilgewatermarket.com/cards/VEN-136,normal,https://bilgewatermarket.com/assets/VEN-136-EN-DfUZ7aIr.png,¥2.67,$0.49,,"Ambessa, Respected and Feared VEN-136/166 CN ¥2.67 EN $0.49"
2026-09-23T19:58:38+00:00,https://bilgewatermarket.com/cards,"Ambessa, Respected and Feared",nonfoil,2.56,https://bilgewatermarket.com/cards/VEN-136a?print_variation=showcase,showcase,https://bilgewatermarket.com/assets/VEN-136a-EN-BKEg1eoS.png,¥7.94,$2.56,,"Ambessa, Respected and Feared VEN-136A/166 Showcase CN ¥7.94 EN $2.56"
2026-09-23T19:58:38+00:00,https://bilgewatermarket.com/cards,Shady Spectacles,nonfoil,1.28,https://bilgewatermarket.com/cards/VEN-137,normal,https://bilgewatermarket.com/assets/VEN-137-EN-DJPd0p4y.png,¥7.80,$1.28,,Shady Spectacles VEN-137/166 CN ¥7.80 EN $1.28
2026-09-23T19:58:38+00:00,https://bilgewatermarket.com/cards,"Shen, Leader of the Kinkou Order",nonfoil,0.32,https://bilgewatermarket.com/cards/VEN-138,normal,https://bilgewatermarket.com/assets/VEN-138-EN-BayAsprZ.png,¥1.08,$0.32,,"Shen, Leader of the Kinkou Order VEN-138/166 CN ¥1.08 EN $0.32"
2026-09-23T19:58:38+00:00,https://bilgewatermarket.com/cards,"Shen, Leader of the Kinkou Order",nonfoil,1.97,https://bilgewatermarket.com/cards/VEN-138a?print_variation=showcase,showcase,https://bilgewatermarket.com/assets/VEN-138a-EN-D6NZZPi1.png,¥6.88,$1.97,,"Shen, Leader of the Kinkou Order VEN-138A/166 Showcase CN ¥6.88 EN $1.97"
2026-09-23T19:58:38+00:00,https://bilgewatermarket.com/cards,"Akali, Rogue Assassin",nonfoil,0.23,https://bilgewatermarket.com/cards/VEN-139,normal,https://bilgewatermarket.com/assets/VEN-139-EN-BFDPdv9k.png,¥0.55,$0.23,,"Akali, Rogue Assassin VEN-139/166 CN ¥0.55 EN $0.23"
2026-09-23T19:58:38+00:00,https://bilgewatermarket.com/cards,Shuriken Flip,nonfoil,10.10,https://bilgewatermarket.com/cards/VEN-140,normal,https://bilgewatermarket.com/assets/VEN-140-EN-CRFPFsXT.png,¥34.71,$10.10,,Shuriken Flip VEN-140/166 CN ¥34.71 EN $10.10
2026-09-23T19:58:38+00:00,https://bilgewatermarket.com/cards,"Renekton, Butcher of the Sands",nonfoil,0.18,https://bilgewatermarket.com/cards/VEN-141,normal,https://bilgewatermarket.com/assets/VEN-141-EN-B7iijjIr.png,¥0.52,$0.18,,"Renekton, Butcher of the Sands VEN-141/166 CN ¥0.52 EN $0.18"
2026-09-23T19:58:38+00:00,https://bilgewatermarket.com/cards,Dominus,nonfoil,0.61,https://bilgewatermarket.com/cards/VEN-142,normal,https://bilgewatermarket.com/assets/VEN-142-EN-CfX7ovFI.png,¥2.65,$0.61,,Dominus VEN-142/166 CN ¥2.65 EN $0.61
2026-09-23T19:58:38+00:00,https://bilgewatermarket.com/cards,"Zed, Master of Shadows",nonfoil,0.10,https://bilgewatermarket.com/cards/VEN-143,normal,https://bilgewatermarket.com/assets/VEN-143-EN-DVFlTrkm.png,¥0.55,$0.10,,"Zed, Master of Shadows VEN-143/166 CN ¥0.55 EN $0.10"
2026-09-23T19:58:38+00:00,https://bilgewatermarket.com/cards,Death Mark,nonfoil,1.42,https://bilgewatermarket.com/cards/VEN-144,normal,https://bilgewatermarket.com/assets/VEN-144-EN-C8DwJ5eP.png,¥6.60,$1.42,,Death Mark VEN-144/166 CN ¥6.60 EN $1.42
2026-09-23T19:58:38+00:00,https://bilgewatermarket.com/cards,"Nasus, Curator of the Sands",nonfoil,0.13,https://bilgewatermarket.com/cards/VEN-145,normal,https://bilgewatermarket.com/assets/VEN-145-EN-ZXyKsBTB.png,¥0.52,$0.13,,"Nasus, Curator of the Sands VEN-145/166 CN ¥0.52 EN $0.13"
2026-09-23T19:58:38+00:00,https://bilgewatermarket.com/cards,Siphoning Strike,nonfoil,1.22,https://bilgewatermarket.com/cards/VEN-146,normal,https://bilgewatermarket.com/assets/VEN-146-EN-I1aNVw6w.png,¥6.63,$1.22,,Siphoning Strike VEN-146/166 CN ¥6.63 EN $1.22
2026-09-23T19:58:38+00:00,https://bilgewatermarket.com/cards,"Shen, Eye of Twilight",nonfoil,0.11,https://bilgewatermarket.com/cards/VEN-147,normal,https://bilgewatermarket.com/assets/VEN-147-EN-Db0qigxf.png,¥0.52,$0.11,,"Shen, Eye of Twilight VEN-147/166 CN ¥0.52 EN $0.11"
2026-09-23T19:58:38+00:00,https://bilgewatermarket.com/cards,Shadow Dash,nonfoil,0.41,https://bilgewatermarket.com/cards/VEN-148,normal,https://bilgewatermarket.com/assets/VEN-148-EN-BbJdmWxi.png,¥2.57,$0.41,,Shadow Dash VEN-148/166 CN ¥2.57 EN $0.41
2026-09-23T19:58:38+00:00,https://bilgewatermarket.com/cards,"Jayce, Defender of Tomorrow",nonfoil,0.14,https://bilgewatermarket.com/cards/VEN-149,normal,https://bilgewatermarket.com/assets/VEN-149-EN-BEx9Q_bl.png,¥0.66,$0.14,,"Jayce, Defender of Tomorrow VEN-149/166 CN ¥0.66 EN $0.14"
2026-09-23T19:58:38+00:00,https://bilgewatermarket.com/cards,Acceleration Gate,nonfoil,0.85,https://bilgewatermarket.com/cards/VEN-150,normal,https://bilgewatermarket.com/assets/VEN-150-EN-CM0x4JWd.png,¥10.33,$0.85,,Acceleration Gate VEN-150/166 CN ¥10.33 EN $0.85
2026-09-23T19:58:38+00:00,https://bilgewatermarket.com/cards,"Mel, Soul's Reflection",nonfoil,0.15,https://bilgewatermarket.com/cards/VEN-151,normal,https://bilgewatermarket.com/assets/VEN-151-EN-CYB46DBN.png,¥0.92,$0.15,,"Mel, Soul's Reflection VEN-151/166 CN ¥0.92 EN $0.15"
2026-09-23T19:58:38+00:00,https://bilgewatermarket.com/cards,Rebuttal,nonfoil,2.14,https://bilgewatermarket.com/cards/VEN-152,normal,https://bilgewatermarket.com/assets/VEN-152-EN-DotKJDJ5.png,¥15.26,$2.14,,Rebuttal VEN-152/166 CN ¥15.26 EN $2.14
2026-09-23T19:58:38+00:00,https://bilgewatermarket.com/cards,"Ambessa, Matriarch of War",nonfoil,0.10,https://bilgewatermarket.com/cards/VEN-153,normal,https://bilgewatermarket.com/assets/VEN-153-EN-dAsKZFPf.png,¥0.55,$0.10,,"Ambessa, Matriarch of War VEN-153/166 CN ¥0.55 EN $0.10"
2026-09-23T19:58:38+00:00,https://bilgewatermarket.com/cards,Public Execution,nonfoil,1.27,https://bilgewatermarket.com/cards/VEN-154,normal,https://bilgewatermarket.com/assets/VEN-154-EN-MYgJ7Dme.png,¥5.57,$1.27,,Public Execution VEN-154/166 CN ¥5.57 EN $1.27
2026-09-23T19:58:38+00:00,https://bilgewatermarket.com/cards,"Kennen, Heart of the Tempest",nonfoil,0.14,https://bilgewatermarket.com/cards/VEN-155,normal,https://bilgewatermarket.com/assets/VEN-155-EN-DFejSbOS.png,¥0.54,$0.14,,"Kennen, Heart of the Tempest VEN-155/166 CN ¥0.54 EN $0.14"
2026-09-23T19:58:38+00:00,https://bilgewatermarket.com/cards,Lightning Rush,nonfoil,7.11,https://bilgewatermarket.com/cards/VEN-156,normal,https://bilgewatermarket.com/assets/VEN-156-EN-uYZ-l7gC.png,¥57.82,$7.11,,Lightning Rush VEN-156/166 CN ¥57.82 EN $7.11
2026-09-23T19:58:38+00:00,https://bilgewatermarket.com/cards,Dragon Roost,foil,0.58,https://bilgewatermarket.com/cards/VEN-157?print_variation=foiled,foiled,https://bilgewatermarket.com/assets/VEN-157-EN-Bhg3aWIq.png,¥1.66,$0.58,,Dragon Roost VEN-157/166 Foiled CN ¥1.66 EN $0.58
2026-09-23T19:58:38+00:00,https://bilgewatermarket.com/cards,Dragon Roost,nonfoil,0.10,https://bilgewatermarket.com/cards/VEN-157,normal,https://bilgewatermarket.com/assets/VEN-157-EN-Bhg3aWIq.png,¥0.71,$0.10,,Dragon Roost VEN-157/166 CN ¥0.71 EN $0.10
2026-09-23T19:58:38+00:00,https://bilgewatermarket.com/cards,"Heisho, Shell of the World",foil,0.99,https://bilgewatermarket.com/cards/VEN-158?print_variation=foiled,foiled,https://bilgewatermarket.com/assets/VEN-158-EN-BH4aNl7O.png,¥3.16,$0.99,,"Heisho, Shell of the World VEN-158/166 Foiled CN ¥3.16 EN $0.99"
2026-09-23T19:58:38+00:00,https://bilgewatermarket.com/cards,"Heisho, Shell of the World",nonfoil,0.11,https://bilgewatermarket.com/cards/VEN-158,normal,https://bilgewatermarket.com/assets/VEN-158-EN-BH4aNl7O.png,¥1.13,$0.11,,"Heisho, Shell of the World VEN-158/166 CN ¥1.13 EN $0.11"
2026-09-23T19:58:38+00:00,https://bilgewatermarket.com/cards,Kinkou Temple,foil,0.27,https://bilgewatermarket.com/cards/VEN-159?print_variation=foiled,foiled,https://bilgewatermarket.com/assets/VEN-159-EN-DqejB9wD.png,¥1.05,$0.27,,Kinkou Temple VEN-159/166 Foiled CN ¥1.05 EN $0.27
2026-09-23T19:58:38+00:00,https://bilgewatermarket.com/cards,Kinkou Temple,nonfoil,0.07,https://bilgewatermarket.com/cards/VEN-159,normal,https://bilgewatermarket.com/assets/VEN-159-EN-DqejB9wD.png,¥0.53,$0.07,,Kinkou Temple VEN-159/166 CN ¥0.53 EN $0.07
2026-09-23T19:58:38+00:00,https://bilgewatermarket.com/cards,Mystic Vortex,foil,0.25,https://bilgewatermarket.com/cards/VEN-160?print_variation=foiled,foiled,https://bilgewatermarket.com/assets/VEN-160-EN-BlwqSIVG.png,¥3.13,$0.25,,Mystic Vortex VEN-160/166 Foiled CN ¥3.13 EN $0.25
2026-09-23T19:58:38+00:00,https://bilgewatermarket.com/cards,Mystic Vortex,nonfoil,0.08,https://bilgewatermarket.com/cards/VEN-160,normal,https://bilgewatermarket.com/assets/VEN-160-EN-BlwqSIVG.png,¥0.98,$0.08,,Mystic Vortex VEN-160/166 CN ¥0.98 EN $0.08
2026-09-23T19:58:38+00:00,https://bilgewatermarket.com/cards,Piltovan Forge,foil,0.21,https://bilgewatermarket.com/cards/VEN-161?print_variation=foiled,foiled,https://bilgewatermarket.com/assets/VEN-161-EN-DleOsuA9.png,¥3.32,$0.21,,Piltovan Forge VEN-161/166 Foiled CN ¥3.32 EN $0.21
2026-09-23T19:58:38+00:00,https://bilgewatermarket.com/cards,Piltovan Forge,nonfoil,0.06,https://bilgewatermarket.com/cards/VEN-161,normal,https://bilgewatermarket.com/assets/VEN-161-EN-DleOsuA9.png,¥0.51,$0.06,,Piltovan Forge VEN-161/166 CN ¥0.51 EN $0.06
2026-09-23T19:58:38+00:00,https://bilgewatermarket.com/cards,Protective Sands,foil,0.28,https://bilgewatermarket.com/cards/VEN-162?print_variation=foiled,foiled,https://bilgewatermarket.com/assets/VEN-162-EN-CMpht29h.png,¥3.63,$0.28,,Protective Sands VEN-162/166 Foiled CN ¥3.63 EN $0.28
2026-09-23T19:58:38+00:00,https://bilgewatermarket.com/cards,Protective Sands,nonfoil,0.06,https://bilgewatermarket.com/cards/VEN-162,normal,https://bilgewatermarket.com/assets/VEN-162-EN-CMpht29h.png,¥0.53,$0.06,,Protective Sands VEN-162/166 CN ¥0.53 EN $0.06
2026-09-23T19:58:38+00:00,https://bilgewatermarket.com/cards,Risen Altar,foil,0.33,https://bilgewatermarket.com/cards/VEN-163?print_variation=foiled,foiled,https://bilgewatermarket.com/assets/VEN-163-EN-ClKDrWfS.png,¥5.20,$0.33,,Risen Altar VEN-163/166 Foiled CN ¥5.20 EN $0.33
2026-09-23T19:58:38+00:00,https://bilgewatermarket.com/cards,Risen Altar,nonfoil,0.08,https://bilgewatermarket.com/cards/VEN-163,normal,https://bilgewatermarket.com/assets/VEN-163-EN-ClKDrWfS.png,¥1.02,$0.08,,Risen Altar VEN-163/166 CN ¥1.02 EN $0.08
2026-09-23T19:58:38+00:00,https://bilgewatermarket.com/cards,Sandswept Tomb,foil,0.32,https://bilgewatermarket.com/cards/VEN-164?print_variation=foiled,foiled,https://bilgewatermarket.com/assets/VEN-164-EN-CQiCuERT.png,¥1.84,$0.32,,Sandswept Tomb VEN-164/166 Foiled CN ¥1.84 EN $0.32
2026-09-23T19:58:38+00:00,https://bilgewatermarket.com/cards,Sandswept Tomb,nonfoil,0.11,https://bilgewatermarket.com/cards/VEN-164,normal,https://bilgewatermarket.com/assets/VEN-164-EN-CQiCuERT.png,¥1.06,$0.11,,Sandswept Tomb VEN-164/166 CN ¥1.06 EN $0.11
2026-09-23T19:58:38+00:00,https://bilgewatermarket.com/cards,Shadow Temple,foil,0.33,https://bilgewatermarket.com/cards/VEN-165?print_variation=foiled,foiled,https://bilgewatermarket.com/assets/VEN-165-EN-DCMjr8DY.png,¥1.25,$0.33,,Shadow Temple VEN-165/166 Foiled CN ¥1.25 EN $0.33
2026-09-23T19:58:38+00:00,https://bilgewatermarket.com/cards,Shadow Temple,nonfoil,0.07,https://bilgewatermarket.com/cards/VEN-165,normal,https://bilgewatermarket.com/assets/VEN-165-EN-DCMjr8DY.png,¥0.92,$0.07,,Shadow Temple VEN-165/166 CN ¥0.92 EN $0.07
2026-09-23T19:58:38+00:00,https://bilgewatermarket.com/cards,Threshold of the Gray,foil,0.29,https://bilgewatermarket.com/cards/VEN-166?print_variation=foiled,foiled,https://bilgewatermarket.com/assets/VEN-166-EN-DdpvPIEO.png,¥3.72,$0.29,,Threshold of the Gray VEN-166/166 Foiled CN ¥3.72 EN $0.29
2026-09-23T19:58:38+00:00,https://bilgewatermarket.com/cards,Threshold of the Gray,nonfoil,0.09,https://bilgewatermarket.com/cards/VEN-166,normal,https://bilgewatermarket.com/assets/VEN-166-EN-DdpvPIEO.png,¥0.69,$0.09,,Threshold of the Gray VEN-166/166 CN ¥0.69 EN $0.09
2026-09-23T19:58:38+00:00,https://bilgewatermarket.com/cards,"Vi, Destructive",nonfoil,102.98,https://bilgewatermarket.com/cards/VEN-167?print_variation=showcase,showcase,https://bilgewatermarket.com/assets/VEN-167-EN-lpKDuayz.png,¥246.19,$102.98,,"Vi, Destructive VEN-167/166 Showcase CN ¥246.19 EN $102.98"
2026-09-23T19:58:38+00:00,https://bilgewatermarket.com/cards,"Jinx, Demolitionist",nonfoil,112.18,https://bilgewatermarket.com/cards/VEN-168?print_variation=showcase,showcase,https://bilgewatermarket.com/assets/VEN-168-EN-Bnn4ApJC.png,¥261.93,$112.18,,"Jinx, Demolitionist VEN-168/166 Showcase CN ¥261.93 EN $112.18"
2026-09-23T19:58:38+00:00,https://bilgewatermarket.com/cards,"Zed, From the Shadows",nonfoil,63.30,https://bilgewatermarket.com/cards/VEN-169?print_variation=showcase,showcase,https://bilgewatermarket.com/assets/VEN-169-EN-BF1EjRBl.png,¥146.72,$63.30,,"Zed, From the Shadows VEN-169/166 Showcase CN ¥146.72 EN $63.30"
2026-09-23T19:58:38+00:00,https://bilgewatermarket.com/cards,"Shen, Scourge of Shadows",nonfoil,50.96,https://bilgewatermarket.com/cards/VEN-170?print_variation=showcase,showcase,https://bilgewatermarket.com/assets/VEN-170-EN-vj7w15gG.png,¥100.19,$50.96,,"Shen, Scourge of Shadows VEN-170/166 Showcase CN ¥100.19 EN $50.96"
2026-09-23T19:58:38+00:00,https://bilgewatermarket.com/cards,"Riven, Shattered",nonfoil,72.10,https://bilgewatermarket.com/cards/VEN-171?print_variation=showcase,showcase,https://bilgewatermarket.com/assets/VEN-171-EN-ZuNFo-jz.png,¥105.03,$72.10,,"Riven, Shattered VEN-171/166 Showcase CN ¥105.03 EN $72.10"
2026-09-23T19:58:38+00:00,https://bilgewatermarket.com/cards,"Draven, Showboat",nonfoil,78.77,https://bilgewatermarket.com/cards/VEN-172?print_variation=showcase,showcase,https://bilgewatermarket.com/assets/VEN-172-EN-hoUVkTM0.png,¥143.76,$78.77,,"Draven, Showboat VEN-172/166 Showcase CN ¥143.76 EN $78.77"
2026-09-23T19:58:38+00:00,https://bilgewatermarket.com/cards,"Swain, Visionary",nonfoil,81.39,https://bilgewatermarket.com/cards/VEN-173?print_variation=showcase,showcase,https://bilgewatermarket.com/assets/VEN-173-EN-L-xt_H_w.png,¥233.64,$81.39,,"Swain, Visionary VEN-173/166 Showcase CN ¥233.64 EN $81.39"
2026-09-23T19:58:38+00:00,https://bilgewatermarket.com/cards,"Irelia, Fervent",nonfoil,219.81,https://bilgewatermarket.com/cards/VEN-174?print_variation=showcase,showcase,https://bilgewatermarket.com/assets/VEN-174-EN-CwcFbbhj.png,¥478.31,$219.81,,"Irelia, Fervent VEN-174/166 Showcase CN ¥478.31 EN $219.81"
2026-09-23T19:58:38+00:00,https://bilgewatermarket.com/cards,"Jayce, Man of Progress",nonfoil,92.01,https://bilgewatermarket.com/cards/VEN-175?print_variation=showcase,showcase,https://bilgewatermarket.com/assets/VEN-175-EN-WITa-1BS.png,¥305.04,$92.01,,"Jayce, Man of Progress VEN-175/166 Showcase CN ¥305.04 EN $92.01"
2026-09-23T19:58:38+00:00,https://bilgewatermarket.com/cards,"Viktor, Innovator",nonfoil,79.42,https://bilgewatermarket.com/cards/VEN-176?print_variation=showcase,showcase,https://bilgewatermarket.com/assets/VEN-176-EN-wO7TbmTk.png,¥167.75,$79.42,,"Viktor, Innovator VEN-176/166 Showcase CN ¥167.75 EN $79.42"
2026-09-23T19:58:38+00:00,https://bilgewatermarket.com/cards,"Renekton, Brute",nonfoil,64.03,https://bilgewatermarket.com/cards/VEN-177?print_variation=showcase,showcase,https://bilgewatermarket.com/assets/VEN-177-EN-DEEI5e3H.png,¥100.86,$64.03,,"Renekton, Brute VEN-177/166 Showcase CN ¥100.86 EN $64.03"
2026-09-23T19:58:38+00:00,https://bilgewatermarket.com/cards,"Nasus, Guardian of Knowledge",nonfoil,63.64,https://bilgewatermarket.com/cards/VEN-178?print_variation=showcase,showcase,https://bilgewatermarket.com/assets/VEN-178-EN-Cp-yJ8pH.png,¥95.37,$63.64,,"Nasus, Guardian of Knowledge VEN-178/166 Showcase CN ¥95.37 EN $63.64"
2026-09-23T19:58:38+00:00,https://bilgewatermarket.com/cards,"Rengar, Trophy Hunter",nonfoil,166.48,https://bilgewatermarket.com/cards/VEN-179?print_variation=showcase,showcase,https://bilgewatermarket.com/assets/VEN-179-EN-CNBYOa2h.png,¥435.52,$166.48,,"Rengar, Trophy Hunter VEN-179/166 Showcase CN ¥435.52 EN $166.48"
2026-09-23T19:58:38+00:00,https://bilgewatermarket.com/cards,"Kha'Zix, Evolving Hunter",nonfoil,71.39,https://bilgewatermarket.com/cards/VEN-180?print_variation=showcase,showcase,https://bilgewatermarket.com/assets/VEN-180-EN-DvzJuQEg.png,¥94.77,$71.39,,"Kha'Zix, Evolving Hunter VEN-180/166 Showcase CN ¥94.77 EN $71.39"
2026-09-23T19:58:38+00:00,https://bilgewatermarket.com/cards,"Gangplank, Naval",nonfoil,97.80,https://bilgewatermarket.com/cards/VEN-181?print_variation=showcase,showcase,https://bilgewatermarket.com/assets/VEN-181-EN-CJrXpE4V.png,¥172.19,$97.80,,"Gangplank, Naval VEN-181/166 Showcase CN ¥172.19 EN $97.80"
2026-09-23T19:58:38+00:00,https://bilgewatermarket.com/cards,"Illaoi, Prophet of the Great Kraken",nonfoil,97.85,https://bilgewatermarket.com/cards/VEN-182?print_variation=showcase,showcase,https://bilgewatermarket.com/assets/VEN-182-EN-BAgnk1V0.png,¥137.58,$97.85,,"Illaoi, Prophet of the Great Kraken VEN-182/166 Showcase CN ¥137.58 EN $97.85"
2026-09-23T19:58:38+00:00,https://bilgewatermarket.com/cards,"Diana, No Longer Human",nonfoil,131.58,https://bilgewatermarket.com/cards/VEN-183?print_variation=showcase,showcase,https://bilgewatermarket.com/assets/VEN-183-EN-sutxxXVc.png,¥176.96,$131.58,,"Diana, No Longer Human VEN-183/166 Showcase CN ¥176.96 EN $131.58"
2026-09-23T19:58:38+00:00,https://bilgewatermarket.com/cards,"Leona, Determined",nonfoil,84.58,https://bilgewatermarket.com/cards/VEN-184?print_variation=showcase,showcase,https://bilgewatermarket.com/assets/VEN-184-EN-Cuzu2DpO.png,¥157.24,$84.58,,"Leona, Determined VEN-184/166 Showcase CN ¥157.24 EN $84.58"
2026-09-23T19:58:38+00:00,https://bilgewatermarket.com/cards,"Kayle, Justified",nonfoil,173.34,https://bilgewatermarket.com/cards/VEN-185?print_variation=showcase,showcase,https://bilgewatermarket.com/assets/VEN-185-EN-DgvQuieo.png,¥488.00,$173.34,,"Kayle, Justified VEN-185/166 Showcase CN ¥488.00 EN $173.34"
2026-09-23T19:58:38+00:00,https://bilgewatermarket.com/cards,"Morgana, Vindictive",nonfoil,114.24,https://bilgewatermarket.com/cards/VEN-186?print_variation=showcase,showcase,https://bilgewatermarket.com/assets/VEN-186-EN-89oo7vIb.png,¥288.39,$114.24,,"Morgana, Vindictive VEN-186/166 Showcase CN ¥288.39 EN $114.24"
2026-09-23T19:58:38+00:00,https://bilgewatermarket.com/cards,"Ambessa, Respected and Feared",nonfoil,49.35,https://bilgewatermarket.com/cards/VEN-187?print_variation=showcase,showcase,https://bilgewatermarket.com/assets/VEN-187-EN-BDIOZjkq.png,¥96.88,$49.35,,"Ambessa, Respected and Feared VEN-187/166 Showcase CN ¥96.88 EN $49.35"
2026-09-23T19:58:38+00:00,https://bilgewatermarket.com/cards,"Mel, Defiant Soul",nonfoil,78.90,https://bilgewatermarket.com/cards/VEN-188?print_variation=showcase,showcase,https://bilgewatermarket.com/assets/VEN-188-EN-CdeCa_ni.png,¥113.41,$78.90,,"Mel, Defiant Soul VEN-188/166 Showcase CN ¥113.41 EN $78.90"
2026-09-23T19:58:38+00:00,https://bilgewatermarket.com/cards,"Akali, Rogue Assassin",nonfoil,592.63,https://bilgewatermarket.com/cards/VEN-189?print_variation=showcase,showcase,https://bilgewatermarket.com/assets/VEN-189-EN-B4lT7ISJ.png,"¥1,310.61",$592.63,,"Akali, Rogue Assassin VEN-189/166 Showcase CN ¥1,310.61 EN $592.63"
2026-09-23T19:58:38+00:00,https://bilgewatermarket.com/cards,"Renekton, Butcher of the Sands",nonfoil,59.48,https://bilgewatermarket.com/cards/VEN-190?print_variation=showcase,showcase,https://bilgewatermarket.com/assets/VEN-190-EN-BU2owRjx.png,¥62.48,$59.48,,"Renekton, Butcher of the Sands VEN-190/166 Showcase CN ¥62.48 EN $59.48"
2026-09-23T19:58:38+00:00,https://bilgewatermarket.com/cards,"Zed, Master of Shadows",nonfoil,176.55,https://bilgewatermarket.com/cards/VEN-191?print_variation=showcase,showcase,https://bilgewatermarket.com/assets/VEN-191-EN-mQhEHzQ5.png,¥287.24,$176.55,,"Zed, Master of Shadows VEN-191/166 Showcase CN ¥287.24 EN $176.55"
2026-09-23T19:58:38+00:00,https://bilgewatermarket.com/cards,"Nasus, Curator of the Sands",nonfoil,163.83,https://bilgewatermarket.com/cards/VEN-192?print_variation=showcase,showcase,https://bilgewatermarket.com/assets/VEN-192-EN-Vg8mwmAl.png,¥204.26,$163.83,,"Nasus, Curator of the Sands VEN-192/166 Showcase CN ¥204.26 EN $163.83"
2026-09-23T19:58:38+00:00,https://bilgewatermarket.com/cards,"Shen, Eye of Twilight",nonfoil,77.52,https://bilgewatermarket.com/cards/VEN-193?print_variation=showcase,showcase,https://bilgewatermarket.com/assets/VEN-193-EN-DdOf7tax.png,¥102.49,$77.52,,"Shen, Eye of Twilight VEN-193/166 Showcase CN ¥102.49 EN $77.52"
2026-09-23T19:58:38+00:00,https://bilgewatermarket.com/cards,"Jayce, Defender of Tomorrow",nonfoil,212.65,https://bilgewatermarket.com/cards/VEN-194?print_variation=showcase,showcase,https://bilgewatermarket.com/assets/VEN-194-EN-s1zJRwok.png,¥652.48,$212.65,,"Jayce, Defender of Tomorrow VEN-194/166 Showcase CN ¥652.48 EN $212.65"
2026-09-23T19:58:38+00:00,https://bilgewatermarket.com/cards,"Mel, Soul's Reflection",nonfoil,177.79,https://bilgewatermarket.com/cards/VEN-195?print_variation=showcase,showcase,https://bilgewatermarket.com/assets/VEN-195-EN-D48z7zAy.png,¥288.45,$177.79,,"Mel, Soul's Reflection VEN-195/166 Showcase CN ¥288.45 EN $177.79"
2026-09-23T19:58:38+00:00,https://bilgewatermarket.com/cards,"Ambessa, Matriarch of War",nonfoil,130.53,https://bilgewatermarket.com/cards/VEN-196?print_variation=showcase,showcase,https://bilgewatermarket.com/assets/VEN-196-EN-DdVVDAod.png,¥112.15,$130.53,,"Ambessa, Matriarch of War VEN-196/166 Showcase CN ¥112.15 EN $130.53"
2026-09-23T19:58:38+00:00,https://bilgewatermarket.com/cards,"Kennen, Heart of the Tempest",nonfoil,225.06,https://bilgewatermarket.com/cards/VEN-197?print_variation=showcase,showcase,https://bilgewatermarket.com/assets/VEN-197-EN-CxaAukcp.png,¥542.86,$225.06,,"Kennen, Heart of the Tempest VEN-197/166 Showcase CN ¥542.86 EN $225.06"
2026-09-23T19:58:38+00:00,https://bilgewatermarket.com/cards,Arena Kingpin,foil,0.15,https://bilgewatermarket.com/cards/UNL-001?print_variation=foiled,foiled,https://bilgewatermarket.com/assets/UNL-001-EN-CN6qRx__.webp,¥0.50,$0.15,,Arena Kingpin UNL-001/219 Foiled CN ¥0.50 EN $0.15
2026-09-23T19:58:38+00:00,https://bilgewatermarket.com/cards,Arena Kingpin,nonfoil,0.09,https://bilgewatermarket.com/cards/UNL-001,normal,https://bilgewatermarket.com/assets/UNL-001-EN-CN6qRx__.webp,¥0.50,$0.09,,Arena Kingpin UNL-001/219 CN ¥0.50 EN $0.09
2026-09-23T19:58:38+00:00,https://bilgewatermarket.com/cards,Inferna,foil,0.35,https://bilgewatermarket.com/cards/UNL-002?print_variation=foiled,foiled,https://bilgewatermarket.com/assets/UNL-002-EN-BEAeHv56.webp,¥1.24,$0.35,,Inferna UNL-002/219 Foiled CN ¥1.24 EN $0.35
2026-09-23T19:58:38+00:00,https://bilgewatermarket.com/cards,Inferna,nonfoil,0.14,https://bilgewatermarket.com/cards/UNL-002,normal,https://bilgewatermarket.com/assets/UNL-002-EN-BEAeHv56.webp,¥0.57,$0.14,,Inferna UNL-002/219 CN ¥0.57 EN $0.14
2026-09-23T19:58:38+00:00,https://bilgewatermarket.com/cards,Mischievous Marai,foil,0.24,https://bilgewatermarket.com/cards/UNL-003?print_variation=foiled,foiled,https://bilgewatermarket.com/assets/UNL-003-EN-BN8no39d.webp,¥1.08,$0.24,,Mischievous Marai UNL-003/219 Foiled CN ¥1.08 EN $0.24
2026-09-23T19:58:38+00:00,https://bilgewatermarket.com/cards,Mischievous Marai,nonfoil,0.09,https://bilgewatermarket.com/cards/UNL-003,normal,https://bilgewatermarket.com/assets/UNL-003-EN-BN8no39d.webp,¥0.52,$0.09,,Mischievous Marai UNL-003/219 CN ¥0.52 EN $0.09
2026-09-23T19:58:38+00:00,https://bilgewatermarket.com/cards,Prepared Neophyte,foil,0.16,https://bilgewatermarket.com/cards/UNL-004?print_variation=foiled,foiled,https://bilgewatermarket.com/assets/UNL-004-EN-X8qOqNsB.webp,¥0.60,$0.16,,Prepared Neophyte UNL-004/219 Foiled CN ¥0.60 EN $0.16
2026-09-23T19:58:38+00:00,https://bilgewatermarket.com/cards,Prepared Neophyte,nonfoil,0.03,https://bilgewatermarket.com/cards/UNL-004,normal,https://bilgewatermarket.com/assets/UNL-004-EN-X8qOqNsB.webp,¥0.50,$0.03,,Prepared Neophyte UNL-004/219 CN ¥0.50 EN $0.03
2026-09-23T19:58:38+00:00,https://bilgewatermarket.com/cards,Revna the Lorekeeper,foil,0.15,https://bilgewatermarket.com/cards/UNL-005?print_variation=foiled,foiled,https://bilgewatermarket.com/assets/UNL-005-EN-ClM8yEo9.webp,¥0.50,$0.15,,Revna the Lorekeeper UNL-005/219 Foiled CN ¥0.50 EN $0.15
2026-09-23T19:58:38+00:00,https://bilgewatermarket.com/cards,Revna the Lorekeeper,nonfoil,0.03,https://bilgewatermarket.com/cards/UNL-005,normal,https://bilgewatermarket.com/assets/UNL-005-EN-ClM8yEo9.webp,¥0.50,$0.03,,Revna the Lorekeeper UNL-005/219 CN ¥0.50 EN $0.03
2026-09-23T19:58:38+00:00,https://bilgewatermarket.com/cards,Sharkling,foil,0.24,https://bilgewatermarket.com/cards/UNL-006?print_variation=foiled,foiled,https://bilgewatermarket.com/assets/UNL-006-EN-DlvuPfs1.webp,¥1.14,$0.24,,Sharkling UNL-006/219 Foiled CN ¥1.14 EN $0.24
2026-09-23T19:58:38+00:00,https://bilgewatermarket.com/cards,Sharkling,nonfoil,0.05,https://bilgewatermarket.com/cards/UNL-006,normal,https://bilgewatermarket.com/assets/UNL-006-EN-DlvuPfs1.webp,¥0.55,$0.05,,Sharkling UNL-006/219 CN ¥0.55 EN $0.05
2026-09-23T19:58:38+00:00,https://bilgewatermarket.com/cards,Smite,foil,0.19,https://bilgewatermarket.com/cards/UNL-007?print_variation=foiled,foiled,https://bilgewatermarket.com/assets/UNL-007-EN-D42dcdUi.webp,¥1.01,$0.19,,Smite UNL-007/219 Foiled CN ¥1.01 EN $0.19
2026-09-23T19:58:38+00:00,https://bilgewatermarket.com/cards,Smite,nonfoil,0.09,https://bilgewatermarket.com/cards/UNL-007,normal,https://bilgewatermarket.com/assets/UNL-007-EN-D42dcdUi.webp,¥0.50,$0.09,,Smite UNL-007/219 CN ¥0.50 EN $0.09
2026-09-23T19:58:38+00:00,https://bilgewatermarket.com/cards,Towering Pairofant,foil,0.07,https://bilgewatermarket.com/cards/UNL-008?print_variation=foiled,foiled,https://bilgewatermarket.com/assets/UNL-008-EN-D-2Dad2f.webp,¥0.50,$0.07,,Towering Pairofant UNL-008/219 Foiled CN ¥0.50 EN $0.07
2026-09-23T19:58:38+00:00,https://bilgewatermarket.com/cards,Towering Pairofant,nonfoil,0.03,https://bilgewatermarket.com/cards/UNL-008,normal,https://bilgewatermarket.com/assets/UNL-008-EN-D-2Dad2f.webp,¥0.50,$0.03,,Towering Pairofant UNL-008/219 CN ¥0.50 EN $0.03
2026-09-23T19:58:38+00:00,https://bilgewatermarket.com/cards,Upstage Comedy,foil,0.25,https://bilgewatermarket.com/cards/UNL-009?print_variation=foiled,foiled,https://bilgewatermarket.com/assets/UNL-009-EN-D8P6CA8o.webp,¥0.98,$0.25,,Upstage Comedy UNL-009/219 Foiled CN ¥0.98 EN $0.25
2026-09-23T19:58:38+00:00,https://bilgewatermarket.com/cards,Upstage Comedy,nonfoil,0.10,https://bilgewatermarket.com/cards/UNL-009,normal,https://bilgewatermarket.com/assets/UNL-009-EN-D8P6CA8o.webp,¥0.50,$0.10,,Upstage Comedy UNL-009/219 CN ¥0.50 EN $0.10
2026-09-23T19:58:38+00:00,https://bilgewatermarket.com/cards,Vault Breaker,foil,0.22,https://bilgewatermarket.com/cards/UNL-010?print_variation=foiled,foiled,https://bilgewatermarket.com/assets/UNL-010-EN-DIJopLyy.webp,¥0.51,$0.22,,Vault Breaker UNL-010/219 Foiled CN ¥0.51 EN $0.22
2026-09-23T19:58:38+00:00,https://bilgewatermarket.com/cards,Vault Breaker,nonfoil,0.08,https://bilgewatermarket.com/cards/UNL-010,normal,https://bilgewatermarket.com/assets/UNL-010-EN-DIJopLyy.webp,¥0.59,$0.08,,Vault Breaker UNL-010/219 CN ¥0.59 EN $0.08
2026-09-23T19:58:38+00:00,https://bilgewatermarket.com/cards,Fresh Beans,foil,0.24,https://bilgewatermarket.com/cards/UNL-011?print_variation=foiled,foiled,https://bilgewatermarket.com/assets/UNL-011-EN-Pl-7Kky-.webp,¥0.51,$0.24,,Fresh Beans UNL-011/219 Foiled CN ¥0.51 EN $0.24
2026-09-23T19:58:38+00:00,https://bilgewatermarket.com/cards,Fresh Beans,nonfoil,0.09,https://bilgewatermarket.com/cards/UNL-011,normal,https://bilgewatermarket.com/assets/UNL-011-EN-Pl-7Kky-.webp,¥0.50,$0.09,,Fresh Beans UNL-011/219 CN ¥0.50 EN $0.09
2026-09-23T19:58:38+00:00,https://bilgewatermarket.com/cards,Lord Broadmane,foil,0.25,https://bilgewatermarket.com/cards/UNL-012?print_variation=foiled,foiled,https://bilgewatermarket.com/assets/UNL-012-EN-DKMRS0b6.webp,¥0.51,$0.25,,Lord Broadmane UNL-012/219 Foiled CN ¥0.51 EN $0.25
2026-09-23T19:58:38+00:00,https://bilgewatermarket.com/cards,Lord Broadmane,nonfoil,0.06,https://bilgewatermarket.com/cards/UNL-012,normal,https://bilgewatermarket.com/assets/UNL-012-EN-DKMRS0b6.webp,¥0.50,$0.06,,Lord Broadmane UNL-012/219 CN ¥0.50 EN $0.06
2026-09-23T19:58:38+00:00,https://bilgewatermarket.com/cards,Lotus Trap,foil,0.41,https://bilgewatermarket.com/cards/UNL-013?print_variation=foiled,foiled,https://bilgewatermarket.com/assets/UNL-013-EN-u80gWiY-.webp,¥0.52,$0.41,,Lotus Trap UNL-013/219 Foiled CN ¥0.52 EN $0.41
2026-09-23T19:58:38+00:00,https://bilgewatermarket.com/cards,Lotus Trap,nonfoil,0.14,https://bilgewatermarket.com/cards/UNL-013,normal,https://bilgewatermarket.com/assets/UNL-013-EN-u80gWiY-.webp,¥0.58,$0.14,,Lotus Trap UNL-013/219 CN ¥0.58 EN $0.14
2026-09-23T19:58:38+00:00,https://bilgewatermarket.com/cards,Monster Harpoon,foil,0.28,https://bilgewatermarket.com/cards/UNL-014?print_variation=foiled,foiled,https://bilgewatermarket.com/assets/UNL-014-EN-CaUBxiqe.webp,¥0.50,$0.28,,Monster Harpoon UNL-014/219 Foiled CN ¥0.50 EN $0.28
2026-09-23T19:58:38+00:00,https://bilgewatermarket.com/cards,Monster Harpoon,nonfoil,0.10,https://bilgewatermarket.com/cards/UNL-014,normal,https://bilgewatermarket.com/assets/UNL-014-EN-CaUBxiqe.webp,¥0.50,$0.10,,Monster Harpoon UNL-014/219 CN ¥0.50 EN $0.10
2026-09-23T19:58:38+00:00,https://bilgewatermarket.com/cards,Right of Conquest,foil,0.25,https://bilgewatermarket.com/cards/UNL-015?print_variation=foiled,foiled,https://bilgewatermarket.com/assets/UNL-015-EN-B42EzyGF.webp,¥0.74,$0.25,,Right of Conquest UNL-015/219 Foiled CN ¥0.74 EN $0.25
2026-09-23T19:58:38+00:00,https://bilgewatermarket.com/cards,Right of Conquest,nonfoil,0.07,https://bilgewatermarket.com/cards/UNL-015,normal,https://bilgewatermarket.com/assets/UNL-015-EN-B42EzyGF.webp,¥0.58,$0.07,,Right of Conquest UNL-015/219 CN ¥0.58 EN $0.07
2026-09-23T19:58:38+00:00,https://bilgewatermarket.com/cards,Scorchclaw,foil,0.17,https://bilgewatermarket.com/cards/UNL-016?print_variation=foiled,foiled,https://bilgewatermarket.com/assets/UNL-016-EN-3OZO5Mlz.webp,¥0.54,$0.17,,Scorchclaw UNL-016/219 Foiled CN ¥0.54 EN $0.17
2026-09-23T19:58:38+00:00,https://bilgewatermarket.com/cards,Scorchclaw,nonfoil,0.07,https://bilgewatermarket.com/cards/UNL-016,normal,https://bilgewatermarket.com/assets/UNL-016-EN-3OZO5Mlz.webp,¥0.50,$0.07,,Scorchclaw UNL-016/219 CN ¥0.50 EN $0.07
2026-09-23T19:58:38+00:00,https://bilgewatermarket.com/cards,Square Up,foil,0.45,https://bilgewatermarket.com/cards/UNL-017?print_variation=foiled,foiled,https://bilgewatermarket.com/assets/UNL-017-EN-CPM767zB.webp,¥1.47,$0.45,,Square Up UNL-017/219 Foiled CN ¥1.47 EN $0.45
2026-09-23T19:58:38+00:00,https://bilgewatermarket.com/cards,Square Up,nonfoil,0.10,https://bilgewatermarket.com/cards/UNL-017,normal,https://bilgewatermarket.com/assets/UNL-017-EN-CPM767zB.webp,¥0.51,$0.10,,Square Up UNL-017/219 CN ¥0.51 EN $0.10
2026-09-23T19:58:38+00:00,https://bilgewatermarket.com/cards,Yeti Brawler,foil,0.27,https://bilgewatermarket.com/cards/UNL-018?print_variation=foiled,foiled,https://bilgewatermarket.com/assets/UNL-018-EN-BB0id8KZ.webp,¥0.82,$0.27,,Yeti Brawler UNL-018/219 Foiled CN ¥0.82 EN $0.27
2026-09-23T19:58:38+00:00,https://bilgewatermarket.com/cards,Yeti Brawler,nonfoil,0.07,https://bilgewatermarket.com/cards/UNL-018,normal,https://bilgewatermarket.com/assets/UNL-018-EN-BB0id8KZ.webp,¥0.50,$0.07,,Yeti Brawler UNL-018/219 CN ¥0.50 EN $0.07
2026-09-23T19:58:38+00:00,https://bilgewatermarket.com/cards,Blighted Battleaxe,nonfoil,0.36,https://bilgewatermarket.com/cards/UNL-019,normal,https://bilgewatermarket.com/assets/UNL-019-EN-IfLOj2YF.webp,¥0.66,$0.36,,Blighted Battleaxe UNL-019/219 CN ¥0.66 EN $0.36
2026-09-23T19:58:38+00:00,https://bilgewatermarket.com/cards,Dancing Grenade,nonfoil,0.19,https://bilgewatermarket.com/cards/UNL-020,normal,https://bilgewatermarket.com/assets/UNL-020-EN-BG6DrdpA.webp,¥0.50,$0.19,,Dancing Grenade UNL-020/219 CN ¥0.50 EN $0.19
2026-09-23T19:58:38+00:00,https://bilgewatermarket.com/cards,Grim Apothecary,nonfoil,0.25,https://bilgewatermarket.com/cards/UNL-021,normal,https://bilgewatermarket.com/assets/UNL-021-EN-FBB4bbd0.webp,¥0.64,$0.25,,Grim Apothecary UNL-021/219 CN ¥0.64 EN $0.25
2026-09-23T19:58:38+00:00,https://bilgewatermarket.com/cards,"Jhin, Murderous Artist",nonfoil,0.30,https://bilgewatermarket.com/cards/UNL-022,normal,https://bilgewatermarket.com/assets/UNL-022-EN-n-k2I53n.webp,¥1.07,$0.30,,"Jhin, Murderous Artist UNL-022/219 CN ¥1.07 EN $0.30"
2026-09-23T19:58:38+00:00,https://bilgewatermarket.com/cards,"Jhin, Murderous Artist",nonfoil,7.00,https://bilgewatermarket.com/cards/UNL-022a?print_variation=showcase,showcase,https://bilgewatermarket.com/assets/UNL-022A-EN-CbrHneV0.webp,¥17.19,$7.00,,"Jhin, Murderous Artist UNL-022A/219 Showcase CN ¥17.19 EN $7.00"
2026-09-23T19:58:38+00:00,https://bilgewatermarket.com/cards,"Katarina, Reckless",nonfoil,0.26,https://bilgewatermarket.com/cards/UNL-023,normal,https://bilgewatermarket.com/assets/UNL-023-EN-CIpViq7N.webp,¥0.51,$0.26,,"Katarina, Reckless UNL-023/219 CN ¥0.51 EN $0.26"
2026-09-23T19:58:38+00:00,https://bilgewatermarket.com/cards,"Rengar, Unseen",nonfoil,0.34,https://bilgewatermarket.com/cards/UNL-024,normal,https://bilgewatermarket.com/assets/UNL-024-EN-CYpxJxUB.webp,¥0.60,$0.34,,"Rengar, Unseen UNL-024/219 CN ¥0.60 EN $0.34"
2026-09-23T19:58:38+00:00,https://bilgewatermarket.com/cards,"Rengar, Unseen",nonfoil,2.80,https://bilgewatermarket.com/cards/UNL-024a?print_variation=showcase,showcase,https://bilgewatermarket.com/assets/UNL-024a-EN-CkIZ_u3T.webp,¥4.33,$2.80,,"Rengar, Unseen UNL-024A/219 Showcase CN ¥4.33 EN $2.80"
2026-09-23T19:58:38+00:00,https://bilgewatermarket.com/cards,Undying Legion,nonfoil,0.18,https://bilgewatermarket.com/cards/UNL-025,normal,https://bilgewatermarket.com/assets/UNL-025-EN-BRINnkPv.webp,¥0.57,$0.18,,Undying Legion UNL-025/219 CN ¥0.57 EN $0.18
2026-09-23T19:58:38+00:00,https://bilgewatermarket.com/cards,"Xerath, Freed",nonfoil,0.22,https://bilgewatermarket.com/cards/UNL-026,normal,https://bilgewatermarket.com/assets/UNL-026-EN-BY-wSYk2.webp,¥0.66,$0.22,,"Xerath, Freed UNL-026/219 CN ¥0.66 EN $0.22"
2026-09-23T19:58:38+00:00,https://bilgewatermarket.com/cards,Inviolus Vox,nonfoil,0.59,https://bilgewatermarket.com/cards/UNL-027,normal,https://bilgewatermarket.com/assets/UNL-027-EN-H2fXIwNC.webp,¥1.11,$0.59,,Inviolus Vox UNL-027/219 CN ¥1.11 EN $0.59
2026-09-23T19:58:38+00:00,https://bilgewatermarket.com/cards,"Pyke, Dockside Butcher",nonfoil,16.31,https://bilgewatermarket.com/cards/UNL-028,normal,https://bilgewatermarket.com/assets/UNL-028-EN-SI5gVsXO.webp,¥11.70,$16.31,,"Pyke, Dockside Butcher UNL-028/219 CN ¥11.70 EN $16.31"
2026-09-23T19:58:38+00:00,https://bilgewatermarket.com/cards,"Pyke, Dockside Butcher",nonfoil,18.83,https://bilgewatermarket.com/cards/UNL-028a?print_variation=showcase,showcase,https://bilgewatermarket.com/assets/UNL-028a-EN-CfVRuC65.webp,¥17.02,$18.83,,"Pyke, Dockside Butcher UNL-028A/219 Showcase CN ¥17.02 EN $18.83"
2026-09-23T19:58:38+00:00,https://bilgewatermarket.com/cards,Red Brambleback,nonfoil,0.81,https://bilgewatermarket.com/cards/UNL-029,normal,https://bilgewatermarket.com/assets/UNL-029-EN-DXGcHPC8.webp,¥1.11,$0.81,,Red Brambleback UNL-029/219 CN ¥1.11 EN $0.81
2026-09-23T19:58:38+00:00,https://bilgewatermarket.com/cards,Red Brambleback,nonfoil,2.33,https://bilgewatermarket.com/cards/UNL-029a?print_variation=showcase,showcase,https://bilgewatermarket.com/assets/UNL-029a-EN-DjTliYJa.webp,¥3.16,$2.33,,Red Brambleback UNL-029A/219 Showcase CN ¥3.16 EN $2.33
2026-09-23T19:58:38+00:00,https://bilgewatermarket.com/cards,"Vi, Hotheaded",nonfoil,0.39,https://bilgewatermarket.com/cards/UNL-030,normal,https://bilgewatermarket.com/assets/UNL-030-EN-DbsfM_ea.webp,¥1.05,$0.39,,"Vi, Hotheaded UNL-030/219 CN ¥1.05 EN $0.39"
2026-09-23T19:58:38+00:00,https://bilgewatermarket.com/cards,"Vi, Hotheaded",nonfoil,4.76,https://bilgewatermarket.com/cards/UNL-030a?print_variation=showcase,showcase,https://bilgewatermarket.com/assets/UNL-030A-EN-Dq_3Nz_A.webp,¥2.30,$4.76,,"Vi, Hotheaded UNL-030A/219 Showcase CN ¥2.30 EN $4.76"
2026-09-23T19:58:38+00:00,https://bilgewatermarket.com/cards,Combat Experience,foil,0.10,https://bilgewatermarket.com/cards/UNL-031?print_variation=foiled,foiled,https://bilgewatermarket.com/assets/UNL-031-EN-DcNCiolo.webp,¥0.52,$0.10,,Combat Experience UNL-031/219 Foiled CN ¥0.52 EN $0.10
2026-09-23T19:58:38+00:00,https://bilgewatermarket.com/cards,Combat Experience,nonfoil,0.05,https://bilgewatermarket.com/cards/UNL-031,normal,https://bilgewatermarket.com/assets/UNL-031-EN-DcNCiolo.webp,¥0.50,$0.05,,Combat Experience UNL-031/219 CN ¥0.50 EN $0.05
2026-09-23T19:58:38+00:00,https://bilgewatermarket.com/cards,Double Trouble,foil,0.16,https://bilgewatermarket.com/cards/UNL-032?print_variation=foiled,foiled,https://bilgewatermarket.com/assets/UNL-032-EN-BOjYPd6q.webp,¥0.55,$0.16,,Double Trouble UNL-032/219 Foiled CN ¥0.55 EN $0.16
2026-09-23T19:58:38+00:00,https://bilgewatermarket.com/cards,Double Trouble,nonfoil,0.08,https://bilgewatermarket.com/cards/UNL-032,normal,https://bilgewatermarket.com/assets/UNL-032-EN-BOjYPd6q.webp,¥0.50,$0.08,,Double Trouble UNL-032/219 CN ¥0.50 EN $0.08
2026-09-23T19:58:38+00:00,https://bilgewatermarket.com/cards,Frisky Hunter,foil,0.23,https://bilgewatermarket.com/cards/UNL-033?print_variation=foiled,foiled,https://bilgewatermarket.com/assets/UNL-033-EN-BKds2bYj.webp,¥0.83,$0.23,,Frisky Hunter UNL-033/219 Foiled CN ¥0.83 EN $0.23
2026-09-23T19:58:38+00:00,https://bilgewatermarket.com/cards,Frisky Hunter,nonfoil,0.07,https://bilgewatermarket.com/cards/UNL-033,normal,https://bilgewatermarket.com/assets/UNL-033-EN-BKds2bYj.webp,¥0.50,$0.07,,Frisky Hunter UNL-033/219 CN ¥0.50 EN $0.07
2026-09-23T19:58:38+00:00,https://bilgewatermarket.com/cards,Herald of Spring,foil,0.12,https://bilgewatermarket.com/cards/UNL-034?print_variation=foiled,foiled,https://bilgewatermarket.com/assets/UNL-034-EN-Ck9gji2L.webp,¥1.00,$0.12,,Herald of Spring UNL-034/219 Foiled CN ¥1.00 EN $0.12
2026-09-23T19:58:38+00:00,https://bilgewatermarket.com/cards,Herald of Spring,nonfoil,0.06,https://bilgewatermarket.com/cards/UNL-034,normal,https://bilgewatermarket.com/assets/UNL-034-EN-Ck9gji2L.webp,¥0.50,$0.06,,Herald of Spring UNL-034/219 CN ¥0.50 EN $0.06
2026-09-23T19:58:38+00:00,https://bilgewatermarket.com/cards,Monch,foil,0.18,https://bilgewatermarket.com/cards/UNL-035?print_variation=foiled,foiled,https://bilgewatermarket.com/assets/UNL-035-EN-uM_-uM0w.webp,¥0.60,$0.18,,Monch UNL-035/219 Foiled CN ¥0.60 EN $0.18
2026-09-23T19:58:38+00:00,https://bilgewatermarket.com/cards,Monch,nonfoil,0.06,https://bilgewatermarket.com/cards/UNL-035,normal,https://bilgewatermarket.com/assets/UNL-035-EN-uM_-uM0w.webp,¥0.50,$0.06,,Monch UNL-035/219 CN ¥0.50 EN $0.06
2026-09-23T19:58:38+00:00,https://bilgewatermarket.com/cards,Mutated Mouser,foil,0.25,https://bilgewatermarket.com/cards/UNL-036?print_variation=foiled,foiled,https://bilgewatermarket.com/assets/UNL-036-EN-Bku3wAWV.webp,¥1.25,$0.25,,Mutated Mouser UNL-036/219 Foiled CN ¥1.25 EN $0.25
2026-09-23T19:58:38+00:00,https://bilgewatermarket.com/cards,Mutated Mouser,nonfoil,0.13,https://bilgewatermarket.com/cards/UNL-036,normal,https://bilgewatermarket.com/assets/UNL-036-EN-Bku3wAWV.webp,¥0.51,$0.13,,Mutated Mouser UNL-036/219 CN ¥0.51 EN $0.13
2026-09-23T19:58:38+00:00,https://bilgewatermarket.com/cards,Shadow Watcher,foil,0.15,https://bilgewatermarket.com/cards/UNL-037?print_variation=foiled,foiled,https://bilgewatermarket.com/assets/UNL-037-EN-DJxe6NSs.webp,¥0.50,$0.15,,Shadow Watcher UNL-037/219 Foiled CN ¥0.50 EN $0.15
2026-09-23T19:58:38+00:00,https://bilgewatermarket.com/cards,Shadow Watcher,nonfoil,0.05,https://bilgewatermarket.com/cards/UNL-037,normal,https://bilgewatermarket.com/assets/UNL-037-EN-DJxe6NSs.webp,¥0.50,$0.05,,Shadow Watcher UNL-037/219 CN ¥0.50 EN $0.05
2026-09-23T19:58:38+00:00,https://bilgewatermarket.com/cards,Skyward Strike,foil,0.20,https://bilgewatermarket.com/cards/UNL-038?print_variation=foiled,foiled,https://bilgewatermarket.com/assets/UNL-038-EN-Db8QhD6T.webp,¥1.03,$0.20,,Skyward Strike UNL-038/219 Foiled CN ¥1.03 EN $0.20
2026-09-23T19:58:38+00:00,https://bilgewatermarket.com/cards,Skyward Strike,nonfoil,0.08,https://bilgewatermarket.com/cards/UNL-038,normal,https://bilgewatermarket.com/assets/UNL-038-EN-Db8QhD6T.webp,¥0.50,$0.08,,Skyward Strike UNL-038/219 CN ¥0.50 EN $0.08
2026-09-23T19:58:38+00:00,https://bilgewatermarket.com/cards,Soul Sword,foil,0.28,https://bilgewatermarket.com/cards/UNL-039?print_variation=foiled,foiled,https://bilgewatermarket.com/assets/UNL-039-EN-LuonHqwB.webp,¥0.87,$0.28,,Soul Sword UNL-039/219 Foiled CN ¥0.87 EN $0.28
2026-09-23T19:58:38+00:00,https://bilgewatermarket.com/cards,Soul Sword,nonfoil,0.09,https://bilgewatermarket.com/cards/UNL-039,normal,https://bilgewatermarket.com/assets/UNL-039-EN-LuonHqwB.webp,¥0.51,$0.09,,Soul Sword UNL-039/219 CN ¥0.51 EN $0.09
2026-09-23T19:58:38+00:00,https://bilgewatermarket.com/cards,Wuju Apprentice,foil,0.16,https://bilgewatermarket.com/cards/UNL-040?print_variation=foiled,foiled,https://bilgewatermarket.com/assets/UNL-040-EN-DVqrXEo3.webp,¥0.71,$0.16,,Wuju Apprentice UNL-040/219 Foiled CN ¥0.71 EN $0.16
2026-09-23T19:58:38+00:00,https://bilgewatermarket.com/cards,Wuju Apprentice,nonfoil,0.08,https://bilgewatermarket.com/cards/UNL-040,normal,https://bilgewatermarket.com/assets/UNL-040-EN-DVqrXEo3.webp,¥0.50,$0.08,,Wuju Apprentice UNL-040/219 CN ¥0.50 EN $0.08
2026-09-23T19:58:38+00:00,https://bilgewatermarket.com/cards,"Allay, Eager Admirer",foil,0.43,https://bilgewatermarket.com/cards/UNL-041?print_variation=foiled,foiled,https://bilgewatermarket.com/assets/UNL-041-EN-NXNqRn-y.webp,¥1.23,$0.43,,"Allay, Eager Admirer UNL-041/219 Foiled CN ¥1.23 EN $0.43"
2026-09-23T19:58:38+00:00,https://bilgewatermarket.com/cards,"Allay, Eager Admirer",nonfoil,0.15,https://bilgewatermarket.com/cards/UNL-041,normal,https://bilgewatermarket.com/assets/UNL-041-EN-NXNqRn-y.webp,¥0.81,$0.15,,"Allay, Eager Admirer UNL-041/219 CN ¥0.81 EN $0.15"
2026-09-23T19:58:38+00:00,https://bilgewatermarket.com/cards,Back Off,foil,1.34,https://bilgewatermarket.com/cards/UNL-042?print_variation=foiled,foiled,https://bilgewatermarket.com/assets/UNL-042-EN-Buern1l2.webp,¥5.99,$1.34,,Back Off UNL-042/219 Foiled CN ¥5.99 EN $1.34
2026-09-23T19:58:38+00:00,https://bilgewatermarket.com/cards,Back Off,nonfoil,0.24,https://bilgewatermarket.com/cards/UNL-042,normal,https://bilgewatermarket.com/assets/UNL-042-EN-Buern1l2.webp,¥2.24,$0.24,,Back Off UNL-042/219 CN ¥2.24 EN $0.24
2026-09-23T19:58:38+00:00,https://bilgewatermarket.com/cards,Enthusiastic Promoter,foil,0.21,https://bilgewatermarket.com/cards/UNL-043?print_variation=foiled,foiled,https://bilgewatermarket.com/assets/UNL-043-EN-Rhl5y_aE.webp,¥0.50,$0.21,,Enthusiastic Promoter UNL-043/219 Foiled CN ¥0.50 EN $0.21
2026-09-23T19:58:38+00:00,https://bilgewatermarket.com/cards,Enthusiastic Promoter,nonfoil,0.07,https://bilgewatermarket.com/cards/UNL-043,normal,https://bilgewatermarket.com/assets/UNL-043-EN-Rhl5y_aE.webp,¥0.50,$0.07,,Enthusiastic Promoter UNL-043/219 CN ¥0.50 EN $0.07
2026-09-23T19:58:38+00:00,https://bilgewatermarket.com/cards,Flurry of Feathers,foil,0.45,https://bilgewatermarket.com/cards/UNL-044?print_variation=foiled,foiled,https://bilgewatermarket.com/assets/UNL-044-EN-0dmkpnLh.webp,¥2.74,$0.45,,Flurry of Feathers UNL-044/219 Foiled CN ¥2.74 EN $0.45
2026-09-23T19:58:38+00:00,https://bilgewatermarket.com/cards,Flurry of Feathers,nonfoil,0.18,https://bilgewatermarket.com/cards/UNL-044,normal,https://bilgewatermarket.com/assets/UNL-044-EN-0dmkpnLh.webp,¥1.00,$0.18,,Flurry of Feathers UNL-044/219 CN ¥1.00 EN $0.18
2026-09-23T19:58:38+00:00,https://bilgewatermarket.com/cards,Forgotten Signpost,foil,0.33,https://bilgewatermarket.com/cards/UNL-045?print_variation=foiled,foiled,https://bilgewatermarket.com/assets/UNL-045-EN-COEbARo5.webp,¥1.22,$0.33,,Forgotten Signpost UNL-045/219 Foiled CN ¥1.22 EN $0.33
2026-09-23T19:58:38+00:00,https://bilgewatermarket.com/cards,Forgotten Signpost,nonfoil,0.14,https://bilgewatermarket.com/cards/UNL-045,normal,https://bilgewatermarket.com/assets/UNL-045-EN-COEbARo5.webp,¥0.72,$0.14,,Forgotten Signpost UNL-045/219 CN ¥0.72 EN $0.14
2026-09-23T19:58:38+00:00,https://bilgewatermarket.com/cards,Friendship,foil,0.37,https://bilgewatermarket.com/cards/UNL-046?print_variation=foiled,foiled,https://bilgewatermarket.com/assets/UNL-046-EN-BW2olehp.webp,¥1.76,$0.37,,Friendship UNL-046/219 Foiled CN ¥1.76 EN $0.37
2026-09-23T19:58:38+00:00,https://bilgewatermarket.com/cards,Friendship,nonfoil,0.15,https://bilgewatermarket.com/cards/UNL-046,normal,https://bilgewatermarket.com/assets/UNL-046-EN-BW2olehp.webp,¥0.53,$0.15,,Friendship UNL-046/219 CN ¥0.53 EN $0.15
2026-09-23T19:58:38+00:00,https://bilgewatermarket.com/cards,Mosstomper,foil,0.28,https://bilgewatermarket.com/cards/UNL-047?print_variation=foiled,foiled,https://bilgewatermarket.com/assets/UNL-047-EN-By0s-ZLa.webp,¥0.50,$0.28,,Mosstomper UNL-047/219 Foiled CN ¥0.50 EN $0.28
2026-09-23T19:58:38+00:00,https://bilgewatermarket.com/cards,Mosstomper,nonfoil,0.09,https://bilgewatermarket.com/cards/UNL-047,normal,https://bilgewatermarket.com/assets/UNL-047-EN-By0s-ZLa.webp,¥0.50,$0.09,,Mosstomper UNL-047/219 CN ¥0.50 EN $0.09
2026-09-23T19:58:38+00:00,https://bilgewatermarket.com/cards,Trevor Snoozebottom,foil,0.21,https://bilgewatermarket.com/cards/UNL-048?print_variation=foiled,foiled,https://bilgewatermarket.com/assets/UNL-048-EN-BId4iV5T.webp,¥1.21,$0.21,,Trevor Snoozebottom UNL-048/219 Foiled CN ¥1.21 EN $0.21
2026-09-23T19:58:38+00:00,https://bilgewatermarket.com/cards,Trevor Snoozebottom,nonfoil,0.09,https://bilgewatermarket.com/cards/UNL-048,normal,https://bilgewatermarket.com/assets/UNL-048-EN-BId4iV5T.webp,¥0.51,$0.09,,Trevor Snoozebottom UNL-048/219 CN ¥0.51 EN $0.09
2026-09-23T19:58:38+00:00,https://bilgewatermarket.com/cards,Honeyfruit,nonfoil,0.22,https://bilgewatermarket.com/cards/UNL-049,normal,https://bilgewatermarket.com/assets/UNL-049-EN-BKOQBB8R.webp,¥1.07,$0.22,,Honeyfruit UNL-049/219 CN ¥1.07 EN $0.22
2026-09-23T19:58:38+00:00,https://bilgewatermarket.com/cards,Iascylla,nonfoil,0.18,https://bilgewatermarket.com/cards/UNL-050,normal,https://bilgewatermarket.com/assets/UNL-050-EN-BjvNso48.webp,¥0.50,$0.18,,Iascylla UNL-050/219 CN ¥0.50 EN $0.18
2026-09-23T19:58:38+00:00,https://bilgewatermarket.com/cards,"Ivern, Nurturer",nonfoil,0.21,https://bilgewatermarket.com/cards/UNL-051,normal,https://bilgewatermarket.com/assets/UNL-051-EN-Do8PHT-3.webp,¥0.54,$0.21,,"Ivern, Nurturer UNL-051/219 CN ¥0.54 EN $0.21"
2026-09-23T19:58:38+00:00,https://bilgewatermarket.com/cards,"Ivern, Nurturer",nonfoil,2.04,https://bilgewatermarket.com/cards/UNL-051a?print_variation=showcase,showcase,https://bilgewatermarket.com/assets/UNL-051A-EN-LSfJSKRl.webp,¥2.03,$2.04,,"Ivern, Nurturer UNL-051A/219 Showcase CN ¥2.03 EN $2.04"
2026-09-23T19:58:38+00:00,https://bilgewatermarket.com/cards,"Nami, Headstrong",nonfoil,0.35,https://bilgewatermarket.com/cards/UNL-052,normal,https://bilgewatermarket.com/assets/UNL-052-EN-C3Cxj-wz.webp,¥0.95,$0.35,,"Nami, Headstrong UNL-052/219 CN ¥0.95 EN $0.35"
2026-09-23T19:58:38+00:00,https://bilgewatermarket.com/cards,Scuttle Crab,nonfoil,3.87,https://bilgewatermarket.com/cards/UNL-053,normal,https://bilgewatermarket.com/assets/UNL-053-EN-B_4pY2K1.webp,¥17.21,$3.87,,Scuttle Crab UNL-053/219 CN ¥17.21 EN $3.87
2026-09-23T19:58:38+00:00,https://bilgewatermarket.com/cards,Tricksy Tentacles,nonfoil,0.24,https://bilgewatermarket.com/cards/UNL-054,normal,https://bilgewatermarket.com/assets/UNL-054-EN-a_y_-az3.webp,¥0.85,$0.24,,Tricksy Tentacles UNL-054/219 CN ¥0.85 EN $0.24
2026-09-23T19:58:38+00:00,https://bilgewatermarket.com/cards,"Vex, Mocking",nonfoil,0.21,https://bilgewatermarket.com/cards/UNL-055,normal,https://bilgewatermarket.com/assets/UNL-055-EN-Bm-HvfJO.webp,¥0.74,$0.21,,"Vex, Mocking UNL-055/219 CN ¥0.74 EN $0.21"
2026-09-23T19:58:38+00:00,https://bilgewatermarket.com/cards,"Vex, Mocking",nonfoil,2.34,https://bilgewatermarket.com/cards/UNL-055a?print_variation=showcase,showcase,https://bilgewatermarket.com/assets/UNL-055a-EN-CY2pbK3d.webp,¥3.77,$2.34,,"Vex, Mocking UNL-055A/219 Showcase CN ¥3.77 EN $2.34"
2026-09-23T19:58:38+00:00,https://bilgewatermarket.com/cards,"Yuumi, Magical Cat",nonfoil,0.21,https://bilgewatermarket.com/cards/UNL-056,normal,https://bilgewatermarket.com/assets/UNL-056-EN-B1w1m3yk.webp,¥0.78,$0.21,,"Yuumi, Magical Cat UNL-056/219 CN ¥0.78 EN $0.21"
2026-09-23T19:58:38+00:00,https://bilgewatermarket.com/cards,Alpha Wildclaw,nonfoil,0.86,https://bilgewatermarket.com/cards/UNL-057,normal,https://bilgewatermarket.com/assets/UNL-057-EN-C74Gh3Ub.webp,¥4.18,$0.86,,Alpha Wildclaw UNL-057/219 CN ¥4.18 EN $0.86
2026-09-23T19:58:38+00:00,https://bilgewatermarket.com/cards,"Lillia, Protector of Dreams",nonfoil,0.64,https://bilgewatermarket.com/cards/UNL-058,normal,https://bilgewatermarket.com/assets/UNL-058-EN-BcGzJVH9.webp,¥1.55,$0.64,,"Lillia, Protector of Dreams UNL-058/219 CN ¥1.55 EN $0.64"
2026-09-23T19:58:38+00:00,https://bilgewatermarket.com/cards,"Lillia, Protector of Dreams",nonfoil,7.24,https://bilgewatermarket.com/cards/UNL-058a?print_variation=showcase,showcase,https://bilgewatermarket.com/assets/UNL-058A-EN-CG9hoIX4.webp,¥5.63,$7.24,,"Lillia, Protector of Dreams UNL-058A/219 Showcase CN ¥5.63 EN $7.24"
2026-09-23T19:58:38+00:00,https://bilgewatermarket.com/cards,"Master Yi, Unstoppable",nonfoil,0.99,https://bilgewatermarket.com/cards/UNL-059,normal,https://bilgewatermarket.com/assets/UNL-059-EN-Dk7qRV9R.webp,¥3.83,$0.99,,"Master Yi, Unstoppable UNL-059/219 CN ¥3.83 EN $0.99"
2026-09-23T19:58:38+00:00,https://bilgewatermarket.com/cards,"Master Yi, Unstoppable",nonfoil,3.35,https://bilgewatermarket.com/cards/UNL-059a?print_variation=showcase,showcase,https://bilgewatermarket.com/assets/UNL-059A-EN-CQk9HuBe.webp,¥10.13,$3.35,,"Master Yi, Unstoppable UNL-059A/219 Showcase CN ¥10.13 EN $3.35"
2026-09-23T19:58:38+00:00,https://bilgewatermarket.com/cards,Vilemaw,nonfoil,19.69,https://bilgewatermarket.com/cards/UNL-060,normal,https://bilgewatermarket.com/assets/UNL-060-EN-BUcVHge1.webp,¥37.24,$19.69,,Vilemaw UNL-060/219 CN ¥37.24 EN $19.69
2026-09-23T19:58:38+00:00,https://bilgewatermarket.com/cards,Vilemaw,nonfoil,23.42,https://bilgewatermarket.com/cards/UNL-060a?print_variation=showcase,showcase,https://bilgewatermarket.com/assets/UNL-060A-EN-BCQMqWKV.webp,¥47.30,$23.42,,Vilemaw UNL-060A/219 Showcase CN ¥47.30 EN $23.42
2026-09-23T19:58:38+00:00,https://bilgewatermarket.com/cards,Downstage Dramatics,foil,0.22,https://bilgewatermarket.com/cards/UNL-061?print_variation=foiled,foiled,https://bilgewatermarket.com/assets/UNL-061-EN-tm1hOwmc.webp,¥1.00,$0.22,,Downstage Dramatics UNL-061/219 Foiled CN ¥1.00 EN $0.22
2026-09-23T19:58:38+00:00,https://bilgewatermarket.com/cards,Downstage Dramatics,nonfoil,0.06,https://bilgewatermarket.com/cards/UNL-061,normal,https://bilgewatermarket.com/assets/UNL-061-EN-tm1hOwmc.webp,¥0.53,$0.06,,Downstage Dramatics UNL-061/219 CN ¥0.53 EN $0.06
2026-09-23T19:58:38+00:00,https://bilgewatermarket.com/cards,Dramatic Visionary,foil,0.16,https://bilgewatermarket.com/cards/UNL-062?print_variation=foiled,foiled,https://bilgewatermarket.com/assets/UNL-062-EN-BizGwpBK.webp,¥0.50,$0.16,,Dramatic Visionary UNL-062/219 Foiled CN ¥0.50 EN $0.16
2026-09-23T19:58:38+00:00,https://bilgewatermarket.com/cards,Dramatic Visionary,nonfoil,0.05,https://bilgewatermarket.com/cards/UNL-062,normal,https://bilgewatermarket.com/assets/UNL-062-EN-BizGwpBK.webp,¥0.51,$0.05,,Dramatic Visionary UNL-062/219 CN ¥0.51 EN $0.05
2026-09-23T19:58:38+00:00,https://bilgewatermarket.com/cards,Eclipse,foil,0.31,https://bilgewatermarket.com/cards/UNL-063?print_variation=foiled,foiled,https://bilgewatermarket.com/assets/UNL-063-EN-Blu5QzRZ.webp,¥1.55,$0.31,,Eclipse UNL-063/219 Foiled CN ¥1.55 EN $0.31
2026-09-23T19:58:38+00:00,https://bilgewatermarket.com/cards,Eclipse,nonfoil,0.14,https://bilgewatermarket.com/cards/UNL-063,normal,https://bilgewatermarket.com/assets/UNL-063-EN-Blu5QzRZ.webp,¥0.60,$0.14,,Eclipse UNL-063/219 CN ¥0.60 EN $0.14
2026-09-23T19:58:38+00:00,https://bilgewatermarket.com/cards,Fate Weaver,foil,0.11,https://bilgewatermarket.com/cards/UNL-064?print_variation=foiled,foiled,https://bilgewatermarket.com/assets/UNL-064-EN-CpmHBHPZ.webp,¥0.50,$0.11,,Fate Weaver UNL-064/219 Foiled CN ¥0.50 EN $0.11
2026-09-23T19:58:38+00:00,https://bilgewatermarket.com/cards,Fate Weaver,nonfoil,0.04,https://bilgewatermarket.com/cards/UNL-064,normal,https://bilgewatermarket.com/assets/UNL-064-EN-CpmHBHPZ.webp,¥0.50,$0.04,,Fate Weaver UNL-064/219 CN ¥0.50 EN $0.04
2026-09-23T19:58:38+00:00,https://bilgewatermarket.com/cards,Icevale Archer,foil,0.12,https://bilgewatermarket.com/cards/UNL-065?print_variation=foiled,foiled,https://bilgewatermarket.com/assets/UNL-065-EN-Dyqtymor.webp,¥0.50,$0.12,,Icevale Archer UNL-065/219 Foiled CN ¥0.50 EN $0.12
2026-09-23T19:58:38+00:00,https://bilgewatermarket.com/cards,Icevale Archer,nonfoil,0.05,https://bilgewatermarket.com/cards/UNL-065,normal,https://bilgewatermarket.com/assets/UNL-065-EN-Dyqtymor.webp,¥0.51,$0.05,,Icevale Archer UNL-065/219 CN ¥0.51 EN $0.05
2026-09-23T19:58:38+00:00,https://bilgewatermarket.com/cards,Moonlight Affliction,foil,0.16,https://bilgewatermarket.com/cards/UNL-066?print_variation=foiled,foiled,https://bilgewatermarket.com/assets/UNL-066-EN-BZqDZFpx.webp,¥0.90,$0.16,,Moonlight Affliction UNL-066/219 Foiled CN ¥0.90 EN $0.16
2026-09-23T19:58:38+00:00,https://bilgewatermarket.com/cards,Moonlight Affliction,nonfoil,0.04,https://bilgewatermarket.com/cards/UNL-066,normal,https://bilgewatermarket.com/assets/UNL-066-EN-BZqDZFpx.webp,¥0.50,$0.04,,Moonlight Affliction UNL-066/219 CN ¥0.50 EN $0.04
2026-09-23T19:58:38+00:00,https://bilgewatermarket.com/cards,Ruined Rex,foil,0.24,https://bilgewatermarket.com/cards/UNL-067?print_variation=foiled,foiled,https://bilgewatermarket.com/assets/UNL-067-EN-VCtsAkY8.webp,¥1.21,$0.24,,Ruined Rex UNL-067/219 Foiled CN ¥1.21 EN $0.24
2026-09-23T19:58:38+00:00,https://bilgewatermarket.com/cards,Ruined Rex,nonfoil,0.08,https://bilgewatermarket.com/cards/UNL-067,normal,https://bilgewatermarket.com/assets/UNL-067-EN-VCtsAkY8.webp,¥0.52,$0.08,,Ruined Rex UNL-067/219 CN ¥0.52 EN $0.08
2026-09-23T19:58:38+00:00,https://bilgewatermarket.com/cards,Spectral Centaur,foil,0.13,https://bilgewatermarket.com/cards/UNL-068?print_variation=foiled,foiled,https://bilgewatermarket.com/assets/UNL-068-EN-CF86_zxr.webp,¥0.50,$0.13,,Spectral Centaur UNL-068/219 Foiled CN ¥0.50 EN $0.13
2026-09-23T19:58:38+00:00,https://bilgewatermarket.com/cards,Spectral Centaur,nonfoil,0.04,https://bilgewatermarket.com/cards/UNL-068,normal,https://bilgewatermarket.com/assets/UNL-068-EN-CF86_zxr.webp,¥0.50,$0.04,,Spectral Centaur UNL-068/219 CN ¥0.50 EN $0.04
2026-09-23T19:58:38+00:00,https://bilgewatermarket.com/cards,Sprite Burst,foil,0.32,https://bilgewatermarket.com/cards/UNL-069?print_variation=foiled,foiled,https://bilgewatermarket.com/assets/UNL-069-EN-nzdFEtn2.webp,¥1.88,$0.32,,Sprite Burst UNL-069/219 Foiled CN ¥1.88 EN $0.32
2026-09-23T19:58:38+00:00,https://bilgewatermarket.com/cards,Sprite Burst,nonfoil,0.11,https://bilgewatermarket.com/cards/UNL-069,normal,https://bilgewatermarket.com/assets/UNL-069-EN-nzdFEtn2.webp,¥0.56,$0.11,,Sprite Burst UNL-069/219 CN ¥0.56 EN $0.11
2026-09-23T19:58:38+00:00,https://bilgewatermarket.com/cards,Turn to Dust,foil,0.91,https://bilgewatermarket.com/cards/UNL-070?print_variation=foiled,foiled,https://bilgewatermarket.com/assets/UNL-070-EN-Dfd5N5TK.webp,¥2.14,$0.91,,Turn to Dust UNL-070/219 Foiled CN ¥2.14 EN $0.91
2026-09-23T19:58:38+00:00,https://bilgewatermarket.com/cards,Turn to Dust,nonfoil,0.12,https://bilgewatermarket.com/cards/UNL-070,normal,https://bilgewatermarket.com/assets/UNL-070-EN-Dfd5N5TK.webp,¥0.53,$0.12,,Turn to Dust UNL-070/219 CN ¥0.53 EN $0.12
2026-09-23T19:58:38+00:00,https://bilgewatermarket.com/cards,Chakram Dancer,foil,0.22,https://bilgewatermarket.com/cards/UNL-071?print_variation=foiled,foiled,https://bilgewatermarket.com/assets/UNL-071-EN-B-mjlYQn.webp,¥1.07,$0.22,,Chakram Dancer UNL-071/219 Foiled CN ¥1.07 EN $0.22
2026-09-23T19:58:38+00:00,https://bilgewatermarket.com/cards,Chakram Dancer,nonfoil,0.10,https://bilgewatermarket.com/cards/UNL-071,normal,https://bilgewatermarket.com/assets/UNL-071-EN-B-mjlYQn.webp,¥0.54,$0.10,,Chakram Dancer UNL-071/219 CN ¥0.54 EN $0.10
2026-09-23T19:58:38+00:00,https://bilgewatermarket.com/cards,Crescent Strike,foil,0.27,https://bilgewatermarket.com/cards/UNL-072?print_variation=foiled,foiled,https://bilgewatermarket.com/assets/UNL-072-EN-Bf53vKDM.webp,¥1.02,$0.27,,Crescent Strike UNL-072/219 Foiled CN ¥1.02 EN $0.27
2026-09-23T19:58:38+00:00,https://bilgewatermarket.com/cards,Crescent Strike,nonfoil,0.12,https://bilgewatermarket.com/cards/UNL-072,normal,https://bilgewatermarket.com/assets/UNL-072-EN-Bf53vKDM.webp,¥0.52,$0.12,,Crescent Strike UNL-072/219 CN ¥0.52 EN $0.12
2026-09-23T19:58:38+00:00,https://bilgewatermarket.com/cards,Deadly Flourish,foil,5.24,https://bilgewatermarket.com/cards/UNL-073?print_variation=foiled,foiled,https://bilgewatermarket.com/assets/UNL-073-EN-C5jm9cDL.webp,¥2.07,$5.24,,Deadly Flourish UNL-073/219 Foiled CN ¥2.07 EN $5.24
2026-09-23T19:58:38+00:00,https://bilgewatermarket.com/cards,Deadly Flourish,nonfoil,0.30,https://bilgewatermarket.com/cards/UNL-073,normal,https://bilgewatermarket.com/assets/UNL-073-EN-C5jm9cDL.webp,¥0.90,$0.30,,Deadly Flourish UNL-073/219 CN ¥0.90 EN $0.30
2026-09-23T19:58:38+00:00,https://bilgewatermarket.com/cards,Frigid Jewel,foil,0.49,https://bilgewatermarket.com/cards/UNL-074?print_variation=foiled,foiled,https://bilgewatermarket.com/assets/UNL-074-EN-DhLBIaAJ.webp,¥1.42,$0.49,,Frigid Jewel UNL-074/219 Foiled CN ¥1.42 EN $0.49
2026-09-23T19:58:38+00:00,https://bilgewatermarket.com/cards,Frigid Jewel,nonfoil,0.12,https://bilgewatermarket.com/cards/UNL-074,normal,https://bilgewatermarket.com/assets/UNL-074-EN-DhLBIaAJ.webp,¥0.55,$0.12,,Frigid Jewel UNL-074/219 CN ¥0.55 EN $0.12
2026-09-23T19:58:38+00:00,https://bilgewatermarket.com/cards,Gustwalker,foil,0.25,https://bilgewatermarket.com/cards/UNL-075?print_variation=foiled,foiled,https://bilgewatermarket.com/assets/UNL-075-EN-DMd-ptQm.webp,¥0.70,$0.25,,Gustwalker UNL-075/219 Foiled CN ¥0.70 EN $0.25
2026-09-23T19:58:38+00:00,https://bilgewatermarket.com/cards,Gustwalker,nonfoil,0.12,https://bilgewatermarket.com/cards/UNL-075,normal,https://bilgewatermarket.com/assets/UNL-075-EN-DMd-ptQm.webp,¥0.50,$0.12,,Gustwalker UNL-075/219 CN ¥0.50 EN $0.12
2026-09-23T19:58:38+00:00,https://bilgewatermarket.com/cards,Petal Pixie,foil,0.27,https://bilgewatermarket.com/cards/UNL-076?print_variation=foiled,foiled,https://bilgewatermarket.com/assets/UNL-076-EN-BfONaq_I.webp,¥1.00,$0.27,,Petal Pixie UNL-076/219 Foiled CN ¥1.00 EN $0.27
2026-09-23T19:58:38+00:00,https://bilgewatermarket.com/cards,Petal Pixie,nonfoil,0.12,https://bilgewatermarket.com/cards/UNL-076,normal,https://bilgewatermarket.com/assets/UNL-076-EN-BfONaq_I.webp,¥0.53,$0.12,,Petal Pixie UNL-076/219 CN ¥0.53 EN $0.12
2026-09-23T19:58:38+00:00,https://bilgewatermarket.com/cards,Soul Shepherd,foil,0.31,https://bilgewatermarket.com/cards/UNL-077?print_variation=foiled,foiled,https://bilgewatermarket.com/assets/UNL-077-EN-DuzYbmwh.webp,¥0.72,$0.31,,Soul Shepherd UNL-077/219 Foiled CN ¥0.72 EN $0.31
2026-09-23T19:58:38+00:00,https://bilgewatermarket.com/cards,Soul Shepherd,nonfoil,0.12,https://bilgewatermarket.com/cards/UNL-077,normal,https://bilgewatermarket.com/assets/UNL-077-EN-DuzYbmwh.webp,¥0.76,$0.12,,Soul Shepherd UNL-077/219 CN ¥0.76 EN $0.12
2026-09-23T19:58:38+00:00,https://bilgewatermarket.com/cards,Sprite Fountain,foil,7.37,https://bilgewatermarket.com/cards/UNL-078?print_variation=foiled,foiled,https://bilgewatermarket.com/assets/UNL-078-EN-DLS_b69H.webp,¥5.45,$7.37,,Sprite Fountain UNL-078/219 Foiled CN ¥5.45 EN $7.37
2026-09-23T19:58:38+00:00,https://bilgewatermarket.com/cards,Sprite Fountain,nonfoil,2.70,https://bilgewatermarket.com/cards/UNL-078,normal,https://bilgewatermarket.com/assets/UNL-078-EN-DLS_b69H.webp,¥2.23,$2.70,,Sprite Fountain UNL-078/219 CN ¥2.23 EN $2.70
2026-09-23T19:58:38+00:00,https://bilgewatermarket.com/cards,"Diana, Lunari",nonfoil,0.19,https://bilgewatermarket.com/cards/UNL-079,normal,https://bilgewatermarket.com/assets/UNL-079-EN-DCLt2sli.webp,¥1.02,$0.19,,"Diana, Lunari UNL-079/219 CN ¥1.02 EN $0.19"
2026-09-23T19:58:38+00:00,https://bilgewatermarket.com/cards,"Diana, Lunari",nonfoil,5.73,https://bilgewatermarket.com/cards/UNL-079a?print_variation=showcase,showcase,https://bilgewatermarket.com/assets/UNL-079a-EN-C-UIvsBz.webp,¥12.19,$5.73,,"Diana, Lunari UNL-079A/219 Showcase CN ¥12.19 EN $5.73"
2026-09-23T19:58:38+00:00,https://bilgewatermarket.com/cards,"Hwei, Brooding Painter",nonfoil,3.20,https://bilgewatermarket.com/cards/UNL-080,normal,https://bilgewatermarket.com/assets/UNL-080-EN-cpnGEpWi.webp,¥3.15,$3.20,,"Hwei, Brooding Painter UNL-080/219 CN ¥3.15 EN $3.20"
2026-09-23T19:58:38+00:00,https://bilgewatermarket.com/cards,Keeper of Masks,nonfoil,0.18,https://bilgewatermarket.com/cards/UNL-081,normal,https://bilgewatermarket.com/assets/UNL-081-EN-BD2ihnle.webp,¥0.67,$0.18,,Keeper of Masks UNL-081/219 CN ¥0.67 EN $0.18
2026-09-23T19:58:38+00:00,https://bilgewatermarket.com/cards,"Lillia, Fae Fawn",nonfoil,0.37,https://bilgewatermarket.com/cards/UNL-082,normal,https://bilgewatermarket.com/assets/UNL-082-EN-D4h2dWaw.webp,¥0.72,$0.37,,"Lillia, Fae Fawn UNL-082/219 CN ¥0.72 EN $0.37"
2026-09-23T19:58:38+00:00,https://bilgewatermarket.com/cards,"Lillia, Fae Fawn",nonfoil,9.21,https://bilgewatermarket.com/cards/UNL-082a?print_variation=showcase,showcase,https://bilgewatermarket.com/assets/UNL-082a-EN-BGn8VW3r.webp,¥12.82,$9.21,,"Lillia, Fae Fawn UNL-082A/219 Showcase CN ¥12.82 EN $9.21"
2026-09-23T19:58:38+00:00,https://bilgewatermarket.com/cards,Smoke and Mirrors,nonfoil,0.64,https://bilgewatermarket.com/cards/UNL-083,normal,https://bilgewatermarket.com/assets/UNL-083-EN-gBPEIMmK.webp,¥1.45,$0.64,,Smoke and Mirrors UNL-083/219 CN ¥1.45 EN $0.64
2026-09-23T19:58:38+00:00,https://bilgewatermarket.com/cards,Sprite Queen,nonfoil,0.19,https://bilgewatermarket.com/cards/UNL-084,normal,https://bilgewatermarket.com/assets/UNL-084-EN-X2XeQDWh.webp,¥1.38,$0.19,,Sprite Queen UNL-084/219 CN ¥1.38 EN $0.19
2026-09-23T19:58:38+00:00,https://bilgewatermarket.com/cards,Sumpworks Map,nonfoil,0.16,https://bilgewatermarket.com/cards/UNL-085,normal,https://bilgewatermarket.com/assets/UNL-085-EN-lI2aHH3Y.webp,¥0.61,$0.16,,Sumpworks Map UNL-085/219 CN ¥0.61 EN $0.16
2026-09-23T19:58:38+00:00,https://bilgewatermarket.com/cards,"Zilean, Time Mage",nonfoil,0.22,https://bilgewatermarket.com/cards/UNL-086,normal,https://bilgewatermarket.com/assets/UNL-086-EN-82c5Y-k9.webp,¥0.53,$0.22,,"Zilean, Time Mage UNL-086/219 CN ¥0.53 EN $0.22"
2026-09-23T19:58:38+00:00,https://bilgewatermarket.com/cards,Blue Sentinel,nonfoil,2.60,https://bilgewatermarket.com/cards/UNL-087,normal,https://bilgewatermarket.com/assets/UNL-087-EN-Cqi4CbxN.webp,¥2.57,$2.60,,Blue Sentinel UNL-087/219 CN ¥2.57 EN $2.60
2026-09-23T19:58:38+00:00,https://bilgewatermarket.com/cards,Blue Sentinel,nonfoil,4.81,https://bilgewatermarket.com/cards/UNL-087a?print_variation=showcase,showcase,https://bilgewatermarket.com/assets/UNL-087A-EN-qJwqaLaJ.webp,¥6.33,$4.81,,Blue Sentinel UNL-087A/219 Showcase CN ¥6.33 EN $4.81
2026-09-23T19:58:38+00:00,https://bilgewatermarket.com/cards,Gutter Palace,nonfoil,3.48,https://bilgewatermarket.com/cards/UNL-088,normal,https://bilgewatermarket.com/assets/UNL-088-EN-DE_65eAp.webp,¥5.87,$3.48,,Gutter Palace UNL-088/219 CN ¥5.87 EN $3.48
2026-09-23T19:58:38+00:00,https://bilgewatermarket.com/cards,"Jhin, Meticulous Killer",nonfoil,1.67,https://bilgewatermarket.com/cards/UNL-089,normal,https://bilgewatermarket.com/assets/UNL-089-EN-Dl88m0Z_.webp,¥3.95,$1.67,,"Jhin, Meticulous Killer UNL-089/219 CN ¥3.95 EN $1.67"
2026-09-23T19:58:38+00:00,https://bilgewatermarket.com/cards,"Jhin, Meticulous Killer",nonfoil,4.23,https://bilgewatermarket.com/cards/UNL-089a?print_variation=showcase,showcase,https://bilgewatermarket.com/assets/UNL-089A-EN-C7vwBDMb.webp,¥7.99,$4.23,,"Jhin, Meticulous Killer UNL-089A/219 Showcase CN ¥7.99 EN $4.23"
