collected_at,source_url,name,foil_status,price,url,print_variation,image_url,cn_price,en_price,set_number,raw_text
2026-09-27T19:59:28+00:00,https://bilgewatermarket.com/cards,Baccai Sandspinner,foil,0.13,https://bilgewatermarket.com/cards/VEN-001?print_variation=foiled,foiled,https://bilgewatermarket.com/assets/VEN-001-EN-CwT4oNk9.png,¥0.50,$0.13,,Baccai Sandspinner VEN-001/166 Foiled CN ¥0.50 EN $0.13
2026-09-27T19:59:28+00:00,https://bilgewatermarket.com/cards,Baccai Sandspinner,nonfoil,0.06,https://bilgewatermarket.com/cards/VEN-001,normal,https://bilgewatermarket.com/assets/VEN-001-EN-CwT4oNk9.png,¥0.62,$0.06,,Baccai Sandspinner VEN-001/166 CN ¥0.62 EN $0.06
2026-09-27T19:59:28+00:00,https://bilgewatermarket.com/cards,Blade Twirler,foil,0.15,https://bilgewatermarket.com/cards/VEN-002?print_variation=foiled,foiled,https://bilgewatermarket.com/assets/VEN-002-EN-DhiWbxgH.png,¥0.89,$0.15,,Blade Twirler VEN-002/166 Foiled CN ¥0.89 EN $0.15
2026-09-27T19:59:28+00:00,https://bilgewatermarket.com/cards,Blade Twirler,nonfoil,0.06,https://bilgewatermarket.com/cards/VEN-002,normal,https://bilgewatermarket.com/assets/VEN-002-EN-DhiWbxgH.png,¥0.50,$0.06,,Blade Twirler VEN-002/166 CN ¥0.50 EN $0.06
2026-09-27T19:59:28+00:00,https://bilgewatermarket.com/cards,Brittle Steel,foil,0.34,https://bilgewatermarket.com/cards/VEN-003?print_variation=foiled,foiled,https://bilgewatermarket.com/assets/VEN-003-EN-BLstdxYc.png,¥2.03,$0.34,,Brittle Steel VEN-003/166 Foiled CN ¥2.03 EN $0.34
2026-09-27T19:59:28+00:00,https://bilgewatermarket.com/cards,Brittle Steel,nonfoil,0.09,https://bilgewatermarket.com/cards/VEN-003,normal,https://bilgewatermarket.com/assets/VEN-003-EN-BLstdxYc.png,¥0.69,$0.09,,Brittle Steel VEN-003/166 CN ¥0.69 EN $0.09
2026-09-27T19:59:28+00:00,https://bilgewatermarket.com/cards,Dune Surfer,foil,0.23,https://bilgewatermarket.com/cards/VEN-004?print_variation=foiled,foiled,https://bilgewatermarket.com/assets/VEN-004-EN-CDFnHbgU.png,¥0.51,$0.23,,Dune Surfer VEN-004/166 Foiled CN ¥0.51 EN $0.23
2026-09-27T19:59:28+00:00,https://bilgewatermarket.com/cards,Dune Surfer,nonfoil,0.08,https://bilgewatermarket.com/cards/VEN-004,normal,https://bilgewatermarket.com/assets/VEN-004-EN-CDFnHbgU.png,¥0.50,$0.08,,Dune Surfer VEN-004/166 CN ¥0.50 EN $0.08
2026-09-27T19:59:28+00:00,https://bilgewatermarket.com/cards,Forsaken Baccai,foil,0.22,https://bilgewatermarket.com/cards/VEN-005?print_variation=foiled,foiled,https://bilgewatermarket.com/assets/VEN-005-EN-B296W7Pp.png,¥0.50,$0.22,,Forsaken Baccai VEN-005/166 Foiled CN ¥0.50 EN $0.22
2026-09-27T19:59:28+00:00,https://bilgewatermarket.com/cards,Forsaken Baccai,nonfoil,0.08,https://bilgewatermarket.com/cards/VEN-005,normal,https://bilgewatermarket.com/assets/VEN-005-EN-B296W7Pp.png,¥0.50,$0.08,,Forsaken Baccai VEN-005/166 CN ¥0.50 EN $0.08
2026-09-27T19:59:28+00:00,https://bilgewatermarket.com/cards,Oasis Raider,foil,0.15,https://bilgewatermarket.com/cards/VEN-006?print_variation=foiled,foiled,https://bilgewatermarket.com/assets/VEN-006-EN-BXQcW2nP.png,¥0.51,$0.15,,Oasis Raider VEN-006/166 Foiled CN ¥0.51 EN $0.15
2026-09-27T19:59:28+00:00,https://bilgewatermarket.com/cards,Oasis Raider,nonfoil,0.07,https://bilgewatermarket.com/cards/VEN-006,normal,https://bilgewatermarket.com/assets/VEN-006-EN-BXQcW2nP.png,¥0.50,$0.07,,Oasis Raider VEN-006/166 CN ¥0.50 EN $0.07
2026-09-27T19:59:28+00:00,https://bilgewatermarket.com/cards,Punching Poro,foil,0.21,https://bilgewatermarket.com/cards/VEN-007?print_variation=foiled,foiled,https://bilgewatermarket.com/assets/VEN-007-EN-BC4DnhHy.png,¥0.64,$0.21,,Punching Poro VEN-007/166 Foiled CN ¥0.64 EN $0.21
2026-09-27T19:59:28+00:00,https://bilgewatermarket.com/cards,Punching Poro,nonfoil,0.06,https://bilgewatermarket.com/cards/VEN-007,normal,https://bilgewatermarket.com/assets/VEN-007-EN-BC4DnhHy.png,¥0.50,$0.06,,Punching Poro VEN-007/166 CN ¥0.50 EN $0.06
2026-09-27T19:59:28+00:00,https://bilgewatermarket.com/cards,Ruthless Strike,foil,0.20,https://bilgewatermarket.com/cards/VEN-008?print_variation=foiled,foiled,https://bilgewatermarket.com/assets/VEN-008-EN-QwSBQX3c.png,¥0.57,$0.20,,Ruthless Strike VEN-008/166 Foiled CN ¥0.57 EN $0.20
2026-09-27T19:59:28+00:00,https://bilgewatermarket.com/cards,Ruthless Strike,nonfoil,0.08,https://bilgewatermarket.com/cards/VEN-008,normal,https://bilgewatermarket.com/assets/VEN-008-EN-QwSBQX3c.png,¥0.50,$0.08,,Ruthless Strike VEN-008/166 CN ¥0.50 EN $0.08
2026-09-27T19:59:28+00:00,https://bilgewatermarket.com/cards,Baccai Reaper,foil,0.23,https://bilgewatermarket.com/cards/VEN-009?print_variation=foiled,foiled,https://bilgewatermarket.com/assets/VEN-009-EN-GkgxpQJM.png,¥0.52,$0.23,,Baccai Reaper VEN-009/166 Foiled CN ¥0.52 EN $0.23
2026-09-27T19:59:28+00:00,https://bilgewatermarket.com/cards,Baccai Reaper,nonfoil,0.06,https://bilgewatermarket.com/cards/VEN-009,normal,https://bilgewatermarket.com/assets/VEN-009-EN-GkgxpQJM.png,¥0.50,$0.06,,Baccai Reaper VEN-009/166 CN ¥0.50 EN $0.06
2026-09-27T19:59:28+00:00,https://bilgewatermarket.com/cards,Consuming Curse,foil,0.18,https://bilgewatermarket.com/cards/VEN-010?print_variation=foiled,foiled,https://bilgewatermarket.com/assets/VEN-010-EN-C4KbjOi9.png,¥0.84,$0.18,,Consuming Curse VEN-010/166 Foiled CN ¥0.84 EN $0.18
2026-09-27T19:59:28+00:00,https://bilgewatermarket.com/cards,Consuming Curse,nonfoil,0.09,https://bilgewatermarket.com/cards/VEN-010,normal,https://bilgewatermarket.com/assets/VEN-010-EN-C4KbjOi9.png,¥0.55,$0.09,,Consuming Curse VEN-010/166 CN ¥0.55 EN $0.09
2026-09-27T19:59:28+00:00,https://bilgewatermarket.com/cards,Pendulum Blade,foil,0.33,https://bilgewatermarket.com/cards/VEN-011?print_variation=foiled,foiled,https://bilgewatermarket.com/assets/VEN-011-EN-abjrVRf0.png,¥3.12,$0.33,,Pendulum Blade VEN-011/166 Foiled CN ¥3.12 EN $0.33
2026-09-27T19:59:28+00:00,https://bilgewatermarket.com/cards,Pendulum Blade,nonfoil,0.09,https://bilgewatermarket.com/cards/VEN-011,normal,https://bilgewatermarket.com/assets/VEN-011-EN-abjrVRf0.png,¥1.02,$0.09,,Pendulum Blade VEN-011/166 CN ¥1.02 EN $0.09
2026-09-27T19:59:28+00:00,https://bilgewatermarket.com/cards,Perfect Execution,foil,0.43,https://bilgewatermarket.com/cards/VEN-012?print_variation=foiled,foiled,https://bilgewatermarket.com/assets/VEN-012-EN-DOVssiky.png,¥2.40,$0.43,,Perfect Execution VEN-012/166 Foiled CN ¥2.40 EN $0.43
2026-09-27T19:59:28+00:00,https://bilgewatermarket.com/cards,Perfect Execution,nonfoil,0.14,https://bilgewatermarket.com/cards/VEN-012,normal,https://bilgewatermarket.com/assets/VEN-012-EN-DOVssiky.png,¥1.47,$0.14,,Perfect Execution VEN-012/166 CN ¥1.47 EN $0.14
2026-09-27T19:59:28+00:00,https://bilgewatermarket.com/cards,Shadow Assassin,foil,0.22,https://bilgewatermarket.com/cards/VEN-013?print_variation=foiled,foiled,https://bilgewatermarket.com/assets/VEN-013-EN-Z3fdgB-s.png,¥0.57,$0.22,,Shadow Assassin VEN-013/166 Foiled CN ¥0.57 EN $0.22
2026-09-27T19:59:28+00:00,https://bilgewatermarket.com/cards,Shadow Assassin,nonfoil,0.07,https://bilgewatermarket.com/cards/VEN-013,normal,https://bilgewatermarket.com/assets/VEN-013-EN-Z3fdgB-s.png,¥0.50,$0.07,,Shadow Assassin VEN-013/166 CN ¥0.50 EN $0.07
2026-09-27T19:59:28+00:00,https://bilgewatermarket.com/cards,Shadow Fiend,foil,0.25,https://bilgewatermarket.com/cards/VEN-014?print_variation=foiled,foiled,https://bilgewatermarket.com/assets/VEN-014-EN-BTkAV4rh.png,¥2.23,$0.25,,Shadow Fiend VEN-014/166 Foiled CN ¥2.23 EN $0.25
2026-09-27T19:59:28+00:00,https://bilgewatermarket.com/cards,Shadow Fiend,nonfoil,0.06,https://bilgewatermarket.com/cards/VEN-014,normal,https://bilgewatermarket.com/assets/VEN-014-EN-BTkAV4rh.png,¥0.63,$0.06,,Shadow Fiend VEN-014/166 CN ¥0.63 EN $0.06
2026-09-27T19:59:28+00:00,https://bilgewatermarket.com/cards,Decree of Rage,nonfoil,0.30,https://bilgewatermarket.com/cards/VEN-015,normal,https://bilgewatermarket.com/assets/VEN-015-EN-BsGYYCiU.png,¥3.70,$0.30,,Decree of Rage VEN-015/166 CN ¥3.70 EN $0.30
2026-09-27T19:59:28+00:00,https://bilgewatermarket.com/cards,Eclipse Dragon,nonfoil,0.15,https://bilgewatermarket.com/cards/VEN-016,normal,https://bilgewatermarket.com/assets/VEN-016-EN-BuFaigBn.png,¥0.53,$0.15,,Eclipse Dragon VEN-016/166 CN ¥0.53 EN $0.15
2026-09-27T19:59:28+00:00,https://bilgewatermarket.com/cards,"Morgana, Vindictive",nonfoil,0.16,https://bilgewatermarket.com/cards/VEN-017,normal,https://bilgewatermarket.com/assets/VEN-017-EN-8wnGKgvv.png,¥0.55,$0.16,,"Morgana, Vindictive VEN-017/166 CN ¥0.55 EN $0.16"
2026-09-27T19:59:28+00:00,https://bilgewatermarket.com/cards,Rage Amplifier,nonfoil,0.18,https://bilgewatermarket.com/cards/VEN-018,normal,https://bilgewatermarket.com/assets/VEN-018-EN-RmQ_A8Q3.png,¥0.52,$0.18,,Rage Amplifier VEN-018/166 CN ¥0.52 EN $0.18
2026-09-27T19:59:28+00:00,https://bilgewatermarket.com/cards,"Renekton, Rage Fueled",nonfoil,0.13,https://bilgewatermarket.com/cards/VEN-019,normal,https://bilgewatermarket.com/assets/VEN-019-EN-DL0bY2ZM.png,¥0.52,$0.13,,"Renekton, Rage Fueled VEN-019/166 CN ¥0.52 EN $0.13"
2026-09-27T19:59:28+00:00,https://bilgewatermarket.com/cards,"Renekton, Rage Fueled",nonfoil,1.03,https://bilgewatermarket.com/cards/VEN-019a?print_variation=showcase,showcase,https://bilgewatermarket.com/assets/VEN-019a-EN-BnEfMIC6.png,¥3.28,$1.03,,"Renekton, Rage Fueled VEN-019A/166 Showcase CN ¥3.28 EN $1.03"
2026-09-27T19:59:28+00:00,https://bilgewatermarket.com/cards,Twilight Reveler,nonfoil,0.22,https://bilgewatermarket.com/cards/VEN-020,normal,https://bilgewatermarket.com/assets/VEN-020-EN-CMJPOZWt.png,¥2.58,$0.22,,Twilight Reveler VEN-020/166 CN ¥2.58 EN $0.22
2026-09-27T19:59:28+00:00,https://bilgewatermarket.com/cards,"Akali, Deadly Weapon",nonfoil,1.06,https://bilgewatermarket.com/cards/VEN-021,normal,https://bilgewatermarket.com/assets/VEN-021-EN-C07AHWS6.png,¥5.76,$1.06,,"Akali, Deadly Weapon VEN-021/166 CN ¥5.76 EN $1.06"
2026-09-27T19:59:28+00:00,https://bilgewatermarket.com/cards,"Akali, Deadly Weapon",nonfoil,11.91,https://bilgewatermarket.com/cards/VEN-021a?print_variation=showcase,showcase,https://bilgewatermarket.com/assets/VEN-021a-EN-DqhHd3uM.png,¥28.90,$11.91,,"Akali, Deadly Weapon VEN-021A/166 Showcase CN ¥28.90 EN $11.91"
2026-09-27T19:59:28+00:00,https://bilgewatermarket.com/cards,Endless Riches,nonfoil,0.91,https://bilgewatermarket.com/cards/VEN-022,normal,https://bilgewatermarket.com/assets/VEN-022-EN-rRxduvKk.png,¥3.95,$0.91,,Endless Riches VEN-022/166 CN ¥3.95 EN $0.91
2026-09-27T19:59:28+00:00,https://bilgewatermarket.com/cards,"Zed, From the Shadows",nonfoil,0.49,https://bilgewatermarket.com/cards/VEN-023,normal,https://bilgewatermarket.com/assets/VEN-023-EN-9vllZTnU.png,¥4.34,$0.49,,"Zed, From the Shadows VEN-023/166 CN ¥4.34 EN $0.49"
2026-09-27T19:59:28+00:00,https://bilgewatermarket.com/cards,"Zed, From the Shadows",nonfoil,2.64,https://bilgewatermarket.com/cards/VEN-023a?print_variation=showcase,showcase,https://bilgewatermarket.com/assets/VEN-023a-EN-C2qiG0ec.png,¥8.58,$2.64,,"Zed, From the Shadows VEN-023A/166 Showcase CN ¥8.58 EN $2.64"
2026-09-27T19:59:28+00:00,https://bilgewatermarket.com/cards,Affectionate Poro,foil,0.20,https://bilgewatermarket.com/cards/VEN-024?print_variation=foiled,foiled,https://bilgewatermarket.com/assets/VEN-024-EN-DH64eq9Y.png,¥0.84,$0.20,,Affectionate Poro VEN-024/166 Foiled CN ¥0.84 EN $0.20
2026-09-27T19:59:28+00:00,https://bilgewatermarket.com/cards,Affectionate Poro,nonfoil,0.09,https://bilgewatermarket.com/cards/VEN-024,normal,https://bilgewatermarket.com/assets/VEN-024-EN-DH64eq9Y.png,¥0.50,$0.09,,Affectionate Poro VEN-024/166 CN ¥0.50 EN $0.09
2026-09-27T19:59:28+00:00,https://bilgewatermarket.com/cards,Esteemed Hierophant,foil,0.12,https://bilgewatermarket.com/cards/VEN-025?print_variation=foiled,foiled,https://bilgewatermarket.com/assets/VEN-025-EN-CdKDhYdf.png,¥0.50,$0.12,,Esteemed Hierophant VEN-025/166 Foiled CN ¥0.50 EN $0.12
2026-09-27T19:59:28+00:00,https://bilgewatermarket.com/cards,Esteemed Hierophant,nonfoil,0.03,https://bilgewatermarket.com/cards/VEN-025,normal,https://bilgewatermarket.com/assets/VEN-025-EN-CdKDhYdf.png,¥0.51,$0.03,,Esteemed Hierophant VEN-025/166 CN ¥0.51 EN $0.03
2026-09-27T19:59:28+00:00,https://bilgewatermarket.com/cards,Field Musicians,foil,0.10,https://bilgewatermarket.com/cards/VEN-026?print_variation=foiled,foiled,https://bilgewatermarket.com/assets/VEN-026-EN-DM1O5HO-.png,¥0.55,$0.10,,Field Musicians VEN-026/166 Foiled CN ¥0.55 EN $0.10
2026-09-27T19:59:28+00:00,https://bilgewatermarket.com/cards,Field Musicians,nonfoil,0.05,https://bilgewatermarket.com/cards/VEN-026,normal,https://bilgewatermarket.com/assets/VEN-026-EN-DM1O5HO-.png,¥0.50,$0.05,,Field Musicians VEN-026/166 CN ¥0.50 EN $0.05
2026-09-27T19:59:28+00:00,https://bilgewatermarket.com/cards,Hand Hammer,foil,0.30,https://bilgewatermarket.com/cards/VEN-027?print_variation=foiled,foiled,https://bilgewatermarket.com/assets/VEN-027-EN-CiHmLLkz.png,¥0.80,$0.30,,Hand Hammer VEN-027/166 Foiled CN ¥0.80 EN $0.30
2026-09-27T19:59:28+00:00,https://bilgewatermarket.com/cards,Hand Hammer,nonfoil,0.08,https://bilgewatermarket.com/cards/VEN-027,normal,https://bilgewatermarket.com/assets/VEN-027-EN-CiHmLLkz.png,¥0.52,$0.08,,Hand Hammer VEN-027/166 CN ¥0.52 EN $0.08
2026-09-27T19:59:28+00:00,https://bilgewatermarket.com/cards,Mournful Witness,foil,0.33,https://bilgewatermarket.com/cards/VEN-028?print_variation=foiled,foiled,https://bilgewatermarket.com/assets/VEN-028-EN-2bCFb-MU.png,¥2.44,$0.33,,Mournful Witness VEN-028/166 Foiled CN ¥2.44 EN $0.33
2026-09-27T19:59:28+00:00,https://bilgewatermarket.com/cards,Mournful Witness,nonfoil,0.08,https://bilgewatermarket.com/cards/VEN-028,normal,https://bilgewatermarket.com/assets/VEN-028-EN-2bCFb-MU.png,¥0.56,$0.08,,Mournful Witness VEN-028/166 CN ¥0.56 EN $0.08
2026-09-27T19:59:28+00:00,https://bilgewatermarket.com/cards,Ol' Poro,foil,0.30,https://bilgewatermarket.com/cards/VEN-029?print_variation=foiled,foiled,https://bilgewatermarket.com/assets/VEN-029-EN-KWJAVihx.png,¥0.57,$0.30,,Ol' Poro VEN-029/166 Foiled CN ¥0.57 EN $0.30
2026-09-27T19:59:28+00:00,https://bilgewatermarket.com/cards,Ol' Poro,nonfoil,0.07,https://bilgewatermarket.com/cards/VEN-029,normal,https://bilgewatermarket.com/assets/VEN-029-EN-KWJAVihx.png,¥0.50,$0.07,,Ol' Poro VEN-029/166 CN ¥0.50 EN $0.07
2026-09-27T19:59:28+00:00,https://bilgewatermarket.com/cards,Serene Ascetic,foil,0.17,https://bilgewatermarket.com/cards/VEN-030?print_variation=foiled,foiled,https://bilgewatermarket.com/assets/VEN-030-EN-COobBbuO.png,¥0.50,$0.17,,Serene Ascetic VEN-030/166 Foiled CN ¥0.50 EN $0.17
2026-09-27T19:59:28+00:00,https://bilgewatermarket.com/cards,Serene Ascetic,nonfoil,0.04,https://bilgewatermarket.com/cards/VEN-030,normal,https://bilgewatermarket.com/assets/VEN-030-EN-COobBbuO.png,¥0.50,$0.04,,Serene Ascetic VEN-030/166 CN ¥0.50 EN $0.04
2026-09-27T19:59:28+00:00,https://bilgewatermarket.com/cards,Twilight Shroud,foil,0.30,https://bilgewatermarket.com/cards/VEN-031?print_variation=foiled,foiled,https://bilgewatermarket.com/assets/VEN-031-EN-gTBfzKTy.png,¥2.71,$0.30,,Twilight Shroud VEN-031/166 Foiled CN ¥2.71 EN $0.30
2026-09-27T19:59:28+00:00,https://bilgewatermarket.com/cards,Twilight Shroud,nonfoil,0.09,https://bilgewatermarket.com/cards/VEN-031,normal,https://bilgewatermarket.com/assets/VEN-031-EN-gTBfzKTy.png,¥1.16,$0.09,,Twilight Shroud VEN-031/166 CN ¥1.16 EN $0.09
2026-09-27T19:59:28+00:00,https://bilgewatermarket.com/cards,Frostcoat Mother,foil,0.24,https://bilgewatermarket.com/cards/VEN-032?print_variation=foiled,foiled,https://bilgewatermarket.com/assets/VEN-032-EN-tr67-nkz.png,¥1.00,$0.24,,Frostcoat Mother VEN-032/166 Foiled CN ¥1.00 EN $0.24
2026-09-27T19:59:28+00:00,https://bilgewatermarket.com/cards,Frostcoat Mother,nonfoil,0.07,https://bilgewatermarket.com/cards/VEN-032,normal,https://bilgewatermarket.com/assets/VEN-032-EN-tr67-nkz.png,¥0.62,$0.07,,Frostcoat Mother VEN-032/166 CN ¥0.62 EN $0.07
2026-09-27T19:59:28+00:00,https://bilgewatermarket.com/cards,Pakaa Protector,foil,0.26,https://bilgewatermarket.com/cards/VEN-033?print_variation=foiled,foiled,https://bilgewatermarket.com/assets/VEN-033-EN-DXvB-R4_.png,¥0.56,$0.26,,Pakaa Protector VEN-033/166 Foiled CN ¥0.56 EN $0.26
2026-09-27T19:59:28+00:00,https://bilgewatermarket.com/cards,Pakaa Protector,nonfoil,0.06,https://bilgewatermarket.com/cards/VEN-033,normal,https://bilgewatermarket.com/assets/VEN-033-EN-DXvB-R4_.png,¥0.50,$0.06,,Pakaa Protector VEN-033/166 CN ¥0.50 EN $0.06
2026-09-27T19:59:28+00:00,https://bilgewatermarket.com/cards,Resonating Strike,foil,0.26,https://bilgewatermarket.com/cards/VEN-034?print_variation=foiled,foiled,https://bilgewatermarket.com/assets/VEN-034-EN-CKOawcph.png,¥1.88,$0.26,,Resonating Strike VEN-034/166 Foiled CN ¥1.88 EN $0.26
2026-09-27T19:59:28+00:00,https://bilgewatermarket.com/cards,Resonating Strike,nonfoil,0.14,https://bilgewatermarket.com/cards/VEN-034,normal,https://bilgewatermarket.com/assets/VEN-034-EN-CKOawcph.png,¥1.20,$0.14,,Resonating Strike VEN-034/166 CN ¥1.20 EN $0.14
2026-09-27T19:59:28+00:00,https://bilgewatermarket.com/cards,Sanction,foil,0.26,https://bilgewatermarket.com/cards/VEN-035?print_variation=foiled,foiled,https://bilgewatermarket.com/assets/VEN-035-EN-DQiTZ1ig.png,¥1.43,$0.26,,Sanction VEN-035/166 Foiled CN ¥1.43 EN $0.26
2026-09-27T19:59:28+00:00,https://bilgewatermarket.com/cards,Sanction,nonfoil,0.09,https://bilgewatermarket.com/cards/VEN-035,normal,https://bilgewatermarket.com/assets/VEN-035-EN-DQiTZ1ig.png,¥0.54,$0.09,,Sanction VEN-035/166 CN ¥0.54 EN $0.09
2026-09-27T19:59:28+00:00,https://bilgewatermarket.com/cards,Sandstone Chimera,foil,0.17,https://bilgewatermarket.com/cards/VEN-036?print_variation=foiled,foiled,https://bilgewatermarket.com/assets/VEN-036-EN-DNCwMOMs.png,¥1.02,$0.17,,Sandstone Chimera VEN-036/166 Foiled CN ¥1.02 EN $0.17
2026-09-27T19:59:28+00:00,https://bilgewatermarket.com/cards,Sandstone Chimera,nonfoil,0.05,https://bilgewatermarket.com/cards/VEN-036,normal,https://bilgewatermarket.com/assets/VEN-036-EN-DNCwMOMs.png,¥0.50,$0.05,,Sandstone Chimera VEN-036/166 CN ¥0.50 EN $0.05
2026-09-27T19:59:28+00:00,https://bilgewatermarket.com/cards,Tomb-Raider Barbara,foil,0.39,https://bilgewatermarket.com/cards/VEN-037?print_variation=foiled,foiled,https://bilgewatermarket.com/assets/VEN-037-EN-Di1ikYYh.png,¥1.86,$0.39,,Tomb-Raider Barbara VEN-037/166 Foiled CN ¥1.86 EN $0.39
2026-09-27T19:59:28+00:00,https://bilgewatermarket.com/cards,Tomb-Raider Barbara,nonfoil,0.13,https://bilgewatermarket.com/cards/VEN-037,normal,https://bilgewatermarket.com/assets/VEN-037-EN-Di1ikYYh.png,¥0.90,$0.13,,Tomb-Raider Barbara VEN-037/166 CN ¥0.90 EN $0.13
2026-09-27T19:59:28+00:00,https://bilgewatermarket.com/cards,"Akali, Silent",nonfoil,0.34,https://bilgewatermarket.com/cards/VEN-038,normal,https://bilgewatermarket.com/assets/VEN-038-EN-BX81ymB0.png,¥2.28,$0.34,,"Akali, Silent VEN-038/166 CN ¥2.28 EN $0.34"
2026-09-27T19:59:28+00:00,https://bilgewatermarket.com/cards,"Akali, Silent",nonfoil,10.73,https://bilgewatermarket.com/cards/VEN-038a?print_variation=showcase,showcase,https://bilgewatermarket.com/assets/VEN-038a-EN-Db18MocF.png,¥30.95,$10.73,,"Akali, Silent VEN-038A/166 Showcase CN ¥30.95 EN $10.73"
2026-09-27T19:59:28+00:00,https://bilgewatermarket.com/cards,Crumbling Sands,nonfoil,0.26,https://bilgewatermarket.com/cards/VEN-039,normal,https://bilgewatermarket.com/assets/VEN-039-EN-BkBKpeBC.png,¥3.06,$0.26,,Crumbling Sands VEN-039/166 CN ¥3.06 EN $0.26
2026-09-27T19:59:28+00:00,https://bilgewatermarket.com/cards,Decree of Focus,nonfoil,0.43,https://bilgewatermarket.com/cards/VEN-040,normal,https://bilgewatermarket.com/assets/VEN-040-EN-BBaQ8vdf.png,¥3.49,$0.43,,Decree of Focus VEN-040/166 CN ¥3.49 EN $0.43
2026-09-27T19:59:28+00:00,https://bilgewatermarket.com/cards,"Riven, Shattered",nonfoil,0.23,https://bilgewatermarket.com/cards/VEN-041,normal,https://bilgewatermarket.com/assets/VEN-041-EN-Bvbbssj_.png,¥0.59,$0.23,,"Riven, Shattered VEN-041/166 CN ¥0.59 EN $0.23"
2026-09-27T19:59:28+00:00,https://bilgewatermarket.com/cards,"Shen, Scourge of Shadows",nonfoil,0.13,https://bilgewatermarket.com/cards/VEN-042,normal,https://bilgewatermarket.com/assets/VEN-042-EN-DB0f2liY.png,¥0.56,$0.13,,"Shen, Scourge of Shadows VEN-042/166 CN ¥0.56 EN $0.13"
2026-09-27T19:59:28+00:00,https://bilgewatermarket.com/cards,"Shen, Scourge of Shadows",nonfoil,0.93,https://bilgewatermarket.com/cards/VEN-042a?print_variation=showcase,showcase,https://bilgewatermarket.com/assets/VEN-042a-EN-CmIMdxRz.png,¥2.37,$0.93,,"Shen, Scourge of Shadows VEN-042A/166 Showcase CN ¥2.37 EN $0.93"
2026-09-27T19:59:28+00:00,https://bilgewatermarket.com/cards,Steel Paws,nonfoil,0.37,https://bilgewatermarket.com/cards/VEN-043,normal,https://bilgewatermarket.com/assets/VEN-043-EN-D3rM5hd3.png,¥2.13,$0.37,,Steel Paws VEN-043/166 CN ¥2.13 EN $0.37
2026-09-27T19:59:28+00:00,https://bilgewatermarket.com/cards,Astral Heron,nonfoil,37.94,https://bilgewatermarket.com/cards/VEN-044,normal,https://bilgewatermarket.com/assets/VEN-044-EN-DoJyXdAU.png,¥124.82,$37.94,,Astral Heron VEN-044/166 CN ¥124.82 EN $37.94
2026-09-27T19:59:28+00:00,https://bilgewatermarket.com/cards,Helm of Suppression,nonfoil,2.64,https://bilgewatermarket.com/cards/VEN-045,normal,https://bilgewatermarket.com/assets/VEN-045-EN-Cc1MGZba.png,¥9.32,$2.64,,Helm of Suppression VEN-045/166 CN ¥9.32 EN $2.64
2026-09-27T19:59:28+00:00,https://bilgewatermarket.com/cards,"Nasus, Ascended",nonfoil,0.57,https://bilgewatermarket.com/cards/VEN-046,normal,https://bilgewatermarket.com/assets/VEN-046-EN-Kl4d9GPB.png,¥2.92,$0.57,,"Nasus, Ascended VEN-046/166 CN ¥2.92 EN $0.57"
2026-09-27T19:59:28+00:00,https://bilgewatermarket.com/cards,"Nasus, Ascended",nonfoil,2.17,https://bilgewatermarket.com/cards/VEN-046a?print_variation=showcase,showcase,https://bilgewatermarket.com/assets/VEN-046a-EN-DNtt-B1N.png,¥12.68,$2.17,,"Nasus, Ascended VEN-046A/166 Showcase CN ¥12.68 EN $2.17"
2026-09-27T19:59:28+00:00,https://bilgewatermarket.com/cards,Apprentice Mage,foil,0.19,https://bilgewatermarket.com/cards/VEN-047?print_variation=foiled,foiled,https://bilgewatermarket.com/assets/VEN-047-EN-IKhxvAeH.png,¥0.51,$0.19,,Apprentice Mage VEN-047/166 Foiled CN ¥0.51 EN $0.19
2026-09-27T19:59:28+00:00,https://bilgewatermarket.com/cards,Apprentice Mage,nonfoil,0.03,https://bilgewatermarket.com/cards/VEN-047,normal,https://bilgewatermarket.com/assets/VEN-047-EN-IKhxvAeH.png,¥0.50,$0.03,,Apprentice Mage VEN-047/166 CN ¥0.50 EN $0.03
2026-09-27T19:59:28+00:00,https://bilgewatermarket.com/cards,Cloud Drake,foil,0.17,https://bilgewatermarket.com/cards/VEN-048?print_variation=foiled,foiled,https://bilgewatermarket.com/assets/VEN-048-EN-WGFx_9br.png,¥0.50,$0.17,,Cloud Drake VEN-048/166 Foiled CN ¥0.50 EN $0.17
2026-09-27T19:59:28+00:00,https://bilgewatermarket.com/cards,Cloud Drake,nonfoil,0.04,https://bilgewatermarket.com/cards/VEN-048,normal,https://bilgewatermarket.com/assets/VEN-048-EN-WGFx_9br.png,¥0.50,$0.04,,Cloud Drake VEN-048/166 CN ¥0.50 EN $0.04
2026-09-27T19:59:28+00:00,https://bilgewatermarket.com/cards,Dredge Up,foil,0.41,https://bilgewatermarket.com/cards/VEN-049?print_variation=foiled,foiled,https://bilgewatermarket.com/assets/VEN-049-EN-B_ePmYth.png,¥1.91,$0.41,,Dredge Up VEN-049/166 Foiled CN ¥1.91 EN $0.41
2026-09-27T19:59:28+00:00,https://bilgewatermarket.com/cards,Dredge Up,nonfoil,0.10,https://bilgewatermarket.com/cards/VEN-049,normal,https://bilgewatermarket.com/assets/VEN-049-EN-B_ePmYth.png,¥0.54,$0.10,,Dredge Up VEN-049/166 CN ¥0.54 EN $0.10
2026-09-27T19:59:28+00:00,https://bilgewatermarket.com/cards,Grumpy Rockbear,foil,0.13,https://bilgewatermarket.com/cards/VEN-050?print_variation=foiled,foiled,https://bilgewatermarket.com/assets/VEN-050-EN-DsmQ1aGy.png,¥0.64,$0.13,,Grumpy Rockbear VEN-050/166 Foiled CN ¥0.64 EN $0.13
2026-09-27T19:59:28+00:00,https://bilgewatermarket.com/cards,Grumpy Rockbear,nonfoil,0.04,https://bilgewatermarket.com/cards/VEN-050,normal,https://bilgewatermarket.com/assets/VEN-050-EN-DsmQ1aGy.png,¥0.50,$0.04,,Grumpy Rockbear VEN-050/166 CN ¥0.50 EN $0.04
2026-09-27T19:59:28+00:00,https://bilgewatermarket.com/cards,Iterative Design,foil,0.26,https://bilgewatermarket.com/cards/VEN-051?print_variation=foiled,foiled,https://bilgewatermarket.com/assets/VEN-051-EN-MrRDJaWe.png,¥1.00,$0.26,,Iterative Design VEN-051/166 Foiled CN ¥1.00 EN $0.26
2026-09-27T19:59:28+00:00,https://bilgewatermarket.com/cards,Iterative Design,nonfoil,0.07,https://bilgewatermarket.com/cards/VEN-051,normal,https://bilgewatermarket.com/assets/VEN-051-EN-MrRDJaWe.png,¥0.57,$0.07,,Iterative Design VEN-051/166 CN ¥0.57 EN $0.07
2026-09-27T19:59:28+00:00,https://bilgewatermarket.com/cards,Mesmerize,foil,0.28,https://bilgewatermarket.com/cards/VEN-052?print_variation=foiled,foiled,https://bilgewatermarket.com/assets/VEN-052-EN-DXojzohb.png,¥1.00,$0.28,,Mesmerize VEN-052/166 Foiled CN ¥1.00 EN $0.28
2026-09-27T19:59:28+00:00,https://bilgewatermarket.com/cards,Mesmerize,nonfoil,0.07,https://bilgewatermarket.com/cards/VEN-052,normal,https://bilgewatermarket.com/assets/VEN-052-EN-DXojzohb.png,¥0.50,$0.07,,Mesmerize VEN-052/166 CN ¥0.50 EN $0.07
2026-09-27T19:59:28+00:00,https://bilgewatermarket.com/cards,Otterpus,foil,0.16,https://bilgewatermarket.com/cards/VEN-053?print_variation=foiled,foiled,https://bilgewatermarket.com/assets/VEN-053-EN-wfW1Layq.png,¥0.53,$0.16,,Otterpus VEN-053/166 Foiled CN ¥0.53 EN $0.16
2026-09-27T19:59:28+00:00,https://bilgewatermarket.com/cards,Otterpus,nonfoil,0.10,https://bilgewatermarket.com/cards/VEN-053,normal,https://bilgewatermarket.com/assets/VEN-053-EN-wfW1Layq.png,¥0.50,$0.10,,Otterpus VEN-053/166 CN ¥0.50 EN $0.10
2026-09-27T19:59:28+00:00,https://bilgewatermarket.com/cards,Questionable Tome,foil,0.31,https://bilgewatermarket.com/cards/VEN-054?print_variation=foiled,foiled,https://bilgewatermarket.com/assets/VEN-054-EN-WKHM6QTR.png,¥1.00,$0.31,,Questionable Tome VEN-054/166 Foiled CN ¥1.00 EN $0.31
2026-09-27T19:59:28+00:00,https://bilgewatermarket.com/cards,Questionable Tome,nonfoil,0.05,https://bilgewatermarket.com/cards/VEN-054,normal,https://bilgewatermarket.com/assets/VEN-054-EN-WKHM6QTR.png,¥0.51,$0.05,,Questionable Tome VEN-054/166 CN ¥0.51 EN $0.05
2026-09-27T19:59:28+00:00,https://bilgewatermarket.com/cards,Applied Researchers,foil,0.72,https://bilgewatermarket.com/cards/VEN-055?print_variation=foiled,foiled,https://bilgewatermarket.com/assets/VEN-055-EN-BT5B6yNz.png,¥1.86,$0.72,,Applied Researchers VEN-055/166 Foiled CN ¥1.86 EN $0.72
2026-09-27T19:59:28+00:00,https://bilgewatermarket.com/cards,Applied Researchers,nonfoil,0.14,https://bilgewatermarket.com/cards/VEN-055,normal,https://bilgewatermarket.com/assets/VEN-055-EN-BT5B6yNz.png,¥1.37,$0.14,,Applied Researchers VEN-055/166 CN ¥1.37 EN $0.14
2026-09-27T19:59:28+00:00,https://bilgewatermarket.com/cards,Clairvoyance,foil,0.26,https://bilgewatermarket.com/cards/VEN-056?print_variation=foiled,foiled,https://bilgewatermarket.com/assets/VEN-056-EN-DZNiFWB9.png,¥2.88,$0.26,,Clairvoyance VEN-056/166 Foiled CN ¥2.88 EN $0.26
2026-09-27T19:59:28+00:00,https://bilgewatermarket.com/cards,Clairvoyance,nonfoil,0.13,https://bilgewatermarket.com/cards/VEN-056,normal,https://bilgewatermarket.com/assets/VEN-056-EN-DZNiFWB9.png,¥1.06,$0.13,,Clairvoyance VEN-056/166 CN ¥1.06 EN $0.13
2026-09-27T19:59:28+00:00,https://bilgewatermarket.com/cards,Covert Informant,foil,0.25,https://bilgewatermarket.com/cards/VEN-057?print_variation=foiled,foiled,https://bilgewatermarket.com/assets/VEN-057-EN-t70vRLK_.png,¥1.00,$0.25,,Covert Informant VEN-057/166 Foiled CN ¥1.00 EN $0.25
2026-09-27T19:59:28+00:00,https://bilgewatermarket.com/cards,Covert Informant,nonfoil,0.07,https://bilgewatermarket.com/cards/VEN-057,normal,https://bilgewatermarket.com/assets/VEN-057-EN-t70vRLK_.png,¥0.50,$0.07,,Covert Informant VEN-057/166 CN ¥0.50 EN $0.07
2026-09-27T19:59:28+00:00,https://bilgewatermarket.com/cards,Patched Porobot,foil,0.57,https://bilgewatermarket.com/cards/VEN-058?print_variation=foiled,foiled,https://bilgewatermarket.com/assets/VEN-058-EN-i_v0R9Mh.png,¥3.28,$0.57,,Patched Porobot VEN-058/166 Foiled CN ¥3.28 EN $0.57
2026-09-27T19:59:28+00:00,https://bilgewatermarket.com/cards,Patched Porobot,nonfoil,0.20,https://bilgewatermarket.com/cards/VEN-058,normal,https://bilgewatermarket.com/assets/VEN-058-EN-i_v0R9Mh.png,¥1.78,$0.20,,Patched Porobot VEN-058/166 CN ¥1.78 EN $0.20
2026-09-27T19:59:28+00:00,https://bilgewatermarket.com/cards,Shock Blast,foil,0.43,https://bilgewatermarket.com/cards/VEN-059?print_variation=foiled,foiled,https://bilgewatermarket.com/assets/VEN-059-EN-wy9ej77B.png,¥3.41,$0.43,,Shock Blast VEN-059/166 Foiled CN ¥3.41 EN $0.43
2026-09-27T19:59:28+00:00,https://bilgewatermarket.com/cards,Shock Blast,nonfoil,0.11,https://bilgewatermarket.com/cards/VEN-059,normal,https://bilgewatermarket.com/assets/VEN-059-EN-wy9ej77B.png,¥1.10,$0.11,,Shock Blast VEN-059/166 CN ¥1.10 EN $0.11
2026-09-27T19:59:28+00:00,https://bilgewatermarket.com/cards,Sky Cruiser,foil,0.13,https://bilgewatermarket.com/cards/VEN-060?print_variation=foiled,foiled,https://bilgewatermarket.com/assets/VEN-060-EN-CmvVMeEj.png,¥0.50,$0.13,,Sky Cruiser VEN-060/166 Foiled CN ¥0.50 EN $0.13
2026-09-27T19:59:28+00:00,https://bilgewatermarket.com/cards,Sky Cruiser,nonfoil,0.06,https://bilgewatermarket.com/cards/VEN-060,normal,https://bilgewatermarket.com/assets/VEN-060-EN-CmvVMeEj.png,¥0.50,$0.06,,Sky Cruiser VEN-060/166 CN ¥0.50 EN $0.06
2026-09-27T19:59:28+00:00,https://bilgewatermarket.com/cards,Decree of Insight,nonfoil,0.40,https://bilgewatermarket.com/cards/VEN-061,normal,https://bilgewatermarket.com/assets/VEN-061-EN-Do6MPRUG.png,¥3.59,$0.40,,Decree of Insight VEN-061/166 CN ¥3.59 EN $0.40
2026-09-27T19:59:28+00:00,https://bilgewatermarket.com/cards,Hextech Formula,nonfoil,0.17,https://bilgewatermarket.com/cards/VEN-062,normal,https://bilgewatermarket.com/assets/VEN-062-EN-BnHJRos-.png,¥0.91,$0.17,,Hextech Formula VEN-062/166 CN ¥0.91 EN $0.17
2026-09-27T19:59:28+00:00,https://bilgewatermarket.com/cards,"Nasus, Guardian of Knowledge",nonfoil,0.12,https://bilgewatermarket.com/cards/VEN-063,normal,https://bilgewatermarket.com/assets/VEN-063-EN-DqS1r1N9.png,¥0.58,$0.12,,"Nasus, Guardian of Knowledge VEN-063/166 CN ¥0.58 EN $0.12"
2026-09-27T19:59:28+00:00,https://bilgewatermarket.com/cards,"Nasus, Guardian of Knowledge",nonfoil,1.09,https://bilgewatermarket.com/cards/VEN-063a?print_variation=showcase,showcase,https://bilgewatermarket.com/assets/VEN-063a-EN-pRvjhPfW.png,¥2.43,$1.09,,"Nasus, Guardian of Knowledge VEN-063A/166 Showcase CN ¥2.43 EN $1.09"
2026-09-27T19:59:28+00:00,https://bilgewatermarket.com/cards,Plaza Guardian,nonfoil,0.21,https://bilgewatermarket.com/cards/VEN-064,normal,https://bilgewatermarket.com/assets/VEN-064-EN-DvBVQ6iF.png,¥0.56,$0.21,,Plaza Guardian VEN-064/166 CN ¥0.56 EN $0.21
2026-09-27T19:59:28+00:00,https://bilgewatermarket.com/cards,"Swain, Visionary",nonfoil,0.22,https://bilgewatermarket.com/cards/VEN-065,normal,https://bilgewatermarket.com/assets/VEN-065-EN-DvT4ExBY.png,¥2.00,$0.22,,"Swain, Visionary VEN-065/166 CN ¥2.00 EN $0.22"
2026-09-27T19:59:28+00:00,https://bilgewatermarket.com/cards,Temporal Breach,nonfoil,0.59,https://bilgewatermarket.com/cards/VEN-066,normal,https://bilgewatermarket.com/assets/VEN-066-EN-beejkN42.png,¥9.30,$0.59,,Temporal Breach VEN-066/166 CN ¥9.30 EN $0.59
2026-09-27T19:59:28+00:00,https://bilgewatermarket.com/cards,Bottled Constellation,nonfoil,0.74,https://bilgewatermarket.com/cards/VEN-067,normal,https://bilgewatermarket.com/assets/VEN-067-EN-DNHLa_rY.png,¥2.25,$0.74,,Bottled Constellation VEN-067/166 CN ¥2.25 EN $0.74
2026-09-27T19:59:28+00:00,https://bilgewatermarket.com/cards,"Jayce, Brilliant Inventor",nonfoil,0.46,https://bilgewatermarket.com/cards/VEN-068,normal,https://bilgewatermarket.com/assets/VEN-068-EN-Dtumw_Zz.png,¥2.44,$0.46,,"Jayce, Brilliant Inventor VEN-068/166 CN ¥2.44 EN $0.46"
2026-09-27T19:59:28+00:00,https://bilgewatermarket.com/cards,"Jayce, Brilliant Inventor",nonfoil,1.82,https://bilgewatermarket.com/cards/VEN-068a?print_variation=showcase,showcase,https://bilgewatermarket.com/assets/VEN-068a-EN-BXlDNQr4.png,¥6.69,$1.82,,"Jayce, Brilliant Inventor VEN-068A/166 Showcase CN ¥6.69 EN $1.82"
2026-09-27T19:59:28+00:00,https://bilgewatermarket.com/cards,"Mel, Newly Awakened",nonfoil,0.92,https://bilgewatermarket.com/cards/VEN-069,normal,https://bilgewatermarket.com/assets/VEN-069-EN-COmTRmaG.png,¥4.54,$0.92,,"Mel, Newly Awakened VEN-069/166 CN ¥4.54 EN $0.92"
2026-09-27T19:59:28+00:00,https://bilgewatermarket.com/cards,"Mel, Newly Awakened",nonfoil,3.00,https://bilgewatermarket.com/cards/VEN-069a?print_variation=showcase,showcase,https://bilgewatermarket.com/assets/VEN-069a-EN-BgBHxMWH.png,¥10.52,$3.00,,"Mel, Newly Awakened VEN-069A/166 Showcase CN ¥10.52 EN $3.00"
2026-09-27T19:59:28+00:00,https://bilgewatermarket.com/cards,Brutal Hunter,foil,0.15,https://bilgewatermarket.com/cards/VEN-070?print_variation=foiled,foiled,https://bilgewatermarket.com/assets/VEN-070-EN-BBw0JrIr.png,¥0.51,$0.15,,Brutal Hunter VEN-070/166 Foiled CN ¥0.51 EN $0.15
2026-09-27T19:59:28+00:00,https://bilgewatermarket.com/cards,Brutal Hunter,nonfoil,0.04,https://bilgewatermarket.com/cards/VEN-070,normal,https://bilgewatermarket.com/assets/VEN-070-EN-BBw0JrIr.png,¥0.50,$0.04,,Brutal Hunter VEN-070/166 CN ¥0.50 EN $0.04
2026-09-27T19:59:28+00:00,https://bilgewatermarket.com/cards,Fretful Feline,foil,0.14,https://bilgewatermarket.com/cards/VEN-071?print_variation=foiled,foiled,https://bilgewatermarket.com/assets/VEN-071-EN-Do7lfOl3.png,¥0.50,$0.14,,Fretful Feline VEN-071/166 Foiled CN ¥0.50 EN $0.14
2026-09-27T19:59:28+00:00,https://bilgewatermarket.com/cards,Fretful Feline,nonfoil,0.03,https://bilgewatermarket.com/cards/VEN-071,normal,https://bilgewatermarket.com/assets/VEN-071-EN-Do7lfOl3.png,¥0.50,$0.03,,Fretful Feline VEN-071/166 CN ¥0.50 EN $0.03
2026-09-27T19:59:28+00:00,https://bilgewatermarket.com/cards,Guttural Roar,foil,0.24,https://bilgewatermarket.com/cards/VEN-072?print_variation=foiled,foiled,https://bilgewatermarket.com/assets/VEN-072-EN-BmIr8-tQ.png,¥1.05,$0.24,,Guttural Roar VEN-072/166 Foiled CN ¥1.05 EN $0.24
2026-09-27T19:59:28+00:00,https://bilgewatermarket.com/cards,Guttural Roar,nonfoil,0.05,https://bilgewatermarket.com/cards/VEN-072,normal,https://bilgewatermarket.com/assets/VEN-072-EN-BmIr8-tQ.png,¥0.52,$0.05,,Guttural Roar VEN-072/166 CN ¥0.52 EN $0.05
2026-09-27T19:59:28+00:00,https://bilgewatermarket.com/cards,Jagged Cutlass,foil,0.18,https://bilgewatermarket.com/cards/VEN-073?print_variation=foiled,foiled,https://bilgewatermarket.com/assets/VEN-073-EN-i0eR0RLy.png,¥0.61,$0.18,,Jagged Cutlass VEN-073/166 Foiled CN ¥0.61 EN $0.18
2026-09-27T19:59:28+00:00,https://bilgewatermarket.com/cards,Jagged Cutlass,nonfoil,0.06,https://bilgewatermarket.com/cards/VEN-073,normal,https://bilgewatermarket.com/assets/VEN-073-EN-i0eR0RLy.png,¥0.50,$0.06,,Jagged Cutlass VEN-073/166 CN ¥0.50 EN $0.06
2026-09-27T19:59:28+00:00,https://bilgewatermarket.com/cards,Legion Marauder,foil,0.22,https://bilgewatermarket.com/cards/VEN-074?print_variation=foiled,foiled,https://bilgewatermarket.com/assets/VEN-074-EN-Ccc3s0Aw.png,¥1.86,$0.22,,Legion Marauder VEN-074/166 Foiled CN ¥1.86 EN $0.22
2026-09-27T19:59:28+00:00,https://bilgewatermarket.com/cards,Legion Marauder,nonfoil,0.06,https://bilgewatermarket.com/cards/VEN-074,normal,https://bilgewatermarket.com/assets/VEN-074-EN-Ccc3s0Aw.png,¥0.52,$0.06,,Legion Marauder VEN-074/166 CN ¥0.52 EN $0.06
2026-09-27T19:59:28+00:00,https://bilgewatermarket.com/cards,Platewyrm Egg,foil,0.23,https://bilgewatermarket.com/cards/VEN-075?print_variation=foiled,foiled,https://bilgewatermarket.com/assets/VEN-075-EN-n7AqzMTZ.png,¥2.91,$0.23,,Platewyrm Egg VEN-075/166 Foiled CN ¥2.91 EN $0.23
2026-09-27T19:59:28+00:00,https://bilgewatermarket.com/cards,Platewyrm Egg,nonfoil,0.08,https://bilgewatermarket.com/cards/VEN-075,normal,https://bilgewatermarket.com/assets/VEN-075-EN-n7AqzMTZ.png,¥0.52,$0.08,,Platewyrm Egg VEN-075/166 CN ¥0.52 EN $0.08
2026-09-27T19:59:28+00:00,https://bilgewatermarket.com/cards,Repair Specialist,foil,0.27,https://bilgewatermarket.com/cards/VEN-076?print_variation=foiled,foiled,https://bilgewatermarket.com/assets/VEN-076-EN-C3K8gFpm.png,¥0.85,$0.27,,Repair Specialist VEN-076/166 Foiled CN ¥0.85 EN $0.27
2026-09-27T19:59:28+00:00,https://bilgewatermarket.com/cards,Repair Specialist,nonfoil,0.10,https://bilgewatermarket.com/cards/VEN-076,normal,https://bilgewatermarket.com/assets/VEN-076-EN-C3K8gFpm.png,¥0.50,$0.10,,Repair Specialist VEN-076/166 CN ¥0.50 EN $0.10
2026-09-27T19:59:28+00:00,https://bilgewatermarket.com/cards,Tools of Empire,foil,0.28,https://bilgewatermarket.com/cards/VEN-077?print_variation=foiled,foiled,https://bilgewatermarket.com/assets/VEN-077-EN-CsEVKpSM.png,¥0.75,$0.28,,Tools of Empire VEN-077/166 Foiled CN ¥0.75 EN $0.28
2026-09-27T19:59:28+00:00,https://bilgewatermarket.com/cards,Tools of Empire,nonfoil,0.05,https://bilgewatermarket.com/cards/VEN-077,normal,https://bilgewatermarket.com/assets/VEN-077-EN-CsEVKpSM.png,¥0.51,$0.05,,Tools of Empire VEN-077/166 CN ¥0.51 EN $0.05
2026-09-27T19:59:28+00:00,https://bilgewatermarket.com/cards,Baccai Witherclaw,foil,0.32,https://bilgewatermarket.com/cards/VEN-078?print_variation=foiled,foiled,https://bilgewatermarket.com/assets/VEN-078-EN-hWHuk34D.png,¥0.83,$0.32,,Baccai Witherclaw VEN-078/166 Foiled CN ¥0.83 EN $0.32
2026-09-27T19:59:28+00:00,https://bilgewatermarket.com/cards,Baccai Witherclaw,nonfoil,0.05,https://bilgewatermarket.com/cards/VEN-078,normal,https://bilgewatermarket.com/assets/VEN-078-EN-hWHuk34D.png,¥0.52,$0.05,,Baccai Witherclaw VEN-078/166 CN ¥0.52 EN $0.05
2026-09-27T19:59:28+00:00,https://bilgewatermarket.com/cards,Dame the Despoiler,foil,0.21,https://bilgewatermarket.com/cards/VEN-079?print_variation=foiled,foiled,https://bilgewatermarket.com/assets/VEN-079-EN-Dgt9D4yo.png,¥0.51,$0.21,,Dame the Despoiler VEN-079/166 Foiled CN ¥0.51 EN $0.21
2026-09-27T19:59:28+00:00,https://bilgewatermarket.com/cards,Dame the Despoiler,nonfoil,0.06,https://bilgewatermarket.com/cards/VEN-079,normal,https://bilgewatermarket.com/assets/VEN-079-EN-Dgt9D4yo.png,¥0.50,$0.06,,Dame the Despoiler VEN-079/166 CN ¥0.50 EN $0.06
2026-09-27T19:59:28+00:00,https://bilgewatermarket.com/cards,Noxian Demolitionist,foil,0.20,https://bilgewatermarket.com/cards/VEN-080?print_variation=foiled,foiled,https://bilgewatermarket.com/assets/VEN-080-EN--Wu8GZn8.png,¥0.97,$0.20,,Noxian Demolitionist VEN-080/166 Foiled CN ¥0.97 EN $0.20
2026-09-27T19:59:28+00:00,https://bilgewatermarket.com/cards,Noxian Demolitionist,nonfoil,0.06,https://bilgewatermarket.com/cards/VEN-080,normal,https://bilgewatermarket.com/assets/VEN-080-EN--Wu8GZn8.png,¥0.75,$0.06,,Noxian Demolitionist VEN-080/166 CN ¥0.75 EN $0.06
2026-09-27T19:59:28+00:00,https://bilgewatermarket.com/cards,Onslaught,foil,0.32,https://bilgewatermarket.com/cards/VEN-081?print_variation=foiled,foiled,https://bilgewatermarket.com/assets/VEN-081-EN-DGC01Mt6.png,¥1.98,$0.32,,Onslaught VEN-081/166 Foiled CN ¥1.98 EN $0.32
2026-09-27T19:59:28+00:00,https://bilgewatermarket.com/cards,Onslaught,nonfoil,0.14,https://bilgewatermarket.com/cards/VEN-081,normal,https://bilgewatermarket.com/assets/VEN-081-EN-DGC01Mt6.png,¥1.04,$0.14,,Onslaught VEN-081/166 CN ¥1.04 EN $0.14
2026-09-27T19:59:28+00:00,https://bilgewatermarket.com/cards,Profiteer,foil,0.29,https://bilgewatermarket.com/cards/VEN-082?print_variation=foiled,foiled,https://bilgewatermarket.com/assets/VEN-082-EN-6kic8myQ.png,¥1.86,$0.29,,Profiteer VEN-082/166 Foiled CN ¥1.86 EN $0.29
2026-09-27T19:59:28+00:00,https://bilgewatermarket.com/cards,Profiteer,nonfoil,0.12,https://bilgewatermarket.com/cards/VEN-082,normal,https://bilgewatermarket.com/assets/VEN-082-EN-6kic8myQ.png,¥1.22,$0.12,,Profiteer VEN-082/166 CN ¥1.22 EN $0.12
2026-09-27T19:59:28+00:00,https://bilgewatermarket.com/cards,Rampage,foil,1.03,https://bilgewatermarket.com/cards/VEN-083?print_variation=foiled,foiled,https://bilgewatermarket.com/assets/VEN-083-EN-BIEybsQE.png,¥6.85,$1.03,,Rampage VEN-083/166 Foiled CN ¥6.85 EN $1.03
2026-09-27T19:59:28+00:00,https://bilgewatermarket.com/cards,Rampage,nonfoil,0.26,https://bilgewatermarket.com/cards/VEN-083,normal,https://bilgewatermarket.com/assets/VEN-083-EN-BIEybsQE.png,¥1.42,$0.26,,Rampage VEN-083/166 CN ¥1.42 EN $0.26
2026-09-27T19:59:28+00:00,https://bilgewatermarket.com/cards,"Ambessa, The Wolf",nonfoil,0.19,https://bilgewatermarket.com/cards/VEN-084,normal,https://bilgewatermarket.com/assets/VEN-084-EN-Det7UPYF.png,¥1.92,$0.19,,"Ambessa, The Wolf VEN-084/166 CN ¥1.92 EN $0.19"
2026-09-27T19:59:28+00:00,https://bilgewatermarket.com/cards,"Ambessa, The Wolf",nonfoil,1.72,https://bilgewatermarket.com/cards/VEN-084a?print_variation=showcase,showcase,https://bilgewatermarket.com/assets/VEN-084a-EN-Bne2UZi0.png,¥8.85,$1.72,,"Ambessa, The Wolf VEN-084A/166 Showcase CN ¥8.85 EN $1.72"
2026-09-27T19:59:28+00:00,https://bilgewatermarket.com/cards,Decree of Strength,nonfoil,0.37,https://bilgewatermarket.com/cards/VEN-085,normal,https://bilgewatermarket.com/assets/VEN-085-EN-DGsRPBZ7.png,¥3.35,$0.37,,Decree of Strength VEN-085/166 CN ¥3.35 EN $0.37
2026-09-27T19:59:28+00:00,https://bilgewatermarket.com/cards,"Gangplank, Naval",nonfoil,0.26,https://bilgewatermarket.com/cards/VEN-086,normal,https://bilgewatermarket.com/assets/VEN-086-EN-CvTg0bFJ.png,¥1.69,$0.26,,"Gangplank, Naval VEN-086/166 CN ¥1.69 EN $0.26"
2026-09-27T19:59:28+00:00,https://bilgewatermarket.com/cards,Hextech Disc,nonfoil,0.17,https://bilgewatermarket.com/cards/VEN-087,normal,https://bilgewatermarket.com/assets/VEN-087-EN-CrcAMXPZ.png,¥0.93,$0.17,,Hextech Disc VEN-087/166 CN ¥0.93 EN $0.17
2026-09-27T19:59:28+00:00,https://bilgewatermarket.com/cards,"Jayce, Hammer in Hand",nonfoil,0.16,https://bilgewatermarket.com/cards/VEN-088,normal,https://bilgewatermarket.com/assets/VEN-088-EN-pWbYFoGK.png,¥1.35,$0.16,,"Jayce, Hammer in Hand VEN-088/166 CN ¥1.35 EN $0.16"
2026-09-27T19:59:28+00:00,https://bilgewatermarket.com/cards,"Jayce, Hammer in Hand",nonfoil,1.08,https://bilgewatermarket.com/cards/VEN-088a?print_variation=showcase,showcase,https://bilgewatermarket.com/assets/VEN-088a-EN-D-tcu65A.png,¥4.06,$1.08,,"Jayce, Hammer in Hand VEN-088A/166 Showcase CN ¥4.06 EN $1.08"
2026-09-27T19:59:28+00:00,https://bilgewatermarket.com/cards,Wild Claw,nonfoil,0.13,https://bilgewatermarket.com/cards/VEN-089,normal,https://bilgewatermarket.com/assets/VEN-089-EN-DjuOh8bv.png,¥0.77,$0.13,,Wild Claw VEN-089/166 CN ¥0.77 EN $0.13
2026-09-27T19:59:28+00:00,https://bilgewatermarket.com/cards,Cataclysmic Duel,nonfoil,0.41,https://bilgewatermarket.com/cards/VEN-090,normal,https://bilgewatermarket.com/assets/VEN-090-EN-DcLtUoYu.png,¥2.65,$0.41,,Cataclysmic Duel VEN-090/166 CN ¥2.65 EN $0.41
2026-09-27T19:59:28+00:00,https://bilgewatermarket.com/cards,Corrupted Dragon,nonfoil,0.81,https://bilgewatermarket.com/cards/VEN-091,normal,https://bilgewatermarket.com/assets/VEN-091-EN-_RU-3yoI.png,¥3.57,$0.81,,Corrupted Dragon VEN-091/166 CN ¥3.57 EN $0.81
2026-09-27T19:59:28+00:00,https://bilgewatermarket.com/cards,"Renekton, Brute",nonfoil,0.29,https://bilgewatermarket.com/cards/VEN-092,normal,https://bilgewatermarket.com/assets/VEN-092-EN-DkMPRHL8.png,¥1.37,$0.29,,"Renekton, Brute VEN-092/166 CN ¥1.37 EN $0.29"
2026-09-27T19:59:28+00:00,https://bilgewatermarket.com/cards,"Renekton, Brute",nonfoil,1.71,https://bilgewatermarket.com/cards/VEN-092a?print_variation=showcase,showcase,https://bilgewatermarket.com/assets/VEN-092a-EN--0lOGwVx.png,¥3.54,$1.71,,"Renekton, Brute VEN-092A/166 Showcase CN ¥3.54 EN $1.71"
2026-09-27T19:59:28+00:00,https://bilgewatermarket.com/cards,Kinkou Lifeblade,foil,0.14,https://bilgewatermarket.com/cards/VEN-093?print_variation=foiled,foiled,https://bilgewatermarket.com/assets/VEN-093-EN-CCh8yFUu.png,¥0.51,$0.14,,Kinkou Lifeblade VEN-093/166 Foiled CN ¥0.51 EN $0.14
2026-09-27T19:59:28+00:00,https://bilgewatermarket.com/cards,Kinkou Lifeblade,nonfoil,0.05,https://bilgewatermarket.com/cards/VEN-093,normal,https://bilgewatermarket.com/assets/VEN-093-EN-CCh8yFUu.png,¥0.50,$0.05,,Kinkou Lifeblade VEN-093/166 CN ¥0.50 EN $0.05
2026-09-27T19:59:28+00:00,https://bilgewatermarket.com/cards,Mask Mother,foil,0.21,https://bilgewatermarket.com/cards/VEN-094?print_variation=foiled,foiled,https://bilgewatermarket.com/assets/VEN-094-EN-zhkibLfS.png,¥1.05,$0.21,,Mask Mother VEN-094/166 Foiled CN ¥1.05 EN $0.21
2026-09-27T19:59:28+00:00,https://bilgewatermarket.com/cards,Mask Mother,nonfoil,0.09,https://bilgewatermarket.com/cards/VEN-094,normal,https://bilgewatermarket.com/assets/VEN-094-EN-zhkibLfS.png,¥0.50,$0.09,,Mask Mother VEN-094/166 CN ¥0.50 EN $0.09
2026-09-27T19:59:28+00:00,https://bilgewatermarket.com/cards,Shadow Order Disciple,foil,0.36,https://bilgewatermarket.com/cards/VEN-095?print_variation=foiled,foiled,https://bilgewatermarket.com/assets/VEN-095-EN-Djs_M261.png,¥2.12,$0.36,,Shadow Order Disciple VEN-095/166 Foiled CN ¥2.12 EN $0.36
2026-09-27T19:59:28+00:00,https://bilgewatermarket.com/cards,Shadow Order Disciple,nonfoil,0.08,https://bilgewatermarket.com/cards/VEN-095,normal,https://bilgewatermarket.com/assets/VEN-095-EN-Djs_M261.png,¥0.58,$0.08,,Shadow Order Disciple VEN-095/166 CN ¥0.58 EN $0.08
2026-09-27T19:59:28+00:00,https://bilgewatermarket.com/cards,Shadowblade Lurker,foil,0.23,https://bilgewatermarket.com/cards/VEN-096?print_variation=foiled,foiled,https://bilgewatermarket.com/assets/VEN-096-EN-LleB4Kxh.png,¥2.55,$0.23,,Shadowblade Lurker VEN-096/166 Foiled CN ¥2.55 EN $0.23
2026-09-27T19:59:28+00:00,https://bilgewatermarket.com/cards,Shadowblade Lurker,nonfoil,0.05,https://bilgewatermarket.com/cards/VEN-096,normal,https://bilgewatermarket.com/assets/VEN-096-EN-LleB4Kxh.png,¥0.52,$0.05,,Shadowblade Lurker VEN-096/166 CN ¥0.52 EN $0.05
2026-09-27T19:59:28+00:00,https://bilgewatermarket.com/cards,Spiderling,foil,0.54,https://bilgewatermarket.com/cards/VEN-097?print_variation=foiled,foiled,https://bilgewatermarket.com/assets/VEN-097-EN-05nsFlAy.png,¥1.09,$0.54,,Spiderling VEN-097/166 Foiled CN ¥1.09 EN $0.54
2026-09-27T19:59:28+00:00,https://bilgewatermarket.com/cards,Spiderling,nonfoil,0.26,https://bilgewatermarket.com/cards/VEN-097,normal,https://bilgewatermarket.com/assets/VEN-097-EN-05nsFlAy.png,¥0.58,$0.26,,Spiderling VEN-097/166 CN ¥0.58 EN $0.26
2026-09-27T19:59:28+00:00,https://bilgewatermarket.com/cards,Stargazer,foil,0.15,https://bilgewatermarket.com/cards/VEN-098?print_variation=foiled,foiled,https://bilgewatermarket.com/assets/VEN-098-EN-7CMTOXwI.png,¥0.51,$0.15,,Stargazer VEN-098/166 Foiled CN ¥0.51 EN $0.15
2026-09-27T19:59:28+00:00,https://bilgewatermarket.com/cards,Stargazer,nonfoil,0.05,https://bilgewatermarket.com/cards/VEN-098,normal,https://bilgewatermarket.com/assets/VEN-098-EN-7CMTOXwI.png,¥0.50,$0.05,,Stargazer VEN-098/166 CN ¥0.50 EN $0.05
2026-09-27T19:59:28+00:00,https://bilgewatermarket.com/cards,Tornado Warrior,foil,0.29,https://bilgewatermarket.com/cards/VEN-099?print_variation=foiled,foiled,https://bilgewatermarket.com/assets/VEN-099-EN-B9G9hLDc.png,¥2.36,$0.29,,Tornado Warrior VEN-099/166 Foiled CN ¥2.36 EN $0.29
2026-09-27T19:59:28+00:00,https://bilgewatermarket.com/cards,Tornado Warrior,nonfoil,0.14,https://bilgewatermarket.com/cards/VEN-099,normal,https://bilgewatermarket.com/assets/VEN-099-EN-B9G9hLDc.png,¥0.61,$0.14,,Tornado Warrior VEN-099/166 CN ¥0.61 EN $0.14
2026-09-27T19:59:28+00:00,https://bilgewatermarket.com/cards,Up from the Deep,foil,0.61,https://bilgewatermarket.com/cards/VEN-100?print_variation=foiled,foiled,https://bilgewatermarket.com/assets/VEN-100-EN-CDeicDP5.png,¥1.79,$0.61,,Up from the Deep VEN-100/166 Foiled CN ¥1.79 EN $0.61
2026-09-27T19:59:28+00:00,https://bilgewatermarket.com/cards,Up from the Deep,nonfoil,0.11,https://bilgewatermarket.com/cards/VEN-100,normal,https://bilgewatermarket.com/assets/VEN-100-EN-CDeicDP5.png,¥0.54,$0.11,,Up from the Deep VEN-100/166 CN ¥0.54 EN $0.11
2026-09-27T19:59:28+00:00,https://bilgewatermarket.com/cards,Gust Monk,foil,0.32,https://bilgewatermarket.com/cards/VEN-101?print_variation=foiled,foiled,https://bilgewatermarket.com/assets/VEN-101-EN-Cfs11m7w.png,¥3.40,$0.32,,Gust Monk VEN-101/166 Foiled CN ¥3.40 EN $0.32
2026-09-27T19:59:28+00:00,https://bilgewatermarket.com/cards,Gust Monk,nonfoil,0.12,https://bilgewatermarket.com/cards/VEN-101,normal,https://bilgewatermarket.com/assets/VEN-101-EN-Cfs11m7w.png,¥1.19,$0.12,,Gust Monk VEN-101/166 CN ¥1.19 EN $0.12
2026-09-27T19:59:28+00:00,https://bilgewatermarket.com/cards,Ravenbloom Prefect,foil,1.25,https://bilgewatermarket.com/cards/VEN-102?print_variation=foiled,foiled,https://bilgewatermarket.com/assets/VEN-102-EN-E3NZ3v4J.png,¥10.22,$1.25,,Ravenbloom Prefect VEN-102/166 Foiled CN ¥10.22 EN $1.25
2026-09-27T19:59:28+00:00,https://bilgewatermarket.com/cards,Ravenbloom Prefect,nonfoil,0.21,https://bilgewatermarket.com/cards/VEN-102,normal,https://bilgewatermarket.com/assets/VEN-102-EN-E3NZ3v4J.png,¥1.82,$0.21,,Ravenbloom Prefect VEN-102/166 CN ¥1.82 EN $0.21
2026-09-27T19:59:28+00:00,https://bilgewatermarket.com/cards,Shadows of the Past,foil,0.33,https://bilgewatermarket.com/cards/VEN-103?print_variation=foiled,foiled,https://bilgewatermarket.com/assets/VEN-103-EN-CnLVojsO.png,¥4.05,$0.33,,Shadows of the Past VEN-103/166 Foiled CN ¥4.05 EN $0.33
2026-09-27T19:59:28+00:00,https://bilgewatermarket.com/cards,Shadows of the Past,nonfoil,0.10,https://bilgewatermarket.com/cards/VEN-103,normal,https://bilgewatermarket.com/assets/VEN-103-EN-CnLVojsO.png,¥1.19,$0.10,,Shadows of the Past VEN-103/166 CN ¥1.19 EN $0.10
2026-09-27T19:59:28+00:00,https://bilgewatermarket.com/cards,Tail-Cloaked Matriarch,foil,0.50,https://bilgewatermarket.com/cards/VEN-104?print_variation=foiled,foiled,https://bilgewatermarket.com/assets/VEN-104-EN-g6J6Ukj4.png,¥3.71,$0.50,,Tail-Cloaked Matriarch VEN-104/166 Foiled CN ¥3.71 EN $0.50
2026-09-27T19:59:28+00:00,https://bilgewatermarket.com/cards,Tail-Cloaked Matriarch,nonfoil,0.17,https://bilgewatermarket.com/cards/VEN-104,normal,https://bilgewatermarket.com/assets/VEN-104-EN-g6J6Ukj4.png,¥2.14,$0.17,,Tail-Cloaked Matriarch VEN-104/166 CN ¥2.14 EN $0.17
2026-09-27T19:59:28+00:00,https://bilgewatermarket.com/cards,Twilight Step,foil,0.33,https://bilgewatermarket.com/cards/VEN-105?print_variation=foiled,foiled,https://bilgewatermarket.com/assets/VEN-105-EN-sXCnXaRy.png,¥1.02,$0.33,,Twilight Step VEN-105/166 Foiled CN ¥1.02 EN $0.33
2026-09-27T19:59:28+00:00,https://bilgewatermarket.com/cards,Twilight Step,nonfoil,0.07,https://bilgewatermarket.com/cards/VEN-105,normal,https://bilgewatermarket.com/assets/VEN-105-EN-sXCnXaRy.png,¥0.51,$0.07,,Twilight Step VEN-105/166 CN ¥0.51 EN $0.07
2026-09-27T19:59:28+00:00,https://bilgewatermarket.com/cards,Wind and Ghosts,foil,0.57,https://bilgewatermarket.com/cards/VEN-106?print_variation=foiled,foiled,https://bilgewatermarket.com/assets/VEN-106-EN-DMu1DLbf.png,¥3.17,$0.57,,Wind and Ghosts VEN-106/166 Foiled CN ¥3.17 EN $0.57
2026-09-27T19:59:28+00:00,https://bilgewatermarket.com/cards,Wind and Ghosts,nonfoil,0.15,https://bilgewatermarket.com/cards/VEN-106,normal,https://bilgewatermarket.com/assets/VEN-106-EN-DMu1DLbf.png,¥1.93,$0.15,,Wind and Ghosts VEN-106/166 CN ¥1.93 EN $0.15
2026-09-27T19:59:28+00:00,https://bilgewatermarket.com/cards,Decree of Discord,nonfoil,0.23,https://bilgewatermarket.com/cards/VEN-107,normal,https://bilgewatermarket.com/assets/VEN-107-EN-D-gVhqXY.png,¥1.68,$0.23,,Decree of Discord VEN-107/166 CN ¥1.68 EN $0.23
2026-09-27T19:59:28+00:00,https://bilgewatermarket.com/cards,Forgotten Relic,nonfoil,0.15,https://bilgewatermarket.com/cards/VEN-108,normal,https://bilgewatermarket.com/assets/VEN-108-EN-CFAyxxig.png,¥0.52,$0.15,,Forgotten Relic VEN-108/166 CN ¥0.52 EN $0.15
2026-09-27T19:59:28+00:00,https://bilgewatermarket.com/cards,"Illaoi, Prophet of the Great Kraken",nonfoil,0.47,https://bilgewatermarket.com/cards/VEN-109,normal,https://bilgewatermarket.com/assets/VEN-109-EN-hIJHzxhp.png,¥1.40,$0.47,,"Illaoi, Prophet of the Great Kraken VEN-109/166 CN ¥1.40 EN $0.47"
2026-09-27T19:59:28+00:00,https://bilgewatermarket.com/cards,"Mel, Defiant Soul",nonfoil,0.16,https://bilgewatermarket.com/cards/VEN-110,normal,https://bilgewatermarket.com/assets/VEN-110-EN-CDeRZYEh.png,¥1.53,$0.16,,"Mel, Defiant Soul VEN-110/166 CN ¥1.53 EN $0.16"
2026-09-27T19:59:28+00:00,https://bilgewatermarket.com/cards,"Mel, Defiant Soul",nonfoil,1.34,https://bilgewatermarket.com/cards/VEN-110a?print_variation=showcase,showcase,https://bilgewatermarket.com/assets/VEN-110a-EN-ChC82MvM.png,¥5.03,$1.34,,"Mel, Defiant Soul VEN-110A/166 Showcase CN ¥5.03 EN $1.34"
2026-09-27T19:59:28+00:00,https://bilgewatermarket.com/cards,Minah Swiftfoot,nonfoil,0.16,https://bilgewatermarket.com/cards/VEN-111,normal,https://bilgewatermarket.com/assets/VEN-111-EN-CCUPoBUU.png,¥0.51,$0.16,,Minah Swiftfoot VEN-111/166 CN ¥0.51 EN $0.16
2026-09-27T19:59:28+00:00,https://bilgewatermarket.com/cards,"Zed, Without a Sound",nonfoil,0.19,https://bilgewatermarket.com/cards/VEN-112,normal,https://bilgewatermarket.com/assets/VEN-112-EN-cv7eYR1P.png,¥1.07,$0.19,,"Zed, Without a Sound VEN-112/166 CN ¥1.07 EN $0.19"
2026-09-27T19:59:28+00:00,https://bilgewatermarket.com/cards,"Zed, Without a Sound",nonfoil,3.51,https://bilgewatermarket.com/cards/VEN-112a?print_variation=showcase,showcase,https://bilgewatermarket.com/assets/VEN-112a-EN-ajY8ipqJ.png,¥5.94,$3.51,,"Zed, Without a Sound VEN-112A/166 Showcase CN ¥5.94 EN $3.51"
2026-09-27T19:59:28+00:00,https://bilgewatermarket.com/cards,"Kennen, Storm of Shuriken",nonfoil,1.51,https://bilgewatermarket.com/cards/VEN-113,normal,https://bilgewatermarket.com/assets/VEN-113-EN-DC0HFiXj.png,¥11.00,$1.51,,"Kennen, Storm of Shuriken VEN-113/166 CN ¥11.00 EN $1.51"
2026-09-27T19:59:28+00:00,https://bilgewatermarket.com/cards,"Kennen, Storm of Shuriken",nonfoil,3.39,https://bilgewatermarket.com/cards/VEN-113a?print_variation=showcase,showcase,https://bilgewatermarket.com/assets/VEN-113a-EN-BIhr190O.png,¥24.42,$3.39,,"Kennen, Storm of Shuriken VEN-113A/166 Showcase CN ¥24.42 EN $3.39"
2026-09-27T19:59:28+00:00,https://bilgewatermarket.com/cards,Kharox,nonfoil,3.89,https://bilgewatermarket.com/cards/VEN-114,normal,https://bilgewatermarket.com/assets/VEN-114-EN-CQZ3mmbC.png,¥15.26,$3.89,,Kharox VEN-114/166 CN ¥15.26 EN $3.89
2026-09-27T19:59:28+00:00,https://bilgewatermarket.com/cards,Ocean Drake,nonfoil,1.05,https://bilgewatermarket.com/cards/VEN-115,normal,https://bilgewatermarket.com/assets/VEN-115-EN-D0nMt3w8.png,¥6.81,$1.05,,Ocean Drake VEN-115/166 CN ¥6.81 EN $1.05
2026-09-27T19:59:28+00:00,https://bilgewatermarket.com/cards,Dragon Form,foil,0.28,https://bilgewatermarket.com/cards/VEN-116?print_variation=foiled,foiled,https://bilgewatermarket.com/assets/VEN-116-EN-Bt8UgnTk.png,¥1.06,$0.28,,Dragon Form VEN-116/166 Foiled CN ¥1.06 EN $0.28
2026-09-27T19:59:28+00:00,https://bilgewatermarket.com/cards,Dragon Form,nonfoil,0.09,https://bilgewatermarket.com/cards/VEN-116,normal,https://bilgewatermarket.com/assets/VEN-116-EN-Bt8UgnTk.png,¥0.51,$0.09,,Dragon Form VEN-116/166 CN ¥0.51 EN $0.09
2026-09-27T19:59:28+00:00,https://bilgewatermarket.com/cards,Disciple of Shen,foil,0.21,https://bilgewatermarket.com/cards/VEN-117?print_variation=foiled,foiled,https://bilgewatermarket.com/assets/VEN-117-EN-B_yM4GJW.png,¥1.30,$0.21,,Disciple of Shen VEN-117/166 Foiled CN ¥1.30 EN $0.21
2026-09-27T19:59:28+00:00,https://bilgewatermarket.com/cards,Disciple of Shen,nonfoil,0.06,https://bilgewatermarket.com/cards/VEN-117,normal,https://bilgewatermarket.com/assets/VEN-117-EN-B_yM4GJW.png,¥0.50,$0.06,,Disciple of Shen VEN-117/166 CN ¥0.50 EN $0.06
2026-09-27T19:59:28+00:00,https://bilgewatermarket.com/cards,Horns of the Dragon,foil,0.14,https://bilgewatermarket.com/cards/VEN-118?print_variation=foiled,foiled,https://bilgewatermarket.com/assets/VEN-118-EN-4sJWjecS.png,¥0.50,$0.14,,Horns of the Dragon VEN-118/166 Foiled CN ¥0.50 EN $0.14
2026-09-27T19:59:28+00:00,https://bilgewatermarket.com/cards,Horns of the Dragon,nonfoil,0.03,https://bilgewatermarket.com/cards/VEN-118,normal,https://bilgewatermarket.com/assets/VEN-118-EN-4sJWjecS.png,¥0.50,$0.03,,Horns of the Dragon VEN-118/166 CN ¥0.50 EN $0.03
2026-09-27T19:59:28+00:00,https://bilgewatermarket.com/cards,Keeper of Law,foil,0.14,https://bilgewatermarket.com/cards/VEN-119?print_variation=foiled,foiled,https://bilgewatermarket.com/assets/VEN-119-EN-B94zn0sC.png,¥0.52,$0.14,,Keeper of Law VEN-119/166 Foiled CN ¥0.52 EN $0.14
2026-09-27T19:59:28+00:00,https://bilgewatermarket.com/cards,Keeper of Law,nonfoil,0.05,https://bilgewatermarket.com/cards/VEN-119,normal,https://bilgewatermarket.com/assets/VEN-119-EN-B94zn0sC.png,¥0.50,$0.05,,Keeper of Law VEN-119/166 CN ¥0.50 EN $0.05
2026-09-27T19:59:28+00:00,https://bilgewatermarket.com/cards,"Masa, Crashing Thunder",foil,0.16,https://bilgewatermarket.com/cards/VEN-120?print_variation=foiled,foiled,https://bilgewatermarket.com/assets/VEN-120-EN-DHcPgd86.png,¥0.51,$0.16,,"Masa, Crashing Thunder VEN-120/166 Foiled CN ¥0.51 EN $0.16"
2026-09-27T19:59:28+00:00,https://bilgewatermarket.com/cards,"Masa, Crashing Thunder",nonfoil,0.07,https://bilgewatermarket.com/cards/VEN-120,normal,https://bilgewatermarket.com/assets/VEN-120-EN-DHcPgd86.png,¥0.50,$0.07,,"Masa, Crashing Thunder VEN-120/166 CN ¥0.50 EN $0.07"
2026-09-27T19:59:28+00:00,https://bilgewatermarket.com/cards,Reluctant Leader,foil,0.13,https://bilgewatermarket.com/cards/VEN-121?print_variation=foiled,foiled,https://bilgewatermarket.com/assets/VEN-121-EN-BbtJBtUW.png,¥0.50,$0.13,,Reluctant Leader VEN-121/166 Foiled CN ¥0.50 EN $0.13
2026-09-27T19:59:28+00:00,https://bilgewatermarket.com/cards,Reluctant Leader,nonfoil,0.06,https://bilgewatermarket.com/cards/VEN-121,normal,https://bilgewatermarket.com/assets/VEN-121-EN-BbtJBtUW.png,¥0.50,$0.06,,Reluctant Leader VEN-121/166 CN ¥0.50 EN $0.06
2026-09-27T19:59:28+00:00,https://bilgewatermarket.com/cards,Solari Sunhawk,foil,0.32,https://bilgewatermarket.com/cards/VEN-122?print_variation=foiled,foiled,https://bilgewatermarket.com/assets/VEN-122-EN-0YWRcky6.png,¥0.80,$0.32,,Solari Sunhawk VEN-122/166 Foiled CN ¥0.80 EN $0.32
2026-09-27T19:59:28+00:00,https://bilgewatermarket.com/cards,Solari Sunhawk,nonfoil,0.11,https://bilgewatermarket.com/cards/VEN-122,normal,https://bilgewatermarket.com/assets/VEN-122-EN-0YWRcky6.png,¥0.52,$0.11,,Solari Sunhawk VEN-122/166 CN ¥0.52 EN $0.11
2026-09-27T19:59:28+00:00,https://bilgewatermarket.com/cards,Soulspinner,foil,0.17,https://bilgewatermarket.com/cards/VEN-123?print_variation=foiled,foiled,https://bilgewatermarket.com/assets/VEN-123-EN-DsL_H6zs.png,¥0.53,$0.17,,Soulspinner VEN-123/166 Foiled CN ¥0.53 EN $0.17
2026-09-27T19:59:28+00:00,https://bilgewatermarket.com/cards,Soulspinner,nonfoil,0.05,https://bilgewatermarket.com/cards/VEN-123,normal,https://bilgewatermarket.com/assets/VEN-123-EN-DsL_H6zs.png,¥0.50,$0.05,,Soulspinner VEN-123/166 CN ¥0.50 EN $0.05
2026-09-27T19:59:28+00:00,https://bilgewatermarket.com/cards,Escaped Grayback,foil,0.40,https://bilgewatermarket.com/cards/VEN-124?print_variation=foiled,foiled,https://bilgewatermarket.com/assets/VEN-124-EN-BgPMS7JC.png,¥0.89,$0.40,,Escaped Grayback VEN-124/166 Foiled CN ¥0.89 EN $0.40
2026-09-27T19:59:28+00:00,https://bilgewatermarket.com/cards,Escaped Grayback,nonfoil,0.14,https://bilgewatermarket.com/cards/VEN-124,normal,https://bilgewatermarket.com/assets/VEN-124-EN-BgPMS7JC.png,¥0.57,$0.14,,Escaped Grayback VEN-124/166 CN ¥0.57 EN $0.14
2026-09-27T19:59:28+00:00,https://bilgewatermarket.com/cards,Hungry Wolf,foil,0.19,https://bilgewatermarket.com/cards/VEN-125?print_variation=foiled,foiled,https://bilgewatermarket.com/assets/VEN-125-EN-ygpWWhje.png,¥1.00,$0.19,,Hungry Wolf VEN-125/166 Foiled CN ¥1.00 EN $0.19
2026-09-27T19:59:28+00:00,https://bilgewatermarket.com/cards,Hungry Wolf,nonfoil,0.05,https://bilgewatermarket.com/cards/VEN-125,normal,https://bilgewatermarket.com/assets/VEN-125-EN-ygpWWhje.png,¥0.51,$0.05,,Hungry Wolf VEN-125/166 CN ¥0.51 EN $0.05
2026-09-27T19:59:28+00:00,https://bilgewatermarket.com/cards,Ki Barrier,foil,0.40,https://bilgewatermarket.com/cards/VEN-126?print_variation=foiled,foiled,https://bilgewatermarket.com/assets/VEN-126-EN-U5km56qq.png,¥3.01,$0.40,,Ki Barrier VEN-126/166 Foiled CN ¥3.01 EN $0.40
2026-09-27T19:59:28+00:00,https://bilgewatermarket.com/cards,Ki Barrier,nonfoil,0.18,https://bilgewatermarket.com/cards/VEN-126,normal,https://bilgewatermarket.com/assets/VEN-126-EN-U5km56qq.png,¥1.03,$0.18,,Ki Barrier VEN-126/166 CN ¥1.03 EN $0.18
2026-09-27T19:59:28+00:00,https://bilgewatermarket.com/cards,Lacerate,foil,0.35,https://bilgewatermarket.com/cards/VEN-127?print_variation=foiled,foiled,https://bilgewatermarket.com/assets/VEN-127-EN-EQ1Hrn1v.png,¥4.31,$0.35,,Lacerate VEN-127/166 Foiled CN ¥4.31 EN $0.35
2026-09-27T19:59:28+00:00,https://bilgewatermarket.com/cards,Lacerate,nonfoil,0.10,https://bilgewatermarket.com/cards/VEN-127,normal,https://bilgewatermarket.com/assets/VEN-127-EN-EQ1Hrn1v.png,¥1.97,$0.10,,Lacerate VEN-127/166 CN ¥1.97 EN $0.10
2026-09-27T19:59:28+00:00,https://bilgewatermarket.com/cards,Noxian Emissary,foil,0.38,https://bilgewatermarket.com/cards/VEN-128?print_variation=foiled,foiled,https://bilgewatermarket.com/assets/VEN-128-EN-CGePnjX8.png,¥2.18,$0.38,,Noxian Emissary VEN-128/166 Foiled CN ¥2.18 EN $0.38
2026-09-27T19:59:28+00:00,https://bilgewatermarket.com/cards,Noxian Emissary,nonfoil,0.13,https://bilgewatermarket.com/cards/VEN-128,normal,https://bilgewatermarket.com/assets/VEN-128-EN-CGePnjX8.png,¥1.26,$0.13,,Noxian Emissary VEN-128/166 CN ¥1.26 EN $0.13
2026-09-27T19:59:28+00:00,https://bilgewatermarket.com/cards,Sacred Protector,foil,0.34,https://bilgewatermarket.com/cards/VEN-129?print_variation=foiled,foiled,https://bilgewatermarket.com/assets/VEN-129-EN-Dvn8dDbH.png,¥0.51,$0.34,,Sacred Protector VEN-129/166 Foiled CN ¥0.51 EN $0.34
2026-09-27T19:59:28+00:00,https://bilgewatermarket.com/cards,Sacred Protector,nonfoil,0.08,https://bilgewatermarket.com/cards/VEN-129,normal,https://bilgewatermarket.com/assets/VEN-129-EN-Dvn8dDbH.png,¥0.51,$0.08,,Sacred Protector VEN-129/166 CN ¥0.51 EN $0.08
2026-09-27T19:59:28+00:00,https://bilgewatermarket.com/cards,Aurok General,nonfoil,0.10,https://bilgewatermarket.com/cards/VEN-130,normal,https://bilgewatermarket.com/assets/VEN-130-EN-BJk1OtBj.png,¥0.51,$0.10,,Aurok General VEN-130/166 CN ¥0.51 EN $0.10
2026-09-27T19:59:28+00:00,https://bilgewatermarket.com/cards,Decree of Unity,nonfoil,0.44,https://bilgewatermarket.com/cards/VEN-131,normal,https://bilgewatermarket.com/assets/VEN-131-EN-KJm7m92q.png,¥2.33,$0.44,,Decree of Unity VEN-131/166 CN ¥2.33 EN $0.44
2026-09-27T19:59:28+00:00,https://bilgewatermarket.com/cards,Fallen Feline,nonfoil,0.25,https://bilgewatermarket.com/cards/VEN-132,normal,https://bilgewatermarket.com/assets/VEN-132-EN-NGraPDZw.png,¥2.12,$0.25,,Fallen Feline VEN-132/166 CN ¥2.12 EN $0.25
2026-09-27T19:59:28+00:00,https://bilgewatermarket.com/cards,Glowstone,nonfoil,0.15,https://bilgewatermarket.com/cards/VEN-133,normal,https://bilgewatermarket.com/assets/VEN-133-EN-DNCd1Yt6.png,¥0.90,$0.15,,Glowstone VEN-133/166 CN ¥0.90 EN $0.15
2026-09-27T19:59:28+00:00,https://bilgewatermarket.com/cards,"Kayle, Justified",nonfoil,0.29,https://bilgewatermarket.com/cards/VEN-134,normal,https://bilgewatermarket.com/assets/VEN-134-EN-2unK_ljh.png,¥2.21,$0.29,,"Kayle, Justified VEN-134/166 CN ¥2.21 EN $0.29"
2026-09-27T19:59:28+00:00,https://bilgewatermarket.com/cards,"Kennen, Keeper of Balance",nonfoil,0.25,https://bilgewatermarket.com/cards/VEN-135,normal,https://bilgewatermarket.com/assets/VEN-135-EN-CetCr0Fl.png,¥2.65,$0.25,,"Kennen, Keeper of Balance VEN-135/166 CN ¥2.65 EN $0.25"
2026-09-27T19:59:28+00:00,https://bilgewatermarket.com/cards,"Kennen, Keeper of Balance",nonfoil,4.77,https://bilgewatermarket.com/cards/VEN-135a?print_variation=showcase,showcase,https://bilgewatermarket.com/assets/VEN-135a-EN-D0fbx7ia.png,¥9.59,$4.77,,"Kennen, Keeper of Balance VEN-135A/166 Showcase CN ¥9.59 EN $4.77"
2026-09-27T19:59:28+00:00,https://bilgewatermarket.com/cards,"Ambessa, Respected and Feared",nonfoil,0.47,https://bilgewatermarket.com/cards/VEN-136,normal,https://bilgewatermarket.com/assets/VEN-136-EN-DfUZ7aIr.png,¥1.69,$0.47,,"Ambessa, Respected and Feared VEN-136/166 CN ¥1.69 EN $0.47"
2026-09-27T19:59:28+00:00,https://bilgewatermarket.com/cards,"Ambessa, Respected and Feared",nonfoil,2.51,https://bilgewatermarket.com/cards/VEN-136a?print_variation=showcase,showcase,https://bilgewatermarket.com/assets/VEN-136a-EN-BKEg1eoS.png,¥7.59,$2.51,,"Ambessa, Respected and Feared VEN-136A/166 Showcase CN ¥7.59 EN $2.51"
2026-09-27T19:59:28+00:00,https://bilgewatermarket.com/cards,Shady Spectacles,nonfoil,0.90,https://bilgewatermarket.com/cards/VEN-137,normal,https://bilgewatermarket.com/assets/VEN-137-EN-DJPd0p4y.png,¥7.72,$0.90,,Shady Spectacles VEN-137/166 CN ¥7.72 EN $0.90
2026-09-27T19:59:28+00:00,https://bilgewatermarket.com/cards,"Shen, Leader of the Kinkou Order",nonfoil,0.27,https://bilgewatermarket.com/cards/VEN-138,normal,https://bilgewatermarket.com/assets/VEN-138-EN-BayAsprZ.png,¥1.17,$0.27,,"Shen, Leader of the Kinkou Order VEN-138/166 CN ¥1.17 EN $0.27"
2026-09-27T19:59:28+00:00,https://bilgewatermarket.com/cards,"Shen, Leader of the Kinkou Order",nonfoil,1.76,https://bilgewatermarket.com/cards/VEN-138a?print_variation=showcase,showcase,https://bilgewatermarket.com/assets/VEN-138a-EN-D6NZZPi1.png,¥6.13,$1.76,,"Shen, Leader of the Kinkou Order VEN-138A/166 Showcase CN ¥6.13 EN $1.76"
2026-09-27T19:59:28+00:00,https://bilgewatermarket.com/cards,"Akali, Rogue Assassin",nonfoil,0.19,https://bilgewatermarket.com/cards/VEN-139,normal,https://bilgewatermarket.com/assets/VEN-139-EN-BFDPdv9k.png,¥0.54,$0.19,,"Akali, Rogue Assassin VEN-139/166 CN ¥0.54 EN $0.19"
2026-09-27T19:59:28+00:00,https://bilgewatermarket.com/cards,Shuriken Flip,nonfoil,8.97,https://bilgewatermarket.com/cards/VEN-140,normal,https://bilgewatermarket.com/assets/VEN-140-EN-CRFPFsXT.png,¥34.34,$8.97,,Shuriken Flip VEN-140/166 CN ¥34.34 EN $8.97
2026-09-27T19:59:28+00:00,https://bilgewatermarket.com/cards,"Renekton, Butcher of the Sands",nonfoil,0.16,https://bilgewatermarket.com/cards/VEN-141,normal,https://bilgewatermarket.com/assets/VEN-141-EN-B7iijjIr.png,¥0.52,$0.16,,"Renekton, Butcher of the Sands VEN-141/166 CN ¥0.52 EN $0.16"
2026-09-27T19:59:28+00:00,https://bilgewatermarket.com/cards,Dominus,nonfoil,0.57,https://bilgewatermarket.com/cards/VEN-142,normal,https://bilgewatermarket.com/assets/VEN-142-EN-CfX7ovFI.png,¥2.89,$0.57,,Dominus VEN-142/166 CN ¥2.89 EN $0.57
2026-09-27T19:59:28+00:00,https://bilgewatermarket.com/cards,"Zed, Master of Shadows",nonfoil,0.11,https://bilgewatermarket.com/cards/VEN-143,normal,https://bilgewatermarket.com/assets/VEN-143-EN-DVFlTrkm.png,¥0.52,$0.11,,"Zed, Master of Shadows VEN-143/166 CN ¥0.52 EN $0.11"
2026-09-27T19:59:28+00:00,https://bilgewatermarket.com/cards,Death Mark,nonfoil,0.97,https://bilgewatermarket.com/cards/VEN-144,normal,https://bilgewatermarket.com/assets/VEN-144-EN-C8DwJ5eP.png,¥6.53,$0.97,,Death Mark VEN-144/166 CN ¥6.53 EN $0.97
2026-09-27T19:59:28+00:00,https://bilgewatermarket.com/cards,"Nasus, Curator of the Sands",nonfoil,0.15,https://bilgewatermarket.com/cards/VEN-145,normal,https://bilgewatermarket.com/assets/VEN-145-EN-ZXyKsBTB.png,¥0.52,$0.15,,"Nasus, Curator of the Sands VEN-145/166 CN ¥0.52 EN $0.15"
2026-09-27T19:59:28+00:00,https://bilgewatermarket.com/cards,Siphoning Strike,nonfoil,0.90,https://bilgewatermarket.com/cards/VEN-146,normal,https://bilgewatermarket.com/assets/VEN-146-EN-I1aNVw6w.png,¥6.62,$0.90,,Siphoning Strike VEN-146/166 CN ¥6.62 EN $0.90
2026-09-27T19:59:28+00:00,https://bilgewatermarket.com/cards,"Shen, Eye of Twilight",nonfoil,0.11,https://bilgewatermarket.com/cards/VEN-147,normal,https://bilgewatermarket.com/assets/VEN-147-EN-Db0qigxf.png,¥0.51,$0.11,,"Shen, Eye of Twilight VEN-147/166 CN ¥0.51 EN $0.11"
2026-09-27T19:59:28+00:00,https://bilgewatermarket.com/cards,Shadow Dash,nonfoil,0.43,https://bilgewatermarket.com/cards/VEN-148,normal,https://bilgewatermarket.com/assets/VEN-148-EN-BbJdmWxi.png,¥2.32,$0.43,,Shadow Dash VEN-148/166 CN ¥2.32 EN $0.43
2026-09-27T19:59:28+00:00,https://bilgewatermarket.com/cards,"Jayce, Defender of Tomorrow",nonfoil,0.15,https://bilgewatermarket.com/cards/VEN-149,normal,https://bilgewatermarket.com/assets/VEN-149-EN-BEx9Q_bl.png,¥0.54,$0.15,,"Jayce, Defender of Tomorrow VEN-149/166 CN ¥0.54 EN $0.15"
2026-09-27T19:59:28+00:00,https://bilgewatermarket.com/cards,Acceleration Gate,nonfoil,0.88,https://bilgewatermarket.com/cards/VEN-150,normal,https://bilgewatermarket.com/assets/VEN-150-EN-CM0x4JWd.png,¥10.44,$0.88,,Acceleration Gate VEN-150/166 CN ¥10.44 EN $0.88
2026-09-27T19:59:28+00:00,https://bilgewatermarket.com/cards,"Mel, Soul's Reflection",nonfoil,0.14,https://bilgewatermarket.com/cards/VEN-151,normal,https://bilgewatermarket.com/assets/VEN-151-EN-CYB46DBN.png,¥0.54,$0.14,,"Mel, Soul's Reflection VEN-151/166 CN ¥0.54 EN $0.14"
2026-09-27T19:59:28+00:00,https://bilgewatermarket.com/cards,Rebuttal,nonfoil,1.55,https://bilgewatermarket.com/cards/VEN-152,normal,https://bilgewatermarket.com/assets/VEN-152-EN-DotKJDJ5.png,¥14.95,$1.55,,Rebuttal VEN-152/166 CN ¥14.95 EN $1.55
2026-09-27T19:59:28+00:00,https://bilgewatermarket.com/cards,"Ambessa, Matriarch of War",nonfoil,0.09,https://bilgewatermarket.com/cards/VEN-153,normal,https://bilgewatermarket.com/assets/VEN-153-EN-dAsKZFPf.png,¥0.51,$0.09,,"Ambessa, Matriarch of War VEN-153/166 CN ¥0.51 EN $0.09"
2026-09-27T19:59:28+00:00,https://bilgewatermarket.com/cards,Public Execution,nonfoil,1.11,https://bilgewatermarket.com/cards/VEN-154,normal,https://bilgewatermarket.com/assets/VEN-154-EN-MYgJ7Dme.png,¥5.79,$1.11,,Public Execution VEN-154/166 CN ¥5.79 EN $1.11
2026-09-27T19:59:28+00:00,https://bilgewatermarket.com/cards,"Kennen, Heart of the Tempest",nonfoil,0.13,https://bilgewatermarket.com/cards/VEN-155,normal,https://bilgewatermarket.com/assets/VEN-155-EN-DFejSbOS.png,¥0.58,$0.13,,"Kennen, Heart of the Tempest VEN-155/166 CN ¥0.58 EN $0.13"
2026-09-27T19:59:28+00:00,https://bilgewatermarket.com/cards,Lightning Rush,nonfoil,5.54,https://bilgewatermarket.com/cards/VEN-156,normal,https://bilgewatermarket.com/assets/VEN-156-EN-uYZ-l7gC.png,¥55.96,$5.54,,Lightning Rush VEN-156/166 CN ¥55.96 EN $5.54
2026-09-27T19:59:28+00:00,https://bilgewatermarket.com/cards,Dragon Roost,foil,0.60,https://bilgewatermarket.com/cards/VEN-157?print_variation=foiled,foiled,https://bilgewatermarket.com/assets/VEN-157-EN-Bhg3aWIq.png,¥1.47,$0.60,,Dragon Roost VEN-157/166 Foiled CN ¥1.47 EN $0.60
2026-09-27T19:59:28+00:00,https://bilgewatermarket.com/cards,Dragon Roost,nonfoil,0.11,https://bilgewatermarket.com/cards/VEN-157,normal,https://bilgewatermarket.com/assets/VEN-157-EN-Bhg3aWIq.png,¥0.59,$0.11,,Dragon Roost VEN-157/166 CN ¥0.59 EN $0.11
2026-09-27T19:59:28+00:00,https://bilgewatermarket.com/cards,"Heisho, Shell of the World",foil,0.98,https://bilgewatermarket.com/cards/VEN-158?print_variation=foiled,foiled,https://bilgewatermarket.com/assets/VEN-158-EN-BH4aNl7O.png,¥2.85,$0.98,,"Heisho, Shell of the World VEN-158/166 Foiled CN ¥2.85 EN $0.98"
2026-09-27T19:59:28+00:00,https://bilgewatermarket.com/cards,"Heisho, Shell of the World",nonfoil,0.10,https://bilgewatermarket.com/cards/VEN-158,normal,https://bilgewatermarket.com/assets/VEN-158-EN-BH4aNl7O.png,¥1.19,$0.10,,"Heisho, Shell of the World VEN-158/166 CN ¥1.19 EN $0.10"
2026-09-27T19:59:28+00:00,https://bilgewatermarket.com/cards,Kinkou Temple,foil,0.26,https://bilgewatermarket.com/cards/VEN-159?print_variation=foiled,foiled,https://bilgewatermarket.com/assets/VEN-159-EN-DqejB9wD.png,¥0.86,$0.26,,Kinkou Temple VEN-159/166 Foiled CN ¥0.86 EN $0.26
2026-09-27T19:59:28+00:00,https://bilgewatermarket.com/cards,Kinkou Temple,nonfoil,0.07,https://bilgewatermarket.com/cards/VEN-159,normal,https://bilgewatermarket.com/assets/VEN-159-EN-DqejB9wD.png,¥0.54,$0.07,,Kinkou Temple VEN-159/166 CN ¥0.54 EN $0.07
2026-09-27T19:59:28+00:00,https://bilgewatermarket.com/cards,Mystic Vortex,foil,0.26,https://bilgewatermarket.com/cards/VEN-160?print_variation=foiled,foiled,https://bilgewatermarket.com/assets/VEN-160-EN-BlwqSIVG.png,¥1.73,$0.26,,Mystic Vortex VEN-160/166 Foiled CN ¥1.73 EN $0.26
2026-09-27T19:59:28+00:00,https://bilgewatermarket.com/cards,Mystic Vortex,nonfoil,0.08,https://bilgewatermarket.com/cards/VEN-160,normal,https://bilgewatermarket.com/assets/VEN-160-EN-BlwqSIVG.png,¥0.78,$0.08,,Mystic Vortex VEN-160/166 CN ¥0.78 EN $0.08
2026-09-27T19:59:28+00:00,https://bilgewatermarket.com/cards,Piltovan Forge,foil,0.21,https://bilgewatermarket.com/cards/VEN-161?print_variation=foiled,foiled,https://bilgewatermarket.com/assets/VEN-161-EN-DleOsuA9.png,¥3.32,$0.21,,Piltovan Forge VEN-161/166 Foiled CN ¥3.32 EN $0.21
2026-09-27T19:59:28+00:00,https://bilgewatermarket.com/cards,Piltovan Forge,nonfoil,0.06,https://bilgewatermarket.com/cards/VEN-161,normal,https://bilgewatermarket.com/assets/VEN-161-EN-DleOsuA9.png,¥0.51,$0.06,,Piltovan Forge VEN-161/166 CN ¥0.51 EN $0.06
2026-09-27T19:59:28+00:00,https://bilgewatermarket.com/cards,Protective Sands,foil,0.28,https://bilgewatermarket.com/cards/VEN-162?print_variation=foiled,foiled,https://bilgewatermarket.com/assets/VEN-162-EN-CMpht29h.png,¥1.99,$0.28,,Protective Sands VEN-162/166 Foiled CN ¥1.99 EN $0.28
2026-09-27T19:59:28+00:00,https://bilgewatermarket.com/cards,Protective Sands,nonfoil,0.06,https://bilgewatermarket.com/cards/VEN-162,normal,https://bilgewatermarket.com/assets/VEN-162-EN-CMpht29h.png,¥0.54,$0.06,,Protective Sands VEN-162/166 CN ¥0.54 EN $0.06
2026-09-27T19:59:28+00:00,https://bilgewatermarket.com/cards,Risen Altar,foil,0.33,https://bilgewatermarket.com/cards/VEN-163?print_variation=foiled,foiled,https://bilgewatermarket.com/assets/VEN-163-EN-ClKDrWfS.png,¥4.59,$0.33,,Risen Altar VEN-163/166 Foiled CN ¥4.59 EN $0.33
2026-09-27T19:59:28+00:00,https://bilgewatermarket.com/cards,Risen Altar,nonfoil,0.09,https://bilgewatermarket.com/cards/VEN-163,normal,https://bilgewatermarket.com/assets/VEN-163-EN-ClKDrWfS.png,¥1.05,$0.09,,Risen Altar VEN-163/166 CN ¥1.05 EN $0.09
2026-09-27T19:59:28+00:00,https://bilgewatermarket.com/cards,Sandswept Tomb,foil,0.34,https://bilgewatermarket.com/cards/VEN-164?print_variation=foiled,foiled,https://bilgewatermarket.com/assets/VEN-164-EN-CQiCuERT.png,¥2.09,$0.34,,Sandswept Tomb VEN-164/166 Foiled CN ¥2.09 EN $0.34
2026-09-27T19:59:28+00:00,https://bilgewatermarket.com/cards,Sandswept Tomb,nonfoil,0.11,https://bilgewatermarket.com/cards/VEN-164,normal,https://bilgewatermarket.com/assets/VEN-164-EN-CQiCuERT.png,¥0.97,$0.11,,Sandswept Tomb VEN-164/166 CN ¥0.97 EN $0.11
2026-09-27T19:59:28+00:00,https://bilgewatermarket.com/cards,Shadow Temple,foil,0.32,https://bilgewatermarket.com/cards/VEN-165?print_variation=foiled,foiled,https://bilgewatermarket.com/assets/VEN-165-EN-DCMjr8DY.png,¥1.65,$0.32,,Shadow Temple VEN-165/166 Foiled CN ¥1.65 EN $0.32
2026-09-27T19:59:28+00:00,https://bilgewatermarket.com/cards,Shadow Temple,nonfoil,0.07,https://bilgewatermarket.com/cards/VEN-165,normal,https://bilgewatermarket.com/assets/VEN-165-EN-DCMjr8DY.png,¥0.97,$0.07,,Shadow Temple VEN-165/166 CN ¥0.97 EN $0.07
2026-09-27T19:59:28+00:00,https://bilgewatermarket.com/cards,Threshold of the Gray,foil,0.28,https://bilgewatermarket.com/cards/VEN-166?print_variation=foiled,foiled,https://bilgewatermarket.com/assets/VEN-166-EN-DdpvPIEO.png,¥3.72,$0.28,,Threshold of the Gray VEN-166/166 Foiled CN ¥3.72 EN $0.28
2026-09-27T19:59:28+00:00,https://bilgewatermarket.com/cards,Threshold of the Gray,nonfoil,0.07,https://bilgewatermarket.com/cards/VEN-166,normal,https://bilgewatermarket.com/assets/VEN-166-EN-DdpvPIEO.png,¥0.71,$0.07,,Threshold of the Gray VEN-166/166 CN ¥0.71 EN $0.07
2026-09-27T19:59:28+00:00,https://bilgewatermarket.com/cards,"Vi, Destructive",nonfoil,102.33,https://bilgewatermarket.com/cards/VEN-167?print_variation=showcase,showcase,https://bilgewatermarket.com/assets/VEN-167-EN-lpKDuayz.png,¥234.08,$102.33,,"Vi, Destructive VEN-167/166 Showcase CN ¥234.08 EN $102.33"
2026-09-27T19:59:28+00:00,https://bilgewatermarket.com/cards,"Jinx, Demolitionist",nonfoil,111.22,https://bilgewatermarket.com/cards/VEN-168?print_variation=showcase,showcase,https://bilgewatermarket.com/assets/VEN-168-EN-Bnn4ApJC.png,¥247.31,$111.22,,"Jinx, Demolitionist VEN-168/166 Showcase CN ¥247.31 EN $111.22"
2026-09-27T19:59:28+00:00,https://bilgewatermarket.com/cards,"Zed, From the Shadows",nonfoil,63.45,https://bilgewatermarket.com/cards/VEN-169?print_variation=showcase,showcase,https://bilgewatermarket.com/assets/VEN-169-EN-BF1EjRBl.png,¥131.56,$63.45,,"Zed, From the Shadows VEN-169/166 Showcase CN ¥131.56 EN $63.45"
2026-09-27T19:59:28+00:00,https://bilgewatermarket.com/cards,"Shen, Scourge of Shadows",nonfoil,50.84,https://bilgewatermarket.com/cards/VEN-170?print_variation=showcase,showcase,https://bilgewatermarket.com/assets/VEN-170-EN-vj7w15gG.png,¥100.29,$50.84,,"Shen, Scourge of Shadows VEN-170/166 Showcase CN ¥100.29 EN $50.84"
2026-09-27T19:59:28+00:00,https://bilgewatermarket.com/cards,"Riven, Shattered",nonfoil,69.93,https://bilgewatermarket.com/cards/VEN-171?print_variation=showcase,showcase,https://bilgewatermarket.com/assets/VEN-171-EN-ZuNFo-jz.png,¥103.70,$69.93,,"Riven, Shattered VEN-171/166 Showcase CN ¥103.70 EN $69.93"
2026-09-27T19:59:28+00:00,https://bilgewatermarket.com/cards,"Draven, Showboat",nonfoil,79.50,https://bilgewatermarket.com/cards/VEN-172?print_variation=showcase,showcase,https://bilgewatermarket.com/assets/VEN-172-EN-hoUVkTM0.png,¥125.51,$79.50,,"Draven, Showboat VEN-172/166 Showcase CN ¥125.51 EN $79.50"
2026-09-27T19:59:28+00:00,https://bilgewatermarket.com/cards,"Swain, Visionary",nonfoil,79.07,https://bilgewatermarket.com/cards/VEN-173?print_variation=showcase,showcase,https://bilgewatermarket.com/assets/VEN-173-EN-L-xt_H_w.png,¥214.51,$79.07,,"Swain, Visionary VEN-173/166 Showcase CN ¥214.51 EN $79.07"
2026-09-27T19:59:28+00:00,https://bilgewatermarket.com/cards,"Irelia, Fervent",nonfoil,220.60,https://bilgewatermarket.com/cards/VEN-174?print_variation=showcase,showcase,https://bilgewatermarket.com/assets/VEN-174-EN-CwcFbbhj.png,¥467.82,$220.60,,"Irelia, Fervent VEN-174/166 Showcase CN ¥467.82 EN $220.60"
2026-09-27T19:59:28+00:00,https://bilgewatermarket.com/cards,"Jayce, Man of Progress",nonfoil,90.80,https://bilgewatermarket.com/cards/VEN-175?print_variation=showcase,showcase,https://bilgewatermarket.com/assets/VEN-175-EN-WITa-1BS.png,¥300.40,$90.80,,"Jayce, Man of Progress VEN-175/166 Showcase CN ¥300.40 EN $90.80"
2026-09-27T19:59:28+00:00,https://bilgewatermarket.com/cards,"Viktor, Innovator",nonfoil,79.38,https://bilgewatermarket.com/cards/VEN-176?print_variation=showcase,showcase,https://bilgewatermarket.com/assets/VEN-176-EN-wO7TbmTk.png,¥174.61,$79.38,,"Viktor, Innovator VEN-176/166 Showcase CN ¥174.61 EN $79.38"
2026-09-27T19:59:28+00:00,https://bilgewatermarket.com/cards,"Renekton, Brute",nonfoil,63.70,https://bilgewatermarket.com/cards/VEN-177?print_variation=showcase,showcase,https://bilgewatermarket.com/assets/VEN-177-EN-DEEI5e3H.png,¥98.66,$63.70,,"Renekton, Brute VEN-177/166 Showcase CN ¥98.66 EN $63.70"
2026-09-27T19:59:28+00:00,https://bilgewatermarket.com/cards,"Nasus, Guardian of Knowledge",nonfoil,63.75,https://bilgewatermarket.com/cards/VEN-178?print_variation=showcase,showcase,https://bilgewatermarket.com/assets/VEN-178-EN-Cp-yJ8pH.png,¥90.14,$63.75,,"Nasus, Guardian of Knowledge VEN-178/166 Showcase CN ¥90.14 EN $63.75"
2026-09-27T19:59:28+00:00,https://bilgewatermarket.com/cards,"Rengar, Trophy Hunter",nonfoil,166.42,https://bilgewatermarket.com/cards/VEN-179?print_variation=showcase,showcase,https://bilgewatermarket.com/assets/VEN-179-EN-CNBYOa2h.png,¥440.45,$166.42,,"Rengar, Trophy Hunter VEN-179/166 Showcase CN ¥440.45 EN $166.42"
2026-09-27T19:59:28+00:00,https://bilgewatermarket.com/cards,"Kha'Zix, Evolving Hunter",nonfoil,70.72,https://bilgewatermarket.com/cards/VEN-180?print_variation=showcase,showcase,https://bilgewatermarket.com/assets/VEN-180-EN-DvzJuQEg.png,¥92.44,$70.72,,"Kha'Zix, Evolving Hunter VEN-180/166 Showcase CN ¥92.44 EN $70.72"
2026-09-27T19:59:28+00:00,https://bilgewatermarket.com/cards,"Gangplank, Naval",nonfoil,97.49,https://bilgewatermarket.com/cards/VEN-181?print_variation=showcase,showcase,https://bilgewatermarket.com/assets/VEN-181-EN-CJrXpE4V.png,¥158.90,$97.49,,"Gangplank, Naval VEN-181/166 Showcase CN ¥158.90 EN $97.49"
2026-09-27T19:59:28+00:00,https://bilgewatermarket.com/cards,"Illaoi, Prophet of the Great Kraken",nonfoil,94.69,https://bilgewatermarket.com/cards/VEN-182?print_variation=showcase,showcase,https://bilgewatermarket.com/assets/VEN-182-EN-BAgnk1V0.png,¥143.55,$94.69,,"Illaoi, Prophet of the Great Kraken VEN-182/166 Showcase CN ¥143.55 EN $94.69"
2026-09-27T19:59:28+00:00,https://bilgewatermarket.com/cards,"Diana, No Longer Human",nonfoil,125.69,https://bilgewatermarket.com/cards/VEN-183?print_variation=showcase,showcase,https://bilgewatermarket.com/assets/VEN-183-EN-sutxxXVc.png,¥170.64,$125.69,,"Diana, No Longer Human VEN-183/166 Showcase CN ¥170.64 EN $125.69"
2026-09-27T19:59:28+00:00,https://bilgewatermarket.com/cards,"Leona, Determined",nonfoil,84.67,https://bilgewatermarket.com/cards/VEN-184?print_variation=showcase,showcase,https://bilgewatermarket.com/assets/VEN-184-EN-Cuzu2DpO.png,¥155.16,$84.67,,"Leona, Determined VEN-184/166 Showcase CN ¥155.16 EN $84.67"
2026-09-27T19:59:28+00:00,https://bilgewatermarket.com/cards,"Kayle, Justified",nonfoil,170.32,https://bilgewatermarket.com/cards/VEN-185?print_variation=showcase,showcase,https://bilgewatermarket.com/assets/VEN-185-EN-DgvQuieo.png,¥479.63,$170.32,,"Kayle, Justified VEN-185/166 Showcase CN ¥479.63 EN $170.32"
2026-09-27T19:59:28+00:00,https://bilgewatermarket.com/cards,"Morgana, Vindictive",nonfoil,114.27,https://bilgewatermarket.com/cards/VEN-186?print_variation=showcase,showcase,https://bilgewatermarket.com/assets/VEN-186-EN-89oo7vIb.png,¥278.76,$114.27,,"Morgana, Vindictive VEN-186/166 Showcase CN ¥278.76 EN $114.27"
2026-09-27T19:59:28+00:00,https://bilgewatermarket.com/cards,"Ambessa, Respected and Feared",nonfoil,48.20,https://bilgewatermarket.com/cards/VEN-187?print_variation=showcase,showcase,https://bilgewatermarket.com/assets/VEN-187-EN-BDIOZjkq.png,¥94.80,$48.20,,"Ambessa, Respected and Feared VEN-187/166 Showcase CN ¥94.80 EN $48.20"
2026-09-27T19:59:28+00:00,https://bilgewatermarket.com/cards,"Mel, Defiant Soul",nonfoil,78.63,https://bilgewatermarket.com/cards/VEN-188?print_variation=showcase,showcase,https://bilgewatermarket.com/assets/VEN-188-EN-CdeCa_ni.png,¥115.12,$78.63,,"Mel, Defiant Soul VEN-188/166 Showcase CN ¥115.12 EN $78.63"
2026-09-27T19:59:28+00:00,https://bilgewatermarket.com/cards,"Akali, Rogue Assassin",nonfoil,592.63,https://bilgewatermarket.com/cards/VEN-189?print_variation=showcase,showcase,https://bilgewatermarket.com/assets/VEN-189-EN-B4lT7ISJ.png,"¥1,212.17",$592.63,,"Akali, Rogue Assassin VEN-189/166 Showcase CN ¥1,212.17 EN $592.63"
2026-09-27T19:59:28+00:00,https://bilgewatermarket.com/cards,"Renekton, Butcher of the Sands",nonfoil,58.18,https://bilgewatermarket.com/cards/VEN-190?print_variation=showcase,showcase,https://bilgewatermarket.com/assets/VEN-190-EN-BU2owRjx.png,¥62.35,$58.18,,"Renekton, Butcher of the Sands VEN-190/166 Showcase CN ¥62.35 EN $58.18"
2026-09-27T19:59:28+00:00,https://bilgewatermarket.com/cards,"Zed, Master of Shadows",nonfoil,176.35,https://bilgewatermarket.com/cards/VEN-191?print_variation=showcase,showcase,https://bilgewatermarket.com/assets/VEN-191-EN-mQhEHzQ5.png,¥279.48,$176.35,,"Zed, Master of Shadows VEN-191/166 Showcase CN ¥279.48 EN $176.35"
2026-09-27T19:59:28+00:00,https://bilgewatermarket.com/cards,"Nasus, Curator of the Sands",nonfoil,160.87,https://bilgewatermarket.com/cards/VEN-192?print_variation=showcase,showcase,https://bilgewatermarket.com/assets/VEN-192-EN-Vg8mwmAl.png,¥204.81,$160.87,,"Nasus, Curator of the Sands VEN-192/166 Showcase CN ¥204.81 EN $160.87"
2026-09-27T19:59:28+00:00,https://bilgewatermarket.com/cards,"Shen, Eye of Twilight",nonfoil,76.71,https://bilgewatermarket.com/cards/VEN-193?print_variation=showcase,showcase,https://bilgewatermarket.com/assets/VEN-193-EN-DdOf7tax.png,¥102.55,$76.71,,"Shen, Eye of Twilight VEN-193/166 Showcase CN ¥102.55 EN $76.71"
2026-09-27T19:59:28+00:00,https://bilgewatermarket.com/cards,"Jayce, Defender of Tomorrow",nonfoil,211.40,https://bilgewatermarket.com/cards/VEN-194?print_variation=showcase,showcase,https://bilgewatermarket.com/assets/VEN-194-EN-s1zJRwok.png,¥633.57,$211.40,,"Jayce, Defender of Tomorrow VEN-194/166 Showcase CN ¥633.57 EN $211.40"
2026-09-27T19:59:28+00:00,https://bilgewatermarket.com/cards,"Mel, Soul's Reflection",nonfoil,174.46,https://bilgewatermarket.com/cards/VEN-195?print_variation=showcase,showcase,https://bilgewatermarket.com/assets/VEN-195-EN-D48z7zAy.png,¥296.42,$174.46,,"Mel, Soul's Reflection VEN-195/166 Showcase CN ¥296.42 EN $174.46"
2026-09-27T19:59:28+00:00,https://bilgewatermarket.com/cards,"Ambessa, Matriarch of War",nonfoil,120.71,https://bilgewatermarket.com/cards/VEN-196?print_variation=showcase,showcase,https://bilgewatermarket.com/assets/VEN-196-EN-DdVVDAod.png,¥110.46,$120.71,,"Ambessa, Matriarch of War VEN-196/166 Showcase CN ¥110.46 EN $120.71"
2026-09-27T19:59:28+00:00,https://bilgewatermarket.com/cards,"Kennen, Heart of the Tempest",nonfoil,220.34,https://bilgewatermarket.com/cards/VEN-197?print_variation=showcase,showcase,https://bilgewatermarket.com/assets/VEN-197-EN-CxaAukcp.png,¥541.43,$220.34,,"Kennen, Heart of the Tempest VEN-197/166 Showcase CN ¥541.43 EN $220.34"
2026-09-27T19:59:28+00:00,https://bilgewatermarket.com/cards,Arena Kingpin,foil,0.14,https://bilgewatermarket.com/cards/UNL-001?print_variation=foiled,foiled,https://bilgewatermarket.com/assets/UNL-001-EN-CN6qRx__.webp,¥0.50,$0.14,,Arena Kingpin UNL-001/219 Foiled CN ¥0.50 EN $0.14
2026-09-27T19:59:28+00:00,https://bilgewatermarket.com/cards,Arena Kingpin,nonfoil,0.08,https://bilgewatermarket.com/cards/UNL-001,normal,https://bilgewatermarket.com/assets/UNL-001-EN-CN6qRx__.webp,¥0.50,$0.08,,Arena Kingpin UNL-001/219 CN ¥0.50 EN $0.08
2026-09-27T19:59:28+00:00,https://bilgewatermarket.com/cards,Inferna,foil,0.41,https://bilgewatermarket.com/cards/UNL-002?print_variation=foiled,foiled,https://bilgewatermarket.com/assets/UNL-002-EN-BEAeHv56.webp,¥1.89,$0.41,,Inferna UNL-002/219 Foiled CN ¥1.89 EN $0.41
2026-09-27T19:59:28+00:00,https://bilgewatermarket.com/cards,Inferna,nonfoil,0.15,https://bilgewatermarket.com/cards/UNL-002,normal,https://bilgewatermarket.com/assets/UNL-002-EN-BEAeHv56.webp,¥0.52,$0.15,,Inferna UNL-002/219 CN ¥0.52 EN $0.15
2026-09-27T19:59:28+00:00,https://bilgewatermarket.com/cards,Mischievous Marai,foil,0.26,https://bilgewatermarket.com/cards/UNL-003?print_variation=foiled,foiled,https://bilgewatermarket.com/assets/UNL-003-EN-BN8no39d.webp,¥1.09,$0.26,,Mischievous Marai UNL-003/219 Foiled CN ¥1.09 EN $0.26
2026-09-27T19:59:28+00:00,https://bilgewatermarket.com/cards,Mischievous Marai,nonfoil,0.08,https://bilgewatermarket.com/cards/UNL-003,normal,https://bilgewatermarket.com/assets/UNL-003-EN-BN8no39d.webp,¥0.55,$0.08,,Mischievous Marai UNL-003/219 CN ¥0.55 EN $0.08
2026-09-27T19:59:28+00:00,https://bilgewatermarket.com/cards,Prepared Neophyte,foil,0.16,https://bilgewatermarket.com/cards/UNL-004?print_variation=foiled,foiled,https://bilgewatermarket.com/assets/UNL-004-EN-X8qOqNsB.webp,¥0.60,$0.16,,Prepared Neophyte UNL-004/219 Foiled CN ¥0.60 EN $0.16
2026-09-27T19:59:28+00:00,https://bilgewatermarket.com/cards,Prepared Neophyte,nonfoil,0.03,https://bilgewatermarket.com/cards/UNL-004,normal,https://bilgewatermarket.com/assets/UNL-004-EN-X8qOqNsB.webp,¥0.50,$0.03,,Prepared Neophyte UNL-004/219 CN ¥0.50 EN $0.03
2026-09-27T19:59:28+00:00,https://bilgewatermarket.com/cards,Revna the Lorekeeper,foil,0.15,https://bilgewatermarket.com/cards/UNL-005?print_variation=foiled,foiled,https://bilgewatermarket.com/assets/UNL-005-EN-ClM8yEo9.webp,¥0.50,$0.15,,Revna the Lorekeeper UNL-005/219 Foiled CN ¥0.50 EN $0.15
2026-09-27T19:59:28+00:00,https://bilgewatermarket.com/cards,Revna the Lorekeeper,nonfoil,0.03,https://bilgewatermarket.com/cards/UNL-005,normal,https://bilgewatermarket.com/assets/UNL-005-EN-ClM8yEo9.webp,¥0.50,$0.03,,Revna the Lorekeeper UNL-005/219 CN ¥0.50 EN $0.03
2026-09-27T19:59:28+00:00,https://bilgewatermarket.com/cards,Sharkling,foil,0.24,https://bilgewatermarket.com/cards/UNL-006?print_variation=foiled,foiled,https://bilgewatermarket.com/assets/UNL-006-EN-DlvuPfs1.webp,¥0.75,$0.24,,Sharkling UNL-006/219 Foiled CN ¥0.75 EN $0.24
2026-09-27T19:59:28+00:00,https://bilgewatermarket.com/cards,Sharkling,nonfoil,0.06,https://bilgewatermarket.com/cards/UNL-006,normal,https://bilgewatermarket.com/assets/UNL-006-EN-DlvuPfs1.webp,¥0.52,$0.06,,Sharkling UNL-006/219 CN ¥0.52 EN $0.06
2026-09-27T19:59:28+00:00,https://bilgewatermarket.com/cards,Smite,foil,0.19,https://bilgewatermarket.com/cards/UNL-007?print_variation=foiled,foiled,https://bilgewatermarket.com/assets/UNL-007-EN-D42dcdUi.webp,¥1.13,$0.19,,Smite UNL-007/219 Foiled CN ¥1.13 EN $0.19
2026-09-27T19:59:28+00:00,https://bilgewatermarket.com/cards,Smite,nonfoil,0.07,https://bilgewatermarket.com/cards/UNL-007,normal,https://bilgewatermarket.com/assets/UNL-007-EN-D42dcdUi.webp,¥0.50,$0.07,,Smite UNL-007/219 CN ¥0.50 EN $0.07
2026-09-27T19:59:28+00:00,https://bilgewatermarket.com/cards,Towering Pairofant,foil,0.07,https://bilgewatermarket.com/cards/UNL-008?print_variation=foiled,foiled,https://bilgewatermarket.com/assets/UNL-008-EN-D-2Dad2f.webp,¥0.50,$0.07,,Towering Pairofant UNL-008/219 Foiled CN ¥0.50 EN $0.07
2026-09-27T19:59:28+00:00,https://bilgewatermarket.com/cards,Towering Pairofant,nonfoil,0.03,https://bilgewatermarket.com/cards/UNL-008,normal,https://bilgewatermarket.com/assets/UNL-008-EN-D-2Dad2f.webp,¥0.50,$0.03,,Towering Pairofant UNL-008/219 CN ¥0.50 EN $0.03
2026-09-27T19:59:28+00:00,https://bilgewatermarket.com/cards,Upstage Comedy,foil,0.25,https://bilgewatermarket.com/cards/UNL-009?print_variation=foiled,foiled,https://bilgewatermarket.com/assets/UNL-009-EN-D8P6CA8o.webp,¥0.96,$0.25,,Upstage Comedy UNL-009/219 Foiled CN ¥0.96 EN $0.25
2026-09-27T19:59:28+00:00,https://bilgewatermarket.com/cards,Upstage Comedy,nonfoil,0.06,https://bilgewatermarket.com/cards/UNL-009,normal,https://bilgewatermarket.com/assets/UNL-009-EN-D8P6CA8o.webp,¥0.50,$0.06,,Upstage Comedy UNL-009/219 CN ¥0.50 EN $0.06
2026-09-27T19:59:28+00:00,https://bilgewatermarket.com/cards,Vault Breaker,foil,0.22,https://bilgewatermarket.com/cards/UNL-010?print_variation=foiled,foiled,https://bilgewatermarket.com/assets/UNL-010-EN-DIJopLyy.webp,¥0.79,$0.22,,Vault Breaker UNL-010/219 Foiled CN ¥0.79 EN $0.22
2026-09-27T19:59:28+00:00,https://bilgewatermarket.com/cards,Vault Breaker,nonfoil,0.07,https://bilgewatermarket.com/cards/UNL-010,normal,https://bilgewatermarket.com/assets/UNL-010-EN-DIJopLyy.webp,¥0.59,$0.07,,Vault Breaker UNL-010/219 CN ¥0.59 EN $0.07
2026-09-27T19:59:28+00:00,https://bilgewatermarket.com/cards,Fresh Beans,foil,0.25,https://bilgewatermarket.com/cards/UNL-011?print_variation=foiled,foiled,https://bilgewatermarket.com/assets/UNL-011-EN-Pl-7Kky-.webp,¥0.51,$0.25,,Fresh Beans UNL-011/219 Foiled CN ¥0.51 EN $0.25
2026-09-27T19:59:28+00:00,https://bilgewatermarket.com/cards,Fresh Beans,nonfoil,0.09,https://bilgewatermarket.com/cards/UNL-011,normal,https://bilgewatermarket.com/assets/UNL-011-EN-Pl-7Kky-.webp,¥0.50,$0.09,,Fresh Beans UNL-011/219 CN ¥0.50 EN $0.09
2026-09-27T19:59:28+00:00,https://bilgewatermarket.com/cards,Lord Broadmane,foil,0.25,https://bilgewatermarket.com/cards/UNL-012?print_variation=foiled,foiled,https://bilgewatermarket.com/assets/UNL-012-EN-DKMRS0b6.webp,¥0.50,$0.25,,Lord Broadmane UNL-012/219 Foiled CN ¥0.50 EN $0.25
2026-09-27T19:59:28+00:00,https://bilgewatermarket.com/cards,Lord Broadmane,nonfoil,0.07,https://bilgewatermarket.com/cards/UNL-012,normal,https://bilgewatermarket.com/assets/UNL-012-EN-DKMRS0b6.webp,¥0.50,$0.07,,Lord Broadmane UNL-012/219 CN ¥0.50 EN $0.07
2026-09-27T19:59:28+00:00,https://bilgewatermarket.com/cards,Lotus Trap,foil,0.39,https://bilgewatermarket.com/cards/UNL-013?print_variation=foiled,foiled,https://bilgewatermarket.com/assets/UNL-013-EN-u80gWiY-.webp,¥0.60,$0.39,,Lotus Trap UNL-013/219 Foiled CN ¥0.60 EN $0.39
2026-09-27T19:59:28+00:00,https://bilgewatermarket.com/cards,Lotus Trap,nonfoil,0.15,https://bilgewatermarket.com/cards/UNL-013,normal,https://bilgewatermarket.com/assets/UNL-013-EN-u80gWiY-.webp,¥0.50,$0.15,,Lotus Trap UNL-013/219 CN ¥0.50 EN $0.15
2026-09-27T19:59:28+00:00,https://bilgewatermarket.com/cards,Monster Harpoon,foil,0.28,https://bilgewatermarket.com/cards/UNL-014?print_variation=foiled,foiled,https://bilgewatermarket.com/assets/UNL-014-EN-CaUBxiqe.webp,¥0.50,$0.28,,Monster Harpoon UNL-014/219 Foiled CN ¥0.50 EN $0.28
2026-09-27T19:59:28+00:00,https://bilgewatermarket.com/cards,Monster Harpoon,nonfoil,0.09,https://bilgewatermarket.com/cards/UNL-014,normal,https://bilgewatermarket.com/assets/UNL-014-EN-CaUBxiqe.webp,¥0.50,$0.09,,Monster Harpoon UNL-014/219 CN ¥0.50 EN $0.09
2026-09-27T19:59:28+00:00,https://bilgewatermarket.com/cards,Right of Conquest,foil,0.25,https://bilgewatermarket.com/cards/UNL-015?print_variation=foiled,foiled,https://bilgewatermarket.com/assets/UNL-015-EN-B42EzyGF.webp,¥0.54,$0.25,,Right of Conquest UNL-015/219 Foiled CN ¥0.54 EN $0.25
2026-09-27T19:59:28+00:00,https://bilgewatermarket.com/cards,Right of Conquest,nonfoil,0.06,https://bilgewatermarket.com/cards/UNL-015,normal,https://bilgewatermarket.com/assets/UNL-015-EN-B42EzyGF.webp,¥0.58,$0.06,,Right of Conquest UNL-015/219 CN ¥0.58 EN $0.06
2026-09-27T19:59:28+00:00,https://bilgewatermarket.com/cards,Scorchclaw,foil,0.17,https://bilgewatermarket.com/cards/UNL-016?print_variation=foiled,foiled,https://bilgewatermarket.com/assets/UNL-016-EN-3OZO5Mlz.webp,¥0.54,$0.17,,Scorchclaw UNL-016/219 Foiled CN ¥0.54 EN $0.17
2026-09-27T19:59:28+00:00,https://bilgewatermarket.com/cards,Scorchclaw,nonfoil,0.06,https://bilgewatermarket.com/cards/UNL-016,normal,https://bilgewatermarket.com/assets/UNL-016-EN-3OZO5Mlz.webp,¥0.50,$0.06,,Scorchclaw UNL-016/219 CN ¥0.50 EN $0.06
2026-09-27T19:59:28+00:00,https://bilgewatermarket.com/cards,Square Up,foil,0.45,https://bilgewatermarket.com/cards/UNL-017?print_variation=foiled,foiled,https://bilgewatermarket.com/assets/UNL-017-EN-CPM767zB.webp,¥1.47,$0.45,,Square Up UNL-017/219 Foiled CN ¥1.47 EN $0.45
2026-09-27T19:59:28+00:00,https://bilgewatermarket.com/cards,Square Up,nonfoil,0.08,https://bilgewatermarket.com/cards/UNL-017,normal,https://bilgewatermarket.com/assets/UNL-017-EN-CPM767zB.webp,¥0.51,$0.08,,Square Up UNL-017/219 CN ¥0.51 EN $0.08
2026-09-27T19:59:28+00:00,https://bilgewatermarket.com/cards,Yeti Brawler,foil,0.27,https://bilgewatermarket.com/cards/UNL-018?print_variation=foiled,foiled,https://bilgewatermarket.com/assets/UNL-018-EN-BB0id8KZ.webp,¥0.54,$0.27,,Yeti Brawler UNL-018/219 Foiled CN ¥0.54 EN $0.27
2026-09-27T19:59:28+00:00,https://bilgewatermarket.com/cards,Yeti Brawler,nonfoil,0.06,https://bilgewatermarket.com/cards/UNL-018,normal,https://bilgewatermarket.com/assets/UNL-018-EN-BB0id8KZ.webp,¥0.50,$0.06,,Yeti Brawler UNL-018/219 CN ¥0.50 EN $0.06
2026-09-27T19:59:28+00:00,https://bilgewatermarket.com/cards,Blighted Battleaxe,nonfoil,0.35,https://bilgewatermarket.com/cards/UNL-019,normal,https://bilgewatermarket.com/assets/UNL-019-EN-IfLOj2YF.webp,¥0.58,$0.35,,Blighted Battleaxe UNL-019/219 CN ¥0.58 EN $0.35
2026-09-27T19:59:28+00:00,https://bilgewatermarket.com/cards,Dancing Grenade,nonfoil,0.21,https://bilgewatermarket.com/cards/UNL-020,normal,https://bilgewatermarket.com/assets/UNL-020-EN-BG6DrdpA.webp,¥0.50,$0.21,,Dancing Grenade UNL-020/219 CN ¥0.50 EN $0.21
2026-09-27T19:59:28+00:00,https://bilgewatermarket.com/cards,Grim Apothecary,nonfoil,0.31,https://bilgewatermarket.com/cards/UNL-021,normal,https://bilgewatermarket.com/assets/UNL-021-EN-FBB4bbd0.webp,¥0.58,$0.31,,Grim Apothecary UNL-021/219 CN ¥0.58 EN $0.31
2026-09-27T19:59:28+00:00,https://bilgewatermarket.com/cards,"Jhin, Murderous Artist",nonfoil,0.32,https://bilgewatermarket.com/cards/UNL-022,normal,https://bilgewatermarket.com/assets/UNL-022-EN-n-k2I53n.webp,¥0.95,$0.32,,"Jhin, Murderous Artist UNL-022/219 CN ¥0.95 EN $0.32"
2026-09-27T19:59:28+00:00,https://bilgewatermarket.com/cards,"Jhin, Murderous Artist",nonfoil,7.14,https://bilgewatermarket.com/cards/UNL-022a?print_variation=showcase,showcase,https://bilgewatermarket.com/assets/UNL-022A-EN-CbrHneV0.webp,¥16.39,$7.14,,"Jhin, Murderous Artist UNL-022A/219 Showcase CN ¥16.39 EN $7.14"
2026-09-27T19:59:28+00:00,https://bilgewatermarket.com/cards,"Katarina, Reckless",nonfoil,0.23,https://bilgewatermarket.com/cards/UNL-023,normal,https://bilgewatermarket.com/assets/UNL-023-EN-CIpViq7N.webp,¥0.52,$0.23,,"Katarina, Reckless UNL-023/219 CN ¥0.52 EN $0.23"
2026-09-27T19:59:28+00:00,https://bilgewatermarket.com/cards,"Rengar, Unseen",nonfoil,0.36,https://bilgewatermarket.com/cards/UNL-024,normal,https://bilgewatermarket.com/assets/UNL-024-EN-CYpxJxUB.webp,¥0.77,$0.36,,"Rengar, Unseen UNL-024/219 CN ¥0.77 EN $0.36"
2026-09-27T19:59:28+00:00,https://bilgewatermarket.com/cards,"Rengar, Unseen",nonfoil,2.67,https://bilgewatermarket.com/cards/UNL-024a?print_variation=showcase,showcase,https://bilgewatermarket.com/assets/UNL-024a-EN-CkIZ_u3T.webp,¥4.73,$2.67,,"Rengar, Unseen UNL-024A/219 Showcase CN ¥4.73 EN $2.67"
2026-09-27T19:59:28+00:00,https://bilgewatermarket.com/cards,Undying Legion,nonfoil,0.18,https://bilgewatermarket.com/cards/UNL-025,normal,https://bilgewatermarket.com/assets/UNL-025-EN-BRINnkPv.webp,¥0.69,$0.18,,Undying Legion UNL-025/219 CN ¥0.69 EN $0.18
2026-09-27T19:59:28+00:00,https://bilgewatermarket.com/cards,"Xerath, Freed",nonfoil,0.18,https://bilgewatermarket.com/cards/UNL-026,normal,https://bilgewatermarket.com/assets/UNL-026-EN-BY-wSYk2.webp,¥0.66,$0.18,,"Xerath, Freed UNL-026/219 CN ¥0.66 EN $0.18"
2026-09-27T19:59:28+00:00,https://bilgewatermarket.com/cards,Inviolus Vox,nonfoil,0.50,https://bilgewatermarket.com/cards/UNL-027,normal,https://bilgewatermarket.com/assets/UNL-027-EN-H2fXIwNC.webp,¥1.10,$0.50,,Inviolus Vox UNL-027/219 CN ¥1.10 EN $0.50
2026-09-27T19:59:28+00:00,https://bilgewatermarket.com/cards,"Pyke, Dockside Butcher",nonfoil,14.64,https://bilgewatermarket.com/cards/UNL-028,normal,https://bilgewatermarket.com/assets/UNL-028-EN-SI5gVsXO.webp,¥11.74,$14.64,,"Pyke, Dockside Butcher UNL-028/219 CN ¥11.74 EN $14.64"
2026-09-27T19:59:28+00:00,https://bilgewatermarket.com/cards,"Pyke, Dockside Butcher",nonfoil,18.71,https://bilgewatermarket.com/cards/UNL-028a?print_variation=showcase,showcase,https://bilgewatermarket.com/assets/UNL-028a-EN-CfVRuC65.webp,¥17.89,$18.71,,"Pyke, Dockside Butcher UNL-028A/219 Showcase CN ¥17.89 EN $18.71"
2026-09-27T19:59:28+00:00,https://bilgewatermarket.com/cards,Red Brambleback,nonfoil,0.91,https://bilgewatermarket.com/cards/UNL-029,normal,https://bilgewatermarket.com/assets/UNL-029-EN-DXGcHPC8.webp,¥1.62,$0.91,,Red Brambleback UNL-029/219 CN ¥1.62 EN $0.91
2026-09-27T19:59:28+00:00,https://bilgewatermarket.com/cards,Red Brambleback,nonfoil,2.39,https://bilgewatermarket.com/cards/UNL-029a?print_variation=showcase,showcase,https://bilgewatermarket.com/assets/UNL-029a-EN-DjTliYJa.webp,¥3.13,$2.39,,Red Brambleback UNL-029A/219 Showcase CN ¥3.13 EN $2.39
2026-09-27T19:59:28+00:00,https://bilgewatermarket.com/cards,"Vi, Hotheaded",nonfoil,0.36,https://bilgewatermarket.com/cards/UNL-030,normal,https://bilgewatermarket.com/assets/UNL-030-EN-DbsfM_ea.webp,¥1.33,$0.36,,"Vi, Hotheaded UNL-030/219 CN ¥1.33 EN $0.36"
2026-09-27T19:59:28+00:00,https://bilgewatermarket.com/cards,"Vi, Hotheaded",nonfoil,4.94,https://bilgewatermarket.com/cards/UNL-030a?print_variation=showcase,showcase,https://bilgewatermarket.com/assets/UNL-030A-EN-Dq_3Nz_A.webp,¥2.20,$4.94,,"Vi, Hotheaded UNL-030A/219 Showcase CN ¥2.20 EN $4.94"
2026-09-27T19:59:28+00:00,https://bilgewatermarket.com/cards,Combat Experience,foil,0.10,https://bilgewatermarket.com/cards/UNL-031?print_variation=foiled,foiled,https://bilgewatermarket.com/assets/UNL-031-EN-DcNCiolo.webp,¥0.52,$0.10,,Combat Experience UNL-031/219 Foiled CN ¥0.52 EN $0.10
2026-09-27T19:59:28+00:00,https://bilgewatermarket.com/cards,Combat Experience,nonfoil,0.05,https://bilgewatermarket.com/cards/UNL-031,normal,https://bilgewatermarket.com/assets/UNL-031-EN-DcNCiolo.webp,¥0.50,$0.05,,Combat Experience UNL-031/219 CN ¥0.50 EN $0.05
2026-09-27T19:59:28+00:00,https://bilgewatermarket.com/cards,Double Trouble,foil,0.16,https://bilgewatermarket.com/cards/UNL-032?print_variation=foiled,foiled,https://bilgewatermarket.com/assets/UNL-032-EN-BOjYPd6q.webp,¥0.50,$0.16,,Double Trouble UNL-032/219 Foiled CN ¥0.50 EN $0.16
2026-09-27T19:59:28+00:00,https://bilgewatermarket.com/cards,Double Trouble,nonfoil,0.07,https://bilgewatermarket.com/cards/UNL-032,normal,https://bilgewatermarket.com/assets/UNL-032-EN-BOjYPd6q.webp,¥0.50,$0.07,,Double Trouble UNL-032/219 CN ¥0.50 EN $0.07
2026-09-27T19:59:28+00:00,https://bilgewatermarket.com/cards,Frisky Hunter,foil,0.23,https://bilgewatermarket.com/cards/UNL-033?print_variation=foiled,foiled,https://bilgewatermarket.com/assets/UNL-033-EN-BKds2bYj.webp,¥0.83,$0.23,,Frisky Hunter UNL-033/219 Foiled CN ¥0.83 EN $0.23
2026-09-27T19:59:28+00:00,https://bilgewatermarket.com/cards,Frisky Hunter,nonfoil,0.05,https://bilgewatermarket.com/cards/UNL-033,normal,https://bilgewatermarket.com/assets/UNL-033-EN-BKds2bYj.webp,¥0.50,$0.05,,Frisky Hunter UNL-033/219 CN ¥0.50 EN $0.05
2026-09-27T19:59:28+00:00,https://bilgewatermarket.com/cards,Herald of Spring,foil,0.17,https://bilgewatermarket.com/cards/UNL-034?print_variation=foiled,foiled,https://bilgewatermarket.com/assets/UNL-034-EN-Ck9gji2L.webp,¥0.61,$0.17,,Herald of Spring UNL-034/219 Foiled CN ¥0.61 EN $0.17
2026-09-27T19:59:28+00:00,https://bilgewatermarket.com/cards,Herald of Spring,nonfoil,0.05,https://bilgewatermarket.com/cards/UNL-034,normal,https://bilgewatermarket.com/assets/UNL-034-EN-Ck9gji2L.webp,¥0.52,$0.05,,Herald of Spring UNL-034/219 CN ¥0.52 EN $0.05
2026-09-27T19:59:28+00:00,https://bilgewatermarket.com/cards,Monch,foil,0.17,https://bilgewatermarket.com/cards/UNL-035?print_variation=foiled,foiled,https://bilgewatermarket.com/assets/UNL-035-EN-uM_-uM0w.webp,¥0.60,$0.17,,Monch UNL-035/219 Foiled CN ¥0.60 EN $0.17
2026-09-27T19:59:28+00:00,https://bilgewatermarket.com/cards,Monch,nonfoil,0.05,https://bilgewatermarket.com/cards/UNL-035,normal,https://bilgewatermarket.com/assets/UNL-035-EN-uM_-uM0w.webp,¥0.50,$0.05,,Monch UNL-035/219 CN ¥0.50 EN $0.05
2026-09-27T19:59:28+00:00,https://bilgewatermarket.com/cards,Mutated Mouser,foil,0.28,https://bilgewatermarket.com/cards/UNL-036?print_variation=foiled,foiled,https://bilgewatermarket.com/assets/UNL-036-EN-Bku3wAWV.webp,¥1.15,$0.28,,Mutated Mouser UNL-036/219 Foiled CN ¥1.15 EN $0.28
2026-09-27T19:59:28+00:00,https://bilgewatermarket.com/cards,Mutated Mouser,nonfoil,0.10,https://bilgewatermarket.com/cards/UNL-036,normal,https://bilgewatermarket.com/assets/UNL-036-EN-Bku3wAWV.webp,¥0.50,$0.10,,Mutated Mouser UNL-036/219 CN ¥0.50 EN $0.10
2026-09-27T19:59:28+00:00,https://bilgewatermarket.com/cards,Shadow Watcher,foil,0.15,https://bilgewatermarket.com/cards/UNL-037?print_variation=foiled,foiled,https://bilgewatermarket.com/assets/UNL-037-EN-DJxe6NSs.webp,¥0.50,$0.15,,Shadow Watcher UNL-037/219 Foiled CN ¥0.50 EN $0.15
2026-09-27T19:59:28+00:00,https://bilgewatermarket.com/cards,Shadow Watcher,nonfoil,0.05,https://bilgewatermarket.com/cards/UNL-037,normal,https://bilgewatermarket.com/assets/UNL-037-EN-DJxe6NSs.webp,¥0.50,$0.05,,Shadow Watcher UNL-037/219 CN ¥0.50 EN $0.05
2026-09-27T19:59:28+00:00,https://bilgewatermarket.com/cards,Skyward Strike,foil,0.22,https://bilgewatermarket.com/cards/UNL-038?print_variation=foiled,foiled,https://bilgewatermarket.com/assets/UNL-038-EN-Db8QhD6T.webp,¥1.03,$0.22,,Skyward Strike UNL-038/219 Foiled CN ¥1.03 EN $0.22
2026-09-27T19:59:28+00:00,https://bilgewatermarket.com/cards,Skyward Strike,nonfoil,0.09,https://bilgewatermarket.com/cards/UNL-038,normal,https://bilgewatermarket.com/assets/UNL-038-EN-Db8QhD6T.webp,¥0.50,$0.09,,Skyward Strike UNL-038/219 CN ¥0.50 EN $0.09
2026-09-27T19:59:28+00:00,https://bilgewatermarket.com/cards,Soul Sword,foil,0.26,https://bilgewatermarket.com/cards/UNL-039?print_variation=foiled,foiled,https://bilgewatermarket.com/assets/UNL-039-EN-LuonHqwB.webp,¥0.70,$0.26,,Soul Sword UNL-039/219 Foiled CN ¥0.70 EN $0.26
2026-09-27T19:59:28+00:00,https://bilgewatermarket.com/cards,Soul Sword,nonfoil,0.08,https://bilgewatermarket.com/cards/UNL-039,normal,https://bilgewatermarket.com/assets/UNL-039-EN-LuonHqwB.webp,¥0.51,$0.08,,Soul Sword UNL-039/219 CN ¥0.51 EN $0.08
2026-09-27T19:59:28+00:00,https://bilgewatermarket.com/cards,Wuju Apprentice,foil,0.15,https://bilgewatermarket.com/cards/UNL-040?print_variation=foiled,foiled,https://bilgewatermarket.com/assets/UNL-040-EN-DVqrXEo3.webp,¥0.71,$0.15,,Wuju Apprentice UNL-040/219 Foiled CN ¥0.71 EN $0.15
2026-09-27T19:59:28+00:00,https://bilgewatermarket.com/cards,Wuju Apprentice,nonfoil,0.08,https://bilgewatermarket.com/cards/UNL-040,normal,https://bilgewatermarket.com/assets/UNL-040-EN-DVqrXEo3.webp,¥0.50,$0.08,,Wuju Apprentice UNL-040/219 CN ¥0.50 EN $0.08
2026-09-27T19:59:28+00:00,https://bilgewatermarket.com/cards,"Allay, Eager Admirer",foil,0.43,https://bilgewatermarket.com/cards/UNL-041?print_variation=foiled,foiled,https://bilgewatermarket.com/assets/UNL-041-EN-NXNqRn-y.webp,¥1.23,$0.43,,"Allay, Eager Admirer UNL-041/219 Foiled CN ¥1.23 EN $0.43"
2026-09-27T19:59:28+00:00,https://bilgewatermarket.com/cards,"Allay, Eager Admirer",nonfoil,0.12,https://bilgewatermarket.com/cards/UNL-041,normal,https://bilgewatermarket.com/assets/UNL-041-EN-NXNqRn-y.webp,¥0.55,$0.12,,"Allay, Eager Admirer UNL-041/219 CN ¥0.55 EN $0.12"
2026-09-27T19:59:28+00:00,https://bilgewatermarket.com/cards,Back Off,foil,1.47,https://bilgewatermarket.com/cards/UNL-042?print_variation=foiled,foiled,https://bilgewatermarket.com/assets/UNL-042-EN-Buern1l2.webp,¥4.91,$1.47,,Back Off UNL-042/219 Foiled CN ¥4.91 EN $1.47
2026-09-27T19:59:28+00:00,https://bilgewatermarket.com/cards,Back Off,nonfoil,0.28,https://bilgewatermarket.com/cards/UNL-042,normal,https://bilgewatermarket.com/assets/UNL-042-EN-Buern1l2.webp,¥2.14,$0.28,,Back Off UNL-042/219 CN ¥2.14 EN $0.28
2026-09-27T19:59:28+00:00,https://bilgewatermarket.com/cards,Enthusiastic Promoter,foil,0.21,https://bilgewatermarket.com/cards/UNL-043?print_variation=foiled,foiled,https://bilgewatermarket.com/assets/UNL-043-EN-Rhl5y_aE.webp,¥0.50,$0.21,,Enthusiastic Promoter UNL-043/219 Foiled CN ¥0.50 EN $0.21
2026-09-27T19:59:28+00:00,https://bilgewatermarket.com/cards,Enthusiastic Promoter,nonfoil,0.08,https://bilgewatermarket.com/cards/UNL-043,normal,https://bilgewatermarket.com/assets/UNL-043-EN-Rhl5y_aE.webp,¥0.50,$0.08,,Enthusiastic Promoter UNL-043/219 CN ¥0.50 EN $0.08
2026-09-27T19:59:28+00:00,https://bilgewatermarket.com/cards,Flurry of Feathers,foil,0.47,https://bilgewatermarket.com/cards/UNL-044?print_variation=foiled,foiled,https://bilgewatermarket.com/assets/UNL-044-EN-0dmkpnLh.webp,¥2.74,$0.47,,Flurry of Feathers UNL-044/219 Foiled CN ¥2.74 EN $0.47
2026-09-27T19:59:28+00:00,https://bilgewatermarket.com/cards,Flurry of Feathers,nonfoil,0.17,https://bilgewatermarket.com/cards/UNL-044,normal,https://bilgewatermarket.com/assets/UNL-044-EN-0dmkpnLh.webp,¥0.89,$0.17,,Flurry of Feathers UNL-044/219 CN ¥0.89 EN $0.17
2026-09-27T19:59:28+00:00,https://bilgewatermarket.com/cards,Forgotten Signpost,foil,0.35,https://bilgewatermarket.com/cards/UNL-045?print_variation=foiled,foiled,https://bilgewatermarket.com/assets/UNL-045-EN-COEbARo5.webp,¥1.22,$0.35,,Forgotten Signpost UNL-045/219 Foiled CN ¥1.22 EN $0.35
2026-09-27T19:59:28+00:00,https://bilgewatermarket.com/cards,Forgotten Signpost,nonfoil,0.14,https://bilgewatermarket.com/cards/UNL-045,normal,https://bilgewatermarket.com/assets/UNL-045-EN-COEbARo5.webp,¥0.72,$0.14,,Forgotten Signpost UNL-045/219 CN ¥0.72 EN $0.14
2026-09-27T19:59:28+00:00,https://bilgewatermarket.com/cards,Friendship,foil,0.35,https://bilgewatermarket.com/cards/UNL-046?print_variation=foiled,foiled,https://bilgewatermarket.com/assets/UNL-046-EN-BW2olehp.webp,¥1.58,$0.35,,Friendship UNL-046/219 Foiled CN ¥1.58 EN $0.35
2026-09-27T19:59:28+00:00,https://bilgewatermarket.com/cards,Friendship,nonfoil,0.17,https://bilgewatermarket.com/cards/UNL-046,normal,https://bilgewatermarket.com/assets/UNL-046-EN-BW2olehp.webp,¥0.58,$0.17,,Friendship UNL-046/219 CN ¥0.58 EN $0.17
2026-09-27T19:59:28+00:00,https://bilgewatermarket.com/cards,Mosstomper,foil,0.28,https://bilgewatermarket.com/cards/UNL-047?print_variation=foiled,foiled,https://bilgewatermarket.com/assets/UNL-047-EN-By0s-ZLa.webp,¥0.50,$0.28,,Mosstomper UNL-047/219 Foiled CN ¥0.50 EN $0.28
2026-09-27T19:59:28+00:00,https://bilgewatermarket.com/cards,Mosstomper,nonfoil,0.07,https://bilgewatermarket.com/cards/UNL-047,normal,https://bilgewatermarket.com/assets/UNL-047-EN-By0s-ZLa.webp,¥0.50,$0.07,,Mosstomper UNL-047/219 CN ¥0.50 EN $0.07
2026-09-27T19:59:28+00:00,https://bilgewatermarket.com/cards,Trevor Snoozebottom,foil,0.21,https://bilgewatermarket.com/cards/UNL-048?print_variation=foiled,foiled,https://bilgewatermarket.com/assets/UNL-048-EN-BId4iV5T.webp,¥1.21,$0.21,,Trevor Snoozebottom UNL-048/219 Foiled CN ¥1.21 EN $0.21
2026-09-27T19:59:28+00:00,https://bilgewatermarket.com/cards,Trevor Snoozebottom,nonfoil,0.10,https://bilgewatermarket.com/cards/UNL-048,normal,https://bilgewatermarket.com/assets/UNL-048-EN-BId4iV5T.webp,¥0.55,$0.10,,Trevor Snoozebottom UNL-048/219 CN ¥0.55 EN $0.10
2026-09-27T19:59:28+00:00,https://bilgewatermarket.com/cards,Honeyfruit,nonfoil,0.21,https://bilgewatermarket.com/cards/UNL-049,normal,https://bilgewatermarket.com/assets/UNL-049-EN-BKOQBB8R.webp,¥1.07,$0.21,,Honeyfruit UNL-049/219 CN ¥1.07 EN $0.21
2026-09-27T19:59:28+00:00,https://bilgewatermarket.com/cards,Iascylla,nonfoil,0.17,https://bilgewatermarket.com/cards/UNL-050,normal,https://bilgewatermarket.com/assets/UNL-050-EN-BjvNso48.webp,¥0.50,$0.17,,Iascylla UNL-050/219 CN ¥0.50 EN $0.17
2026-09-27T19:59:28+00:00,https://bilgewatermarket.com/cards,"Ivern, Nurturer",nonfoil,0.20,https://bilgewatermarket.com/cards/UNL-051,normal,https://bilgewatermarket.com/assets/UNL-051-EN-Do8PHT-3.webp,¥0.54,$0.20,,"Ivern, Nurturer UNL-051/219 CN ¥0.54 EN $0.20"
2026-09-27T19:59:28+00:00,https://bilgewatermarket.com/cards,"Ivern, Nurturer",nonfoil,2.25,https://bilgewatermarket.com/cards/UNL-051a?print_variation=showcase,showcase,https://bilgewatermarket.com/assets/UNL-051A-EN-LSfJSKRl.webp,¥2.01,$2.25,,"Ivern, Nurturer UNL-051A/219 Showcase CN ¥2.01 EN $2.25"
2026-09-27T19:59:28+00:00,https://bilgewatermarket.com/cards,"Nami, Headstrong",nonfoil,0.34,https://bilgewatermarket.com/cards/UNL-052,normal,https://bilgewatermarket.com/assets/UNL-052-EN-C3Cxj-wz.webp,¥0.93,$0.34,,"Nami, Headstrong UNL-052/219 CN ¥0.93 EN $0.34"
2026-09-27T19:59:28+00:00,https://bilgewatermarket.com/cards,Scuttle Crab,nonfoil,4.08,https://bilgewatermarket.com/cards/UNL-053,normal,https://bilgewatermarket.com/assets/UNL-053-EN-B_4pY2K1.webp,¥17.71,$4.08,,Scuttle Crab UNL-053/219 CN ¥17.71 EN $4.08
2026-09-27T19:59:28+00:00,https://bilgewatermarket.com/cards,Tricksy Tentacles,nonfoil,0.28,https://bilgewatermarket.com/cards/UNL-054,normal,https://bilgewatermarket.com/assets/UNL-054-EN-a_y_-az3.webp,¥0.80,$0.28,,Tricksy Tentacles UNL-054/219 CN ¥0.80 EN $0.28
2026-09-27T19:59:28+00:00,https://bilgewatermarket.com/cards,"Vex, Mocking",nonfoil,0.19,https://bilgewatermarket.com/cards/UNL-055,normal,https://bilgewatermarket.com/assets/UNL-055-EN-Bm-HvfJO.webp,¥0.56,$0.19,,"Vex, Mocking UNL-055/219 CN ¥0.56 EN $0.19"
2026-09-27T19:59:28+00:00,https://bilgewatermarket.com/cards,"Vex, Mocking",nonfoil,2.39,https://bilgewatermarket.com/cards/UNL-055a?print_variation=showcase,showcase,https://bilgewatermarket.com/assets/UNL-055a-EN-CY2pbK3d.webp,¥3.07,$2.39,,"Vex, Mocking UNL-055A/219 Showcase CN ¥3.07 EN $2.39"
2026-09-27T19:59:28+00:00,https://bilgewatermarket.com/cards,"Yuumi, Magical Cat",nonfoil,0.24,https://bilgewatermarket.com/cards/UNL-056,normal,https://bilgewatermarket.com/assets/UNL-056-EN-B1w1m3yk.webp,¥0.78,$0.24,,"Yuumi, Magical Cat UNL-056/219 CN ¥0.78 EN $0.24"
2026-09-27T19:59:28+00:00,https://bilgewatermarket.com/cards,Alpha Wildclaw,nonfoil,0.82,https://bilgewatermarket.com/cards/UNL-057,normal,https://bilgewatermarket.com/assets/UNL-057-EN-C74Gh3Ub.webp,¥3.72,$0.82,,Alpha Wildclaw UNL-057/219 CN ¥3.72 EN $0.82
2026-09-27T19:59:28+00:00,https://bilgewatermarket.com/cards,"Lillia, Protector of Dreams",nonfoil,0.62,https://bilgewatermarket.com/cards/UNL-058,normal,https://bilgewatermarket.com/assets/UNL-058-EN-BcGzJVH9.webp,¥1.40,$0.62,,"Lillia, Protector of Dreams UNL-058/219 CN ¥1.40 EN $0.62"
2026-09-27T19:59:28+00:00,https://bilgewatermarket.com/cards,"Lillia, Protector of Dreams",nonfoil,6.97,https://bilgewatermarket.com/cards/UNL-058a?print_variation=showcase,showcase,https://bilgewatermarket.com/assets/UNL-058A-EN-CG9hoIX4.webp,¥5.38,$6.97,,"Lillia, Protector of Dreams UNL-058A/219 Showcase CN ¥5.38 EN $6.97"
2026-09-27T19:59:28+00:00,https://bilgewatermarket.com/cards,"Master Yi, Unstoppable",nonfoil,0.99,https://bilgewatermarket.com/cards/UNL-059,normal,https://bilgewatermarket.com/assets/UNL-059-EN-Dk7qRV9R.webp,¥4.04,$0.99,,"Master Yi, Unstoppable UNL-059/219 CN ¥4.04 EN $0.99"
2026-09-27T19:59:28+00:00,https://bilgewatermarket.com/cards,"Master Yi, Unstoppable",nonfoil,3.28,https://bilgewatermarket.com/cards/UNL-059a?print_variation=showcase,showcase,https://bilgewatermarket.com/assets/UNL-059A-EN-CQk9HuBe.webp,¥9.55,$3.28,,"Master Yi, Unstoppable UNL-059A/219 Showcase CN ¥9.55 EN $3.28"
2026-09-27T19:59:28+00:00,https://bilgewatermarket.com/cards,Vilemaw,nonfoil,19.68,https://bilgewatermarket.com/cards/UNL-060,normal,https://bilgewatermarket.com/assets/UNL-060-EN-BUcVHge1.webp,¥38.95,$19.68,,Vilemaw UNL-060/219 CN ¥38.95 EN $19.68
2026-09-27T19:59:28+00:00,https://bilgewatermarket.com/cards,Vilemaw,nonfoil,23.02,https://bilgewatermarket.com/cards/UNL-060a?print_variation=showcase,showcase,https://bilgewatermarket.com/assets/UNL-060A-EN-BCQMqWKV.webp,¥45.30,$23.02,,Vilemaw UNL-060A/219 Showcase CN ¥45.30 EN $23.02
2026-09-27T19:59:28+00:00,https://bilgewatermarket.com/cards,Downstage Dramatics,foil,0.22,https://bilgewatermarket.com/cards/UNL-061?print_variation=foiled,foiled,https://bilgewatermarket.com/assets/UNL-061-EN-tm1hOwmc.webp,¥1.00,$0.22,,Downstage Dramatics UNL-061/219 Foiled CN ¥1.00 EN $0.22
2026-09-27T19:59:28+00:00,https://bilgewatermarket.com/cards,Downstage Dramatics,nonfoil,0.07,https://bilgewatermarket.com/cards/UNL-061,normal,https://bilgewatermarket.com/assets/UNL-061-EN-tm1hOwmc.webp,¥0.50,$0.07,,Downstage Dramatics UNL-061/219 CN ¥0.50 EN $0.07
2026-09-27T19:59:28+00:00,https://bilgewatermarket.com/cards,Dramatic Visionary,foil,0.17,https://bilgewatermarket.com/cards/UNL-062?print_variation=foiled,foiled,https://bilgewatermarket.com/assets/UNL-062-EN-BizGwpBK.webp,¥0.50,$0.17,,Dramatic Visionary UNL-062/219 Foiled CN ¥0.50 EN $0.17
2026-09-27T19:59:28+00:00,https://bilgewatermarket.com/cards,Dramatic Visionary,nonfoil,0.05,https://bilgewatermarket.com/cards/UNL-062,normal,https://bilgewatermarket.com/assets/UNL-062-EN-BizGwpBK.webp,¥0.51,$0.05,,Dramatic Visionary UNL-062/219 CN ¥0.51 EN $0.05
2026-09-27T19:59:28+00:00,https://bilgewatermarket.com/cards,Eclipse,foil,0.29,https://bilgewatermarket.com/cards/UNL-063?print_variation=foiled,foiled,https://bilgewatermarket.com/assets/UNL-063-EN-Blu5QzRZ.webp,¥1.92,$0.29,,Eclipse UNL-063/219 Foiled CN ¥1.92 EN $0.29
2026-09-27T19:59:28+00:00,https://bilgewatermarket.com/cards,Eclipse,nonfoil,0.14,https://bilgewatermarket.com/cards/UNL-063,normal,https://bilgewatermarket.com/assets/UNL-063-EN-Blu5QzRZ.webp,¥0.55,$0.14,,Eclipse UNL-063/219 CN ¥0.55 EN $0.14
2026-09-27T19:59:28+00:00,https://bilgewatermarket.com/cards,Fate Weaver,foil,0.11,https://bilgewatermarket.com/cards/UNL-064?print_variation=foiled,foiled,https://bilgewatermarket.com/assets/UNL-064-EN-CpmHBHPZ.webp,¥0.50,$0.11,,Fate Weaver UNL-064/219 Foiled CN ¥0.50 EN $0.11
2026-09-27T19:59:28+00:00,https://bilgewatermarket.com/cards,Fate Weaver,nonfoil,0.04,https://bilgewatermarket.com/cards/UNL-064,normal,https://bilgewatermarket.com/assets/UNL-064-EN-CpmHBHPZ.webp,¥0.50,$0.04,,Fate Weaver UNL-064/219 CN ¥0.50 EN $0.04
2026-09-27T19:59:28+00:00,https://bilgewatermarket.com/cards,Icevale Archer,foil,0.13,https://bilgewatermarket.com/cards/UNL-065?print_variation=foiled,foiled,https://bilgewatermarket.com/assets/UNL-065-EN-Dyqtymor.webp,¥0.50,$0.13,,Icevale Archer UNL-065/219 Foiled CN ¥0.50 EN $0.13
2026-09-27T19:59:28+00:00,https://bilgewatermarket.com/cards,Icevale Archer,nonfoil,0.05,https://bilgewatermarket.com/cards/UNL-065,normal,https://bilgewatermarket.com/assets/UNL-065-EN-Dyqtymor.webp,¥0.51,$0.05,,Icevale Archer UNL-065/219 CN ¥0.51 EN $0.05
2026-09-27T19:59:28+00:00,https://bilgewatermarket.com/cards,Moonlight Affliction,foil,0.16,https://bilgewatermarket.com/cards/UNL-066?print_variation=foiled,foiled,https://bilgewatermarket.com/assets/UNL-066-EN-BZqDZFpx.webp,¥0.90,$0.16,,Moonlight Affliction UNL-066/219 Foiled CN ¥0.90 EN $0.16
2026-09-27T19:59:28+00:00,https://bilgewatermarket.com/cards,Moonlight Affliction,nonfoil,0.04,https://bilgewatermarket.com/cards/UNL-066,normal,https://bilgewatermarket.com/assets/UNL-066-EN-BZqDZFpx.webp,¥0.50,$0.04,,Moonlight Affliction UNL-066/219 CN ¥0.50 EN $0.04
2026-09-27T19:59:28+00:00,https://bilgewatermarket.com/cards,Ruined Rex,foil,0.26,https://bilgewatermarket.com/cards/UNL-067?print_variation=foiled,foiled,https://bilgewatermarket.com/assets/UNL-067-EN-VCtsAkY8.webp,¥1.02,$0.26,,Ruined Rex UNL-067/219 Foiled CN ¥1.02 EN $0.26
2026-09-27T19:59:28+00:00,https://bilgewatermarket.com/cards,Ruined Rex,nonfoil,0.07,https://bilgewatermarket.com/cards/UNL-067,normal,https://bilgewatermarket.com/assets/UNL-067-EN-VCtsAkY8.webp,¥0.54,$0.07,,Ruined Rex UNL-067/219 CN ¥0.54 EN $0.07
2026-09-27T19:59:28+00:00,https://bilgewatermarket.com/cards,Spectral Centaur,foil,0.13,https://bilgewatermarket.com/cards/UNL-068?print_variation=foiled,foiled,https://bilgewatermarket.com/assets/UNL-068-EN-CF86_zxr.webp,¥0.50,$0.13,,Spectral Centaur UNL-068/219 Foiled CN ¥0.50 EN $0.13
2026-09-27T19:59:28+00:00,https://bilgewatermarket.com/cards,Spectral Centaur,nonfoil,0.05,https://bilgewatermarket.com/cards/UNL-068,normal,https://bilgewatermarket.com/assets/UNL-068-EN-CF86_zxr.webp,¥0.50,$0.05,,Spectral Centaur UNL-068/219 CN ¥0.50 EN $0.05
2026-09-27T19:59:28+00:00,https://bilgewatermarket.com/cards,Sprite Burst,foil,0.30,https://bilgewatermarket.com/cards/UNL-069?print_variation=foiled,foiled,https://bilgewatermarket.com/assets/UNL-069-EN-nzdFEtn2.webp,¥2.28,$0.30,,Sprite Burst UNL-069/219 Foiled CN ¥2.28 EN $0.30
2026-09-27T19:59:28+00:00,https://bilgewatermarket.com/cards,Sprite Burst,nonfoil,0.12,https://bilgewatermarket.com/cards/UNL-069,normal,https://bilgewatermarket.com/assets/UNL-069-EN-nzdFEtn2.webp,¥0.55,$0.12,,Sprite Burst UNL-069/219 CN ¥0.55 EN $0.12
2026-09-27T19:59:28+00:00,https://bilgewatermarket.com/cards,Turn to Dust,foil,0.89,https://bilgewatermarket.com/cards/UNL-070?print_variation=foiled,foiled,https://bilgewatermarket.com/assets/UNL-070-EN-Dfd5N5TK.webp,¥1.97,$0.89,,Turn to Dust UNL-070/219 Foiled CN ¥1.97 EN $0.89
2026-09-27T19:59:28+00:00,https://bilgewatermarket.com/cards,Turn to Dust,nonfoil,0.15,https://bilgewatermarket.com/cards/UNL-070,normal,https://bilgewatermarket.com/assets/UNL-070-EN-Dfd5N5TK.webp,¥0.53,$0.15,,Turn to Dust UNL-070/219 CN ¥0.53 EN $0.15
2026-09-27T19:59:28+00:00,https://bilgewatermarket.com/cards,Chakram Dancer,foil,0.22,https://bilgewatermarket.com/cards/UNL-071?print_variation=foiled,foiled,https://bilgewatermarket.com/assets/UNL-071-EN-B-mjlYQn.webp,¥1.72,$0.22,,Chakram Dancer UNL-071/219 Foiled CN ¥1.72 EN $0.22
2026-09-27T19:59:28+00:00,https://bilgewatermarket.com/cards,Chakram Dancer,nonfoil,0.11,https://bilgewatermarket.com/cards/UNL-071,normal,https://bilgewatermarket.com/assets/UNL-071-EN-B-mjlYQn.webp,¥0.51,$0.11,,Chakram Dancer UNL-071/219 CN ¥0.51 EN $0.11
2026-09-27T19:59:28+00:00,https://bilgewatermarket.com/cards,Crescent Strike,foil,0.26,https://bilgewatermarket.com/cards/UNL-072?print_variation=foiled,foiled,https://bilgewatermarket.com/assets/UNL-072-EN-Bf53vKDM.webp,¥1.01,$0.26,,Crescent Strike UNL-072/219 Foiled CN ¥1.01 EN $0.26
2026-09-27T19:59:28+00:00,https://bilgewatermarket.com/cards,Crescent Strike,nonfoil,0.12,https://bilgewatermarket.com/cards/UNL-072,normal,https://bilgewatermarket.com/assets/UNL-072-EN-Bf53vKDM.webp,¥0.52,$0.12,,Crescent Strike UNL-072/219 CN ¥0.52 EN $0.12
2026-09-27T19:59:28+00:00,https://bilgewatermarket.com/cards,Deadly Flourish,foil,5.24,https://bilgewatermarket.com/cards/UNL-073?print_variation=foiled,foiled,https://bilgewatermarket.com/assets/UNL-073-EN-C5jm9cDL.webp,¥2.51,$5.24,,Deadly Flourish UNL-073/219 Foiled CN ¥2.51 EN $5.24
2026-09-27T19:59:28+00:00,https://bilgewatermarket.com/cards,Deadly Flourish,nonfoil,0.30,https://bilgewatermarket.com/cards/UNL-073,normal,https://bilgewatermarket.com/assets/UNL-073-EN-C5jm9cDL.webp,¥0.81,$0.30,,Deadly Flourish UNL-073/219 CN ¥0.81 EN $0.30
2026-09-27T19:59:28+00:00,https://bilgewatermarket.com/cards,Frigid Jewel,foil,0.48,https://bilgewatermarket.com/cards/UNL-074?print_variation=foiled,foiled,https://bilgewatermarket.com/assets/UNL-074-EN-DhLBIaAJ.webp,¥1.11,$0.48,,Frigid Jewel UNL-074/219 Foiled CN ¥1.11 EN $0.48
2026-09-27T19:59:28+00:00,https://bilgewatermarket.com/cards,Frigid Jewel,nonfoil,0.11,https://bilgewatermarket.com/cards/UNL-074,normal,https://bilgewatermarket.com/assets/UNL-074-EN-DhLBIaAJ.webp,¥0.51,$0.11,,Frigid Jewel UNL-074/219 CN ¥0.51 EN $0.11
2026-09-27T19:59:28+00:00,https://bilgewatermarket.com/cards,Gustwalker,foil,0.25,https://bilgewatermarket.com/cards/UNL-075?print_variation=foiled,foiled,https://bilgewatermarket.com/assets/UNL-075-EN-DMd-ptQm.webp,¥0.70,$0.25,,Gustwalker UNL-075/219 Foiled CN ¥0.70 EN $0.25
2026-09-27T19:59:28+00:00,https://bilgewatermarket.com/cards,Gustwalker,nonfoil,0.10,https://bilgewatermarket.com/cards/UNL-075,normal,https://bilgewatermarket.com/assets/UNL-075-EN-DMd-ptQm.webp,¥0.50,$0.10,,Gustwalker UNL-075/219 CN ¥0.50 EN $0.10
2026-09-27T19:59:28+00:00,https://bilgewatermarket.com/cards,Petal Pixie,foil,0.26,https://bilgewatermarket.com/cards/UNL-076?print_variation=foiled,foiled,https://bilgewatermarket.com/assets/UNL-076-EN-BfONaq_I.webp,¥1.00,$0.26,,Petal Pixie UNL-076/219 Foiled CN ¥1.00 EN $0.26
2026-09-27T19:59:28+00:00,https://bilgewatermarket.com/cards,Petal Pixie,nonfoil,0.11,https://bilgewatermarket.com/cards/UNL-076,normal,https://bilgewatermarket.com/assets/UNL-076-EN-BfONaq_I.webp,¥0.53,$0.11,,Petal Pixie UNL-076/219 CN ¥0.53 EN $0.11
2026-09-27T19:59:28+00:00,https://bilgewatermarket.com/cards,Soul Shepherd,foil,0.30,https://bilgewatermarket.com/cards/UNL-077?print_variation=foiled,foiled,https://bilgewatermarket.com/assets/UNL-077-EN-DuzYbmwh.webp,¥0.72,$0.30,,Soul Shepherd UNL-077/219 Foiled CN ¥0.72 EN $0.30
2026-09-27T19:59:28+00:00,https://bilgewatermarket.com/cards,Soul Shepherd,nonfoil,0.13,https://bilgewatermarket.com/cards/UNL-077,normal,https://bilgewatermarket.com/assets/UNL-077-EN-DuzYbmwh.webp,¥0.69,$0.13,,Soul Shepherd UNL-077/219 CN ¥0.69 EN $0.13
2026-09-27T19:59:28+00:00,https://bilgewatermarket.com/cards,Sprite Fountain,foil,7.42,https://bilgewatermarket.com/cards/UNL-078?print_variation=foiled,foiled,https://bilgewatermarket.com/assets/UNL-078-EN-DLS_b69H.webp,¥5.19,$7.42,,Sprite Fountain UNL-078/219 Foiled CN ¥5.19 EN $7.42
2026-09-27T19:59:28+00:00,https://bilgewatermarket.com/cards,Sprite Fountain,nonfoil,3.02,https://bilgewatermarket.com/cards/UNL-078,normal,https://bilgewatermarket.com/assets/UNL-078-EN-DLS_b69H.webp,¥1.96,$3.02,,Sprite Fountain UNL-078/219 CN ¥1.96 EN $3.02
2026-09-27T19:59:28+00:00,https://bilgewatermarket.com/cards,"Diana, Lunari",nonfoil,0.19,https://bilgewatermarket.com/cards/UNL-079,normal,https://bilgewatermarket.com/assets/UNL-079-EN-DCLt2sli.webp,¥0.98,$0.19,,"Diana, Lunari UNL-079/219 CN ¥0.98 EN $0.19"
2026-09-27T19:59:28+00:00,https://bilgewatermarket.com/cards,"Diana, Lunari",nonfoil,5.76,https://bilgewatermarket.com/cards/UNL-079a?print_variation=showcase,showcase,https://bilgewatermarket.com/assets/UNL-079a-EN-C-UIvsBz.webp,¥13.06,$5.76,,"Diana, Lunari UNL-079A/219 Showcase CN ¥13.06 EN $5.76"
2026-09-27T19:59:28+00:00,https://bilgewatermarket.com/cards,"Hwei, Brooding Painter",nonfoil,3.17,https://bilgewatermarket.com/cards/UNL-080,normal,https://bilgewatermarket.com/assets/UNL-080-EN-cpnGEpWi.webp,¥2.88,$3.17,,"Hwei, Brooding Painter UNL-080/219 CN ¥2.88 EN $3.17"
2026-09-27T19:59:28+00:00,https://bilgewatermarket.com/cards,Keeper of Masks,nonfoil,0.17,https://bilgewatermarket.com/cards/UNL-081,normal,https://bilgewatermarket.com/assets/UNL-081-EN-BD2ihnle.webp,¥0.62,$0.17,,Keeper of Masks UNL-081/219 CN ¥0.62 EN $0.17
2026-09-27T19:59:28+00:00,https://bilgewatermarket.com/cards,"Lillia, Fae Fawn",nonfoil,0.44,https://bilgewatermarket.com/cards/UNL-082,normal,https://bilgewatermarket.com/assets/UNL-082-EN-D4h2dWaw.webp,¥0.77,$0.44,,"Lillia, Fae Fawn UNL-082/219 CN ¥0.77 EN $0.44"
2026-09-27T19:59:28+00:00,https://bilgewatermarket.com/cards,"Lillia, Fae Fawn",nonfoil,9.07,https://bilgewatermarket.com/cards/UNL-082a?print_variation=showcase,showcase,https://bilgewatermarket.com/assets/UNL-082a-EN-BGn8VW3r.webp,¥13.06,$9.07,,"Lillia, Fae Fawn UNL-082A/219 Showcase CN ¥13.06 EN $9.07"
2026-09-27T19:59:28+00:00,https://bilgewatermarket.com/cards,Smoke and Mirrors,nonfoil,0.59,https://bilgewatermarket.com/cards/UNL-083,normal,https://bilgewatermarket.com/assets/UNL-083-EN-gBPEIMmK.webp,¥1.71,$0.59,,Smoke and Mirrors UNL-083/219 CN ¥1.71 EN $0.59
2026-09-27T19:59:28+00:00,https://bilgewatermarket.com/cards,Sprite Queen,nonfoil,0.21,https://bilgewatermarket.com/cards/UNL-084,normal,https://bilgewatermarket.com/assets/UNL-084-EN-X2XeQDWh.webp,¥1.23,$0.21,,Sprite Queen UNL-084/219 CN ¥1.23 EN $0.21
2026-09-27T19:59:28+00:00,https://bilgewatermarket.com/cards,Sumpworks Map,nonfoil,0.14,https://bilgewatermarket.com/cards/UNL-085,normal,https://bilgewatermarket.com/assets/UNL-085-EN-lI2aHH3Y.webp,¥0.62,$0.14,,Sumpworks Map UNL-085/219 CN ¥0.62 EN $0.14
2026-09-27T19:59:28+00:00,https://bilgewatermarket.com/cards,"Zilean, Time Mage",nonfoil,0.20,https://bilgewatermarket.com/cards/UNL-086,normal,https://bilgewatermarket.com/assets/UNL-086-EN-82c5Y-k9.webp,¥0.54,$0.20,,"Zilean, Time Mage UNL-086/219 CN ¥0.54 EN $0.20"
2026-09-27T19:59:28+00:00,https://bilgewatermarket.com/cards,Blue Sentinel,nonfoil,3.16,https://bilgewatermarket.com/cards/UNL-087,normal,https://bilgewatermarket.com/assets/UNL-087-EN-Cqi4CbxN.webp,¥2.28,$3.16,,Blue Sentinel UNL-087/219 CN ¥2.28 EN $3.16
2026-09-27T19:59:28+00:00,https://bilgewatermarket.com/cards,Blue Sentinel,nonfoil,4.97,https://bilgewatermarket.com/cards/UNL-087a?print_variation=showcase,showcase,https://bilgewatermarket.com/assets/UNL-087A-EN-qJwqaLaJ.webp,¥7.56,$4.97,,Blue Sentinel UNL-087A/219 Showcase CN ¥7.56 EN $4.97
2026-09-27T19:59:28+00:00,https://bilgewatermarket.com/cards,Gutter Palace,nonfoil,3.69,https://bilgewatermarket.com/cards/UNL-088,normal,https://bilgewatermarket.com/assets/UNL-088-EN-DE_65eAp.webp,¥6.46,$3.69,,Gutter Palace UNL-088/219 CN ¥6.46 EN $3.69
2026-09-27T19:59:28+00:00,https://bilgewatermarket.com/cards,"Jhin, Meticulous Killer",nonfoil,1.70,https://bilgewatermarket.com/cards/UNL-089,normal,https://bilgewatermarket.com/assets/UNL-089-EN-Dl88m0Z_.webp,¥3.75,$1.70,,"Jhin, Meticulous Killer UNL-089/219 CN ¥3.75 EN $1.70"
2026-09-27T19:59:28+00:00,https://bilgewatermarket.com/cards,"Jhin, Meticulous Killer",nonfoil,4.27,https://bilgewatermarket.com/cards/UNL-089a?print_variation=showcase,showcase,https://bilgewatermarket.com/assets/UNL-089A-EN-C7vwBDMb.webp,¥7.99,$4.27,,"Jhin, Meticulous Killer UNL-089A/219 Showcase CN ¥7.99 EN $4.27"
2026-09-27T19:59:28+00:00,https://bilgewatermarket.com/cards,"LeBlanc, Everywhere at Once",nonfoil,4.02,https://bilgewatermarket.com/cards/UNL-090,normal,https://bilgewatermarket.com/assets/UNL-090-EN-DSSLtE-E.webp,¥2.37,$4.02,,"LeBlanc, Everywhere at Once UNL-090/219 CN ¥2.37 EN $4.02"
2026-09-27T19:59:28+00:00,https://bilgewatermarket.com/cards,"LeBlanc, Everywhere at Once",nonfoil,8.08,https://bilgewatermarket.com/cards/UNL-090a?print_variation=showcase,showcase,https://bilgewatermarket.com/assets/UNL-090A-EN-E-wWfZOR.webp,¥11.22,$8.08,,"LeBlanc, Everywhere at Once UNL-090A/219 Showcase CN ¥11.22 EN $8.08"
2026-09-27T19:59:28+00:00,https://bilgewatermarket.com/cards,Concentrate,foil,0.21,https://bilgewatermarket.com/cards/UNL-091?print_variation=foiled,foiled,https://bilgewatermarket.com/assets/UNL-091-EN-BwuCxjNO.webp,¥0.78,$0.21,,Concentrate UNL-091/219 Foiled CN ¥0.78 EN $0.21
2026-09-27T19:59:28+00:00,https://bilgewatermarket.com/cards,Concentrate,nonfoil,0.06,https://bilgewatermarket.com/cards/UNL-091,normal,https://bilgewatermarket.com/assets/UNL-091-EN-BwuCxjNO.webp,¥0.50,$0.06,,Concentrate UNL-091/219 CN ¥0.50 EN $0.06
2026-09-27T19:59:28+00:00,https://bilgewatermarket.com/cards,Demacian Diplomat,foil,0.15,https://bilgewatermarket.com/cards/UNL-092?print_variation=foiled,foiled,https://bilgewatermarket.com/assets/UNL-092-EN-BdtQQvCq.webp,¥0.83,$0.15,,Demacian Diplomat UNL-092/219 Foiled CN ¥0.83 EN $0.15
2026-09-27T19:59:28+00:00,https://bilgewatermarket.com/cards,Demacian Diplomat,nonfoil,0.04,https://bilgewatermarket.com/cards/UNL-092,normal,https://bilgewatermarket.com/assets/UNL-092-EN-BdtQQvCq.webp,¥0.51,$0.04,,Demacian Diplomat UNL-092/219 CN ¥0.51 EN $0.04
2026-09-27T19:59:28+00:00,https://bilgewatermarket.com/cards,Dragonsoul Sage,foil,0.26,https://bilgewatermarket.com/cards/UNL-093?print_variation=foiled,foiled,https://bilgewatermarket.com/assets/UNL-093-EN-CHmRWoMD.webp,¥0.67,$0.26,,Dragonsoul Sage UNL-093/219 Foiled CN ¥0.67 EN $0.26
2026-09-27T19:59:28+00:00,https://bilgewatermarket.com/cards,Dragonsoul Sage,nonfoil,0.06,https://bilgewatermarket.com/cards/UNL-093,normal,https://bilgewatermarket.com/assets/UNL-093-EN-CHmRWoMD.webp,¥0.50,$0.06,,Dragonsoul Sage UNL-093/219 CN ¥0.50 EN $0.06
2026-09-27T19:59:28+00:00,https://bilgewatermarket.com/cards,Gemhand Hunter,foil,0.20,https://bilgewatermarket.com/cards/UNL-094?print_variation=foiled,foiled,https://bilgewatermarket.com/assets/UNL-094-EN-ydq7vFPq.webp,¥0.51,$0.20,,Gemhand Hunter UNL-094/219 Foiled CN ¥0.51 EN $0.20
2026-09-27T19:59:28+00:00,https://bilgewatermarket.com/cards,Gemhand Hunter,nonfoil,0.09,https://bilgewatermarket.com/cards/UNL-094,normal,https://bilgewatermarket.com/assets/UNL-094-EN-ydq7vFPq.webp,¥0.50,$0.09,,Gemhand Hunter UNL-094/219 CN ¥0.50 EN $0.09
2026-09-27T19:59:28+00:00,https://bilgewatermarket.com/cards,Grim Resolve,foil,0.24,https://bilgewatermarket.com/cards/UNL-095?print_variation=foiled,foiled,https://bilgewatermarket.com/assets/UNL-095-EN-BLZxf5Sw.webp,¥1.59,$0.24,,Grim Resolve UNL-095/219 Foiled CN ¥1.59 EN $0.24
2026-09-27T19:59:28+00:00,https://bilgewatermarket.com/cards,Grim Resolve,nonfoil,0.10,https://bilgewatermarket.com/cards/UNL-095,normal,https://bilgewatermarket.com/assets/UNL-095-EN-BLZxf5Sw.webp,¥0.51,$0.10,,Grim Resolve UNL-095/219 CN ¥0.51 EN $0.10
2026-09-27T19:59:28+00:00,https://bilgewatermarket.com/cards,Hunter's Machete,foil,0.17,https://bilgewatermarket.com/cards/UNL-096?print_variation=foiled,foiled,https://bilgewatermarket.com/assets/UNL-096-EN-C37qf7wm.webp,¥1.00,$0.17,,Hunter's Machete UNL-096/219 Foiled CN ¥1.00 EN $0.17
2026-09-27T19:59:28+00:00,https://bilgewatermarket.com/cards,Hunter's Machete,nonfoil,0.06,https://bilgewatermarket.com/cards/UNL-096,normal,https://bilgewatermarket.com/assets/UNL-096-EN-C37qf7wm.webp,¥0.50,$0.06,,Hunter's Machete UNL-096/219 CN ¥0.50 EN $0.06
2026-09-27T19:59:28+00:00,https://bilgewatermarket.com/cards,Kinkou Initiate,foil,0.25,https://bilgewatermarket.com/cards/UNL-097?print_variation=foiled,foiled,https://bilgewatermarket.com/assets/UNL-097-EN-B2x_9zlw.webp,¥1.74,$0.25,,Kinkou Initiate UNL-097/219 Foiled CN ¥1.74 EN $0.25
2026-09-27T19:59:28+00:00,https://bilgewatermarket.com/cards,Kinkou Initiate,nonfoil,0.13,https://bilgewatermarket.com/cards/UNL-097,normal,https://bilgewatermarket.com/assets/UNL-097-EN-B2x_9zlw.webp,¥0.51,$0.13,,Kinkou Initiate UNL-097/219 CN ¥0.51 EN $0.13
2026-09-27T19:59:28+00:00,https://bilgewatermarket.com/cards,Targonian Visionary,foil,0.12,https://bilgewatermarket.com/cards/UNL-098?print_variation=foiled,foiled,https://bilgewatermarket.com/assets/UNL-098-EN-B50emeKj.webp,¥0.50,$0.12,,Targonian Visionary UNL-098/219 Foiled CN ¥0.50 EN $0.12
2026-09-27T19:59:28+00:00,https://bilgewatermarket.com/cards,Targonian Visionary,nonfoil,0.05,https://bilgewatermarket.com/cards/UNL-098,normal,https://bilgewatermarket.com/assets/UNL-098-EN-B50emeKj.webp,¥0.50,$0.05,,Targonian Visionary UNL-098/219 CN ¥0.50 EN $0.05
2026-09-27T19:59:28+00:00,https://bilgewatermarket.com/cards,Towering Combatant,foil,0.15,https://bilgewatermarket.com/cards/UNL-099?print_variation=foiled,foiled,https://bilgewatermarket.com/assets/UNL-099-EN-DI3i13pG.webp,¥0.50,$0.15,,Towering Combatant UNL-099/219 Foiled CN ¥0.50 EN $0.15
2026-09-27T19:59:28+00:00,https://bilgewatermarket.com/cards,Towering Combatant,nonfoil,0.04,https://bilgewatermarket.com/cards/UNL-099,normal,https://bilgewatermarket.com/assets/UNL-099-EN-DI3i13pG.webp,¥0.50,$0.04,,Towering Combatant UNL-099/219 CN ¥0.50 EN $0.04
2026-09-27T19:59:28+00:00,https://bilgewatermarket.com/cards,Voracious Gromp,foil,0.15,https://bilgewatermarket.com/cards/UNL-100?print_variation=foiled,foiled,https://bilgewatermarket.com/assets/UNL-100-EN-CsXPG5Lo.webp,¥0.50,$0.15,,Voracious Gromp UNL-100/219 Foiled CN ¥0.50 EN $0.15
2026-09-27T19:59:28+00:00,https://bilgewatermarket.com/cards,Voracious Gromp,nonfoil,0.06,https://bilgewatermarket.com/cards/UNL-100,normal,https://bilgewatermarket.com/assets/UNL-100-EN-CsXPG5Lo.webp,¥0.50,$0.06,,Voracious Gromp UNL-100/219 CN ¥0.50 EN $0.06
2026-09-27T19:59:28+00:00,https://bilgewatermarket.com/cards,Call to Battle,foil,0.23,https://bilgewatermarket.com/cards/UNL-101?print_variation=foiled,foiled,https://bilgewatermarket.com/assets/UNL-101-EN-BYP9i3eB.webp,¥0.50,$0.23,,Call to Battle UNL-101/219 Foiled CN ¥0.50 EN $0.23
2026-09-27T19:59:28+00:00,https://bilgewatermarket.com/cards,Call to Battle,nonfoil,0.08,https://bilgewatermarket.com/cards/UNL-101,normal,https://bilgewatermarket.com/assets/UNL-101-EN-BYP9i3eB.webp,¥0.50,$0.08,,Call to Battle UNL-101/219 CN ¥0.50 EN $0.08
2026-09-27T19:59:28+00:00,https://bilgewatermarket.com/cards,Crowd Favorite,foil,0.13,https://bilgewatermarket.com/cards/UNL-102?print_variation=foiled,foiled,https://bilgewatermarket.com/assets/UNL-102-EN-B8TyjRDq.webp,¥0.50,$0.13,,Crowd Favorite UNL-102/219 Foiled CN ¥0.50 EN $0.13
2026-09-27T19:59:28+00:00,https://bilgewatermarket.com/cards,Crowd Favorite,nonfoil,0.04,https://bilgewatermarket.com/cards/UNL-102,normal,https://bilgewatermarket.com/assets/UNL-102-EN-B8TyjRDq.webp,¥0.50,$0.04,,Crowd Favorite UNL-102/219 CN ¥0.50 EN $0.04
2026-09-27T19:59:28+00:00,https://bilgewatermarket.com/cards,Disposal Order,foil,0.41,https://bilgewatermarket.com/cards/UNL-103?print_variation=foiled,foiled,https://bilgewatermarket.com/assets/UNL-103-EN-M3wP5zaL.webp,¥1.46,$0.41,,Disposal Order UNL-103/219 Foiled CN ¥1.46 EN $0.41
2026-09-27T19:59:28+00:00,https://bilgewatermarket.com/cards,Disposal Order,nonfoil,0.15,https://bilgewatermarket.com/cards/UNL-103,normal,https://bilgewatermarket.com/assets/UNL-103-EN-M3wP5zaL.webp,¥0.62,$0.15,,Disposal Order UNL-103/219 CN ¥0.62 EN $0.15
2026-09-27T19:59:28+00:00,https://bilgewatermarket.com/cards,Gentle Gemdragon,foil,0.39,https://bilgewatermarket.com/cards/UNL-104?print_variation=foiled,foiled,https://bilgewatermarket.com/assets/UNL-104-EN-BauUvNAt.webp,¥1.10,$0.39,,Gentle Gemdragon UNL-104/219 Foiled CN ¥1.10 EN $0.39
2026-09-27T19:59:28+00:00,https://bilgewatermarket.com/cards,Gentle Gemdragon,nonfoil,0.09,https://bilgewatermarket.com/cards/UNL-104,normal,https://bilgewatermarket.com/assets/UNL-104-EN-BauUvNAt.webp,¥0.97,$0.09,,Gentle Gemdragon UNL-104/219 CN ¥0.97 EN $0.09
2026-09-27T19:59:28+00:00,https://bilgewatermarket.com/cards,Imposing Challenger,foil,0.28,https://bilgewatermarket.com/cards/UNL-105?print_variation=foiled,foiled,https://bilgewatermarket.com/assets/UNL-105-EN-DqeiGgb-.webp,¥0.50,$0.28,,Imposing Challenger UNL-105/219 Foiled CN ¥0.50 EN $0.28
2026-09-27T19:59:28+00:00,https://bilgewatermarket.com/cards,Imposing Challenger,nonfoil,0.09,https://bilgewatermarket.com/cards/UNL-105,normal,https://bilgewatermarket.com/assets/UNL-105-EN-DqeiGgb-.webp,¥0.60,$0.09,,Imposing Challenger UNL-105/219 CN ¥0.60 EN $0.09
2026-09-27T19:59:28+00:00,https://bilgewatermarket.com/cards,Repulse,foil,2.02,https://bilgewatermarket.com/cards/UNL-106?print_variation=foiled,foiled,https://bilgewatermarket.com/assets/UNL-106-EN-CxtdAKy-.webp,¥3.59,$2.02,,Repulse UNL-106/219 Foiled CN ¥3.59 EN $2.02
2026-09-27T19:59:28+00:00,https://bilgewatermarket.com/cards,Repulse,nonfoil,0.51,https://bilgewatermarket.com/cards/UNL-106,normal,https://bilgewatermarket.com/assets/UNL-106-EN-CxtdAKy-.webp,¥1.26,$0.51,,Repulse UNL-106/219 CN ¥1.26 EN $0.51
2026-09-27T19:59:28+00:00,https://bilgewatermarket.com/cards,Stare Down,foil,0.30,https://bilgewatermarket.com/cards/UNL-107?print_variation=foiled,foiled,https://bilgewatermarket.com/assets/UNL-107-EN-DWokmyMg.webp,¥0.87,$0.30,,Stare Down UNL-107/219 Foiled CN ¥0.87 EN $0.30
2026-09-27T19:59:28+00:00,https://bilgewatermarket.com/cards,Stare Down,nonfoil,0.11,https://bilgewatermarket.com/cards/UNL-107,normal,https://bilgewatermarket.com/assets/UNL-107-EN-DWokmyMg.webp,¥0.50,$0.11,,Stare Down UNL-107/219 CN ¥0.50 EN $0.11
2026-09-27T19:59:28+00:00,https://bilgewatermarket.com/cards,Wily Newtfish,foil,0.21,https://bilgewatermarket.com/cards/UNL-108?print_variation=foiled,foiled,https://bilgewatermarket.com/assets/UNL-108-EN-DQjTwQwo.webp,¥0.51,$0.21,,Wily Newtfish UNL-108/219 Foiled CN ¥0.51 EN $0.21
2026-09-27T19:59:28+00:00,https://bilgewatermarket.com/cards,Wily Newtfish,nonfoil,0.07,https://bilgewatermarket.com/cards/UNL-108,normal,https://bilgewatermarket.com/assets/UNL-108-EN-DQjTwQwo.webp,¥0.50,$0.07,,Wily Newtfish UNL-108/219 CN ¥0.50 EN $0.07
2026-09-27T19:59:28+00:00,https://bilgewatermarket.com/cards,Blood Rose,nonfoil,0.19,https://bilgewatermarket.com/cards/UNL-109,normal,https://bilgewatermarket.com/assets/UNL-109-EN-ChE958rW.webp,¥0.67,$0.19,,Blood Rose UNL-109/219 CN ¥0.67 EN $0.19
2026-09-27T19:59:28+00:00,https://bilgewatermarket.com/cards,Clash of Giants,nonfoil,0.22,https://bilgewatermarket.com/cards/UNL-110,normal,https://bilgewatermarket.com/assets/UNL-110-EN-zJtcTFFz.webp,¥0.50,$0.22,,Clash of Giants UNL-110/219 CN ¥0.50 EN $0.22
2026-09-27T19:59:28+00:00,https://bilgewatermarket.com/cards,Determined Sentry,nonfoil,0.27,https://bilgewatermarket.com/cards/UNL-111,normal,https://bilgewatermarket.com/assets/UNL-111-EN-C2jA-UZZ.webp,¥0.66,$0.27,,Determined Sentry UNL-111/219 CN ¥0.66 EN $0.27
2026-09-27T19:59:28+00:00,https://bilgewatermarket.com/cards,Irresistible Faefolk,nonfoil,6.39,https://bilgewatermarket.com/cards/UNL-112,normal,https://bilgewatermarket.com/assets/UNL-112-EN-CF0LeXb1.webp,¥1.51,$6.39,,Irresistible Faefolk UNL-112/219 CN ¥1.51 EN $6.39
2026-09-27T19:59:28+00:00,https://bilgewatermarket.com/cards,"Master Yi, Tempered",nonfoil,0.18,https://bilgewatermarket.com/cards/UNL-113,normal,https://bilgewatermarket.com/assets/UNL-113-EN-7u7x1oc3.webp,¥1.04,$0.18,,"Master Yi, Tempered UNL-113/219 CN ¥1.04 EN $0.18"
2026-09-27T19:59:28+00:00,https://bilgewatermarket.com/cards,"Master Yi, Tempered",nonfoil,2.89,https://bilgewatermarket.com/cards/UNL-113a?print_variation=showcase,showcase,https://bilgewatermarket.com/assets/UNL-113A-EN-CJftnarb.webp,¥9.20,$2.89,,"Master Yi, Tempered UNL-113A/219 Showcase CN ¥9.20 EN $2.89"
2026-09-27T19:59:28+00:00,https://bilgewatermarket.com/cards,"Nidalee, Cat Form",nonfoil,3.48,https://bilgewatermarket.com/cards/UNL-114,normal,https://bilgewatermarket.com/assets/UNL-114-EN-DrTHr2A3.webp,¥1.50,$3.48,,"Nidalee, Cat Form UNL-114/219 CN ¥1.50 EN $3.48"
2026-09-27T19:59:28+00:00,https://bilgewatermarket.com/cards,"Nilah, Joyful Ascetic",nonfoil,0.24,https://bilgewatermarket.com/cards/UNL-115,normal,https://bilgewatermarket.com/assets/UNL-115-EN-BIx37tdl.webp,¥0.51,$0.24,,"Nilah, Joyful Ascetic UNL-115/219 CN ¥0.51 EN $0.24"
2026-09-27T19:59:28+00:00,https://bilgewatermarket.com/cards,"Poppy, Paragon",nonfoil,0.26,https://bilgewatermarket.com/cards/UNL-116,normal,https://bilgewatermarket.com/assets/UNL-116-EN-Bq1YTfbs.webp,¥0.63,$0.26,,"Poppy, Paragon UNL-116/219 CN ¥0.63 EN $0.26"
2026-09-27T19:59:28+00:00,https://bilgewatermarket.com/cards,"Poppy, Paragon",nonfoil,1.53,https://bilgewatermarket.com/cards/UNL-116a?print_variation=showcase,showcase,https://bilgewatermarket.com/assets/UNL-116a-EN-s6bp_YBS.webp,¥4.38,$1.53,,"Poppy, Paragon UNL-116A/219 Showcase CN ¥4.38 EN $1.53"
2026-09-27T19:59:28+00:00,https://bilgewatermarket.com/cards,Arachnoid Horror,nonfoil,1.91,https://bilgewatermarket.com/cards/UNL-117,normal,https://bilgewatermarket.com/assets/UNL-117-EN-qsjUHDBr.webp,¥6.07,$1.91,,Arachnoid Horror UNL-117/219 CN ¥6.07 EN $1.91
2026-09-27T19:59:28+00:00,https://bilgewatermarket.com/cards,Elder Dragon,nonfoil,26.10,https://bilgewatermarket.com/cards/UNL-118,normal,https://bilgewatermarket.com/assets/UNL-118-EN-kfJ74wzQ.webp,¥42.76,$26.10,,Elder Dragon UNL-118/219 CN ¥42.76 EN $26.10
2026-09-27T19:59:28+00:00,https://bilgewatermarket.com/cards,Elder Dragon,nonfoil,32.11,https://bilgewatermarket.com/cards/UNL-118a?print_variation=showcase,showcase,https://bilgewatermarket.com/assets/UNL-118a-EN-CNgfQIL9.webp,¥65.53,$32.11,,Elder Dragon UNL-118A/219 Showcase CN ¥65.53 EN $32.11
2026-09-27T19:59:28+00:00,https://bilgewatermarket.com/cards,"Kha'Zix, Evolving Hunter",nonfoil,0.51,https://bilgewatermarket.com/cards/UNL-119,normal,https://bilgewatermarket.com/assets/UNL-119-EN-CxLXcuxO.webp,¥1.02,$0.51,,"Kha'Zix, Evolving Hunter UNL-119/219 CN ¥1.02 EN $0.51"
2026-09-27T19:59:28+00:00,https://bilgewatermarket.com/cards,"Kha'Zix, Evolving Hunter",nonfoil,2.09,https://bilgewatermarket.com/cards/UNL-119a?print_variation=showcase,showcase,https://bilgewatermarket.com/assets/UNL-119A-EN-BsH5Guw4.webp,¥2.22,$2.09,,"Kha'Zix, Evolving Hunter UNL-119A/219 Showcase CN ¥2.22 EN $2.09"
2026-09-27T19:59:28+00:00,https://bilgewatermarket.com/cards,"Rengar, Trophy Hunter",nonfoil,41.63,https://bilgewatermarket.com/cards/UNL-120,normal,https://bilgewatermarket.com/assets/UNL-120-EN-Dl8rheKC.webp,¥99.06,$41.63,,"Rengar, Trophy Hunter UNL-120/219 CN ¥99.06 EN $41.63"
2026-09-27T19:59:28+00:00,https://bilgewatermarket.com/cards,"Rengar, Trophy Hunter",nonfoil,42.43,https://bilgewatermarket.com/cards/UNL-120a?print_variation=showcase,showcase,https://bilgewatermarket.com/assets/UNL-120A-EN-VPXCTKaF.webp,¥109.20,$42.43,,"Rengar, Trophy Hunter UNL-120A/219 Showcase CN ¥109.20 EN $42.43"
2026-09-27T19:59:28+00:00,https://bilgewatermarket.com/cards,Bewitching Spirit,foil,0.29,https://bilgewatermarket.com/cards/UNL-121?print_variation=foiled,foiled,https://bilgewatermarket.com/assets/UNL-121-EN-DQvoj--4.webp,¥1.42,$0.29,,Bewitching Spirit UNL-121/219 Foiled CN ¥1.42 EN $0.29
2026-09-27T19:59:28+00:00,https://bilgewatermarket.com/cards,Bewitching Spirit,nonfoil,0.11,https://bilgewatermarket.com/cards/UNL-121,normal,https://bilgewatermarket.com/assets/UNL-121-EN-DQvoj--4.webp,¥0.53,$0.11,,Bewitching Spirit UNL-121/219 CN ¥0.53 EN $0.11
2026-09-27T19:59:28+00:00,https://bilgewatermarket.com/cards,Crescent Guardian,foil,0.09,https://bilgewatermarket.com/cards/UNL-122?print_variation=foiled,foiled,https://bilgewatermarket.com/assets/UNL-122-EN-DrwPpGmF.webp,¥0.50,$0.09,,Crescent Guardian UNL-122/219 Foiled CN ¥0.50 EN $0.09
2026-09-27T19:59:28+00:00,https://bilgewatermarket.com/cards,Crescent Guardian,nonfoil,0.05,https://bilgewatermarket.com/cards/UNL-122,normal,https://bilgewatermarket.com/assets/UNL-122-EN-DrwPpGmF.webp,¥0.50,$0.05,,Crescent Guardian UNL-122/219 CN ¥0.50 EN $0.05
2026-09-27T19:59:28+00:00,https://bilgewatermarket.com/cards,Evershade Stalker,foil,0.19,https://bilgewatermarket.com/cards/UNL-123?print_variation=foiled,foiled,https://bilgewatermarket.com/assets/UNL-123-EN-CsVciQU8.webp,¥0.52,$0.19,,Evershade Stalker UNL-123/219 Foiled CN ¥0.52 EN $0.19
2026-09-27T19:59:28+00:00,https://bilgewatermarket.com/cards,Evershade Stalker,nonfoil,0.07,https://bilgewatermarket.com/cards/UNL-123,normal,https://bilgewatermarket.com/assets/UNL-123-EN-CsVciQU8.webp,¥0.55,$0.07,,Evershade Stalker UNL-123/219 CN ¥0.55 EN $0.07
2026-09-27T19:59:28+00:00,https://bilgewatermarket.com/cards,Isolate,foil,0.18,https://bilgewatermarket.com/cards/UNL-124?print_variation=foiled,foiled,https://bilgewatermarket.com/assets/UNL-124-EN-BBwK6AVQ.webp,¥0.58,$0.18,,Isolate UNL-124/219 Foiled CN ¥0.58 EN $0.18
2026-09-27T19:59:28+00:00,https://bilgewatermarket.com/cards,Isolate,nonfoil,0.09,https://bilgewatermarket.com/cards/UNL-124,normal,https://bilgewatermarket.com/assets/UNL-124-EN-BBwK6AVQ.webp,¥0.50,$0.09,,Isolate UNL-124/219 CN ¥0.50 EN $0.09
2026-09-27T19:59:28+00:00,https://bilgewatermarket.com/cards,Lunar Boon,foil,0.20,https://bilgewatermarket.com/cards/UNL-125?print_variation=foiled,foiled,https://bilgewatermarket.com/assets/UNL-125-EN-pmN72IVD.webp,¥1.05,$0.20,,Lunar Boon UNL-125/219 Foiled CN ¥1.05 EN $0.20
2026-09-27T19:59:28+00:00,https://bilgewatermarket.com/cards,Lunar Boon,nonfoil,0.09,https://bilgewatermarket.com/cards/UNL-125,normal,https://bilgewatermarket.com/assets/UNL-125-EN-pmN72IVD.webp,¥0.52,$0.09,,Lunar Boon UNL-125/219 CN ¥0.52 EN $0.09
2026-09-27T19:59:28+00:00,https://bilgewatermarket.com/cards,Megatusk,foil,0.09,https://bilgewatermarket.com/cards/UNL-126?print_variation=foiled,foiled,https://bilgewatermarket.com/assets/UNL-126-EN-VW2VE074.webp,¥0.54,$0.09,,Megatusk UNL-126/219 Foiled CN ¥0.54 EN $0.09
2026-09-27T19:59:28+00:00,https://bilgewatermarket.com/cards,Megatusk,nonfoil,0.03,https://bilgewatermarket.com/cards/UNL-126,normal,https://bilgewatermarket.com/assets/UNL-126-EN-VW2VE074.webp,¥0.50,$0.03,,Megatusk UNL-126/219 CN ¥0.50 EN $0.03
2026-09-27T19:59:28+00:00,https://bilgewatermarket.com/cards,Mister Root,foil,0.32,https://bilgewatermarket.com/cards/UNL-127?print_variation=foiled,foiled,https://bilgewatermarket.com/assets/UNL-127-EN-BvbWbqHA.webp,¥0.50,$0.32,,Mister Root UNL-127/219 Foiled CN ¥0.50 EN $0.32
2026-09-27T19:59:28+00:00,https://bilgewatermarket.com/cards,Mister Root,nonfoil,0.08,https://bilgewatermarket.com/cards/UNL-127,normal,https://bilgewatermarket.com/assets/UNL-127-EN-BvbWbqHA.webp,¥0.50,$0.08,,Mister Root UNL-127/219 CN ¥0.50 EN $0.08
2026-09-27T19:59:28+00:00,https://bilgewatermarket.com/cards,"Star,Crossed",foil,0.86,https://bilgewatermarket.com/cards/UNL-128?print_variation=foiled,foiled,https://bilgewatermarket.com/assets/UNL-128-EN-B1IcNVe9.webp,¥4.57,$0.86,,"Star,Crossed UNL-128/219 Foiled CN ¥4.57 EN $0.86"
2026-09-27T19:59:28+00:00,https://bilgewatermarket.com/cards,"Star,Crossed",nonfoil,0.23,https://bilgewatermarket.com/cards/UNL-128,normal,https://bilgewatermarket.com/assets/UNL-128-EN-B1IcNVe9.webp,¥0.62,$0.23,,"Star,Crossed UNL-128/219 CN ¥0.62 EN $0.23"
2026-09-27T19:59:28+00:00,https://bilgewatermarket.com/cards,Vicious Snapjaws,foil,0.18,https://bilgewatermarket.com/cards/UNL-129?print_variation=foiled,foiled,https://bilgewatermarket.com/assets/UNL-129-EN-fKlkeXoi.webp,¥0.60,$0.18,,Vicious Snapjaws UNL-129/219 Foiled CN ¥0.60 EN $0.18
2026-09-27T19:59:28+00:00,https://bilgewatermarket.com/cards,Vicious Snapjaws,nonfoil,0.04,https://bilgewatermarket.com/cards/UNL-129,normal,https://bilgewatermarket.com/assets/UNL-129-EN-fKlkeXoi.webp,¥0.50,$0.04,,Vicious Snapjaws UNL-129/219 CN ¥0.50 EN $0.04
2026-09-27T19:59:28+00:00,https://bilgewatermarket.com/cards,Walking Roost,foil,0.16,https://bilgewatermarket.com/cards/UNL-130?print_variation=foiled,foiled,https://bilgewatermarket.com/assets/UNL-130-EN-CcMOo_iY.webp,¥0.60,$0.16,,Walking Roost UNL-130/219 Foiled CN ¥0.60 EN $0.16
2026-09-27T19:59:28+00:00,https://bilgewatermarket.com/cards,Walking Roost,nonfoil,0.03,https://bilgewatermarket.com/cards/UNL-130,normal,https://bilgewatermarket.com/assets/UNL-130-EN-CcMOo_iY.webp,¥0.50,$0.03,,Walking Roost UNL-130/219 CN ¥0.50 EN $0.03
2026-09-27T19:59:28+00:00,https://bilgewatermarket.com/cards,Abandon,foil,3.83,https://bilgewatermarket.com/cards/UNL-131?print_variation=foiled,foiled,https://bilgewatermarket.com/assets/UNL-131-EN-RenedvHA.webp,¥6.88,$3.83,,Abandon UNL-131/219 Foiled CN ¥6.88 EN $3.83
2026-09-27T19:59:28+00:00,https://bilgewatermarket.com/cards,Abandon,nonfoil,0.49,https://bilgewatermarket.com/cards/UNL-131,normal,https://bilgewatermarket.com/assets/UNL-131-EN-RenedvHA.webp,¥2.26,$0.49,,Abandon UNL-131/219 CN ¥2.26 EN $0.49
2026-09-27T19:59:28+00:00,https://bilgewatermarket.com/cards,Angler Beast,foil,0.51,https://bilgewatermarket.com/cards/UNL-132?print_variation=foiled,foiled,https://bilgewatermarket.com/assets/UNL-132-EN-CUF1GCNt.webp,¥1.96,$0.51,,Angler Beast UNL-132/219 Foiled CN ¥1.96 EN $0.51
2026-09-27T19:59:28+00:00,https://bilgewatermarket.com/cards,Angler Beast,nonfoil,0.17,https://bilgewatermarket.com/cards/UNL-132,normal,https://bilgewatermarket.com/assets/UNL-132-EN-CUF1GCNt.webp,¥0.59,$0.17,,Angler Beast UNL-132/219 CN ¥0.59 EN $0.17
2026-09-27T19:59:28+00:00,https://bilgewatermarket.com/cards,Blast Cone,foil,0.19,https://bilgewatermarket.com/cards/UNL-133?print_variation=foiled,foiled,https://bilgewatermarket.com/assets/UNL-133-EN-YbmrHFbY.webp,¥0.81,$0.19,,Blast Cone UNL-133/219 Foiled CN ¥0.81 EN $0.19
2026-09-27T19:59:28+00:00,https://bilgewatermarket.com/cards,Blast Cone,nonfoil,0.07,https://bilgewatermarket.com/cards/UNL-133,normal,https://bilgewatermarket.com/assets/UNL-133-EN-YbmrHFbY.webp,¥0.50,$0.07,,Blast Cone UNL-133/219 CN ¥0.50 EN $0.07
2026-09-27T19:59:28+00:00,https://bilgewatermarket.com/cards,Existential Dread,foil,1.43,https://bilgewatermarket.com/cards/UNL-134?print_variation=foiled,foiled,https://bilgewatermarket.com/assets/UNL-134-EN-DXv1ha3O.webp,¥2.26,$1.43,,Existential Dread UNL-134/219 Foiled CN ¥2.26 EN $1.43
2026-09-27T19:59:28+00:00,https://bilgewatermarket.com/cards,Existential Dread,nonfoil,0.19,https://bilgewatermarket.com/cards/UNL-134,normal,https://bilgewatermarket.com/assets/UNL-134-EN-DXv1ha3O.webp,¥0.88,$0.19,,Existential Dread UNL-134/219 CN ¥0.88 EN $0.19
2026-09-27T19:59:28+00:00,https://bilgewatermarket.com/cards,Insightful Investigator,foil,0.28,https://bilgewatermarket.com/cards/UNL-135?print_variation=foiled,foiled,https://bilgewatermarket.com/assets/UNL-135-EN-4LHWxiVs.webp,¥0.50,$0.28,,Insightful Investigator UNL-135/219 Foiled CN ¥0.50 EN $0.28
2026-09-27T19:59:28+00:00,https://bilgewatermarket.com/cards,Insightful Investigator,nonfoil,0.10,https://bilgewatermarket.com/cards/UNL-135,normal,https://bilgewatermarket.com/assets/UNL-135-EN-4LHWxiVs.webp,¥0.51,$0.10,,Insightful Investigator UNL-135/219 CN ¥0.51 EN $0.10
2026-09-27T19:59:28+00:00,https://bilgewatermarket.com/cards,Scryer's Bloom,foil,0.28,https://bilgewatermarket.com/cards/UNL-136?print_variation=foiled,foiled,https://bilgewatermarket.com/assets/UNL-136-EN-DSg0wjPr.webp,¥1.85,$0.28,,Scryer's Bloom UNL-136/219 Foiled CN ¥1.85 EN $0.28
2026-09-27T19:59:28+00:00,https://bilgewatermarket.com/cards,Scryer's Bloom,nonfoil,0.11,https://bilgewatermarket.com/cards/UNL-136,normal,https://bilgewatermarket.com/assets/UNL-136-EN-DSg0wjPr.webp,¥0.59,$0.11,,Scryer's Bloom UNL-136/219 CN ¥0.59 EN $0.11
2026-09-27T19:59:28+00:00,https://bilgewatermarket.com/cards,Sinister Poro,foil,0.39,https://bilgewatermarket.com/cards/UNL-137?print_variation=foiled,foiled,https://bilgewatermarket.com/assets/UNL-137-EN-Dlsnsp5c.webp,¥0.70,$0.39,,Sinister Poro UNL-137/219 Foiled CN ¥0.70 EN $0.39
2026-09-27T19:59:28+00:00,https://bilgewatermarket.com/cards,Sinister Poro,nonfoil,0.13,https://bilgewatermarket.com/cards/UNL-137,normal,https://bilgewatermarket.com/assets/UNL-137-EN-Dlsnsp5c.webp,¥0.50,$0.13,,Sinister Poro UNL-137/219 CN ¥0.50 EN $0.13
2026-09-27T19:59:28+00:00,https://bilgewatermarket.com/cards,The List,foil,0.76,https://bilgewatermarket.com/cards/UNL-138?print_variation=foiled,foiled,https://bilgewatermarket.com/assets/UNL-138-EN-DrqLpGAd.webp,¥1.61,$0.76,,The List UNL-138/219 Foiled CN ¥1.61 EN $0.76
2026-09-27T19:59:28+00:00,https://bilgewatermarket.com/cards,The List,nonfoil,0.19,https://bilgewatermarket.com/cards/UNL-138,normal,https://bilgewatermarket.com/assets/UNL-138-EN-DrqLpGAd.webp,¥0.60,$0.19,,The List UNL-138/219 CN ¥0.60 EN $0.19
2026-09-27T19:59:28+00:00,https://bilgewatermarket.com/cards,Bone Skewer,nonfoil,0.31,https://bilgewatermarket.com/cards/UNL-139,normal,https://bilgewatermarket.com/assets/UNL-139-EN-JyqnIBSa.webp,¥2.11,$0.31,,Bone Skewer UNL-139/219 CN ¥2.11 EN $0.31
2026-09-27T19:59:28+00:00,https://bilgewatermarket.com/cards,Conscription,nonfoil,0.18,https://bilgewatermarket.com/cards/UNL-140,normal,https://bilgewatermarket.com/assets/UNL-140-EN-BwCRdfxx.webp,¥0.52,$0.18,,Conscription UNL-140/219 CN ¥0.52 EN $0.18
2026-09-27T19:59:28+00:00,https://bilgewatermarket.com/cards,"Evelynn, Entrancing",nonfoil,1.87,https://bilgewatermarket.com/cards/UNL-141,normal,https://bilgewatermarket.com/assets/UNL-141-EN-C6iFISbP.webp,¥1.59,$1.87,,"Evelynn, Entrancing UNL-141/219 CN ¥1.59 EN $1.87"
2026-09-27T19:59:28+00:00,https://bilgewatermarket.com/cards,Heedless Resurrection,nonfoil,0.40,https://bilgewatermarket.com/cards/UNL-142,normal,https://bilgewatermarket.com/assets/UNL-142-EN-Dh1WFGmb.webp,¥1.47,$0.40,,Heedless Resurrection UNL-142/219 CN ¥1.47 EN $0.40
2026-09-27T19:59:28+00:00,https://bilgewatermarket.com/cards,"Kha'Zix, Mutating Horror",nonfoil,0.32,https://bilgewatermarket.com/cards/UNL-143,normal,https://bilgewatermarket.com/assets/UNL-143-EN-AuRQA97f.webp,¥1.02,$0.32,,"Kha'Zix, Mutating Horror UNL-143/219 CN ¥1.02 EN $0.32"
2026-09-27T19:59:28+00:00,https://bilgewatermarket.com/cards,"Kha'Zix, Mutating Horror",nonfoil,7.78,https://bilgewatermarket.com/cards/UNL-143a?print_variation=showcase,showcase,https://bilgewatermarket.com/assets/UNL-143a-EN-C7YT9DxJ.webp,¥16.10,$7.78,,"Kha'Zix, Mutating Horror UNL-143A/219 Showcase CN ¥16.10 EN $7.78"
2026-09-27T19:59:28+00:00,https://bilgewatermarket.com/cards,Maduli the Gatekeeper,nonfoil,0.10,https://bilgewatermarket.com/cards/UNL-144,normal,https://bilgewatermarket.com/assets/UNL-144-EN-B_7am7Qq.webp,¥0.52,$0.10,,Maduli the Gatekeeper UNL-144/219 CN ¥0.52 EN $0.10
2026-09-27T19:59:28+00:00,https://bilgewatermarket.com/cards,"Pyke, Returned",nonfoil,0.96,https://bilgewatermarket.com/cards/UNL-145,normal,https://bilgewatermarket.com/assets/UNL-145-EN-UrbSVIQC.webp,¥1.20,$0.96,,"Pyke, Returned UNL-145/219 CN ¥1.20 EN $0.96"
2026-09-27T19:59:28+00:00,https://bilgewatermarket.com/cards,"Pyke, Returned",nonfoil,9.28,https://bilgewatermarket.com/cards/UNL-145a?print_variation=showcase,showcase,https://bilgewatermarket.com/assets/UNL-145A-EN-CSYf1yB8.webp,¥16.15,$9.28,,"Pyke, Returned UNL-145A/219 Showcase CN ¥16.15 EN $9.28"
2026-09-27T19:59:28+00:00,https://bilgewatermarket.com/cards,"Syndra, Transcendent",nonfoil,0.28,https://bilgewatermarket.com/cards/UNL-146,normal,https://bilgewatermarket.com/assets/UNL-146-EN-Cz19TxoF.webp,¥0.61,$0.28,,"Syndra, Transcendent UNL-146/219 CN ¥0.61 EN $0.28"
2026-09-27T19:59:28+00:00,https://bilgewatermarket.com/cards,Baron Nashor,nonfoil,22.01,https://bilgewatermarket.com/cards/UNL-147,normal,https://bilgewatermarket.com/assets/UNL-147-EN-DoSj8dTs.webp,¥33.47,$22.01,,Baron Nashor UNL-147/219 CN ¥33.47 EN $22.01
2026-09-27T19:59:28+00:00,https://bilgewatermarket.com/cards,Baron Nashor,nonfoil,28.63,https://bilgewatermarket.com/cards/UNL-147a?print_variation=showcase,showcase,https://bilgewatermarket.com/assets/UNL-147A-EN-D2Y6aT_f.webp,¥46.90,$28.63,,Baron Nashor UNL-147A/219 Showcase CN ¥46.90 EN $28.63
2026-09-27T19:59:28+00:00,https://bilgewatermarket.com/cards,Cursed Sarcophagus,nonfoil,0.58,https://bilgewatermarket.com/cards/UNL-148,normal,https://bilgewatermarket.com/assets/UNL-148-EN-DjUhXxen.webp,¥1.25,$0.58,,Cursed Sarcophagus UNL-148/219 CN ¥1.25 EN $0.58
2026-09-27T19:59:28+00:00,https://bilgewatermarket.com/cards,"Diana, No Longer Human",nonfoil,0.94,https://bilgewatermarket.com/cards/UNL-149,normal,https://bilgewatermarket.com/assets/UNL-149-EN-DpKI3PKR.webp,¥1.34,$0.94,,"Diana, No Longer Human UNL-149/219 CN ¥1.34 EN $0.94"
2026-09-27T19:59:28+00:00,https://bilgewatermarket.com/cards,"Diana, No Longer Human",nonfoil,6.27,https://bilgewatermarket.com/cards/UNL-149a?print_variation=showcase,showcase,https://bilgewatermarket.com/assets/UNL-149A-EN-BHivHxly.webp,¥8.68,$6.27,,"Diana, No Longer Human UNL-149A/219 Showcase CN ¥8.68 EN $6.27"
2026-09-27T19:59:28+00:00,https://bilgewatermarket.com/cards,"Vex, Apathetic",nonfoil,14.88,https://bilgewatermarket.com/cards/UNL-150,normal,https://bilgewatermarket.com/assets/UNL-150-EN-yVbHxeE-.webp,¥33.16,$14.88,,"Vex, Apathetic UNL-150/219 CN ¥33.16 EN $14.88"
2026-09-27T19:59:28+00:00,https://bilgewatermarket.com/cards,"Vex, Apathetic",nonfoil,25.20,https://bilgewatermarket.com/cards/UNL-150a?print_variation=showcase,showcase,https://bilgewatermarket.com/assets/UNL-150a-EN-B6EXUfc1.webp,¥67.16,$25.20,,"Vex, Apathetic UNL-150A/219 Showcase CN ¥67.16 EN $25.20"
2026-09-27T19:59:28+00:00,https://bilgewatermarket.com/cards,Bandle Soldier,foil,0.11,https://bilgewatermarket.com/cards/UNL-151?print_variation=foiled,foiled,https://bilgewatermarket.com/assets/UNL-151-EN-CEh68Sds.webp,¥0.80,$0.11,,Bandle Soldier UNL-151/219 Foiled CN ¥0.80 EN $0.11
2026-09-27T19:59:28+00:00,https://bilgewatermarket.com/cards,Bandle Soldier,nonfoil,0.03,https://bilgewatermarket.com/cards/UNL-151,normal,https://bilgewatermarket.com/assets/UNL-151-EN-CEh68Sds.webp,¥0.50,$0.03,,Bandle Soldier UNL-151/219 CN ¥0.50 EN $0.03
2026-09-27T19:59:28+00:00,https://bilgewatermarket.com/cards,Black Rose Dignitary,foil,0.26,https://bilgewatermarket.com/cards/UNL-152?print_variation=foiled,foiled,https://bilgewatermarket.com/assets/UNL-152-EN-DqjPQXlw.webp,¥1.04,$0.26,,Black Rose Dignitary UNL-152/219 Foiled CN ¥1.04 EN $0.26
2026-09-27T19:59:28+00:00,https://bilgewatermarket.com/cards,Black Rose Dignitary,nonfoil,0.07,https://bilgewatermarket.com/cards/UNL-152,normal,https://bilgewatermarket.com/assets/UNL-152-EN-DqjPQXlw.webp,¥0.54,$0.07,,Black Rose Dignitary UNL-152/219 CN ¥0.54 EN $0.07
2026-09-27T19:59:28+00:00,https://bilgewatermarket.com/cards,Carrion Dredger,foil,0.25,https://bilgewatermarket.com/cards/UNL-153?print_variation=foiled,foiled,https://bilgewatermarket.com/assets/UNL-153-EN-HqssLerk.webp,¥1.60,$0.25,,Carrion Dredger UNL-153/219 Foiled CN ¥1.60 EN $0.25
2026-09-27T19:59:28+00:00,https://bilgewatermarket.com/cards,Carrion Dredger,nonfoil,0.12,https://bilgewatermarket.com/cards/UNL-153,normal,https://bilgewatermarket.com/assets/UNL-153-EN-HqssLerk.webp,¥0.53,$0.12,,Carrion Dredger UNL-153/219 CN ¥0.53 EN $0.12
2026-09-27T19:59:28+00:00,https://bilgewatermarket.com/cards,Crimson Pigeons,foil,0.22,https://bilgewatermarket.com/cards/UNL-154?print_variation=foiled,foiled,https://bilgewatermarket.com/assets/UNL-154-EN-CAXKlENX.webp,¥0.94,$0.22,,Crimson Pigeons UNL-154/219 Foiled CN ¥0.94 EN $0.22
2026-09-27T19:59:28+00:00,https://bilgewatermarket.com/cards,Crimson Pigeons,nonfoil,0.05,https://bilgewatermarket.com/cards/UNL-154,normal,https://bilgewatermarket.com/assets/UNL-154-EN-CAXKlENX.webp,¥0.50,$0.05,,Crimson Pigeons UNL-154/219 CN ¥0.50 EN $0.05
2026-09-27T19:59:28+00:00,https://bilgewatermarket.com/cards,Heroic Charge,foil,0.19,https://bilgewatermarket.com/cards/UNL-155?print_variation=foiled,foiled,https://bilgewatermarket.com/assets/UNL-155-EN-DeY1dV1X.webp,¥0.90,$0.19,,Heroic Charge UNL-155/219 Foiled CN ¥0.90 EN $0.19
2026-09-27T19:59:28+00:00,https://bilgewatermarket.com/cards,Heroic Charge,nonfoil,0.07,https://bilgewatermarket.com/cards/UNL-155,normal,https://bilgewatermarket.com/assets/UNL-155-EN-DeY1dV1X.webp,¥0.50,$0.07,,Heroic Charge UNL-155/219 CN ¥0.50 EN $0.07
2026-09-27T19:59:28+00:00,https://bilgewatermarket.com/cards,Loyal Poro,foil,0.27,https://bilgewatermarket.com/cards/UNL-156?print_variation=foiled,foiled,https://bilgewatermarket.com/assets/UNL-156-EN-DXPw4hOS.webp,¥0.62,$0.27,,Loyal Poro UNL-156/219 Foiled CN ¥0.62 EN $0.27
2026-09-27T19:59:28+00:00,https://bilgewatermarket.com/cards,Loyal Poro,nonfoil,0.06,https://bilgewatermarket.com/cards/UNL-156,normal,https://bilgewatermarket.com/assets/UNL-156-EN-DXPw4hOS.webp,¥0.56,$0.06,,Loyal Poro UNL-156/219 CN ¥0.56 EN $0.06
2026-09-27T19:59:28+00:00,https://bilgewatermarket.com/cards,Scrutinizing Sergeant,foil,0.12,https://bilgewatermarket.com/cards/UNL-157?print_variation=foiled,foiled,https://bilgewatermarket.com/assets/UNL-157-EN-CQyKyoh5.webp,¥0.50,$0.12,,Scrutinizing Sergeant UNL-157/219 Foiled CN ¥0.50 EN $0.12
2026-09-27T19:59:28+00:00,https://bilgewatermarket.com/cards,Scrutinizing Sergeant,nonfoil,0.04,https://bilgewatermarket.com/cards/UNL-157,normal,https://bilgewatermarket.com/assets/UNL-157-EN-CQyKyoh5.webp,¥0.50,$0.04,,Scrutinizing Sergeant UNL-157/219 CN ¥0.50 EN $0.04
2026-09-27T19:59:28+00:00,https://bilgewatermarket.com/cards,Shepherd's Heirloom,foil,0.28,https://bilgewatermarket.com/cards/UNL-158?print_variation=foiled,foiled,https://bilgewatermarket.com/assets/UNL-158-EN-Bog8bjwv.webp,¥1.16,$0.28,,Shepherd's Heirloom UNL-158/219 Foiled CN ¥1.16 EN $0.28
2026-09-27T19:59:28+00:00,https://bilgewatermarket.com/cards,Shepherd's Heirloom,nonfoil,0.11,https://bilgewatermarket.com/cards/UNL-158,normal,https://bilgewatermarket.com/assets/UNL-158-EN-Bog8bjwv.webp,¥0.51,$0.11,,Shepherd's Heirloom UNL-158/219 CN ¥0.51 EN $0.11
2026-09-27T19:59:28+00:00,https://bilgewatermarket.com/cards,Soul Harvest,foil,0.15,https://bilgewatermarket.com/cards/UNL-159?print_variation=foiled,foiled,https://bilgewatermarket.com/assets/UNL-159-EN-2vJBQWMJ.webp,¥0.50,$0.15,,Soul Harvest UNL-159/219 Foiled CN ¥0.50 EN $0.15
2026-09-27T19:59:28+00:00,https://bilgewatermarket.com/cards,Soul Harvest,nonfoil,0.08,https://bilgewatermarket.com/cards/UNL-159,normal,https://bilgewatermarket.com/assets/UNL-159-EN-2vJBQWMJ.webp,¥0.50,$0.08,,Soul Harvest UNL-159/219 CN ¥0.50 EN $0.08
2026-09-27T19:59:28+00:00,https://bilgewatermarket.com/cards,Ultrasoft Poro,foil,0.29,https://bilgewatermarket.com/cards/UNL-160?print_variation=foiled,foiled,https://bilgewatermarket.com/assets/UNL-160-EN-BuEI10Q6.webp,¥1.00,$0.29,,Ultrasoft Poro UNL-160/219 Foiled CN ¥1.00 EN $0.29
2026-09-27T19:59:28+00:00,https://bilgewatermarket.com/cards,Ultrasoft Poro,nonfoil,0.10,https://bilgewatermarket.com/cards/UNL-160,normal,https://bilgewatermarket.com/assets/UNL-160-EN-BuEI10Q6.webp,¥0.50,$0.10,,Ultrasoft Poro UNL-160/219 CN ¥0.50 EN $0.10
2026-09-27T19:59:28+00:00,https://bilgewatermarket.com/cards,Divining Shells,foil,0.36,https://bilgewatermarket.com/cards/UNL-161?print_variation=foiled,foiled,https://bilgewatermarket.com/assets/UNL-161-EN-mn_A0Ndv.webp,¥1.20,$0.36,,Divining Shells UNL-161/219 Foiled CN ¥1.20 EN $0.36
2026-09-27T19:59:28+00:00,https://bilgewatermarket.com/cards,Divining Shells,nonfoil,0.12,https://bilgewatermarket.com/cards/UNL-161,normal,https://bilgewatermarket.com/assets/UNL-161-EN-mn_A0Ndv.webp,¥0.53,$0.12,,Divining Shells UNL-161/219 CN ¥0.53 EN $0.12
2026-09-27T19:59:28+00:00,https://bilgewatermarket.com/cards,Enthralling Protector,foil,0.22,https://bilgewatermarket.com/cards/UNL-162?print_variation=foiled,foiled,https://bilgewatermarket.com/assets/UNL-162-EN-_6J6Hk9F.webp,¥0.51,$0.22,,Enthralling Protector UNL-162/219 Foiled CN ¥0.51 EN $0.22
2026-09-27T19:59:28+00:00,https://bilgewatermarket.com/cards,Enthralling Protector,nonfoil,0.07,https://bilgewatermarket.com/cards/UNL-162,normal,https://bilgewatermarket.com/assets/UNL-162-EN-_6J6Hk9F.webp,¥0.61,$0.07,,Enthralling Protector UNL-162/219 CN ¥0.61 EN $0.07
2026-09-27T19:59:28+00:00,https://bilgewatermarket.com/cards,Mageseeker Investigator,foil,0.21,https://bilgewatermarket.com/cards/UNL-163?print_variation=foiled,foiled,https://bilgewatermarket.com/assets/UNL-163-EN-BV0PMg28.webp,¥0.50,$0.21,,Mageseeker Investigator UNL-163/219 Foiled CN ¥0.50 EN $0.21
2026-09-27T19:59:28+00:00,https://bilgewatermarket.com/cards,Mageseeker Investigator,nonfoil,0.11,https://bilgewatermarket.com/cards/UNL-163,normal,https://bilgewatermarket.com/assets/UNL-163-EN-BV0PMg28.webp,¥0.50,$0.11,,Mageseeker Investigator UNL-163/219 CN ¥0.50 EN $0.11
2026-09-27T19:59:28+00:00,https://bilgewatermarket.com/cards,Safety Inspector,foil,0.87,https://bilgewatermarket.com/cards/UNL-164?print_variation=foiled,foiled,https://bilgewatermarket.com/assets/UNL-164-EN-CbnKgXeJ.webp,¥1.18,$0.87,,Safety Inspector UNL-164/219 Foiled CN ¥1.18 EN $0.87
2026-09-27T19:59:28+00:00,https://bilgewatermarket.com/cards,Safety Inspector,nonfoil,0.20,https://bilgewatermarket.com/cards/UNL-164,normal,https://bilgewatermarket.com/assets/UNL-164-EN-CbnKgXeJ.webp,¥0.88,$0.20,,Safety Inspector UNL-164/219 CN ¥0.88 EN $0.20
2026-09-27T19:59:28+00:00,https://bilgewatermarket.com/cards,Shadow's Call,foil,1.71,https://bilgewatermarket.com/cards/UNL-165?print_variation=foiled,foiled,https://bilgewatermarket.com/assets/UNL-165-EN-DixP8nuW.webp,¥4.33,$1.71,,Shadow's Call UNL-165/219 Foiled CN ¥4.33 EN $1.71
2026-09-27T19:59:28+00:00,https://bilgewatermarket.com/cards,Shadow's Call,nonfoil,0.39,https://bilgewatermarket.com/cards/UNL-165,normal,https://bilgewatermarket.com/assets/UNL-165-EN-DixP8nuW.webp,¥2.10,$0.39,,Shadow's Call UNL-165/219 CN ¥2.10 EN $0.39
2026-09-27T19:59:28+00:00,https://bilgewatermarket.com/cards,Stalking Wolf,foil,0.17,https://bilgewatermarket.com/cards/UNL-166?print_variation=foiled,foiled,https://bilgewatermarket.com/assets/UNL-166-EN-B_noFlGt.webp,¥1.12,$0.17,,Stalking Wolf UNL-166/219 Foiled CN ¥1.12 EN $0.17
2026-09-27T19:59:28+00:00,https://bilgewatermarket.com/cards,Stalking Wolf,nonfoil,0.07,https://bilgewatermarket.com/cards/UNL-166,normal,https://bilgewatermarket.com/assets/UNL-166-EN-B_noFlGt.webp,¥0.60,$0.07,,Stalking Wolf UNL-166/219 CN ¥0.60 EN $0.07
2026-09-27T19:59:28+00:00,https://bilgewatermarket.com/cards,Starhound,foil,0.22,https://bilgewatermarket.com/cards/UNL-167?print_variation=foiled,foiled,https://bilgewatermarket.com/assets/UNL-167-EN-C0deYBoU.webp,¥0.52,$0.22,,Starhound UNL-167/219 Foiled CN ¥0.52 EN $0.22
2026-09-27T19:59:28+00:00,https://bilgewatermarket.com/cards,Starhound,nonfoil,0.13,https://bilgewatermarket.com/cards/UNL-167,normal,https://bilgewatermarket.com/assets/UNL-167-EN-C0deYBoU.webp,¥0.53,$0.13,,Starhound UNL-167/219 CN ¥0.53 EN $0.13
2026-09-27T19:59:28+00:00,https://bilgewatermarket.com/cards,Undying Loyalty,foil,0.34,https://bilgewatermarket.com/cards/UNL-168?print_variation=foiled,foiled,https://bilgewatermarket.com/assets/UNL-168-EN-BPVhrgS3.webp,¥0.68,$0.34,,Undying Loyalty UNL-168/219 Foiled CN ¥0.68 EN $0.34
2026-09-27T19:59:28+00:00,https://bilgewatermarket.com/cards,Undying Loyalty,nonfoil,0.12,https://bilgewatermarket.com/cards/UNL-168,normal,https://bilgewatermarket.com/assets/UNL-168-EN-BPVhrgS3.webp,¥0.50,$0.12,,Undying Loyalty UNL-168/219 CN ¥0.50 EN $0.12
2026-09-27T19:59:28+00:00,https://bilgewatermarket.com/cards,"Ashe, Focused",nonfoil,1.27,https://bilgewatermarket.com/cards/UNL-169,normal,https://bilgewatermarket.com/assets/UNL-169-EN-BUq1c4xf.webp,¥1.77,$1.27,,"Ashe, Focused UNL-169/219 CN ¥1.77 EN $1.27"
2026-09-27T19:59:28+00:00,https://bilgewatermarket.com/cards,Atakhan,nonfoil,0.20,https://bilgewatermarket.com/cards/UNL-170,normal,https://bilgewatermarket.com/assets/UNL-170-EN-DtKxXDw7.webp,¥1.23,$0.20,,Atakhan UNL-170/219 CN ¥1.23 EN $0.20
2026-09-27T19:59:28+00:00,https://bilgewatermarket.com/cards,"Galio, Indefatigable",nonfoil,0.26,https://bilgewatermarket.com/cards/UNL-171,normal,https://bilgewatermarket.com/assets/UNL-171-EN-ojnOpaGS.webp,¥1.16,$0.26,,"Galio, Indefatigable UNL-171/219 CN ¥1.16 EN $0.26"
2026-09-27T19:59:28+00:00,https://bilgewatermarket.com/cards,"LeBlanc, Fragmented",nonfoil,0.34,https://bilgewatermarket.com/cards/UNL-172,normal,https://bilgewatermarket.com/assets/UNL-172-EN-BkP5bmzN.webp,¥1.23,$0.34,,"LeBlanc, Fragmented UNL-172/219 CN ¥1.23 EN $0.34"
2026-09-27T19:59:28+00:00,https://bilgewatermarket.com/cards,"LeBlanc, Fragmented",nonfoil,4.61,https://bilgewatermarket.com/cards/UNL-172a?print_variation=showcase,showcase,https://bilgewatermarket.com/assets/UNL-172a-EN-CGkSEWup.webp,¥7.66,$4.61,,"LeBlanc, Fragmented UNL-172A/219 Showcase CN ¥7.66 EN $4.61"
2026-09-27T19:59:28+00:00,https://bilgewatermarket.com/cards,Sacrifice,nonfoil,4.88,https://bilgewatermarket.com/cards/UNL-173,normal,https://bilgewatermarket.com/assets/UNL-173-EN-Ewg_bL9y.webp,¥5.37,$4.88,,Sacrifice UNL-173/219 CN ¥5.37 EN $4.88
2026-09-27T19:59:28+00:00,https://bilgewatermarket.com/cards,Shard of Undoing,nonfoil,0.19,https://bilgewatermarket.com/cards/UNL-174,normal,https://bilgewatermarket.com/assets/UNL-174-EN-D_6q7Zv2.webp,¥0.52,$0.19,,Shard of Undoing UNL-174/219 CN ¥0.52 EN $0.19
2026-09-27T19:59:28+00:00,https://bilgewatermarket.com/cards,Tactical Retreat,nonfoil,0.33,https://bilgewatermarket.com/cards/UNL-175,normal,https://bilgewatermarket.com/assets/UNL-175-EN-CdsOQ7ht.webp,¥1.90,$0.33,,Tactical Retreat UNL-175/219 CN ¥1.90 EN $0.33
2026-09-27T19:59:28+00:00,https://bilgewatermarket.com/cards,"Vi, Peacekeeper",nonfoil,5.29,https://bilgewatermarket.com/cards/UNL-176,normal,https://bilgewatermarket.com/assets/UNL-176-EN-DMd-dYzS.webp,¥4.30,$5.29,,"Vi, Peacekeeper UNL-176/219 CN ¥4.30 EN $5.29"
2026-09-27T19:59:28+00:00,https://bilgewatermarket.com/cards,"Vi, Peacekeeper",nonfoil,14.53,https://bilgewatermarket.com/cards/UNL-176a?print_variation=showcase,showcase,https://bilgewatermarket.com/assets/UNL-176a-EN-Cy2jvSGJ.webp,¥29.05,$14.53,,"Vi, Peacekeeper UNL-176A/219 Showcase CN ¥29.05 EN $14.53"
2026-09-27T19:59:28+00:00,https://bilgewatermarket.com/cards,"Ivern, Friend to All",nonfoil,1.34,https://bilgewatermarket.com/cards/UNL-177,normal,https://bilgewatermarket.com/assets/UNL-177-EN-DYlogs58.webp,¥1.39,$1.34,,"Ivern, Friend to All UNL-177/219 CN ¥1.39 EN $1.34"
2026-09-27T19:59:28+00:00,https://bilgewatermarket.com/cards,"Ivern, Friend to All",nonfoil,2.67,https://bilgewatermarket.com/cards/UNL-177a?print_variation=showcase,showcase,https://bilgewatermarket.com/assets/UNL-177A-EN-C8hacV8j.webp,¥2.63,$2.67,,"Ivern, Friend to All UNL-177A/219 Showcase CN ¥2.63 EN $2.67"
2026-09-27T19:59:28+00:00,https://bilgewatermarket.com/cards,"Poppy, Defender of the Meek",nonfoil,0.49,https://bilgewatermarket.com/cards/UNL-178,normal,https://bilgewatermarket.com/assets/UNL-178-EN-Cs288QlU.webp,¥1.46,$0.49,,"Poppy, Defender of the Meek UNL-178/219 CN ¥1.46 EN $0.49"
2026-09-27T19:59:28+00:00,https://bilgewatermarket.com/cards,"Poppy, Defender of the Meek",nonfoil,2.29,https://bilgewatermarket.com/cards/UNL-178a?print_variation=showcase,showcase,https://bilgewatermarket.com/assets/UNL-178a-EN-DNVPq4D7.webp,¥5.15,$2.29,,"Poppy, Defender of the Meek UNL-178A/219 Showcase CN ¥5.15 EN $2.29"
2026-09-27T19:59:28+00:00,https://bilgewatermarket.com/cards,Rift Herald,nonfoil,10.11,https://bilgewatermarket.com/cards/UNL-179,normal,https://bilgewatermarket.com/assets/UNL-179-EN-BLmbmJ4a.webp,¥18.88,$10.11,,Rift Herald UNL-179/219 CN ¥18.88 EN $10.11
2026-09-27T19:59:28+00:00,https://bilgewatermarket.com/cards,Rift Herald,nonfoil,15.88,https://bilgewatermarket.com/cards/UNL-179a?print_variation=showcase,showcase,https://bilgewatermarket.com/assets/UNL-179a-EN-BwVRYp8h.webp,¥31.56,$15.88,,Rift Herald UNL-179A/219 Showcase CN ¥31.56 EN $15.88
2026-09-27T19:59:28+00:00,https://bilgewatermarket.com/cards,The Ruination,nonfoil,8.14,https://bilgewatermarket.com/cards/UNL-180,normal,https://bilgewatermarket.com/assets/UNL-180-EN-bfN24x83.webp,¥19.88,$8.14,,The Ruination UNL-180/219 CN ¥19.88 EN $8.14
2026-09-27T19:59:28+00:00,https://bilgewatermarket.com/cards,"Jhin, Virtuoso",nonfoil,0.16,https://bilgewatermarket.com/cards/UNL-181,normal,https://bilgewatermarket.com/assets/UNL-181-EN-U2aMjJ5U.webp,¥0.50,$0.16,,"Jhin, Virtuoso UNL-181/219 CN ¥0.50 EN $0.16"
2026-09-27T19:59:28+00:00,https://bilgewatermarket.com/cards,Curtain Call,nonfoil,1.12,https://bilgewatermarket.com/cards/UNL-182,normal,https://bilgewatermarket.com/assets/UNL-182-EN-DY32jETE.webp,¥2.43,$1.12,,Curtain Call UNL-182/219 CN ¥2.43 EN $1.12
2026-09-27T19:59:28+00:00,https://bilgewatermarket.com/cards,"Rengar, Pridestalker",nonfoil,0.21,https://bilgewatermarket.com/cards/UNL-183,normal,https://bilgewatermarket.com/assets/UNL-183-EN-B4cRVZDo.webp,¥0.51,$0.21,,"Rengar, Pridestalker UNL-183/219 CN ¥0.51 EN $0.21"
2026-09-27T19:59:28+00:00,https://bilgewatermarket.com/cards,Thrill of the Hunt,nonfoil,9.40,https://bilgewatermarket.com/cards/UNL-184,normal,https://bilgewatermarket.com/assets/UNL-184-EN-CIDe2FFX.webp,¥12.44,$9.40,,Thrill of the Hunt UNL-184/219 CN ¥12.44 EN $9.40
2026-09-27T19:59:28+00:00,https://bilgewatermarket.com/cards,"Pyke, Bloodharbor Ripper",nonfoil,0.16,https://bilgewatermarket.com/cards/UNL-185,normal,https://bilgewatermarket.com/assets/UNL-185-EN-qdyFAFT1.webp,¥0.51,$0.16,,"Pyke, Bloodharbor Ripper UNL-185/219 CN ¥0.51 EN $0.16"
2026-09-27T19:59:28+00:00,https://bilgewatermarket.com/cards,Death from Below,nonfoil,0.80,https://bilgewatermarket.com/cards/UNL-186,normal,https://bilgewatermarket.com/assets/UNL-186-EN-9MZnqrak.webp,¥2.19,$0.80,,Death from Below UNL-186/219 CN ¥2.19 EN $0.80
2026-09-27T19:59:28+00:00,https://bilgewatermarket.com/cards,"Vi, Piltover Enforcer",nonfoil,0.17,https://bilgewatermarket.com/cards/UNL-187,normal,https://bilgewatermarket.com/assets/UNL-187-EN-BPjSbsKQ.webp,¥0.50,$0.17,,"Vi, Piltover Enforcer UNL-187/219 CN ¥0.50 EN $0.17"
2026-09-27T19:59:28+00:00,https://bilgewatermarket.com/cards,Hextech Gauntlets,nonfoil,0.54,https://bilgewatermarket.com/cards/UNL-188,normal,https://bilgewatermarket.com/assets/UNL-188-EN-DDZT2s9K.webp,¥1.72,$0.54,,Hextech Gauntlets UNL-188/219 CN ¥1.72 EN $0.54
2026-09-27T19:59:28+00:00,https://bilgewatermarket.com/cards,"Lillia, Bashful Bloom",nonfoil,0.25,https://bilgewatermarket.com/cards/UNL-189,normal,https://bilgewatermarket.com/assets/UNL-189-EN-kQBpLE9j.webp,¥0.51,$0.25,,"Lillia, Bashful Bloom UNL-189/219 CN ¥0.51 EN $0.25"
2026-09-27T19:59:28+00:00,https://bilgewatermarket.com/cards,Lilting Lullaby,nonfoil,2.19,https://bilgewatermarket.com/cards/UNL-190,normal,https://bilgewatermarket.com/assets/UNL-190-EN-Dn1XtAnW.webp,¥9.44,$2.19,,Lilting Lullaby UNL-190/219 CN ¥9.44 EN $2.19
2026-09-27T19:59:28+00:00,https://bilgewatermarket.com/cards,"Master Yi, Wuju Master",nonfoil,0.18,https://bilgewatermarket.com/cards/UNL-191,normal,https://bilgewatermarket.com/assets/UNL-191-EN-CefqZVC-.webp,¥0.54,$0.18,,"Master Yi, Wuju Master UNL-191/219 CN ¥0.54 EN $0.18"
2026-09-27T19:59:28+00:00,https://bilgewatermarket.com/cards,Alpha Strike,nonfoil,2.81,https://bilgewatermarket.com/cards/UNL-192,normal,https://bilgewatermarket.com/assets/UNL-192-EN-Cq4PsRGb.webp,¥11.48,$2.81,,Alpha Strike UNL-192/219 CN ¥11.48 EN $2.81
2026-09-27T19:59:28+00:00,https://bilgewatermarket.com/cards,"Vex, Gloomist",nonfoil,0.20,https://bilgewatermarket.com/cards/UNL-193,normal,https://bilgewatermarket.com/assets/UNL-193-EN-DNlP_F4B.webp,¥0.52,$0.20,,"Vex, Gloomist UNL-193/219 CN ¥0.52 EN $0.20"
2026-09-27T19:59:28+00:00,https://bilgewatermarket.com/cards,Shadow,nonfoil,0.44,https://bilgewatermarket.com/cards/UNL-194,normal,https://bilgewatermarket.com/assets/UNL-194-EN-DpsNrwjx.webp,¥1.10,$0.44,,Shadow UNL-194/219 CN ¥1.10 EN $0.44
2026-09-27T19:59:28+00:00,https://bilgewatermarket.com/cards,"Ivern, Green Father",nonfoil,0.17,https://bilgewatermarket.com/cards/UNL-195,normal,https://bilgewatermarket.com/assets/UNL-195-EN-e54tnICv.webp,¥0.50,$0.17,,"Ivern, Green Father UNL-195/219 CN ¥0.50 EN $0.17"
2026-09-27T19:59:28+00:00,https://bilgewatermarket.com/cards,Daisy!,nonfoil,1.35,https://bilgewatermarket.com/cards/UNL-196,normal,https://bilgewatermarket.com/assets/UNL-196-EN-SMW5qYhA.webp,¥2.54,$1.35,,Daisy! UNL-196/219 CN ¥2.54 EN $1.35
2026-09-27T19:59:28+00:00,https://bilgewatermarket.com/cards,"Diana, Scorn of the Moon",nonfoil,0.19,https://bilgewatermarket.com/cards/UNL-197,normal,https://bilgewatermarket.com/assets/UNL-197-EN-CNKWIhcH.webp,¥0.55,$0.19,,"Diana, Scorn of the Moon UNL-197/219 CN ¥0.55 EN $0.19"
2026-09-27T19:59:28+00:00,https://bilgewatermarket.com/cards,Moonfall,nonfoil,11.51,https://bilgewatermarket.com/cards/UNL-198,normal,https://bilgewatermarket.com/assets/UNL-198-EN-C577_q1f.webp,¥36.11,$11.51,,Moonfall UNL-198/219 CN ¥36.11 EN $11.51
2026-09-27T19:59:28+00:00,https://bilgewatermarket.com/cards,"LeBlanc, Deceiver",nonfoil,0.17,https://bilgewatermarket.com/cards/UNL-199,normal,https://bilgewatermarket.com/assets/UNL-199-EN-rwWohJbI.webp,¥0.57,$0.17,,"LeBlanc, Deceiver UNL-199/219 CN ¥0.57 EN $0.17"
2026-09-27T19:59:28+00:00,https://bilgewatermarket.com/cards,Mirror Image,nonfoil,19.78,https://bilgewatermarket.com/cards/UNL-200,normal,https://bilgewatermarket.com/assets/UNL-200-EN-BFJZsggW.webp,¥26.69,$19.78,,Mirror Image UNL-200/219 CN ¥26.69 EN $19.78
2026-09-27T19:59:28+00:00,https://bilgewatermarket.com/cards,"Kha'Zix, Voidreaver",nonfoil,0.15,https://bilgewatermarket.com/cards/UNL-201,normal,https://bilgewatermarket.com/assets/UNL-201-EN-eJCqdA7M.webp,¥0.50,$0.15,,"Kha'Zix, Voidreaver UNL-201/219 CN ¥0.50 EN $0.15"
2026-09-27T19:59:28+00:00,https://bilgewatermarket.com/cards,Void Assault,nonfoil,6.89,https://bilgewatermarket.com/cards/UNL-202,normal,https://bilgewatermarket.com/assets/UNL-202-EN-BYsayl9r.webp,¥10.23,$6.89,,Void Assault UNL-202/219 CN ¥10.23 EN $6.89
2026-09-27T19:59:28+00:00,https://bilgewatermarket.com/cards,"Poppy, Keeper of the Hammer",nonfoil,0.17,https://bilgewatermarket.com/cards/UNL-203,normal,https://bilgewatermarket.com/assets/UNL-203-EN-DQZOV_ef.webp,¥0.50,$0.17,,"Poppy, Keeper of the Hammer UNL-203/219 CN ¥0.50 EN $0.17"
2026-09-27T19:59:28+00:00,https://bilgewatermarket.com/cards,Keeper's Verdict,nonfoil,0.58,https://bilgewatermarket.com/cards/UNL-204,normal,https://bilgewatermarket.com/assets/UNL-204-EN-DfO5hbOA.webp,¥1.29,$0.58,,Keeper's Verdict UNL-204/219 CN ¥1.29 EN $0.58
2026-09-27T19:59:28+00:00,https://bilgewatermarket.com/cards,Abandoned Hall,foil,0.43,https://bilgewatermarket.com/cards/UNL-205?print_variation=foiled,foiled,https://bilgewatermarket.com/assets/UNL-205-EN-B3i0oFVT.webp,¥3.79,$0.43,,Abandoned Hall UNL-205/219 Foiled CN ¥3.79 EN $0.43
2026-09-27T19:59:28+00:00,https://bilgewatermarket.com/cards,Abandoned Hall,nonfoil,0.14,https://bilgewatermarket.com/cards/UNL-205,normal,https://bilgewatermarket.com/assets/UNL-205-EN-B3i0oFVT.webp,¥0.97,$0.14,,Abandoned Hall UNL-205/219 CN ¥0.97 EN $0.14
2026-09-27T19:59:28+00:00,https://bilgewatermarket.com/cards,Altar of Blood,foil,0.22,https://bilgewatermarket.com/cards/UNL-206?print_variation=foiled,foiled,https://bilgewatermarket.com/assets/UNL-206-EN-B2xbXvkO.webp,¥1.05,$0.22,,Altar of Blood UNL-206/219 Foiled CN ¥1.05 EN $0.22
2026-09-27T19:59:28+00:00,https://bilgewatermarket.com/cards,Altar of Blood,nonfoil,0.07,https://bilgewatermarket.com/cards/UNL-206,normal,https://bilgewatermarket.com/assets/UNL-206-EN-B2xbXvkO.webp,¥0.58,$0.07,,Altar of Blood UNL-206/219 CN ¥0.58 EN $0.07
2026-09-27T19:59:28+00:00,https://bilgewatermarket.com/cards,Amateur Recital,foil,0.25,https://bilgewatermarket.com/cards/UNL-207?print_variation=foiled,foiled,https://bilgewatermarket.com/assets/UNL-207-EN-C4fKtPbC.webp,¥2.12,$0.25,,Amateur Recital UNL-207/219 Foiled CN ¥2.12 EN $0.25
2026-09-27T19:59:28+00:00,https://bilgewatermarket.com/cards,Amateur Recital,nonfoil,0.07,https://bilgewatermarket.com/cards/UNL-207,normal,https://bilgewatermarket.com/assets/UNL-207-EN-C4fKtPbC.webp,¥0.64,$0.07,,Amateur Recital UNL-207/219 CN ¥0.64 EN $0.07
2026-09-27T19:59:28+00:00,https://bilgewatermarket.com/cards,Black Flame Altar,foil,0.24,https://bilgewatermarket.com/cards/UNL-208?print_variation=foiled,foiled,https://bilgewatermarket.com/assets/UNL-208-EN-BFfUgtpR.webp,¥1.38,$0.24,,Black Flame Altar UNL-208/219 Foiled CN ¥1.38 EN $0.24
2026-09-27T19:59:28+00:00,https://bilgewatermarket.com/cards,Black Flame Altar,nonfoil,0.10,https://bilgewatermarket.com/cards/UNL-208,normal,https://bilgewatermarket.com/assets/UNL-208-EN-BFfUgtpR.webp,¥0.53,$0.10,,Black Flame Altar UNL-208/219 CN ¥0.53 EN $0.10
2026-09-27T19:59:28+00:00,https://bilgewatermarket.com/cards,Dusk Rose Lab,foil,0.31,https://bilgewatermarket.com/cards/UNL-209?print_variation=foiled,foiled,https://bilgewatermarket.com/assets/UNL-209-EN-BuBON7qI.webp,¥3.08,$0.31,,Dusk Rose Lab UNL-209/219 Foiled CN ¥3.08 EN $0.31
2026-09-27T19:59:28+00:00,https://bilgewatermarket.com/cards,Dusk Rose Lab,nonfoil,0.10,https://bilgewatermarket.com/cards/UNL-209,normal,https://bilgewatermarket.com/assets/UNL-209-EN-BuBON7qI.webp,¥0.58,$0.10,,Dusk Rose Lab UNL-209/219 CN ¥0.58 EN $0.10
2026-09-27T19:59:28+00:00,https://bilgewatermarket.com/cards,Forbidding Waste,foil,0.38,https://bilgewatermarket.com/cards/UNL-210?print_variation=foiled,foiled,https://bilgewatermarket.com/assets/UNL-210-EN--IbLa7Sk.webp,¥3.20,$0.38,,Forbidding Waste UNL-210/219 Foiled CN ¥3.20 EN $0.38
2026-09-27T19:59:28+00:00,https://bilgewatermarket.com/cards,Forbidding Waste,nonfoil,0.14,https://bilgewatermarket.com/cards/UNL-210,normal,https://bilgewatermarket.com/assets/UNL-210-EN--IbLa7Sk.webp,¥0.63,$0.14,,Forbidding Waste UNL-210/219 CN ¥0.63 EN $0.14
2026-09-27T19:59:28+00:00,https://bilgewatermarket.com/cards,Forgotten Library,foil,0.18,https://bilgewatermarket.com/cards/UNL-211?print_variation=foiled,foiled,https://bilgewatermarket.com/assets/UNL-211-EN-7oK7vflT.webp,¥0.83,$0.18,,Forgotten Library UNL-211/219 Foiled CN ¥0.83 EN $0.18
2026-09-27T19:59:28+00:00,https://bilgewatermarket.com/cards,Forgotten Library,nonfoil,0.07,https://bilgewatermarket.com/cards/UNL-211,normal,https://bilgewatermarket.com/assets/UNL-211-EN-7oK7vflT.webp,¥0.50,$0.07,,Forgotten Library UNL-211/219 CN ¥0.50 EN $0.07
2026-09-27T19:59:28+00:00,https://bilgewatermarket.com/cards,Frozen Fortress,foil,0.28,https://bilgewatermarket.com/cards/UNL-212?print_variation=foiled,foiled,https://bilgewatermarket.com/assets/UNL-212-EN-DiwGxiqY.webp,¥2.70,$0.28,,Frozen Fortress UNL-212/219 Foiled CN ¥2.70 EN $0.28
2026-09-27T19:59:28+00:00,https://bilgewatermarket.com/cards,Frozen Fortress,nonfoil,0.09,https://bilgewatermarket.com/cards/UNL-212,normal,https://bilgewatermarket.com/assets/UNL-212-EN-DiwGxiqY.webp,¥0.55,$0.09,,Frozen Fortress UNL-212/219 CN ¥0.55 EN $0.09
2026-09-27T19:59:28+00:00,https://bilgewatermarket.com/cards,Gardens of Becoming,foil,0.23,https://bilgewatermarket.com/cards/UNL-213?print_variation=foiled,foiled,https://bilgewatermarket.com/assets/UNL-213-EN-CX1vd13o.webp,¥1.04,$0.23,,Gardens of Becoming UNL-213/219 Foiled CN ¥1.04 EN $0.23
2026-09-27T19:59:28+00:00,https://bilgewatermarket.com/cards,Gardens of Becoming,nonfoil,0.06,https://bilgewatermarket.com/cards/UNL-213,normal,https://bilgewatermarket.com/assets/UNL-213-EN-CX1vd13o.webp,¥0.50,$0.06,,Gardens of Becoming UNL-213/219 CN ¥0.50 EN $0.06
2026-09-27T19:59:28+00:00,https://bilgewatermarket.com/cards,Ripper's Bay,foil,0.25,https://bilgewatermarket.com/cards/UNL-214?print_variation=foiled,foiled,https://bilgewatermarket.com/assets/UNL-214-EN-Ny9KFUes.webp,¥0.92,$0.25,,Ripper's Bay UNL-214/219 Foiled CN ¥0.92 EN $0.25
2026-09-27T19:59:28+00:00,https://bilgewatermarket.com/cards,Ripper's Bay,nonfoil,0.07,https://bilgewatermarket.com/cards/UNL-214,normal,https://bilgewatermarket.com/assets/UNL-214-EN-Ny9KFUes.webp,¥0.50,$0.07,,Ripper's Bay UNL-214/219 CN ¥0.50 EN $0.07
2026-09-27T19:59:28+00:00,https://bilgewatermarket.com/cards,Star Spring,foil,0.36,https://bilgewatermarket.com/cards/UNL-215?print_variation=foiled,foiled,https://bilgewatermarket.com/assets/UNL-215-EN-CkgDq3o1.webp,¥3.67,$0.36,,Star Spring UNL-215/219 Foiled CN ¥3.67 EN $0.36
2026-09-27T19:59:28+00:00,https://bilgewatermarket.com/cards,Star Spring,nonfoil,0.18,https://bilgewatermarket.com/cards/UNL-215,normal,https://bilgewatermarket.com/assets/UNL-215-EN-CkgDq3o1.webp,¥0.66,$0.18,,Star Spring UNL-215/219 CN ¥0.66 EN $0.18
2026-09-27T19:59:28+00:00,https://bilgewatermarket.com/cards,The Academy,foil,0.19,https://bilgewatermarket.com/cards/UNL-216?print_variation=foiled,foiled,https://bilgewatermarket.com/assets/UNL-216-EN-C6l-ju5k.webp,¥0.84,$0.19,,The Academy UNL-216/219 Foiled CN ¥0.84 EN $0.19
2026-09-27T19:59:28+00:00,https://bilgewatermarket.com/cards,The Academy,nonfoil,0.05,https://bilgewatermarket.com/cards/UNL-216,normal,https://bilgewatermarket.com/assets/UNL-216-EN-C6l-ju5k.webp,¥0.51,$0.05,,The Academy UNL-216/219 CN ¥0.51 EN $0.05
2026-09-27T19:59:28+00:00,https://bilgewatermarket.com/cards,Trapping Grounds,foil,0.17,https://bilgewatermarket.com/cards/UNL-217?print_variation=foiled,foiled,https://bilgewatermarket.com/assets/UNL-217-EN-BWCfkzuB.webp,¥1.02,$0.17,,Trapping Grounds UNL-217/219 Foiled CN ¥1.02 EN $0.17
2026-09-27T19:59:28+00:00,https://bilgewatermarket.com/cards,Trapping Grounds,nonfoil,0.06,https://bilgewatermarket.com/cards/UNL-217,normal,https://bilgewatermarket.com/assets/UNL-217-EN-BWCfkzuB.webp,¥0.50,$0.06,,Trapping Grounds UNL-217/219 CN ¥0.50 EN $0.06
2026-09-27T19:59:28+00:00,https://bilgewatermarket.com/cards,Valley of Idols,foil,0.23,https://bilgewatermarket.com/cards/UNL-218?print_variation=foiled,foiled,https://bilgewatermarket.com/assets/UNL-218-EN-8C6J9Tai.webp,¥1.59,$0.23,,Valley of Idols UNL-218/219 Foiled CN ¥1.59 EN $0.23
2026-09-27T19:59:28+00:00,https://bilgewatermarket.com/cards,Valley of Idols,nonfoil,0.09,https://bilgewatermarket.com/cards/UNL-218,normal,https://bilgewatermarket.com/assets/UNL-218-EN-8C6J9Tai.webp,¥0.56,$0.09,,Valley of Idols UNL-218/219 CN ¥0.56 EN $0.09
2026-09-27T19:59:28+00:00,https://bilgewatermarket.com/cards,Vaults of Helia,foil,0.22,https://bilgewatermarket.com/cards/UNL-219?print_variation=foiled,foiled,https://bilgewatermarket.com/assets/UNL-219-EN-KP4dsgM_.webp,¥1.66,$0.22,,Vaults of Helia UNL-219/219 Foiled CN ¥1.66 EN $0.22
2026-09-27T19:59:28+00:00,https://bilgewatermarket.com/cards,Vaults of Helia,nonfoil,0.05,https://bilgewatermarket.com/cards/UNL-219,normal,https://bilgewatermarket.com/assets/UNL-219-EN-KP4dsgM_.webp,¥0.63,$0.05,,Vaults of Helia UNL-219/219 CN ¥0.63 EN $0.05
2026-09-27T19:59:28+00:00,https://bilgewatermarket.com/cards,Pouty Poro,nonfoil,198.32,https://bilgewatermarket.com/cards/UNL-220?print_variation=showcase,showcase,https://bilgewatermarket.com/assets/UNL-220-EN-BU3HFBrU.webp,¥205.21,$198.32,,Pouty Poro UNL-220/219 Showcase CN ¥205.21 EN $198.32
2026-09-27T19:59:28+00:00,https://bilgewatermarket.com/cards,Lonely Poro,nonfoil,358.45,https://bilgewatermarket.com/cards/UNL-221?print_variation=showcase,showcase,https://bilgewatermarket.com/assets/UNL-221-EN-BuQVYFZY.webp,¥458.87,$358.45,,Lonely Poro UNL-221/219 Showcase CN ¥458.87 EN $358.45
2026-09-27T19:59:28+00:00,https://bilgewatermarket.com/cards,Plundering Poro,nonfoil,199.84,https://bilgewatermarket.com/cards/UNL-222?print_variation=showcase,showcase,https://bilgewatermarket.com/assets/UNL-222-EN-BFFWmkuO.webp,¥321.97,$199.84,,Plundering Poro UNL-222/219 Showcase CN ¥321.97 EN $199.84
2026-09-27T19:59:28+00:00,https://bilgewatermarket.com/cards,Veteran Poro,nonfoil,176.67,https://bilgewatermarket.com/cards/UNL-223?print_variation=showcase,showcase,https://bilgewatermarket.com/assets/UNL-223-EN-DjYUB0Qh.webp,¥164.43,$176.67,,Veteran Poro UNL-223/219 Showcase CN ¥164.43 EN $176.67
2026-09-27T19:59:28+00:00,https://bilgewatermarket.com/cards,Mystic Poro,nonfoil,188.09,https://bilgewatermarket.com/cards/UNL-224?print_variation=showcase,showcase,https://bilgewatermarket.com/assets/UNL-224-EN-CBO2fcyz.webp,¥221.81,$188.09,,Mystic Poro UNL-224/219 Showcase CN ¥221.81 EN $188.09
2026-09-27T19:59:28+00:00,https://bilgewatermarket.com/cards,Daring Poro,nonfoil,171.40,https://bilgewatermarket.com/cards/UNL-225?print_variation=showcase,showcase,https://bilgewatermarket.com/assets/UNL-225-EN-BTiJoP5C.webp,¥238.06,$171.40,,Daring Poro UNL-225/219 Showcase CN ¥238.06 EN $171.40
2026-09-27T19:59:28+00:00,https://bilgewatermarket.com/cards,"Jhin, Virtuoso",nonfoil,70.09,https://bilgewatermarket.com/cards/UNL-226?print_variation=showcase,showcase,https://bilgewatermarket.com/assets/UNL-226-EN-LeTYYDjl.webp,¥66.79,$70.09,,"Jhin, Virtuoso UNL-226/219 Showcase CN ¥66.79 EN $70.09"
2026-09-27T19:59:28+00:00,https://bilgewatermarket.com/cards,"Rengar, Pridestalker",nonfoil,111.21,https://bilgewatermarket.com/cards/UNL-227?print_variation=showcase,showcase,https://bilgewatermarket.com/assets/UNL-227-EN-It77lMx2.webp,¥99.82,$111.21,,"Rengar, Pridestalker UNL-227/219 Showcase CN ¥99.82 EN $111.21"
2026-09-27T19:59:28+00:00,https://bilgewatermarket.com/cards,"Pyke, Bloodharbor Ripper",nonfoil,94.60,https://bilgewatermarket.com/cards/UNL-228?print_variation=showcase,showcase,https://bilgewatermarket.com/assets/UNL-228-EN-B_4X0rcx.webp,¥105.73,$94.60,,"Pyke, Bloodharbor Ripper UNL-228/219 Showcase CN ¥105.73 EN $94.60"
2026-09-27T19:59:28+00:00,https://bilgewatermarket.com/cards,"Vi, Piltover Enforcer",nonfoil,91.72,https://bilgewatermarket.com/cards/UNL-229?print_variation=showcase,showcase,https://bilgewatermarket.com/assets/UNL-229-EN-DMaA_WrZ.webp,¥90.65,$91.72,,"Vi, Piltover Enforcer UNL-229/219 Showcase CN ¥90.65 EN $91.72"
2026-09-27T19:59:28+00:00,https://bilgewatermarket.com/cards,"Lillia, Bashful Bloom",nonfoil,79.35,https://bilgewatermarket.com/cards/UNL-230?print_variation=showcase,showcase,https://bilgewatermarket.com/assets/UNL-230-EN-HFfdZJFb.webp,¥89.53,$79.35,,"Lillia, Bashful Bloom UNL-230/219 Showcase CN ¥89.53 EN $79.35"
2026-09-27T19:59:28+00:00,https://bilgewatermarket.com/cards,"Master Yi, Wuju Master",nonfoil,50.26,https://bilgewatermarket.com/cards/UNL-231?print_variation=showcase,showcase,https://bilgewatermarket.com/assets/UNL-231-EN-DtYBY2xr.webp,¥100.26,$50.26,,"Master Yi, Wuju Master UNL-231/219 Showcase CN ¥100.26 EN $50.26"
2026-09-27T19:59:28+00:00,https://bilgewatermarket.com/cards,"Vex, Gloomist",nonfoil,115.63,https://bilgewatermarket.com/cards/UNL-232?print_variation=showcase,showcase,https://bilgewatermarket.com/assets/UNL-232-EN-BYXRnHrj.webp,¥307.89,$115.63,,"Vex, Gloomist UNL-232/219 Showcase CN ¥307.89 EN $115.63"
2026-09-27T19:59:28+00:00,https://bilgewatermarket.com/cards,"Ivern, Green Father",nonfoil,65.17,https://bilgewatermarket.com/cards/UNL-233?print_variation=showcase,showcase,https://bilgewatermarket.com/assets/UNL-233-EN-CeEkAtl7.webp,¥50.25,$65.17,,"Ivern, Green Father UNL-233/219 Showcase CN ¥50.25 EN $65.17"
2026-09-27T19:59:28+00:00,https://bilgewatermarket.com/cards,"Diana, Scorn of the Moon",nonfoil,237.36,https://bilgewatermarket.com/cards/UNL-234?print_variation=showcase,showcase,https://bilgewatermarket.com/assets/UNL-234-EN-jyyftaCH.webp,¥326.74,$237.36,,"Diana, Scorn of the Moon UNL-234/219 Showcase CN ¥326.74 EN $237.36"
2026-09-27T19:59:28+00:00,https://bilgewatermarket.com/cards,"LeBlanc, Deceiver",nonfoil,243.33,https://bilgewatermarket.com/cards/UNL-235?print_variation=showcase,showcase,https://bilgewatermarket.com/assets/UNL-235-EN-xrKLyHRv.webp,¥245.05,$243.33,,"LeBlanc, Deceiver UNL-235/219 Showcase CN ¥245.05 EN $243.33"
2026-09-27T19:59:28+00:00,https://bilgewatermarket.com/cards,"Kha'Zix, Voidreaver",nonfoil,112.73,https://bilgewatermarket.com/cards/UNL-236?print_variation=showcase,showcase,https://bilgewatermarket.com/assets/UNL-236-EN-uQp0Dv5x.webp,¥101.49,$112.73,,"Kha'Zix, Voidreaver UNL-236/219 Showcase CN ¥101.49 EN $112.73"
2026-09-27T19:59:28+00:00,https://bilgewatermarket.com/cards,"Poppy, Keeper of the Hammer",nonfoil,43.93,https://bilgewatermarket.com/cards/UNL-237?print_variation=showcase,showcase,https://bilgewatermarket.com/assets/UNL-237-EN-BPuD6POI.webp,¥49.01,$43.93,,"Poppy, Keeper of the Hammer UNL-237/219 Showcase CN ¥49.01 EN $43.93"
2026-09-27T19:59:28+00:00,https://bilgewatermarket.com/cards,Baron Nashor,nonfoil,1828.46,https://bilgewatermarket.com/cards/UNL-238?print_variation=showcase,showcase,https://bilgewatermarket.com/assets/UNL-238-EN-Dch1B17l.webp,"¥10,347.80","$1,828.46",,"Baron Nashor UNL-238/219 Showcase CN ¥10,347.80 EN $1,828.46"
