collected_at,source_url,name,foil_status,price,url,print_variation,image_url,cn_price,en_price,set_number,raw_text
2026-09-29T21:18:06+00:00,https://bilgewatermarket.com/cards,Baccai Sandspinner,foil,0.13,https://bilgewatermarket.com/cards/VEN-001?print_variation=foiled,foiled,https://bilgewatermarket.com/assets/VEN-001-EN-CwT4oNk9.png,¥0.50,$0.13,,Baccai Sandspinner VEN-001/166 Foiled CN ¥0.50 EN $0.13
2026-09-29T21:18:06+00:00,https://bilgewatermarket.com/cards,Baccai Sandspinner,nonfoil,0.06,https://bilgewatermarket.com/cards/VEN-001,normal,https://bilgewatermarket.com/assets/VEN-001-EN-CwT4oNk9.png,¥0.59,$0.06,,Baccai Sandspinner VEN-001/166 CN ¥0.59 EN $0.06
2026-09-29T21:18:06+00:00,https://bilgewatermarket.com/cards,Blade Twirler,foil,0.15,https://bilgewatermarket.com/cards/VEN-002?print_variation=foiled,foiled,https://bilgewatermarket.com/assets/VEN-002-EN-DhiWbxgH.png,¥0.89,$0.15,,Blade Twirler VEN-002/166 Foiled CN ¥0.89 EN $0.15
2026-09-29T21:18:06+00:00,https://bilgewatermarket.com/cards,Blade Twirler,nonfoil,0.06,https://bilgewatermarket.com/cards/VEN-002,normal,https://bilgewatermarket.com/assets/VEN-002-EN-DhiWbxgH.png,¥0.50,$0.06,,Blade Twirler VEN-002/166 CN ¥0.50 EN $0.06
2026-09-29T21:18:06+00:00,https://bilgewatermarket.com/cards,Brittle Steel,foil,0.35,https://bilgewatermarket.com/cards/VEN-003?print_variation=foiled,foiled,https://bilgewatermarket.com/assets/VEN-003-EN-BLstdxYc.png,¥2.03,$0.35,,Brittle Steel VEN-003/166 Foiled CN ¥2.03 EN $0.35
2026-09-29T21:18:06+00:00,https://bilgewatermarket.com/cards,Brittle Steel,nonfoil,0.09,https://bilgewatermarket.com/cards/VEN-003,normal,https://bilgewatermarket.com/assets/VEN-003-EN-BLstdxYc.png,¥0.76,$0.09,,Brittle Steel VEN-003/166 CN ¥0.76 EN $0.09
2026-09-29T21:18:06+00:00,https://bilgewatermarket.com/cards,Dune Surfer,foil,0.23,https://bilgewatermarket.com/cards/VEN-004?print_variation=foiled,foiled,https://bilgewatermarket.com/assets/VEN-004-EN-CDFnHbgU.png,¥0.51,$0.23,,Dune Surfer VEN-004/166 Foiled CN ¥0.51 EN $0.23
2026-09-29T21:18:06+00:00,https://bilgewatermarket.com/cards,Dune Surfer,nonfoil,0.08,https://bilgewatermarket.com/cards/VEN-004,normal,https://bilgewatermarket.com/assets/VEN-004-EN-CDFnHbgU.png,¥0.50,$0.08,,Dune Surfer VEN-004/166 CN ¥0.50 EN $0.08
2026-09-29T21:18:06+00:00,https://bilgewatermarket.com/cards,Forsaken Baccai,foil,0.22,https://bilgewatermarket.com/cards/VEN-005?print_variation=foiled,foiled,https://bilgewatermarket.com/assets/VEN-005-EN-B296W7Pp.png,¥0.50,$0.22,,Forsaken Baccai VEN-005/166 Foiled CN ¥0.50 EN $0.22
2026-09-29T21:18:06+00:00,https://bilgewatermarket.com/cards,Forsaken Baccai,nonfoil,0.08,https://bilgewatermarket.com/cards/VEN-005,normal,https://bilgewatermarket.com/assets/VEN-005-EN-B296W7Pp.png,¥0.50,$0.08,,Forsaken Baccai VEN-005/166 CN ¥0.50 EN $0.08
2026-09-29T21:18:06+00:00,https://bilgewatermarket.com/cards,Oasis Raider,foil,0.15,https://bilgewatermarket.com/cards/VEN-006?print_variation=foiled,foiled,https://bilgewatermarket.com/assets/VEN-006-EN-BXQcW2nP.png,¥0.51,$0.15,,Oasis Raider VEN-006/166 Foiled CN ¥0.51 EN $0.15
2026-09-29T21:18:06+00:00,https://bilgewatermarket.com/cards,Oasis Raider,nonfoil,0.07,https://bilgewatermarket.com/cards/VEN-006,normal,https://bilgewatermarket.com/assets/VEN-006-EN-BXQcW2nP.png,¥0.50,$0.07,,Oasis Raider VEN-006/166 CN ¥0.50 EN $0.07
2026-09-29T21:18:06+00:00,https://bilgewatermarket.com/cards,Punching Poro,foil,0.20,https://bilgewatermarket.com/cards/VEN-007?print_variation=foiled,foiled,https://bilgewatermarket.com/assets/VEN-007-EN-BC4DnhHy.png,¥0.64,$0.20,,Punching Poro VEN-007/166 Foiled CN ¥0.64 EN $0.20
2026-09-29T21:18:06+00:00,https://bilgewatermarket.com/cards,Punching Poro,nonfoil,0.07,https://bilgewatermarket.com/cards/VEN-007,normal,https://bilgewatermarket.com/assets/VEN-007-EN-BC4DnhHy.png,¥0.50,$0.07,,Punching Poro VEN-007/166 CN ¥0.50 EN $0.07
2026-09-29T21:18:06+00:00,https://bilgewatermarket.com/cards,Ruthless Strike,foil,0.20,https://bilgewatermarket.com/cards/VEN-008?print_variation=foiled,foiled,https://bilgewatermarket.com/assets/VEN-008-EN-QwSBQX3c.png,¥0.57,$0.20,,Ruthless Strike VEN-008/166 Foiled CN ¥0.57 EN $0.20
2026-09-29T21:18:06+00:00,https://bilgewatermarket.com/cards,Ruthless Strike,nonfoil,0.08,https://bilgewatermarket.com/cards/VEN-008,normal,https://bilgewatermarket.com/assets/VEN-008-EN-QwSBQX3c.png,¥0.50,$0.08,,Ruthless Strike VEN-008/166 CN ¥0.50 EN $0.08
2026-09-29T21:18:06+00:00,https://bilgewatermarket.com/cards,Baccai Reaper,foil,0.24,https://bilgewatermarket.com/cards/VEN-009?print_variation=foiled,foiled,https://bilgewatermarket.com/assets/VEN-009-EN-GkgxpQJM.png,¥0.52,$0.24,,Baccai Reaper VEN-009/166 Foiled CN ¥0.52 EN $0.24
2026-09-29T21:18:06+00:00,https://bilgewatermarket.com/cards,Baccai Reaper,nonfoil,0.06,https://bilgewatermarket.com/cards/VEN-009,normal,https://bilgewatermarket.com/assets/VEN-009-EN-GkgxpQJM.png,¥0.50,$0.06,,Baccai Reaper VEN-009/166 CN ¥0.50 EN $0.06
2026-09-29T21:18:06+00:00,https://bilgewatermarket.com/cards,Consuming Curse,foil,0.18,https://bilgewatermarket.com/cards/VEN-010?print_variation=foiled,foiled,https://bilgewatermarket.com/assets/VEN-010-EN-C4KbjOi9.png,¥0.84,$0.18,,Consuming Curse VEN-010/166 Foiled CN ¥0.84 EN $0.18
2026-09-29T21:18:06+00:00,https://bilgewatermarket.com/cards,Consuming Curse,nonfoil,0.10,https://bilgewatermarket.com/cards/VEN-010,normal,https://bilgewatermarket.com/assets/VEN-010-EN-C4KbjOi9.png,¥0.55,$0.10,,Consuming Curse VEN-010/166 CN ¥0.55 EN $0.10
2026-09-29T21:18:06+00:00,https://bilgewatermarket.com/cards,Pendulum Blade,foil,0.33,https://bilgewatermarket.com/cards/VEN-011?print_variation=foiled,foiled,https://bilgewatermarket.com/assets/VEN-011-EN-abjrVRf0.png,¥2.42,$0.33,,Pendulum Blade VEN-011/166 Foiled CN ¥2.42 EN $0.33
2026-09-29T21:18:06+00:00,https://bilgewatermarket.com/cards,Pendulum Blade,nonfoil,0.10,https://bilgewatermarket.com/cards/VEN-011,normal,https://bilgewatermarket.com/assets/VEN-011-EN-abjrVRf0.png,¥0.95,$0.10,,Pendulum Blade VEN-011/166 CN ¥0.95 EN $0.10
2026-09-29T21:18:06+00:00,https://bilgewatermarket.com/cards,Perfect Execution,foil,0.43,https://bilgewatermarket.com/cards/VEN-012?print_variation=foiled,foiled,https://bilgewatermarket.com/assets/VEN-012-EN-DOVssiky.png,¥2.66,$0.43,,Perfect Execution VEN-012/166 Foiled CN ¥2.66 EN $0.43
2026-09-29T21:18:06+00:00,https://bilgewatermarket.com/cards,Perfect Execution,nonfoil,0.13,https://bilgewatermarket.com/cards/VEN-012,normal,https://bilgewatermarket.com/assets/VEN-012-EN-DOVssiky.png,¥1.24,$0.13,,Perfect Execution VEN-012/166 CN ¥1.24 EN $0.13
2026-09-29T21:18:06+00:00,https://bilgewatermarket.com/cards,Shadow Assassin,foil,0.23,https://bilgewatermarket.com/cards/VEN-013?print_variation=foiled,foiled,https://bilgewatermarket.com/assets/VEN-013-EN-Z3fdgB-s.png,¥0.57,$0.23,,Shadow Assassin VEN-013/166 Foiled CN ¥0.57 EN $0.23
2026-09-29T21:18:06+00:00,https://bilgewatermarket.com/cards,Shadow Assassin,nonfoil,0.07,https://bilgewatermarket.com/cards/VEN-013,normal,https://bilgewatermarket.com/assets/VEN-013-EN-Z3fdgB-s.png,¥0.50,$0.07,,Shadow Assassin VEN-013/166 CN ¥0.50 EN $0.07
2026-09-29T21:18:06+00:00,https://bilgewatermarket.com/cards,Shadow Fiend,foil,0.26,https://bilgewatermarket.com/cards/VEN-014?print_variation=foiled,foiled,https://bilgewatermarket.com/assets/VEN-014-EN-BTkAV4rh.png,¥2.23,$0.26,,Shadow Fiend VEN-014/166 Foiled CN ¥2.23 EN $0.26
2026-09-29T21:18:06+00:00,https://bilgewatermarket.com/cards,Shadow Fiend,nonfoil,0.06,https://bilgewatermarket.com/cards/VEN-014,normal,https://bilgewatermarket.com/assets/VEN-014-EN-BTkAV4rh.png,¥0.69,$0.06,,Shadow Fiend VEN-014/166 CN ¥0.69 EN $0.06
2026-09-29T21:18:06+00:00,https://bilgewatermarket.com/cards,Decree of Rage,nonfoil,0.28,https://bilgewatermarket.com/cards/VEN-015,normal,https://bilgewatermarket.com/assets/VEN-015-EN-BsGYYCiU.png,¥3.77,$0.28,,Decree of Rage VEN-015/166 CN ¥3.77 EN $0.28
2026-09-29T21:18:06+00:00,https://bilgewatermarket.com/cards,Eclipse Dragon,nonfoil,0.16,https://bilgewatermarket.com/cards/VEN-016,normal,https://bilgewatermarket.com/assets/VEN-016-EN-BuFaigBn.png,¥0.53,$0.16,,Eclipse Dragon VEN-016/166 CN ¥0.53 EN $0.16
2026-09-29T21:18:06+00:00,https://bilgewatermarket.com/cards,"Morgana, Vindictive",nonfoil,0.14,https://bilgewatermarket.com/cards/VEN-017,normal,https://bilgewatermarket.com/assets/VEN-017-EN-8wnGKgvv.png,¥0.76,$0.14,,"Morgana, Vindictive VEN-017/166 CN ¥0.76 EN $0.14"
2026-09-29T21:18:06+00:00,https://bilgewatermarket.com/cards,Rage Amplifier,nonfoil,0.18,https://bilgewatermarket.com/cards/VEN-018,normal,https://bilgewatermarket.com/assets/VEN-018-EN-RmQ_A8Q3.png,¥0.69,$0.18,,Rage Amplifier VEN-018/166 CN ¥0.69 EN $0.18
2026-09-29T21:18:06+00:00,https://bilgewatermarket.com/cards,"Renekton, Rage Fueled",nonfoil,0.13,https://bilgewatermarket.com/cards/VEN-019,normal,https://bilgewatermarket.com/assets/VEN-019-EN-DL0bY2ZM.png,¥0.61,$0.13,,"Renekton, Rage Fueled VEN-019/166 CN ¥0.61 EN $0.13"
2026-09-29T21:18:06+00:00,https://bilgewatermarket.com/cards,"Renekton, Rage Fueled",nonfoil,0.99,https://bilgewatermarket.com/cards/VEN-019a?print_variation=showcase,showcase,https://bilgewatermarket.com/assets/VEN-019a-EN-BnEfMIC6.png,¥3.44,$0.99,,"Renekton, Rage Fueled VEN-019A/166 Showcase CN ¥3.44 EN $0.99"
2026-09-29T21:18:06+00:00,https://bilgewatermarket.com/cards,Twilight Reveler,nonfoil,0.19,https://bilgewatermarket.com/cards/VEN-020,normal,https://bilgewatermarket.com/assets/VEN-020-EN-CMJPOZWt.png,¥2.23,$0.19,,Twilight Reveler VEN-020/166 CN ¥2.23 EN $0.19
2026-09-29T21:18:06+00:00,https://bilgewatermarket.com/cards,"Akali, Deadly Weapon",nonfoil,0.91,https://bilgewatermarket.com/cards/VEN-021,normal,https://bilgewatermarket.com/assets/VEN-021-EN-C07AHWS6.png,¥5.44,$0.91,,"Akali, Deadly Weapon VEN-021/166 CN ¥5.44 EN $0.91"
2026-09-29T21:18:06+00:00,https://bilgewatermarket.com/cards,"Akali, Deadly Weapon",nonfoil,12.04,https://bilgewatermarket.com/cards/VEN-021a?print_variation=showcase,showcase,https://bilgewatermarket.com/assets/VEN-021a-EN-DqhHd3uM.png,¥29.42,$12.04,,"Akali, Deadly Weapon VEN-021A/166 Showcase CN ¥29.42 EN $12.04"
2026-09-29T21:18:06+00:00,https://bilgewatermarket.com/cards,Endless Riches,nonfoil,0.75,https://bilgewatermarket.com/cards/VEN-022,normal,https://bilgewatermarket.com/assets/VEN-022-EN-rRxduvKk.png,¥4.12,$0.75,,Endless Riches VEN-022/166 CN ¥4.12 EN $0.75
2026-09-29T21:18:06+00:00,https://bilgewatermarket.com/cards,"Zed, From the Shadows",nonfoil,0.37,https://bilgewatermarket.com/cards/VEN-023,normal,https://bilgewatermarket.com/assets/VEN-023-EN-9vllZTnU.png,¥3.67,$0.37,,"Zed, From the Shadows VEN-023/166 CN ¥3.67 EN $0.37"
2026-09-29T21:18:06+00:00,https://bilgewatermarket.com/cards,"Zed, From the Shadows",nonfoil,2.36,https://bilgewatermarket.com/cards/VEN-023a?print_variation=showcase,showcase,https://bilgewatermarket.com/assets/VEN-023a-EN-C2qiG0ec.png,¥8.44,$2.36,,"Zed, From the Shadows VEN-023A/166 Showcase CN ¥8.44 EN $2.36"
2026-09-29T21:18:06+00:00,https://bilgewatermarket.com/cards,Affectionate Poro,foil,0.20,https://bilgewatermarket.com/cards/VEN-024?print_variation=foiled,foiled,https://bilgewatermarket.com/assets/VEN-024-EN-DH64eq9Y.png,¥0.84,$0.20,,Affectionate Poro VEN-024/166 Foiled CN ¥0.84 EN $0.20
2026-09-29T21:18:06+00:00,https://bilgewatermarket.com/cards,Affectionate Poro,nonfoil,0.09,https://bilgewatermarket.com/cards/VEN-024,normal,https://bilgewatermarket.com/assets/VEN-024-EN-DH64eq9Y.png,¥0.53,$0.09,,Affectionate Poro VEN-024/166 CN ¥0.53 EN $0.09
2026-09-29T21:18:06+00:00,https://bilgewatermarket.com/cards,Esteemed Hierophant,foil,0.12,https://bilgewatermarket.com/cards/VEN-025?print_variation=foiled,foiled,https://bilgewatermarket.com/assets/VEN-025-EN-CdKDhYdf.png,¥0.50,$0.12,,Esteemed Hierophant VEN-025/166 Foiled CN ¥0.50 EN $0.12
2026-09-29T21:18:06+00:00,https://bilgewatermarket.com/cards,Esteemed Hierophant,nonfoil,0.03,https://bilgewatermarket.com/cards/VEN-025,normal,https://bilgewatermarket.com/assets/VEN-025-EN-CdKDhYdf.png,¥0.51,$0.03,,Esteemed Hierophant VEN-025/166 CN ¥0.51 EN $0.03
2026-09-29T21:18:06+00:00,https://bilgewatermarket.com/cards,Field Musicians,foil,0.10,https://bilgewatermarket.com/cards/VEN-026?print_variation=foiled,foiled,https://bilgewatermarket.com/assets/VEN-026-EN-DM1O5HO-.png,¥0.55,$0.10,,Field Musicians VEN-026/166 Foiled CN ¥0.55 EN $0.10
2026-09-29T21:18:06+00:00,https://bilgewatermarket.com/cards,Field Musicians,nonfoil,0.05,https://bilgewatermarket.com/cards/VEN-026,normal,https://bilgewatermarket.com/assets/VEN-026-EN-DM1O5HO-.png,¥0.50,$0.05,,Field Musicians VEN-026/166 CN ¥0.50 EN $0.05
2026-09-29T21:18:06+00:00,https://bilgewatermarket.com/cards,Hand Hammer,foil,0.29,https://bilgewatermarket.com/cards/VEN-027?print_variation=foiled,foiled,https://bilgewatermarket.com/assets/VEN-027-EN-CiHmLLkz.png,¥1.03,$0.29,,Hand Hammer VEN-027/166 Foiled CN ¥1.03 EN $0.29
2026-09-29T21:18:06+00:00,https://bilgewatermarket.com/cards,Hand Hammer,nonfoil,0.08,https://bilgewatermarket.com/cards/VEN-027,normal,https://bilgewatermarket.com/assets/VEN-027-EN-CiHmLLkz.png,¥0.55,$0.08,,Hand Hammer VEN-027/166 CN ¥0.55 EN $0.08
2026-09-29T21:18:06+00:00,https://bilgewatermarket.com/cards,Mournful Witness,foil,0.34,https://bilgewatermarket.com/cards/VEN-028?print_variation=foiled,foiled,https://bilgewatermarket.com/assets/VEN-028-EN-2bCFb-MU.png,¥2.33,$0.34,,Mournful Witness VEN-028/166 Foiled CN ¥2.33 EN $0.34
2026-09-29T21:18:06+00:00,https://bilgewatermarket.com/cards,Mournful Witness,nonfoil,0.10,https://bilgewatermarket.com/cards/VEN-028,normal,https://bilgewatermarket.com/assets/VEN-028-EN-2bCFb-MU.png,¥0.54,$0.10,,Mournful Witness VEN-028/166 CN ¥0.54 EN $0.10
2026-09-29T21:18:06+00:00,https://bilgewatermarket.com/cards,Ol' Poro,foil,0.30,https://bilgewatermarket.com/cards/VEN-029?print_variation=foiled,foiled,https://bilgewatermarket.com/assets/VEN-029-EN-KWJAVihx.png,¥0.57,$0.30,,Ol' Poro VEN-029/166 Foiled CN ¥0.57 EN $0.30
2026-09-29T21:18:06+00:00,https://bilgewatermarket.com/cards,Ol' Poro,nonfoil,0.07,https://bilgewatermarket.com/cards/VEN-029,normal,https://bilgewatermarket.com/assets/VEN-029-EN-KWJAVihx.png,¥0.50,$0.07,,Ol' Poro VEN-029/166 CN ¥0.50 EN $0.07
2026-09-29T21:18:06+00:00,https://bilgewatermarket.com/cards,Serene Ascetic,foil,0.16,https://bilgewatermarket.com/cards/VEN-030?print_variation=foiled,foiled,https://bilgewatermarket.com/assets/VEN-030-EN-COobBbuO.png,¥0.54,$0.16,,Serene Ascetic VEN-030/166 Foiled CN ¥0.54 EN $0.16
2026-09-29T21:18:06+00:00,https://bilgewatermarket.com/cards,Serene Ascetic,nonfoil,0.05,https://bilgewatermarket.com/cards/VEN-030,normal,https://bilgewatermarket.com/assets/VEN-030-EN-COobBbuO.png,¥0.50,$0.05,,Serene Ascetic VEN-030/166 CN ¥0.50 EN $0.05
2026-09-29T21:18:06+00:00,https://bilgewatermarket.com/cards,Twilight Shroud,foil,0.30,https://bilgewatermarket.com/cards/VEN-031?print_variation=foiled,foiled,https://bilgewatermarket.com/assets/VEN-031-EN-gTBfzKTy.png,¥2.90,$0.30,,Twilight Shroud VEN-031/166 Foiled CN ¥2.90 EN $0.30
2026-09-29T21:18:06+00:00,https://bilgewatermarket.com/cards,Twilight Shroud,nonfoil,0.08,https://bilgewatermarket.com/cards/VEN-031,normal,https://bilgewatermarket.com/assets/VEN-031-EN-gTBfzKTy.png,¥1.19,$0.08,,Twilight Shroud VEN-031/166 CN ¥1.19 EN $0.08
2026-09-29T21:18:06+00:00,https://bilgewatermarket.com/cards,Frostcoat Mother,foil,0.24,https://bilgewatermarket.com/cards/VEN-032?print_variation=foiled,foiled,https://bilgewatermarket.com/assets/VEN-032-EN-tr67-nkz.png,¥1.00,$0.24,,Frostcoat Mother VEN-032/166 Foiled CN ¥1.00 EN $0.24
2026-09-29T21:18:06+00:00,https://bilgewatermarket.com/cards,Frostcoat Mother,nonfoil,0.07,https://bilgewatermarket.com/cards/VEN-032,normal,https://bilgewatermarket.com/assets/VEN-032-EN-tr67-nkz.png,¥0.69,$0.07,,Frostcoat Mother VEN-032/166 CN ¥0.69 EN $0.07
2026-09-29T21:18:06+00:00,https://bilgewatermarket.com/cards,Pakaa Protector,foil,0.26,https://bilgewatermarket.com/cards/VEN-033?print_variation=foiled,foiled,https://bilgewatermarket.com/assets/VEN-033-EN-DXvB-R4_.png,¥0.55,$0.26,,Pakaa Protector VEN-033/166 Foiled CN ¥0.55 EN $0.26
2026-09-29T21:18:06+00:00,https://bilgewatermarket.com/cards,Pakaa Protector,nonfoil,0.07,https://bilgewatermarket.com/cards/VEN-033,normal,https://bilgewatermarket.com/assets/VEN-033-EN-DXvB-R4_.png,¥0.50,$0.07,,Pakaa Protector VEN-033/166 CN ¥0.50 EN $0.07
2026-09-29T21:18:06+00:00,https://bilgewatermarket.com/cards,Resonating Strike,foil,0.25,https://bilgewatermarket.com/cards/VEN-034?print_variation=foiled,foiled,https://bilgewatermarket.com/assets/VEN-034-EN-CKOawcph.png,¥1.90,$0.25,,Resonating Strike VEN-034/166 Foiled CN ¥1.90 EN $0.25
2026-09-29T21:18:06+00:00,https://bilgewatermarket.com/cards,Resonating Strike,nonfoil,0.14,https://bilgewatermarket.com/cards/VEN-034,normal,https://bilgewatermarket.com/assets/VEN-034-EN-CKOawcph.png,¥1.13,$0.14,,Resonating Strike VEN-034/166 CN ¥1.13 EN $0.14
2026-09-29T21:18:06+00:00,https://bilgewatermarket.com/cards,Sanction,foil,0.25,https://bilgewatermarket.com/cards/VEN-035?print_variation=foiled,foiled,https://bilgewatermarket.com/assets/VEN-035-EN-DQiTZ1ig.png,¥1.43,$0.25,,Sanction VEN-035/166 Foiled CN ¥1.43 EN $0.25
2026-09-29T21:18:06+00:00,https://bilgewatermarket.com/cards,Sanction,nonfoil,0.09,https://bilgewatermarket.com/cards/VEN-035,normal,https://bilgewatermarket.com/assets/VEN-035-EN-DQiTZ1ig.png,¥0.51,$0.09,,Sanction VEN-035/166 CN ¥0.51 EN $0.09
2026-09-29T21:18:06+00:00,https://bilgewatermarket.com/cards,Sandstone Chimera,foil,0.18,https://bilgewatermarket.com/cards/VEN-036?print_variation=foiled,foiled,https://bilgewatermarket.com/assets/VEN-036-EN-DNCwMOMs.png,¥1.02,$0.18,,Sandstone Chimera VEN-036/166 Foiled CN ¥1.02 EN $0.18
2026-09-29T21:18:06+00:00,https://bilgewatermarket.com/cards,Sandstone Chimera,nonfoil,0.05,https://bilgewatermarket.com/cards/VEN-036,normal,https://bilgewatermarket.com/assets/VEN-036-EN-DNCwMOMs.png,¥0.50,$0.05,,Sandstone Chimera VEN-036/166 CN ¥0.50 EN $0.05
2026-09-29T21:18:06+00:00,https://bilgewatermarket.com/cards,Tomb-Raider Barbara,foil,0.38,https://bilgewatermarket.com/cards/VEN-037?print_variation=foiled,foiled,https://bilgewatermarket.com/assets/VEN-037-EN-Di1ikYYh.png,¥2.16,$0.38,,Tomb-Raider Barbara VEN-037/166 Foiled CN ¥2.16 EN $0.38
2026-09-29T21:18:06+00:00,https://bilgewatermarket.com/cards,Tomb-Raider Barbara,nonfoil,0.11,https://bilgewatermarket.com/cards/VEN-037,normal,https://bilgewatermarket.com/assets/VEN-037-EN-Di1ikYYh.png,¥0.96,$0.11,,Tomb-Raider Barbara VEN-037/166 CN ¥0.96 EN $0.11
2026-09-29T21:18:06+00:00,https://bilgewatermarket.com/cards,"Akali, Silent",nonfoil,0.23,https://bilgewatermarket.com/cards/VEN-038,normal,https://bilgewatermarket.com/assets/VEN-038-EN-BX81ymB0.png,¥2.07,$0.23,,"Akali, Silent VEN-038/166 CN ¥2.07 EN $0.23"
2026-09-29T21:18:06+00:00,https://bilgewatermarket.com/cards,"Akali, Silent",nonfoil,10.81,https://bilgewatermarket.com/cards/VEN-038a?print_variation=showcase,showcase,https://bilgewatermarket.com/assets/VEN-038a-EN-Db18MocF.png,¥31.34,$10.81,,"Akali, Silent VEN-038A/166 Showcase CN ¥31.34 EN $10.81"
2026-09-29T21:18:06+00:00,https://bilgewatermarket.com/cards,Crumbling Sands,nonfoil,0.22,https://bilgewatermarket.com/cards/VEN-039,normal,https://bilgewatermarket.com/assets/VEN-039-EN-BkBKpeBC.png,¥3.30,$0.22,,Crumbling Sands VEN-039/166 CN ¥3.30 EN $0.22
2026-09-29T21:18:06+00:00,https://bilgewatermarket.com/cards,Decree of Focus,nonfoil,0.39,https://bilgewatermarket.com/cards/VEN-040,normal,https://bilgewatermarket.com/assets/VEN-040-EN-BBaQ8vdf.png,¥3.64,$0.39,,Decree of Focus VEN-040/166 CN ¥3.64 EN $0.39
2026-09-29T21:18:06+00:00,https://bilgewatermarket.com/cards,"Riven, Shattered",nonfoil,0.18,https://bilgewatermarket.com/cards/VEN-041,normal,https://bilgewatermarket.com/assets/VEN-041-EN-Bvbbssj_.png,¥0.64,$0.18,,"Riven, Shattered VEN-041/166 CN ¥0.64 EN $0.18"
2026-09-29T21:18:06+00:00,https://bilgewatermarket.com/cards,"Shen, Scourge of Shadows",nonfoil,0.10,https://bilgewatermarket.com/cards/VEN-042,normal,https://bilgewatermarket.com/assets/VEN-042-EN-DB0f2liY.png,¥0.54,$0.10,,"Shen, Scourge of Shadows VEN-042/166 CN ¥0.54 EN $0.10"
2026-09-29T21:18:06+00:00,https://bilgewatermarket.com/cards,"Shen, Scourge of Shadows",nonfoil,0.88,https://bilgewatermarket.com/cards/VEN-042a?print_variation=showcase,showcase,https://bilgewatermarket.com/assets/VEN-042a-EN-CmIMdxRz.png,¥3.53,$0.88,,"Shen, Scourge of Shadows VEN-042A/166 Showcase CN ¥3.53 EN $0.88"
2026-09-29T21:18:06+00:00,https://bilgewatermarket.com/cards,Steel Paws,nonfoil,0.27,https://bilgewatermarket.com/cards/VEN-043,normal,https://bilgewatermarket.com/assets/VEN-043-EN-D3rM5hd3.png,¥2.18,$0.27,,Steel Paws VEN-043/166 CN ¥2.18 EN $0.27
2026-09-29T21:18:06+00:00,https://bilgewatermarket.com/cards,Astral Heron,nonfoil,39.53,https://bilgewatermarket.com/cards/VEN-044,normal,https://bilgewatermarket.com/assets/VEN-044-EN-DoJyXdAU.png,¥122.35,$39.53,,Astral Heron VEN-044/166 CN ¥122.35 EN $39.53
2026-09-29T21:18:06+00:00,https://bilgewatermarket.com/cards,Helm of Suppression,nonfoil,2.82,https://bilgewatermarket.com/cards/VEN-045,normal,https://bilgewatermarket.com/assets/VEN-045-EN-Cc1MGZba.png,¥9.28,$2.82,,Helm of Suppression VEN-045/166 CN ¥9.28 EN $2.82
2026-09-29T21:18:06+00:00,https://bilgewatermarket.com/cards,"Nasus, Ascended",nonfoil,0.47,https://bilgewatermarket.com/cards/VEN-046,normal,https://bilgewatermarket.com/assets/VEN-046-EN-Kl4d9GPB.png,¥2.51,$0.47,,"Nasus, Ascended VEN-046/166 CN ¥2.51 EN $0.47"
2026-09-29T21:18:06+00:00,https://bilgewatermarket.com/cards,"Nasus, Ascended",nonfoil,2.09,https://bilgewatermarket.com/cards/VEN-046a?print_variation=showcase,showcase,https://bilgewatermarket.com/assets/VEN-046a-EN-DNtt-B1N.png,¥12.07,$2.09,,"Nasus, Ascended VEN-046A/166 Showcase CN ¥12.07 EN $2.09"
2026-09-29T21:18:06+00:00,https://bilgewatermarket.com/cards,Apprentice Mage,foil,0.20,https://bilgewatermarket.com/cards/VEN-047?print_variation=foiled,foiled,https://bilgewatermarket.com/assets/VEN-047-EN-IKhxvAeH.png,¥0.51,$0.20,,Apprentice Mage VEN-047/166 Foiled CN ¥0.51 EN $0.20
2026-09-29T21:18:06+00:00,https://bilgewatermarket.com/cards,Apprentice Mage,nonfoil,0.03,https://bilgewatermarket.com/cards/VEN-047,normal,https://bilgewatermarket.com/assets/VEN-047-EN-IKhxvAeH.png,¥0.50,$0.03,,Apprentice Mage VEN-047/166 CN ¥0.50 EN $0.03
2026-09-29T21:18:06+00:00,https://bilgewatermarket.com/cards,Cloud Drake,foil,0.17,https://bilgewatermarket.com/cards/VEN-048?print_variation=foiled,foiled,https://bilgewatermarket.com/assets/VEN-048-EN-WGFx_9br.png,¥0.50,$0.17,,Cloud Drake VEN-048/166 Foiled CN ¥0.50 EN $0.17
2026-09-29T21:18:06+00:00,https://bilgewatermarket.com/cards,Cloud Drake,nonfoil,0.04,https://bilgewatermarket.com/cards/VEN-048,normal,https://bilgewatermarket.com/assets/VEN-048-EN-WGFx_9br.png,¥0.50,$0.04,,Cloud Drake VEN-048/166 CN ¥0.50 EN $0.04
2026-09-29T21:18:06+00:00,https://bilgewatermarket.com/cards,Dredge Up,foil,0.41,https://bilgewatermarket.com/cards/VEN-049?print_variation=foiled,foiled,https://bilgewatermarket.com/assets/VEN-049-EN-B_ePmYth.png,¥1.98,$0.41,,Dredge Up VEN-049/166 Foiled CN ¥1.98 EN $0.41
2026-09-29T21:18:06+00:00,https://bilgewatermarket.com/cards,Dredge Up,nonfoil,0.08,https://bilgewatermarket.com/cards/VEN-049,normal,https://bilgewatermarket.com/assets/VEN-049-EN-B_ePmYth.png,¥0.62,$0.08,,Dredge Up VEN-049/166 CN ¥0.62 EN $0.08
2026-09-29T21:18:06+00:00,https://bilgewatermarket.com/cards,Grumpy Rockbear,foil,0.13,https://bilgewatermarket.com/cards/VEN-050?print_variation=foiled,foiled,https://bilgewatermarket.com/assets/VEN-050-EN-DsmQ1aGy.png,¥0.64,$0.13,,Grumpy Rockbear VEN-050/166 Foiled CN ¥0.64 EN $0.13
2026-09-29T21:18:06+00:00,https://bilgewatermarket.com/cards,Grumpy Rockbear,nonfoil,0.04,https://bilgewatermarket.com/cards/VEN-050,normal,https://bilgewatermarket.com/assets/VEN-050-EN-DsmQ1aGy.png,¥0.50,$0.04,,Grumpy Rockbear VEN-050/166 CN ¥0.50 EN $0.04
2026-09-29T21:18:06+00:00,https://bilgewatermarket.com/cards,Iterative Design,foil,0.25,https://bilgewatermarket.com/cards/VEN-051?print_variation=foiled,foiled,https://bilgewatermarket.com/assets/VEN-051-EN-MrRDJaWe.png,¥1.00,$0.25,,Iterative Design VEN-051/166 Foiled CN ¥1.00 EN $0.25
2026-09-29T21:18:06+00:00,https://bilgewatermarket.com/cards,Iterative Design,nonfoil,0.05,https://bilgewatermarket.com/cards/VEN-051,normal,https://bilgewatermarket.com/assets/VEN-051-EN-MrRDJaWe.png,¥0.57,$0.05,,Iterative Design VEN-051/166 CN ¥0.57 EN $0.05
2026-09-29T21:18:06+00:00,https://bilgewatermarket.com/cards,Mesmerize,foil,0.29,https://bilgewatermarket.com/cards/VEN-052?print_variation=foiled,foiled,https://bilgewatermarket.com/assets/VEN-052-EN-DXojzohb.png,¥1.00,$0.29,,Mesmerize VEN-052/166 Foiled CN ¥1.00 EN $0.29
2026-09-29T21:18:06+00:00,https://bilgewatermarket.com/cards,Mesmerize,nonfoil,0.07,https://bilgewatermarket.com/cards/VEN-052,normal,https://bilgewatermarket.com/assets/VEN-052-EN-DXojzohb.png,¥0.50,$0.07,,Mesmerize VEN-052/166 CN ¥0.50 EN $0.07
2026-09-29T21:18:06+00:00,https://bilgewatermarket.com/cards,Otterpus,foil,0.16,https://bilgewatermarket.com/cards/VEN-053?print_variation=foiled,foiled,https://bilgewatermarket.com/assets/VEN-053-EN-wfW1Layq.png,¥0.53,$0.16,,Otterpus VEN-053/166 Foiled CN ¥0.53 EN $0.16
2026-09-29T21:18:06+00:00,https://bilgewatermarket.com/cards,Otterpus,nonfoil,0.10,https://bilgewatermarket.com/cards/VEN-053,normal,https://bilgewatermarket.com/assets/VEN-053-EN-wfW1Layq.png,¥0.50,$0.10,,Otterpus VEN-053/166 CN ¥0.50 EN $0.10
2026-09-29T21:18:06+00:00,https://bilgewatermarket.com/cards,Questionable Tome,foil,0.32,https://bilgewatermarket.com/cards/VEN-054?print_variation=foiled,foiled,https://bilgewatermarket.com/assets/VEN-054-EN-WKHM6QTR.png,¥1.00,$0.32,,Questionable Tome VEN-054/166 Foiled CN ¥1.00 EN $0.32
2026-09-29T21:18:06+00:00,https://bilgewatermarket.com/cards,Questionable Tome,nonfoil,0.06,https://bilgewatermarket.com/cards/VEN-054,normal,https://bilgewatermarket.com/assets/VEN-054-EN-WKHM6QTR.png,¥0.51,$0.06,,Questionable Tome VEN-054/166 CN ¥0.51 EN $0.06
2026-09-29T21:18:06+00:00,https://bilgewatermarket.com/cards,Applied Researchers,foil,0.70,https://bilgewatermarket.com/cards/VEN-055?print_variation=foiled,foiled,https://bilgewatermarket.com/assets/VEN-055-EN-BT5B6yNz.png,¥2.00,$0.70,,Applied Researchers VEN-055/166 Foiled CN ¥2.00 EN $0.70
2026-09-29T21:18:06+00:00,https://bilgewatermarket.com/cards,Applied Researchers,nonfoil,0.11,https://bilgewatermarket.com/cards/VEN-055,normal,https://bilgewatermarket.com/assets/VEN-055-EN-BT5B6yNz.png,¥1.37,$0.11,,Applied Researchers VEN-055/166 CN ¥1.37 EN $0.11
2026-09-29T21:18:06+00:00,https://bilgewatermarket.com/cards,Clairvoyance,foil,0.26,https://bilgewatermarket.com/cards/VEN-056?print_variation=foiled,foiled,https://bilgewatermarket.com/assets/VEN-056-EN-DZNiFWB9.png,¥2.95,$0.26,,Clairvoyance VEN-056/166 Foiled CN ¥2.95 EN $0.26
2026-09-29T21:18:06+00:00,https://bilgewatermarket.com/cards,Clairvoyance,nonfoil,0.13,https://bilgewatermarket.com/cards/VEN-056,normal,https://bilgewatermarket.com/assets/VEN-056-EN-DZNiFWB9.png,¥1.07,$0.13,,Clairvoyance VEN-056/166 CN ¥1.07 EN $0.13
2026-09-29T21:18:06+00:00,https://bilgewatermarket.com/cards,Covert Informant,foil,0.26,https://bilgewatermarket.com/cards/VEN-057?print_variation=foiled,foiled,https://bilgewatermarket.com/assets/VEN-057-EN-t70vRLK_.png,¥1.00,$0.26,,Covert Informant VEN-057/166 Foiled CN ¥1.00 EN $0.26
2026-09-29T21:18:06+00:00,https://bilgewatermarket.com/cards,Covert Informant,nonfoil,0.07,https://bilgewatermarket.com/cards/VEN-057,normal,https://bilgewatermarket.com/assets/VEN-057-EN-t70vRLK_.png,¥0.50,$0.07,,Covert Informant VEN-057/166 CN ¥0.50 EN $0.07
2026-09-29T21:18:06+00:00,https://bilgewatermarket.com/cards,Patched Porobot,foil,0.56,https://bilgewatermarket.com/cards/VEN-058?print_variation=foiled,foiled,https://bilgewatermarket.com/assets/VEN-058-EN-i_v0R9Mh.png,¥3.37,$0.56,,Patched Porobot VEN-058/166 Foiled CN ¥3.37 EN $0.56
2026-09-29T21:18:06+00:00,https://bilgewatermarket.com/cards,Patched Porobot,nonfoil,0.18,https://bilgewatermarket.com/cards/VEN-058,normal,https://bilgewatermarket.com/assets/VEN-058-EN-i_v0R9Mh.png,¥1.87,$0.18,,Patched Porobot VEN-058/166 CN ¥1.87 EN $0.18
2026-09-29T21:18:06+00:00,https://bilgewatermarket.com/cards,Shock Blast,foil,0.42,https://bilgewatermarket.com/cards/VEN-059?print_variation=foiled,foiled,https://bilgewatermarket.com/assets/VEN-059-EN-wy9ej77B.png,¥2.39,$0.42,,Shock Blast VEN-059/166 Foiled CN ¥2.39 EN $0.42
2026-09-29T21:18:06+00:00,https://bilgewatermarket.com/cards,Shock Blast,nonfoil,0.11,https://bilgewatermarket.com/cards/VEN-059,normal,https://bilgewatermarket.com/assets/VEN-059-EN-wy9ej77B.png,¥1.10,$0.11,,Shock Blast VEN-059/166 CN ¥1.10 EN $0.11
2026-09-29T21:18:06+00:00,https://bilgewatermarket.com/cards,Sky Cruiser,foil,0.13,https://bilgewatermarket.com/cards/VEN-060?print_variation=foiled,foiled,https://bilgewatermarket.com/assets/VEN-060-EN-CmvVMeEj.png,¥0.50,$0.13,,Sky Cruiser VEN-060/166 Foiled CN ¥0.50 EN $0.13
2026-09-29T21:18:06+00:00,https://bilgewatermarket.com/cards,Sky Cruiser,nonfoil,0.06,https://bilgewatermarket.com/cards/VEN-060,normal,https://bilgewatermarket.com/assets/VEN-060-EN-CmvVMeEj.png,¥0.50,$0.06,,Sky Cruiser VEN-060/166 CN ¥0.50 EN $0.06
2026-09-29T21:18:06+00:00,https://bilgewatermarket.com/cards,Decree of Insight,nonfoil,0.35,https://bilgewatermarket.com/cards/VEN-061,normal,https://bilgewatermarket.com/assets/VEN-061-EN-Do6MPRUG.png,¥3.56,$0.35,,Decree of Insight VEN-061/166 CN ¥3.56 EN $0.35
2026-09-29T21:18:06+00:00,https://bilgewatermarket.com/cards,Hextech Formula,nonfoil,0.21,https://bilgewatermarket.com/cards/VEN-062,normal,https://bilgewatermarket.com/assets/VEN-062-EN-BnHJRos-.png,¥0.83,$0.21,,Hextech Formula VEN-062/166 CN ¥0.83 EN $0.21
2026-09-29T21:18:06+00:00,https://bilgewatermarket.com/cards,"Nasus, Guardian of Knowledge",nonfoil,0.11,https://bilgewatermarket.com/cards/VEN-063,normal,https://bilgewatermarket.com/assets/VEN-063-EN-DqS1r1N9.png,¥0.83,$0.11,,"Nasus, Guardian of Knowledge VEN-063/166 CN ¥0.83 EN $0.11"
2026-09-29T21:18:06+00:00,https://bilgewatermarket.com/cards,"Nasus, Guardian of Knowledge",nonfoil,1.09,https://bilgewatermarket.com/cards/VEN-063a?print_variation=showcase,showcase,https://bilgewatermarket.com/assets/VEN-063a-EN-pRvjhPfW.png,¥2.68,$1.09,,"Nasus, Guardian of Knowledge VEN-063A/166 Showcase CN ¥2.68 EN $1.09"
2026-09-29T21:18:06+00:00,https://bilgewatermarket.com/cards,Plaza Guardian,nonfoil,0.26,https://bilgewatermarket.com/cards/VEN-064,normal,https://bilgewatermarket.com/assets/VEN-064-EN-DvBVQ6iF.png,¥0.58,$0.26,,Plaza Guardian VEN-064/166 CN ¥0.58 EN $0.26
2026-09-29T21:18:06+00:00,https://bilgewatermarket.com/cards,"Swain, Visionary",nonfoil,0.22,https://bilgewatermarket.com/cards/VEN-065,normal,https://bilgewatermarket.com/assets/VEN-065-EN-DvT4ExBY.png,¥1.66,$0.22,,"Swain, Visionary VEN-065/166 CN ¥1.66 EN $0.22"
2026-09-29T21:18:06+00:00,https://bilgewatermarket.com/cards,Temporal Breach,nonfoil,0.50,https://bilgewatermarket.com/cards/VEN-066,normal,https://bilgewatermarket.com/assets/VEN-066-EN-beejkN42.png,¥9.39,$0.50,,Temporal Breach VEN-066/166 CN ¥9.39 EN $0.50
2026-09-29T21:18:06+00:00,https://bilgewatermarket.com/cards,Bottled Constellation,nonfoil,0.95,https://bilgewatermarket.com/cards/VEN-067,normal,https://bilgewatermarket.com/assets/VEN-067-EN-DNHLa_rY.png,¥2.55,$0.95,,Bottled Constellation VEN-067/166 CN ¥2.55 EN $0.95
2026-09-29T21:18:06+00:00,https://bilgewatermarket.com/cards,"Jayce, Brilliant Inventor",nonfoil,0.45,https://bilgewatermarket.com/cards/VEN-068,normal,https://bilgewatermarket.com/assets/VEN-068-EN-Dtumw_Zz.png,¥2.37,$0.45,,"Jayce, Brilliant Inventor VEN-068/166 CN ¥2.37 EN $0.45"
2026-09-29T21:18:06+00:00,https://bilgewatermarket.com/cards,"Jayce, Brilliant Inventor",nonfoil,1.82,https://bilgewatermarket.com/cards/VEN-068a?print_variation=showcase,showcase,https://bilgewatermarket.com/assets/VEN-068a-EN-BXlDNQr4.png,¥7.49,$1.82,,"Jayce, Brilliant Inventor VEN-068A/166 Showcase CN ¥7.49 EN $1.82"
2026-09-29T21:18:06+00:00,https://bilgewatermarket.com/cards,"Mel, Newly Awakened",nonfoil,0.86,https://bilgewatermarket.com/cards/VEN-069,normal,https://bilgewatermarket.com/assets/VEN-069-EN-COmTRmaG.png,¥4.21,$0.86,,"Mel, Newly Awakened VEN-069/166 CN ¥4.21 EN $0.86"
2026-09-29T21:18:06+00:00,https://bilgewatermarket.com/cards,"Mel, Newly Awakened",nonfoil,3.01,https://bilgewatermarket.com/cards/VEN-069a?print_variation=showcase,showcase,https://bilgewatermarket.com/assets/VEN-069a-EN-BgBHxMWH.png,¥10.42,$3.01,,"Mel, Newly Awakened VEN-069A/166 Showcase CN ¥10.42 EN $3.01"
2026-09-29T21:18:06+00:00,https://bilgewatermarket.com/cards,Brutal Hunter,foil,0.15,https://bilgewatermarket.com/cards/VEN-070?print_variation=foiled,foiled,https://bilgewatermarket.com/assets/VEN-070-EN-BBw0JrIr.png,¥0.51,$0.15,,Brutal Hunter VEN-070/166 Foiled CN ¥0.51 EN $0.15
2026-09-29T21:18:06+00:00,https://bilgewatermarket.com/cards,Brutal Hunter,nonfoil,0.04,https://bilgewatermarket.com/cards/VEN-070,normal,https://bilgewatermarket.com/assets/VEN-070-EN-BBw0JrIr.png,¥0.50,$0.04,,Brutal Hunter VEN-070/166 CN ¥0.50 EN $0.04
2026-09-29T21:18:06+00:00,https://bilgewatermarket.com/cards,Fretful Feline,foil,0.14,https://bilgewatermarket.com/cards/VEN-071?print_variation=foiled,foiled,https://bilgewatermarket.com/assets/VEN-071-EN-Do7lfOl3.png,¥0.50,$0.14,,Fretful Feline VEN-071/166 Foiled CN ¥0.50 EN $0.14
2026-09-29T21:18:06+00:00,https://bilgewatermarket.com/cards,Fretful Feline,nonfoil,0.03,https://bilgewatermarket.com/cards/VEN-071,normal,https://bilgewatermarket.com/assets/VEN-071-EN-Do7lfOl3.png,¥0.50,$0.03,,Fretful Feline VEN-071/166 CN ¥0.50 EN $0.03
2026-09-29T21:18:06+00:00,https://bilgewatermarket.com/cards,Guttural Roar,foil,0.24,https://bilgewatermarket.com/cards/VEN-072?print_variation=foiled,foiled,https://bilgewatermarket.com/assets/VEN-072-EN-BmIr8-tQ.png,¥1.05,$0.24,,Guttural Roar VEN-072/166 Foiled CN ¥1.05 EN $0.24
2026-09-29T21:18:06+00:00,https://bilgewatermarket.com/cards,Guttural Roar,nonfoil,0.06,https://bilgewatermarket.com/cards/VEN-072,normal,https://bilgewatermarket.com/assets/VEN-072-EN-BmIr8-tQ.png,¥0.51,$0.06,,Guttural Roar VEN-072/166 CN ¥0.51 EN $0.06
2026-09-29T21:18:06+00:00,https://bilgewatermarket.com/cards,Jagged Cutlass,foil,0.18,https://bilgewatermarket.com/cards/VEN-073?print_variation=foiled,foiled,https://bilgewatermarket.com/assets/VEN-073-EN-i0eR0RLy.png,¥0.61,$0.18,,Jagged Cutlass VEN-073/166 Foiled CN ¥0.61 EN $0.18
2026-09-29T21:18:06+00:00,https://bilgewatermarket.com/cards,Jagged Cutlass,nonfoil,0.08,https://bilgewatermarket.com/cards/VEN-073,normal,https://bilgewatermarket.com/assets/VEN-073-EN-i0eR0RLy.png,¥0.50,$0.08,,Jagged Cutlass VEN-073/166 CN ¥0.50 EN $0.08
2026-09-29T21:18:06+00:00,https://bilgewatermarket.com/cards,Legion Marauder,foil,0.21,https://bilgewatermarket.com/cards/VEN-074?print_variation=foiled,foiled,https://bilgewatermarket.com/assets/VEN-074-EN-Ccc3s0Aw.png,¥1.52,$0.21,,Legion Marauder VEN-074/166 Foiled CN ¥1.52 EN $0.21
2026-09-29T21:18:06+00:00,https://bilgewatermarket.com/cards,Legion Marauder,nonfoil,0.07,https://bilgewatermarket.com/cards/VEN-074,normal,https://bilgewatermarket.com/assets/VEN-074-EN-Ccc3s0Aw.png,¥0.50,$0.07,,Legion Marauder VEN-074/166 CN ¥0.50 EN $0.07
2026-09-29T21:18:06+00:00,https://bilgewatermarket.com/cards,Platewyrm Egg,foil,0.23,https://bilgewatermarket.com/cards/VEN-075?print_variation=foiled,foiled,https://bilgewatermarket.com/assets/VEN-075-EN-n7AqzMTZ.png,¥2.91,$0.23,,Platewyrm Egg VEN-075/166 Foiled CN ¥2.91 EN $0.23
2026-09-29T21:18:06+00:00,https://bilgewatermarket.com/cards,Platewyrm Egg,nonfoil,0.06,https://bilgewatermarket.com/cards/VEN-075,normal,https://bilgewatermarket.com/assets/VEN-075-EN-n7AqzMTZ.png,¥0.55,$0.06,,Platewyrm Egg VEN-075/166 CN ¥0.55 EN $0.06
2026-09-29T21:18:06+00:00,https://bilgewatermarket.com/cards,Repair Specialist,foil,0.27,https://bilgewatermarket.com/cards/VEN-076?print_variation=foiled,foiled,https://bilgewatermarket.com/assets/VEN-076-EN-C3K8gFpm.png,¥0.85,$0.27,,Repair Specialist VEN-076/166 Foiled CN ¥0.85 EN $0.27
2026-09-29T21:18:06+00:00,https://bilgewatermarket.com/cards,Repair Specialist,nonfoil,0.10,https://bilgewatermarket.com/cards/VEN-076,normal,https://bilgewatermarket.com/assets/VEN-076-EN-C3K8gFpm.png,¥0.50,$0.10,,Repair Specialist VEN-076/166 CN ¥0.50 EN $0.10
2026-09-29T21:18:06+00:00,https://bilgewatermarket.com/cards,Tools of Empire,foil,0.28,https://bilgewatermarket.com/cards/VEN-077?print_variation=foiled,foiled,https://bilgewatermarket.com/assets/VEN-077-EN-CsEVKpSM.png,¥0.75,$0.28,,Tools of Empire VEN-077/166 Foiled CN ¥0.75 EN $0.28
2026-09-29T21:18:06+00:00,https://bilgewatermarket.com/cards,Tools of Empire,nonfoil,0.05,https://bilgewatermarket.com/cards/VEN-077,normal,https://bilgewatermarket.com/assets/VEN-077-EN-CsEVKpSM.png,¥0.50,$0.05,,Tools of Empire VEN-077/166 CN ¥0.50 EN $0.05
2026-09-29T21:18:06+00:00,https://bilgewatermarket.com/cards,Baccai Witherclaw,foil,0.32,https://bilgewatermarket.com/cards/VEN-078?print_variation=foiled,foiled,https://bilgewatermarket.com/assets/VEN-078-EN-hWHuk34D.png,¥0.83,$0.32,,Baccai Witherclaw VEN-078/166 Foiled CN ¥0.83 EN $0.32
2026-09-29T21:18:06+00:00,https://bilgewatermarket.com/cards,Baccai Witherclaw,nonfoil,0.05,https://bilgewatermarket.com/cards/VEN-078,normal,https://bilgewatermarket.com/assets/VEN-078-EN-hWHuk34D.png,¥0.51,$0.05,,Baccai Witherclaw VEN-078/166 CN ¥0.51 EN $0.05
2026-09-29T21:18:06+00:00,https://bilgewatermarket.com/cards,Dame the Despoiler,foil,0.20,https://bilgewatermarket.com/cards/VEN-079?print_variation=foiled,foiled,https://bilgewatermarket.com/assets/VEN-079-EN-Dgt9D4yo.png,¥0.51,$0.20,,Dame the Despoiler VEN-079/166 Foiled CN ¥0.51 EN $0.20
2026-09-29T21:18:06+00:00,https://bilgewatermarket.com/cards,Dame the Despoiler,nonfoil,0.06,https://bilgewatermarket.com/cards/VEN-079,normal,https://bilgewatermarket.com/assets/VEN-079-EN-Dgt9D4yo.png,¥0.50,$0.06,,Dame the Despoiler VEN-079/166 CN ¥0.50 EN $0.06
2026-09-29T21:18:06+00:00,https://bilgewatermarket.com/cards,Noxian Demolitionist,foil,0.22,https://bilgewatermarket.com/cards/VEN-080?print_variation=foiled,foiled,https://bilgewatermarket.com/assets/VEN-080-EN--Wu8GZn8.png,¥0.97,$0.22,,Noxian Demolitionist VEN-080/166 Foiled CN ¥0.97 EN $0.22
2026-09-29T21:18:06+00:00,https://bilgewatermarket.com/cards,Noxian Demolitionist,nonfoil,0.06,https://bilgewatermarket.com/cards/VEN-080,normal,https://bilgewatermarket.com/assets/VEN-080-EN--Wu8GZn8.png,¥0.75,$0.06,,Noxian Demolitionist VEN-080/166 CN ¥0.75 EN $0.06
2026-09-29T21:18:06+00:00,https://bilgewatermarket.com/cards,Onslaught,foil,0.32,https://bilgewatermarket.com/cards/VEN-081?print_variation=foiled,foiled,https://bilgewatermarket.com/assets/VEN-081-EN-DGC01Mt6.png,¥1.82,$0.32,,Onslaught VEN-081/166 Foiled CN ¥1.82 EN $0.32
2026-09-29T21:18:06+00:00,https://bilgewatermarket.com/cards,Onslaught,nonfoil,0.16,https://bilgewatermarket.com/cards/VEN-081,normal,https://bilgewatermarket.com/assets/VEN-081-EN-DGC01Mt6.png,¥0.97,$0.16,,Onslaught VEN-081/166 CN ¥0.97 EN $0.16
2026-09-29T21:18:06+00:00,https://bilgewatermarket.com/cards,Profiteer,foil,0.29,https://bilgewatermarket.com/cards/VEN-082?print_variation=foiled,foiled,https://bilgewatermarket.com/assets/VEN-082-EN-6kic8myQ.png,¥1.86,$0.29,,Profiteer VEN-082/166 Foiled CN ¥1.86 EN $0.29
2026-09-29T21:18:06+00:00,https://bilgewatermarket.com/cards,Profiteer,nonfoil,0.12,https://bilgewatermarket.com/cards/VEN-082,normal,https://bilgewatermarket.com/assets/VEN-082-EN-6kic8myQ.png,¥1.22,$0.12,,Profiteer VEN-082/166 CN ¥1.22 EN $0.12
2026-09-29T21:18:06+00:00,https://bilgewatermarket.com/cards,Rampage,foil,0.99,https://bilgewatermarket.com/cards/VEN-083?print_variation=foiled,foiled,https://bilgewatermarket.com/assets/VEN-083-EN-BIEybsQE.png,¥6.82,$0.99,,Rampage VEN-083/166 Foiled CN ¥6.82 EN $0.99
2026-09-29T21:18:06+00:00,https://bilgewatermarket.com/cards,Rampage,nonfoil,0.21,https://bilgewatermarket.com/cards/VEN-083,normal,https://bilgewatermarket.com/assets/VEN-083-EN-BIEybsQE.png,¥1.36,$0.21,,Rampage VEN-083/166 CN ¥1.36 EN $0.21
2026-09-29T21:18:06+00:00,https://bilgewatermarket.com/cards,"Ambessa, The Wolf",nonfoil,0.17,https://bilgewatermarket.com/cards/VEN-084,normal,https://bilgewatermarket.com/assets/VEN-084-EN-Det7UPYF.png,¥1.92,$0.17,,"Ambessa, The Wolf VEN-084/166 CN ¥1.92 EN $0.17"
2026-09-29T21:18:06+00:00,https://bilgewatermarket.com/cards,"Ambessa, The Wolf",nonfoil,1.71,https://bilgewatermarket.com/cards/VEN-084a?print_variation=showcase,showcase,https://bilgewatermarket.com/assets/VEN-084a-EN-Bne2UZi0.png,¥8.61,$1.71,,"Ambessa, The Wolf VEN-084A/166 Showcase CN ¥8.61 EN $1.71"
2026-09-29T21:18:06+00:00,https://bilgewatermarket.com/cards,Decree of Strength,nonfoil,0.25,https://bilgewatermarket.com/cards/VEN-085,normal,https://bilgewatermarket.com/assets/VEN-085-EN-DGsRPBZ7.png,¥3.52,$0.25,,Decree of Strength VEN-085/166 CN ¥3.52 EN $0.25
2026-09-29T21:18:06+00:00,https://bilgewatermarket.com/cards,"Gangplank, Naval",nonfoil,0.19,https://bilgewatermarket.com/cards/VEN-086,normal,https://bilgewatermarket.com/assets/VEN-086-EN-CvTg0bFJ.png,¥1.14,$0.19,,"Gangplank, Naval VEN-086/166 CN ¥1.14 EN $0.19"
2026-09-29T21:18:06+00:00,https://bilgewatermarket.com/cards,Hextech Disc,nonfoil,0.15,https://bilgewatermarket.com/cards/VEN-087,normal,https://bilgewatermarket.com/assets/VEN-087-EN-CrcAMXPZ.png,¥1.01,$0.15,,Hextech Disc VEN-087/166 CN ¥1.01 EN $0.15
2026-09-29T21:18:06+00:00,https://bilgewatermarket.com/cards,"Jayce, Hammer in Hand",nonfoil,0.17,https://bilgewatermarket.com/cards/VEN-088,normal,https://bilgewatermarket.com/assets/VEN-088-EN-pWbYFoGK.png,¥1.29,$0.17,,"Jayce, Hammer in Hand VEN-088/166 CN ¥1.29 EN $0.17"
2026-09-29T21:18:06+00:00,https://bilgewatermarket.com/cards,"Jayce, Hammer in Hand",nonfoil,1.09,https://bilgewatermarket.com/cards/VEN-088a?print_variation=showcase,showcase,https://bilgewatermarket.com/assets/VEN-088a-EN-D-tcu65A.png,¥4.57,$1.09,,"Jayce, Hammer in Hand VEN-088A/166 Showcase CN ¥4.57 EN $1.09"
2026-09-29T21:18:06+00:00,https://bilgewatermarket.com/cards,Wild Claw,nonfoil,0.14,https://bilgewatermarket.com/cards/VEN-089,normal,https://bilgewatermarket.com/assets/VEN-089-EN-DjuOh8bv.png,¥0.76,$0.14,,Wild Claw VEN-089/166 CN ¥0.76 EN $0.14
2026-09-29T21:18:06+00:00,https://bilgewatermarket.com/cards,Cataclysmic Duel,nonfoil,0.42,https://bilgewatermarket.com/cards/VEN-090,normal,https://bilgewatermarket.com/assets/VEN-090-EN-DcLtUoYu.png,¥2.30,$0.42,,Cataclysmic Duel VEN-090/166 CN ¥2.30 EN $0.42
2026-09-29T21:18:06+00:00,https://bilgewatermarket.com/cards,Corrupted Dragon,nonfoil,0.64,https://bilgewatermarket.com/cards/VEN-091,normal,https://bilgewatermarket.com/assets/VEN-091-EN-_RU-3yoI.png,¥3.86,$0.64,,Corrupted Dragon VEN-091/166 CN ¥3.86 EN $0.64
2026-09-29T21:18:06+00:00,https://bilgewatermarket.com/cards,"Renekton, Brute",nonfoil,0.28,https://bilgewatermarket.com/cards/VEN-092,normal,https://bilgewatermarket.com/assets/VEN-092-EN-DkMPRHL8.png,¥1.44,$0.28,,"Renekton, Brute VEN-092/166 CN ¥1.44 EN $0.28"
2026-09-29T21:18:06+00:00,https://bilgewatermarket.com/cards,"Renekton, Brute",nonfoil,1.71,https://bilgewatermarket.com/cards/VEN-092a?print_variation=showcase,showcase,https://bilgewatermarket.com/assets/VEN-092a-EN--0lOGwVx.png,¥4.41,$1.71,,"Renekton, Brute VEN-092A/166 Showcase CN ¥4.41 EN $1.71"
2026-09-29T21:18:06+00:00,https://bilgewatermarket.com/cards,Kinkou Lifeblade,foil,0.14,https://bilgewatermarket.com/cards/VEN-093?print_variation=foiled,foiled,https://bilgewatermarket.com/assets/VEN-093-EN-CCh8yFUu.png,¥0.51,$0.14,,Kinkou Lifeblade VEN-093/166 Foiled CN ¥0.51 EN $0.14
2026-09-29T21:18:06+00:00,https://bilgewatermarket.com/cards,Kinkou Lifeblade,nonfoil,0.05,https://bilgewatermarket.com/cards/VEN-093,normal,https://bilgewatermarket.com/assets/VEN-093-EN-CCh8yFUu.png,¥0.50,$0.05,,Kinkou Lifeblade VEN-093/166 CN ¥0.50 EN $0.05
2026-09-29T21:18:06+00:00,https://bilgewatermarket.com/cards,Mask Mother,foil,0.21,https://bilgewatermarket.com/cards/VEN-094?print_variation=foiled,foiled,https://bilgewatermarket.com/assets/VEN-094-EN-zhkibLfS.png,¥1.05,$0.21,,Mask Mother VEN-094/166 Foiled CN ¥1.05 EN $0.21
2026-09-29T21:18:06+00:00,https://bilgewatermarket.com/cards,Mask Mother,nonfoil,0.07,https://bilgewatermarket.com/cards/VEN-094,normal,https://bilgewatermarket.com/assets/VEN-094-EN-zhkibLfS.png,¥0.50,$0.07,,Mask Mother VEN-094/166 CN ¥0.50 EN $0.07
2026-09-29T21:18:06+00:00,https://bilgewatermarket.com/cards,Shadow Order Disciple,foil,0.34,https://bilgewatermarket.com/cards/VEN-095?print_variation=foiled,foiled,https://bilgewatermarket.com/assets/VEN-095-EN-Djs_M261.png,¥2.11,$0.34,,Shadow Order Disciple VEN-095/166 Foiled CN ¥2.11 EN $0.34
2026-09-29T21:18:06+00:00,https://bilgewatermarket.com/cards,Shadow Order Disciple,nonfoil,0.09,https://bilgewatermarket.com/cards/VEN-095,normal,https://bilgewatermarket.com/assets/VEN-095-EN-Djs_M261.png,¥0.53,$0.09,,Shadow Order Disciple VEN-095/166 CN ¥0.53 EN $0.09
2026-09-29T21:18:06+00:00,https://bilgewatermarket.com/cards,Shadowblade Lurker,foil,0.23,https://bilgewatermarket.com/cards/VEN-096?print_variation=foiled,foiled,https://bilgewatermarket.com/assets/VEN-096-EN-LleB4Kxh.png,¥2.55,$0.23,,Shadowblade Lurker VEN-096/166 Foiled CN ¥2.55 EN $0.23
2026-09-29T21:18:06+00:00,https://bilgewatermarket.com/cards,Shadowblade Lurker,nonfoil,0.05,https://bilgewatermarket.com/cards/VEN-096,normal,https://bilgewatermarket.com/assets/VEN-096-EN-LleB4Kxh.png,¥0.52,$0.05,,Shadowblade Lurker VEN-096/166 CN ¥0.52 EN $0.05
2026-09-29T21:18:06+00:00,https://bilgewatermarket.com/cards,Spiderling,foil,0.54,https://bilgewatermarket.com/cards/VEN-097?print_variation=foiled,foiled,https://bilgewatermarket.com/assets/VEN-097-EN-05nsFlAy.png,¥1.09,$0.54,,Spiderling VEN-097/166 Foiled CN ¥1.09 EN $0.54
2026-09-29T21:18:06+00:00,https://bilgewatermarket.com/cards,Spiderling,nonfoil,0.24,https://bilgewatermarket.com/cards/VEN-097,normal,https://bilgewatermarket.com/assets/VEN-097-EN-05nsFlAy.png,¥0.58,$0.24,,Spiderling VEN-097/166 CN ¥0.58 EN $0.24
2026-09-29T21:18:06+00:00,https://bilgewatermarket.com/cards,Stargazer,foil,0.14,https://bilgewatermarket.com/cards/VEN-098?print_variation=foiled,foiled,https://bilgewatermarket.com/assets/VEN-098-EN-7CMTOXwI.png,¥0.51,$0.14,,Stargazer VEN-098/166 Foiled CN ¥0.51 EN $0.14
2026-09-29T21:18:06+00:00,https://bilgewatermarket.com/cards,Stargazer,nonfoil,0.05,https://bilgewatermarket.com/cards/VEN-098,normal,https://bilgewatermarket.com/assets/VEN-098-EN-7CMTOXwI.png,¥0.50,$0.05,,Stargazer VEN-098/166 CN ¥0.50 EN $0.05
2026-09-29T21:18:06+00:00,https://bilgewatermarket.com/cards,Tornado Warrior,foil,0.26,https://bilgewatermarket.com/cards/VEN-099?print_variation=foiled,foiled,https://bilgewatermarket.com/assets/VEN-099-EN-B9G9hLDc.png,¥2.24,$0.26,,Tornado Warrior VEN-099/166 Foiled CN ¥2.24 EN $0.26
2026-09-29T21:18:06+00:00,https://bilgewatermarket.com/cards,Tornado Warrior,nonfoil,0.09,https://bilgewatermarket.com/cards/VEN-099,normal,https://bilgewatermarket.com/assets/VEN-099-EN-B9G9hLDc.png,¥0.55,$0.09,,Tornado Warrior VEN-099/166 CN ¥0.55 EN $0.09
2026-09-29T21:18:06+00:00,https://bilgewatermarket.com/cards,Up from the Deep,foil,0.62,https://bilgewatermarket.com/cards/VEN-100?print_variation=foiled,foiled,https://bilgewatermarket.com/assets/VEN-100-EN-CDeicDP5.png,¥1.79,$0.62,,Up from the Deep VEN-100/166 Foiled CN ¥1.79 EN $0.62
2026-09-29T21:18:06+00:00,https://bilgewatermarket.com/cards,Up from the Deep,nonfoil,0.10,https://bilgewatermarket.com/cards/VEN-100,normal,https://bilgewatermarket.com/assets/VEN-100-EN-CDeicDP5.png,¥0.57,$0.10,,Up from the Deep VEN-100/166 CN ¥0.57 EN $0.10
2026-09-29T21:18:06+00:00,https://bilgewatermarket.com/cards,Gust Monk,foil,0.33,https://bilgewatermarket.com/cards/VEN-101?print_variation=foiled,foiled,https://bilgewatermarket.com/assets/VEN-101-EN-Cfs11m7w.png,¥3.40,$0.33,,Gust Monk VEN-101/166 Foiled CN ¥3.40 EN $0.33
2026-09-29T21:18:06+00:00,https://bilgewatermarket.com/cards,Gust Monk,nonfoil,0.10,https://bilgewatermarket.com/cards/VEN-101,normal,https://bilgewatermarket.com/assets/VEN-101-EN-Cfs11m7w.png,¥1.20,$0.10,,Gust Monk VEN-101/166 CN ¥1.20 EN $0.10
2026-09-29T21:18:06+00:00,https://bilgewatermarket.com/cards,Ravenbloom Prefect,foil,1.25,https://bilgewatermarket.com/cards/VEN-102?print_variation=foiled,foiled,https://bilgewatermarket.com/assets/VEN-102-EN-E3NZ3v4J.png,¥8.40,$1.25,,Ravenbloom Prefect VEN-102/166 Foiled CN ¥8.40 EN $1.25
2026-09-29T21:18:06+00:00,https://bilgewatermarket.com/cards,Ravenbloom Prefect,nonfoil,0.14,https://bilgewatermarket.com/cards/VEN-102,normal,https://bilgewatermarket.com/assets/VEN-102-EN-E3NZ3v4J.png,¥1.74,$0.14,,Ravenbloom Prefect VEN-102/166 CN ¥1.74 EN $0.14
2026-09-29T21:18:06+00:00,https://bilgewatermarket.com/cards,Shadows of the Past,foil,0.33,https://bilgewatermarket.com/cards/VEN-103?print_variation=foiled,foiled,https://bilgewatermarket.com/assets/VEN-103-EN-CnLVojsO.png,¥4.05,$0.33,,Shadows of the Past VEN-103/166 Foiled CN ¥4.05 EN $0.33
2026-09-29T21:18:06+00:00,https://bilgewatermarket.com/cards,Shadows of the Past,nonfoil,0.11,https://bilgewatermarket.com/cards/VEN-103,normal,https://bilgewatermarket.com/assets/VEN-103-EN-CnLVojsO.png,¥1.19,$0.11,,Shadows of the Past VEN-103/166 CN ¥1.19 EN $0.11
2026-09-29T21:18:06+00:00,https://bilgewatermarket.com/cards,Tail-Cloaked Matriarch,foil,0.49,https://bilgewatermarket.com/cards/VEN-104?print_variation=foiled,foiled,https://bilgewatermarket.com/assets/VEN-104-EN-g6J6Ukj4.png,¥4.22,$0.49,,Tail-Cloaked Matriarch VEN-104/166 Foiled CN ¥4.22 EN $0.49
2026-09-29T21:18:06+00:00,https://bilgewatermarket.com/cards,Tail-Cloaked Matriarch,nonfoil,0.13,https://bilgewatermarket.com/cards/VEN-104,normal,https://bilgewatermarket.com/assets/VEN-104-EN-g6J6Ukj4.png,¥1.94,$0.13,,Tail-Cloaked Matriarch VEN-104/166 CN ¥1.94 EN $0.13
2026-09-29T21:18:06+00:00,https://bilgewatermarket.com/cards,Twilight Step,foil,0.31,https://bilgewatermarket.com/cards/VEN-105?print_variation=foiled,foiled,https://bilgewatermarket.com/assets/VEN-105-EN-sXCnXaRy.png,¥1.02,$0.31,,Twilight Step VEN-105/166 Foiled CN ¥1.02 EN $0.31
2026-09-29T21:18:06+00:00,https://bilgewatermarket.com/cards,Twilight Step,nonfoil,0.08,https://bilgewatermarket.com/cards/VEN-105,normal,https://bilgewatermarket.com/assets/VEN-105-EN-sXCnXaRy.png,¥0.51,$0.08,,Twilight Step VEN-105/166 CN ¥0.51 EN $0.08
2026-09-29T21:18:06+00:00,https://bilgewatermarket.com/cards,Wind and Ghosts,foil,0.53,https://bilgewatermarket.com/cards/VEN-106?print_variation=foiled,foiled,https://bilgewatermarket.com/assets/VEN-106-EN-DMu1DLbf.png,¥3.17,$0.53,,Wind and Ghosts VEN-106/166 Foiled CN ¥3.17 EN $0.53
2026-09-29T21:18:06+00:00,https://bilgewatermarket.com/cards,Wind and Ghosts,nonfoil,0.14,https://bilgewatermarket.com/cards/VEN-106,normal,https://bilgewatermarket.com/assets/VEN-106-EN-DMu1DLbf.png,¥1.93,$0.14,,Wind and Ghosts VEN-106/166 CN ¥1.93 EN $0.14
2026-09-29T21:18:06+00:00,https://bilgewatermarket.com/cards,Decree of Discord,nonfoil,0.22,https://bilgewatermarket.com/cards/VEN-107,normal,https://bilgewatermarket.com/assets/VEN-107-EN-D-gVhqXY.png,¥1.36,$0.22,,Decree of Discord VEN-107/166 CN ¥1.36 EN $0.22
2026-09-29T21:18:06+00:00,https://bilgewatermarket.com/cards,Forgotten Relic,nonfoil,0.13,https://bilgewatermarket.com/cards/VEN-108,normal,https://bilgewatermarket.com/assets/VEN-108-EN-CFAyxxig.png,¥0.78,$0.13,,Forgotten Relic VEN-108/166 CN ¥0.78 EN $0.13
2026-09-29T21:18:06+00:00,https://bilgewatermarket.com/cards,"Illaoi, Prophet of the Great Kraken",nonfoil,0.24,https://bilgewatermarket.com/cards/VEN-109,normal,https://bilgewatermarket.com/assets/VEN-109-EN-hIJHzxhp.png,¥1.55,$0.24,,"Illaoi, Prophet of the Great Kraken VEN-109/166 CN ¥1.55 EN $0.24"
2026-09-29T21:18:06+00:00,https://bilgewatermarket.com/cards,"Mel, Defiant Soul",nonfoil,0.15,https://bilgewatermarket.com/cards/VEN-110,normal,https://bilgewatermarket.com/assets/VEN-110-EN-CDeRZYEh.png,¥1.05,$0.15,,"Mel, Defiant Soul VEN-110/166 CN ¥1.05 EN $0.15"
2026-09-29T21:18:06+00:00,https://bilgewatermarket.com/cards,"Mel, Defiant Soul",nonfoil,1.21,https://bilgewatermarket.com/cards/VEN-110a?print_variation=showcase,showcase,https://bilgewatermarket.com/assets/VEN-110a-EN-ChC82MvM.png,¥5.09,$1.21,,"Mel, Defiant Soul VEN-110A/166 Showcase CN ¥5.09 EN $1.21"
2026-09-29T21:18:06+00:00,https://bilgewatermarket.com/cards,Minah Swiftfoot,nonfoil,0.12,https://bilgewatermarket.com/cards/VEN-111,normal,https://bilgewatermarket.com/assets/VEN-111-EN-CCUPoBUU.png,¥0.51,$0.12,,Minah Swiftfoot VEN-111/166 CN ¥0.51 EN $0.12
2026-09-29T21:18:06+00:00,https://bilgewatermarket.com/cards,"Zed, Without a Sound",nonfoil,0.19,https://bilgewatermarket.com/cards/VEN-112,normal,https://bilgewatermarket.com/assets/VEN-112-EN-cv7eYR1P.png,¥1.02,$0.19,,"Zed, Without a Sound VEN-112/166 CN ¥1.02 EN $0.19"
2026-09-29T21:18:06+00:00,https://bilgewatermarket.com/cards,"Zed, Without a Sound",nonfoil,3.48,https://bilgewatermarket.com/cards/VEN-112a?print_variation=showcase,showcase,https://bilgewatermarket.com/assets/VEN-112a-EN-ajY8ipqJ.png,¥5.89,$3.48,,"Zed, Without a Sound VEN-112A/166 Showcase CN ¥5.89 EN $3.48"
2026-09-29T21:18:06+00:00,https://bilgewatermarket.com/cards,"Kennen, Storm of Shuriken",nonfoil,1.45,https://bilgewatermarket.com/cards/VEN-113,normal,https://bilgewatermarket.com/assets/VEN-113-EN-DC0HFiXj.png,¥10.69,$1.45,,"Kennen, Storm of Shuriken VEN-113/166 CN ¥10.69 EN $1.45"
2026-09-29T21:18:06+00:00,https://bilgewatermarket.com/cards,"Kennen, Storm of Shuriken",nonfoil,3.19,https://bilgewatermarket.com/cards/VEN-113a?print_variation=showcase,showcase,https://bilgewatermarket.com/assets/VEN-113a-EN-BIhr190O.png,¥21.26,$3.19,,"Kennen, Storm of Shuriken VEN-113A/166 Showcase CN ¥21.26 EN $3.19"
2026-09-29T21:18:06+00:00,https://bilgewatermarket.com/cards,Kharox,nonfoil,4.86,https://bilgewatermarket.com/cards/VEN-114,normal,https://bilgewatermarket.com/assets/VEN-114-EN-CQZ3mmbC.png,¥14.94,$4.86,,Kharox VEN-114/166 CN ¥14.94 EN $4.86
2026-09-29T21:18:06+00:00,https://bilgewatermarket.com/cards,Ocean Drake,nonfoil,0.98,https://bilgewatermarket.com/cards/VEN-115,normal,https://bilgewatermarket.com/assets/VEN-115-EN-D0nMt3w8.png,¥6.58,$0.98,,Ocean Drake VEN-115/166 CN ¥6.58 EN $0.98
2026-09-29T21:18:06+00:00,https://bilgewatermarket.com/cards,Dragon Form,foil,0.28,https://bilgewatermarket.com/cards/VEN-116?print_variation=foiled,foiled,https://bilgewatermarket.com/assets/VEN-116-EN-Bt8UgnTk.png,¥1.36,$0.28,,Dragon Form VEN-116/166 Foiled CN ¥1.36 EN $0.28
2026-09-29T21:18:06+00:00,https://bilgewatermarket.com/cards,Dragon Form,nonfoil,0.09,https://bilgewatermarket.com/cards/VEN-116,normal,https://bilgewatermarket.com/assets/VEN-116-EN-Bt8UgnTk.png,¥0.51,$0.09,,Dragon Form VEN-116/166 CN ¥0.51 EN $0.09
2026-09-29T21:18:06+00:00,https://bilgewatermarket.com/cards,Disciple of Shen,foil,0.21,https://bilgewatermarket.com/cards/VEN-117?print_variation=foiled,foiled,https://bilgewatermarket.com/assets/VEN-117-EN-B_yM4GJW.png,¥1.01,$0.21,,Disciple of Shen VEN-117/166 Foiled CN ¥1.01 EN $0.21
2026-09-29T21:18:06+00:00,https://bilgewatermarket.com/cards,Disciple of Shen,nonfoil,0.06,https://bilgewatermarket.com/cards/VEN-117,normal,https://bilgewatermarket.com/assets/VEN-117-EN-B_yM4GJW.png,¥0.50,$0.06,,Disciple of Shen VEN-117/166 CN ¥0.50 EN $0.06
2026-09-29T21:18:06+00:00,https://bilgewatermarket.com/cards,Horns of the Dragon,foil,0.14,https://bilgewatermarket.com/cards/VEN-118?print_variation=foiled,foiled,https://bilgewatermarket.com/assets/VEN-118-EN-4sJWjecS.png,¥0.50,$0.14,,Horns of the Dragon VEN-118/166 Foiled CN ¥0.50 EN $0.14
2026-09-29T21:18:06+00:00,https://bilgewatermarket.com/cards,Horns of the Dragon,nonfoil,0.03,https://bilgewatermarket.com/cards/VEN-118,normal,https://bilgewatermarket.com/assets/VEN-118-EN-4sJWjecS.png,¥0.50,$0.03,,Horns of the Dragon VEN-118/166 CN ¥0.50 EN $0.03
2026-09-29T21:18:06+00:00,https://bilgewatermarket.com/cards,Keeper of Law,foil,0.15,https://bilgewatermarket.com/cards/VEN-119?print_variation=foiled,foiled,https://bilgewatermarket.com/assets/VEN-119-EN-B94zn0sC.png,¥0.55,$0.15,,Keeper of Law VEN-119/166 Foiled CN ¥0.55 EN $0.15
2026-09-29T21:18:06+00:00,https://bilgewatermarket.com/cards,Keeper of Law,nonfoil,0.05,https://bilgewatermarket.com/cards/VEN-119,normal,https://bilgewatermarket.com/assets/VEN-119-EN-B94zn0sC.png,¥0.50,$0.05,,Keeper of Law VEN-119/166 CN ¥0.50 EN $0.05
2026-09-29T21:18:06+00:00,https://bilgewatermarket.com/cards,"Masa, Crashing Thunder",foil,0.16,https://bilgewatermarket.com/cards/VEN-120?print_variation=foiled,foiled,https://bilgewatermarket.com/assets/VEN-120-EN-DHcPgd86.png,¥0.51,$0.16,,"Masa, Crashing Thunder VEN-120/166 Foiled CN ¥0.51 EN $0.16"
2026-09-29T21:18:06+00:00,https://bilgewatermarket.com/cards,"Masa, Crashing Thunder",nonfoil,0.08,https://bilgewatermarket.com/cards/VEN-120,normal,https://bilgewatermarket.com/assets/VEN-120-EN-DHcPgd86.png,¥0.50,$0.08,,"Masa, Crashing Thunder VEN-120/166 CN ¥0.50 EN $0.08"
2026-09-29T21:18:06+00:00,https://bilgewatermarket.com/cards,Reluctant Leader,foil,0.13,https://bilgewatermarket.com/cards/VEN-121?print_variation=foiled,foiled,https://bilgewatermarket.com/assets/VEN-121-EN-BbtJBtUW.png,¥0.50,$0.13,,Reluctant Leader VEN-121/166 Foiled CN ¥0.50 EN $0.13
2026-09-29T21:18:06+00:00,https://bilgewatermarket.com/cards,Reluctant Leader,nonfoil,0.05,https://bilgewatermarket.com/cards/VEN-121,normal,https://bilgewatermarket.com/assets/VEN-121-EN-BbtJBtUW.png,¥0.50,$0.05,,Reluctant Leader VEN-121/166 CN ¥0.50 EN $0.05
2026-09-29T21:18:06+00:00,https://bilgewatermarket.com/cards,Solari Sunhawk,foil,0.32,https://bilgewatermarket.com/cards/VEN-122?print_variation=foiled,foiled,https://bilgewatermarket.com/assets/VEN-122-EN-0YWRcky6.png,¥0.98,$0.32,,Solari Sunhawk VEN-122/166 Foiled CN ¥0.98 EN $0.32
2026-09-29T21:18:06+00:00,https://bilgewatermarket.com/cards,Solari Sunhawk,nonfoil,0.11,https://bilgewatermarket.com/cards/VEN-122,normal,https://bilgewatermarket.com/assets/VEN-122-EN-0YWRcky6.png,¥0.51,$0.11,,Solari Sunhawk VEN-122/166 CN ¥0.51 EN $0.11
2026-09-29T21:18:06+00:00,https://bilgewatermarket.com/cards,Soulspinner,foil,0.17,https://bilgewatermarket.com/cards/VEN-123?print_variation=foiled,foiled,https://bilgewatermarket.com/assets/VEN-123-EN-DsL_H6zs.png,¥0.53,$0.17,,Soulspinner VEN-123/166 Foiled CN ¥0.53 EN $0.17
2026-09-29T21:18:06+00:00,https://bilgewatermarket.com/cards,Soulspinner,nonfoil,0.06,https://bilgewatermarket.com/cards/VEN-123,normal,https://bilgewatermarket.com/assets/VEN-123-EN-DsL_H6zs.png,¥0.50,$0.06,,Soulspinner VEN-123/166 CN ¥0.50 EN $0.06
2026-09-29T21:18:06+00:00,https://bilgewatermarket.com/cards,Escaped Grayback,foil,0.37,https://bilgewatermarket.com/cards/VEN-124?print_variation=foiled,foiled,https://bilgewatermarket.com/assets/VEN-124-EN-BgPMS7JC.png,¥0.85,$0.37,,Escaped Grayback VEN-124/166 Foiled CN ¥0.85 EN $0.37
2026-09-29T21:18:06+00:00,https://bilgewatermarket.com/cards,Escaped Grayback,nonfoil,0.14,https://bilgewatermarket.com/cards/VEN-124,normal,https://bilgewatermarket.com/assets/VEN-124-EN-BgPMS7JC.png,¥0.55,$0.14,,Escaped Grayback VEN-124/166 CN ¥0.55 EN $0.14
2026-09-29T21:18:06+00:00,https://bilgewatermarket.com/cards,Hungry Wolf,foil,0.19,https://bilgewatermarket.com/cards/VEN-125?print_variation=foiled,foiled,https://bilgewatermarket.com/assets/VEN-125-EN-ygpWWhje.png,¥1.00,$0.19,,Hungry Wolf VEN-125/166 Foiled CN ¥1.00 EN $0.19
2026-09-29T21:18:06+00:00,https://bilgewatermarket.com/cards,Hungry Wolf,nonfoil,0.05,https://bilgewatermarket.com/cards/VEN-125,normal,https://bilgewatermarket.com/assets/VEN-125-EN-ygpWWhje.png,¥0.51,$0.05,,Hungry Wolf VEN-125/166 CN ¥0.51 EN $0.05
2026-09-29T21:18:06+00:00,https://bilgewatermarket.com/cards,Ki Barrier,foil,0.37,https://bilgewatermarket.com/cards/VEN-126?print_variation=foiled,foiled,https://bilgewatermarket.com/assets/VEN-126-EN-U5km56qq.png,¥2.99,$0.37,,Ki Barrier VEN-126/166 Foiled CN ¥2.99 EN $0.37
2026-09-29T21:18:06+00:00,https://bilgewatermarket.com/cards,Ki Barrier,nonfoil,0.12,https://bilgewatermarket.com/cards/VEN-126,normal,https://bilgewatermarket.com/assets/VEN-126-EN-U5km56qq.png,¥1.06,$0.12,,Ki Barrier VEN-126/166 CN ¥1.06 EN $0.12
2026-09-29T21:18:06+00:00,https://bilgewatermarket.com/cards,Lacerate,foil,0.34,https://bilgewatermarket.com/cards/VEN-127?print_variation=foiled,foiled,https://bilgewatermarket.com/assets/VEN-127-EN-EQ1Hrn1v.png,¥4.31,$0.34,,Lacerate VEN-127/166 Foiled CN ¥4.31 EN $0.34
2026-09-29T21:18:06+00:00,https://bilgewatermarket.com/cards,Lacerate,nonfoil,0.09,https://bilgewatermarket.com/cards/VEN-127,normal,https://bilgewatermarket.com/assets/VEN-127-EN-EQ1Hrn1v.png,¥1.95,$0.09,,Lacerate VEN-127/166 CN ¥1.95 EN $0.09
2026-09-29T21:18:06+00:00,https://bilgewatermarket.com/cards,Noxian Emissary,foil,0.39,https://bilgewatermarket.com/cards/VEN-128?print_variation=foiled,foiled,https://bilgewatermarket.com/assets/VEN-128-EN-CGePnjX8.png,¥2.43,$0.39,,Noxian Emissary VEN-128/166 Foiled CN ¥2.43 EN $0.39
2026-09-29T21:18:06+00:00,https://bilgewatermarket.com/cards,Noxian Emissary,nonfoil,0.12,https://bilgewatermarket.com/cards/VEN-128,normal,https://bilgewatermarket.com/assets/VEN-128-EN-CGePnjX8.png,¥1.08,$0.12,,Noxian Emissary VEN-128/166 CN ¥1.08 EN $0.12
2026-09-29T21:18:06+00:00,https://bilgewatermarket.com/cards,Sacred Protector,foil,0.34,https://bilgewatermarket.com/cards/VEN-129?print_variation=foiled,foiled,https://bilgewatermarket.com/assets/VEN-129-EN-Dvn8dDbH.png,¥0.51,$0.34,,Sacred Protector VEN-129/166 Foiled CN ¥0.51 EN $0.34
2026-09-29T21:18:06+00:00,https://bilgewatermarket.com/cards,Sacred Protector,nonfoil,0.08,https://bilgewatermarket.com/cards/VEN-129,normal,https://bilgewatermarket.com/assets/VEN-129-EN-Dvn8dDbH.png,¥0.51,$0.08,,Sacred Protector VEN-129/166 CN ¥0.51 EN $0.08
2026-09-29T21:18:06+00:00,https://bilgewatermarket.com/cards,Aurok General,nonfoil,0.10,https://bilgewatermarket.com/cards/VEN-130,normal,https://bilgewatermarket.com/assets/VEN-130-EN-BJk1OtBj.png,¥0.67,$0.10,,Aurok General VEN-130/166 CN ¥0.67 EN $0.10
2026-09-29T21:18:06+00:00,https://bilgewatermarket.com/cards,Decree of Unity,nonfoil,0.38,https://bilgewatermarket.com/cards/VEN-131,normal,https://bilgewatermarket.com/assets/VEN-131-EN-KJm7m92q.png,¥2.20,$0.38,,Decree of Unity VEN-131/166 CN ¥2.20 EN $0.38
2026-09-29T21:18:06+00:00,https://bilgewatermarket.com/cards,Fallen Feline,nonfoil,0.21,https://bilgewatermarket.com/cards/VEN-132,normal,https://bilgewatermarket.com/assets/VEN-132-EN-NGraPDZw.png,¥2.20,$0.21,,Fallen Feline VEN-132/166 CN ¥2.20 EN $0.21
2026-09-29T21:18:06+00:00,https://bilgewatermarket.com/cards,Glowstone,nonfoil,0.13,https://bilgewatermarket.com/cards/VEN-133,normal,https://bilgewatermarket.com/assets/VEN-133-EN-DNCd1Yt6.png,¥0.74,$0.13,,Glowstone VEN-133/166 CN ¥0.74 EN $0.13
2026-09-29T21:18:06+00:00,https://bilgewatermarket.com/cards,"Kayle, Justified",nonfoil,0.31,https://bilgewatermarket.com/cards/VEN-134,normal,https://bilgewatermarket.com/assets/VEN-134-EN-2unK_ljh.png,¥2.07,$0.31,,"Kayle, Justified VEN-134/166 CN ¥2.07 EN $0.31"
2026-09-29T21:18:06+00:00,https://bilgewatermarket.com/cards,"Kennen, Keeper of Balance",nonfoil,0.26,https://bilgewatermarket.com/cards/VEN-135,normal,https://bilgewatermarket.com/assets/VEN-135-EN-CetCr0Fl.png,¥2.53,$0.26,,"Kennen, Keeper of Balance VEN-135/166 CN ¥2.53 EN $0.26"
2026-09-29T21:18:06+00:00,https://bilgewatermarket.com/cards,"Kennen, Keeper of Balance",nonfoil,4.89,https://bilgewatermarket.com/cards/VEN-135a?print_variation=showcase,showcase,https://bilgewatermarket.com/assets/VEN-135a-EN-D0fbx7ia.png,¥9.35,$4.89,,"Kennen, Keeper of Balance VEN-135A/166 Showcase CN ¥9.35 EN $4.89"
2026-09-29T21:18:06+00:00,https://bilgewatermarket.com/cards,"Ambessa, Respected and Feared",nonfoil,0.44,https://bilgewatermarket.com/cards/VEN-136,normal,https://bilgewatermarket.com/assets/VEN-136-EN-DfUZ7aIr.png,¥1.67,$0.44,,"Ambessa, Respected and Feared VEN-136/166 CN ¥1.67 EN $0.44"
2026-09-29T21:18:06+00:00,https://bilgewatermarket.com/cards,"Ambessa, Respected and Feared",nonfoil,2.34,https://bilgewatermarket.com/cards/VEN-136a?print_variation=showcase,showcase,https://bilgewatermarket.com/assets/VEN-136a-EN-BKEg1eoS.png,¥6.46,$2.34,,"Ambessa, Respected and Feared VEN-136A/166 Showcase CN ¥6.46 EN $2.34"
2026-09-29T21:18:06+00:00,https://bilgewatermarket.com/cards,Shady Spectacles,nonfoil,0.89,https://bilgewatermarket.com/cards/VEN-137,normal,https://bilgewatermarket.com/assets/VEN-137-EN-DJPd0p4y.png,¥7.81,$0.89,,Shady Spectacles VEN-137/166 CN ¥7.81 EN $0.89
2026-09-29T21:18:06+00:00,https://bilgewatermarket.com/cards,"Shen, Leader of the Kinkou Order",nonfoil,0.26,https://bilgewatermarket.com/cards/VEN-138,normal,https://bilgewatermarket.com/assets/VEN-138-EN-BayAsprZ.png,¥1.05,$0.26,,"Shen, Leader of the Kinkou Order VEN-138/166 CN ¥1.05 EN $0.26"
2026-09-29T21:18:06+00:00,https://bilgewatermarket.com/cards,"Shen, Leader of the Kinkou Order",nonfoil,1.87,https://bilgewatermarket.com/cards/VEN-138a?print_variation=showcase,showcase,https://bilgewatermarket.com/assets/VEN-138a-EN-D6NZZPi1.png,¥5.70,$1.87,,"Shen, Leader of the Kinkou Order VEN-138A/166 Showcase CN ¥5.70 EN $1.87"
2026-09-29T21:18:06+00:00,https://bilgewatermarket.com/cards,"Akali, Rogue Assassin",nonfoil,0.14,https://bilgewatermarket.com/cards/VEN-139,normal,https://bilgewatermarket.com/assets/VEN-139-EN-BFDPdv9k.png,¥0.58,$0.14,,"Akali, Rogue Assassin VEN-139/166 CN ¥0.58 EN $0.14"
2026-09-29T21:18:06+00:00,https://bilgewatermarket.com/cards,Shuriken Flip,nonfoil,8.61,https://bilgewatermarket.com/cards/VEN-140,normal,https://bilgewatermarket.com/assets/VEN-140-EN-CRFPFsXT.png,¥32.80,$8.61,,Shuriken Flip VEN-140/166 CN ¥32.80 EN $8.61
2026-09-29T21:18:06+00:00,https://bilgewatermarket.com/cards,"Renekton, Butcher of the Sands",nonfoil,0.15,https://bilgewatermarket.com/cards/VEN-141,normal,https://bilgewatermarket.com/assets/VEN-141-EN-B7iijjIr.png,¥0.51,$0.15,,"Renekton, Butcher of the Sands VEN-141/166 CN ¥0.51 EN $0.15"
2026-09-29T21:18:06+00:00,https://bilgewatermarket.com/cards,Dominus,nonfoil,0.51,https://bilgewatermarket.com/cards/VEN-142,normal,https://bilgewatermarket.com/assets/VEN-142-EN-CfX7ovFI.png,¥3.04,$0.51,,Dominus VEN-142/166 CN ¥3.04 EN $0.51
2026-09-29T21:18:06+00:00,https://bilgewatermarket.com/cards,"Zed, Master of Shadows",nonfoil,0.12,https://bilgewatermarket.com/cards/VEN-143,normal,https://bilgewatermarket.com/assets/VEN-143-EN-DVFlTrkm.png,¥0.51,$0.12,,"Zed, Master of Shadows VEN-143/166 CN ¥0.51 EN $0.12"
2026-09-29T21:18:06+00:00,https://bilgewatermarket.com/cards,Death Mark,nonfoil,0.76,https://bilgewatermarket.com/cards/VEN-144,normal,https://bilgewatermarket.com/assets/VEN-144-EN-C8DwJ5eP.png,¥5.95,$0.76,,Death Mark VEN-144/166 CN ¥5.95 EN $0.76
2026-09-29T21:18:06+00:00,https://bilgewatermarket.com/cards,"Nasus, Curator of the Sands",nonfoil,0.13,https://bilgewatermarket.com/cards/VEN-145,normal,https://bilgewatermarket.com/assets/VEN-145-EN-ZXyKsBTB.png,¥0.51,$0.13,,"Nasus, Curator of the Sands VEN-145/166 CN ¥0.51 EN $0.13"
2026-09-29T21:18:06+00:00,https://bilgewatermarket.com/cards,Siphoning Strike,nonfoil,0.81,https://bilgewatermarket.com/cards/VEN-146,normal,https://bilgewatermarket.com/assets/VEN-146-EN-I1aNVw6w.png,¥6.24,$0.81,,Siphoning Strike VEN-146/166 CN ¥6.24 EN $0.81
2026-09-29T21:18:06+00:00,https://bilgewatermarket.com/cards,"Shen, Eye of Twilight",nonfoil,0.10,https://bilgewatermarket.com/cards/VEN-147,normal,https://bilgewatermarket.com/assets/VEN-147-EN-Db0qigxf.png,¥0.51,$0.10,,"Shen, Eye of Twilight VEN-147/166 CN ¥0.51 EN $0.10"
2026-09-29T21:18:06+00:00,https://bilgewatermarket.com/cards,Shadow Dash,nonfoil,0.28,https://bilgewatermarket.com/cards/VEN-148,normal,https://bilgewatermarket.com/assets/VEN-148-EN-BbJdmWxi.png,¥2.52,$0.28,,Shadow Dash VEN-148/166 CN ¥2.52 EN $0.28
2026-09-29T21:18:06+00:00,https://bilgewatermarket.com/cards,"Jayce, Defender of Tomorrow",nonfoil,0.13,https://bilgewatermarket.com/cards/VEN-149,normal,https://bilgewatermarket.com/assets/VEN-149-EN-BEx9Q_bl.png,¥0.60,$0.13,,"Jayce, Defender of Tomorrow VEN-149/166 CN ¥0.60 EN $0.13"
2026-09-29T21:18:06+00:00,https://bilgewatermarket.com/cards,Acceleration Gate,nonfoil,0.72,https://bilgewatermarket.com/cards/VEN-150,normal,https://bilgewatermarket.com/assets/VEN-150-EN-CM0x4JWd.png,¥10.49,$0.72,,Acceleration Gate VEN-150/166 CN ¥10.49 EN $0.72
2026-09-29T21:18:06+00:00,https://bilgewatermarket.com/cards,"Mel, Soul's Reflection",nonfoil,0.13,https://bilgewatermarket.com/cards/VEN-151,normal,https://bilgewatermarket.com/assets/VEN-151-EN-CYB46DBN.png,¥0.52,$0.13,,"Mel, Soul's Reflection VEN-151/166 CN ¥0.52 EN $0.13"
2026-09-29T21:18:06+00:00,https://bilgewatermarket.com/cards,Rebuttal,nonfoil,2.11,https://bilgewatermarket.com/cards/VEN-152,normal,https://bilgewatermarket.com/assets/VEN-152-EN-DotKJDJ5.png,¥15.29,$2.11,,Rebuttal VEN-152/166 CN ¥15.29 EN $2.11
2026-09-29T21:18:06+00:00,https://bilgewatermarket.com/cards,"Ambessa, Matriarch of War",nonfoil,0.10,https://bilgewatermarket.com/cards/VEN-153,normal,https://bilgewatermarket.com/assets/VEN-153-EN-dAsKZFPf.png,¥0.50,$0.10,,"Ambessa, Matriarch of War VEN-153/166 CN ¥0.50 EN $0.10"
2026-09-29T21:18:06+00:00,https://bilgewatermarket.com/cards,Public Execution,nonfoil,1.02,https://bilgewatermarket.com/cards/VEN-154,normal,https://bilgewatermarket.com/assets/VEN-154-EN-MYgJ7Dme.png,¥6.16,$1.02,,Public Execution VEN-154/166 CN ¥6.16 EN $1.02
2026-09-29T21:18:06+00:00,https://bilgewatermarket.com/cards,"Kennen, Heart of the Tempest",nonfoil,0.13,https://bilgewatermarket.com/cards/VEN-155,normal,https://bilgewatermarket.com/assets/VEN-155-EN-DFejSbOS.png,¥0.66,$0.13,,"Kennen, Heart of the Tempest VEN-155/166 CN ¥0.66 EN $0.13"
2026-09-29T21:18:06+00:00,https://bilgewatermarket.com/cards,Lightning Rush,nonfoil,6.05,https://bilgewatermarket.com/cards/VEN-156,normal,https://bilgewatermarket.com/assets/VEN-156-EN-uYZ-l7gC.png,¥55.26,$6.05,,Lightning Rush VEN-156/166 CN ¥55.26 EN $6.05
2026-09-29T21:18:06+00:00,https://bilgewatermarket.com/cards,Dragon Roost,foil,0.60,https://bilgewatermarket.com/cards/VEN-157?print_variation=foiled,foiled,https://bilgewatermarket.com/assets/VEN-157-EN-Bhg3aWIq.png,¥1.21,$0.60,,Dragon Roost VEN-157/166 Foiled CN ¥1.21 EN $0.60
2026-09-29T21:18:06+00:00,https://bilgewatermarket.com/cards,Dragon Roost,nonfoil,0.11,https://bilgewatermarket.com/cards/VEN-157,normal,https://bilgewatermarket.com/assets/VEN-157-EN-Bhg3aWIq.png,¥0.59,$0.11,,Dragon Roost VEN-157/166 CN ¥0.59 EN $0.11
2026-09-29T21:18:06+00:00,https://bilgewatermarket.com/cards,"Heisho, Shell of the World",foil,0.98,https://bilgewatermarket.com/cards/VEN-158?print_variation=foiled,foiled,https://bilgewatermarket.com/assets/VEN-158-EN-BH4aNl7O.png,¥2.85,$0.98,,"Heisho, Shell of the World VEN-158/166 Foiled CN ¥2.85 EN $0.98"
2026-09-29T21:18:06+00:00,https://bilgewatermarket.com/cards,"Heisho, Shell of the World",nonfoil,0.10,https://bilgewatermarket.com/cards/VEN-158,normal,https://bilgewatermarket.com/assets/VEN-158-EN-BH4aNl7O.png,¥1.00,$0.10,,"Heisho, Shell of the World VEN-158/166 CN ¥1.00 EN $0.10"
2026-09-29T21:18:06+00:00,https://bilgewatermarket.com/cards,Kinkou Temple,foil,0.26,https://bilgewatermarket.com/cards/VEN-159?print_variation=foiled,foiled,https://bilgewatermarket.com/assets/VEN-159-EN-DqejB9wD.png,¥0.86,$0.26,,Kinkou Temple VEN-159/166 Foiled CN ¥0.86 EN $0.26
2026-09-29T21:18:06+00:00,https://bilgewatermarket.com/cards,Kinkou Temple,nonfoil,0.07,https://bilgewatermarket.com/cards/VEN-159,normal,https://bilgewatermarket.com/assets/VEN-159-EN-DqejB9wD.png,¥0.58,$0.07,,Kinkou Temple VEN-159/166 CN ¥0.58 EN $0.07
2026-09-29T21:18:06+00:00,https://bilgewatermarket.com/cards,Mystic Vortex,foil,0.27,https://bilgewatermarket.com/cards/VEN-160?print_variation=foiled,foiled,https://bilgewatermarket.com/assets/VEN-160-EN-BlwqSIVG.png,¥1.73,$0.27,,Mystic Vortex VEN-160/166 Foiled CN ¥1.73 EN $0.27
2026-09-29T21:18:06+00:00,https://bilgewatermarket.com/cards,Mystic Vortex,nonfoil,0.08,https://bilgewatermarket.com/cards/VEN-160,normal,https://bilgewatermarket.com/assets/VEN-160-EN-BlwqSIVG.png,¥0.74,$0.08,,Mystic Vortex VEN-160/166 CN ¥0.74 EN $0.08
2026-09-29T21:18:06+00:00,https://bilgewatermarket.com/cards,Piltovan Forge,foil,0.21,https://bilgewatermarket.com/cards/VEN-161?print_variation=foiled,foiled,https://bilgewatermarket.com/assets/VEN-161-EN-DleOsuA9.png,¥3.32,$0.21,,Piltovan Forge VEN-161/166 Foiled CN ¥3.32 EN $0.21
2026-09-29T21:18:06+00:00,https://bilgewatermarket.com/cards,Piltovan Forge,nonfoil,0.07,https://bilgewatermarket.com/cards/VEN-161,normal,https://bilgewatermarket.com/assets/VEN-161-EN-DleOsuA9.png,¥0.51,$0.07,,Piltovan Forge VEN-161/166 CN ¥0.51 EN $0.07
2026-09-29T21:18:06+00:00,https://bilgewatermarket.com/cards,Protective Sands,foil,0.28,https://bilgewatermarket.com/cards/VEN-162?print_variation=foiled,foiled,https://bilgewatermarket.com/assets/VEN-162-EN-CMpht29h.png,¥1.99,$0.28,,Protective Sands VEN-162/166 Foiled CN ¥1.99 EN $0.28
2026-09-29T21:18:06+00:00,https://bilgewatermarket.com/cards,Protective Sands,nonfoil,0.07,https://bilgewatermarket.com/cards/VEN-162,normal,https://bilgewatermarket.com/assets/VEN-162-EN-CMpht29h.png,¥0.54,$0.07,,Protective Sands VEN-162/166 CN ¥0.54 EN $0.07
2026-09-29T21:18:06+00:00,https://bilgewatermarket.com/cards,Risen Altar,foil,0.33,https://bilgewatermarket.com/cards/VEN-163?print_variation=foiled,foiled,https://bilgewatermarket.com/assets/VEN-163-EN-ClKDrWfS.png,¥4.18,$0.33,,Risen Altar VEN-163/166 Foiled CN ¥4.18 EN $0.33
2026-09-29T21:18:06+00:00,https://bilgewatermarket.com/cards,Risen Altar,nonfoil,0.10,https://bilgewatermarket.com/cards/VEN-163,normal,https://bilgewatermarket.com/assets/VEN-163-EN-ClKDrWfS.png,¥1.02,$0.10,,Risen Altar VEN-163/166 CN ¥1.02 EN $0.10
2026-09-29T21:18:06+00:00,https://bilgewatermarket.com/cards,Sandswept Tomb,foil,0.33,https://bilgewatermarket.com/cards/VEN-164?print_variation=foiled,foiled,https://bilgewatermarket.com/assets/VEN-164-EN-CQiCuERT.png,¥1.97,$0.33,,Sandswept Tomb VEN-164/166 Foiled CN ¥1.97 EN $0.33
2026-09-29T21:18:06+00:00,https://bilgewatermarket.com/cards,Sandswept Tomb,nonfoil,0.12,https://bilgewatermarket.com/cards/VEN-164,normal,https://bilgewatermarket.com/assets/VEN-164-EN-CQiCuERT.png,¥1.00,$0.12,,Sandswept Tomb VEN-164/166 CN ¥1.00 EN $0.12
2026-09-29T21:18:06+00:00,https://bilgewatermarket.com/cards,Shadow Temple,foil,0.33,https://bilgewatermarket.com/cards/VEN-165?print_variation=foiled,foiled,https://bilgewatermarket.com/assets/VEN-165-EN-DCMjr8DY.png,¥1.65,$0.33,,Shadow Temple VEN-165/166 Foiled CN ¥1.65 EN $0.33
2026-09-29T21:18:06+00:00,https://bilgewatermarket.com/cards,Shadow Temple,nonfoil,0.08,https://bilgewatermarket.com/cards/VEN-165,normal,https://bilgewatermarket.com/assets/VEN-165-EN-DCMjr8DY.png,¥0.97,$0.08,,Shadow Temple VEN-165/166 CN ¥0.97 EN $0.08
2026-09-29T21:18:06+00:00,https://bilgewatermarket.com/cards,Threshold of the Gray,foil,0.29,https://bilgewatermarket.com/cards/VEN-166?print_variation=foiled,foiled,https://bilgewatermarket.com/assets/VEN-166-EN-DdpvPIEO.png,¥2.98,$0.29,,Threshold of the Gray VEN-166/166 Foiled CN ¥2.98 EN $0.29
2026-09-29T21:18:06+00:00,https://bilgewatermarket.com/cards,Threshold of the Gray,nonfoil,0.07,https://bilgewatermarket.com/cards/VEN-166,normal,https://bilgewatermarket.com/assets/VEN-166-EN-DdpvPIEO.png,¥0.71,$0.07,,Threshold of the Gray VEN-166/166 CN ¥0.71 EN $0.07
2026-09-29T21:18:06+00:00,https://bilgewatermarket.com/cards,"Vi, Destructive",nonfoil,102.30,https://bilgewatermarket.com/cards/VEN-167?print_variation=showcase,showcase,https://bilgewatermarket.com/assets/VEN-167-EN-lpKDuayz.png,¥232.63,$102.30,,"Vi, Destructive VEN-167/166 Showcase CN ¥232.63 EN $102.30"
2026-09-29T21:18:06+00:00,https://bilgewatermarket.com/cards,"Jinx, Demolitionist",nonfoil,110.14,https://bilgewatermarket.com/cards/VEN-168?print_variation=showcase,showcase,https://bilgewatermarket.com/assets/VEN-168-EN-Bnn4ApJC.png,¥253.05,$110.14,,"Jinx, Demolitionist VEN-168/166 Showcase CN ¥253.05 EN $110.14"
2026-09-29T21:18:06+00:00,https://bilgewatermarket.com/cards,"Zed, From the Shadows",nonfoil,63.25,https://bilgewatermarket.com/cards/VEN-169?print_variation=showcase,showcase,https://bilgewatermarket.com/assets/VEN-169-EN-BF1EjRBl.png,¥140.59,$63.25,,"Zed, From the Shadows VEN-169/166 Showcase CN ¥140.59 EN $63.25"
2026-09-29T21:18:06+00:00,https://bilgewatermarket.com/cards,"Shen, Scourge of Shadows",nonfoil,50.60,https://bilgewatermarket.com/cards/VEN-170?print_variation=showcase,showcase,https://bilgewatermarket.com/assets/VEN-170-EN-vj7w15gG.png,¥101.58,$50.60,,"Shen, Scourge of Shadows VEN-170/166 Showcase CN ¥101.58 EN $50.60"
2026-09-29T21:18:06+00:00,https://bilgewatermarket.com/cards,"Riven, Shattered",nonfoil,71.19,https://bilgewatermarket.com/cards/VEN-171?print_variation=showcase,showcase,https://bilgewatermarket.com/assets/VEN-171-EN-ZuNFo-jz.png,¥108.33,$71.19,,"Riven, Shattered VEN-171/166 Showcase CN ¥108.33 EN $71.19"
2026-09-29T21:18:06+00:00,https://bilgewatermarket.com/cards,"Draven, Showboat",nonfoil,79.52,https://bilgewatermarket.com/cards/VEN-172?print_variation=showcase,showcase,https://bilgewatermarket.com/assets/VEN-172-EN-hoUVkTM0.png,¥143.25,$79.52,,"Draven, Showboat VEN-172/166 Showcase CN ¥143.25 EN $79.52"
2026-09-29T21:18:06+00:00,https://bilgewatermarket.com/cards,"Swain, Visionary",nonfoil,78.06,https://bilgewatermarket.com/cards/VEN-173?print_variation=showcase,showcase,https://bilgewatermarket.com/assets/VEN-173-EN-L-xt_H_w.png,¥196.94,$78.06,,"Swain, Visionary VEN-173/166 Showcase CN ¥196.94 EN $78.06"
2026-09-29T21:18:06+00:00,https://bilgewatermarket.com/cards,"Irelia, Fervent",nonfoil,220.20,https://bilgewatermarket.com/cards/VEN-174?print_variation=showcase,showcase,https://bilgewatermarket.com/assets/VEN-174-EN-CwcFbbhj.png,¥457.65,$220.20,,"Irelia, Fervent VEN-174/166 Showcase CN ¥457.65 EN $220.20"
2026-09-29T21:18:06+00:00,https://bilgewatermarket.com/cards,"Jayce, Man of Progress",nonfoil,90.80,https://bilgewatermarket.com/cards/VEN-175?print_variation=showcase,showcase,https://bilgewatermarket.com/assets/VEN-175-EN-WITa-1BS.png,¥302.47,$90.80,,"Jayce, Man of Progress VEN-175/166 Showcase CN ¥302.47 EN $90.80"
2026-09-29T21:18:06+00:00,https://bilgewatermarket.com/cards,"Viktor, Innovator",nonfoil,78.98,https://bilgewatermarket.com/cards/VEN-176?print_variation=showcase,showcase,https://bilgewatermarket.com/assets/VEN-176-EN-wO7TbmTk.png,¥153.11,$78.98,,"Viktor, Innovator VEN-176/166 Showcase CN ¥153.11 EN $78.98"
2026-09-29T21:18:06+00:00,https://bilgewatermarket.com/cards,"Renekton, Brute",nonfoil,63.35,https://bilgewatermarket.com/cards/VEN-177?print_variation=showcase,showcase,https://bilgewatermarket.com/assets/VEN-177-EN-DEEI5e3H.png,¥99.73,$63.35,,"Renekton, Brute VEN-177/166 Showcase CN ¥99.73 EN $63.35"
2026-09-29T21:18:06+00:00,https://bilgewatermarket.com/cards,"Nasus, Guardian of Knowledge",nonfoil,63.51,https://bilgewatermarket.com/cards/VEN-178?print_variation=showcase,showcase,https://bilgewatermarket.com/assets/VEN-178-EN-Cp-yJ8pH.png,¥82.73,$63.51,,"Nasus, Guardian of Knowledge VEN-178/166 Showcase CN ¥82.73 EN $63.51"
2026-09-29T21:18:06+00:00,https://bilgewatermarket.com/cards,"Rengar, Trophy Hunter",nonfoil,166.04,https://bilgewatermarket.com/cards/VEN-179?print_variation=showcase,showcase,https://bilgewatermarket.com/assets/VEN-179-EN-CNBYOa2h.png,¥437.44,$166.04,,"Rengar, Trophy Hunter VEN-179/166 Showcase CN ¥437.44 EN $166.04"
2026-09-29T21:18:06+00:00,https://bilgewatermarket.com/cards,"Kha'Zix, Evolving Hunter",nonfoil,70.06,https://bilgewatermarket.com/cards/VEN-180?print_variation=showcase,showcase,https://bilgewatermarket.com/assets/VEN-180-EN-DvzJuQEg.png,¥102.88,$70.06,,"Kha'Zix, Evolving Hunter VEN-180/166 Showcase CN ¥102.88 EN $70.06"
2026-09-29T21:18:06+00:00,https://bilgewatermarket.com/cards,"Gangplank, Naval",nonfoil,97.49,https://bilgewatermarket.com/cards/VEN-181?print_variation=showcase,showcase,https://bilgewatermarket.com/assets/VEN-181-EN-CJrXpE4V.png,¥154.90,$97.49,,"Gangplank, Naval VEN-181/166 Showcase CN ¥154.90 EN $97.49"
2026-09-29T21:18:06+00:00,https://bilgewatermarket.com/cards,"Illaoi, Prophet of the Great Kraken",nonfoil,94.69,https://bilgewatermarket.com/cards/VEN-182?print_variation=showcase,showcase,https://bilgewatermarket.com/assets/VEN-182-EN-BAgnk1V0.png,¥150.86,$94.69,,"Illaoi, Prophet of the Great Kraken VEN-182/166 Showcase CN ¥150.86 EN $94.69"
2026-09-29T21:18:06+00:00,https://bilgewatermarket.com/cards,"Diana, No Longer Human",nonfoil,123.15,https://bilgewatermarket.com/cards/VEN-183?print_variation=showcase,showcase,https://bilgewatermarket.com/assets/VEN-183-EN-sutxxXVc.png,¥161.46,$123.15,,"Diana, No Longer Human VEN-183/166 Showcase CN ¥161.46 EN $123.15"
2026-09-29T21:18:06+00:00,https://bilgewatermarket.com/cards,"Leona, Determined",nonfoil,84.47,https://bilgewatermarket.com/cards/VEN-184?print_variation=showcase,showcase,https://bilgewatermarket.com/assets/VEN-184-EN-Cuzu2DpO.png,¥155.16,$84.47,,"Leona, Determined VEN-184/166 Showcase CN ¥155.16 EN $84.47"
2026-09-29T21:18:06+00:00,https://bilgewatermarket.com/cards,"Kayle, Justified",nonfoil,166.73,https://bilgewatermarket.com/cards/VEN-185?print_variation=showcase,showcase,https://bilgewatermarket.com/assets/VEN-185-EN-DgvQuieo.png,¥474.31,$166.73,,"Kayle, Justified VEN-185/166 Showcase CN ¥474.31 EN $166.73"
2026-09-29T21:18:06+00:00,https://bilgewatermarket.com/cards,"Morgana, Vindictive",nonfoil,115.25,https://bilgewatermarket.com/cards/VEN-186?print_variation=showcase,showcase,https://bilgewatermarket.com/assets/VEN-186-EN-89oo7vIb.png,¥279.48,$115.25,,"Morgana, Vindictive VEN-186/166 Showcase CN ¥279.48 EN $115.25"
2026-09-29T21:18:06+00:00,https://bilgewatermarket.com/cards,"Ambessa, Respected and Feared",nonfoil,47.96,https://bilgewatermarket.com/cards/VEN-187?print_variation=showcase,showcase,https://bilgewatermarket.com/assets/VEN-187-EN-BDIOZjkq.png,¥99.23,$47.96,,"Ambessa, Respected and Feared VEN-187/166 Showcase CN ¥99.23 EN $47.96"
2026-09-29T21:18:06+00:00,https://bilgewatermarket.com/cards,"Mel, Defiant Soul",nonfoil,78.39,https://bilgewatermarket.com/cards/VEN-188?print_variation=showcase,showcase,https://bilgewatermarket.com/assets/VEN-188-EN-CdeCa_ni.png,¥115.34,$78.39,,"Mel, Defiant Soul VEN-188/166 Showcase CN ¥115.34 EN $78.39"
2026-09-29T21:18:06+00:00,https://bilgewatermarket.com/cards,"Akali, Rogue Assassin",nonfoil,593.02,https://bilgewatermarket.com/cards/VEN-189?print_variation=showcase,showcase,https://bilgewatermarket.com/assets/VEN-189-EN-B4lT7ISJ.png,"¥1,212.17",$593.02,,"Akali, Rogue Assassin VEN-189/166 Showcase CN ¥1,212.17 EN $593.02"
2026-09-29T21:18:06+00:00,https://bilgewatermarket.com/cards,"Renekton, Butcher of the Sands",nonfoil,57.30,https://bilgewatermarket.com/cards/VEN-190?print_variation=showcase,showcase,https://bilgewatermarket.com/assets/VEN-190-EN-BU2owRjx.png,¥62.26,$57.30,,"Renekton, Butcher of the Sands VEN-190/166 Showcase CN ¥62.26 EN $57.30"
2026-09-29T21:18:06+00:00,https://bilgewatermarket.com/cards,"Zed, Master of Shadows",nonfoil,176.35,https://bilgewatermarket.com/cards/VEN-191?print_variation=showcase,showcase,https://bilgewatermarket.com/assets/VEN-191-EN-mQhEHzQ5.png,¥272.56,$176.35,,"Zed, Master of Shadows VEN-191/166 Showcase CN ¥272.56 EN $176.35"
2026-09-29T21:18:06+00:00,https://bilgewatermarket.com/cards,"Nasus, Curator of the Sands",nonfoil,159.85,https://bilgewatermarket.com/cards/VEN-192?print_variation=showcase,showcase,https://bilgewatermarket.com/assets/VEN-192-EN-Vg8mwmAl.png,¥211.12,$159.85,,"Nasus, Curator of the Sands VEN-192/166 Showcase CN ¥211.12 EN $159.85"
2026-09-29T21:18:06+00:00,https://bilgewatermarket.com/cards,"Shen, Eye of Twilight",nonfoil,76.29,https://bilgewatermarket.com/cards/VEN-193?print_variation=showcase,showcase,https://bilgewatermarket.com/assets/VEN-193-EN-DdOf7tax.png,¥97.19,$76.29,,"Shen, Eye of Twilight VEN-193/166 Showcase CN ¥97.19 EN $76.29"
2026-09-29T21:18:06+00:00,https://bilgewatermarket.com/cards,"Jayce, Defender of Tomorrow",nonfoil,209.91,https://bilgewatermarket.com/cards/VEN-194?print_variation=showcase,showcase,https://bilgewatermarket.com/assets/VEN-194-EN-s1zJRwok.png,¥600.03,$209.91,,"Jayce, Defender of Tomorrow VEN-194/166 Showcase CN ¥600.03 EN $209.91"
2026-09-29T21:18:06+00:00,https://bilgewatermarket.com/cards,"Mel, Soul's Reflection",nonfoil,171.66,https://bilgewatermarket.com/cards/VEN-195?print_variation=showcase,showcase,https://bilgewatermarket.com/assets/VEN-195-EN-D48z7zAy.png,¥285.37,$171.66,,"Mel, Soul's Reflection VEN-195/166 Showcase CN ¥285.37 EN $171.66"
2026-09-29T21:18:06+00:00,https://bilgewatermarket.com/cards,"Ambessa, Matriarch of War",nonfoil,119.73,https://bilgewatermarket.com/cards/VEN-196?print_variation=showcase,showcase,https://bilgewatermarket.com/assets/VEN-196-EN-DdVVDAod.png,¥116.30,$119.73,,"Ambessa, Matriarch of War VEN-196/166 Showcase CN ¥116.30 EN $119.73"
2026-09-29T21:18:06+00:00,https://bilgewatermarket.com/cards,"Kennen, Heart of the Tempest",nonfoil,214.46,https://bilgewatermarket.com/cards/VEN-197?print_variation=showcase,showcase,https://bilgewatermarket.com/assets/VEN-197-EN-CxaAukcp.png,¥493.85,$214.46,,"Kennen, Heart of the Tempest VEN-197/166 Showcase CN ¥493.85 EN $214.46"
2026-09-29T21:18:06+00:00,https://bilgewatermarket.com/cards,Arena Kingpin,foil,0.14,https://bilgewatermarket.com/cards/UNL-001?print_variation=foiled,foiled,https://bilgewatermarket.com/assets/UNL-001-EN-CN6qRx__.webp,¥0.50,$0.14,,Arena Kingpin UNL-001/219 Foiled CN ¥0.50 EN $0.14
2026-09-29T21:18:06+00:00,https://bilgewatermarket.com/cards,Arena Kingpin,nonfoil,0.07,https://bilgewatermarket.com/cards/UNL-001,normal,https://bilgewatermarket.com/assets/UNL-001-EN-CN6qRx__.webp,¥0.50,$0.07,,Arena Kingpin UNL-001/219 CN ¥0.50 EN $0.07
2026-09-29T21:18:06+00:00,https://bilgewatermarket.com/cards,Inferna,foil,0.42,https://bilgewatermarket.com/cards/UNL-002?print_variation=foiled,foiled,https://bilgewatermarket.com/assets/UNL-002-EN-BEAeHv56.webp,¥1.27,$0.42,,Inferna UNL-002/219 Foiled CN ¥1.27 EN $0.42
2026-09-29T21:18:06+00:00,https://bilgewatermarket.com/cards,Inferna,nonfoil,0.12,https://bilgewatermarket.com/cards/UNL-002,normal,https://bilgewatermarket.com/assets/UNL-002-EN-BEAeHv56.webp,¥0.52,$0.12,,Inferna UNL-002/219 CN ¥0.52 EN $0.12
2026-09-29T21:18:06+00:00,https://bilgewatermarket.com/cards,Mischievous Marai,foil,0.23,https://bilgewatermarket.com/cards/UNL-003?print_variation=foiled,foiled,https://bilgewatermarket.com/assets/UNL-003-EN-BN8no39d.webp,¥1.02,$0.23,,Mischievous Marai UNL-003/219 Foiled CN ¥1.02 EN $0.23
2026-09-29T21:18:06+00:00,https://bilgewatermarket.com/cards,Mischievous Marai,nonfoil,0.08,https://bilgewatermarket.com/cards/UNL-003,normal,https://bilgewatermarket.com/assets/UNL-003-EN-BN8no39d.webp,¥0.52,$0.08,,Mischievous Marai UNL-003/219 CN ¥0.52 EN $0.08
2026-09-29T21:18:06+00:00,https://bilgewatermarket.com/cards,Prepared Neophyte,foil,0.16,https://bilgewatermarket.com/cards/UNL-004?print_variation=foiled,foiled,https://bilgewatermarket.com/assets/UNL-004-EN-X8qOqNsB.webp,¥0.60,$0.16,,Prepared Neophyte UNL-004/219 Foiled CN ¥0.60 EN $0.16
2026-09-29T21:18:06+00:00,https://bilgewatermarket.com/cards,Prepared Neophyte,nonfoil,0.04,https://bilgewatermarket.com/cards/UNL-004,normal,https://bilgewatermarket.com/assets/UNL-004-EN-X8qOqNsB.webp,¥0.50,$0.04,,Prepared Neophyte UNL-004/219 CN ¥0.50 EN $0.04
2026-09-29T21:18:06+00:00,https://bilgewatermarket.com/cards,Revna the Lorekeeper,foil,0.15,https://bilgewatermarket.com/cards/UNL-005?print_variation=foiled,foiled,https://bilgewatermarket.com/assets/UNL-005-EN-ClM8yEo9.webp,¥0.50,$0.15,,Revna the Lorekeeper UNL-005/219 Foiled CN ¥0.50 EN $0.15
2026-09-29T21:18:06+00:00,https://bilgewatermarket.com/cards,Revna the Lorekeeper,nonfoil,0.04,https://bilgewatermarket.com/cards/UNL-005,normal,https://bilgewatermarket.com/assets/UNL-005-EN-ClM8yEo9.webp,¥0.50,$0.04,,Revna the Lorekeeper UNL-005/219 CN ¥0.50 EN $0.04
2026-09-29T21:18:06+00:00,https://bilgewatermarket.com/cards,Sharkling,foil,0.25,https://bilgewatermarket.com/cards/UNL-006?print_variation=foiled,foiled,https://bilgewatermarket.com/assets/UNL-006-EN-DlvuPfs1.webp,¥0.59,$0.25,,Sharkling UNL-006/219 Foiled CN ¥0.59 EN $0.25
2026-09-29T21:18:06+00:00,https://bilgewatermarket.com/cards,Sharkling,nonfoil,0.06,https://bilgewatermarket.com/cards/UNL-006,normal,https://bilgewatermarket.com/assets/UNL-006-EN-DlvuPfs1.webp,¥0.51,$0.06,,Sharkling UNL-006/219 CN ¥0.51 EN $0.06
2026-09-29T21:18:06+00:00,https://bilgewatermarket.com/cards,Smite,foil,0.20,https://bilgewatermarket.com/cards/UNL-007?print_variation=foiled,foiled,https://bilgewatermarket.com/assets/UNL-007-EN-D42dcdUi.webp,¥0.92,$0.20,,Smite UNL-007/219 Foiled CN ¥0.92 EN $0.20
2026-09-29T21:18:06+00:00,https://bilgewatermarket.com/cards,Smite,nonfoil,0.07,https://bilgewatermarket.com/cards/UNL-007,normal,https://bilgewatermarket.com/assets/UNL-007-EN-D42dcdUi.webp,¥0.50,$0.07,,Smite UNL-007/219 CN ¥0.50 EN $0.07
2026-09-29T21:18:06+00:00,https://bilgewatermarket.com/cards,Towering Pairofant,foil,0.07,https://bilgewatermarket.com/cards/UNL-008?print_variation=foiled,foiled,https://bilgewatermarket.com/assets/UNL-008-EN-D-2Dad2f.webp,¥0.50,$0.07,,Towering Pairofant UNL-008/219 Foiled CN ¥0.50 EN $0.07
2026-09-29T21:18:06+00:00,https://bilgewatermarket.com/cards,Towering Pairofant,nonfoil,0.03,https://bilgewatermarket.com/cards/UNL-008,normal,https://bilgewatermarket.com/assets/UNL-008-EN-D-2Dad2f.webp,¥0.50,$0.03,,Towering Pairofant UNL-008/219 CN ¥0.50 EN $0.03
2026-09-29T21:18:06+00:00,https://bilgewatermarket.com/cards,Upstage Comedy,foil,0.25,https://bilgewatermarket.com/cards/UNL-009?print_variation=foiled,foiled,https://bilgewatermarket.com/assets/UNL-009-EN-D8P6CA8o.webp,¥0.96,$0.25,,Upstage Comedy UNL-009/219 Foiled CN ¥0.96 EN $0.25
2026-09-29T21:18:06+00:00,https://bilgewatermarket.com/cards,Upstage Comedy,nonfoil,0.07,https://bilgewatermarket.com/cards/UNL-009,normal,https://bilgewatermarket.com/assets/UNL-009-EN-D8P6CA8o.webp,¥0.50,$0.07,,Upstage Comedy UNL-009/219 CN ¥0.50 EN $0.07
2026-09-29T21:18:06+00:00,https://bilgewatermarket.com/cards,Vault Breaker,foil,0.22,https://bilgewatermarket.com/cards/UNL-010?print_variation=foiled,foiled,https://bilgewatermarket.com/assets/UNL-010-EN-DIJopLyy.webp,¥0.79,$0.22,,Vault Breaker UNL-010/219 Foiled CN ¥0.79 EN $0.22
2026-09-29T21:18:06+00:00,https://bilgewatermarket.com/cards,Vault Breaker,nonfoil,0.08,https://bilgewatermarket.com/cards/UNL-010,normal,https://bilgewatermarket.com/assets/UNL-010-EN-DIJopLyy.webp,¥0.59,$0.08,,Vault Breaker UNL-010/219 CN ¥0.59 EN $0.08
2026-09-29T21:18:06+00:00,https://bilgewatermarket.com/cards,Fresh Beans,foil,0.25,https://bilgewatermarket.com/cards/UNL-011?print_variation=foiled,foiled,https://bilgewatermarket.com/assets/UNL-011-EN-Pl-7Kky-.webp,¥0.51,$0.25,,Fresh Beans UNL-011/219 Foiled CN ¥0.51 EN $0.25
2026-09-29T21:18:06+00:00,https://bilgewatermarket.com/cards,Fresh Beans,nonfoil,0.09,https://bilgewatermarket.com/cards/UNL-011,normal,https://bilgewatermarket.com/assets/UNL-011-EN-Pl-7Kky-.webp,¥0.50,$0.09,,Fresh Beans UNL-011/219 CN ¥0.50 EN $0.09
2026-09-29T21:18:06+00:00,https://bilgewatermarket.com/cards,Lord Broadmane,foil,0.25,https://bilgewatermarket.com/cards/UNL-012?print_variation=foiled,foiled,https://bilgewatermarket.com/assets/UNL-012-EN-DKMRS0b6.webp,¥0.50,$0.25,,Lord Broadmane UNL-012/219 Foiled CN ¥0.50 EN $0.25
2026-09-29T21:18:06+00:00,https://bilgewatermarket.com/cards,Lord Broadmane,nonfoil,0.07,https://bilgewatermarket.com/cards/UNL-012,normal,https://bilgewatermarket.com/assets/UNL-012-EN-DKMRS0b6.webp,¥0.50,$0.07,,Lord Broadmane UNL-012/219 CN ¥0.50 EN $0.07
2026-09-29T21:18:06+00:00,https://bilgewatermarket.com/cards,Lotus Trap,foil,0.38,https://bilgewatermarket.com/cards/UNL-013?print_variation=foiled,foiled,https://bilgewatermarket.com/assets/UNL-013-EN-u80gWiY-.webp,¥0.55,$0.38,,Lotus Trap UNL-013/219 Foiled CN ¥0.55 EN $0.38
2026-09-29T21:18:06+00:00,https://bilgewatermarket.com/cards,Lotus Trap,nonfoil,0.13,https://bilgewatermarket.com/cards/UNL-013,normal,https://bilgewatermarket.com/assets/UNL-013-EN-u80gWiY-.webp,¥0.56,$0.13,,Lotus Trap UNL-013/219 CN ¥0.56 EN $0.13
2026-09-29T21:18:06+00:00,https://bilgewatermarket.com/cards,Monster Harpoon,foil,0.28,https://bilgewatermarket.com/cards/UNL-014?print_variation=foiled,foiled,https://bilgewatermarket.com/assets/UNL-014-EN-CaUBxiqe.webp,¥0.50,$0.28,,Monster Harpoon UNL-014/219 Foiled CN ¥0.50 EN $0.28
2026-09-29T21:18:06+00:00,https://bilgewatermarket.com/cards,Monster Harpoon,nonfoil,0.08,https://bilgewatermarket.com/cards/UNL-014,normal,https://bilgewatermarket.com/assets/UNL-014-EN-CaUBxiqe.webp,¥0.50,$0.08,,Monster Harpoon UNL-014/219 CN ¥0.50 EN $0.08
2026-09-29T21:18:06+00:00,https://bilgewatermarket.com/cards,Right of Conquest,foil,0.25,https://bilgewatermarket.com/cards/UNL-015?print_variation=foiled,foiled,https://bilgewatermarket.com/assets/UNL-015-EN-B42EzyGF.webp,¥0.54,$0.25,,Right of Conquest UNL-015/219 Foiled CN ¥0.54 EN $0.25
2026-09-29T21:18:06+00:00,https://bilgewatermarket.com/cards,Right of Conquest,nonfoil,0.06,https://bilgewatermarket.com/cards/UNL-015,normal,https://bilgewatermarket.com/assets/UNL-015-EN-B42EzyGF.webp,¥0.58,$0.06,,Right of Conquest UNL-015/219 CN ¥0.58 EN $0.06
2026-09-29T21:18:06+00:00,https://bilgewatermarket.com/cards,Scorchclaw,foil,0.17,https://bilgewatermarket.com/cards/UNL-016?print_variation=foiled,foiled,https://bilgewatermarket.com/assets/UNL-016-EN-3OZO5Mlz.webp,¥0.54,$0.17,,Scorchclaw UNL-016/219 Foiled CN ¥0.54 EN $0.17
2026-09-29T21:18:06+00:00,https://bilgewatermarket.com/cards,Scorchclaw,nonfoil,0.06,https://bilgewatermarket.com/cards/UNL-016,normal,https://bilgewatermarket.com/assets/UNL-016-EN-3OZO5Mlz.webp,¥0.50,$0.06,,Scorchclaw UNL-016/219 CN ¥0.50 EN $0.06
2026-09-29T21:18:06+00:00,https://bilgewatermarket.com/cards,Square Up,foil,0.42,https://bilgewatermarket.com/cards/UNL-017?print_variation=foiled,foiled,https://bilgewatermarket.com/assets/UNL-017-EN-CPM767zB.webp,¥1.47,$0.42,,Square Up UNL-017/219 Foiled CN ¥1.47 EN $0.42
2026-09-29T21:18:06+00:00,https://bilgewatermarket.com/cards,Square Up,nonfoil,0.08,https://bilgewatermarket.com/cards/UNL-017,normal,https://bilgewatermarket.com/assets/UNL-017-EN-CPM767zB.webp,¥0.51,$0.08,,Square Up UNL-017/219 CN ¥0.51 EN $0.08
2026-09-29T21:18:06+00:00,https://bilgewatermarket.com/cards,Yeti Brawler,foil,0.27,https://bilgewatermarket.com/cards/UNL-018?print_variation=foiled,foiled,https://bilgewatermarket.com/assets/UNL-018-EN-BB0id8KZ.webp,¥0.54,$0.27,,Yeti Brawler UNL-018/219 Foiled CN ¥0.54 EN $0.27
2026-09-29T21:18:06+00:00,https://bilgewatermarket.com/cards,Yeti Brawler,nonfoil,0.06,https://bilgewatermarket.com/cards/UNL-018,normal,https://bilgewatermarket.com/assets/UNL-018-EN-BB0id8KZ.webp,¥0.50,$0.06,,Yeti Brawler UNL-018/219 CN ¥0.50 EN $0.06
2026-09-29T21:18:06+00:00,https://bilgewatermarket.com/cards,Blighted Battleaxe,nonfoil,0.33,https://bilgewatermarket.com/cards/UNL-019,normal,https://bilgewatermarket.com/assets/UNL-019-EN-IfLOj2YF.webp,¥0.64,$0.33,,Blighted Battleaxe UNL-019/219 CN ¥0.64 EN $0.33
2026-09-29T21:18:06+00:00,https://bilgewatermarket.com/cards,Dancing Grenade,nonfoil,0.21,https://bilgewatermarket.com/cards/UNL-020,normal,https://bilgewatermarket.com/assets/UNL-020-EN-BG6DrdpA.webp,¥0.50,$0.21,,Dancing Grenade UNL-020/219 CN ¥0.50 EN $0.21
2026-09-29T21:18:06+00:00,https://bilgewatermarket.com/cards,Grim Apothecary,nonfoil,0.25,https://bilgewatermarket.com/cards/UNL-021,normal,https://bilgewatermarket.com/assets/UNL-021-EN-FBB4bbd0.webp,¥0.84,$0.25,,Grim Apothecary UNL-021/219 CN ¥0.84 EN $0.25
2026-09-29T21:18:06+00:00,https://bilgewatermarket.com/cards,"Jhin, Murderous Artist",nonfoil,0.30,https://bilgewatermarket.com/cards/UNL-022,normal,https://bilgewatermarket.com/assets/UNL-022-EN-n-k2I53n.webp,¥0.91,$0.30,,"Jhin, Murderous Artist UNL-022/219 CN ¥0.91 EN $0.30"
2026-09-29T21:18:06+00:00,https://bilgewatermarket.com/cards,"Jhin, Murderous Artist",nonfoil,7.11,https://bilgewatermarket.com/cards/UNL-022a?print_variation=showcase,showcase,https://bilgewatermarket.com/assets/UNL-022A-EN-CbrHneV0.webp,¥16.39,$7.11,,"Jhin, Murderous Artist UNL-022A/219 Showcase CN ¥16.39 EN $7.11"
2026-09-29T21:18:06+00:00,https://bilgewatermarket.com/cards,"Katarina, Reckless",nonfoil,0.23,https://bilgewatermarket.com/cards/UNL-023,normal,https://bilgewatermarket.com/assets/UNL-023-EN-CIpViq7N.webp,¥0.51,$0.23,,"Katarina, Reckless UNL-023/219 CN ¥0.51 EN $0.23"
2026-09-29T21:18:06+00:00,https://bilgewatermarket.com/cards,"Rengar, Unseen",nonfoil,0.34,https://bilgewatermarket.com/cards/UNL-024,normal,https://bilgewatermarket.com/assets/UNL-024-EN-CYpxJxUB.webp,¥0.73,$0.34,,"Rengar, Unseen UNL-024/219 CN ¥0.73 EN $0.34"
2026-09-29T21:18:06+00:00,https://bilgewatermarket.com/cards,"Rengar, Unseen",nonfoil,2.62,https://bilgewatermarket.com/cards/UNL-024a?print_variation=showcase,showcase,https://bilgewatermarket.com/assets/UNL-024a-EN-CkIZ_u3T.webp,¥4.55,$2.62,,"Rengar, Unseen UNL-024A/219 Showcase CN ¥4.55 EN $2.62"
2026-09-29T21:18:06+00:00,https://bilgewatermarket.com/cards,Undying Legion,nonfoil,0.19,https://bilgewatermarket.com/cards/UNL-025,normal,https://bilgewatermarket.com/assets/UNL-025-EN-BRINnkPv.webp,¥0.62,$0.19,,Undying Legion UNL-025/219 CN ¥0.62 EN $0.19
2026-09-29T21:18:06+00:00,https://bilgewatermarket.com/cards,"Xerath, Freed",nonfoil,0.17,https://bilgewatermarket.com/cards/UNL-026,normal,https://bilgewatermarket.com/assets/UNL-026-EN-BY-wSYk2.webp,¥0.51,$0.17,,"Xerath, Freed UNL-026/219 CN ¥0.51 EN $0.17"
2026-09-29T21:18:06+00:00,https://bilgewatermarket.com/cards,Inviolus Vox,nonfoil,0.55,https://bilgewatermarket.com/cards/UNL-027,normal,https://bilgewatermarket.com/assets/UNL-027-EN-H2fXIwNC.webp,¥1.06,$0.55,,Inviolus Vox UNL-027/219 CN ¥1.06 EN $0.55
2026-09-29T21:18:06+00:00,https://bilgewatermarket.com/cards,"Pyke, Dockside Butcher",nonfoil,14.57,https://bilgewatermarket.com/cards/UNL-028,normal,https://bilgewatermarket.com/assets/UNL-028-EN-SI5gVsXO.webp,¥11.75,$14.57,,"Pyke, Dockside Butcher UNL-028/219 CN ¥11.75 EN $14.57"
2026-09-29T21:18:06+00:00,https://bilgewatermarket.com/cards,"Pyke, Dockside Butcher",nonfoil,18.40,https://bilgewatermarket.com/cards/UNL-028a?print_variation=showcase,showcase,https://bilgewatermarket.com/assets/UNL-028a-EN-CfVRuC65.webp,¥17.75,$18.40,,"Pyke, Dockside Butcher UNL-028A/219 Showcase CN ¥17.75 EN $18.40"
2026-09-29T21:18:06+00:00,https://bilgewatermarket.com/cards,Red Brambleback,nonfoil,1.03,https://bilgewatermarket.com/cards/UNL-029,normal,https://bilgewatermarket.com/assets/UNL-029-EN-DXGcHPC8.webp,¥1.18,$1.03,,Red Brambleback UNL-029/219 CN ¥1.18 EN $1.03
2026-09-29T21:18:06+00:00,https://bilgewatermarket.com/cards,Red Brambleback,nonfoil,2.39,https://bilgewatermarket.com/cards/UNL-029a?print_variation=showcase,showcase,https://bilgewatermarket.com/assets/UNL-029a-EN-DjTliYJa.webp,¥3.19,$2.39,,Red Brambleback UNL-029A/219 Showcase CN ¥3.19 EN $2.39
2026-09-29T21:18:06+00:00,https://bilgewatermarket.com/cards,"Vi, Hotheaded",nonfoil,0.36,https://bilgewatermarket.com/cards/UNL-030,normal,https://bilgewatermarket.com/assets/UNL-030-EN-DbsfM_ea.webp,¥1.33,$0.36,,"Vi, Hotheaded UNL-030/219 CN ¥1.33 EN $0.36"
2026-09-29T21:18:06+00:00,https://bilgewatermarket.com/cards,"Vi, Hotheaded",nonfoil,5.12,https://bilgewatermarket.com/cards/UNL-030a?print_variation=showcase,showcase,https://bilgewatermarket.com/assets/UNL-030A-EN-Dq_3Nz_A.webp,¥2.21,$5.12,,"Vi, Hotheaded UNL-030A/219 Showcase CN ¥2.21 EN $5.12"
2026-09-29T21:18:06+00:00,https://bilgewatermarket.com/cards,Combat Experience,foil,0.11,https://bilgewatermarket.com/cards/UNL-031?print_variation=foiled,foiled,https://bilgewatermarket.com/assets/UNL-031-EN-DcNCiolo.webp,¥0.52,$0.11,,Combat Experience UNL-031/219 Foiled CN ¥0.52 EN $0.11
2026-09-29T21:18:06+00:00,https://bilgewatermarket.com/cards,Combat Experience,nonfoil,0.05,https://bilgewatermarket.com/cards/UNL-031,normal,https://bilgewatermarket.com/assets/UNL-031-EN-DcNCiolo.webp,¥0.50,$0.05,,Combat Experience UNL-031/219 CN ¥0.50 EN $0.05
2026-09-29T21:18:06+00:00,https://bilgewatermarket.com/cards,Double Trouble,foil,0.16,https://bilgewatermarket.com/cards/UNL-032?print_variation=foiled,foiled,https://bilgewatermarket.com/assets/UNL-032-EN-BOjYPd6q.webp,¥0.61,$0.16,,Double Trouble UNL-032/219 Foiled CN ¥0.61 EN $0.16
2026-09-29T21:18:06+00:00,https://bilgewatermarket.com/cards,Double Trouble,nonfoil,0.07,https://bilgewatermarket.com/cards/UNL-032,normal,https://bilgewatermarket.com/assets/UNL-032-EN-BOjYPd6q.webp,¥0.50,$0.07,,Double Trouble UNL-032/219 CN ¥0.50 EN $0.07
2026-09-29T21:18:06+00:00,https://bilgewatermarket.com/cards,Frisky Hunter,foil,0.22,https://bilgewatermarket.com/cards/UNL-033?print_variation=foiled,foiled,https://bilgewatermarket.com/assets/UNL-033-EN-BKds2bYj.webp,¥0.89,$0.22,,Frisky Hunter UNL-033/219 Foiled CN ¥0.89 EN $0.22
2026-09-29T21:18:06+00:00,https://bilgewatermarket.com/cards,Frisky Hunter,nonfoil,0.06,https://bilgewatermarket.com/cards/UNL-033,normal,https://bilgewatermarket.com/assets/UNL-033-EN-BKds2bYj.webp,¥0.50,$0.06,,Frisky Hunter UNL-033/219 CN ¥0.50 EN $0.06
2026-09-29T21:18:06+00:00,https://bilgewatermarket.com/cards,Herald of Spring,foil,0.18,https://bilgewatermarket.com/cards/UNL-034?print_variation=foiled,foiled,https://bilgewatermarket.com/assets/UNL-034-EN-Ck9gji2L.webp,¥0.61,$0.18,,Herald of Spring UNL-034/219 Foiled CN ¥0.61 EN $0.18
2026-09-29T21:18:06+00:00,https://bilgewatermarket.com/cards,Herald of Spring,nonfoil,0.06,https://bilgewatermarket.com/cards/UNL-034,normal,https://bilgewatermarket.com/assets/UNL-034-EN-Ck9gji2L.webp,¥0.52,$0.06,,Herald of Spring UNL-034/219 CN ¥0.52 EN $0.06
2026-09-29T21:18:06+00:00,https://bilgewatermarket.com/cards,Monch,foil,0.14,https://bilgewatermarket.com/cards/UNL-035?print_variation=foiled,foiled,https://bilgewatermarket.com/assets/UNL-035-EN-uM_-uM0w.webp,¥0.60,$0.14,,Monch UNL-035/219 Foiled CN ¥0.60 EN $0.14
2026-09-29T21:18:06+00:00,https://bilgewatermarket.com/cards,Monch,nonfoil,0.05,https://bilgewatermarket.com/cards/UNL-035,normal,https://bilgewatermarket.com/assets/UNL-035-EN-uM_-uM0w.webp,¥0.50,$0.05,,Monch UNL-035/219 CN ¥0.50 EN $0.05
2026-09-29T21:18:06+00:00,https://bilgewatermarket.com/cards,Mutated Mouser,foil,0.27,https://bilgewatermarket.com/cards/UNL-036?print_variation=foiled,foiled,https://bilgewatermarket.com/assets/UNL-036-EN-Bku3wAWV.webp,¥1.11,$0.27,,Mutated Mouser UNL-036/219 Foiled CN ¥1.11 EN $0.27
2026-09-29T21:18:06+00:00,https://bilgewatermarket.com/cards,Mutated Mouser,nonfoil,0.09,https://bilgewatermarket.com/cards/UNL-036,normal,https://bilgewatermarket.com/assets/UNL-036-EN-Bku3wAWV.webp,¥0.54,$0.09,,Mutated Mouser UNL-036/219 CN ¥0.54 EN $0.09
2026-09-29T21:18:06+00:00,https://bilgewatermarket.com/cards,Shadow Watcher,foil,0.15,https://bilgewatermarket.com/cards/UNL-037?print_variation=foiled,foiled,https://bilgewatermarket.com/assets/UNL-037-EN-DJxe6NSs.webp,¥0.50,$0.15,,Shadow Watcher UNL-037/219 Foiled CN ¥0.50 EN $0.15
2026-09-29T21:18:06+00:00,https://bilgewatermarket.com/cards,Shadow Watcher,nonfoil,0.05,https://bilgewatermarket.com/cards/UNL-037,normal,https://bilgewatermarket.com/assets/UNL-037-EN-DJxe6NSs.webp,¥0.50,$0.05,,Shadow Watcher UNL-037/219 CN ¥0.50 EN $0.05
2026-09-29T21:18:06+00:00,https://bilgewatermarket.com/cards,Skyward Strike,foil,0.23,https://bilgewatermarket.com/cards/UNL-038?print_variation=foiled,foiled,https://bilgewatermarket.com/assets/UNL-038-EN-Db8QhD6T.webp,¥1.03,$0.23,,Skyward Strike UNL-038/219 Foiled CN ¥1.03 EN $0.23
2026-09-29T21:18:06+00:00,https://bilgewatermarket.com/cards,Skyward Strike,nonfoil,0.09,https://bilgewatermarket.com/cards/UNL-038,normal,https://bilgewatermarket.com/assets/UNL-038-EN-Db8QhD6T.webp,¥0.50,$0.09,,Skyward Strike UNL-038/219 CN ¥0.50 EN $0.09
2026-09-29T21:18:06+00:00,https://bilgewatermarket.com/cards,Soul Sword,foil,0.26,https://bilgewatermarket.com/cards/UNL-039?print_variation=foiled,foiled,https://bilgewatermarket.com/assets/UNL-039-EN-LuonHqwB.webp,¥0.93,$0.26,,Soul Sword UNL-039/219 Foiled CN ¥0.93 EN $0.26
2026-09-29T21:18:06+00:00,https://bilgewatermarket.com/cards,Soul Sword,nonfoil,0.07,https://bilgewatermarket.com/cards/UNL-039,normal,https://bilgewatermarket.com/assets/UNL-039-EN-LuonHqwB.webp,¥0.51,$0.07,,Soul Sword UNL-039/219 CN ¥0.51 EN $0.07
2026-09-29T21:18:06+00:00,https://bilgewatermarket.com/cards,Wuju Apprentice,foil,0.16,https://bilgewatermarket.com/cards/UNL-040?print_variation=foiled,foiled,https://bilgewatermarket.com/assets/UNL-040-EN-DVqrXEo3.webp,¥0.71,$0.16,,Wuju Apprentice UNL-040/219 Foiled CN ¥0.71 EN $0.16
2026-09-29T21:18:06+00:00,https://bilgewatermarket.com/cards,Wuju Apprentice,nonfoil,0.08,https://bilgewatermarket.com/cards/UNL-040,normal,https://bilgewatermarket.com/assets/UNL-040-EN-DVqrXEo3.webp,¥0.50,$0.08,,Wuju Apprentice UNL-040/219 CN ¥0.50 EN $0.08
2026-09-29T21:18:06+00:00,https://bilgewatermarket.com/cards,"Allay, Eager Admirer",foil,0.43,https://bilgewatermarket.com/cards/UNL-041?print_variation=foiled,foiled,https://bilgewatermarket.com/assets/UNL-041-EN-NXNqRn-y.webp,¥1.23,$0.43,,"Allay, Eager Admirer UNL-041/219 Foiled CN ¥1.23 EN $0.43"
2026-09-29T21:18:06+00:00,https://bilgewatermarket.com/cards,"Allay, Eager Admirer",nonfoil,0.13,https://bilgewatermarket.com/cards/UNL-041,normal,https://bilgewatermarket.com/assets/UNL-041-EN-NXNqRn-y.webp,¥0.54,$0.13,,"Allay, Eager Admirer UNL-041/219 CN ¥0.54 EN $0.13"
2026-09-29T21:18:06+00:00,https://bilgewatermarket.com/cards,Back Off,foil,1.50,https://bilgewatermarket.com/cards/UNL-042?print_variation=foiled,foiled,https://bilgewatermarket.com/assets/UNL-042-EN-Buern1l2.webp,¥6.77,$1.50,,Back Off UNL-042/219 Foiled CN ¥6.77 EN $1.50
2026-09-29T21:18:06+00:00,https://bilgewatermarket.com/cards,Back Off,nonfoil,0.29,https://bilgewatermarket.com/cards/UNL-042,normal,https://bilgewatermarket.com/assets/UNL-042-EN-Buern1l2.webp,¥2.02,$0.29,,Back Off UNL-042/219 CN ¥2.02 EN $0.29
2026-09-29T21:18:06+00:00,https://bilgewatermarket.com/cards,Enthusiastic Promoter,foil,0.21,https://bilgewatermarket.com/cards/UNL-043?print_variation=foiled,foiled,https://bilgewatermarket.com/assets/UNL-043-EN-Rhl5y_aE.webp,¥0.50,$0.21,,Enthusiastic Promoter UNL-043/219 Foiled CN ¥0.50 EN $0.21
2026-09-29T21:18:06+00:00,https://bilgewatermarket.com/cards,Enthusiastic Promoter,nonfoil,0.08,https://bilgewatermarket.com/cards/UNL-043,normal,https://bilgewatermarket.com/assets/UNL-043-EN-Rhl5y_aE.webp,¥0.50,$0.08,,Enthusiastic Promoter UNL-043/219 CN ¥0.50 EN $0.08
2026-09-29T21:18:06+00:00,https://bilgewatermarket.com/cards,Flurry of Feathers,foil,0.45,https://bilgewatermarket.com/cards/UNL-044?print_variation=foiled,foiled,https://bilgewatermarket.com/assets/UNL-044-EN-0dmkpnLh.webp,¥2.74,$0.45,,Flurry of Feathers UNL-044/219 Foiled CN ¥2.74 EN $0.45
2026-09-29T21:18:06+00:00,https://bilgewatermarket.com/cards,Flurry of Feathers,nonfoil,0.18,https://bilgewatermarket.com/cards/UNL-044,normal,https://bilgewatermarket.com/assets/UNL-044-EN-0dmkpnLh.webp,¥0.88,$0.18,,Flurry of Feathers UNL-044/219 CN ¥0.88 EN $0.18
2026-09-29T21:18:06+00:00,https://bilgewatermarket.com/cards,Forgotten Signpost,foil,0.34,https://bilgewatermarket.com/cards/UNL-045?print_variation=foiled,foiled,https://bilgewatermarket.com/assets/UNL-045-EN-COEbARo5.webp,¥1.20,$0.34,,Forgotten Signpost UNL-045/219 Foiled CN ¥1.20 EN $0.34
2026-09-29T21:18:06+00:00,https://bilgewatermarket.com/cards,Forgotten Signpost,nonfoil,0.14,https://bilgewatermarket.com/cards/UNL-045,normal,https://bilgewatermarket.com/assets/UNL-045-EN-COEbARo5.webp,¥0.72,$0.14,,Forgotten Signpost UNL-045/219 CN ¥0.72 EN $0.14
2026-09-29T21:18:06+00:00,https://bilgewatermarket.com/cards,Friendship,foil,0.33,https://bilgewatermarket.com/cards/UNL-046?print_variation=foiled,foiled,https://bilgewatermarket.com/assets/UNL-046-EN-BW2olehp.webp,¥1.58,$0.33,,Friendship UNL-046/219 Foiled CN ¥1.58 EN $0.33
2026-09-29T21:18:06+00:00,https://bilgewatermarket.com/cards,Friendship,nonfoil,0.17,https://bilgewatermarket.com/cards/UNL-046,normal,https://bilgewatermarket.com/assets/UNL-046-EN-BW2olehp.webp,¥0.58,$0.17,,Friendship UNL-046/219 CN ¥0.58 EN $0.17
2026-09-29T21:18:06+00:00,https://bilgewatermarket.com/cards,Mosstomper,foil,0.28,https://bilgewatermarket.com/cards/UNL-047?print_variation=foiled,foiled,https://bilgewatermarket.com/assets/UNL-047-EN-By0s-ZLa.webp,¥0.50,$0.28,,Mosstomper UNL-047/219 Foiled CN ¥0.50 EN $0.28
2026-09-29T21:18:06+00:00,https://bilgewatermarket.com/cards,Mosstomper,nonfoil,0.07,https://bilgewatermarket.com/cards/UNL-047,normal,https://bilgewatermarket.com/assets/UNL-047-EN-By0s-ZLa.webp,¥0.50,$0.07,,Mosstomper UNL-047/219 CN ¥0.50 EN $0.07
2026-09-29T21:18:06+00:00,https://bilgewatermarket.com/cards,Trevor Snoozebottom,foil,0.21,https://bilgewatermarket.com/cards/UNL-048?print_variation=foiled,foiled,https://bilgewatermarket.com/assets/UNL-048-EN-BId4iV5T.webp,¥1.21,$0.21,,Trevor Snoozebottom UNL-048/219 Foiled CN ¥1.21 EN $0.21
2026-09-29T21:18:06+00:00,https://bilgewatermarket.com/cards,Trevor Snoozebottom,nonfoil,0.10,https://bilgewatermarket.com/cards/UNL-048,normal,https://bilgewatermarket.com/assets/UNL-048-EN-BId4iV5T.webp,¥0.54,$0.10,,Trevor Snoozebottom UNL-048/219 CN ¥0.54 EN $0.10
2026-09-29T21:18:06+00:00,https://bilgewatermarket.com/cards,Honeyfruit,nonfoil,0.20,https://bilgewatermarket.com/cards/UNL-049,normal,https://bilgewatermarket.com/assets/UNL-049-EN-BKOQBB8R.webp,¥1.13,$0.20,,Honeyfruit UNL-049/219 CN ¥1.13 EN $0.20
2026-09-29T21:18:06+00:00,https://bilgewatermarket.com/cards,Iascylla,nonfoil,0.16,https://bilgewatermarket.com/cards/UNL-050,normal,https://bilgewatermarket.com/assets/UNL-050-EN-BjvNso48.webp,¥0.50,$0.16,,Iascylla UNL-050/219 CN ¥0.50 EN $0.16
2026-09-29T21:18:06+00:00,https://bilgewatermarket.com/cards,"Ivern, Nurturer",nonfoil,0.18,https://bilgewatermarket.com/cards/UNL-051,normal,https://bilgewatermarket.com/assets/UNL-051-EN-Do8PHT-3.webp,¥0.54,$0.18,,"Ivern, Nurturer UNL-051/219 CN ¥0.54 EN $0.18"
2026-09-29T21:18:06+00:00,https://bilgewatermarket.com/cards,"Ivern, Nurturer",nonfoil,2.35,https://bilgewatermarket.com/cards/UNL-051a?print_variation=showcase,showcase,https://bilgewatermarket.com/assets/UNL-051A-EN-LSfJSKRl.webp,¥2.05,$2.35,,"Ivern, Nurturer UNL-051A/219 Showcase CN ¥2.05 EN $2.35"
2026-09-29T21:18:06+00:00,https://bilgewatermarket.com/cards,"Nami, Headstrong",nonfoil,0.31,https://bilgewatermarket.com/cards/UNL-052,normal,https://bilgewatermarket.com/assets/UNL-052-EN-C3Cxj-wz.webp,¥0.97,$0.31,,"Nami, Headstrong UNL-052/219 CN ¥0.97 EN $0.31"
2026-09-29T21:18:06+00:00,https://bilgewatermarket.com/cards,Scuttle Crab,nonfoil,4.71,https://bilgewatermarket.com/cards/UNL-053,normal,https://bilgewatermarket.com/assets/UNL-053-EN-B_4pY2K1.webp,¥17.88,$4.71,,Scuttle Crab UNL-053/219 CN ¥17.88 EN $4.71
2026-09-29T21:18:06+00:00,https://bilgewatermarket.com/cards,Tricksy Tentacles,nonfoil,0.27,https://bilgewatermarket.com/cards/UNL-054,normal,https://bilgewatermarket.com/assets/UNL-054-EN-a_y_-az3.webp,¥0.66,$0.27,,Tricksy Tentacles UNL-054/219 CN ¥0.66 EN $0.27
2026-09-29T21:18:06+00:00,https://bilgewatermarket.com/cards,"Vex, Mocking",nonfoil,0.18,https://bilgewatermarket.com/cards/UNL-055,normal,https://bilgewatermarket.com/assets/UNL-055-EN-Bm-HvfJO.webp,¥0.54,$0.18,,"Vex, Mocking UNL-055/219 CN ¥0.54 EN $0.18"
2026-09-29T21:18:06+00:00,https://bilgewatermarket.com/cards,"Vex, Mocking",nonfoil,2.33,https://bilgewatermarket.com/cards/UNL-055a?print_variation=showcase,showcase,https://bilgewatermarket.com/assets/UNL-055a-EN-CY2pbK3d.webp,¥3.13,$2.33,,"Vex, Mocking UNL-055A/219 Showcase CN ¥3.13 EN $2.33"
2026-09-29T21:18:06+00:00,https://bilgewatermarket.com/cards,"Yuumi, Magical Cat",nonfoil,0.20,https://bilgewatermarket.com/cards/UNL-056,normal,https://bilgewatermarket.com/assets/UNL-056-EN-B1w1m3yk.webp,¥0.78,$0.20,,"Yuumi, Magical Cat UNL-056/219 CN ¥0.78 EN $0.20"
2026-09-29T21:18:06+00:00,https://bilgewatermarket.com/cards,Alpha Wildclaw,nonfoil,0.76,https://bilgewatermarket.com/cards/UNL-057,normal,https://bilgewatermarket.com/assets/UNL-057-EN-C74Gh3Ub.webp,¥3.52,$0.76,,Alpha Wildclaw UNL-057/219 CN ¥3.52 EN $0.76
2026-09-29T21:18:06+00:00,https://bilgewatermarket.com/cards,"Lillia, Protector of Dreams",nonfoil,0.59,https://bilgewatermarket.com/cards/UNL-058,normal,https://bilgewatermarket.com/assets/UNL-058-EN-BcGzJVH9.webp,¥2.46,$0.59,,"Lillia, Protector of Dreams UNL-058/219 CN ¥2.46 EN $0.59"
2026-09-29T21:18:06+00:00,https://bilgewatermarket.com/cards,"Lillia, Protector of Dreams",nonfoil,7.71,https://bilgewatermarket.com/cards/UNL-058a?print_variation=showcase,showcase,https://bilgewatermarket.com/assets/UNL-058A-EN-CG9hoIX4.webp,¥5.41,$7.71,,"Lillia, Protector of Dreams UNL-058A/219 Showcase CN ¥5.41 EN $7.71"
2026-09-29T21:18:06+00:00,https://bilgewatermarket.com/cards,"Master Yi, Unstoppable",nonfoil,0.99,https://bilgewatermarket.com/cards/UNL-059,normal,https://bilgewatermarket.com/assets/UNL-059-EN-Dk7qRV9R.webp,¥4.04,$0.99,,"Master Yi, Unstoppable UNL-059/219 CN ¥4.04 EN $0.99"
2026-09-29T21:18:06+00:00,https://bilgewatermarket.com/cards,"Master Yi, Unstoppable",nonfoil,3.28,https://bilgewatermarket.com/cards/UNL-059a?print_variation=showcase,showcase,https://bilgewatermarket.com/assets/UNL-059A-EN-CQk9HuBe.webp,¥9.55,$3.28,,"Master Yi, Unstoppable UNL-059A/219 Showcase CN ¥9.55 EN $3.28"
2026-09-29T21:18:06+00:00,https://bilgewatermarket.com/cards,Vilemaw,nonfoil,19.15,https://bilgewatermarket.com/cards/UNL-060,normal,https://bilgewatermarket.com/assets/UNL-060-EN-BUcVHge1.webp,¥38.78,$19.15,,Vilemaw UNL-060/219 CN ¥38.78 EN $19.15
2026-09-29T21:18:06+00:00,https://bilgewatermarket.com/cards,Vilemaw,nonfoil,22.81,https://bilgewatermarket.com/cards/UNL-060a?print_variation=showcase,showcase,https://bilgewatermarket.com/assets/UNL-060A-EN-BCQMqWKV.webp,¥48.08,$22.81,,Vilemaw UNL-060A/219 Showcase CN ¥48.08 EN $22.81
2026-09-29T21:18:06+00:00,https://bilgewatermarket.com/cards,Downstage Dramatics,foil,0.23,https://bilgewatermarket.com/cards/UNL-061?print_variation=foiled,foiled,https://bilgewatermarket.com/assets/UNL-061-EN-tm1hOwmc.webp,¥1.00,$0.23,,Downstage Dramatics UNL-061/219 Foiled CN ¥1.00 EN $0.23
2026-09-29T21:18:06+00:00,https://bilgewatermarket.com/cards,Downstage Dramatics,nonfoil,0.07,https://bilgewatermarket.com/cards/UNL-061,normal,https://bilgewatermarket.com/assets/UNL-061-EN-tm1hOwmc.webp,¥0.50,$0.07,,Downstage Dramatics UNL-061/219 CN ¥0.50 EN $0.07
2026-09-29T21:18:06+00:00,https://bilgewatermarket.com/cards,Dramatic Visionary,foil,0.17,https://bilgewatermarket.com/cards/UNL-062?print_variation=foiled,foiled,https://bilgewatermarket.com/assets/UNL-062-EN-BizGwpBK.webp,¥0.50,$0.17,,Dramatic Visionary UNL-062/219 Foiled CN ¥0.50 EN $0.17
2026-09-29T21:18:06+00:00,https://bilgewatermarket.com/cards,Dramatic Visionary,nonfoil,0.05,https://bilgewatermarket.com/cards/UNL-062,normal,https://bilgewatermarket.com/assets/UNL-062-EN-BizGwpBK.webp,¥0.51,$0.05,,Dramatic Visionary UNL-062/219 CN ¥0.51 EN $0.05
2026-09-29T21:18:06+00:00,https://bilgewatermarket.com/cards,Eclipse,foil,0.31,https://bilgewatermarket.com/cards/UNL-063?print_variation=foiled,foiled,https://bilgewatermarket.com/assets/UNL-063-EN-Blu5QzRZ.webp,¥1.92,$0.31,,Eclipse UNL-063/219 Foiled CN ¥1.92 EN $0.31
2026-09-29T21:18:06+00:00,https://bilgewatermarket.com/cards,Eclipse,nonfoil,0.14,https://bilgewatermarket.com/cards/UNL-063,normal,https://bilgewatermarket.com/assets/UNL-063-EN-Blu5QzRZ.webp,¥0.53,$0.14,,Eclipse UNL-063/219 CN ¥0.53 EN $0.14
2026-09-29T21:18:06+00:00,https://bilgewatermarket.com/cards,Fate Weaver,foil,0.11,https://bilgewatermarket.com/cards/UNL-064?print_variation=foiled,foiled,https://bilgewatermarket.com/assets/UNL-064-EN-CpmHBHPZ.webp,¥0.50,$0.11,,Fate Weaver UNL-064/219 Foiled CN ¥0.50 EN $0.11
2026-09-29T21:18:06+00:00,https://bilgewatermarket.com/cards,Fate Weaver,nonfoil,0.04,https://bilgewatermarket.com/cards/UNL-064,normal,https://bilgewatermarket.com/assets/UNL-064-EN-CpmHBHPZ.webp,¥0.50,$0.04,,Fate Weaver UNL-064/219 CN ¥0.50 EN $0.04
2026-09-29T21:18:06+00:00,https://bilgewatermarket.com/cards,Icevale Archer,foil,0.14,https://bilgewatermarket.com/cards/UNL-065?print_variation=foiled,foiled,https://bilgewatermarket.com/assets/UNL-065-EN-Dyqtymor.webp,¥0.50,$0.14,,Icevale Archer UNL-065/219 Foiled CN ¥0.50 EN $0.14
2026-09-29T21:18:06+00:00,https://bilgewatermarket.com/cards,Icevale Archer,nonfoil,0.06,https://bilgewatermarket.com/cards/UNL-065,normal,https://bilgewatermarket.com/assets/UNL-065-EN-Dyqtymor.webp,¥0.51,$0.06,,Icevale Archer UNL-065/219 CN ¥0.51 EN $0.06
2026-09-29T21:18:06+00:00,https://bilgewatermarket.com/cards,Moonlight Affliction,foil,0.16,https://bilgewatermarket.com/cards/UNL-066?print_variation=foiled,foiled,https://bilgewatermarket.com/assets/UNL-066-EN-BZqDZFpx.webp,¥0.90,$0.16,,Moonlight Affliction UNL-066/219 Foiled CN ¥0.90 EN $0.16
2026-09-29T21:18:06+00:00,https://bilgewatermarket.com/cards,Moonlight Affliction,nonfoil,0.04,https://bilgewatermarket.com/cards/UNL-066,normal,https://bilgewatermarket.com/assets/UNL-066-EN-BZqDZFpx.webp,¥0.50,$0.04,,Moonlight Affliction UNL-066/219 CN ¥0.50 EN $0.04
2026-09-29T21:18:06+00:00,https://bilgewatermarket.com/cards,Ruined Rex,foil,0.26,https://bilgewatermarket.com/cards/UNL-067?print_variation=foiled,foiled,https://bilgewatermarket.com/assets/UNL-067-EN-VCtsAkY8.webp,¥1.16,$0.26,,Ruined Rex UNL-067/219 Foiled CN ¥1.16 EN $0.26
2026-09-29T21:18:06+00:00,https://bilgewatermarket.com/cards,Ruined Rex,nonfoil,0.08,https://bilgewatermarket.com/cards/UNL-067,normal,https://bilgewatermarket.com/assets/UNL-067-EN-VCtsAkY8.webp,¥0.55,$0.08,,Ruined Rex UNL-067/219 CN ¥0.55 EN $0.08
2026-09-29T21:18:06+00:00,https://bilgewatermarket.com/cards,Spectral Centaur,foil,0.13,https://bilgewatermarket.com/cards/UNL-068?print_variation=foiled,foiled,https://bilgewatermarket.com/assets/UNL-068-EN-CF86_zxr.webp,¥0.50,$0.13,,Spectral Centaur UNL-068/219 Foiled CN ¥0.50 EN $0.13
2026-09-29T21:18:06+00:00,https://bilgewatermarket.com/cards,Spectral Centaur,nonfoil,0.06,https://bilgewatermarket.com/cards/UNL-068,normal,https://bilgewatermarket.com/assets/UNL-068-EN-CF86_zxr.webp,¥0.50,$0.06,,Spectral Centaur UNL-068/219 CN ¥0.50 EN $0.06
2026-09-29T21:18:06+00:00,https://bilgewatermarket.com/cards,Sprite Burst,foil,0.28,https://bilgewatermarket.com/cards/UNL-069?print_variation=foiled,foiled,https://bilgewatermarket.com/assets/UNL-069-EN-nzdFEtn2.webp,¥2.15,$0.28,,Sprite Burst UNL-069/219 Foiled CN ¥2.15 EN $0.28
2026-09-29T21:18:06+00:00,https://bilgewatermarket.com/cards,Sprite Burst,nonfoil,0.12,https://bilgewatermarket.com/cards/UNL-069,normal,https://bilgewatermarket.com/assets/UNL-069-EN-nzdFEtn2.webp,¥0.57,$0.12,,Sprite Burst UNL-069/219 CN ¥0.57 EN $0.12
2026-09-29T21:18:06+00:00,https://bilgewatermarket.com/cards,Turn to Dust,foil,0.84,https://bilgewatermarket.com/cards/UNL-070?print_variation=foiled,foiled,https://bilgewatermarket.com/assets/UNL-070-EN-Dfd5N5TK.webp,¥1.97,$0.84,,Turn to Dust UNL-070/219 Foiled CN ¥1.97 EN $0.84
2026-09-29T21:18:06+00:00,https://bilgewatermarket.com/cards,Turn to Dust,nonfoil,0.13,https://bilgewatermarket.com/cards/UNL-070,normal,https://bilgewatermarket.com/assets/UNL-070-EN-Dfd5N5TK.webp,¥0.57,$0.13,,Turn to Dust UNL-070/219 CN ¥0.57 EN $0.13
2026-09-29T21:18:06+00:00,https://bilgewatermarket.com/cards,Chakram Dancer,foil,0.22,https://bilgewatermarket.com/cards/UNL-071?print_variation=foiled,foiled,https://bilgewatermarket.com/assets/UNL-071-EN-B-mjlYQn.webp,¥0.93,$0.22,,Chakram Dancer UNL-071/219 Foiled CN ¥0.93 EN $0.22
2026-09-29T21:18:06+00:00,https://bilgewatermarket.com/cards,Chakram Dancer,nonfoil,0.11,https://bilgewatermarket.com/cards/UNL-071,normal,https://bilgewatermarket.com/assets/UNL-071-EN-B-mjlYQn.webp,¥0.51,$0.11,,Chakram Dancer UNL-071/219 CN ¥0.51 EN $0.11
2026-09-29T21:18:06+00:00,https://bilgewatermarket.com/cards,Crescent Strike,foil,0.24,https://bilgewatermarket.com/cards/UNL-072?print_variation=foiled,foiled,https://bilgewatermarket.com/assets/UNL-072-EN-Bf53vKDM.webp,¥1.36,$0.24,,Crescent Strike UNL-072/219 Foiled CN ¥1.36 EN $0.24
2026-09-29T21:18:06+00:00,https://bilgewatermarket.com/cards,Crescent Strike,nonfoil,0.13,https://bilgewatermarket.com/cards/UNL-072,normal,https://bilgewatermarket.com/assets/UNL-072-EN-Bf53vKDM.webp,¥0.52,$0.13,,Crescent Strike UNL-072/219 CN ¥0.52 EN $0.13
2026-09-29T21:18:06+00:00,https://bilgewatermarket.com/cards,Deadly Flourish,foil,5.37,https://bilgewatermarket.com/cards/UNL-073?print_variation=foiled,foiled,https://bilgewatermarket.com/assets/UNL-073-EN-C5jm9cDL.webp,¥3.53,$5.37,,Deadly Flourish UNL-073/219 Foiled CN ¥3.53 EN $5.37
2026-09-29T21:18:06+00:00,https://bilgewatermarket.com/cards,Deadly Flourish,nonfoil,0.29,https://bilgewatermarket.com/cards/UNL-073,normal,https://bilgewatermarket.com/assets/UNL-073-EN-C5jm9cDL.webp,¥0.89,$0.29,,Deadly Flourish UNL-073/219 CN ¥0.89 EN $0.29
2026-09-29T21:18:06+00:00,https://bilgewatermarket.com/cards,Frigid Jewel,foil,0.48,https://bilgewatermarket.com/cards/UNL-074?print_variation=foiled,foiled,https://bilgewatermarket.com/assets/UNL-074-EN-DhLBIaAJ.webp,¥1.11,$0.48,,Frigid Jewel UNL-074/219 Foiled CN ¥1.11 EN $0.48
2026-09-29T21:18:06+00:00,https://bilgewatermarket.com/cards,Frigid Jewel,nonfoil,0.12,https://bilgewatermarket.com/cards/UNL-074,normal,https://bilgewatermarket.com/assets/UNL-074-EN-DhLBIaAJ.webp,¥0.51,$0.12,,Frigid Jewel UNL-074/219 CN ¥0.51 EN $0.12
2026-09-29T21:18:06+00:00,https://bilgewatermarket.com/cards,Gustwalker,foil,0.25,https://bilgewatermarket.com/cards/UNL-075?print_variation=foiled,foiled,https://bilgewatermarket.com/assets/UNL-075-EN-DMd-ptQm.webp,¥0.70,$0.25,,Gustwalker UNL-075/219 Foiled CN ¥0.70 EN $0.25
2026-09-29T21:18:06+00:00,https://bilgewatermarket.com/cards,Gustwalker,nonfoil,0.10,https://bilgewatermarket.com/cards/UNL-075,normal,https://bilgewatermarket.com/assets/UNL-075-EN-DMd-ptQm.webp,¥0.50,$0.10,,Gustwalker UNL-075/219 CN ¥0.50 EN $0.10
2026-09-29T21:18:06+00:00,https://bilgewatermarket.com/cards,Petal Pixie,foil,0.25,https://bilgewatermarket.com/cards/UNL-076?print_variation=foiled,foiled,https://bilgewatermarket.com/assets/UNL-076-EN-BfONaq_I.webp,¥1.00,$0.25,,Petal Pixie UNL-076/219 Foiled CN ¥1.00 EN $0.25
2026-09-29T21:18:06+00:00,https://bilgewatermarket.com/cards,Petal Pixie,nonfoil,0.11,https://bilgewatermarket.com/cards/UNL-076,normal,https://bilgewatermarket.com/assets/UNL-076-EN-BfONaq_I.webp,¥0.53,$0.11,,Petal Pixie UNL-076/219 CN ¥0.53 EN $0.11
2026-09-29T21:18:06+00:00,https://bilgewatermarket.com/cards,Soul Shepherd,foil,0.30,https://bilgewatermarket.com/cards/UNL-077?print_variation=foiled,foiled,https://bilgewatermarket.com/assets/UNL-077-EN-DuzYbmwh.webp,¥0.61,$0.30,,Soul Shepherd UNL-077/219 Foiled CN ¥0.61 EN $0.30
2026-09-29T21:18:06+00:00,https://bilgewatermarket.com/cards,Soul Shepherd,nonfoil,0.13,https://bilgewatermarket.com/cards/UNL-077,normal,https://bilgewatermarket.com/assets/UNL-077-EN-DuzYbmwh.webp,¥0.57,$0.13,,Soul Shepherd UNL-077/219 CN ¥0.57 EN $0.13
2026-09-29T21:18:06+00:00,https://bilgewatermarket.com/cards,Sprite Fountain,foil,7.74,https://bilgewatermarket.com/cards/UNL-078?print_variation=foiled,foiled,https://bilgewatermarket.com/assets/UNL-078-EN-DLS_b69H.webp,¥5.37,$7.74,,Sprite Fountain UNL-078/219 Foiled CN ¥5.37 EN $7.74
2026-09-29T21:18:06+00:00,https://bilgewatermarket.com/cards,Sprite Fountain,nonfoil,3.42,https://bilgewatermarket.com/cards/UNL-078,normal,https://bilgewatermarket.com/assets/UNL-078-EN-DLS_b69H.webp,¥1.99,$3.42,,Sprite Fountain UNL-078/219 CN ¥1.99 EN $3.42
2026-09-29T21:18:06+00:00,https://bilgewatermarket.com/cards,"Diana, Lunari",nonfoil,0.18,https://bilgewatermarket.com/cards/UNL-079,normal,https://bilgewatermarket.com/assets/UNL-079-EN-DCLt2sli.webp,¥0.94,$0.18,,"Diana, Lunari UNL-079/219 CN ¥0.94 EN $0.18"
2026-09-29T21:18:06+00:00,https://bilgewatermarket.com/cards,"Diana, Lunari",nonfoil,5.84,https://bilgewatermarket.com/cards/UNL-079a?print_variation=showcase,showcase,https://bilgewatermarket.com/assets/UNL-079a-EN-C-UIvsBz.webp,¥12.05,$5.84,,"Diana, Lunari UNL-079A/219 Showcase CN ¥12.05 EN $5.84"
2026-09-29T21:18:06+00:00,https://bilgewatermarket.com/cards,"Hwei, Brooding Painter",nonfoil,3.18,https://bilgewatermarket.com/cards/UNL-080,normal,https://bilgewatermarket.com/assets/UNL-080-EN-cpnGEpWi.webp,¥2.44,$3.18,,"Hwei, Brooding Painter UNL-080/219 CN ¥2.44 EN $3.18"
2026-09-29T21:18:06+00:00,https://bilgewatermarket.com/cards,Keeper of Masks,nonfoil,0.16,https://bilgewatermarket.com/cards/UNL-081,normal,https://bilgewatermarket.com/assets/UNL-081-EN-BD2ihnle.webp,¥0.62,$0.16,,Keeper of Masks UNL-081/219 CN ¥0.62 EN $0.16
2026-09-29T21:18:06+00:00,https://bilgewatermarket.com/cards,"Lillia, Fae Fawn",nonfoil,0.43,https://bilgewatermarket.com/cards/UNL-082,normal,https://bilgewatermarket.com/assets/UNL-082-EN-D4h2dWaw.webp,¥0.71,$0.43,,"Lillia, Fae Fawn UNL-082/219 CN ¥0.71 EN $0.43"
2026-09-29T21:18:06+00:00,https://bilgewatermarket.com/cards,"Lillia, Fae Fawn",nonfoil,9.27,https://bilgewatermarket.com/cards/UNL-082a?print_variation=showcase,showcase,https://bilgewatermarket.com/assets/UNL-082a-EN-BGn8VW3r.webp,¥13.94,$9.27,,"Lillia, Fae Fawn UNL-082A/219 Showcase CN ¥13.94 EN $9.27"
2026-09-29T21:18:06+00:00,https://bilgewatermarket.com/cards,Smoke and Mirrors,nonfoil,0.61,https://bilgewatermarket.com/cards/UNL-083,normal,https://bilgewatermarket.com/assets/UNL-083-EN-gBPEIMmK.webp,¥1.27,$0.61,,Smoke and Mirrors UNL-083/219 CN ¥1.27 EN $0.61
2026-09-29T21:18:06+00:00,https://bilgewatermarket.com/cards,Sprite Queen,nonfoil,0.23,https://bilgewatermarket.com/cards/UNL-084,normal,https://bilgewatermarket.com/assets/UNL-084-EN-X2XeQDWh.webp,¥1.40,$0.23,,Sprite Queen UNL-084/219 CN ¥1.40 EN $0.23
2026-09-29T21:18:06+00:00,https://bilgewatermarket.com/cards,Sumpworks Map,nonfoil,0.16,https://bilgewatermarket.com/cards/UNL-085,normal,https://bilgewatermarket.com/assets/UNL-085-EN-lI2aHH3Y.webp,¥0.62,$0.16,,Sumpworks Map UNL-085/219 CN ¥0.62 EN $0.16
2026-09-29T21:18:06+00:00,https://bilgewatermarket.com/cards,"Zilean, Time Mage",nonfoil,0.19,https://bilgewatermarket.com/cards/UNL-086,normal,https://bilgewatermarket.com/assets/UNL-086-EN-82c5Y-k9.webp,¥0.51,$0.19,,"Zilean, Time Mage UNL-086/219 CN ¥0.51 EN $0.19"
2026-09-29T21:18:06+00:00,https://bilgewatermarket.com/cards,Blue Sentinel,nonfoil,3.18,https://bilgewatermarket.com/cards/UNL-087,normal,https://bilgewatermarket.com/assets/UNL-087-EN-Cqi4CbxN.webp,¥2.69,$3.18,,Blue Sentinel UNL-087/219 CN ¥2.69 EN $3.18
2026-09-29T21:18:06+00:00,https://bilgewatermarket.com/cards,Blue Sentinel,nonfoil,5.04,https://bilgewatermarket.com/cards/UNL-087a?print_variation=showcase,showcase,https://bilgewatermarket.com/assets/UNL-087A-EN-qJwqaLaJ.webp,¥6.60,$5.04,,Blue Sentinel UNL-087A/219 Showcase CN ¥6.60 EN $5.04
2026-09-29T21:18:06+00:00,https://bilgewatermarket.com/cards,Gutter Palace,nonfoil,3.77,https://bilgewatermarket.com/cards/UNL-088,normal,https://bilgewatermarket.com/assets/UNL-088-EN-DE_65eAp.webp,¥8.31,$3.77,,Gutter Palace UNL-088/219 CN ¥8.31 EN $3.77
2026-09-29T21:18:06+00:00,https://bilgewatermarket.com/cards,"Jhin, Meticulous Killer",nonfoil,1.80,https://bilgewatermarket.com/cards/UNL-089,normal,https://bilgewatermarket.com/assets/UNL-089-EN-Dl88m0Z_.webp,¥3.75,$1.80,,"Jhin, Meticulous Killer UNL-089/219 CN ¥3.75 EN $1.80"
2026-09-29T21:18:06+00:00,https://bilgewatermarket.com/cards,"Jhin, Meticulous Killer",nonfoil,4.14,https://bilgewatermarket.com/cards/UNL-089a?print_variation=showcase,showcase,https://bilgewatermarket.com/assets/UNL-089A-EN-C7vwBDMb.webp,¥5.68,$4.14,,"Jhin, Meticulous Killer UNL-089A/219 Showcase CN ¥5.68 EN $4.14"
2026-09-29T21:18:06+00:00,https://bilgewatermarket.com/cards,"LeBlanc, Everywhere at Once",nonfoil,4.45,https://bilgewatermarket.com/cards/UNL-090,normal,https://bilgewatermarket.com/assets/UNL-090-EN-DSSLtE-E.webp,¥2.28,$4.45,,"LeBlanc, Everywhere at Once UNL-090/219 CN ¥2.28 EN $4.45"
2026-09-29T21:18:06+00:00,https://bilgewatermarket.com/cards,"LeBlanc, Everywhere at Once",nonfoil,8.41,https://bilgewatermarket.com/cards/UNL-090a?print_variation=showcase,showcase,https://bilgewatermarket.com/assets/UNL-090A-EN-E-wWfZOR.webp,¥10.53,$8.41,,"LeBlanc, Everywhere at Once UNL-090A/219 Showcase CN ¥10.53 EN $8.41"
2026-09-29T21:18:06+00:00,https://bilgewatermarket.com/cards,Concentrate,foil,0.21,https://bilgewatermarket.com/cards/UNL-091?print_variation=foiled,foiled,https://bilgewatermarket.com/assets/UNL-091-EN-BwuCxjNO.webp,¥0.89,$0.21,,Concentrate UNL-091/219 Foiled CN ¥0.89 EN $0.21
2026-09-29T21:18:06+00:00,https://bilgewatermarket.com/cards,Concentrate,nonfoil,0.07,https://bilgewatermarket.com/cards/UNL-091,normal,https://bilgewatermarket.com/assets/UNL-091-EN-BwuCxjNO.webp,¥0.50,$0.07,,Concentrate UNL-091/219 CN ¥0.50 EN $0.07
2026-09-29T21:18:06+00:00,https://bilgewatermarket.com/cards,Demacian Diplomat,foil,0.15,https://bilgewatermarket.com/cards/UNL-092?print_variation=foiled,foiled,https://bilgewatermarket.com/assets/UNL-092-EN-BdtQQvCq.webp,¥0.83,$0.15,,Demacian Diplomat UNL-092/219 Foiled CN ¥0.83 EN $0.15
2026-09-29T21:18:06+00:00,https://bilgewatermarket.com/cards,Demacian Diplomat,nonfoil,0.04,https://bilgewatermarket.com/cards/UNL-092,normal,https://bilgewatermarket.com/assets/UNL-092-EN-BdtQQvCq.webp,¥0.51,$0.04,,Demacian Diplomat UNL-092/219 CN ¥0.51 EN $0.04
2026-09-29T21:18:06+00:00,https://bilgewatermarket.com/cards,Dragonsoul Sage,foil,0.26,https://bilgewatermarket.com/cards/UNL-093?print_variation=foiled,foiled,https://bilgewatermarket.com/assets/UNL-093-EN-CHmRWoMD.webp,¥0.52,$0.26,,Dragonsoul Sage UNL-093/219 Foiled CN ¥0.52 EN $0.26
2026-09-29T21:18:06+00:00,https://bilgewatermarket.com/cards,Dragonsoul Sage,nonfoil,0.06,https://bilgewatermarket.com/cards/UNL-093,normal,https://bilgewatermarket.com/assets/UNL-093-EN-CHmRWoMD.webp,¥0.50,$0.06,,Dragonsoul Sage UNL-093/219 CN ¥0.50 EN $0.06
2026-09-29T21:18:06+00:00,https://bilgewatermarket.com/cards,Gemhand Hunter,foil,0.21,https://bilgewatermarket.com/cards/UNL-094?print_variation=foiled,foiled,https://bilgewatermarket.com/assets/UNL-094-EN-ydq7vFPq.webp,¥0.51,$0.21,,Gemhand Hunter UNL-094/219 Foiled CN ¥0.51 EN $0.21
2026-09-29T21:18:06+00:00,https://bilgewatermarket.com/cards,Gemhand Hunter,nonfoil,0.08,https://bilgewatermarket.com/cards/UNL-094,normal,https://bilgewatermarket.com/assets/UNL-094-EN-ydq7vFPq.webp,¥0.50,$0.08,,Gemhand Hunter UNL-094/219 CN ¥0.50 EN $0.08
2026-09-29T21:18:06+00:00,https://bilgewatermarket.com/cards,Grim Resolve,foil,0.24,https://bilgewatermarket.com/cards/UNL-095?print_variation=foiled,foiled,https://bilgewatermarket.com/assets/UNL-095-EN-BLZxf5Sw.webp,¥1.52,$0.24,,Grim Resolve UNL-095/219 Foiled CN ¥1.52 EN $0.24
2026-09-29T21:18:06+00:00,https://bilgewatermarket.com/cards,Grim Resolve,nonfoil,0.09,https://bilgewatermarket.com/cards/UNL-095,normal,https://bilgewatermarket.com/assets/UNL-095-EN-BLZxf5Sw.webp,¥0.50,$0.09,,Grim Resolve UNL-095/219 CN ¥0.50 EN $0.09
2026-09-29T21:18:06+00:00,https://bilgewatermarket.com/cards,Hunter's Machete,foil,0.17,https://bilgewatermarket.com/cards/UNL-096?print_variation=foiled,foiled,https://bilgewatermarket.com/assets/UNL-096-EN-C37qf7wm.webp,¥1.00,$0.17,,Hunter's Machete UNL-096/219 Foiled CN ¥1.00 EN $0.17
2026-09-29T21:18:06+00:00,https://bilgewatermarket.com/cards,Hunter's Machete,nonfoil,0.06,https://bilgewatermarket.com/cards/UNL-096,normal,https://bilgewatermarket.com/assets/UNL-096-EN-C37qf7wm.webp,¥0.50,$0.06,,Hunter's Machete UNL-096/219 CN ¥0.50 EN $0.06
2026-09-29T21:18:06+00:00,https://bilgewatermarket.com/cards,Kinkou Initiate,foil,0.27,https://bilgewatermarket.com/cards/UNL-097?print_variation=foiled,foiled,https://bilgewatermarket.com/assets/UNL-097-EN-B2x_9zlw.webp,¥1.51,$0.27,,Kinkou Initiate UNL-097/219 Foiled CN ¥1.51 EN $0.27
2026-09-29T21:18:06+00:00,https://bilgewatermarket.com/cards,Kinkou Initiate,nonfoil,0.10,https://bilgewatermarket.com/cards/UNL-097,normal,https://bilgewatermarket.com/assets/UNL-097-EN-B2x_9zlw.webp,¥0.53,$0.10,,Kinkou Initiate UNL-097/219 CN ¥0.53 EN $0.10
2026-09-29T21:18:06+00:00,https://bilgewatermarket.com/cards,Targonian Visionary,foil,0.12,https://bilgewatermarket.com/cards/UNL-098?print_variation=foiled,foiled,https://bilgewatermarket.com/assets/UNL-098-EN-B50emeKj.webp,¥0.50,$0.12,,Targonian Visionary UNL-098/219 Foiled CN ¥0.50 EN $0.12
2026-09-29T21:18:06+00:00,https://bilgewatermarket.com/cards,Targonian Visionary,nonfoil,0.05,https://bilgewatermarket.com/cards/UNL-098,normal,https://bilgewatermarket.com/assets/UNL-098-EN-B50emeKj.webp,¥0.50,$0.05,,Targonian Visionary UNL-098/219 CN ¥0.50 EN $0.05
2026-09-29T21:18:06+00:00,https://bilgewatermarket.com/cards,Towering Combatant,foil,0.16,https://bilgewatermarket.com/cards/UNL-099?print_variation=foiled,foiled,https://bilgewatermarket.com/assets/UNL-099-EN-DI3i13pG.webp,¥0.50,$0.16,,Towering Combatant UNL-099/219 Foiled CN ¥0.50 EN $0.16
2026-09-29T21:18:06+00:00,https://bilgewatermarket.com/cards,Towering Combatant,nonfoil,0.04,https://bilgewatermarket.com/cards/UNL-099,normal,https://bilgewatermarket.com/assets/UNL-099-EN-DI3i13pG.webp,¥0.50,$0.04,,Towering Combatant UNL-099/219 CN ¥0.50 EN $0.04
2026-09-29T21:18:06+00:00,https://bilgewatermarket.com/cards,Voracious Gromp,foil,0.15,https://bilgewatermarket.com/cards/UNL-100?print_variation=foiled,foiled,https://bilgewatermarket.com/assets/UNL-100-EN-CsXPG5Lo.webp,¥0.50,$0.15,,Voracious Gromp UNL-100/219 Foiled CN ¥0.50 EN $0.15
2026-09-29T21:18:06+00:00,https://bilgewatermarket.com/cards,Voracious Gromp,nonfoil,0.07,https://bilgewatermarket.com/cards/UNL-100,normal,https://bilgewatermarket.com/assets/UNL-100-EN-CsXPG5Lo.webp,¥0.50,$0.07,,Voracious Gromp UNL-100/219 CN ¥0.50 EN $0.07
2026-09-29T21:18:06+00:00,https://bilgewatermarket.com/cards,Call to Battle,foil,0.23,https://bilgewatermarket.com/cards/UNL-101?print_variation=foiled,foiled,https://bilgewatermarket.com/assets/UNL-101-EN-BYP9i3eB.webp,¥0.50,$0.23,,Call to Battle UNL-101/219 Foiled CN ¥0.50 EN $0.23
2026-09-29T21:18:06+00:00,https://bilgewatermarket.com/cards,Call to Battle,nonfoil,0.08,https://bilgewatermarket.com/cards/UNL-101,normal,https://bilgewatermarket.com/assets/UNL-101-EN-BYP9i3eB.webp,¥0.50,$0.08,,Call to Battle UNL-101/219 CN ¥0.50 EN $0.08
2026-09-29T21:18:06+00:00,https://bilgewatermarket.com/cards,Crowd Favorite,foil,0.13,https://bilgewatermarket.com/cards/UNL-102?print_variation=foiled,foiled,https://bilgewatermarket.com/assets/UNL-102-EN-B8TyjRDq.webp,¥0.50,$0.13,,Crowd Favorite UNL-102/219 Foiled CN ¥0.50 EN $0.13
2026-09-29T21:18:06+00:00,https://bilgewatermarket.com/cards,Crowd Favorite,nonfoil,0.04,https://bilgewatermarket.com/cards/UNL-102,normal,https://bilgewatermarket.com/assets/UNL-102-EN-B8TyjRDq.webp,¥0.50,$0.04,,Crowd Favorite UNL-102/219 CN ¥0.50 EN $0.04
2026-09-29T21:18:06+00:00,https://bilgewatermarket.com/cards,Disposal Order,foil,0.40,https://bilgewatermarket.com/cards/UNL-103?print_variation=foiled,foiled,https://bilgewatermarket.com/assets/UNL-103-EN-M3wP5zaL.webp,¥1.74,$0.40,,Disposal Order UNL-103/219 Foiled CN ¥1.74 EN $0.40
2026-09-29T21:18:06+00:00,https://bilgewatermarket.com/cards,Disposal Order,nonfoil,0.15,https://bilgewatermarket.com/cards/UNL-103,normal,https://bilgewatermarket.com/assets/UNL-103-EN-M3wP5zaL.webp,¥0.58,$0.15,,Disposal Order UNL-103/219 CN ¥0.58 EN $0.15
2026-09-29T21:18:06+00:00,https://bilgewatermarket.com/cards,Gentle Gemdragon,foil,0.37,https://bilgewatermarket.com/cards/UNL-104?print_variation=foiled,foiled,https://bilgewatermarket.com/assets/UNL-104-EN-BauUvNAt.webp,¥1.10,$0.37,,Gentle Gemdragon UNL-104/219 Foiled CN ¥1.10 EN $0.37
2026-09-29T21:18:06+00:00,https://bilgewatermarket.com/cards,Gentle Gemdragon,nonfoil,0.09,https://bilgewatermarket.com/cards/UNL-104,normal,https://bilgewatermarket.com/assets/UNL-104-EN-BauUvNAt.webp,¥1.00,$0.09,,Gentle Gemdragon UNL-104/219 CN ¥1.00 EN $0.09
2026-09-29T21:18:06+00:00,https://bilgewatermarket.com/cards,Imposing Challenger,foil,0.29,https://bilgewatermarket.com/cards/UNL-105?print_variation=foiled,foiled,https://bilgewatermarket.com/assets/UNL-105-EN-DqeiGgb-.webp,¥0.50,$0.29,,Imposing Challenger UNL-105/219 Foiled CN ¥0.50 EN $0.29
2026-09-29T21:18:06+00:00,https://bilgewatermarket.com/cards,Imposing Challenger,nonfoil,0.09,https://bilgewatermarket.com/cards/UNL-105,normal,https://bilgewatermarket.com/assets/UNL-105-EN-DqeiGgb-.webp,¥0.60,$0.09,,Imposing Challenger UNL-105/219 CN ¥0.60 EN $0.09
2026-09-29T21:18:06+00:00,https://bilgewatermarket.com/cards,Repulse,foil,2.00,https://bilgewatermarket.com/cards/UNL-106?print_variation=foiled,foiled,https://bilgewatermarket.com/assets/UNL-106-EN-CxtdAKy-.webp,¥3.92,$2.00,,Repulse UNL-106/219 Foiled CN ¥3.92 EN $2.00
2026-09-29T21:18:06+00:00,https://bilgewatermarket.com/cards,Repulse,nonfoil,0.45,https://bilgewatermarket.com/cards/UNL-106,normal,https://bilgewatermarket.com/assets/UNL-106-EN-CxtdAKy-.webp,¥1.34,$0.45,,Repulse UNL-106/219 CN ¥1.34 EN $0.45
2026-09-29T21:18:06+00:00,https://bilgewatermarket.com/cards,Stare Down,foil,0.31,https://bilgewatermarket.com/cards/UNL-107?print_variation=foiled,foiled,https://bilgewatermarket.com/assets/UNL-107-EN-DWokmyMg.webp,¥0.87,$0.31,,Stare Down UNL-107/219 Foiled CN ¥0.87 EN $0.31
2026-09-29T21:18:06+00:00,https://bilgewatermarket.com/cards,Stare Down,nonfoil,0.12,https://bilgewatermarket.com/cards/UNL-107,normal,https://bilgewatermarket.com/assets/UNL-107-EN-DWokmyMg.webp,¥0.50,$0.12,,Stare Down UNL-107/219 CN ¥0.50 EN $0.12
2026-09-29T21:18:06+00:00,https://bilgewatermarket.com/cards,Wily Newtfish,foil,0.21,https://bilgewatermarket.com/cards/UNL-108?print_variation=foiled,foiled,https://bilgewatermarket.com/assets/UNL-108-EN-DQjTwQwo.webp,¥0.70,$0.21,,Wily Newtfish UNL-108/219 Foiled CN ¥0.70 EN $0.21
2026-09-29T21:18:06+00:00,https://bilgewatermarket.com/cards,Wily Newtfish,nonfoil,0.07,https://bilgewatermarket.com/cards/UNL-108,normal,https://bilgewatermarket.com/assets/UNL-108-EN-DQjTwQwo.webp,¥0.50,$0.07,,Wily Newtfish UNL-108/219 CN ¥0.50 EN $0.07
2026-09-29T21:18:06+00:00,https://bilgewatermarket.com/cards,Blood Rose,nonfoil,0.20,https://bilgewatermarket.com/cards/UNL-109,normal,https://bilgewatermarket.com/assets/UNL-109-EN-ChE958rW.webp,¥0.67,$0.20,,Blood Rose UNL-109/219 CN ¥0.67 EN $0.20
2026-09-29T21:18:06+00:00,https://bilgewatermarket.com/cards,Clash of Giants,nonfoil,0.23,https://bilgewatermarket.com/cards/UNL-110,normal,https://bilgewatermarket.com/assets/UNL-110-EN-zJtcTFFz.webp,¥0.50,$0.23,,Clash of Giants UNL-110/219 CN ¥0.50 EN $0.23
2026-09-29T21:18:06+00:00,https://bilgewatermarket.com/cards,Determined Sentry,nonfoil,0.26,https://bilgewatermarket.com/cards/UNL-111,normal,https://bilgewatermarket.com/assets/UNL-111-EN-C2jA-UZZ.webp,¥0.63,$0.26,,Determined Sentry UNL-111/219 CN ¥0.63 EN $0.26
2026-09-29T21:18:06+00:00,https://bilgewatermarket.com/cards,Irresistible Faefolk,nonfoil,6.74,https://bilgewatermarket.com/cards/UNL-112,normal,https://bilgewatermarket.com/assets/UNL-112-EN-CF0LeXb1.webp,¥1.55,$6.74,,Irresistible Faefolk UNL-112/219 CN ¥1.55 EN $6.74
2026-09-29T21:18:06+00:00,https://bilgewatermarket.com/cards,"Master Yi, Tempered",nonfoil,0.17,https://bilgewatermarket.com/cards/UNL-113,normal,https://bilgewatermarket.com/assets/UNL-113-EN-7u7x1oc3.webp,¥1.08,$0.17,,"Master Yi, Tempered UNL-113/219 CN ¥1.08 EN $0.17"
2026-09-29T21:18:06+00:00,https://bilgewatermarket.com/cards,"Master Yi, Tempered",nonfoil,2.89,https://bilgewatermarket.com/cards/UNL-113a?print_variation=showcase,showcase,https://bilgewatermarket.com/assets/UNL-113A-EN-CJftnarb.webp,¥9.45,$2.89,,"Master Yi, Tempered UNL-113A/219 Showcase CN ¥9.45 EN $2.89"
2026-09-29T21:18:06+00:00,https://bilgewatermarket.com/cards,"Nidalee, Cat Form",nonfoil,3.11,https://bilgewatermarket.com/cards/UNL-114,normal,https://bilgewatermarket.com/assets/UNL-114-EN-DrTHr2A3.webp,¥1.60,$3.11,,"Nidalee, Cat Form UNL-114/219 CN ¥1.60 EN $3.11"
2026-09-29T21:18:06+00:00,https://bilgewatermarket.com/cards,"Nilah, Joyful Ascetic",nonfoil,0.22,https://bilgewatermarket.com/cards/UNL-115,normal,https://bilgewatermarket.com/assets/UNL-115-EN-BIx37tdl.webp,¥0.51,$0.22,,"Nilah, Joyful Ascetic UNL-115/219 CN ¥0.51 EN $0.22"
2026-09-29T21:18:06+00:00,https://bilgewatermarket.com/cards,"Poppy, Paragon",nonfoil,0.23,https://bilgewatermarket.com/cards/UNL-116,normal,https://bilgewatermarket.com/assets/UNL-116-EN-Bq1YTfbs.webp,¥0.70,$0.23,,"Poppy, Paragon UNL-116/219 CN ¥0.70 EN $0.23"
2026-09-29T21:18:06+00:00,https://bilgewatermarket.com/cards,"Poppy, Paragon",nonfoil,1.53,https://bilgewatermarket.com/cards/UNL-116a?print_variation=showcase,showcase,https://bilgewatermarket.com/assets/UNL-116a-EN-s6bp_YBS.webp,¥4.87,$1.53,,"Poppy, Paragon UNL-116A/219 Showcase CN ¥4.87 EN $1.53"
2026-09-29T21:18:06+00:00,https://bilgewatermarket.com/cards,Arachnoid Horror,nonfoil,1.92,https://bilgewatermarket.com/cards/UNL-117,normal,https://bilgewatermarket.com/assets/UNL-117-EN-qsjUHDBr.webp,¥4.66,$1.92,,Arachnoid Horror UNL-117/219 CN ¥4.66 EN $1.92
2026-09-29T21:18:06+00:00,https://bilgewatermarket.com/cards,Elder Dragon,nonfoil,25.86,https://bilgewatermarket.com/cards/UNL-118,normal,https://bilgewatermarket.com/assets/UNL-118-EN-kfJ74wzQ.webp,¥43.24,$25.86,,Elder Dragon UNL-118/219 CN ¥43.24 EN $25.86
2026-09-29T21:18:06+00:00,https://bilgewatermarket.com/cards,Elder Dragon,nonfoil,32.01,https://bilgewatermarket.com/cards/UNL-118a?print_variation=showcase,showcase,https://bilgewatermarket.com/assets/UNL-118a-EN-CNgfQIL9.webp,¥64.50,$32.01,,Elder Dragon UNL-118A/219 Showcase CN ¥64.50 EN $32.01
2026-09-29T21:18:06+00:00,https://bilgewatermarket.com/cards,"Kha'Zix, Evolving Hunter",nonfoil,0.55,https://bilgewatermarket.com/cards/UNL-119,normal,https://bilgewatermarket.com/assets/UNL-119-EN-CxLXcuxO.webp,¥0.73,$0.55,,"Kha'Zix, Evolving Hunter UNL-119/219 CN ¥0.73 EN $0.55"
2026-09-29T21:18:06+00:00,https://bilgewatermarket.com/cards,"Kha'Zix, Evolving Hunter",nonfoil,2.07,https://bilgewatermarket.com/cards/UNL-119a?print_variation=showcase,showcase,https://bilgewatermarket.com/assets/UNL-119A-EN-BsH5Guw4.webp,¥2.43,$2.07,,"Kha'Zix, Evolving Hunter UNL-119A/219 Showcase CN ¥2.43 EN $2.07"
2026-09-29T21:18:06+00:00,https://bilgewatermarket.com/cards,"Rengar, Trophy Hunter",nonfoil,38.39,https://bilgewatermarket.com/cards/UNL-120,normal,https://bilgewatermarket.com/assets/UNL-120-EN-Dl8rheKC.webp,¥99.31,$38.39,,"Rengar, Trophy Hunter UNL-120/219 CN ¥99.31 EN $38.39"
2026-09-29T21:18:06+00:00,https://bilgewatermarket.com/cards,"Rengar, Trophy Hunter",nonfoil,42.29,https://bilgewatermarket.com/cards/UNL-120a?print_variation=showcase,showcase,https://bilgewatermarket.com/assets/UNL-120A-EN-VPXCTKaF.webp,¥110.87,$42.29,,"Rengar, Trophy Hunter UNL-120A/219 Showcase CN ¥110.87 EN $42.29"
2026-09-29T21:18:06+00:00,https://bilgewatermarket.com/cards,Bewitching Spirit,foil,0.28,https://bilgewatermarket.com/cards/UNL-121?print_variation=foiled,foiled,https://bilgewatermarket.com/assets/UNL-121-EN-DQvoj--4.webp,¥1.56,$0.28,,Bewitching Spirit UNL-121/219 Foiled CN ¥1.56 EN $0.28
2026-09-29T21:18:06+00:00,https://bilgewatermarket.com/cards,Bewitching Spirit,nonfoil,0.13,https://bilgewatermarket.com/cards/UNL-121,normal,https://bilgewatermarket.com/assets/UNL-121-EN-DQvoj--4.webp,¥0.53,$0.13,,Bewitching Spirit UNL-121/219 CN ¥0.53 EN $0.13
2026-09-29T21:18:06+00:00,https://bilgewatermarket.com/cards,Crescent Guardian,foil,0.09,https://bilgewatermarket.com/cards/UNL-122?print_variation=foiled,foiled,https://bilgewatermarket.com/assets/UNL-122-EN-DrwPpGmF.webp,¥0.50,$0.09,,Crescent Guardian UNL-122/219 Foiled CN ¥0.50 EN $0.09
2026-09-29T21:18:06+00:00,https://bilgewatermarket.com/cards,Crescent Guardian,nonfoil,0.05,https://bilgewatermarket.com/cards/UNL-122,normal,https://bilgewatermarket.com/assets/UNL-122-EN-DrwPpGmF.webp,¥0.50,$0.05,,Crescent Guardian UNL-122/219 CN ¥0.50 EN $0.05
2026-09-29T21:18:06+00:00,https://bilgewatermarket.com/cards,Evershade Stalker,foil,0.19,https://bilgewatermarket.com/cards/UNL-123?print_variation=foiled,foiled,https://bilgewatermarket.com/assets/UNL-123-EN-CsVciQU8.webp,¥0.52,$0.19,,Evershade Stalker UNL-123/219 Foiled CN ¥0.52 EN $0.19
2026-09-29T21:18:06+00:00,https://bilgewatermarket.com/cards,Evershade Stalker,nonfoil,0.07,https://bilgewatermarket.com/cards/UNL-123,normal,https://bilgewatermarket.com/assets/UNL-123-EN-CsVciQU8.webp,¥0.55,$0.07,,Evershade Stalker UNL-123/219 CN ¥0.55 EN $0.07
2026-09-29T21:18:06+00:00,https://bilgewatermarket.com/cards,Isolate,foil,0.18,https://bilgewatermarket.com/cards/UNL-124?print_variation=foiled,foiled,https://bilgewatermarket.com/assets/UNL-124-EN-BBwK6AVQ.webp,¥0.58,$0.18,,Isolate UNL-124/219 Foiled CN ¥0.58 EN $0.18
2026-09-29T21:18:06+00:00,https://bilgewatermarket.com/cards,Isolate,nonfoil,0.08,https://bilgewatermarket.com/cards/UNL-124,normal,https://bilgewatermarket.com/assets/UNL-124-EN-BBwK6AVQ.webp,¥0.50,$0.08,,Isolate UNL-124/219 CN ¥0.50 EN $0.08
2026-09-29T21:18:06+00:00,https://bilgewatermarket.com/cards,Lunar Boon,foil,0.23,https://bilgewatermarket.com/cards/UNL-125?print_variation=foiled,foiled,https://bilgewatermarket.com/assets/UNL-125-EN-pmN72IVD.webp,¥1.05,$0.23,,Lunar Boon UNL-125/219 Foiled CN ¥1.05 EN $0.23
2026-09-29T21:18:06+00:00,https://bilgewatermarket.com/cards,Lunar Boon,nonfoil,0.08,https://bilgewatermarket.com/cards/UNL-125,normal,https://bilgewatermarket.com/assets/UNL-125-EN-pmN72IVD.webp,¥0.54,$0.08,,Lunar Boon UNL-125/219 CN ¥0.54 EN $0.08
2026-09-29T21:18:06+00:00,https://bilgewatermarket.com/cards,Megatusk,foil,0.09,https://bilgewatermarket.com/cards/UNL-126?print_variation=foiled,foiled,https://bilgewatermarket.com/assets/UNL-126-EN-VW2VE074.webp,¥0.54,$0.09,,Megatusk UNL-126/219 Foiled CN ¥0.54 EN $0.09
2026-09-29T21:18:06+00:00,https://bilgewatermarket.com/cards,Megatusk,nonfoil,0.03,https://bilgewatermarket.com/cards/UNL-126,normal,https://bilgewatermarket.com/assets/UNL-126-EN-VW2VE074.webp,¥0.50,$0.03,,Megatusk UNL-126/219 CN ¥0.50 EN $0.03
2026-09-29T21:18:06+00:00,https://bilgewatermarket.com/cards,Mister Root,foil,0.32,https://bilgewatermarket.com/cards/UNL-127?print_variation=foiled,foiled,https://bilgewatermarket.com/assets/UNL-127-EN-BvbWbqHA.webp,¥0.50,$0.32,,Mister Root UNL-127/219 Foiled CN ¥0.50 EN $0.32
2026-09-29T21:18:06+00:00,https://bilgewatermarket.com/cards,Mister Root,nonfoil,0.08,https://bilgewatermarket.com/cards/UNL-127,normal,https://bilgewatermarket.com/assets/UNL-127-EN-BvbWbqHA.webp,¥0.50,$0.08,,Mister Root UNL-127/219 CN ¥0.50 EN $0.08
2026-09-29T21:18:06+00:00,https://bilgewatermarket.com/cards,"Star,Crossed",foil,0.81,https://bilgewatermarket.com/cards/UNL-128?print_variation=foiled,foiled,https://bilgewatermarket.com/assets/UNL-128-EN-B1IcNVe9.webp,¥4.84,$0.81,,"Star,Crossed UNL-128/219 Foiled CN ¥4.84 EN $0.81"
2026-09-29T21:18:06+00:00,https://bilgewatermarket.com/cards,"Star,Crossed",nonfoil,0.23,https://bilgewatermarket.com/cards/UNL-128,normal,https://bilgewatermarket.com/assets/UNL-128-EN-B1IcNVe9.webp,¥0.73,$0.23,,"Star,Crossed UNL-128/219 CN ¥0.73 EN $0.23"
2026-09-29T21:18:06+00:00,https://bilgewatermarket.com/cards,Vicious Snapjaws,foil,0.18,https://bilgewatermarket.com/cards/UNL-129?print_variation=foiled,foiled,https://bilgewatermarket.com/assets/UNL-129-EN-fKlkeXoi.webp,¥0.60,$0.18,,Vicious Snapjaws UNL-129/219 Foiled CN ¥0.60 EN $0.18
2026-09-29T21:18:06+00:00,https://bilgewatermarket.com/cards,Vicious Snapjaws,nonfoil,0.03,https://bilgewatermarket.com/cards/UNL-129,normal,https://bilgewatermarket.com/assets/UNL-129-EN-fKlkeXoi.webp,¥0.50,$0.03,,Vicious Snapjaws UNL-129/219 CN ¥0.50 EN $0.03
2026-09-29T21:18:06+00:00,https://bilgewatermarket.com/cards,Walking Roost,foil,0.16,https://bilgewatermarket.com/cards/UNL-130?print_variation=foiled,foiled,https://bilgewatermarket.com/assets/UNL-130-EN-CcMOo_iY.webp,¥0.60,$0.16,,Walking Roost UNL-130/219 Foiled CN ¥0.60 EN $0.16
2026-09-29T21:18:06+00:00,https://bilgewatermarket.com/cards,Walking Roost,nonfoil,0.03,https://bilgewatermarket.com/cards/UNL-130,normal,https://bilgewatermarket.com/assets/UNL-130-EN-CcMOo_iY.webp,¥0.50,$0.03,,Walking Roost UNL-130/219 CN ¥0.50 EN $0.03
2026-09-29T21:18:06+00:00,https://bilgewatermarket.com/cards,Abandon,foil,3.93,https://bilgewatermarket.com/cards/UNL-131?print_variation=foiled,foiled,https://bilgewatermarket.com/assets/UNL-131-EN-RenedvHA.webp,¥7.68,$3.93,,Abandon UNL-131/219 Foiled CN ¥7.68 EN $3.93
2026-09-29T21:18:06+00:00,https://bilgewatermarket.com/cards,Abandon,nonfoil,0.51,https://bilgewatermarket.com/cards/UNL-131,normal,https://bilgewatermarket.com/assets/UNL-131-EN-RenedvHA.webp,¥2.23,$0.51,,Abandon UNL-131/219 CN ¥2.23 EN $0.51
2026-09-29T21:18:06+00:00,https://bilgewatermarket.com/cards,Angler Beast,foil,0.49,https://bilgewatermarket.com/cards/UNL-132?print_variation=foiled,foiled,https://bilgewatermarket.com/assets/UNL-132-EN-CUF1GCNt.webp,¥1.17,$0.49,,Angler Beast UNL-132/219 Foiled CN ¥1.17 EN $0.49
2026-09-29T21:18:06+00:00,https://bilgewatermarket.com/cards,Angler Beast,nonfoil,0.16,https://bilgewatermarket.com/cards/UNL-132,normal,https://bilgewatermarket.com/assets/UNL-132-EN-CUF1GCNt.webp,¥0.67,$0.16,,Angler Beast UNL-132/219 CN ¥0.67 EN $0.16
2026-09-29T21:18:06+00:00,https://bilgewatermarket.com/cards,Blast Cone,foil,0.19,https://bilgewatermarket.com/cards/UNL-133?print_variation=foiled,foiled,https://bilgewatermarket.com/assets/UNL-133-EN-YbmrHFbY.webp,¥0.81,$0.19,,Blast Cone UNL-133/219 Foiled CN ¥0.81 EN $0.19
2026-09-29T21:18:06+00:00,https://bilgewatermarket.com/cards,Blast Cone,nonfoil,0.08,https://bilgewatermarket.com/cards/UNL-133,normal,https://bilgewatermarket.com/assets/UNL-133-EN-YbmrHFbY.webp,¥0.50,$0.08,,Blast Cone UNL-133/219 CN ¥0.50 EN $0.08
2026-09-29T21:18:06+00:00,https://bilgewatermarket.com/cards,Existential Dread,foil,1.43,https://bilgewatermarket.com/cards/UNL-134?print_variation=foiled,foiled,https://bilgewatermarket.com/assets/UNL-134-EN-DXv1ha3O.webp,¥2.26,$1.43,,Existential Dread UNL-134/219 Foiled CN ¥2.26 EN $1.43
2026-09-29T21:18:06+00:00,https://bilgewatermarket.com/cards,Existential Dread,nonfoil,0.18,https://bilgewatermarket.com/cards/UNL-134,normal,https://bilgewatermarket.com/assets/UNL-134-EN-DXv1ha3O.webp,¥0.75,$0.18,,Existential Dread UNL-134/219 CN ¥0.75 EN $0.18
2026-09-29T21:18:06+00:00,https://bilgewatermarket.com/cards,Insightful Investigator,foil,0.28,https://bilgewatermarket.com/cards/UNL-135?print_variation=foiled,foiled,https://bilgewatermarket.com/assets/UNL-135-EN-4LHWxiVs.webp,¥0.50,$0.28,,Insightful Investigator UNL-135/219 Foiled CN ¥0.50 EN $0.28
2026-09-29T21:18:06+00:00,https://bilgewatermarket.com/cards,Insightful Investigator,nonfoil,0.09,https://bilgewatermarket.com/cards/UNL-135,normal,https://bilgewatermarket.com/assets/UNL-135-EN-4LHWxiVs.webp,¥0.51,$0.09,,Insightful Investigator UNL-135/219 CN ¥0.51 EN $0.09
2026-09-29T21:18:06+00:00,https://bilgewatermarket.com/cards,Scryer's Bloom,foil,0.27,https://bilgewatermarket.com/cards/UNL-136?print_variation=foiled,foiled,https://bilgewatermarket.com/assets/UNL-136-EN-DSg0wjPr.webp,¥1.15,$0.27,,Scryer's Bloom UNL-136/219 Foiled CN ¥1.15 EN $0.27
2026-09-29T21:18:06+00:00,https://bilgewatermarket.com/cards,Scryer's Bloom,nonfoil,0.12,https://bilgewatermarket.com/cards/UNL-136,normal,https://bilgewatermarket.com/assets/UNL-136-EN-DSg0wjPr.webp,¥0.68,$0.12,,Scryer's Bloom UNL-136/219 CN ¥0.68 EN $0.12
2026-09-29T21:18:06+00:00,https://bilgewatermarket.com/cards,Sinister Poro,foil,0.34,https://bilgewatermarket.com/cards/UNL-137?print_variation=foiled,foiled,https://bilgewatermarket.com/assets/UNL-137-EN-Dlsnsp5c.webp,¥0.70,$0.34,,Sinister Poro UNL-137/219 Foiled CN ¥0.70 EN $0.34
2026-09-29T21:18:06+00:00,https://bilgewatermarket.com/cards,Sinister Poro,nonfoil,0.13,https://bilgewatermarket.com/cards/UNL-137,normal,https://bilgewatermarket.com/assets/UNL-137-EN-Dlsnsp5c.webp,¥0.50,$0.13,,Sinister Poro UNL-137/219 CN ¥0.50 EN $0.13
2026-09-29T21:18:06+00:00,https://bilgewatermarket.com/cards,The List,foil,0.76,https://bilgewatermarket.com/cards/UNL-138?print_variation=foiled,foiled,https://bilgewatermarket.com/assets/UNL-138-EN-DrqLpGAd.webp,¥1.47,$0.76,,The List UNL-138/219 Foiled CN ¥1.47 EN $0.76
2026-09-29T21:18:06+00:00,https://bilgewatermarket.com/cards,The List,nonfoil,0.20,https://bilgewatermarket.com/cards/UNL-138,normal,https://bilgewatermarket.com/assets/UNL-138-EN-DrqLpGAd.webp,¥0.64,$0.20,,The List UNL-138/219 CN ¥0.64 EN $0.20
2026-09-29T21:18:06+00:00,https://bilgewatermarket.com/cards,Bone Skewer,nonfoil,0.33,https://bilgewatermarket.com/cards/UNL-139,normal,https://bilgewatermarket.com/assets/UNL-139-EN-JyqnIBSa.webp,¥2.16,$0.33,,Bone Skewer UNL-139/219 CN ¥2.16 EN $0.33
2026-09-29T21:18:06+00:00,https://bilgewatermarket.com/cards,Conscription,nonfoil,0.17,https://bilgewatermarket.com/cards/UNL-140,normal,https://bilgewatermarket.com/assets/UNL-140-EN-BwCRdfxx.webp,¥0.52,$0.17,,Conscription UNL-140/219 CN ¥0.52 EN $0.17
2026-09-29T21:18:06+00:00,https://bilgewatermarket.com/cards,"Evelynn, Entrancing",nonfoil,1.69,https://bilgewatermarket.com/cards/UNL-141,normal,https://bilgewatermarket.com/assets/UNL-141-EN-C6iFISbP.webp,¥1.50,$1.69,,"Evelynn, Entrancing UNL-141/219 CN ¥1.50 EN $1.69"
2026-09-29T21:18:06+00:00,https://bilgewatermarket.com/cards,Heedless Resurrection,nonfoil,0.41,https://bilgewatermarket.com/cards/UNL-142,normal,https://bilgewatermarket.com/assets/UNL-142-EN-Dh1WFGmb.webp,¥1.53,$0.41,,Heedless Resurrection UNL-142/219 CN ¥1.53 EN $0.41
2026-09-29T21:18:06+00:00,https://bilgewatermarket.com/cards,"Kha'Zix, Mutating Horror",nonfoil,0.27,https://bilgewatermarket.com/cards/UNL-143,normal,https://bilgewatermarket.com/assets/UNL-143-EN-AuRQA97f.webp,¥1.11,$0.27,,"Kha'Zix, Mutating Horror UNL-143/219 CN ¥1.11 EN $0.27"
2026-09-29T21:18:06+00:00,https://bilgewatermarket.com/cards,"Kha'Zix, Mutating Horror",nonfoil,7.63,https://bilgewatermarket.com/cards/UNL-143a?print_variation=showcase,showcase,https://bilgewatermarket.com/assets/UNL-143a-EN-C7YT9DxJ.webp,¥15.81,$7.63,,"Kha'Zix, Mutating Horror UNL-143A/219 Showcase CN ¥15.81 EN $7.63"
2026-09-29T21:18:06+00:00,https://bilgewatermarket.com/cards,Maduli the Gatekeeper,nonfoil,0.10,https://bilgewatermarket.com/cards/UNL-144,normal,https://bilgewatermarket.com/assets/UNL-144-EN-B_7am7Qq.webp,¥0.52,$0.10,,Maduli the Gatekeeper UNL-144/219 CN ¥0.52 EN $0.10
2026-09-29T21:18:06+00:00,https://bilgewatermarket.com/cards,"Pyke, Returned",nonfoil,0.87,https://bilgewatermarket.com/cards/UNL-145,normal,https://bilgewatermarket.com/assets/UNL-145-EN-UrbSVIQC.webp,¥1.25,$0.87,,"Pyke, Returned UNL-145/219 CN ¥1.25 EN $0.87"
2026-09-29T21:18:06+00:00,https://bilgewatermarket.com/cards,"Pyke, Returned",nonfoil,9.81,https://bilgewatermarket.com/cards/UNL-145a?print_variation=showcase,showcase,https://bilgewatermarket.com/assets/UNL-145A-EN-CSYf1yB8.webp,¥15.97,$9.81,,"Pyke, Returned UNL-145A/219 Showcase CN ¥15.97 EN $9.81"
2026-09-29T21:18:06+00:00,https://bilgewatermarket.com/cards,"Syndra, Transcendent",nonfoil,0.25,https://bilgewatermarket.com/cards/UNL-146,normal,https://bilgewatermarket.com/assets/UNL-146-EN-Cz19TxoF.webp,¥0.55,$0.25,,"Syndra, Transcendent UNL-146/219 CN ¥0.55 EN $0.25"
2026-09-29T21:18:06+00:00,https://bilgewatermarket.com/cards,Baron Nashor,nonfoil,22.76,https://bilgewatermarket.com/cards/UNL-147,normal,https://bilgewatermarket.com/assets/UNL-147-EN-DoSj8dTs.webp,¥32.63,$22.76,,Baron Nashor UNL-147/219 CN ¥32.63 EN $22.76
2026-09-29T21:18:06+00:00,https://bilgewatermarket.com/cards,Baron Nashor,nonfoil,28.81,https://bilgewatermarket.com/cards/UNL-147a?print_variation=showcase,showcase,https://bilgewatermarket.com/assets/UNL-147A-EN-D2Y6aT_f.webp,¥49.37,$28.81,,Baron Nashor UNL-147A/219 Showcase CN ¥49.37 EN $28.81
2026-09-29T21:18:06+00:00,https://bilgewatermarket.com/cards,Cursed Sarcophagus,nonfoil,0.55,https://bilgewatermarket.com/cards/UNL-148,normal,https://bilgewatermarket.com/assets/UNL-148-EN-DjUhXxen.webp,¥1.73,$0.55,,Cursed Sarcophagus UNL-148/219 CN ¥1.73 EN $0.55
2026-09-29T21:18:06+00:00,https://bilgewatermarket.com/cards,"Diana, No Longer Human",nonfoil,0.95,https://bilgewatermarket.com/cards/UNL-149,normal,https://bilgewatermarket.com/assets/UNL-149-EN-DpKI3PKR.webp,¥1.34,$0.95,,"Diana, No Longer Human UNL-149/219 CN ¥1.34 EN $0.95"
2026-09-29T21:18:06+00:00,https://bilgewatermarket.com/cards,"Diana, No Longer Human",nonfoil,6.22,https://bilgewatermarket.com/cards/UNL-149a?print_variation=showcase,showcase,https://bilgewatermarket.com/assets/UNL-149A-EN-BHivHxly.webp,¥8.55,$6.22,,"Diana, No Longer Human UNL-149A/219 Showcase CN ¥8.55 EN $6.22"
2026-09-29T21:18:06+00:00,https://bilgewatermarket.com/cards,"Vex, Apathetic",nonfoil,14.61,https://bilgewatermarket.com/cards/UNL-150,normal,https://bilgewatermarket.com/assets/UNL-150-EN-yVbHxeE-.webp,¥32.46,$14.61,,"Vex, Apathetic UNL-150/219 CN ¥32.46 EN $14.61"
2026-09-29T21:18:06+00:00,https://bilgewatermarket.com/cards,"Vex, Apathetic",nonfoil,25.13,https://bilgewatermarket.com/cards/UNL-150a?print_variation=showcase,showcase,https://bilgewatermarket.com/assets/UNL-150a-EN-B6EXUfc1.webp,¥65.83,$25.13,,"Vex, Apathetic UNL-150A/219 Showcase CN ¥65.83 EN $25.13"
2026-09-29T21:18:06+00:00,https://bilgewatermarket.com/cards,Bandle Soldier,foil,0.11,https://bilgewatermarket.com/cards/UNL-151?print_variation=foiled,foiled,https://bilgewatermarket.com/assets/UNL-151-EN-CEh68Sds.webp,¥0.80,$0.11,,Bandle Soldier UNL-151/219 Foiled CN ¥0.80 EN $0.11
2026-09-29T21:18:06+00:00,https://bilgewatermarket.com/cards,Bandle Soldier,nonfoil,0.03,https://bilgewatermarket.com/cards/UNL-151,normal,https://bilgewatermarket.com/assets/UNL-151-EN-CEh68Sds.webp,¥0.50,$0.03,,Bandle Soldier UNL-151/219 CN ¥0.50 EN $0.03
2026-09-29T21:18:06+00:00,https://bilgewatermarket.com/cards,Black Rose Dignitary,foil,0.26,https://bilgewatermarket.com/cards/UNL-152?print_variation=foiled,foiled,https://bilgewatermarket.com/assets/UNL-152-EN-DqjPQXlw.webp,¥1.16,$0.26,,Black Rose Dignitary UNL-152/219 Foiled CN ¥1.16 EN $0.26
2026-09-29T21:18:06+00:00,https://bilgewatermarket.com/cards,Black Rose Dignitary,nonfoil,0.06,https://bilgewatermarket.com/cards/UNL-152,normal,https://bilgewatermarket.com/assets/UNL-152-EN-DqjPQXlw.webp,¥0.51,$0.06,,Black Rose Dignitary UNL-152/219 CN ¥0.51 EN $0.06
2026-09-29T21:18:06+00:00,https://bilgewatermarket.com/cards,Carrion Dredger,foil,0.24,https://bilgewatermarket.com/cards/UNL-153?print_variation=foiled,foiled,https://bilgewatermarket.com/assets/UNL-153-EN-HqssLerk.webp,¥1.37,$0.24,,Carrion Dredger UNL-153/219 Foiled CN ¥1.37 EN $0.24
2026-09-29T21:18:06+00:00,https://bilgewatermarket.com/cards,Carrion Dredger,nonfoil,0.10,https://bilgewatermarket.com/cards/UNL-153,normal,https://bilgewatermarket.com/assets/UNL-153-EN-HqssLerk.webp,¥0.53,$0.10,,Carrion Dredger UNL-153/219 CN ¥0.53 EN $0.10
2026-09-29T21:18:06+00:00,https://bilgewatermarket.com/cards,Crimson Pigeons,foil,0.22,https://bilgewatermarket.com/cards/UNL-154?print_variation=foiled,foiled,https://bilgewatermarket.com/assets/UNL-154-EN-CAXKlENX.webp,¥0.70,$0.22,,Crimson Pigeons UNL-154/219 Foiled CN ¥0.70 EN $0.22
2026-09-29T21:18:06+00:00,https://bilgewatermarket.com/cards,Crimson Pigeons,nonfoil,0.05,https://bilgewatermarket.com/cards/UNL-154,normal,https://bilgewatermarket.com/assets/UNL-154-EN-CAXKlENX.webp,¥0.50,$0.05,,Crimson Pigeons UNL-154/219 CN ¥0.50 EN $0.05
2026-09-29T21:18:06+00:00,https://bilgewatermarket.com/cards,Heroic Charge,foil,0.18,https://bilgewatermarket.com/cards/UNL-155?print_variation=foiled,foiled,https://bilgewatermarket.com/assets/UNL-155-EN-DeY1dV1X.webp,¥0.90,$0.18,,Heroic Charge UNL-155/219 Foiled CN ¥0.90 EN $0.18
2026-09-29T21:18:06+00:00,https://bilgewatermarket.com/cards,Heroic Charge,nonfoil,0.07,https://bilgewatermarket.com/cards/UNL-155,normal,https://bilgewatermarket.com/assets/UNL-155-EN-DeY1dV1X.webp,¥0.50,$0.07,,Heroic Charge UNL-155/219 CN ¥0.50 EN $0.07
2026-09-29T21:18:06+00:00,https://bilgewatermarket.com/cards,Loyal Poro,foil,0.27,https://bilgewatermarket.com/cards/UNL-156?print_variation=foiled,foiled,https://bilgewatermarket.com/assets/UNL-156-EN-DXPw4hOS.webp,¥0.62,$0.27,,Loyal Poro UNL-156/219 Foiled CN ¥0.62 EN $0.27
2026-09-29T21:18:06+00:00,https://bilgewatermarket.com/cards,Loyal Poro,nonfoil,0.06,https://bilgewatermarket.com/cards/UNL-156,normal,https://bilgewatermarket.com/assets/UNL-156-EN-DXPw4hOS.webp,¥0.51,$0.06,,Loyal Poro UNL-156/219 CN ¥0.51 EN $0.06
2026-09-29T21:18:06+00:00,https://bilgewatermarket.com/cards,Scrutinizing Sergeant,foil,0.12,https://bilgewatermarket.com/cards/UNL-157?print_variation=foiled,foiled,https://bilgewatermarket.com/assets/UNL-157-EN-CQyKyoh5.webp,¥0.50,$0.12,,Scrutinizing Sergeant UNL-157/219 Foiled CN ¥0.50 EN $0.12
2026-09-29T21:18:06+00:00,https://bilgewatermarket.com/cards,Scrutinizing Sergeant,nonfoil,0.04,https://bilgewatermarket.com/cards/UNL-157,normal,https://bilgewatermarket.com/assets/UNL-157-EN-CQyKyoh5.webp,¥0.50,$0.04,,Scrutinizing Sergeant UNL-157/219 CN ¥0.50 EN $0.04
2026-09-29T21:18:06+00:00,https://bilgewatermarket.com/cards,Shepherd's Heirloom,foil,0.29,https://bilgewatermarket.com/cards/UNL-158?print_variation=foiled,foiled,https://bilgewatermarket.com/assets/UNL-158-EN-Bog8bjwv.webp,¥1.14,$0.29,,Shepherd's Heirloom UNL-158/219 Foiled CN ¥1.14 EN $0.29
2026-09-29T21:18:06+00:00,https://bilgewatermarket.com/cards,Shepherd's Heirloom,nonfoil,0.10,https://bilgewatermarket.com/cards/UNL-158,normal,https://bilgewatermarket.com/assets/UNL-158-EN-Bog8bjwv.webp,¥0.53,$0.10,,Shepherd's Heirloom UNL-158/219 CN ¥0.53 EN $0.10
2026-09-29T21:18:06+00:00,https://bilgewatermarket.com/cards,Soul Harvest,foil,0.15,https://bilgewatermarket.com/cards/UNL-159?print_variation=foiled,foiled,https://bilgewatermarket.com/assets/UNL-159-EN-2vJBQWMJ.webp,¥0.50,$0.15,,Soul Harvest UNL-159/219 Foiled CN ¥0.50 EN $0.15
2026-09-29T21:18:06+00:00,https://bilgewatermarket.com/cards,Soul Harvest,nonfoil,0.07,https://bilgewatermarket.com/cards/UNL-159,normal,https://bilgewatermarket.com/assets/UNL-159-EN-2vJBQWMJ.webp,¥0.50,$0.07,,Soul Harvest UNL-159/219 CN ¥0.50 EN $0.07
2026-09-29T21:18:06+00:00,https://bilgewatermarket.com/cards,Ultrasoft Poro,foil,0.29,https://bilgewatermarket.com/cards/UNL-160?print_variation=foiled,foiled,https://bilgewatermarket.com/assets/UNL-160-EN-BuEI10Q6.webp,¥1.00,$0.29,,Ultrasoft Poro UNL-160/219 Foiled CN ¥1.00 EN $0.29
2026-09-29T21:18:06+00:00,https://bilgewatermarket.com/cards,Ultrasoft Poro,nonfoil,0.10,https://bilgewatermarket.com/cards/UNL-160,normal,https://bilgewatermarket.com/assets/UNL-160-EN-BuEI10Q6.webp,¥0.50,$0.10,,Ultrasoft Poro UNL-160/219 CN ¥0.50 EN $0.10
2026-09-29T21:18:06+00:00,https://bilgewatermarket.com/cards,Divining Shells,foil,0.38,https://bilgewatermarket.com/cards/UNL-161?print_variation=foiled,foiled,https://bilgewatermarket.com/assets/UNL-161-EN-mn_A0Ndv.webp,¥1.20,$0.38,,Divining Shells UNL-161/219 Foiled CN ¥1.20 EN $0.38
2026-09-29T21:18:06+00:00,https://bilgewatermarket.com/cards,Divining Shells,nonfoil,0.12,https://bilgewatermarket.com/cards/UNL-161,normal,https://bilgewatermarket.com/assets/UNL-161-EN-mn_A0Ndv.webp,¥0.53,$0.12,,Divining Shells UNL-161/219 CN ¥0.53 EN $0.12
2026-09-29T21:18:06+00:00,https://bilgewatermarket.com/cards,Enthralling Protector,foil,0.22,https://bilgewatermarket.com/cards/UNL-162?print_variation=foiled,foiled,https://bilgewatermarket.com/assets/UNL-162-EN-_6J6Hk9F.webp,¥0.51,$0.22,,Enthralling Protector UNL-162/219 Foiled CN ¥0.51 EN $0.22
2026-09-29T21:18:06+00:00,https://bilgewatermarket.com/cards,Enthralling Protector,nonfoil,0.06,https://bilgewatermarket.com/cards/UNL-162,normal,https://bilgewatermarket.com/assets/UNL-162-EN-_6J6Hk9F.webp,¥0.61,$0.06,,Enthralling Protector UNL-162/219 CN ¥0.61 EN $0.06
2026-09-29T21:18:06+00:00,https://bilgewatermarket.com/cards,Mageseeker Investigator,foil,0.21,https://bilgewatermarket.com/cards/UNL-163?print_variation=foiled,foiled,https://bilgewatermarket.com/assets/UNL-163-EN-BV0PMg28.webp,¥0.50,$0.21,,Mageseeker Investigator UNL-163/219 Foiled CN ¥0.50 EN $0.21
2026-09-29T21:18:06+00:00,https://bilgewatermarket.com/cards,Mageseeker Investigator,nonfoil,0.11,https://bilgewatermarket.com/cards/UNL-163,normal,https://bilgewatermarket.com/assets/UNL-163-EN-BV0PMg28.webp,¥0.50,$0.11,,Mageseeker Investigator UNL-163/219 CN ¥0.50 EN $0.11
2026-09-29T21:18:06+00:00,https://bilgewatermarket.com/cards,Safety Inspector,foil,0.86,https://bilgewatermarket.com/cards/UNL-164?print_variation=foiled,foiled,https://bilgewatermarket.com/assets/UNL-164-EN-CbnKgXeJ.webp,¥1.13,$0.86,,Safety Inspector UNL-164/219 Foiled CN ¥1.13 EN $0.86
2026-09-29T21:18:06+00:00,https://bilgewatermarket.com/cards,Safety Inspector,nonfoil,0.18,https://bilgewatermarket.com/cards/UNL-164,normal,https://bilgewatermarket.com/assets/UNL-164-EN-CbnKgXeJ.webp,¥0.93,$0.18,,Safety Inspector UNL-164/219 CN ¥0.93 EN $0.18
2026-09-29T21:18:06+00:00,https://bilgewatermarket.com/cards,Shadow's Call,foil,1.77,https://bilgewatermarket.com/cards/UNL-165?print_variation=foiled,foiled,https://bilgewatermarket.com/assets/UNL-165-EN-DixP8nuW.webp,¥3.91,$1.77,,Shadow's Call UNL-165/219 Foiled CN ¥3.91 EN $1.77
2026-09-29T21:18:06+00:00,https://bilgewatermarket.com/cards,Shadow's Call,nonfoil,0.39,https://bilgewatermarket.com/cards/UNL-165,normal,https://bilgewatermarket.com/assets/UNL-165-EN-DixP8nuW.webp,¥2.12,$0.39,,Shadow's Call UNL-165/219 CN ¥2.12 EN $0.39
2026-09-29T21:18:06+00:00,https://bilgewatermarket.com/cards,Stalking Wolf,foil,0.17,https://bilgewatermarket.com/cards/UNL-166?print_variation=foiled,foiled,https://bilgewatermarket.com/assets/UNL-166-EN-B_noFlGt.webp,¥1.12,$0.17,,Stalking Wolf UNL-166/219 Foiled CN ¥1.12 EN $0.17
2026-09-29T21:18:06+00:00,https://bilgewatermarket.com/cards,Stalking Wolf,nonfoil,0.06,https://bilgewatermarket.com/cards/UNL-166,normal,https://bilgewatermarket.com/assets/UNL-166-EN-B_noFlGt.webp,¥0.60,$0.06,,Stalking Wolf UNL-166/219 CN ¥0.60 EN $0.06
2026-09-29T21:18:06+00:00,https://bilgewatermarket.com/cards,Starhound,foil,0.22,https://bilgewatermarket.com/cards/UNL-167?print_variation=foiled,foiled,https://bilgewatermarket.com/assets/UNL-167-EN-C0deYBoU.webp,¥0.52,$0.22,,Starhound UNL-167/219 Foiled CN ¥0.52 EN $0.22
2026-09-29T21:18:06+00:00,https://bilgewatermarket.com/cards,Starhound,nonfoil,0.13,https://bilgewatermarket.com/cards/UNL-167,normal,https://bilgewatermarket.com/assets/UNL-167-EN-C0deYBoU.webp,¥0.53,$0.13,,Starhound UNL-167/219 CN ¥0.53 EN $0.13
2026-09-29T21:18:06+00:00,https://bilgewatermarket.com/cards,Undying Loyalty,foil,0.34,https://bilgewatermarket.com/cards/UNL-168?print_variation=foiled,foiled,https://bilgewatermarket.com/assets/UNL-168-EN-BPVhrgS3.webp,¥0.68,$0.34,,Undying Loyalty UNL-168/219 Foiled CN ¥0.68 EN $0.34
2026-09-29T21:18:06+00:00,https://bilgewatermarket.com/cards,Undying Loyalty,nonfoil,0.12,https://bilgewatermarket.com/cards/UNL-168,normal,https://bilgewatermarket.com/assets/UNL-168-EN-BPVhrgS3.webp,¥0.50,$0.12,,Undying Loyalty UNL-168/219 CN ¥0.50 EN $0.12
2026-09-29T21:18:06+00:00,https://bilgewatermarket.com/cards,"Ashe, Focused",nonfoil,1.28,https://bilgewatermarket.com/cards/UNL-169,normal,https://bilgewatermarket.com/assets/UNL-169-EN-BUq1c4xf.webp,¥1.87,$1.28,,"Ashe, Focused UNL-169/219 CN ¥1.87 EN $1.28"
2026-09-29T21:18:06+00:00,https://bilgewatermarket.com/cards,Atakhan,nonfoil,0.21,https://bilgewatermarket.com/cards/UNL-170,normal,https://bilgewatermarket.com/assets/UNL-170-EN-DtKxXDw7.webp,¥1.22,$0.21,,Atakhan UNL-170/219 CN ¥1.22 EN $0.21
2026-09-29T21:18:06+00:00,https://bilgewatermarket.com/cards,"Galio, Indefatigable",nonfoil,0.25,https://bilgewatermarket.com/cards/UNL-171,normal,https://bilgewatermarket.com/assets/UNL-171-EN-ojnOpaGS.webp,¥1.49,$0.25,,"Galio, Indefatigable UNL-171/219 CN ¥1.49 EN $0.25"
2026-09-29T21:18:06+00:00,https://bilgewatermarket.com/cards,"LeBlanc, Fragmented",nonfoil,0.35,https://bilgewatermarket.com/cards/UNL-172,normal,https://bilgewatermarket.com/assets/UNL-172-EN-BkP5bmzN.webp,¥1.26,$0.35,,"LeBlanc, Fragmented UNL-172/219 CN ¥1.26 EN $0.35"
2026-09-29T21:18:06+00:00,https://bilgewatermarket.com/cards,"LeBlanc, Fragmented",nonfoil,4.45,https://bilgewatermarket.com/cards/UNL-172a?print_variation=showcase,showcase,https://bilgewatermarket.com/assets/UNL-172a-EN-CGkSEWup.webp,¥7.55,$4.45,,"LeBlanc, Fragmented UNL-172A/219 Showcase CN ¥7.55 EN $4.45"
2026-09-29T21:18:06+00:00,https://bilgewatermarket.com/cards,Sacrifice,nonfoil,5.61,https://bilgewatermarket.com/cards/UNL-173,normal,https://bilgewatermarket.com/assets/UNL-173-EN-Ewg_bL9y.webp,¥5.52,$5.61,,Sacrifice UNL-173/219 CN ¥5.52 EN $5.61
2026-09-29T21:18:06+00:00,https://bilgewatermarket.com/cards,Shard of Undoing,nonfoil,0.18,https://bilgewatermarket.com/cards/UNL-174,normal,https://bilgewatermarket.com/assets/UNL-174-EN-D_6q7Zv2.webp,¥0.53,$0.18,,Shard of Undoing UNL-174/219 CN ¥0.53 EN $0.18
2026-09-29T21:18:06+00:00,https://bilgewatermarket.com/cards,Tactical Retreat,nonfoil,0.29,https://bilgewatermarket.com/cards/UNL-175,normal,https://bilgewatermarket.com/assets/UNL-175-EN-CdsOQ7ht.webp,¥2.00,$0.29,,Tactical Retreat UNL-175/219 CN ¥2.00 EN $0.29
2026-09-29T21:18:06+00:00,https://bilgewatermarket.com/cards,"Vi, Peacekeeper",nonfoil,5.70,https://bilgewatermarket.com/cards/UNL-176,normal,https://bilgewatermarket.com/assets/UNL-176-EN-DMd-dYzS.webp,¥4.18,$5.70,,"Vi, Peacekeeper UNL-176/219 CN ¥4.18 EN $5.70"
2026-09-29T21:18:06+00:00,https://bilgewatermarket.com/cards,"Vi, Peacekeeper",nonfoil,14.23,https://bilgewatermarket.com/cards/UNL-176a?print_variation=showcase,showcase,https://bilgewatermarket.com/assets/UNL-176a-EN-Cy2jvSGJ.webp,¥29.76,$14.23,,"Vi, Peacekeeper UNL-176A/219 Showcase CN ¥29.76 EN $14.23"
2026-09-29T21:18:06+00:00,https://bilgewatermarket.com/cards,"Ivern, Friend to All",nonfoil,1.38,https://bilgewatermarket.com/cards/UNL-177,normal,https://bilgewatermarket.com/assets/UNL-177-EN-DYlogs58.webp,¥1.77,$1.38,,"Ivern, Friend to All UNL-177/219 CN ¥1.77 EN $1.38"
2026-09-29T21:18:06+00:00,https://bilgewatermarket.com/cards,"Ivern, Friend to All",nonfoil,2.67,https://bilgewatermarket.com/cards/UNL-177a?print_variation=showcase,showcase,https://bilgewatermarket.com/assets/UNL-177A-EN-C8hacV8j.webp,¥3.29,$2.67,,"Ivern, Friend to All UNL-177A/219 Showcase CN ¥3.29 EN $2.67"
2026-09-29T21:18:06+00:00,https://bilgewatermarket.com/cards,"Poppy, Defender of the Meek",nonfoil,0.48,https://bilgewatermarket.com/cards/UNL-178,normal,https://bilgewatermarket.com/assets/UNL-178-EN-Cs288QlU.webp,¥1.46,$0.48,,"Poppy, Defender of the Meek UNL-178/219 CN ¥1.46 EN $0.48"
2026-09-29T21:18:06+00:00,https://bilgewatermarket.com/cards,"Poppy, Defender of the Meek",nonfoil,2.25,https://bilgewatermarket.com/cards/UNL-178a?print_variation=showcase,showcase,https://bilgewatermarket.com/assets/UNL-178a-EN-DNVPq4D7.webp,¥4.47,$2.25,,"Poppy, Defender of the Meek UNL-178A/219 Showcase CN ¥4.47 EN $2.25"
2026-09-29T21:18:06+00:00,https://bilgewatermarket.com/cards,Rift Herald,nonfoil,11.44,https://bilgewatermarket.com/cards/UNL-179,normal,https://bilgewatermarket.com/assets/UNL-179-EN-BLmbmJ4a.webp,¥18.91,$11.44,,Rift Herald UNL-179/219 CN ¥18.91 EN $11.44
2026-09-29T21:18:06+00:00,https://bilgewatermarket.com/cards,Rift Herald,nonfoil,16.21,https://bilgewatermarket.com/cards/UNL-179a?print_variation=showcase,showcase,https://bilgewatermarket.com/assets/UNL-179a-EN-BwVRYp8h.webp,¥30.58,$16.21,,Rift Herald UNL-179A/219 Showcase CN ¥30.58 EN $16.21
2026-09-29T21:18:06+00:00,https://bilgewatermarket.com/cards,The Ruination,nonfoil,8.26,https://bilgewatermarket.com/cards/UNL-180,normal,https://bilgewatermarket.com/assets/UNL-180-EN-bfN24x83.webp,¥20.24,$8.26,,The Ruination UNL-180/219 CN ¥20.24 EN $8.26
2026-09-29T21:18:06+00:00,https://bilgewatermarket.com/cards,"Jhin, Virtuoso",nonfoil,0.15,https://bilgewatermarket.com/cards/UNL-181,normal,https://bilgewatermarket.com/assets/UNL-181-EN-U2aMjJ5U.webp,¥0.50,$0.15,,"Jhin, Virtuoso UNL-181/219 CN ¥0.50 EN $0.15"
2026-09-29T21:18:06+00:00,https://bilgewatermarket.com/cards,Curtain Call,nonfoil,1.29,https://bilgewatermarket.com/cards/UNL-182,normal,https://bilgewatermarket.com/assets/UNL-182-EN-DY32jETE.webp,¥3.24,$1.29,,Curtain Call UNL-182/219 CN ¥3.24 EN $1.29
2026-09-29T21:18:06+00:00,https://bilgewatermarket.com/cards,"Rengar, Pridestalker",nonfoil,0.25,https://bilgewatermarket.com/cards/UNL-183,normal,https://bilgewatermarket.com/assets/UNL-183-EN-B4cRVZDo.webp,¥0.51,$0.25,,"Rengar, Pridestalker UNL-183/219 CN ¥0.51 EN $0.25"
2026-09-29T21:18:06+00:00,https://bilgewatermarket.com/cards,Thrill of the Hunt,nonfoil,10.45,https://bilgewatermarket.com/cards/UNL-184,normal,https://bilgewatermarket.com/assets/UNL-184-EN-CIDe2FFX.webp,¥12.56,$10.45,,Thrill of the Hunt UNL-184/219 CN ¥12.56 EN $10.45
2026-09-29T21:18:06+00:00,https://bilgewatermarket.com/cards,"Pyke, Bloodharbor Ripper",nonfoil,0.19,https://bilgewatermarket.com/cards/UNL-185,normal,https://bilgewatermarket.com/assets/UNL-185-EN-qdyFAFT1.webp,¥0.51,$0.19,,"Pyke, Bloodharbor Ripper UNL-185/219 CN ¥0.51 EN $0.19"
2026-09-29T21:18:06+00:00,https://bilgewatermarket.com/cards,Death from Below,nonfoil,0.78,https://bilgewatermarket.com/cards/UNL-186,normal,https://bilgewatermarket.com/assets/UNL-186-EN-9MZnqrak.webp,¥2.67,$0.78,,Death from Below UNL-186/219 CN ¥2.67 EN $0.78
2026-09-29T21:18:06+00:00,https://bilgewatermarket.com/cards,"Vi, Piltover Enforcer",nonfoil,0.17,https://bilgewatermarket.com/cards/UNL-187,normal,https://bilgewatermarket.com/assets/UNL-187-EN-BPjSbsKQ.webp,¥0.50,$0.17,,"Vi, Piltover Enforcer UNL-187/219 CN ¥0.50 EN $0.17"
2026-09-29T21:18:06+00:00,https://bilgewatermarket.com/cards,Hextech Gauntlets,nonfoil,0.56,https://bilgewatermarket.com/cards/UNL-188,normal,https://bilgewatermarket.com/assets/UNL-188-EN-DDZT2s9K.webp,¥1.64,$0.56,,Hextech Gauntlets UNL-188/219 CN ¥1.64 EN $0.56
2026-09-29T21:18:06+00:00,https://bilgewatermarket.com/cards,"Lillia, Bashful Bloom",nonfoil,0.26,https://bilgewatermarket.com/cards/UNL-189,normal,https://bilgewatermarket.com/assets/UNL-189-EN-kQBpLE9j.webp,¥0.58,$0.26,,"Lillia, Bashful Bloom UNL-189/219 CN ¥0.58 EN $0.26"
2026-09-29T21:18:06+00:00,https://bilgewatermarket.com/cards,Lilting Lullaby,nonfoil,2.07,https://bilgewatermarket.com/cards/UNL-190,normal,https://bilgewatermarket.com/assets/UNL-190-EN-Dn1XtAnW.webp,¥9.72,$2.07,,Lilting Lullaby UNL-190/219 CN ¥9.72 EN $2.07
2026-09-29T21:18:06+00:00,https://bilgewatermarket.com/cards,"Master Yi, Wuju Master",nonfoil,0.21,https://bilgewatermarket.com/cards/UNL-191,normal,https://bilgewatermarket.com/assets/UNL-191-EN-CefqZVC-.webp,¥0.57,$0.21,,"Master Yi, Wuju Master UNL-191/219 CN ¥0.57 EN $0.21"
2026-09-29T21:18:06+00:00,https://bilgewatermarket.com/cards,Alpha Strike,nonfoil,3.04,https://bilgewatermarket.com/cards/UNL-192,normal,https://bilgewatermarket.com/assets/UNL-192-EN-Cq4PsRGb.webp,¥10.48,$3.04,,Alpha Strike UNL-192/219 CN ¥10.48 EN $3.04
2026-09-29T21:18:06+00:00,https://bilgewatermarket.com/cards,"Vex, Gloomist",nonfoil,0.21,https://bilgewatermarket.com/cards/UNL-193,normal,https://bilgewatermarket.com/assets/UNL-193-EN-DNlP_F4B.webp,¥0.52,$0.21,,"Vex, Gloomist UNL-193/219 CN ¥0.52 EN $0.21"
2026-09-29T21:18:06+00:00,https://bilgewatermarket.com/cards,Shadow,nonfoil,0.44,https://bilgewatermarket.com/cards/UNL-194,normal,https://bilgewatermarket.com/assets/UNL-194-EN-DpsNrwjx.webp,¥1.17,$0.44,,Shadow UNL-194/219 CN ¥1.17 EN $0.44
2026-09-29T21:18:06+00:00,https://bilgewatermarket.com/cards,"Ivern, Green Father",nonfoil,0.17,https://bilgewatermarket.com/cards/UNL-195,normal,https://bilgewatermarket.com/assets/UNL-195-EN-e54tnICv.webp,¥0.50,$0.17,,"Ivern, Green Father UNL-195/219 CN ¥0.50 EN $0.17"
2026-09-29T21:18:06+00:00,https://bilgewatermarket.com/cards,Daisy!,nonfoil,1.37,https://bilgewatermarket.com/cards/UNL-196,normal,https://bilgewatermarket.com/assets/UNL-196-EN-SMW5qYhA.webp,¥2.91,$1.37,,Daisy! UNL-196/219 CN ¥2.91 EN $1.37
2026-09-29T21:18:06+00:00,https://bilgewatermarket.com/cards,"Diana, Scorn of the Moon",nonfoil,0.20,https://bilgewatermarket.com/cards/UNL-197,normal,https://bilgewatermarket.com/assets/UNL-197-EN-CNKWIhcH.webp,¥0.58,$0.20,,"Diana, Scorn of the Moon UNL-197/219 CN ¥0.58 EN $0.20"
2026-09-29T21:18:06+00:00,https://bilgewatermarket.com/cards,Moonfall,nonfoil,11.33,https://bilgewatermarket.com/cards/UNL-198,normal,https://bilgewatermarket.com/assets/UNL-198-EN-C577_q1f.webp,¥37.97,$11.33,,Moonfall UNL-198/219 CN ¥37.97 EN $11.33
2026-09-29T21:18:06+00:00,https://bilgewatermarket.com/cards,"LeBlanc, Deceiver",nonfoil,0.22,https://bilgewatermarket.com/cards/UNL-199,normal,https://bilgewatermarket.com/assets/UNL-199-EN-rwWohJbI.webp,¥0.57,$0.22,,"LeBlanc, Deceiver UNL-199/219 CN ¥0.57 EN $0.22"
2026-09-29T21:18:06+00:00,https://bilgewatermarket.com/cards,Mirror Image,nonfoil,19.09,https://bilgewatermarket.com/cards/UNL-200,normal,https://bilgewatermarket.com/assets/UNL-200-EN-BFJZsggW.webp,¥25.38,$19.09,,Mirror Image UNL-200/219 CN ¥25.38 EN $19.09
2026-09-29T21:18:06+00:00,https://bilgewatermarket.com/cards,"Kha'Zix, Voidreaver",nonfoil,0.17,https://bilgewatermarket.com/cards/UNL-201,normal,https://bilgewatermarket.com/assets/UNL-201-EN-eJCqdA7M.webp,¥0.50,$0.17,,"Kha'Zix, Voidreaver UNL-201/219 CN ¥0.50 EN $0.17"
2026-09-29T21:18:06+00:00,https://bilgewatermarket.com/cards,Void Assault,nonfoil,7.08,https://bilgewatermarket.com/cards/UNL-202,normal,https://bilgewatermarket.com/assets/UNL-202-EN-BYsayl9r.webp,¥9.65,$7.08,,Void Assault UNL-202/219 CN ¥9.65 EN $7.08
2026-09-29T21:18:06+00:00,https://bilgewatermarket.com/cards,"Poppy, Keeper of the Hammer",nonfoil,0.15,https://bilgewatermarket.com/cards/UNL-203,normal,https://bilgewatermarket.com/assets/UNL-203-EN-DQZOV_ef.webp,¥0.50,$0.15,,"Poppy, Keeper of the Hammer UNL-203/219 CN ¥0.50 EN $0.15"
2026-09-29T21:18:06+00:00,https://bilgewatermarket.com/cards,Keeper's Verdict,nonfoil,0.55,https://bilgewatermarket.com/cards/UNL-204,normal,https://bilgewatermarket.com/assets/UNL-204-EN-DfO5hbOA.webp,¥1.29,$0.55,,Keeper's Verdict UNL-204/219 CN ¥1.29 EN $0.55
2026-09-29T21:18:06+00:00,https://bilgewatermarket.com/cards,Abandoned Hall,foil,0.41,https://bilgewatermarket.com/cards/UNL-205?print_variation=foiled,foiled,https://bilgewatermarket.com/assets/UNL-205-EN-B3i0oFVT.webp,¥4.11,$0.41,,Abandoned Hall UNL-205/219 Foiled CN ¥4.11 EN $0.41
2026-09-29T21:18:06+00:00,https://bilgewatermarket.com/cards,Abandoned Hall,nonfoil,0.11,https://bilgewatermarket.com/cards/UNL-205,normal,https://bilgewatermarket.com/assets/UNL-205-EN-B3i0oFVT.webp,¥0.93,$0.11,,Abandoned Hall UNL-205/219 CN ¥0.93 EN $0.11
2026-09-29T21:18:06+00:00,https://bilgewatermarket.com/cards,Altar of Blood,foil,0.21,https://bilgewatermarket.com/cards/UNL-206?print_variation=foiled,foiled,https://bilgewatermarket.com/assets/UNL-206-EN-B2xbXvkO.webp,¥1.05,$0.21,,Altar of Blood UNL-206/219 Foiled CN ¥1.05 EN $0.21
2026-09-29T21:18:06+00:00,https://bilgewatermarket.com/cards,Altar of Blood,nonfoil,0.08,https://bilgewatermarket.com/cards/UNL-206,normal,https://bilgewatermarket.com/assets/UNL-206-EN-B2xbXvkO.webp,¥0.58,$0.08,,Altar of Blood UNL-206/219 CN ¥0.58 EN $0.08
2026-09-29T21:18:06+00:00,https://bilgewatermarket.com/cards,Amateur Recital,foil,0.25,https://bilgewatermarket.com/cards/UNL-207?print_variation=foiled,foiled,https://bilgewatermarket.com/assets/UNL-207-EN-C4fKtPbC.webp,¥2.12,$0.25,,Amateur Recital UNL-207/219 Foiled CN ¥2.12 EN $0.25
2026-09-29T21:18:06+00:00,https://bilgewatermarket.com/cards,Amateur Recital,nonfoil,0.07,https://bilgewatermarket.com/cards/UNL-207,normal,https://bilgewatermarket.com/assets/UNL-207-EN-C4fKtPbC.webp,¥0.61,$0.07,,Amateur Recital UNL-207/219 CN ¥0.61 EN $0.07
2026-09-29T21:18:06+00:00,https://bilgewatermarket.com/cards,Black Flame Altar,foil,0.23,https://bilgewatermarket.com/cards/UNL-208?print_variation=foiled,foiled,https://bilgewatermarket.com/assets/UNL-208-EN-BFfUgtpR.webp,¥1.38,$0.23,,Black Flame Altar UNL-208/219 Foiled CN ¥1.38 EN $0.23
2026-09-29T21:18:06+00:00,https://bilgewatermarket.com/cards,Black Flame Altar,nonfoil,0.10,https://bilgewatermarket.com/cards/UNL-208,normal,https://bilgewatermarket.com/assets/UNL-208-EN-BFfUgtpR.webp,¥0.58,$0.10,,Black Flame Altar UNL-208/219 CN ¥0.58 EN $0.10
2026-09-29T21:18:06+00:00,https://bilgewatermarket.com/cards,Dusk Rose Lab,foil,0.33,https://bilgewatermarket.com/cards/UNL-209?print_variation=foiled,foiled,https://bilgewatermarket.com/assets/UNL-209-EN-BuBON7qI.webp,¥3.08,$0.33,,Dusk Rose Lab UNL-209/219 Foiled CN ¥3.08 EN $0.33
2026-09-29T21:18:06+00:00,https://bilgewatermarket.com/cards,Dusk Rose Lab,nonfoil,0.08,https://bilgewatermarket.com/cards/UNL-209,normal,https://bilgewatermarket.com/assets/UNL-209-EN-BuBON7qI.webp,¥0.58,$0.08,,Dusk Rose Lab UNL-209/219 CN ¥0.58 EN $0.08
2026-09-29T21:18:06+00:00,https://bilgewatermarket.com/cards,Forbidding Waste,foil,0.41,https://bilgewatermarket.com/cards/UNL-210?print_variation=foiled,foiled,https://bilgewatermarket.com/assets/UNL-210-EN--IbLa7Sk.webp,¥2.64,$0.41,,Forbidding Waste UNL-210/219 Foiled CN ¥2.64 EN $0.41
2026-09-29T21:18:06+00:00,https://bilgewatermarket.com/cards,Forbidding Waste,nonfoil,0.12,https://bilgewatermarket.com/cards/UNL-210,normal,https://bilgewatermarket.com/assets/UNL-210-EN--IbLa7Sk.webp,¥0.61,$0.12,,Forbidding Waste UNL-210/219 CN ¥0.61 EN $0.12
2026-09-29T21:18:06+00:00,https://bilgewatermarket.com/cards,Forgotten Library,foil,0.16,https://bilgewatermarket.com/cards/UNL-211?print_variation=foiled,foiled,https://bilgewatermarket.com/assets/UNL-211-EN-7oK7vflT.webp,¥1.01,$0.16,,Forgotten Library UNL-211/219 Foiled CN ¥1.01 EN $0.16
2026-09-29T21:18:06+00:00,https://bilgewatermarket.com/cards,Forgotten Library,nonfoil,0.08,https://bilgewatermarket.com/cards/UNL-211,normal,https://bilgewatermarket.com/assets/UNL-211-EN-7oK7vflT.webp,¥0.50,$0.08,,Forgotten Library UNL-211/219 CN ¥0.50 EN $0.08
2026-09-29T21:18:06+00:00,https://bilgewatermarket.com/cards,Frozen Fortress,foil,0.27,https://bilgewatermarket.com/cards/UNL-212?print_variation=foiled,foiled,https://bilgewatermarket.com/assets/UNL-212-EN-DiwGxiqY.webp,¥1.77,$0.27,,Frozen Fortress UNL-212/219 Foiled CN ¥1.77 EN $0.27
2026-09-29T21:18:06+00:00,https://bilgewatermarket.com/cards,Frozen Fortress,nonfoil,0.08,https://bilgewatermarket.com/cards/UNL-212,normal,https://bilgewatermarket.com/assets/UNL-212-EN-DiwGxiqY.webp,¥0.59,$0.08,,Frozen Fortress UNL-212/219 CN ¥0.59 EN $0.08
2026-09-29T21:18:06+00:00,https://bilgewatermarket.com/cards,Gardens of Becoming,foil,0.23,https://bilgewatermarket.com/cards/UNL-213?print_variation=foiled,foiled,https://bilgewatermarket.com/assets/UNL-213-EN-CX1vd13o.webp,¥1.04,$0.23,,Gardens of Becoming UNL-213/219 Foiled CN ¥1.04 EN $0.23
2026-09-29T21:18:06+00:00,https://bilgewatermarket.com/cards,Gardens of Becoming,nonfoil,0.07,https://bilgewatermarket.com/cards/UNL-213,normal,https://bilgewatermarket.com/assets/UNL-213-EN-CX1vd13o.webp,¥0.50,$0.07,,Gardens of Becoming UNL-213/219 CN ¥0.50 EN $0.07
2026-09-29T21:18:06+00:00,https://bilgewatermarket.com/cards,Ripper's Bay,foil,0.26,https://bilgewatermarket.com/cards/UNL-214?print_variation=foiled,foiled,https://bilgewatermarket.com/assets/UNL-214-EN-Ny9KFUes.webp,¥1.34,$0.26,,Ripper's Bay UNL-214/219 Foiled CN ¥1.34 EN $0.26
2026-09-29T21:18:06+00:00,https://bilgewatermarket.com/cards,Ripper's Bay,nonfoil,0.07,https://bilgewatermarket.com/cards/UNL-214,normal,https://bilgewatermarket.com/assets/UNL-214-EN-Ny9KFUes.webp,¥0.50,$0.07,,Ripper's Bay UNL-214/219 CN ¥0.50 EN $0.07
2026-09-29T21:18:06+00:00,https://bilgewatermarket.com/cards,Star Spring,foil,0.36,https://bilgewatermarket.com/cards/UNL-215?print_variation=foiled,foiled,https://bilgewatermarket.com/assets/UNL-215-EN-CkgDq3o1.webp,¥3.67,$0.36,,Star Spring UNL-215/219 Foiled CN ¥3.67 EN $0.36
2026-09-29T21:18:06+00:00,https://bilgewatermarket.com/cards,Star Spring,nonfoil,0.14,https://bilgewatermarket.com/cards/UNL-215,normal,https://bilgewatermarket.com/assets/UNL-215-EN-CkgDq3o1.webp,¥0.67,$0.14,,Star Spring UNL-215/219 CN ¥0.67 EN $0.14
2026-09-29T21:18:06+00:00,https://bilgewatermarket.com/cards,The Academy,foil,0.19,https://bilgewatermarket.com/cards/UNL-216?print_variation=foiled,foiled,https://bilgewatermarket.com/assets/UNL-216-EN-C6l-ju5k.webp,¥0.84,$0.19,,The Academy UNL-216/219 Foiled CN ¥0.84 EN $0.19
2026-09-29T21:18:06+00:00,https://bilgewatermarket.com/cards,The Academy,nonfoil,0.06,https://bilgewatermarket.com/cards/UNL-216,normal,https://bilgewatermarket.com/assets/UNL-216-EN-C6l-ju5k.webp,¥0.51,$0.06,,The Academy UNL-216/219 CN ¥0.51 EN $0.06
2026-09-29T21:18:06+00:00,https://bilgewatermarket.com/cards,Trapping Grounds,foil,0.17,https://bilgewatermarket.com/cards/UNL-217?print_variation=foiled,foiled,https://bilgewatermarket.com/assets/UNL-217-EN-BWCfkzuB.webp,¥1.02,$0.17,,Trapping Grounds UNL-217/219 Foiled CN ¥1.02 EN $0.17
2026-09-29T21:18:06+00:00,https://bilgewatermarket.com/cards,Trapping Grounds,nonfoil,0.06,https://bilgewatermarket.com/cards/UNL-217,normal,https://bilgewatermarket.com/assets/UNL-217-EN-BWCfkzuB.webp,¥0.50,$0.06,,Trapping Grounds UNL-217/219 CN ¥0.50 EN $0.06
2026-09-29T21:18:06+00:00,https://bilgewatermarket.com/cards,Valley of Idols,foil,0.23,https://bilgewatermarket.com/cards/UNL-218?print_variation=foiled,foiled,https://bilgewatermarket.com/assets/UNL-218-EN-8C6J9Tai.webp,¥1.59,$0.23,,Valley of Idols UNL-218/219 Foiled CN ¥1.59 EN $0.23
2026-09-29T21:18:06+00:00,https://bilgewatermarket.com/cards,Valley of Idols,nonfoil,0.09,https://bilgewatermarket.com/cards/UNL-218,normal,https://bilgewatermarket.com/assets/UNL-218-EN-8C6J9Tai.webp,¥0.59,$0.09,,Valley of Idols UNL-218/219 CN ¥0.59 EN $0.09
2026-09-29T21:18:06+00:00,https://bilgewatermarket.com/cards,Vaults of Helia,foil,0.25,https://bilgewatermarket.com/cards/UNL-219?print_variation=foiled,foiled,https://bilgewatermarket.com/assets/UNL-219-EN-KP4dsgM_.webp,¥1.66,$0.25,,Vaults of Helia UNL-219/219 Foiled CN ¥1.66 EN $0.25
2026-09-29T21:18:06+00:00,https://bilgewatermarket.com/cards,Vaults of Helia,nonfoil,0.06,https://bilgewatermarket.com/cards/UNL-219,normal,https://bilgewatermarket.com/assets/UNL-219-EN-KP4dsgM_.webp,¥0.58,$0.06,,Vaults of Helia UNL-219/219 CN ¥0.58 EN $0.06
2026-09-29T21:18:06+00:00,https://bilgewatermarket.com/cards,Pouty Poro,nonfoil,199.18,https://bilgewatermarket.com/cards/UNL-220?print_variation=showcase,showcase,https://bilgewatermarket.com/assets/UNL-220-EN-BU3HFBrU.webp,¥203.45,$199.18,,Pouty Poro UNL-220/219 Showcase CN ¥203.45 EN $199.18
2026-09-29T21:18:06+00:00,https://bilgewatermarket.com/cards,Lonely Poro,nonfoil,361.73,https://bilgewatermarket.com/cards/UNL-221?print_variation=showcase,showcase,https://bilgewatermarket.com/assets/UNL-221-EN-BuQVYFZY.webp,¥451.30,$361.73,,Lonely Poro UNL-221/219 Showcase CN ¥451.30 EN $361.73
2026-09-29T21:18:06+00:00,https://bilgewatermarket.com/cards,Plundering Poro,nonfoil,199.32,https://bilgewatermarket.com/cards/UNL-222?print_variation=showcase,showcase,https://bilgewatermarket.com/assets/UNL-222-EN-BFFWmkuO.webp,¥319.69,$199.32,,Plundering Poro UNL-222/219 Showcase CN ¥319.69 EN $199.32
2026-09-29T21:18:06+00:00,https://bilgewatermarket.com/cards,Veteran Poro,nonfoil,176.67,https://bilgewatermarket.com/cards/UNL-223?print_variation=showcase,showcase,https://bilgewatermarket.com/assets/UNL-223-EN-DjYUB0Qh.webp,¥134.96,$176.67,,Veteran Poro UNL-223/219 Showcase CN ¥134.96 EN $176.67
2026-09-29T21:18:06+00:00,https://bilgewatermarket.com/cards,Mystic Poro,nonfoil,188.61,https://bilgewatermarket.com/cards/UNL-224?print_variation=showcase,showcase,https://bilgewatermarket.com/assets/UNL-224-EN-CBO2fcyz.webp,¥211.79,$188.61,,Mystic Poro UNL-224/219 Showcase CN ¥211.79 EN $188.61
2026-09-29T21:18:06+00:00,https://bilgewatermarket.com/cards,Daring Poro,nonfoil,171.48,https://bilgewatermarket.com/cards/UNL-225?print_variation=showcase,showcase,https://bilgewatermarket.com/assets/UNL-225-EN-BTiJoP5C.webp,¥218.97,$171.48,,Daring Poro UNL-225/219 Showcase CN ¥218.97 EN $171.48
2026-09-29T21:18:06+00:00,https://bilgewatermarket.com/cards,"Jhin, Virtuoso",nonfoil,69.93,https://bilgewatermarket.com/cards/UNL-226?print_variation=showcase,showcase,https://bilgewatermarket.com/assets/UNL-226-EN-LeTYYDjl.webp,¥65.60,$69.93,,"Jhin, Virtuoso UNL-226/219 Showcase CN ¥65.60 EN $69.93"
2026-09-29T21:18:06+00:00,https://bilgewatermarket.com/cards,"Rengar, Pridestalker",nonfoil,108.67,https://bilgewatermarket.com/cards/UNL-227?print_variation=showcase,showcase,https://bilgewatermarket.com/assets/UNL-227-EN-It77lMx2.webp,¥98.25,$108.67,,"Rengar, Pridestalker UNL-227/219 Showcase CN ¥98.25 EN $108.67"
2026-09-29T21:18:06+00:00,https://bilgewatermarket.com/cards,"Pyke, Bloodharbor Ripper",nonfoil,94.20,https://bilgewatermarket.com/cards/UNL-228?print_variation=showcase,showcase,https://bilgewatermarket.com/assets/UNL-228-EN-B_4X0rcx.webp,¥101.15,$94.20,,"Pyke, Bloodharbor Ripper UNL-228/219 Showcase CN ¥101.15 EN $94.20"
2026-09-29T21:18:06+00:00,https://bilgewatermarket.com/cards,"Vi, Piltover Enforcer",nonfoil,92.39,https://bilgewatermarket.com/cards/UNL-229?print_variation=showcase,showcase,https://bilgewatermarket.com/assets/UNL-229-EN-DMaA_WrZ.webp,¥90.81,$92.39,,"Vi, Piltover Enforcer UNL-229/219 Showcase CN ¥90.81 EN $92.39"
2026-09-29T21:18:06+00:00,https://bilgewatermarket.com/cards,"Lillia, Bashful Bloom",nonfoil,78.80,https://bilgewatermarket.com/cards/UNL-230?print_variation=showcase,showcase,https://bilgewatermarket.com/assets/UNL-230-EN-HFfdZJFb.webp,¥89.87,$78.80,,"Lillia, Bashful Bloom UNL-230/219 Showcase CN ¥89.87 EN $78.80"
2026-09-29T21:18:06+00:00,https://bilgewatermarket.com/cards,"Master Yi, Wuju Master",nonfoil,49.77,https://bilgewatermarket.com/cards/UNL-231?print_variation=showcase,showcase,https://bilgewatermarket.com/assets/UNL-231-EN-DtYBY2xr.webp,¥104.53,$49.77,,"Master Yi, Wuju Master UNL-231/219 Showcase CN ¥104.53 EN $49.77"
2026-09-29T21:18:06+00:00,https://bilgewatermarket.com/cards,"Vex, Gloomist",nonfoil,120.49,https://bilgewatermarket.com/cards/UNL-232?print_variation=showcase,showcase,https://bilgewatermarket.com/assets/UNL-232-EN-BYXRnHrj.webp,¥305.02,$120.49,,"Vex, Gloomist UNL-232/219 Showcase CN ¥305.02 EN $120.49"
2026-09-29T21:18:06+00:00,https://bilgewatermarket.com/cards,"Ivern, Green Father",nonfoil,65.15,https://bilgewatermarket.com/cards/UNL-233?print_variation=showcase,showcase,https://bilgewatermarket.com/assets/UNL-233-EN-CeEkAtl7.webp,¥48.35,$65.15,,"Ivern, Green Father UNL-233/219 Showcase CN ¥48.35 EN $65.15"
2026-09-29T21:18:06+00:00,https://bilgewatermarket.com/cards,"Diana, Scorn of the Moon",nonfoil,237.36,https://bilgewatermarket.com/cards/UNL-234?print_variation=showcase,showcase,https://bilgewatermarket.com/assets/UNL-234-EN-jyyftaCH.webp,¥326.74,$237.36,,"Diana, Scorn of the Moon UNL-234/219 Showcase CN ¥326.74 EN $237.36"
2026-09-29T21:18:06+00:00,https://bilgewatermarket.com/cards,"LeBlanc, Deceiver",nonfoil,248.45,https://bilgewatermarket.com/cards/UNL-235?print_variation=showcase,showcase,https://bilgewatermarket.com/assets/UNL-235-EN-xrKLyHRv.webp,¥256.42,$248.45,,"LeBlanc, Deceiver UNL-235/219 Showcase CN ¥256.42 EN $248.45"
2026-09-29T21:18:06+00:00,https://bilgewatermarket.com/cards,"Kha'Zix, Voidreaver",nonfoil,112.69,https://bilgewatermarket.com/cards/UNL-236?print_variation=showcase,showcase,https://bilgewatermarket.com/assets/UNL-236-EN-uQp0Dv5x.webp,¥100.26,$112.69,,"Kha'Zix, Voidreaver UNL-236/219 Showcase CN ¥100.26 EN $112.69"
2026-09-29T21:18:06+00:00,https://bilgewatermarket.com/cards,"Poppy, Keeper of the Hammer",nonfoil,44.30,https://bilgewatermarket.com/cards/UNL-237?print_variation=showcase,showcase,https://bilgewatermarket.com/assets/UNL-237-EN-BPuD6POI.webp,¥49.17,$44.30,,"Poppy, Keeper of the Hammer UNL-237/219 Showcase CN ¥49.17 EN $44.30"
2026-09-29T21:18:06+00:00,https://bilgewatermarket.com/cards,Baron Nashor,nonfoil,1828.46,https://bilgewatermarket.com/cards/UNL-238?print_variation=showcase,showcase,https://bilgewatermarket.com/assets/UNL-238-EN-Dch1B17l.webp,"¥10,347.80","$1,828.46",,"Baron Nashor UNL-238/219 Showcase CN ¥10,347.80 EN $1,828.46"
2026-09-29T21:18:06+00:00,https://bilgewatermarket.com/cards,Against the Odds,foil,0.27,https://bilgewatermarket.com/cards/SFD-001?print_variation=foiled,foiled,https://bilgewatermarket.com/assets/SFD-001-EN-BFpb8lmI.jpg,¥1.00,$0.27,,Against the Odds SFD-001/221 Foiled CN ¥1.00 EN $0.27
2026-09-29T21:18:06+00:00,https://bilgewatermarket.com/cards,Against the Odds,nonfoil,0.10,https://bilgewatermarket.com/cards/SFD-001,normal,https://bilgewatermarket.com/assets/SFD-001-EN-BFpb8lmI.jpg,¥0.51,$0.10,,Against the Odds SFD-001/221 CN ¥0.51 EN $0.10
2026-09-29T21:18:06+00:00,https://bilgewatermarket.com/cards,Armed Assailant,foil,0.14,https://bilgewatermarket.com/cards/SFD-002?print_variation=foiled,foiled,https://bilgewatermarket.com/assets/SFD-002-EN-p5lNE6jO.jpg,¥0.50,$0.14,,Armed Assailant SFD-002/221 Foiled CN ¥0.50 EN $0.14
2026-09-29T21:18:06+00:00,https://bilgewatermarket.com/cards,Armed Assailant,nonfoil,0.04,https://bilgewatermarket.com/cards/SFD-002,normal,https://bilgewatermarket.com/assets/SFD-002-EN-p5lNE6jO.jpg,¥0.30,$0.04,,Armed Assailant SFD-002/221 CN ¥0.30 EN $0.04
2026-09-29T21:18:06+00:00,https://bilgewatermarket.com/cards,Blood Rush,foil,0.26,https://bilgewatermarket.com/cards/SFD-003?print_variation=foiled,foiled,https://bilgewatermarket.com/assets/SFD-003-EN-Dk4rhHcM.jpg,¥1.18,$0.26,,Blood Rush SFD-003/221 Foiled CN ¥1.18 EN $0.26
2026-09-29T21:18:06+00:00,https://bilgewatermarket.com/cards,Blood Rush,nonfoil,0.11,https://bilgewatermarket.com/cards/SFD-003,normal,https://bilgewatermarket.com/assets/SFD-003-EN-Dk4rhHcM.jpg,¥0.51,$0.11,,Blood Rush SFD-003/221 CN ¥0.51 EN $0.11
2026-09-29T21:18:06+00:00,https://bilgewatermarket.com/cards,Bushwhack,foil,0.23,https://bilgewatermarket.com/cards/SFD-004?print_variation=foiled,foiled,https://bilgewatermarket.com/assets/SFD-004-EN-CMjg6u9O.jpg,¥0.53,$0.23,,Bushwhack SFD-004/221 Foiled CN ¥0.53 EN $0.23
2026-09-29T21:18:06+00:00,https://bilgewatermarket.com/cards,Bushwhack,nonfoil,0.07,https://bilgewatermarket.com/cards/SFD-004,normal,https://bilgewatermarket.com/assets/SFD-004-EN-CMjg6u9O.jpg,¥0.51,$0.07,,Bushwhack SFD-004/221 CN ¥0.51 EN $0.07
2026-09-29T21:18:06+00:00,https://bilgewatermarket.com/cards,Detonate,foil,0.23,https://bilgewatermarket.com/cards/SFD-005?print_variation=foiled,foiled,https://bilgewatermarket.com/assets/SFD-005-EN-DSLMILlk.jpg,¥0.50,$0.23,,Detonate SFD-005/221 Foiled CN ¥0.50 EN $0.23
2026-09-29T21:18:06+00:00,https://bilgewatermarket.com/cards,Detonate,nonfoil,0.09,https://bilgewatermarket.com/cards/SFD-005,normal,https://bilgewatermarket.com/assets/SFD-005-EN-DSLMILlk.jpg,¥0.50,$0.09,,Detonate SFD-005/221 CN ¥0.50 EN $0.09
2026-09-29T21:18:06+00:00,https://bilgewatermarket.com/cards,Eager Drakehound,foil,0.19,https://bilgewatermarket.com/cards/SFD-006?print_variation=foiled,foiled,https://bilgewatermarket.com/assets/SFD-006-EN-BrJLWNrD.jpg,¥0.50,$0.19,,Eager Drakehound SFD-006/221 Foiled CN ¥0.50 EN $0.19
2026-09-29T21:18:06+00:00,https://bilgewatermarket.com/cards,Eager Drakehound,nonfoil,0.06,https://bilgewatermarket.com/cards/SFD-006,normal,https://bilgewatermarket.com/assets/SFD-006-EN-BrJLWNrD.jpg,¥0.50,$0.06,,Eager Drakehound SFD-006/221 CN ¥0.50 EN $0.06
2026-09-29T21:18:06+00:00,https://bilgewatermarket.com/cards,Gem Jammer,foil,0.22,https://bilgewatermarket.com/cards/SFD-007?print_variation=foiled,foiled,https://bilgewatermarket.com/assets/SFD-007-EN-BNfcC7-B.jpg,¥0.75,$0.22,,Gem Jammer SFD-007/221 Foiled CN ¥0.75 EN $0.22
2026-09-29T21:18:06+00:00,https://bilgewatermarket.com/cards,Gem Jammer,nonfoil,0.07,https://bilgewatermarket.com/cards/SFD-007,normal,https://bilgewatermarket.com/assets/SFD-007-EN-BNfcC7-B.jpg,¥0.50,$0.07,,Gem Jammer SFD-007/221 CN ¥0.50 EN $0.07
2026-09-29T21:18:06+00:00,https://bilgewatermarket.com/cards,Sentinel Adept,foil,0.20,https://bilgewatermarket.com/cards/SFD-008?print_variation=foiled,foiled,https://bilgewatermarket.com/assets/SFD-008-EN-xDDBtw5Y.jpg,¥0.50,$0.20,,Sentinel Adept SFD-008/221 Foiled CN ¥0.50 EN $0.20
2026-09-29T21:18:06+00:00,https://bilgewatermarket.com/cards,Sentinel Adept,nonfoil,0.05,https://bilgewatermarket.com/cards/SFD-008,normal,https://bilgewatermarket.com/assets/SFD-008-EN-xDDBtw5Y.jpg,¥0.50,$0.05,,Sentinel Adept SFD-008/221 CN ¥0.50 EN $0.05
2026-09-29T21:18:06+00:00,https://bilgewatermarket.com/cards,Serrated Dirk,foil,0.20,https://bilgewatermarket.com/cards/SFD-009?print_variation=foiled,foiled,https://bilgewatermarket.com/assets/SFD-009-EN-B-OT2bsM.jpg,¥0.50,$0.20,,Serrated Dirk SFD-009/221 Foiled CN ¥0.50 EN $0.20
2026-09-29T21:18:06+00:00,https://bilgewatermarket.com/cards,Serrated Dirk,nonfoil,0.07,https://bilgewatermarket.com/cards/SFD-009,normal,https://bilgewatermarket.com/assets/SFD-009-EN-B-OT2bsM.jpg,¥0.50,$0.07,,Serrated Dirk SFD-009/221 CN ¥0.50 EN $0.07
2026-09-29T21:18:06+00:00,https://bilgewatermarket.com/cards,Void Drone,foil,0.20,https://bilgewatermarket.com/cards/SFD-010?print_variation=foiled,foiled,https://bilgewatermarket.com/assets/SFD-010-EN-B1im6mgC.jpg,¥0.60,$0.20,,Void Drone SFD-010/221 Foiled CN ¥0.60 EN $0.20
2026-09-29T21:18:06+00:00,https://bilgewatermarket.com/cards,Void Drone,nonfoil,0.06,https://bilgewatermarket.com/cards/SFD-010,normal,https://bilgewatermarket.com/assets/SFD-010-EN-B1im6mgC.jpg,¥0.50,$0.06,,Void Drone SFD-010/221 CN ¥0.50 EN $0.06
2026-09-29T21:18:06+00:00,https://bilgewatermarket.com/cards,Angle Shot,foil,0.24,https://bilgewatermarket.com/cards/SFD-011?print_variation=foiled,foiled,https://bilgewatermarket.com/assets/SFD-011-EN-5f9ma-PY.jpg,¥1.82,$0.24,,Angle Shot SFD-011/221 Foiled CN ¥1.82 EN $0.24
2026-09-29T21:18:06+00:00,https://bilgewatermarket.com/cards,Angle Shot,nonfoil,0.09,https://bilgewatermarket.com/cards/SFD-011,normal,https://bilgewatermarket.com/assets/SFD-011-EN-5f9ma-PY.jpg,¥0.52,$0.09,,Angle Shot SFD-011/221 CN ¥0.52 EN $0.09
2026-09-29T21:18:06+00:00,https://bilgewatermarket.com/cards,Battering Ram,foil,0.42,https://bilgewatermarket.com/cards/SFD-012?print_variation=foiled,foiled,https://bilgewatermarket.com/assets/SFD-012-EN-6Sj70Pjz.jpg,¥1.53,$0.42,,Battering Ram SFD-012/221 Foiled CN ¥1.53 EN $0.42
2026-09-29T21:18:06+00:00,https://bilgewatermarket.com/cards,Battering Ram,nonfoil,0.14,https://bilgewatermarket.com/cards/SFD-012,normal,https://bilgewatermarket.com/assets/SFD-012-EN-6Sj70Pjz.jpg,¥0.51,$0.14,,Battering Ram SFD-012/221 CN ¥0.51 EN $0.14
2026-09-29T21:18:06+00:00,https://bilgewatermarket.com/cards,Blast Corps Cadet,foil,0.22,https://bilgewatermarket.com/cards/SFD-013?print_variation=foiled,foiled,https://bilgewatermarket.com/assets/SFD-013-EN-C-T_q2XE.jpg,¥0.50,$0.22,,Blast Corps Cadet SFD-013/221 Foiled CN ¥0.50 EN $0.22
2026-09-29T21:18:06+00:00,https://bilgewatermarket.com/cards,Blast Corps Cadet,nonfoil,0.09,https://bilgewatermarket.com/cards/SFD-013,normal,https://bilgewatermarket.com/assets/SFD-013-EN-C-T_q2XE.jpg,¥0.50,$0.09,,Blast Corps Cadet SFD-013/221 CN ¥0.50 EN $0.09
2026-09-29T21:18:06+00:00,https://bilgewatermarket.com/cards,Minotaur Reckoner,foil,0.29,https://bilgewatermarket.com/cards/SFD-014?print_variation=foiled,foiled,https://bilgewatermarket.com/assets/SFD-014-EN-B-kpq3T5.jpg,¥1.10,$0.29,,Minotaur Reckoner SFD-014/221 Foiled CN ¥1.10 EN $0.29
2026-09-29T21:18:06+00:00,https://bilgewatermarket.com/cards,Minotaur Reckoner,nonfoil,0.11,https://bilgewatermarket.com/cards/SFD-014,normal,https://bilgewatermarket.com/assets/SFD-014-EN-B-kpq3T5.jpg,¥0.50,$0.11,,Minotaur Reckoner SFD-014/221 CN ¥0.50 EN $0.11
2026-09-29T21:18:06+00:00,https://bilgewatermarket.com/cards,Perched Grimwyrm,foil,0.22,https://bilgewatermarket.com/cards/SFD-015?print_variation=foiled,foiled,https://bilgewatermarket.com/assets/SFD-015-EN-DqbsTd7E.jpg,¥0.60,$0.22,,Perched Grimwyrm SFD-015/221 Foiled CN ¥0.60 EN $0.22
2026-09-29T21:18:06+00:00,https://bilgewatermarket.com/cards,Perched Grimwyrm,nonfoil,0.10,https://bilgewatermarket.com/cards/SFD-015,normal,https://bilgewatermarket.com/assets/SFD-015-EN-DqbsTd7E.jpg,¥0.50,$0.10,,Perched Grimwyrm SFD-015/221 CN ¥0.50 EN $0.10
2026-09-29T21:18:06+00:00,https://bilgewatermarket.com/cards,Recurve Bow,foil,0.21,https://bilgewatermarket.com/cards/SFD-016?print_variation=foiled,foiled,https://bilgewatermarket.com/assets/SFD-016-EN-DQkT5Opa.jpg,¥0.52,$0.21,,Recurve Bow SFD-016/221 Foiled CN ¥0.52 EN $0.21
2026-09-29T21:18:06+00:00,https://bilgewatermarket.com/cards,Recurve Bow,nonfoil,0.12,https://bilgewatermarket.com/cards/SFD-016,normal,https://bilgewatermarket.com/assets/SFD-016-EN-DQkT5Opa.jpg,¥0.50,$0.12,,Recurve Bow SFD-016/221 CN ¥0.50 EN $0.12
2026-09-29T21:18:06+00:00,https://bilgewatermarket.com/cards,Sudden Storm,foil,0.27,https://bilgewatermarket.com/cards/SFD-017?print_variation=foiled,foiled,https://bilgewatermarket.com/assets/SFD-017-EN-BK5N42lM.jpg,¥0.58,$0.27,,Sudden Storm SFD-017/221 Foiled CN ¥0.58 EN $0.27
2026-09-29T21:18:06+00:00,https://bilgewatermarket.com/cards,Sudden Storm,nonfoil,0.12,https://bilgewatermarket.com/cards/SFD-017,normal,https://bilgewatermarket.com/assets/SFD-017-EN-BK5N42lM.jpg,¥0.50,$0.12,,Sudden Storm SFD-017/221 CN ¥0.50 EN $0.12
2026-09-29T21:18:06+00:00,https://bilgewatermarket.com/cards,Void Hatchling,foil,0.28,https://bilgewatermarket.com/cards/SFD-018?print_variation=foiled,foiled,https://bilgewatermarket.com/assets/SFD-018-EN-BmdzoQJT.jpg,¥0.50,$0.28,,Void Hatchling SFD-018/221 Foiled CN ¥0.50 EN $0.28
2026-09-29T21:18:06+00:00,https://bilgewatermarket.com/cards,Void Hatchling,nonfoil,0.09,https://bilgewatermarket.com/cards/SFD-018,normal,https://bilgewatermarket.com/assets/SFD-018-EN-BmdzoQJT.jpg,¥0.50,$0.09,,Void Hatchling SFD-018/221 CN ¥0.50 EN $0.09
2026-09-29T21:18:06+00:00,https://bilgewatermarket.com/cards,Assembly Rig,nonfoil,0.16,https://bilgewatermarket.com/cards/SFD-019,normal,https://bilgewatermarket.com/assets/SFD-019-EN-Db9nnn7g.jpg,¥0.50,$0.16,,Assembly Rig SFD-019/221 CN ¥0.50 EN $0.16
2026-09-29T21:18:06+00:00,https://bilgewatermarket.com/cards,"Draven, Vanquisher",nonfoil,0.24,https://bilgewatermarket.com/cards/SFD-020,normal,https://bilgewatermarket.com/assets/SFD-020-EN-TBdmCQGg.jpg,¥1.32,$0.24,,"BANNED Draven, Vanquisher SFD-020/221 CN ¥1.32 EN $0.24"
2026-09-29T21:18:06+00:00,https://bilgewatermarket.com/cards,"Draven, Vanquisher",nonfoil,1.83,https://bilgewatermarket.com/cards/SFD-020a?print_variation=showcase,showcase,https://bilgewatermarket.com/assets/SFD-020a-EN-BcyEVAuX.jpg,¥1.20,$1.83,,"BANNED Draven, Vanquisher SFD-020A/221 Showcase CN ¥1.20 EN $1.83"
2026-09-29T21:18:06+00:00,https://bilgewatermarket.com/cards,Ferrous Forerunner,nonfoil,2.60,https://bilgewatermarket.com/cards/SFD-021,normal,https://bilgewatermarket.com/assets/SFD-021-EN-5Qmhkz1S.jpg,¥2.43,$2.60,,Ferrous Forerunner SFD-021/221 CN ¥2.43 EN $2.60
2026-09-29T21:18:06+00:00,https://bilgewatermarket.com/cards,Long Sword,nonfoil,0.42,https://bilgewatermarket.com/cards/SFD-022,normal,https://bilgewatermarket.com/assets/SFD-022-EN-YbFX3fQ2.jpg,¥1.05,$0.42,,Long Sword SFD-022/221 CN ¥1.05 EN $0.42
2026-09-29T21:18:06+00:00,https://bilgewatermarket.com/cards,Piercing Light,nonfoil,0.30,https://bilgewatermarket.com/cards/SFD-023,normal,https://bilgewatermarket.com/assets/SFD-023-EN-BqFCDf32.jpg,¥1.28,$0.30,,Piercing Light SFD-023/221 CN ¥1.28 EN $0.30
2026-09-29T21:18:06+00:00,https://bilgewatermarket.com/cards,"Rell, Magnetic",nonfoil,0.18,https://bilgewatermarket.com/cards/SFD-024,normal,https://bilgewatermarket.com/assets/SFD-024-EN-B5IK6b0-.jpg,¥0.53,$0.18,,"Rell, Magnetic SFD-024/221 CN ¥0.53 EN $0.18"
2026-09-29T21:18:06+00:00,https://bilgewatermarket.com/cards,"Rengar, Pouncing",nonfoil,0.55,https://bilgewatermarket.com/cards/SFD-025,normal,https://bilgewatermarket.com/assets/SFD-025-EN-DwBeHyLw.jpg,¥0.66,$0.55,,"Rengar, Pouncing SFD-025/221 CN ¥0.66 EN $0.55"
2026-09-29T21:18:06+00:00,https://bilgewatermarket.com/cards,"Rumble, Hotheaded",nonfoil,0.20,https://bilgewatermarket.com/cards/SFD-026,normal,https://bilgewatermarket.com/assets/SFD-026-EN-D82yvB8K.jpg,¥0.52,$0.20,,"Rumble, Hotheaded SFD-026/221 CN ¥0.52 EN $0.20"
2026-09-29T21:18:06+00:00,https://bilgewatermarket.com/cards,"Rumble, Hotheaded",nonfoil,1.22,https://bilgewatermarket.com/cards/SFD-026a?print_variation=showcase,showcase,https://bilgewatermarket.com/assets/SFD-026a-EN-BssuS5ud.jpg,¥1.93,$1.22,,"Rumble, Hotheaded SFD-026A/221 Showcase CN ¥1.93 EN $1.22"
2026-09-29T21:18:06+00:00,https://bilgewatermarket.com/cards,Dunebreaker,nonfoil,0.93,https://bilgewatermarket.com/cards/SFD-027,normal,https://bilgewatermarket.com/assets/SFD-027-EN-Cr2ZQdTY.jpg,¥4.02,$0.93,,Dunebreaker SFD-027/221 CN ¥4.02 EN $0.93
2026-09-29T21:18:06+00:00,https://bilgewatermarket.com/cards,"Lucian, Gunslinger",nonfoil,0.85,https://bilgewatermarket.com/cards/SFD-028,normal,https://bilgewatermarket.com/assets/SFD-028-EN-BHngvG56.jpg,¥1.01,$0.85,,"Lucian, Gunslinger SFD-028/221 CN ¥1.01 EN $0.85"
2026-09-29T21:18:06+00:00,https://bilgewatermarket.com/cards,"Lucian, Gunslinger",nonfoil,1.31,https://bilgewatermarket.com/cards/SFD-028a?print_variation=showcase,showcase,https://bilgewatermarket.com/assets/SFD-028a-EN-2ZqfLj5j.jpg,¥1.02,$1.31,,"Lucian, Gunslinger SFD-028A/221 Showcase CN ¥1.02 EN $1.31"
2026-09-29T21:18:06+00:00,https://bilgewatermarket.com/cards,"Rek'Sai, Breacher",nonfoil,7.71,https://bilgewatermarket.com/cards/SFD-029,normal,https://bilgewatermarket.com/assets/SFD-029-EN-Dy1luUnR.jpg,¥4.48,$7.71,,"Rek'Sai, Breacher SFD-029/221 CN ¥4.48 EN $7.71"
2026-09-29T21:18:06+00:00,https://bilgewatermarket.com/cards,"Rek'Sai, Breacher",nonfoil,8.80,https://bilgewatermarket.com/cards/SFD-029a?print_variation=showcase,showcase,https://bilgewatermarket.com/assets/SFD-029a-EN-B_hxEtl4.jpg,¥6.97,$8.80,,"Rek'Sai, Breacher SFD-029A/221 Showcase CN ¥6.97 EN $8.80"
2026-09-29T21:18:06+00:00,https://bilgewatermarket.com/cards,Skyfall of Areion,nonfoil,4.25,https://bilgewatermarket.com/cards/SFD-030,normal,https://bilgewatermarket.com/assets/SFD-030-EN-BoSygp9y.jpg,¥4.96,$4.25,,Skyfall of Areion SFD-030/221 CN ¥4.96 EN $4.25
2026-09-29T21:18:06+00:00,https://bilgewatermarket.com/cards,Desert's Call,foil,0.34,https://bilgewatermarket.com/cards/SFD-031?print_variation=foiled,foiled,https://bilgewatermarket.com/assets/SFD-031-EN-BXVrWN10.jpg,¥1.35,$0.34,,Desert's Call SFD-031/221 Foiled CN ¥1.35 EN $0.34
2026-09-29T21:18:06+00:00,https://bilgewatermarket.com/cards,Desert's Call,nonfoil,0.08,https://bilgewatermarket.com/cards/SFD-031,normal,https://bilgewatermarket.com/assets/SFD-031-EN-BXVrWN10.jpg,¥0.50,$0.08,,Desert's Call SFD-031/221 CN ¥0.50 EN $0.08
2026-09-29T21:18:06+00:00,https://bilgewatermarket.com/cards,Disarming Rake,foil,0.45,https://bilgewatermarket.com/cards/SFD-032?print_variation=foiled,foiled,https://bilgewatermarket.com/assets/SFD-032-EN-D89KB-1-.jpg,¥1.22,$0.45,,Disarming Rake SFD-032/221 Foiled CN ¥1.22 EN $0.45
2026-09-29T21:18:06+00:00,https://bilgewatermarket.com/cards,Disarming Rake,nonfoil,0.15,https://bilgewatermarket.com/cards/SFD-032,normal,https://bilgewatermarket.com/assets/SFD-032-EN-D89KB-1-.jpg,¥0.55,$0.15,,Disarming Rake SFD-032/221 CN ¥0.55 EN $0.15
2026-09-29T21:18:06+00:00,https://bilgewatermarket.com/cards,Doran's Shield,foil,0.28,https://bilgewatermarket.com/cards/SFD-033?print_variation=foiled,foiled,https://bilgewatermarket.com/assets/SFD-033-EN-CmVKaPlZ.jpg,¥0.80,$0.28,,Doran's Shield SFD-033/221 Foiled CN ¥0.80 EN $0.28
2026-09-29T21:18:06+00:00,https://bilgewatermarket.com/cards,Doran's Shield,nonfoil,0.10,https://bilgewatermarket.com/cards/SFD-033,normal,https://bilgewatermarket.com/assets/SFD-033-EN-CmVKaPlZ.jpg,¥0.51,$0.10,,Doran's Shield SFD-033/221 CN ¥0.51 EN $0.10
2026-09-29T21:18:06+00:00,https://bilgewatermarket.com/cards,Feral Strength,foil,0.23,https://bilgewatermarket.com/cards/SFD-034?print_variation=foiled,foiled,https://bilgewatermarket.com/assets/SFD-034-EN-Bz6xVcXR.jpg,¥0.60,$0.23,,Feral Strength SFD-034/221 Foiled CN ¥0.60 EN $0.23
2026-09-29T21:18:06+00:00,https://bilgewatermarket.com/cards,Feral Strength,nonfoil,0.09,https://bilgewatermarket.com/cards/SFD-034,normal,https://bilgewatermarket.com/assets/SFD-034-EN-Bz6xVcXR.jpg,¥0.50,$0.09,,Feral Strength SFD-034/221 CN ¥0.50 EN $0.09
2026-09-29T21:18:06+00:00,https://bilgewatermarket.com/cards,Guardian of the Passage,foil,0.18,https://bilgewatermarket.com/cards/SFD-035?print_variation=foiled,foiled,https://bilgewatermarket.com/assets/SFD-035-EN-BibuowUN.jpg,¥0.50,$0.18,,Guardian of the Passage SFD-035/221 Foiled CN ¥0.50 EN $0.18
2026-09-29T21:18:06+00:00,https://bilgewatermarket.com/cards,Guardian of the Passage,nonfoil,0.07,https://bilgewatermarket.com/cards/SFD-035,normal,https://bilgewatermarket.com/assets/SFD-035-EN-BibuowUN.jpg,¥0.50,$0.07,,Guardian of the Passage SFD-035/221 CN ¥0.50 EN $0.07
2026-09-29T21:18:06+00:00,https://bilgewatermarket.com/cards,Lonely Poro,foil,0.74,https://bilgewatermarket.com/cards/SFD-036?print_variation=foiled,foiled,https://bilgewatermarket.com/assets/SFD-036-EN-f_DNln-c.jpg,¥1.86,$0.74,,Lonely Poro SFD-036/221 Foiled CN ¥1.86 EN $0.74
2026-09-29T21:18:06+00:00,https://bilgewatermarket.com/cards,Lonely Poro,nonfoil,0.18,https://bilgewatermarket.com/cards/SFD-036,normal,https://bilgewatermarket.com/assets/SFD-036-EN-f_DNln-c.jpg,¥0.55,$0.18,,Lonely Poro SFD-036/221 CN ¥0.55 EN $0.18
2026-09-29T21:18:06+00:00,https://bilgewatermarket.com/cards,Navori Scout,foil,0.15,https://bilgewatermarket.com/cards/SFD-037?print_variation=foiled,foiled,https://bilgewatermarket.com/assets/SFD-037-EN-Ddn6971-.jpg,¥0.50,$0.15,,Navori Scout SFD-037/221 Foiled CN ¥0.50 EN $0.15
2026-09-29T21:18:06+00:00,https://bilgewatermarket.com/cards,Navori Scout,nonfoil,0.07,https://bilgewatermarket.com/cards/SFD-037,normal,https://bilgewatermarket.com/assets/SFD-037-EN-Ddn6971-.jpg,¥0.50,$0.07,,Navori Scout SFD-037/221 CN ¥0.50 EN $0.07
2026-09-29T21:18:06+00:00,https://bilgewatermarket.com/cards,Ribbon Dancer,foil,0.15,https://bilgewatermarket.com/cards/SFD-038?print_variation=foiled,foiled,https://bilgewatermarket.com/assets/SFD-038-EN-_8Wp4S2X.jpg,¥0.50,$0.15,,Ribbon Dancer SFD-038/221 Foiled CN ¥0.50 EN $0.15
2026-09-29T21:18:06+00:00,https://bilgewatermarket.com/cards,Ribbon Dancer,nonfoil,0.06,https://bilgewatermarket.com/cards/SFD-038,normal,https://bilgewatermarket.com/assets/SFD-038-EN-_8Wp4S2X.jpg,¥0.33,$0.06,,Ribbon Dancer SFD-038/221 CN ¥0.33 EN $0.06
2026-09-29T21:18:06+00:00,https://bilgewatermarket.com/cards,Royal Entourage,foil,0.19,https://bilgewatermarket.com/cards/SFD-039?print_variation=foiled,foiled,https://bilgewatermarket.com/assets/SFD-039-EN-B5y6TWaO.jpg,¥0.50,$0.19,,Royal Entourage SFD-039/221 Foiled CN ¥0.50 EN $0.19
2026-09-29T21:18:06+00:00,https://bilgewatermarket.com/cards,Royal Entourage,nonfoil,0.03,https://bilgewatermarket.com/cards/SFD-039,normal,https://bilgewatermarket.com/assets/SFD-039-EN-B5y6TWaO.jpg,¥0.30,$0.03,,Royal Entourage SFD-039/221 CN ¥0.30 EN $0.03
2026-09-29T21:18:06+00:00,https://bilgewatermarket.com/cards,Thwonk!,foil,0.25,https://bilgewatermarket.com/cards/SFD-040?print_variation=foiled,foiled,https://bilgewatermarket.com/assets/SFD-040-EN-Cwt2PqZP.jpg,¥0.99,$0.25,,Thwonk! SFD-040/221 Foiled CN ¥0.99 EN $0.25
2026-09-29T21:18:06+00:00,https://bilgewatermarket.com/cards,Thwonk!,nonfoil,0.08,https://bilgewatermarket.com/cards/SFD-040,normal,https://bilgewatermarket.com/assets/SFD-040-EN-Cwt2PqZP.jpg,¥0.54,$0.08,,Thwonk! SFD-040/221 CN ¥0.54 EN $0.08
2026-09-29T21:18:06+00:00,https://bilgewatermarket.com/cards,Apprentice Smith,foil,0.29,https://bilgewatermarket.com/cards/SFD-041?print_variation=foiled,foiled,https://bilgewatermarket.com/assets/SFD-041-EN-CJvMwxFG.jpg,¥0.66,$0.29,,Apprentice Smith SFD-041/221 Foiled CN ¥0.66 EN $0.29
2026-09-29T21:18:06+00:00,https://bilgewatermarket.com/cards,Apprentice Smith,nonfoil,0.10,https://bilgewatermarket.com/cards/SFD-041,normal,https://bilgewatermarket.com/assets/SFD-041-EN-CJvMwxFG.jpg,¥0.50,$0.10,,Apprentice Smith SFD-041/221 CN ¥0.50 EN $0.10
2026-09-29T21:18:06+00:00,https://bilgewatermarket.com/cards,Brutalizer,foil,1.50,https://bilgewatermarket.com/cards/SFD-042?print_variation=foiled,foiled,https://bilgewatermarket.com/assets/SFD-042-EN-CiUHZ4Gc.jpg,¥2.67,$1.50,,Brutalizer SFD-042/221 Foiled CN ¥2.67 EN $1.50
2026-09-29T21:18:06+00:00,https://bilgewatermarket.com/cards,Brutalizer,nonfoil,0.38,https://bilgewatermarket.com/cards/SFD-042,normal,https://bilgewatermarket.com/assets/SFD-042-EN-CiUHZ4Gc.jpg,¥1.07,$0.38,,Brutalizer SFD-042/221 CN ¥1.07 EN $0.38
2026-09-29T21:18:06+00:00,https://bilgewatermarket.com/cards,Emperor's Divide,foil,1.22,https://bilgewatermarket.com/cards/SFD-043?print_variation=foiled,foiled,https://bilgewatermarket.com/assets/SFD-043-EN-BhtuGwbJ.jpg,¥2.75,$1.22,,Emperor's Divide SFD-043/221 Foiled CN ¥2.75 EN $1.22
2026-09-29T21:18:06+00:00,https://bilgewatermarket.com/cards,Emperor's Divide,nonfoil,0.31,https://bilgewatermarket.com/cards/SFD-043,normal,https://bilgewatermarket.com/assets/SFD-043-EN-BhtuGwbJ.jpg,¥1.35,$0.31,,Emperor's Divide SFD-043/221 CN ¥1.35 EN $0.31
2026-09-29T21:18:06+00:00,https://bilgewatermarket.com/cards,Legion Quartermaster,foil,0.24,https://bilgewatermarket.com/cards/SFD-044?print_variation=foiled,foiled,https://bilgewatermarket.com/assets/SFD-044-EN-CEEtQxxt.jpg,¥0.64,$0.24,,Legion Quartermaster SFD-044/221 Foiled CN ¥0.64 EN $0.24
2026-09-29T21:18:06+00:00,https://bilgewatermarket.com/cards,Legion Quartermaster,nonfoil,0.08,https://bilgewatermarket.com/cards/SFD-044,normal,https://bilgewatermarket.com/assets/SFD-044-EN-CEEtQxxt.jpg,¥0.50,$0.08,,Legion Quartermaster SFD-044/221 CN ¥0.50 EN $0.08
2026-09-29T21:18:06+00:00,https://bilgewatermarket.com/cards,Not So Fast,foil,3.56,https://bilgewatermarket.com/cards/SFD-045?print_variation=foiled,foiled,https://bilgewatermarket.com/assets/SFD-045-EN--JRHO4tX.jpg,¥8.72,$3.56,,Not So Fast SFD-045/221 Foiled CN ¥8.72 EN $3.56
2026-09-29T21:18:06+00:00,https://bilgewatermarket.com/cards,Not So Fast,nonfoil,1.35,https://bilgewatermarket.com/cards/SFD-045,normal,https://bilgewatermarket.com/assets/SFD-045-EN--JRHO4tX.jpg,¥2.69,$1.35,,Not So Fast SFD-045/221 CN ¥2.69 EN $1.35
2026-09-29T21:18:06+00:00,https://bilgewatermarket.com/cards,Poro Snax,foil,0.47,https://bilgewatermarket.com/cards/SFD-046?print_variation=foiled,foiled,https://bilgewatermarket.com/assets/SFD-046-EN-BDitKWVB.jpg,¥0.88,$0.47,,Poro Snax SFD-046/221 Foiled CN ¥0.88 EN $0.47
2026-09-29T21:18:06+00:00,https://bilgewatermarket.com/cards,Poro Snax,nonfoil,0.17,https://bilgewatermarket.com/cards/SFD-046,normal,https://bilgewatermarket.com/assets/SFD-046-EN-BDitKWVB.jpg,¥0.53,$0.17,,Poro Snax SFD-046/221 CN ¥0.53 EN $0.17
2026-09-29T21:18:06+00:00,https://bilgewatermarket.com/cards,Simian Ancestor,foil,0.17,https://bilgewatermarket.com/cards/SFD-047?print_variation=foiled,foiled,https://bilgewatermarket.com/assets/SFD-047-EN-DxIZtOP2.jpg,¥0.50,$0.17,,Simian Ancestor SFD-047/221 Foiled CN ¥0.50 EN $0.17
2026-09-29T21:18:06+00:00,https://bilgewatermarket.com/cards,Simian Ancestor,nonfoil,0.06,https://bilgewatermarket.com/cards/SFD-047,normal,https://bilgewatermarket.com/assets/SFD-047-EN-DxIZtOP2.jpg,¥0.32,$0.06,,Simian Ancestor SFD-047/221 CN ¥0.32 EN $0.06
2026-09-29T21:18:06+00:00,https://bilgewatermarket.com/cards,Stellacorn Herder,foil,2.08,https://bilgewatermarket.com/cards/SFD-048?print_variation=foiled,foiled,https://bilgewatermarket.com/assets/SFD-048-EN-C15-C8QU.jpg,¥3.84,$2.08,,Stellacorn Herder SFD-048/221 Foiled CN ¥3.84 EN $2.08
2026-09-29T21:18:06+00:00,https://bilgewatermarket.com/cards,Stellacorn Herder,nonfoil,0.99,https://bilgewatermarket.com/cards/SFD-048,normal,https://bilgewatermarket.com/assets/SFD-048-EN-C15-C8QU.jpg,¥1.33,$0.99,,Stellacorn Herder SFD-048/221 CN ¥1.33 EN $0.99
2026-09-29T21:18:06+00:00,https://bilgewatermarket.com/cards,"Aphelios, Exalted",nonfoil,0.27,https://bilgewatermarket.com/cards/SFD-049,normal,https://bilgewatermarket.com/assets/SFD-049-EN-CfL7UahE.jpg,¥0.50,$0.27,,"Aphelios, Exalted SFD-049/221 CN ¥0.50 EN $0.27"
2026-09-29T21:18:06+00:00,https://bilgewatermarket.com/cards,"Azir, Ascendant",nonfoil,0.20,https://bilgewatermarket.com/cards/SFD-050,normal,https://bilgewatermarket.com/assets/SFD-050-EN-DS8DQi5a.jpg,¥0.80,$0.20,,"Azir, Ascendant SFD-050/221 CN ¥0.80 EN $0.20"
2026-09-29T21:18:06+00:00,https://bilgewatermarket.com/cards,"Azir, Ascendant",nonfoil,0.85,https://bilgewatermarket.com/cards/SFD-050a?print_variation=showcase,showcase,https://bilgewatermarket.com/assets/SFD-050a-EN-BU2RTaeW.jpg,¥2.54,$0.85,,"Azir, Ascendant SFD-050A/221 Showcase CN ¥2.54 EN $0.85"
2026-09-29T21:18:06+00:00,https://bilgewatermarket.com/cards,Guardian Angel,nonfoil,0.95,https://bilgewatermarket.com/cards/SFD-051,normal,https://bilgewatermarket.com/assets/SFD-051-EN-Bv55qoS8.jpg,¥3.99,$0.95,,Guardian Angel SFD-051/221 CN ¥3.99 EN $0.95
2026-09-29T21:18:06+00:00,https://bilgewatermarket.com/cards,Heart of Dark Ice,nonfoil,0.29,https://bilgewatermarket.com/cards/SFD-052,normal,https://bilgewatermarket.com/assets/SFD-052-EN-BeoxypYN.jpg,¥0.96,$0.29,,Heart of Dark Ice SFD-052/221 CN ¥0.96 EN $0.29
2026-09-29T21:18:06+00:00,https://bilgewatermarket.com/cards,"Janna, Savior",nonfoil,0.44,https://bilgewatermarket.com/cards/SFD-053,normal,https://bilgewatermarket.com/assets/SFD-053-EN-NJLKVsDP.jpg,¥1.16,$0.44,,"Janna, Savior SFD-053/221 CN ¥1.16 EN $0.44"
2026-09-29T21:18:06+00:00,https://bilgewatermarket.com/cards,"Jax, Unmatched",nonfoil,0.18,https://bilgewatermarket.com/cards/SFD-054,normal,https://bilgewatermarket.com/assets/SFD-054-EN-D7I0RpAZ.jpg,¥0.50,$0.18,,"Jax, Unmatched SFD-054/221 CN ¥0.50 EN $0.18"
2026-09-29T21:18:06+00:00,https://bilgewatermarket.com/cards,"Jax, Unmatched",nonfoil,1.19,https://bilgewatermarket.com/cards/SFD-054a?print_variation=showcase,showcase,https://bilgewatermarket.com/assets/SFD-054a-EN-BFcUXrht.jpg,¥3.87,$1.19,,"Jax, Unmatched SFD-054A/221 Showcase CN ¥3.87 EN $1.19"
2026-09-29T21:18:06+00:00,https://bilgewatermarket.com/cards,Needlessly Large Yordle,nonfoil,0.13,https://bilgewatermarket.com/cards/SFD-055,normal,https://bilgewatermarket.com/assets/SFD-055-EN-7wjMZbXP.jpg,¥0.69,$0.13,,Needlessly Large Yordle SFD-055/221 CN ¥0.69 EN $0.13
2026-09-29T21:18:06+00:00,https://bilgewatermarket.com/cards,Sterak's Gage,nonfoil,0.35,https://bilgewatermarket.com/cards/SFD-056,normal,https://bilgewatermarket.com/assets/SFD-056-EN-DAOlzGZ_.jpg,¥0.91,$0.35,,Sterak's Gage SFD-056/221 CN ¥0.91 EN $0.35
2026-09-29T21:18:06+00:00,https://bilgewatermarket.com/cards,"Irelia, Fervent",nonfoil,23.18,https://bilgewatermarket.com/cards/SFD-057,normal,https://bilgewatermarket.com/assets/SFD-057-EN-CfJkyyx3.jpg,¥30.07,$23.18,,"Irelia, Fervent SFD-057/221 CN ¥30.07 EN $23.18"
2026-09-29T21:18:06+00:00,https://bilgewatermarket.com/cards,"Irelia, Fervent",nonfoil,26.17,https://bilgewatermarket.com/cards/SFD-057a?print_variation=showcase,showcase,https://bilgewatermarket.com/assets/SFD-057a-EN-DGxfrF-0.jpg,¥35.10,$26.17,,"Irelia, Fervent SFD-057A/221 Showcase CN ¥35.10 EN $26.17"
2026-09-29T21:18:06+00:00,https://bilgewatermarket.com/cards,"Ornn, Blacksmith",nonfoil,2.12,https://bilgewatermarket.com/cards/SFD-058,normal,https://bilgewatermarket.com/assets/SFD-058-EN-DDc7ajpt.jpg,¥1.29,$2.12,,"Ornn, Blacksmith SFD-058/221 CN ¥1.29 EN $2.12"
2026-09-29T21:18:06+00:00,https://bilgewatermarket.com/cards,"Ornn, Blacksmith",nonfoil,3.26,https://bilgewatermarket.com/cards/SFD-058a?print_variation=showcase,showcase,https://bilgewatermarket.com/assets/SFD-058a-EN-D_Glg_83.jpg,¥3.35,$3.26,,"Ornn, Blacksmith SFD-058A/221 Showcase CN ¥3.35 EN $3.26"
2026-09-29T21:18:06+00:00,https://bilgewatermarket.com/cards,Svellsongur,nonfoil,10.37,https://bilgewatermarket.com/cards/SFD-059,normal,https://bilgewatermarket.com/assets/SFD-059-EN-Cmb9RxTm.jpg,¥23.19,$10.37,,Svellsongur SFD-059/221 CN ¥23.19 EN $10.37
2026-09-29T21:18:06+00:00,https://bilgewatermarket.com/cards,Tianna Crownguard,nonfoil,2.10,https://bilgewatermarket.com/cards/SFD-060,normal,https://bilgewatermarket.com/assets/SFD-060-EN-L9czvAQk.jpg,¥3.04,$2.10,,Tianna Crownguard SFD-060/221 CN ¥3.04 EN $2.10
2026-09-29T21:18:06+00:00,https://bilgewatermarket.com/cards,Aspiring Engineer,foil,0.33,https://bilgewatermarket.com/cards/SFD-061?print_variation=foiled,foiled,https://bilgewatermarket.com/assets/SFD-061-EN-BR5_eTm_.jpg,¥0.65,$0.33,,Aspiring Engineer SFD-061/221 Foiled CN ¥0.65 EN $0.33
2026-09-29T21:18:06+00:00,https://bilgewatermarket.com/cards,Aspiring Engineer,nonfoil,0.07,https://bilgewatermarket.com/cards/SFD-061,normal,https://bilgewatermarket.com/assets/SFD-061-EN-BR5_eTm_.jpg,¥0.51,$0.07,,Aspiring Engineer SFD-061/221 CN ¥0.51 EN $0.07
2026-09-29T21:18:06+00:00,https://bilgewatermarket.com/cards,Bubble Bot,foil,0.26,https://bilgewatermarket.com/cards/SFD-062?print_variation=foiled,foiled,https://bilgewatermarket.com/assets/SFD-062-EN-ttM-yAEg.jpg,¥0.63,$0.26,,Bubble Bot SFD-062/221 Foiled CN ¥0.63 EN $0.26
2026-09-29T21:18:06+00:00,https://bilgewatermarket.com/cards,Bubble Bot,nonfoil,0.09,https://bilgewatermarket.com/cards/SFD-062,normal,https://bilgewatermarket.com/assets/SFD-062-EN-ttM-yAEg.jpg,¥0.50,$0.09,,Bubble Bot SFD-062/221 CN ¥0.50 EN $0.09
2026-09-29T21:18:06+00:00,https://bilgewatermarket.com/cards,Chemtech Cask,foil,0.23,https://bilgewatermarket.com/cards/SFD-063?print_variation=foiled,foiled,https://bilgewatermarket.com/assets/SFD-063-EN-B_EMAVhk.jpg,¥0.52,$0.23,,Chemtech Cask SFD-063/221 Foiled CN ¥0.52 EN $0.23
2026-09-29T21:18:06+00:00,https://bilgewatermarket.com/cards,Chemtech Cask,nonfoil,0.06,https://bilgewatermarket.com/cards/SFD-063,normal,https://bilgewatermarket.com/assets/SFD-063-EN-B_EMAVhk.jpg,¥0.50,$0.06,,Chemtech Cask SFD-063/221 CN ¥0.50 EN $0.06
2026-09-29T21:18:06+00:00,https://bilgewatermarket.com/cards,Cloth Armor,foil,0.22,https://bilgewatermarket.com/cards/SFD-064?print_variation=foiled,foiled,https://bilgewatermarket.com/assets/SFD-064-EN-dUzFsmPC.jpg,¥0.59,$0.22,,Cloth Armor SFD-064/221 Foiled CN ¥0.59 EN $0.22
2026-09-29T21:18:06+00:00,https://bilgewatermarket.com/cards,Cloth Armor,nonfoil,0.08,https://bilgewatermarket.com/cards/SFD-064,normal,https://bilgewatermarket.com/assets/SFD-064-EN-dUzFsmPC.jpg,¥0.50,$0.08,,Cloth Armor SFD-064/221 CN ¥0.50 EN $0.08
2026-09-29T21:18:06+00:00,https://bilgewatermarket.com/cards,Forecaster,foil,0.22,https://bilgewatermarket.com/cards/SFD-065?print_variation=foiled,foiled,https://bilgewatermarket.com/assets/SFD-065-EN-D5kdl4DS.jpg,¥0.86,$0.22,,Forecaster SFD-065/221 Foiled CN ¥0.86 EN $0.22
2026-09-29T21:18:06+00:00,https://bilgewatermarket.com/cards,Forecaster,nonfoil,0.07,https://bilgewatermarket.com/cards/SFD-065,normal,https://bilgewatermarket.com/assets/SFD-065-EN-D5kdl4DS.jpg,¥0.50,$0.07,,Forecaster SFD-065/221 CN ¥0.50 EN $0.07
2026-09-29T21:18:06+00:00,https://bilgewatermarket.com/cards,Frigid Touch,foil,0.27,https://bilgewatermarket.com/cards/SFD-066?print_variation=foiled,foiled,https://bilgewatermarket.com/assets/SFD-066-EN-BCLthVSQ.jpg,¥0.65,$0.27,,Frigid Touch SFD-066/221 Foiled CN ¥0.65 EN $0.27
2026-09-29T21:18:06+00:00,https://bilgewatermarket.com/cards,Frigid Touch,nonfoil,0.08,https://bilgewatermarket.com/cards/SFD-066,normal,https://bilgewatermarket.com/assets/SFD-066-EN-BCLthVSQ.jpg,¥0.52,$0.08,,Frigid Touch SFD-066/221 CN ¥0.52 EN $0.08
2026-09-29T21:18:06+00:00,https://bilgewatermarket.com/cards,Frostcoat Cub,foil,0.16,https://bilgewatermarket.com/cards/SFD-067?print_variation=foiled,foiled,https://bilgewatermarket.com/assets/SFD-067-EN-CmlgccZ3.jpg,¥0.50,$0.16,,Frostcoat Cub SFD-067/221 Foiled CN ¥0.50 EN $0.16
2026-09-29T21:18:06+00:00,https://bilgewatermarket.com/cards,Frostcoat Cub,nonfoil,0.05,https://bilgewatermarket.com/cards/SFD-067,normal,https://bilgewatermarket.com/assets/SFD-067-EN-CmlgccZ3.jpg,¥0.31,$0.05,,Frostcoat Cub SFD-067/221 CN ¥0.31 EN $0.05
2026-09-29T21:18:06+00:00,https://bilgewatermarket.com/cards,Gearhead,foil,0.21,https://bilgewatermarket.com/cards/SFD-068?print_variation=foiled,foiled,https://bilgewatermarket.com/assets/SFD-068-EN-C3cBhpOf.jpg,¥0.50,$0.21,,Gearhead SFD-068/221 Foiled CN ¥0.50 EN $0.21
2026-09-29T21:18:06+00:00,https://bilgewatermarket.com/cards,Gearhead,nonfoil,0.05,https://bilgewatermarket.com/cards/SFD-068,normal,https://bilgewatermarket.com/assets/SFD-068-EN-C3cBhpOf.jpg,¥0.50,$0.05,,Gearhead SFD-068/221 CN ¥0.50 EN $0.05
2026-09-29T21:18:06+00:00,https://bilgewatermarket.com/cards,Plundering Poro,foil,0.51,https://bilgewatermarket.com/cards/SFD-069?print_variation=foiled,foiled,https://bilgewatermarket.com/assets/SFD-069-EN-YK56v1jc.jpg,¥1.83,$0.51,,Plundering Poro SFD-069/221 Foiled CN ¥1.83 EN $0.51
2026-09-29T21:18:06+00:00,https://bilgewatermarket.com/cards,Plundering Poro,nonfoil,0.13,https://bilgewatermarket.com/cards/SFD-069,normal,https://bilgewatermarket.com/assets/SFD-069-EN-YK56v1jc.jpg,¥0.54,$0.13,,Plundering Poro SFD-069/221 CN ¥0.54 EN $0.13
2026-09-29T21:18:06+00:00,https://bilgewatermarket.com/cards,Wages of Pain,foil,0.74,https://bilgewatermarket.com/cards/SFD-070?print_variation=foiled,foiled,https://bilgewatermarket.com/assets/SFD-070-EN-D6Q0YJ3Z.jpg,¥1.48,$0.74,,Wages of Pain SFD-070/221 Foiled CN ¥1.48 EN $0.74
2026-09-29T21:18:06+00:00,https://bilgewatermarket.com/cards,Wages of Pain,nonfoil,0.16,https://bilgewatermarket.com/cards/SFD-070,normal,https://bilgewatermarket.com/assets/SFD-070-EN-D6Q0YJ3Z.jpg,¥0.54,$0.16,,Wages of Pain SFD-070/221 CN ¥0.54 EN $0.16
2026-09-29T21:18:06+00:00,https://bilgewatermarket.com/cards,Breakneck Mech,foil,0.28,https://bilgewatermarket.com/cards/SFD-071?print_variation=foiled,foiled,https://bilgewatermarket.com/assets/SFD-071-EN-CpuTdraG.jpg,¥0.50,$0.28,,Breakneck Mech SFD-071/221 Foiled CN ¥0.50 EN $0.28
2026-09-29T21:18:06+00:00,https://bilgewatermarket.com/cards,Breakneck Mech,nonfoil,0.14,https://bilgewatermarket.com/cards/SFD-071,normal,https://bilgewatermarket.com/assets/SFD-071-EN-CpuTdraG.jpg,¥0.50,$0.14,,Breakneck Mech SFD-071/221 CN ¥0.50 EN $0.14
2026-09-29T21:18:06+00:00,https://bilgewatermarket.com/cards,Dropboarder,foil,0.33,https://bilgewatermarket.com/cards/SFD-072?print_variation=foiled,foiled,https://bilgewatermarket.com/assets/SFD-072-EN-B1QqDaIg.jpg,¥0.56,$0.33,,Dropboarder SFD-072/221 Foiled CN ¥0.56 EN $0.33
2026-09-29T21:18:06+00:00,https://bilgewatermarket.com/cards,Dropboarder,nonfoil,0.15,https://bilgewatermarket.com/cards/SFD-072,normal,https://bilgewatermarket.com/assets/SFD-072-EN-B1QqDaIg.jpg,¥0.50,$0.15,,Dropboarder SFD-072/221 CN ¥0.50 EN $0.15
2026-09-29T21:18:06+00:00,https://bilgewatermarket.com/cards,Experimental Hexplate,foil,0.27,https://bilgewatermarket.com/cards/SFD-073?print_variation=foiled,foiled,https://bilgewatermarket.com/assets/SFD-073-EN-hKyuwMRd.jpg,¥0.55,$0.27,,Experimental Hexplate SFD-073/221 Foiled CN ¥0.55 EN $0.27
2026-09-29T21:18:06+00:00,https://bilgewatermarket.com/cards,Experimental Hexplate,nonfoil,0.10,https://bilgewatermarket.com/cards/SFD-073,normal,https://bilgewatermarket.com/assets/SFD-073-EN-hKyuwMRd.jpg,¥0.50,$0.10,,Experimental Hexplate SFD-073/221 CN ¥0.50 EN $0.10
2026-09-29T21:18:06+00:00,https://bilgewatermarket.com/cards,Pickpocket,foil,1.20,https://bilgewatermarket.com/cards/SFD-074?print_variation=foiled,foiled,https://bilgewatermarket.com/assets/SFD-074-EN-DOoWpIam.jpg,¥1.26,$1.20,,Pickpocket SFD-074/221 Foiled CN ¥1.26 EN $1.20
2026-09-29T21:18:06+00:00,https://bilgewatermarket.com/cards,Pickpocket,nonfoil,0.27,https://bilgewatermarket.com/cards/SFD-074,normal,https://bilgewatermarket.com/assets/SFD-074-EN-DOoWpIam.jpg,¥0.60,$0.27,,Pickpocket SFD-074/221 CN ¥0.60 EN $0.27
2026-09-29T21:18:06+00:00,https://bilgewatermarket.com/cards,Prize of Progress,foil,0.22,https://bilgewatermarket.com/cards/SFD-075?print_variation=foiled,foiled,https://bilgewatermarket.com/assets/SFD-075-EN-BAZdmt8k.jpg,¥0.70,$0.22,,Prize of Progress SFD-075/221 Foiled CN ¥0.70 EN $0.22
2026-09-29T21:18:06+00:00,https://bilgewatermarket.com/cards,Prize of Progress,nonfoil,0.09,https://bilgewatermarket.com/cards/SFD-075,normal,https://bilgewatermarket.com/assets/SFD-075-EN-BAZdmt8k.jpg,¥0.50,$0.09,,Prize of Progress SFD-075/221 CN ¥0.50 EN $0.09
2026-09-29T21:18:06+00:00,https://bilgewatermarket.com/cards,Production Surge,foil,0.29,https://bilgewatermarket.com/cards/SFD-076?print_variation=foiled,foiled,https://bilgewatermarket.com/assets/SFD-076-EN-DwyiCjwl.jpg,¥1.63,$0.29,,Production Surge SFD-076/221 Foiled CN ¥1.63 EN $0.29
2026-09-29T21:18:06+00:00,https://bilgewatermarket.com/cards,Production Surge,nonfoil,0.10,https://bilgewatermarket.com/cards/SFD-076,normal,https://bilgewatermarket.com/assets/SFD-076-EN-DwyiCjwl.jpg,¥0.56,$0.10,,Production Surge SFD-076/221 CN ¥0.56 EN $0.10
2026-09-29T21:18:06+00:00,https://bilgewatermarket.com/cards,Rocket Barrage,foil,0.81,https://bilgewatermarket.com/cards/SFD-077?print_variation=foiled,foiled,https://bilgewatermarket.com/assets/SFD-077-EN-CYM3X_kM.jpg,¥1.98,$0.81,,Rocket Barrage SFD-077/221 Foiled CN ¥1.98 EN $0.81
2026-09-29T21:18:06+00:00,https://bilgewatermarket.com/cards,Rocket Barrage,nonfoil,0.17,https://bilgewatermarket.com/cards/SFD-077,normal,https://bilgewatermarket.com/assets/SFD-077-EN-CYM3X_kM.jpg,¥0.91,$0.17,,Rocket Barrage SFD-077/221 CN ¥0.91 EN $0.17
2026-09-29T21:18:06+00:00,https://bilgewatermarket.com/cards,Temporal Portal,foil,0.22,https://bilgewatermarket.com/cards/SFD-078?print_variation=foiled,foiled,https://bilgewatermarket.com/assets/SFD-078-EN-DqZX6kjr.jpg,¥0.50,$0.22,,Temporal Portal SFD-078/221 Foiled CN ¥0.50 EN $0.22
2026-09-29T21:18:06+00:00,https://bilgewatermarket.com/cards,Temporal Portal,nonfoil,0.11,https://bilgewatermarket.com/cards/SFD-078,normal,https://bilgewatermarket.com/assets/SFD-078-EN-DqZX6kjr.jpg,¥0.50,$0.11,,Temporal Portal SFD-078/221 CN ¥0.50 EN $0.11
2026-09-29T21:18:06+00:00,https://bilgewatermarket.com/cards,"Bard, Mercurial",nonfoil,0.20,https://bilgewatermarket.com/cards/SFD-079,normal,https://bilgewatermarket.com/assets/SFD-079-EN-Cb5XApGd.jpg,¥0.53,$0.20,,"Bard, Mercurial SFD-079/221 CN ¥0.53 EN $0.20"
2026-09-29T21:18:06+00:00,https://bilgewatermarket.com/cards,Bellows Breath,nonfoil,3.46,https://bilgewatermarket.com/cards/SFD-080,normal,https://bilgewatermarket.com/assets/SFD-080-EN-q4KkoNR0.jpg,¥5.65,$3.46,,Bellows Breath SFD-080/221 CN ¥5.65 EN $3.46
2026-09-29T21:18:06+00:00,https://bilgewatermarket.com/cards,Card Sharp,nonfoil,0.24,https://bilgewatermarket.com/cards/SFD-081,normal,https://bilgewatermarket.com/assets/SFD-081-EN-DrRv1rOQ.jpg,¥1.06,$0.24,,Card Sharp SFD-081/221 CN ¥1.06 EN $0.24
2026-09-29T21:18:06+00:00,https://bilgewatermarket.com/cards,"Ezreal, Dashing",nonfoil,0.23,https://bilgewatermarket.com/cards/SFD-082,normal,https://bilgewatermarket.com/assets/SFD-082-EN-YgYDtU4N.jpg,¥0.50,$0.23,,"Ezreal, Dashing SFD-082/221 CN ¥0.50 EN $0.23"
2026-09-29T21:18:06+00:00,https://bilgewatermarket.com/cards,"Ezreal, Dashing",nonfoil,1.24,https://bilgewatermarket.com/cards/SFD-082a?print_variation=showcase,showcase,https://bilgewatermarket.com/assets/SFD-082a-EN-DXVaa8I9.jpg,¥2.04,$1.24,,"Ezreal, Dashing SFD-082A/221 Showcase CN ¥2.04 EN $1.24"
2026-09-29T21:18:06+00:00,https://bilgewatermarket.com/cards,Hextech Anomaly,nonfoil,0.16,https://bilgewatermarket.com/cards/SFD-083,normal,https://bilgewatermarket.com/assets/SFD-083-EN-BBfc4JUT.jpg,¥0.51,$0.16,,Hextech Anomaly SFD-083/221 CN ¥0.51 EN $0.16
2026-09-29T21:18:06+00:00,https://bilgewatermarket.com/cards,"Jayce, Man of Progress",nonfoil,0.30,https://bilgewatermarket.com/cards/SFD-084,normal,https://bilgewatermarket.com/assets/SFD-084-EN-LvzdCxv8.jpg,¥1.11,$0.30,,"Jayce, Man of Progress SFD-084/221 CN ¥1.11 EN $0.30"
2026-09-29T21:18:06+00:00,https://bilgewatermarket.com/cards,"Ornn, Forge God",nonfoil,0.28,https://bilgewatermarket.com/cards/SFD-085,normal,https://bilgewatermarket.com/assets/SFD-085-EN-Cqt4JJBJ.jpg,¥0.57,$0.28,,"Ornn, Forge God SFD-085/221 CN ¥0.57 EN $0.28"
2026-09-29T21:18:06+00:00,https://bilgewatermarket.com/cards,"Ornn, Forge God",nonfoil,1.90,https://bilgewatermarket.com/cards/SFD-085a?print_variation=showcase,showcase,https://bilgewatermarket.com/assets/SFD-085a-EN-CQskfZaI.jpg,¥4.23,$1.90,,"Ornn, Forge God SFD-085A/221 Showcase CN ¥4.23 EN $1.90"
2026-09-29T21:18:06+00:00,https://bilgewatermarket.com/cards,World Atlas,nonfoil,0.19,https://bilgewatermarket.com/cards/SFD-086,normal,https://bilgewatermarket.com/assets/SFD-086-EN-CHslvxE0.jpg,¥0.52,$0.19,,World Atlas SFD-086/221 CN ¥0.52 EN $0.19
2026-09-29T21:18:06+00:00,https://bilgewatermarket.com/cards,Premonition,nonfoil,5.34,https://bilgewatermarket.com/cards/SFD-087,normal,https://bilgewatermarket.com/assets/SFD-087-EN-DTVC40cu.jpg,¥11.28,$5.34,,Premonition SFD-087/221 CN ¥11.28 EN $5.34
2026-09-29T21:18:06+00:00,https://bilgewatermarket.com/cards,"Renata Glasc, Mastermind",nonfoil,0.94,https://bilgewatermarket.com/cards/SFD-088,normal,https://bilgewatermarket.com/assets/SFD-088-EN-C5Krf7Gi.jpg,¥1.24,$0.94,,"Renata Glasc, Mastermind SFD-088/221 CN ¥1.24 EN $0.94"
2026-09-29T21:18:06+00:00,https://bilgewatermarket.com/cards,"Renata Glasc, Mastermind",nonfoil,2.90,https://bilgewatermarket.com/cards/SFD-088a?print_variation=showcase,showcase,https://bilgewatermarket.com/assets/SFD-088a-EN-BWxuTdu4.jpg,¥3.90,$2.90,,"Renata Glasc, Mastermind SFD-088A/221 Showcase CN ¥3.90 EN $2.90"
2026-09-29T21:18:06+00:00,https://bilgewatermarket.com/cards,"Rumble, Scrapper",nonfoil,0.69,https://bilgewatermarket.com/cards/SFD-089,normal,https://bilgewatermarket.com/assets/SFD-089-EN-CtNx9xd9.jpg,¥1.04,$0.69,,"Rumble, Scrapper SFD-089/221 CN ¥1.04 EN $0.69"
2026-09-29T21:18:06+00:00,https://bilgewatermarket.com/cards,"Rumble, Scrapper",nonfoil,2.05,https://bilgewatermarket.com/cards/SFD-089a?print_variation=showcase,showcase,https://bilgewatermarket.com/assets/SFD-089a-EN-UVeVGNJ-.jpg,¥2.15,$2.05,,"Rumble, Scrapper SFD-089A/221 Showcase CN ¥2.15 EN $2.05"
2026-09-29T21:18:06+00:00,https://bilgewatermarket.com/cards,The Zero Drive,nonfoil,7.93,https://bilgewatermarket.com/cards/SFD-090,normal,https://bilgewatermarket.com/assets/SFD-090-EN-lx9MsAH0.jpg,¥3.71,$7.93,,The Zero Drive SFD-090/221 CN ¥3.71 EN $7.93
2026-09-29T21:18:06+00:00,https://bilgewatermarket.com/cards,Buhru Captain,foil,0.17,https://bilgewatermarket.com/cards/SFD-091?print_variation=foiled,foiled,https://bilgewatermarket.com/assets/SFD-091-EN-Dlp8XR_X.jpg,¥0.50,$0.17,,Buhru Captain SFD-091/221 Foiled CN ¥0.50 EN $0.17
2026-09-29T21:18:06+00:00,https://bilgewatermarket.com/cards,Buhru Captain,nonfoil,0.06,https://bilgewatermarket.com/cards/SFD-091,normal,https://bilgewatermarket.com/assets/SFD-091-EN-Dlp8XR_X.jpg,¥0.50,$0.06,,Buhru Captain SFD-091/221 CN ¥0.50 EN $0.06
2026-09-29T21:18:06+00:00,https://bilgewatermarket.com/cards,Combat Chef,foil,0.12,https://bilgewatermarket.com/cards/SFD-092?print_variation=foiled,foiled,https://bilgewatermarket.com/assets/SFD-092-EN-gjNNOvL0.jpg,¥0.50,$0.12,,Combat Chef SFD-092/221 Foiled CN ¥0.50 EN $0.12
2026-09-29T21:18:06+00:00,https://bilgewatermarket.com/cards,Combat Chef,nonfoil,0.04,https://bilgewatermarket.com/cards/SFD-092,normal,https://bilgewatermarket.com/assets/SFD-092-EN-gjNNOvL0.jpg,¥0.30,$0.04,,Combat Chef SFD-092/221 CN ¥0.30 EN $0.04
2026-09-29T21:18:06+00:00,https://bilgewatermarket.com/cards,Dauntless Vanguard,foil,0.14,https://bilgewatermarket.com/cards/SFD-093?print_variation=foiled,foiled,https://bilgewatermarket.com/assets/SFD-093-EN-DWomr0GK.jpg,¥0.50,$0.14,,Dauntless Vanguard SFD-093/221 Foiled CN ¥0.50 EN $0.14
2026-09-29T21:18:06+00:00,https://bilgewatermarket.com/cards,Dauntless Vanguard,nonfoil,0.07,https://bilgewatermarket.com/cards/SFD-093,normal,https://bilgewatermarket.com/assets/SFD-093-EN-DWomr0GK.jpg,¥0.50,$0.07,,Dauntless Vanguard SFD-093/221 CN ¥0.50 EN $0.07
2026-09-29T21:18:06+00:00,https://bilgewatermarket.com/cards,Direwing,foil,0.21,https://bilgewatermarket.com/cards/SFD-094?print_variation=foiled,foiled,https://bilgewatermarket.com/assets/SFD-094-EN-Bhl6y8ZV.jpg,¥0.50,$0.21,,Direwing SFD-094/221 Foiled CN ¥0.50 EN $0.21
2026-09-29T21:18:06+00:00,https://bilgewatermarket.com/cards,Direwing,nonfoil,0.09,https://bilgewatermarket.com/cards/SFD-094,normal,https://bilgewatermarket.com/assets/SFD-094-EN-Bhl6y8ZV.jpg,¥0.50,$0.09,,Direwing SFD-094/221 CN ¥0.50 EN $0.09
2026-09-29T21:18:06+00:00,https://bilgewatermarket.com/cards,Doran's Blade,foil,0.22,https://bilgewatermarket.com/cards/SFD-095?print_variation=foiled,foiled,https://bilgewatermarket.com/assets/SFD-095-EN-CRta9C0p.jpg,¥0.84,$0.22,,Doran's Blade SFD-095/221 Foiled CN ¥0.84 EN $0.22
2026-09-29T21:18:06+00:00,https://bilgewatermarket.com/cards,Doran's Blade,nonfoil,0.11,https://bilgewatermarket.com/cards/SFD-095,normal,https://bilgewatermarket.com/assets/SFD-095-EN-CRta9C0p.jpg,¥0.50,$0.11,,Doran's Blade SFD-095/221 CN ¥0.50 EN $0.11
2026-09-29T21:18:06+00:00,https://bilgewatermarket.com/cards,Laurent Bladekeeper,foil,0.15,https://bilgewatermarket.com/cards/SFD-096?print_variation=foiled,foiled,https://bilgewatermarket.com/assets/SFD-096-EN-C_TZfFxs.jpg,¥0.50,$0.15,,Laurent Bladekeeper SFD-096/221 Foiled CN ¥0.50 EN $0.15
2026-09-29T21:18:06+00:00,https://bilgewatermarket.com/cards,Laurent Bladekeeper,nonfoil,0.08,https://bilgewatermarket.com/cards/SFD-096,normal,https://bilgewatermarket.com/assets/SFD-096-EN-C_TZfFxs.jpg,¥0.30,$0.08,,Laurent Bladekeeper SFD-096/221 CN ¥0.30 EN $0.08
2026-09-29T21:18:06+00:00,https://bilgewatermarket.com/cards,Punch First,foil,2.44,https://bilgewatermarket.com/cards/SFD-097?print_variation=foiled,foiled,https://bilgewatermarket.com/assets/SFD-097-EN-CqHN1eIf.jpg,¥3.27,$2.44,,Punch First SFD-097/221 Foiled CN ¥3.27 EN $2.44
2026-09-29T21:18:06+00:00,https://bilgewatermarket.com/cards,Punch First,nonfoil,0.22,https://bilgewatermarket.com/cards/SFD-097,normal,https://bilgewatermarket.com/assets/SFD-097-EN-CqHN1eIf.jpg,¥0.66,$0.22,,Punch First SFD-097/221 CN ¥0.66 EN $0.22
2026-09-29T21:18:06+00:00,https://bilgewatermarket.com/cards,Sea Monkey,foil,0.24,https://bilgewatermarket.com/cards/SFD-098?print_variation=foiled,foiled,https://bilgewatermarket.com/assets/SFD-098-EN-B2UMXXPJ.jpg,¥0.83,$0.24,,Sea Monkey SFD-098/221 Foiled CN ¥0.83 EN $0.24
2026-09-29T21:18:06+00:00,https://bilgewatermarket.com/cards,Sea Monkey,nonfoil,0.09,https://bilgewatermarket.com/cards/SFD-098,normal,https://bilgewatermarket.com/assets/SFD-098-EN-B2UMXXPJ.jpg,¥0.55,$0.09,,Sea Monkey SFD-098/221 CN ¥0.55 EN $0.09
2026-09-29T21:18:06+00:00,https://bilgewatermarket.com/cards,Veteran Poro,foil,0.22,https://bilgewatermarket.com/cards/SFD-099?print_variation=foiled,foiled,https://bilgewatermarket.com/assets/SFD-099-EN-Clm0Eidv.jpg,¥0.60,$0.22,,Veteran Poro SFD-099/221 Foiled CN ¥0.60 EN $0.22
2026-09-29T21:18:06+00:00,https://bilgewatermarket.com/cards,Veteran Poro,nonfoil,0.06,https://bilgewatermarket.com/cards/SFD-099,normal,https://bilgewatermarket.com/assets/SFD-099-EN-Clm0Eidv.jpg,¥0.50,$0.06,,Veteran Poro SFD-099/221 CN ¥0.50 EN $0.06
2026-09-29T21:18:06+00:00,https://bilgewatermarket.com/cards,Yordle Explorer,foil,0.14,https://bilgewatermarket.com/cards/SFD-100?print_variation=foiled,foiled,https://bilgewatermarket.com/assets/SFD-100-EN-D5dGaNy_.jpg,¥0.50,$0.14,,Yordle Explorer SFD-100/221 Foiled CN ¥0.50 EN $0.14
2026-09-29T21:18:06+00:00,https://bilgewatermarket.com/cards,Yordle Explorer,nonfoil,0.05,https://bilgewatermarket.com/cards/SFD-100,normal,https://bilgewatermarket.com/assets/SFD-100-EN-D5dGaNy_.jpg,¥0.50,$0.05,,Yordle Explorer SFD-100/221 CN ¥0.50 EN $0.05
2026-09-29T21:18:06+00:00,https://bilgewatermarket.com/cards,Fae Dragon,foil,0.34,https://bilgewatermarket.com/cards/SFD-101?print_variation=foiled,foiled,https://bilgewatermarket.com/assets/SFD-101-EN-C88yOsMJ.jpg,¥0.73,$0.34,,Fae Dragon SFD-101/221 Foiled CN ¥0.73 EN $0.34
2026-09-29T21:18:06+00:00,https://bilgewatermarket.com/cards,Fae Dragon,nonfoil,0.10,https://bilgewatermarket.com/cards/SFD-101,normal,https://bilgewatermarket.com/assets/SFD-101-EN-C88yOsMJ.jpg,¥0.50,$0.10,,Fae Dragon SFD-101/221 CN ¥0.50 EN $0.10
2026-09-29T21:18:06+00:00,https://bilgewatermarket.com/cards,Hexdrinker,foil,0.29,https://bilgewatermarket.com/cards/SFD-102?print_variation=foiled,foiled,https://bilgewatermarket.com/assets/SFD-102-EN-jGY-nlUm.jpg,¥0.60,$0.29,,Hexdrinker SFD-102/221 Foiled CN ¥0.60 EN $0.29
2026-09-29T21:18:06+00:00,https://bilgewatermarket.com/cards,Hexdrinker,nonfoil,0.10,https://bilgewatermarket.com/cards/SFD-102,normal,https://bilgewatermarket.com/assets/SFD-102-EN-jGY-nlUm.jpg,¥0.50,$0.10,,Hexdrinker SFD-102/221 CN ¥0.50 EN $0.10
2026-09-29T21:18:06+00:00,https://bilgewatermarket.com/cards,Jaull-Fish,foil,0.27,https://bilgewatermarket.com/cards/SFD-103?print_variation=foiled,foiled,https://bilgewatermarket.com/assets/SFD-103-EN-BSyet-WB.jpg,¥0.50,$0.27,,Jaull-Fish SFD-103/221 Foiled CN ¥0.50 EN $0.27
2026-09-29T21:18:06+00:00,https://bilgewatermarket.com/cards,Jaull-Fish,nonfoil,0.08,https://bilgewatermarket.com/cards/SFD-103,normal,https://bilgewatermarket.com/assets/SFD-103-EN-BSyet-WB.jpg,¥0.50,$0.08,,Jaull-Fish SFD-103/221 CN ¥0.50 EN $0.08
2026-09-29T21:18:06+00:00,https://bilgewatermarket.com/cards,Petricite Monument,foil,0.21,https://bilgewatermarket.com/cards/SFD-104?print_variation=foiled,foiled,https://bilgewatermarket.com/assets/SFD-104-EN-pTXMeLiJ.jpg,¥0.70,$0.21,,Petricite Monument SFD-104/221 Foiled CN ¥0.70 EN $0.21
2026-09-29T21:18:06+00:00,https://bilgewatermarket.com/cards,Petricite Monument,nonfoil,0.06,https://bilgewatermarket.com/cards/SFD-104,normal,https://bilgewatermarket.com/assets/SFD-104-EN-pTXMeLiJ.jpg,¥0.50,$0.06,,Petricite Monument SFD-104/221 CN ¥0.50 EN $0.06
2026-09-29T21:18:06+00:00,https://bilgewatermarket.com/cards,Ruin Runner,foil,2.62,https://bilgewatermarket.com/cards/SFD-105?print_variation=foiled,foiled,https://bilgewatermarket.com/assets/SFD-105-EN-DhGE1Jkq.jpg,¥6.56,$2.62,,Ruin Runner SFD-105/221 Foiled CN ¥6.56 EN $2.62
2026-09-29T21:18:06+00:00,https://bilgewatermarket.com/cards,Ruin Runner,nonfoil,0.40,https://bilgewatermarket.com/cards/SFD-105,normal,https://bilgewatermarket.com/assets/SFD-105-EN-DhGE1Jkq.jpg,¥1.32,$0.40,,Ruin Runner SFD-105/221 CN ¥1.32 EN $0.40
2026-09-29T21:18:06+00:00,https://bilgewatermarket.com/cards,Show of Strength,foil,0.42,https://bilgewatermarket.com/cards/SFD-106?print_variation=foiled,foiled,https://bilgewatermarket.com/assets/SFD-106-EN-Bu6uspGq.jpg,¥0.62,$0.42,,Show of Strength SFD-106/221 Foiled CN ¥0.62 EN $0.42
2026-09-29T21:18:06+00:00,https://bilgewatermarket.com/cards,Show of Strength,nonfoil,0.15,https://bilgewatermarket.com/cards/SFD-106,normal,https://bilgewatermarket.com/assets/SFD-106-EN-Bu6uspGq.jpg,¥0.51,$0.15,,Show of Strength SFD-106/221 CN ¥0.51 EN $0.15
2026-09-29T21:18:06+00:00,https://bilgewatermarket.com/cards,Strike Down,foil,0.27,https://bilgewatermarket.com/cards/SFD-107?print_variation=foiled,foiled,https://bilgewatermarket.com/assets/SFD-107-EN-C2s9QDaH.jpg,¥0.53,$0.27,,Strike Down SFD-107/221 Foiled CN ¥0.53 EN $0.27
2026-09-29T21:18:06+00:00,https://bilgewatermarket.com/cards,Strike Down,nonfoil,0.05,https://bilgewatermarket.com/cards/SFD-107,normal,https://bilgewatermarket.com/assets/SFD-107-EN-C2s9QDaH.jpg,¥0.50,$0.05,,Strike Down SFD-107/221 CN ¥0.50 EN $0.05
2026-09-29T21:18:06+00:00,https://bilgewatermarket.com/cards,Warmog's Armor,foil,0.25,https://bilgewatermarket.com/cards/SFD-108?print_variation=foiled,foiled,https://bilgewatermarket.com/assets/SFD-108-EN-CNBcYxPh.jpg,¥0.51,$0.25,,Warmog's Armor SFD-108/221 Foiled CN ¥0.51 EN $0.25
2026-09-29T21:18:06+00:00,https://bilgewatermarket.com/cards,Warmog's Armor,nonfoil,0.09,https://bilgewatermarket.com/cards/SFD-108,normal,https://bilgewatermarket.com/assets/SFD-108-EN-CNBcYxPh.jpg,¥0.87,$0.09,,Warmog's Armor SFD-108/221 CN ¥0.87 EN $0.09
2026-09-29T21:18:06+00:00,https://bilgewatermarket.com/cards,"Akshan, Mischievous",nonfoil,0.75,https://bilgewatermarket.com/cards/SFD-109,normal,https://bilgewatermarket.com/assets/SFD-109-EN-FZ-ISCGo.jpg,¥2.70,$0.75,,"Akshan, Mischievous SFD-109/221 CN ¥2.70 EN $0.75"
2026-09-29T21:18:06+00:00,https://bilgewatermarket.com/cards,"Fiora, Peerless",nonfoil,0.24,https://bilgewatermarket.com/cards/SFD-110,normal,https://bilgewatermarket.com/assets/SFD-110-EN-BxdDhCAa.jpg,¥0.70,$0.24,,"Fiora, Peerless SFD-110/221 CN ¥0.70 EN $0.24"
2026-09-29T21:18:06+00:00,https://bilgewatermarket.com/cards,"Fiora, Peerless",nonfoil,3.05,https://bilgewatermarket.com/cards/SFD-110a?print_variation=showcase,showcase,https://bilgewatermarket.com/assets/SFD-110a-EN-BJOr926U.jpg,¥6.10,$3.05,,"Fiora, Peerless SFD-110A/221 Showcase CN ¥6.10 EN $3.05"
2026-09-29T21:18:06+00:00,https://bilgewatermarket.com/cards,Here to Help,nonfoil,0.22,https://bilgewatermarket.com/cards/SFD-111,normal,https://bilgewatermarket.com/assets/SFD-111-EN-DIquvv8l.jpg,¥0.59,$0.22,,Here to Help SFD-111/221 CN ¥0.59 EN $0.22
2026-09-29T21:18:06+00:00,https://bilgewatermarket.com/cards,Kato the Arm,nonfoil,0.17,https://bilgewatermarket.com/cards/SFD-112,normal,https://bilgewatermarket.com/assets/SFD-112-EN-CEcEItCx.jpg,¥0.50,$0.17,,Kato the Arm SFD-112/221 CN ¥0.50 EN $0.17
2026-09-29T21:18:06+00:00,https://bilgewatermarket.com/cards,"Lucian, Merciless",nonfoil,0.28,https://bilgewatermarket.com/cards/SFD-113,normal,https://bilgewatermarket.com/assets/SFD-113-EN-BotdsLvt.jpg,¥0.80,$0.28,,"Lucian, Merciless SFD-113/221 CN ¥0.80 EN $0.28"
2026-09-29T21:18:06+00:00,https://bilgewatermarket.com/cards,"Lucian, Merciless",nonfoil,3.64,https://bilgewatermarket.com/cards/SFD-113a?print_variation=showcase,showcase,https://bilgewatermarket.com/assets/SFD-113a-EN-Bx1y6D-E.jpg,¥7.67,$3.64,,"Lucian, Merciless SFD-113A/221 Showcase CN ¥7.67 EN $3.64"
2026-09-29T21:18:06+00:00,https://bilgewatermarket.com/cards,Marching Orders,nonfoil,0.18,https://bilgewatermarket.com/cards/SFD-114,normal,https://bilgewatermarket.com/assets/SFD-114-EN-2vdTI2B0.jpg,¥0.50,$0.18,,Marching Orders SFD-114/221 CN ¥0.50 EN $0.18
2026-09-29T21:18:06+00:00,https://bilgewatermarket.com/cards,Trinity Force,nonfoil,0.38,https://bilgewatermarket.com/cards/SFD-115,normal,https://bilgewatermarket.com/assets/SFD-115-EN-BFeFyLHY.jpg,¥1.08,$0.38,,Trinity Force SFD-115/221 CN ¥1.08 EN $0.38
2026-09-29T21:18:06+00:00,https://bilgewatermarket.com/cards,"Yone, Blademaster",nonfoil,0.21,https://bilgewatermarket.com/cards/SFD-116,normal,https://bilgewatermarket.com/assets/SFD-116-EN-BQUYouMr.jpg,¥0.54,$0.21,,"Yone, Blademaster SFD-116/221 CN ¥0.54 EN $0.21"
2026-09-29T21:18:06+00:00,https://bilgewatermarket.com/cards,Ancient Henge,nonfoil,1.17,https://bilgewatermarket.com/cards/SFD-117,normal,https://bilgewatermarket.com/assets/SFD-117-EN-msq3Ze4b.jpg,¥2.20,$1.17,,Ancient Henge SFD-117/221 CN ¥2.20 EN $1.17
2026-09-29T21:18:06+00:00,https://bilgewatermarket.com/cards,Boneshiver,nonfoil,3.35,https://bilgewatermarket.com/cards/SFD-118,normal,https://bilgewatermarket.com/assets/SFD-118-EN-xrOpTriA.jpg,¥8.13,$3.35,,Boneshiver SFD-118/221 CN ¥8.13 EN $3.35
2026-09-29T21:18:06+00:00,https://bilgewatermarket.com/cards,"Jax, Unrelenting",nonfoil,0.69,https://bilgewatermarket.com/cards/SFD-119,normal,https://bilgewatermarket.com/assets/SFD-119-EN-Dt3NLe5X.jpg,¥0.63,$0.69,,"Jax, Unrelenting SFD-119/221 CN ¥0.63 EN $0.69"
2026-09-29T21:18:06+00:00,https://bilgewatermarket.com/cards,"Jax, Unrelenting",nonfoil,1.29,https://bilgewatermarket.com/cards/SFD-119a?print_variation=showcase,showcase,https://bilgewatermarket.com/assets/SFD-119a-EN--Re0eAoB.jpg,¥1.18,$1.29,,"Jax, Unrelenting SFD-119A/221 Showcase CN ¥1.18 EN $1.29"
2026-09-29T21:18:06+00:00,https://bilgewatermarket.com/cards,"Sivir, Ambitious",nonfoil,0.39,https://bilgewatermarket.com/cards/SFD-120,normal,https://bilgewatermarket.com/assets/SFD-120-EN-BeCEjwWR.jpg,¥0.51,$0.39,,"Sivir, Ambitious SFD-120/221 CN ¥0.51 EN $0.39"
2026-09-29T21:18:06+00:00,https://bilgewatermarket.com/cards,"Sivir, Ambitious",nonfoil,1.27,https://bilgewatermarket.com/cards/SFD-120a?print_variation=showcase,showcase,https://bilgewatermarket.com/assets/SFD-120a-EN-BgMQOzHs.jpg,¥1.06,$1.27,,"Sivir, Ambitious SFD-120A/221 Showcase CN ¥1.06 EN $1.27"
2026-09-29T21:18:06+00:00,https://bilgewatermarket.com/cards,Black Market Broker,foil,0.17,https://bilgewatermarket.com/cards/SFD-121?print_variation=foiled,foiled,https://bilgewatermarket.com/assets/SFD-121-EN-DoTjSP6B.jpg,¥0.51,$0.17,,Black Market Broker SFD-121/221 Foiled CN ¥0.51 EN $0.17
2026-09-29T21:18:06+00:00,https://bilgewatermarket.com/cards,Black Market Broker,nonfoil,0.06,https://bilgewatermarket.com/cards/SFD-121,normal,https://bilgewatermarket.com/assets/SFD-121-EN-DoTjSP6B.jpg,¥0.50,$0.06,,Black Market Broker SFD-121/221 CN ¥0.50 EN $0.06
2026-09-29T21:18:06+00:00,https://bilgewatermarket.com/cards,Called Shot,foil,0.45,https://bilgewatermarket.com/cards/SFD-122?print_variation=foiled,foiled,https://bilgewatermarket.com/assets/SFD-122-EN-Qq1zBU0W.jpg,¥1.03,$0.45,,BANNED Called Shot SFD-122/221 Foiled CN ¥1.03 EN $0.45
2026-09-29T21:18:06+00:00,https://bilgewatermarket.com/cards,Called Shot,nonfoil,0.05,https://bilgewatermarket.com/cards/SFD-122,normal,https://bilgewatermarket.com/assets/SFD-122-EN-Qq1zBU0W.jpg,¥0.50,$0.05,,BANNED Called Shot SFD-122/221 CN ¥0.50 EN $0.05
2026-09-29T21:18:06+00:00,https://bilgewatermarket.com/cards,Corrupt Enforcer,foil,0.14,https://bilgewatermarket.com/cards/SFD-123?print_variation=foiled,foiled,https://bilgewatermarket.com/assets/SFD-123-EN-D2Pdz6Sd.jpg,¥0.50,$0.14,,Corrupt Enforcer SFD-123/221 Foiled CN ¥0.50 EN $0.14
2026-09-29T21:18:06+00:00,https://bilgewatermarket.com/cards,Corrupt Enforcer,nonfoil,0.05,https://bilgewatermarket.com/cards/SFD-123,normal,https://bilgewatermarket.com/assets/SFD-123-EN-D2Pdz6Sd.jpg,¥0.50,$0.05,,Corrupt Enforcer SFD-123/221 CN ¥0.50 EN $0.05
2026-09-29T21:18:06+00:00,https://bilgewatermarket.com/cards,Doran's Ring,foil,0.19,https://bilgewatermarket.com/cards/SFD-124?print_variation=foiled,foiled,https://bilgewatermarket.com/assets/SFD-124-EN-HlZBzVEt.jpg,¥0.50,$0.19,,Doran's Ring SFD-124/221 Foiled CN ¥0.50 EN $0.19
2026-09-29T21:18:06+00:00,https://bilgewatermarket.com/cards,Doran's Ring,nonfoil,0.08,https://bilgewatermarket.com/cards/SFD-124,normal,https://bilgewatermarket.com/assets/SFD-124-EN-HlZBzVEt.jpg,¥0.50,$0.08,,Doran's Ring SFD-124/221 CN ¥0.50 EN $0.08
2026-09-29T21:18:06+00:00,https://bilgewatermarket.com/cards,Fae Porter,foil,0.22,https://bilgewatermarket.com/cards/SFD-125?print_variation=foiled,foiled,https://bilgewatermarket.com/assets/SFD-125-EN-BONn0GV-.jpg,¥0.50,$0.22,,Fae Porter SFD-125/221 Foiled CN ¥0.50 EN $0.22
2026-09-29T21:18:06+00:00,https://bilgewatermarket.com/cards,Fae Porter,nonfoil,0.07,https://bilgewatermarket.com/cards/SFD-125,normal,https://bilgewatermarket.com/assets/SFD-125-EN-BONn0GV-.jpg,¥0.50,$0.07,,Fae Porter SFD-125/221 CN ¥0.50 EN $0.07
2026-09-29T21:18:06+00:00,https://bilgewatermarket.com/cards,Loyal Pup,foil,0.21,https://bilgewatermarket.com/cards/SFD-126?print_variation=foiled,foiled,https://bilgewatermarket.com/assets/SFD-126-EN-DL5bCBUh.jpg,¥0.50,$0.21,,Loyal Pup SFD-126/221 Foiled CN ¥0.50 EN $0.21
2026-09-29T21:18:06+00:00,https://bilgewatermarket.com/cards,Loyal Pup,nonfoil,0.04,https://bilgewatermarket.com/cards/SFD-126,normal,https://bilgewatermarket.com/assets/SFD-126-EN-DL5bCBUh.jpg,¥0.50,$0.04,,Loyal Pup SFD-126/221 CN ¥0.50 EN $0.04
2026-09-29T21:18:06+00:00,https://bilgewatermarket.com/cards,Master Bingwen,foil,0.14,https://bilgewatermarket.com/cards/SFD-127?print_variation=foiled,foiled,https://bilgewatermarket.com/assets/SFD-127-EN-B7VG9asY.jpg,¥0.50,$0.14,,Master Bingwen SFD-127/221 Foiled CN ¥0.50 EN $0.14
2026-09-29T21:18:06+00:00,https://bilgewatermarket.com/cards,Master Bingwen,nonfoil,0.02,https://bilgewatermarket.com/cards/SFD-127,normal,https://bilgewatermarket.com/assets/SFD-127-EN-B7VG9asY.jpg,¥0.30,$0.02,,Master Bingwen SFD-127/221 CN ¥0.30 EN $0.02
2026-09-29T21:18:06+00:00,https://bilgewatermarket.com/cards,Overzealous Fan,foil,0.34,https://bilgewatermarket.com/cards/SFD-128?print_variation=foiled,foiled,https://bilgewatermarket.com/assets/SFD-128-EN-C9aQQ8MX.jpg,¥1.58,$0.34,,Overzealous Fan SFD-128/221 Foiled CN ¥1.58 EN $0.34
2026-09-29T21:18:06+00:00,https://bilgewatermarket.com/cards,Overzealous Fan,nonfoil,0.14,https://bilgewatermarket.com/cards/SFD-128,normal,https://bilgewatermarket.com/assets/SFD-128-EN-C9aQQ8MX.jpg,¥0.51,$0.14,,Overzealous Fan SFD-128/221 CN ¥0.51 EN $0.14
2026-09-29T21:18:06+00:00,https://bilgewatermarket.com/cards,Temptation,foil,0.14,https://bilgewatermarket.com/cards/SFD-129?print_variation=foiled,foiled,https://bilgewatermarket.com/assets/SFD-129-EN-O-m706S6.jpg,¥0.52,$0.14,,Temptation SFD-129/221 Foiled CN ¥0.52 EN $0.14
2026-09-29T21:18:06+00:00,https://bilgewatermarket.com/cards,Temptation,nonfoil,0.06,https://bilgewatermarket.com/cards/SFD-129,normal,https://bilgewatermarket.com/assets/SFD-129-EN-O-m706S6.jpg,¥0.50,$0.06,,Temptation SFD-129/221 CN ¥0.50 EN $0.06
2026-09-29T21:18:06+00:00,https://bilgewatermarket.com/cards,Treasure Hunter,foil,0.28,https://bilgewatermarket.com/cards/SFD-130?print_variation=foiled,foiled,https://bilgewatermarket.com/assets/SFD-130-EN-DCI4J2F-.jpg,¥1.67,$0.28,,Treasure Hunter SFD-130/221 Foiled CN ¥1.67 EN $0.28
2026-09-29T21:18:06+00:00,https://bilgewatermarket.com/cards,Treasure Hunter,nonfoil,0.17,https://bilgewatermarket.com/cards/SFD-130,normal,https://bilgewatermarket.com/assets/SFD-130-EN-DCI4J2F-.jpg,¥0.60,$0.17,,Treasure Hunter SFD-130/221 CN ¥0.60 EN $0.17
2026-09-29T21:18:06+00:00,https://bilgewatermarket.com/cards,Ancient Warmonger,foil,0.22,https://bilgewatermarket.com/cards/SFD-131?print_variation=foiled,foiled,https://bilgewatermarket.com/assets/SFD-131-EN-sSilN-qh.jpg,¥0.50,$0.22,,Ancient Warmonger SFD-131/221 Foiled CN ¥0.50 EN $0.22
2026-09-29T21:18:06+00:00,https://bilgewatermarket.com/cards,Ancient Warmonger,nonfoil,0.11,https://bilgewatermarket.com/cards/SFD-131,normal,https://bilgewatermarket.com/assets/SFD-131-EN-sSilN-qh.jpg,¥0.49,$0.11,,Ancient Warmonger SFD-131/221 CN ¥0.49 EN $0.11
2026-09-29T21:18:06+00:00,https://bilgewatermarket.com/cards,Beast Below,foil,0.28,https://bilgewatermarket.com/cards/SFD-132?print_variation=foiled,foiled,https://bilgewatermarket.com/assets/SFD-132-EN-O4K84EWy.jpg,¥0.50,$0.28,,Beast Below SFD-132/221 Foiled CN ¥0.50 EN $0.28
2026-09-29T21:18:06+00:00,https://bilgewatermarket.com/cards,Beast Below,nonfoil,0.12,https://bilgewatermarket.com/cards/SFD-132,normal,https://bilgewatermarket.com/assets/SFD-132-EN-O4K84EWy.jpg,¥0.50,$0.12,,Beast Below SFD-132/221 CN ¥0.50 EN $0.12
2026-09-29T21:18:06+00:00,https://bilgewatermarket.com/cards,Boots of Swiftness,foil,2.53,https://bilgewatermarket.com/cards/SFD-133?print_variation=foiled,foiled,https://bilgewatermarket.com/assets/SFD-133-EN-M_WR9CN4.jpg,¥5.30,$2.53,,Boots of Swiftness SFD-133/221 Foiled CN ¥5.30 EN $2.53
2026-09-29T21:18:06+00:00,https://bilgewatermarket.com/cards,Boots of Swiftness,nonfoil,0.47,https://bilgewatermarket.com/cards/SFD-133,normal,https://bilgewatermarket.com/assets/SFD-133-EN-M_WR9CN4.jpg,¥1.21,$0.47,,Boots of Swiftness SFD-133/221 CN ¥1.21 EN $0.47
2026-09-29T21:18:06+00:00,https://bilgewatermarket.com/cards,Cull,foil,0.35,https://bilgewatermarket.com/cards/SFD-134?print_variation=foiled,foiled,https://bilgewatermarket.com/assets/SFD-134-EN-wGXotdcL.jpg,¥1.02,$0.35,,Cull SFD-134/221 Foiled CN ¥1.02 EN $0.35
2026-09-29T21:18:06+00:00,https://bilgewatermarket.com/cards,Cull,nonfoil,0.10,https://bilgewatermarket.com/cards/SFD-134,normal,https://bilgewatermarket.com/assets/SFD-134-EN-wGXotdcL.jpg,¥0.61,$0.10,,Cull SFD-134/221 CN ¥0.61 EN $0.10
2026-09-29T21:18:06+00:00,https://bilgewatermarket.com/cards,Factory Recall,foil,0.35,https://bilgewatermarket.com/cards/SFD-135?print_variation=foiled,foiled,https://bilgewatermarket.com/assets/SFD-135-EN-B5MGXx5I.jpg,¥2.02,$0.35,,Factory Recall SFD-135/221 Foiled CN ¥2.02 EN $0.35
2026-09-29T21:18:06+00:00,https://bilgewatermarket.com/cards,Factory Recall,nonfoil,0.09,https://bilgewatermarket.com/cards/SFD-135,normal,https://bilgewatermarket.com/assets/SFD-135-EN-B5MGXx5I.jpg,¥0.52,$0.09,,Factory Recall SFD-135/221 CN ¥0.52 EN $0.09
2026-09-29T21:18:06+00:00,https://bilgewatermarket.com/cards,Hard Bargain,foil,3.58,https://bilgewatermarket.com/cards/SFD-136?print_variation=foiled,foiled,https://bilgewatermarket.com/assets/SFD-136-EN-BrtDATl3.jpg,¥6.42,$3.58,,Hard Bargain SFD-136/221 Foiled CN ¥6.42 EN $3.58
2026-09-29T21:18:06+00:00,https://bilgewatermarket.com/cards,Hard Bargain,nonfoil,0.77,https://bilgewatermarket.com/cards/SFD-136,normal,https://bilgewatermarket.com/assets/SFD-136-EN-BrtDATl3.jpg,¥2.37,$0.77,,Hard Bargain SFD-136/221 CN ¥2.37 EN $0.77
2026-09-29T21:18:06+00:00,https://bilgewatermarket.com/cards,Harpoon Squad,foil,0.29,https://bilgewatermarket.com/cards/SFD-137?print_variation=foiled,foiled,https://bilgewatermarket.com/assets/SFD-137-EN-8HEtHQjp.jpg,¥0.50,$0.29,,Harpoon Squad SFD-137/221 Foiled CN ¥0.50 EN $0.29
2026-09-29T21:18:06+00:00,https://bilgewatermarket.com/cards,Harpoon Squad,nonfoil,0.08,https://bilgewatermarket.com/cards/SFD-137,normal,https://bilgewatermarket.com/assets/SFD-137-EN-8HEtHQjp.jpg,¥0.98,$0.08,,Harpoon Squad SFD-137/221 CN ¥0.98 EN $0.08
2026-09-29T21:18:06+00:00,https://bilgewatermarket.com/cards,Windsinger,foil,0.49,https://bilgewatermarket.com/cards/SFD-138?print_variation=foiled,foiled,https://bilgewatermarket.com/assets/SFD-138-EN-BmnIl-iY.jpg,¥0.97,$0.49,,Windsinger SFD-138/221 Foiled CN ¥0.97 EN $0.49
2026-09-29T21:18:06+00:00,https://bilgewatermarket.com/cards,Windsinger,nonfoil,0.18,https://bilgewatermarket.com/cards/SFD-138,normal,https://bilgewatermarket.com/assets/SFD-138-EN-BmnIl-iY.jpg,¥0.51,$0.18,,Windsinger SFD-138/221 CN ¥0.51 EN $0.18
2026-09-29T21:18:06+00:00,https://bilgewatermarket.com/cards,Edge of Night,nonfoil,0.35,https://bilgewatermarket.com/cards/SFD-139,normal,https://bilgewatermarket.com/assets/SFD-139-EN-oOXuycYc.jpg,¥1.85,$0.35,,Edge of Night SFD-139/221 CN ¥1.85 EN $0.35
2026-09-29T21:18:06+00:00,https://bilgewatermarket.com/cards,"Fizz, Trickster",nonfoil,4.85,https://bilgewatermarket.com/cards/SFD-140,normal,https://bilgewatermarket.com/assets/SFD-140-EN-167JCxsk.jpg,¥6.91,$4.85,,"Fizz, Trickster SFD-140/221 CN ¥6.91 EN $4.85"
2026-09-29T21:18:06+00:00,https://bilgewatermarket.com/cards,"Irelia, Graceful",nonfoil,0.21,https://bilgewatermarket.com/cards/SFD-141,normal,https://bilgewatermarket.com/assets/SFD-141-EN-z0TMyenN.jpg,¥0.50,$0.21,,"Irelia, Graceful SFD-141/221 CN ¥0.50 EN $0.21"
2026-09-29T21:18:06+00:00,https://bilgewatermarket.com/cards,"Irelia, Graceful",nonfoil,1.71,https://bilgewatermarket.com/cards/SFD-141a?print_variation=showcase,showcase,https://bilgewatermarket.com/assets/SFD-141a-EN-BwwzXVJI.jpg,¥3.09,$1.71,,"Irelia, Graceful SFD-141A/221 Showcase CN ¥3.09 EN $1.71"
2026-09-29T21:18:06+00:00,https://bilgewatermarket.com/cards,Jae Medarda,nonfoil,0.14,https://bilgewatermarket.com/cards/SFD-142,normal,https://bilgewatermarket.com/assets/SFD-142-EN-BIOwfaO_.jpg,¥0.50,$0.14,,Jae Medarda SFD-142/221 CN ¥0.50 EN $0.14
2026-09-29T21:18:06+00:00,https://bilgewatermarket.com/cards,"Sivir, Mercenary",nonfoil,0.18,https://bilgewatermarket.com/cards/SFD-143,normal,https://bilgewatermarket.com/assets/SFD-143-EN-CqXh_Ict.jpg,¥0.51,$0.18,,"Sivir, Mercenary SFD-143/221 CN ¥0.51 EN $0.18"
2026-09-29T21:18:06+00:00,https://bilgewatermarket.com/cards,"Sivir, Mercenary",nonfoil,1.06,https://bilgewatermarket.com/cards/SFD-143a?print_variation=showcase,showcase,https://bilgewatermarket.com/assets/SFD-143a-EN-E_YGq77K.jpg,¥1.96,$1.06,,"Sivir, Mercenary SFD-143A/221 Showcase CN ¥1.96 EN $1.06"
2026-09-29T21:18:06+00:00,https://bilgewatermarket.com/cards,Spirit Wheel,nonfoil,0.18,https://bilgewatermarket.com/cards/SFD-144,normal,https://bilgewatermarket.com/assets/SFD-144-EN-BSm48Bx4.jpg,¥0.55,$0.18,,Spirit Wheel SFD-144/221 CN ¥0.55 EN $0.18
2026-09-29T21:18:06+00:00,https://bilgewatermarket.com/cards,Switcheroo,nonfoil,3.49,https://bilgewatermarket.com/cards/SFD-145,normal,https://bilgewatermarket.com/assets/SFD-145-EN-D5OJ4owk.jpg,¥3.35,$3.49,,Switcheroo SFD-145/221 CN ¥3.35 EN $3.49
2026-09-29T21:18:06+00:00,https://bilgewatermarket.com/cards,"Vex, Cheerless",nonfoil,0.34,https://bilgewatermarket.com/cards/SFD-146,normal,https://bilgewatermarket.com/assets/SFD-146-EN-BNkbBqNK.jpg,¥1.51,$0.34,,"Vex, Cheerless SFD-146/221 CN ¥1.51 EN $0.34"
2026-09-29T21:18:06+00:00,https://bilgewatermarket.com/cards,Downwell,nonfoil,4.02,https://bilgewatermarket.com/cards/SFD-147,normal,https://bilgewatermarket.com/assets/SFD-147-EN-B-1iRVEj.jpg,¥13.02,$4.02,,Downwell SFD-147/221 CN ¥13.02 EN $4.02
2026-09-29T21:18:06+00:00,https://bilgewatermarket.com/cards,"Draven, Audacious",nonfoil,1.20,https://bilgewatermarket.com/cards/SFD-148,normal,https://bilgewatermarket.com/assets/SFD-148-EN-taGFyBgp.jpg,¥5.93,$1.20,,"Draven, Audacious SFD-148/221 CN ¥5.93 EN $1.20"
2026-09-29T21:18:06+00:00,https://bilgewatermarket.com/cards,"Draven, Audacious",nonfoil,1.86,https://bilgewatermarket.com/cards/SFD-148a?print_variation=showcase,showcase,https://bilgewatermarket.com/assets/SFD-148a-EN-w3GHoCtp.jpg,¥13.08,$1.86,,"Draven, Audacious SFD-148A/221 Showcase CN ¥13.08 EN $1.86"
2026-09-29T21:18:06+00:00,https://bilgewatermarket.com/cards,"Ezreal, Prodigy",nonfoil,9.80,https://bilgewatermarket.com/cards/SFD-149,normal,https://bilgewatermarket.com/assets/SFD-149-EN-CJlXWY_s.jpg,¥22.54,$9.80,,"Ezreal, Prodigy SFD-149/221 CN ¥22.54 EN $9.80"
2026-09-29T21:18:06+00:00,https://bilgewatermarket.com/cards,"Ezreal, Prodigy",nonfoil,8.94,https://bilgewatermarket.com/cards/SFD-149a?print_variation=showcase,showcase,https://bilgewatermarket.com/assets/SFD-149a-EN-DIEDxoL1.jpg,¥29.11,$8.94,,"Ezreal, Prodigy SFD-149A/221 Showcase CN ¥29.11 EN $8.94"
2026-09-29T21:18:06+00:00,https://bilgewatermarket.com/cards,Last Rites,nonfoil,34.90,https://bilgewatermarket.com/cards/SFD-150,normal,https://bilgewatermarket.com/assets/SFD-150-EN-DrcKFZlv.jpg,¥71.25,$34.90,,Last Rites SFD-150/221 CN ¥71.25 EN $34.90
2026-09-29T21:18:06+00:00,https://bilgewatermarket.com/cards,Bonds of Strength,foil,0.20,https://bilgewatermarket.com/cards/SFD-151?print_variation=foiled,foiled,https://bilgewatermarket.com/assets/SFD-151-EN-_EB2wnKR.jpg,¥0.98,$0.20,,Bonds of Strength SFD-151/221 Foiled CN ¥0.98 EN $0.20
2026-09-29T21:18:06+00:00,https://bilgewatermarket.com/cards,Bonds of Strength,nonfoil,0.08,https://bilgewatermarket.com/cards/SFD-151,normal,https://bilgewatermarket.com/assets/SFD-151-EN-_EB2wnKR.jpg,¥0.50,$0.08,,Bonds of Strength SFD-151/221 CN ¥0.50 EN $0.08
2026-09-29T21:18:06+00:00,https://bilgewatermarket.com/cards,Eminent Benefactor,foil,0.19,https://bilgewatermarket.com/cards/SFD-152?print_variation=foiled,foiled,https://bilgewatermarket.com/assets/SFD-152-EN-DsbGjJT9.jpg,¥0.50,$0.19,,Eminent Benefactor SFD-152/221 Foiled CN ¥0.50 EN $0.19
2026-09-29T21:18:06+00:00,https://bilgewatermarket.com/cards,Eminent Benefactor,nonfoil,0.04,https://bilgewatermarket.com/cards/SFD-152,normal,https://bilgewatermarket.com/assets/SFD-152-EN-DsbGjJT9.jpg,¥0.30,$0.04,,Eminent Benefactor SFD-152/221 CN ¥0.30 EN $0.04
2026-09-29T21:18:06+00:00,https://bilgewatermarket.com/cards,Eye of the Herald,foil,0.27,https://bilgewatermarket.com/cards/SFD-153?print_variation=foiled,foiled,https://bilgewatermarket.com/assets/SFD-153-EN-DFULRXiL.jpg,¥1.05,$0.27,,Eye of the Herald SFD-153/221 Foiled CN ¥1.05 EN $0.27
2026-09-29T21:18:06+00:00,https://bilgewatermarket.com/cards,Eye of the Herald,nonfoil,0.11,https://bilgewatermarket.com/cards/SFD-153,normal,https://bilgewatermarket.com/assets/SFD-153-EN-DFULRXiL.jpg,¥0.51,$0.11,,Eye of the Herald SFD-153/221 CN ¥0.51 EN $0.11
2026-09-29T21:18:06+00:00,https://bilgewatermarket.com/cards,Guards!,foil,0.23,https://bilgewatermarket.com/cards/SFD-154?print_variation=foiled,foiled,https://bilgewatermarket.com/assets/SFD-154-EN-FfryZ39-.jpg,¥1.21,$0.23,,Guards! SFD-154/221 Foiled CN ¥1.21 EN $0.23
2026-09-29T21:18:06+00:00,https://bilgewatermarket.com/cards,Guards!,nonfoil,0.09,https://bilgewatermarket.com/cards/SFD-154,normal,https://bilgewatermarket.com/assets/SFD-154-EN-FfryZ39-.jpg,¥0.51,$0.09,,Guards! SFD-154/221 CN ¥0.51 EN $0.09
2026-09-29T21:18:06+00:00,https://bilgewatermarket.com/cards,Honest Broker,foil,0.42,https://bilgewatermarket.com/cards/SFD-155?print_variation=foiled,foiled,https://bilgewatermarket.com/assets/SFD-155-EN-DDsgr9dI.jpg,¥1.38,$0.42,,Honest Broker SFD-155/221 Foiled CN ¥1.38 EN $0.42
2026-09-29T21:18:06+00:00,https://bilgewatermarket.com/cards,Honest Broker,nonfoil,0.15,https://bilgewatermarket.com/cards/SFD-155,normal,https://bilgewatermarket.com/assets/SFD-155-EN-DDsgr9dI.jpg,¥0.55,$0.15,,Honest Broker SFD-155/221 CN ¥0.55 EN $0.15
2026-09-29T21:18:06+00:00,https://bilgewatermarket.com/cards,Laurent Duelist,foil,0.17,https://bilgewatermarket.com/cards/SFD-156?print_variation=foiled,foiled,https://bilgewatermarket.com/assets/SFD-156-EN-DYSNGSDV.jpg,¥0.50,$0.17,,Laurent Duelist SFD-156/221 Foiled CN ¥0.50 EN $0.17
2026-09-29T21:18:06+00:00,https://bilgewatermarket.com/cards,Laurent Duelist,nonfoil,0.03,https://bilgewatermarket.com/cards/SFD-156,normal,https://bilgewatermarket.com/assets/SFD-156-EN-DYSNGSDV.jpg,¥0.50,$0.03,,Laurent Duelist SFD-156/221 CN ¥0.50 EN $0.03
2026-09-29T21:18:06+00:00,https://bilgewatermarket.com/cards,Royal Guard,foil,0.16,https://bilgewatermarket.com/cards/SFD-157?print_variation=foiled,foiled,https://bilgewatermarket.com/assets/SFD-157-EN-CIAJKjTm.jpg,¥0.50,$0.16,,Royal Guard SFD-157/221 Foiled CN ¥0.50 EN $0.16
2026-09-29T21:18:06+00:00,https://bilgewatermarket.com/cards,Royal Guard,nonfoil,0.07,https://bilgewatermarket.com/cards/SFD-157,normal,https://bilgewatermarket.com/assets/SFD-157-EN-CIAJKjTm.jpg,¥0.50,$0.07,,Royal Guard SFD-157/221 CN ¥0.50 EN $0.07
2026-09-29T21:18:06+00:00,https://bilgewatermarket.com/cards,Sandshifter,foil,0.17,https://bilgewatermarket.com/cards/SFD-158?print_variation=foiled,foiled,https://bilgewatermarket.com/assets/SFD-158-EN-Ct6rbH4T.jpg,¥0.50,$0.17,,Sandshifter SFD-158/221 Foiled CN ¥0.50 EN $0.17
2026-09-29T21:18:06+00:00,https://bilgewatermarket.com/cards,Sandshifter,nonfoil,0.05,https://bilgewatermarket.com/cards/SFD-158,normal,https://bilgewatermarket.com/assets/SFD-158-EN-Ct6rbH4T.jpg,¥0.50,$0.05,,Sandshifter SFD-158/221 CN ¥0.50 EN $0.05
2026-09-29T21:18:06+00:00,https://bilgewatermarket.com/cards,Trusty Ramhound,foil,0.21,https://bilgewatermarket.com/cards/SFD-159?print_variation=foiled,foiled,https://bilgewatermarket.com/assets/SFD-159-EN-BEom7MVq.jpg,¥0.55,$0.21,,Trusty Ramhound SFD-159/221 Foiled CN ¥0.55 EN $0.21
2026-09-29T21:18:06+00:00,https://bilgewatermarket.com/cards,Trusty Ramhound,nonfoil,0.10,https://bilgewatermarket.com/cards/SFD-159,normal,https://bilgewatermarket.com/assets/SFD-159-EN-BEom7MVq.jpg,¥0.50,$0.10,,Trusty Ramhound SFD-159/221 CN ¥0.50 EN $0.10
2026-09-29T21:18:06+00:00,https://bilgewatermarket.com/cards,Zaun Punk,foil,0.20,https://bilgewatermarket.com/cards/SFD-160?print_variation=foiled,foiled,https://bilgewatermarket.com/assets/SFD-160-EN-C0423_Yl.jpg,¥0.50,$0.20,,Zaun Punk SFD-160/221 Foiled CN ¥0.50 EN $0.20
2026-09-29T21:18:06+00:00,https://bilgewatermarket.com/cards,Zaun Punk,nonfoil,0.07,https://bilgewatermarket.com/cards/SFD-160,normal,https://bilgewatermarket.com/assets/SFD-160-EN-C0423_Yl.jpg,¥0.50,$0.07,,Zaun Punk SFD-160/221 CN ¥0.50 EN $0.07
2026-09-29T21:18:06+00:00,https://bilgewatermarket.com/cards,B.F. Sword,foil,1.67,https://bilgewatermarket.com/cards/SFD-161?print_variation=foiled,foiled,https://bilgewatermarket.com/assets/SFD-161-EN-C5BdAWQn.jpg,¥4.96,$1.67,,B.F. Sword SFD-161/221 Foiled CN ¥4.96 EN $1.67
2026-09-29T21:18:06+00:00,https://bilgewatermarket.com/cards,B.F. Sword,nonfoil,0.32,https://bilgewatermarket.com/cards/SFD-161,normal,https://bilgewatermarket.com/assets/SFD-161-EN-C5BdAWQn.jpg,¥1.11,$0.32,,B.F. Sword SFD-161/221 CN ¥1.11 EN $0.32
2026-09-29T21:18:06+00:00,https://bilgewatermarket.com/cards,Blood Money,foil,0.33,https://bilgewatermarket.com/cards/SFD-162?print_variation=foiled,foiled,https://bilgewatermarket.com/assets/SFD-162-EN-CQY3v4wz.jpg,¥1.45,$0.33,,Blood Money SFD-162/221 Foiled CN ¥1.45 EN $0.33
2026-09-29T21:18:06+00:00,https://bilgewatermarket.com/cards,Blood Money,nonfoil,0.15,https://bilgewatermarket.com/cards/SFD-162,normal,https://bilgewatermarket.com/assets/SFD-162-EN-CQY3v4wz.jpg,¥0.73,$0.15,,Blood Money SFD-162/221 CN ¥0.73 EN $0.15
2026-09-29T21:18:06+00:00,https://bilgewatermarket.com/cards,Deathgrip,foil,2.21,https://bilgewatermarket.com/cards/SFD-163?print_variation=foiled,foiled,https://bilgewatermarket.com/assets/SFD-163-EN-BDZsLAFQ.jpg,¥3.69,$2.21,,Deathgrip SFD-163/221 Foiled CN ¥3.69 EN $2.21
2026-09-29T21:18:06+00:00,https://bilgewatermarket.com/cards,Deathgrip,nonfoil,0.36,https://bilgewatermarket.com/cards/SFD-163,normal,https://bilgewatermarket.com/assets/SFD-163-EN-BDZsLAFQ.jpg,¥1.85,$0.36,,Deathgrip SFD-163/221 CN ¥1.85 EN $0.36
2026-09-29T21:18:06+00:00,https://bilgewatermarket.com/cards,Drag Under,foil,0.42,https://bilgewatermarket.com/cards/SFD-164?print_variation=foiled,foiled,https://bilgewatermarket.com/assets/SFD-164-EN-DJ5Qo1bO.jpg,¥0.99,$0.42,,Drag Under SFD-164/221 Foiled CN ¥0.99 EN $0.42
2026-09-29T21:18:06+00:00,https://bilgewatermarket.com/cards,Drag Under,nonfoil,0.16,https://bilgewatermarket.com/cards/SFD-164,normal,https://bilgewatermarket.com/assets/SFD-164-EN-DJ5Qo1bO.jpg,¥0.63,$0.16,,Drag Under SFD-164/221 CN ¥0.63 EN $0.16
2026-09-29T21:18:06+00:00,https://bilgewatermarket.com/cards,Glasc Mixologist,foil,2.23,https://bilgewatermarket.com/cards/SFD-165?print_variation=foiled,foiled,https://bilgewatermarket.com/assets/SFD-165-EN-CMkpE2oP.jpg,¥1.27,$2.23,,Glasc Mixologist SFD-165/221 Foiled CN ¥1.27 EN $2.23
2026-09-29T21:18:06+00:00,https://bilgewatermarket.com/cards,Glasc Mixologist,nonfoil,0.25,https://bilgewatermarket.com/cards/SFD-165,normal,https://bilgewatermarket.com/assets/SFD-165-EN-CMkpE2oP.jpg,¥0.65,$0.25,,Glasc Mixologist SFD-165/221 CN ¥0.65 EN $0.25
2026-09-29T21:18:06+00:00,https://bilgewatermarket.com/cards,Rally the Troops,foil,0.38,https://bilgewatermarket.com/cards/SFD-166?print_variation=foiled,foiled,https://bilgewatermarket.com/assets/SFD-166-EN-DuDIypAI.jpg,¥1.49,$0.38,,Rally the Troops SFD-166/221 Foiled CN ¥1.49 EN $0.38
2026-09-29T21:18:06+00:00,https://bilgewatermarket.com/cards,Rally the Troops,nonfoil,0.18,https://bilgewatermarket.com/cards/SFD-166,normal,https://bilgewatermarket.com/assets/SFD-166-EN-DuDIypAI.jpg,¥0.53,$0.18,,Rally the Troops SFD-166/221 CN ¥0.53 EN $0.18
2026-09-29T21:18:06+00:00,https://bilgewatermarket.com/cards,Unsung Hero,foil,0.34,https://bilgewatermarket.com/cards/SFD-167?print_variation=foiled,foiled,https://bilgewatermarket.com/assets/SFD-167-EN-0BgcgPvD.jpg,¥1.30,$0.34,,Unsung Hero SFD-167/221 Foiled CN ¥1.30 EN $0.34
2026-09-29T21:18:06+00:00,https://bilgewatermarket.com/cards,Unsung Hero,nonfoil,0.18,https://bilgewatermarket.com/cards/SFD-167,normal,https://bilgewatermarket.com/assets/SFD-167-EN-0BgcgPvD.jpg,¥0.87,$0.18,,Unsung Hero SFD-167/221 CN ¥0.87 EN $0.18
2026-09-29T21:18:06+00:00,https://bilgewatermarket.com/cards,Vanguard Armory,foil,0.92,https://bilgewatermarket.com/cards/SFD-168?print_variation=foiled,foiled,https://bilgewatermarket.com/assets/SFD-168-EN-BtTWmwYE.jpg,¥1.06,$0.92,,Vanguard Armory SFD-168/221 Foiled CN ¥1.06 EN $0.92
2026-09-29T21:18:06+00:00,https://bilgewatermarket.com/cards,Vanguard Armory,nonfoil,0.17,https://bilgewatermarket.com/cards/SFD-168,normal,https://bilgewatermarket.com/assets/SFD-168-EN-BtTWmwYE.jpg,¥0.99,$0.17,,Vanguard Armory SFD-168/221 CN ¥0.99 EN $0.17
2026-09-29T21:18:06+00:00,https://bilgewatermarket.com/cards,Altar of Memories,nonfoil,0.19,https://bilgewatermarket.com/cards/SFD-169,normal,https://bilgewatermarket.com/assets/SFD-169-EN-bHdeg8V7.jpg,¥0.50,$0.19,,Altar of Memories SFD-169/221 CN ¥0.50 EN $0.19
2026-09-29T21:18:06+00:00,https://bilgewatermarket.com/cards,"Rek'Sai, Swarm Queen",nonfoil,0.23,https://bilgewatermarket.com/cards/SFD-170,normal,https://bilgewatermarket.com/assets/SFD-170-EN-DzajIXY2.jpg,¥0.75,$0.23,,"Rek'Sai, Swarm Queen SFD-170/221 CN ¥0.75 EN $0.23"
2026-09-29T21:18:06+00:00,https://bilgewatermarket.com/cards,"Rek'Sai, Swarm Queen",nonfoil,0.79,https://bilgewatermarket.com/cards/SFD-170a?print_variation=showcase,showcase,https://bilgewatermarket.com/assets/SFD-170a-EN-qn8mHpb7.jpg,¥2.12,$0.79,,"Rek'Sai, Swarm Queen SFD-170A/221 Showcase CN ¥2.12 EN $0.79"
2026-09-29T21:18:06+00:00,https://bilgewatermarket.com/cards,"Renata Glasc, Industrialist",nonfoil,0.24,https://bilgewatermarket.com/cards/SFD-171,normal,https://bilgewatermarket.com/assets/SFD-171-EN-C5grsEOP.jpg,¥0.51,$0.24,,"Renata Glasc, Industrialist SFD-171/221 CN ¥0.51 EN $0.24"
2026-09-29T21:18:06+00:00,https://bilgewatermarket.com/cards,"Renata Glasc, Industrialist",nonfoil,1.14,https://bilgewatermarket.com/cards/SFD-171a?print_variation=showcase,showcase,https://bilgewatermarket.com/assets/SFD-171a-EN-CB67OVFD.jpg,¥1.38,$1.14,,"Renata Glasc, Industrialist SFD-171A/221 Showcase CN ¥1.38 EN $1.14"
2026-09-29T21:18:06+00:00,https://bilgewatermarket.com/cards,Sacred Shears,nonfoil,0.22,https://bilgewatermarket.com/cards/SFD-172,normal,https://bilgewatermarket.com/assets/SFD-172-EN-YI_JAahx.jpg,¥0.52,$0.22,,Sacred Shears SFD-172/221 CN ¥0.52 EN $0.22
2026-09-29T21:18:06+00:00,https://bilgewatermarket.com/cards,"Soraka, Wanderer",nonfoil,0.22,https://bilgewatermarket.com/cards/SFD-173,normal,https://bilgewatermarket.com/assets/SFD-173-EN-CHJnUjbc.jpg,¥0.54,$0.22,,"Soraka, Wanderer SFD-173/221 CN ¥0.54 EN $0.22"
2026-09-29T21:18:06+00:00,https://bilgewatermarket.com/cards,Trove Golem,nonfoil,0.22,https://bilgewatermarket.com/cards/SFD-174,normal,https://bilgewatermarket.com/assets/SFD-174-EN-C4Bu8n_A.jpg,¥0.50,$0.22,,Trove Golem SFD-174/221 CN ¥0.50 EN $0.22
2026-09-29T21:18:06+00:00,https://bilgewatermarket.com/cards,Undertitan,nonfoil,0.28,https://bilgewatermarket.com/cards/SFD-175,normal,https://bilgewatermarket.com/assets/SFD-175-EN-DoynSmUw.jpg,¥1.07,$0.28,,Undertitan SFD-175/221 CN ¥1.07 EN $0.28
2026-09-29T21:18:06+00:00,https://bilgewatermarket.com/cards,"Xin Zhao, Vigilant",nonfoil,0.54,https://bilgewatermarket.com/cards/SFD-176,normal,https://bilgewatermarket.com/assets/SFD-176-EN-Bg-iLXGd.jpg,¥1.15,$0.54,,"Xin Zhao, Vigilant SFD-176/221 CN ¥1.15 EN $0.54"
2026-09-29T21:18:06+00:00,https://bilgewatermarket.com/cards,"Azir, Sovereign",nonfoil,9.03,https://bilgewatermarket.com/cards/SFD-177,normal,https://bilgewatermarket.com/assets/SFD-177-EN-C7mklaVb.jpg,¥5.46,$9.03,,"Azir, Sovereign SFD-177/221 CN ¥5.46 EN $9.03"
2026-09-29T21:18:06+00:00,https://bilgewatermarket.com/cards,"Azir, Sovereign",nonfoil,9.13,https://bilgewatermarket.com/cards/SFD-177a?print_variation=showcase,showcase,https://bilgewatermarket.com/assets/SFD-177a-EN-BSMHbxUa.jpg,¥7.03,$9.13,,"Azir, Sovereign SFD-177A/221 Showcase CN ¥7.03 EN $9.13"
2026-09-29T21:18:06+00:00,https://bilgewatermarket.com/cards,Blade of the Ruined King,nonfoil,5.46,https://bilgewatermarket.com/cards/SFD-178,normal,https://bilgewatermarket.com/assets/SFD-178-EN-Zr3AErVI.jpg,¥3.90,$5.46,,Blade of the Ruined King SFD-178/221 CN ¥3.90 EN $5.46
2026-09-29T21:18:06+00:00,https://bilgewatermarket.com/cards,Corina Veraza,nonfoil,6.40,https://bilgewatermarket.com/cards/SFD-179,normal,https://bilgewatermarket.com/assets/SFD-179-EN-CBG4Orrf.jpg,¥1.45,$6.40,,Corina Veraza SFD-179/221 CN ¥1.45 EN $6.40
2026-09-29T21:18:06+00:00,https://bilgewatermarket.com/cards,"Fiora, Worthy",nonfoil,0.70,https://bilgewatermarket.com/cards/SFD-180,normal,https://bilgewatermarket.com/assets/SFD-180-EN-BWFF20TG.jpg,¥1.20,$0.70,,"Fiora, Worthy SFD-180/221 CN ¥1.20 EN $0.70"
2026-09-29T21:18:06+00:00,https://bilgewatermarket.com/cards,"Fiora, Worthy",nonfoil,6.49,https://bilgewatermarket.com/cards/SFD-180a?print_variation=showcase,showcase,https://bilgewatermarket.com/assets/SFD-180a-EN-CD98i26U.jpg,¥9.53,$6.49,,"Fiora, Worthy SFD-180A/221 Showcase CN ¥9.53 EN $6.49"
2026-09-29T21:18:06+00:00,https://bilgewatermarket.com/cards,"Rumble, Mechanized Menace",nonfoil,0.12,https://bilgewatermarket.com/cards/SFD-181,normal,https://bilgewatermarket.com/assets/SFD-181-EN-DilRKejL.jpg,¥0.50,$0.12,,"Rumble, Mechanized Menace SFD-181/221 CN ¥0.50 EN $0.12"
2026-09-29T21:18:06+00:00,https://bilgewatermarket.com/cards,Danger Zone,nonfoil,0.39,https://bilgewatermarket.com/cards/SFD-182,normal,https://bilgewatermarket.com/assets/SFD-182-EN-DwNWNDJD.jpg,¥1.04,$0.39,,Danger Zone SFD-182/221 CN ¥1.04 EN $0.39
2026-09-29T21:18:06+00:00,https://bilgewatermarket.com/cards,"Lucian, Purifier",nonfoil,0.20,https://bilgewatermarket.com/cards/SFD-183,normal,https://bilgewatermarket.com/assets/SFD-183-EN-DMesfjEW.jpg,¥0.50,$0.20,,"Lucian, Purifier SFD-183/221 CN ¥0.50 EN $0.20"
2026-09-29T21:18:06+00:00,https://bilgewatermarket.com/cards,Relentless Pursuit,nonfoil,1.28,https://bilgewatermarket.com/cards/SFD-184,normal,https://bilgewatermarket.com/assets/SFD-184-EN-BKF3Px4m.jpg,¥2.62,$1.28,,Relentless Pursuit SFD-184/221 CN ¥2.62 EN $1.28
2026-09-29T21:18:06+00:00,https://bilgewatermarket.com/cards,"Draven, Glorious Executioner",nonfoil,0.16,https://bilgewatermarket.com/cards/SFD-185,normal,https://bilgewatermarket.com/assets/SFD-185-EN-Cti1q1dO.jpg,¥0.58,$0.16,,"Draven, Glorious Executioner SFD-185/221 CN ¥0.58 EN $0.16"
2026-09-29T21:18:06+00:00,https://bilgewatermarket.com/cards,Spinning Axe,nonfoil,2.46,https://bilgewatermarket.com/cards/SFD-186,normal,https://bilgewatermarket.com/assets/SFD-186-EN-DCkWB25G.jpg,¥10.65,$2.46,,Spinning Axe SFD-186/221 CN ¥10.65 EN $2.46
2026-09-29T21:18:06+00:00,https://bilgewatermarket.com/cards,"Rek'Sai, Void Burrower",nonfoil,0.17,https://bilgewatermarket.com/cards/SFD-187,normal,https://bilgewatermarket.com/assets/SFD-187-EN-CzkuqObl.jpg,¥0.51,$0.17,,"Rek'Sai, Void Burrower SFD-187/221 CN ¥0.51 EN $0.17"
2026-09-29T21:18:06+00:00,https://bilgewatermarket.com/cards,Void Rush,nonfoil,11.75,https://bilgewatermarket.com/cards/SFD-188,normal,https://bilgewatermarket.com/assets/SFD-188-EN-1L2wJnCX.jpg,¥18.45,$11.75,,Void Rush SFD-188/221 CN ¥18.45 EN $11.75
2026-09-29T21:18:06+00:00,https://bilgewatermarket.com/cards,"Ornn, Fire Below the Mountain",nonfoil,0.16,https://bilgewatermarket.com/cards/SFD-189,normal,https://bilgewatermarket.com/assets/SFD-189-EN-CSalcT57.jpg,¥0.52,$0.16,,"Ornn, Fire Below the Mountain SFD-189/221 CN ¥0.52 EN $0.16"
2026-09-29T21:18:06+00:00,https://bilgewatermarket.com/cards,Forgefire Cape,nonfoil,0.48,https://bilgewatermarket.com/cards/SFD-190,normal,https://bilgewatermarket.com/assets/SFD-190-EN-HHeMQmZB.jpg,¥1.06,$0.48,,Forgefire Cape SFD-190/221 CN ¥1.06 EN $0.48
2026-09-29T21:18:06+00:00,https://bilgewatermarket.com/cards,Rabadon's Deathcrown,nonfoil,0.31,https://bilgewatermarket.com/cards/SFD-191,normal,https://bilgewatermarket.com/assets/SFD-191-EN-Capm8fok.jpg,¥1.07,$0.31,,Rabadon's Deathcrown SFD-191/221 CN ¥1.07 EN $0.31
2026-09-29T21:18:06+00:00,https://bilgewatermarket.com/cards,Shurelya's Requiem,nonfoil,0.47,https://bilgewatermarket.com/cards/SFD-192,normal,https://bilgewatermarket.com/assets/SFD-192-EN-B6ebYZpm.jpg,¥1.11,$0.47,,Shurelya's Requiem SFD-192/221 CN ¥1.11 EN $0.47
2026-09-29T21:18:06+00:00,https://bilgewatermarket.com/cards,"Jax, Grandmaster at Arms",nonfoil,0.21,https://bilgewatermarket.com/cards/SFD-193,normal,https://bilgewatermarket.com/assets/SFD-193-EN-ahf3_3L2.jpg,¥0.50,$0.21,,"Jax, Grandmaster at Arms SFD-193/221 CN ¥0.50 EN $0.21"
2026-09-29T21:18:06+00:00,https://bilgewatermarket.com/cards,Counter Strike,nonfoil,1.22,https://bilgewatermarket.com/cards/SFD-194,normal,https://bilgewatermarket.com/assets/SFD-194-EN-iv2u4NAM.jpg,¥2.14,$1.22,,Counter Strike SFD-194/221 CN ¥2.14 EN $1.22
2026-09-29T21:18:06+00:00,https://bilgewatermarket.com/cards,"Irelia, Blade Dancer",nonfoil,0.22,https://bilgewatermarket.com/cards/SFD-195,normal,https://bilgewatermarket.com/assets/SFD-195-EN-DnE98LzR.jpg,¥0.82,$0.22,,"Irelia, Blade Dancer SFD-195/221 CN ¥0.82 EN $0.22"
2026-09-29T21:18:06+00:00,https://bilgewatermarket.com/cards,Defiant Dance,nonfoil,19.90,https://bilgewatermarket.com/cards/SFD-196,normal,https://bilgewatermarket.com/assets/SFD-196-EN-DxJykAms.jpg,¥61.01,$19.90,,Defiant Dance SFD-196/221 CN ¥61.01 EN $19.90
2026-09-29T21:18:06+00:00,https://bilgewatermarket.com/cards,"Azir, Emperor of the Sands",nonfoil,0.20,https://bilgewatermarket.com/cards/SFD-197,normal,https://bilgewatermarket.com/assets/SFD-197-EN-CFXDo0nd.jpg,¥0.52,$0.20,,"Azir, Emperor of the Sands SFD-197/221 CN ¥0.52 EN $0.20"
2026-09-29T21:18:06+00:00,https://bilgewatermarket.com/cards,Arise!,nonfoil,27.64,https://bilgewatermarket.com/cards/SFD-198,normal,https://bilgewatermarket.com/assets/SFD-198-EN-DkNEfkr6.jpg,¥43.11,$27.64,,Arise! SFD-198/221 CN ¥43.11 EN $27.64
2026-09-29T21:18:06+00:00,https://bilgewatermarket.com/cards,"Ezreal, Prodigal Explorer",nonfoil,0.14,https://bilgewatermarket.com/cards/SFD-199,normal,https://bilgewatermarket.com/assets/SFD-199-EN-BW9VbB6b.jpg,¥0.51,$0.14,,"Ezreal, Prodigal Explorer SFD-199/221 CN ¥0.51 EN $0.14"
2026-09-29T21:18:06+00:00,https://bilgewatermarket.com/cards,Arcane Shift,nonfoil,0.84,https://bilgewatermarket.com/cards/SFD-200,normal,https://bilgewatermarket.com/assets/SFD-200-EN-KoMRFjLS.jpg,¥6.04,$0.84,,Arcane Shift SFD-200/221 CN ¥6.04 EN $0.84
2026-09-29T21:18:06+00:00,https://bilgewatermarket.com/cards,"Renata Glasc, Chem-Baroness",nonfoil,0.16,https://bilgewatermarket.com/cards/SFD-201,normal,https://bilgewatermarket.com/assets/SFD-201-EN-BVtQ5z_6.jpg,¥0.50,$0.16,,"Renata Glasc, Chem-Baroness SFD-201/221 CN ¥0.50 EN $0.16"
2026-09-29T21:18:06+00:00,https://bilgewatermarket.com/cards,Hostile Takeover,nonfoil,1.16,https://bilgewatermarket.com/cards/SFD-202,normal,https://bilgewatermarket.com/assets/SFD-202-EN-BmNt1ECm.jpg,¥2.45,$1.16,,Hostile Takeover SFD-202/221 CN ¥2.45 EN $1.16
2026-09-29T21:18:06+00:00,https://bilgewatermarket.com/cards,"Sivir, Battle Mistress",nonfoil,0.18,https://bilgewatermarket.com/cards/SFD-203,normal,https://bilgewatermarket.com/assets/SFD-203-EN-Bq7RizJe.jpg,¥0.57,$0.18,,"Sivir, Battle Mistress SFD-203/221 CN ¥0.57 EN $0.18"
2026-09-29T21:18:06+00:00,https://bilgewatermarket.com/cards,On the Hunt,nonfoil,0.60,https://bilgewatermarket.com/cards/SFD-204,normal,https://bilgewatermarket.com/assets/SFD-204-EN-Bznf376t.jpg,¥1.04,$0.60,,On the Hunt SFD-204/221 CN ¥1.04 EN $0.60
2026-09-29T21:18:06+00:00,https://bilgewatermarket.com/cards,"Fiora, Grand Duelist",nonfoil,0.21,https://bilgewatermarket.com/cards/SFD-205,normal,https://bilgewatermarket.com/assets/SFD-205-EN-DgZ63T8R.jpg,¥0.68,$0.21,,"Fiora, Grand Duelist SFD-205/221 CN ¥0.68 EN $0.21"
2026-09-29T21:18:06+00:00,https://bilgewatermarket.com/cards,Riposte,nonfoil,4.36,https://bilgewatermarket.com/cards/SFD-206,normal,https://bilgewatermarket.com/assets/SFD-206-EN-Bjh5PFKh.jpg,¥9.75,$4.36,,Riposte SFD-206/221 CN ¥9.75 EN $4.36
2026-09-29T21:18:06+00:00,https://bilgewatermarket.com/cards,Emperor's Dais,foil,0.37,https://bilgewatermarket.com/cards/SFD-207?print_variation=foiled,foiled,https://bilgewatermarket.com/assets/SFD-207-EN-N3EnFSnY.jpg,¥2.12,$0.37,,Emperor's Dais SFD-207/221 Foiled CN ¥2.12 EN $0.37
2026-09-29T21:18:06+00:00,https://bilgewatermarket.com/cards,Emperor's Dais,nonfoil,0.15,https://bilgewatermarket.com/cards/SFD-207,normal,https://bilgewatermarket.com/assets/SFD-207-EN-N3EnFSnY.jpg,¥0.65,$0.15,,Emperor's Dais SFD-207/221 CN ¥0.65 EN $0.15
2026-09-29T21:18:06+00:00,https://bilgewatermarket.com/cards,Forge of the Fluft,foil,0.31,https://bilgewatermarket.com/cards/SFD-208?print_variation=foiled,foiled,https://bilgewatermarket.com/assets/SFD-208-EN-CTDBpW54.jpg,¥1.09,$0.31,,Forge of the Fluft SFD-208/221 Foiled CN ¥1.09 EN $0.31
2026-09-29T21:18:06+00:00,https://bilgewatermarket.com/cards,Forge of the Fluft,nonfoil,0.09,https://bilgewatermarket.com/cards/SFD-208,normal,https://bilgewatermarket.com/assets/SFD-208-EN-CTDBpW54.jpg,¥0.58,$0.09,,Forge of the Fluft SFD-208/221 CN ¥0.58 EN $0.09
2026-09-29T21:18:06+00:00,https://bilgewatermarket.com/cards,Forgotten Monument,foil,0.35,https://bilgewatermarket.com/cards/SFD-209?print_variation=foiled,foiled,https://bilgewatermarket.com/assets/SFD-209-EN-DzWkQ25F.jpg,¥1.49,$0.35,,Forgotten Monument SFD-209/221 Foiled CN ¥1.49 EN $0.35
2026-09-29T21:18:06+00:00,https://bilgewatermarket.com/cards,Forgotten Monument,nonfoil,0.09,https://bilgewatermarket.com/cards/SFD-209,normal,https://bilgewatermarket.com/assets/SFD-209-EN-DzWkQ25F.jpg,¥0.57,$0.09,,Forgotten Monument SFD-209/221 CN ¥0.57 EN $0.09
2026-09-29T21:18:06+00:00,https://bilgewatermarket.com/cards,Hall of Legends,foil,0.46,https://bilgewatermarket.com/cards/SFD-210?print_variation=foiled,foiled,https://bilgewatermarket.com/assets/SFD-210-EN-C1Gsm-fN.jpg,¥1.74,$0.46,,Hall of Legends SFD-210/221 Foiled CN ¥1.74 EN $0.46
2026-09-29T21:18:06+00:00,https://bilgewatermarket.com/cards,Hall of Legends,nonfoil,0.15,https://bilgewatermarket.com/cards/SFD-210,normal,https://bilgewatermarket.com/assets/SFD-210-EN-C1Gsm-fN.jpg,¥0.56,$0.15,,Hall of Legends SFD-210/221 CN ¥0.56 EN $0.15
2026-09-29T21:18:06+00:00,https://bilgewatermarket.com/cards,Marai Spire,foil,0.32,https://bilgewatermarket.com/cards/SFD-211?print_variation=foiled,foiled,https://bilgewatermarket.com/assets/SFD-211-EN-DhjA4i0E.jpg,¥0.57,$0.32,,Marai Spire SFD-211/221 Foiled CN ¥0.57 EN $0.32
2026-09-29T21:18:06+00:00,https://bilgewatermarket.com/cards,Marai Spire,nonfoil,0.07,https://bilgewatermarket.com/cards/SFD-211,normal,https://bilgewatermarket.com/assets/SFD-211-EN-DhjA4i0E.jpg,¥0.50,$0.07,,Marai Spire SFD-211/221 CN ¥0.50 EN $0.07
2026-09-29T21:18:06+00:00,https://bilgewatermarket.com/cards,Minefield,foil,0.36,https://bilgewatermarket.com/cards/SFD-212?print_variation=foiled,foiled,https://bilgewatermarket.com/assets/SFD-212-EN-9i-p4FAV.jpg,¥1.76,$0.36,,Minefield SFD-212/221 Foiled CN ¥1.76 EN $0.36
2026-09-29T21:18:06+00:00,https://bilgewatermarket.com/cards,Minefield,nonfoil,0.11,https://bilgewatermarket.com/cards/SFD-212,normal,https://bilgewatermarket.com/assets/SFD-212-EN-9i-p4FAV.jpg,¥0.52,$0.11,,Minefield SFD-212/221 CN ¥0.52 EN $0.11
2026-09-29T21:18:06+00:00,https://bilgewatermarket.com/cards,Ornn's Forge,foil,0.37,https://bilgewatermarket.com/cards/SFD-213?print_variation=foiled,foiled,https://bilgewatermarket.com/assets/SFD-213-EN-DoCj0C9S.jpg,¥2.58,$0.37,,Ornn's Forge SFD-213/221 Foiled CN ¥2.58 EN $0.37
2026-09-29T21:18:06+00:00,https://bilgewatermarket.com/cards,Ornn's Forge,nonfoil,0.08,https://bilgewatermarket.com/cards/SFD-213,normal,https://bilgewatermarket.com/assets/SFD-213-EN-DoCj0C9S.jpg,¥0.58,$0.08,,Ornn's Forge SFD-213/221 CN ¥0.58 EN $0.08
2026-09-29T21:18:06+00:00,https://bilgewatermarket.com/cards,Power Nexus,foil,0.35,https://bilgewatermarket.com/cards/SFD-214?print_variation=foiled,foiled,https://bilgewatermarket.com/assets/SFD-214-EN-Du0VGNks.jpg,¥2.00,$0.35,,Power Nexus SFD-214/221 Foiled CN ¥2.00 EN $0.35
2026-09-29T21:18:06+00:00,https://bilgewatermarket.com/cards,Power Nexus,nonfoil,0.11,https://bilgewatermarket.com/cards/SFD-214,normal,https://bilgewatermarket.com/assets/SFD-214-EN-Du0VGNks.jpg,¥0.50,$0.11,,Power Nexus SFD-214/221 CN ¥0.50 EN $0.11
2026-09-29T21:18:06+00:00,https://bilgewatermarket.com/cards,Ravenbloom Conservatory,foil,0.52,https://bilgewatermarket.com/cards/SFD-215?print_variation=foiled,foiled,https://bilgewatermarket.com/assets/SFD-215-EN-D_vBanEi.jpg,¥1.87,$0.52,,Ravenbloom Conservatory SFD-215/221 Foiled CN ¥1.87 EN $0.52
2026-09-29T21:18:06+00:00,https://bilgewatermarket.com/cards,Ravenbloom Conservatory,nonfoil,0.14,https://bilgewatermarket.com/cards/SFD-215,normal,https://bilgewatermarket.com/assets/SFD-215-EN-D_vBanEi.jpg,¥0.62,$0.14,,Ravenbloom Conservatory SFD-215/221 CN ¥0.62 EN $0.14
2026-09-29T21:18:06+00:00,https://bilgewatermarket.com/cards,Rockfall Path,foil,0.71,https://bilgewatermarket.com/cards/SFD-216?print_variation=foiled,foiled,https://bilgewatermarket.com/assets/SFD-216-EN-C1ampjVi.jpg,¥2.30,$0.71,,Rockfall Path SFD-216/221 Foiled CN ¥2.30 EN $0.71
2026-09-29T21:18:06+00:00,https://bilgewatermarket.com/cards,Rockfall Path,nonfoil,0.16,https://bilgewatermarket.com/cards/SFD-216,normal,https://bilgewatermarket.com/assets/SFD-216-EN-C1ampjVi.jpg,¥0.64,$0.16,,Rockfall Path SFD-216/221 CN ¥0.64 EN $0.16
2026-09-29T21:18:06+00:00,https://bilgewatermarket.com/cards,Seat of Power,foil,0.59,https://bilgewatermarket.com/cards/SFD-217?print_variation=foiled,foiled,https://bilgewatermarket.com/assets/SFD-217-EN-BxtCgwad.jpg,¥2.11,$0.59,,Seat of Power SFD-217/221 Foiled CN ¥2.11 EN $0.59
2026-09-29T21:18:06+00:00,https://bilgewatermarket.com/cards,Seat of Power,nonfoil,0.16,https://bilgewatermarket.com/cards/SFD-217,normal,https://bilgewatermarket.com/assets/SFD-217-EN-BxtCgwad.jpg,¥0.63,$0.16,,Seat of Power SFD-217/221 CN ¥0.63 EN $0.16
2026-09-29T21:18:06+00:00,https://bilgewatermarket.com/cards,Sunken Temple,foil,0.75,https://bilgewatermarket.com/cards/SFD-218?print_variation=foiled,foiled,https://bilgewatermarket.com/assets/SFD-218-EN-vX28c3jk.jpg,¥3.05,$0.75,,Sunken Temple SFD-218/221 Foiled CN ¥3.05 EN $0.75
2026-09-29T21:18:06+00:00,https://bilgewatermarket.com/cards,Sunken Temple,nonfoil,0.15,https://bilgewatermarket.com/cards/SFD-218,normal,https://bilgewatermarket.com/assets/SFD-218-EN-vX28c3jk.jpg,¥0.67,$0.15,,Sunken Temple SFD-218/221 CN ¥0.67 EN $0.15
2026-09-29T21:18:06+00:00,https://bilgewatermarket.com/cards,The Papertree,foil,0.38,https://bilgewatermarket.com/cards/SFD-219?print_variation=foiled,foiled,https://bilgewatermarket.com/assets/SFD-219-EN-CqDOSJ1r.jpg,¥1.37,$0.38,,The Papertree SFD-219/221 Foiled CN ¥1.37 EN $0.38
2026-09-29T21:18:06+00:00,https://bilgewatermarket.com/cards,The Papertree,nonfoil,0.13,https://bilgewatermarket.com/cards/SFD-219,normal,https://bilgewatermarket.com/assets/SFD-219-EN-CqDOSJ1r.jpg,¥0.55,$0.13,,The Papertree SFD-219/221 CN ¥0.55 EN $0.13
2026-09-29T21:18:06+00:00,https://bilgewatermarket.com/cards,Treasure Hoard,foil,0.36,https://bilgewatermarket.com/cards/SFD-220?print_variation=foiled,foiled,https://bilgewatermarket.com/assets/SFD-220-EN-Q6WX-T90.jpg,¥2.20,$0.36,,Treasure Hoard SFD-220/221 Foiled CN ¥2.20 EN $0.36
2026-09-29T21:18:06+00:00,https://bilgewatermarket.com/cards,Treasure Hoard,nonfoil,0.15,https://bilgewatermarket.com/cards/SFD-220,normal,https://bilgewatermarket.com/assets/SFD-220-EN-Q6WX-T90.jpg,¥0.60,$0.15,,Treasure Hoard SFD-220/221 CN ¥0.60 EN $0.15
2026-09-29T21:18:06+00:00,https://bilgewatermarket.com/cards,Veiled Temple,foil,0.44,https://bilgewatermarket.com/cards/SFD-221?print_variation=foiled,foiled,https://bilgewatermarket.com/assets/SFD-221-EN-BAJl2GHM.jpg,¥1.72,$0.44,,Veiled Temple SFD-221/221 Foiled CN ¥1.72 EN $0.44
2026-09-29T21:18:06+00:00,https://bilgewatermarket.com/cards,Veiled Temple,nonfoil,0.11,https://bilgewatermarket.com/cards/SFD-221,normal,https://bilgewatermarket.com/assets/SFD-221-EN-BAJl2GHM.jpg,¥0.54,$0.11,,Veiled Temple SFD-221/221 CN ¥0.54 EN $0.11
2026-09-29T21:18:06+00:00,https://bilgewatermarket.com/cards,Seal of Rage,nonfoil,56.04,https://bilgewatermarket.com/cards/SFD-222?print_variation=showcase,showcase,https://bilgewatermarket.com/assets/SFD-222-EN-QPXGrTQf.jpg,¥112.19,$56.04,,Seal of Rage SFD-222/221 Showcase CN ¥112.19 EN $56.04
2026-09-29T21:18:06+00:00,https://bilgewatermarket.com/cards,"Vayne, Hunter",nonfoil,217.65,https://bilgewatermarket.com/cards/SFD-223?print_variation=showcase,showcase,https://bilgewatermarket.com/assets/SFD-223-EN-BLsRJ_Th.jpg,¥224.72,$217.65,,"Vayne, Hunter SFD-223/221 Showcase CN ¥224.72 EN $217.65"
2026-09-29T21:18:06+00:00,https://bilgewatermarket.com/cards,"Aphelios, Exalted",nonfoil,78.82,https://bilgewatermarket.com/cards/SFD-224?print_variation=showcase,showcase,https://bilgewatermarket.com/assets/SFD-224-EN-BibuWviQ.jpg,¥117.63,$78.82,,"Aphelios, Exalted SFD-224/221 Showcase CN ¥117.63 EN $78.82"
2026-09-29T21:18:06+00:00,https://bilgewatermarket.com/cards,"Irelia, Fervent",nonfoil,376.93,https://bilgewatermarket.com/cards/SFD-225?print_variation=showcase,showcase,https://bilgewatermarket.com/assets/SFD-225-EN-DbwciXc6.jpg,¥880.98,$376.93,,"Irelia, Fervent SFD-225/221 Showcase CN ¥880.98 EN $376.93"
2026-09-29T21:18:06+00:00,https://bilgewatermarket.com/cards,Seal of Focus,nonfoil,66.41,https://bilgewatermarket.com/cards/SFD-226?print_variation=showcase,showcase,https://bilgewatermarket.com/assets/SFD-226-EN-DRD2_OnS.jpg,¥117.81,$66.41,,Seal of Focus SFD-226/221 Showcase CN ¥117.81 EN $66.41
2026-09-29T21:18:06+00:00,https://bilgewatermarket.com/cards,"Ahri, Inquisitive",nonfoil,666.62,https://bilgewatermarket.com/cards/SFD-227?print_variation=showcase,showcase,https://bilgewatermarket.com/assets/SFD-227-EN-DvegR4QN.jpg,"¥1,414.45",$666.62,,"Ahri, Inquisitive SFD-227/221 Showcase CN ¥1,414.45 EN $666.62"
2026-09-29T21:18:06+00:00,https://bilgewatermarket.com/cards,"Bard, Mercurial",nonfoil,71.31,https://bilgewatermarket.com/cards/SFD-228?print_variation=showcase,showcase,https://bilgewatermarket.com/assets/SFD-228-EN-DBJJrNVV.jpg,¥42.44,$71.31,,"Bard, Mercurial SFD-228/221 Showcase CN ¥42.44 EN $71.31"
2026-09-29T21:18:06+00:00,https://bilgewatermarket.com/cards,Seal of Insight,nonfoil,50.35,https://bilgewatermarket.com/cards/SFD-229?print_variation=showcase,showcase,https://bilgewatermarket.com/assets/SFD-229-EN-n4_4VvM_.jpg,¥121.64,$50.35,,Seal of Insight SFD-229/221 Showcase CN ¥121.64 EN $50.35
2026-09-29T21:18:06+00:00,https://bilgewatermarket.com/cards,"Teemo, Strategist",nonfoil,168.10,https://bilgewatermarket.com/cards/SFD-230?print_variation=showcase,showcase,https://bilgewatermarket.com/assets/SFD-230-EN-BYAycbtp.jpg,¥138.60,$168.10,,"Teemo, Strategist SFD-230/221 Showcase CN ¥138.60 EN $168.10"
2026-09-29T21:18:06+00:00,https://bilgewatermarket.com/cards,Seal of Strength,nonfoil,45.25,https://bilgewatermarket.com/cards/SFD-231?print_variation=showcase,showcase,https://bilgewatermarket.com/assets/SFD-231-EN-JELO44eG.jpg,¥86.39,$45.25,,Seal of Strength SFD-231/221 Showcase CN ¥86.39 EN $45.25
2026-09-29T21:18:06+00:00,https://bilgewatermarket.com/cards,"Sett, Brawler",nonfoil,78.47,https://bilgewatermarket.com/cards/SFD-232?print_variation=showcase,showcase,https://bilgewatermarket.com/assets/SFD-232-EN-CHBnYiVY.jpg,¥148.02,$78.47,,"Sett, Brawler SFD-232/221 Showcase CN ¥148.02 EN $78.47"
2026-09-29T21:18:06+00:00,https://bilgewatermarket.com/cards,"Yone, Blademaster",nonfoil,80.78,https://bilgewatermarket.com/cards/SFD-233?print_variation=showcase,showcase,https://bilgewatermarket.com/assets/SFD-233-EN-saWoFer2.jpg,¥112.34,$80.78,,"Yone, Blademaster SFD-233/221 Showcase CN ¥112.34 EN $80.78"
2026-09-29T21:18:06+00:00,https://bilgewatermarket.com/cards,Seal of Discord,nonfoil,111.10,https://bilgewatermarket.com/cards/SFD-234?print_variation=showcase,showcase,https://bilgewatermarket.com/assets/SFD-234-EN-jqqqn7m_.jpg,¥333.21,$111.10,,Seal of Discord SFD-234/221 Showcase CN ¥333.21 EN $111.10
2026-09-29T21:18:06+00:00,https://bilgewatermarket.com/cards,"Yasuo, Windrider",nonfoil,62.64,https://bilgewatermarket.com/cards/SFD-235?print_variation=showcase,showcase,https://bilgewatermarket.com/assets/SFD-235-EN-BShqONLC.jpg,¥124.01,$62.64,,"Yasuo, Windrider SFD-235/221 Showcase CN ¥124.01 EN $62.64"
2026-09-29T21:18:06+00:00,https://bilgewatermarket.com/cards,"Darius, Executioner",nonfoil,49.95,https://bilgewatermarket.com/cards/SFD-236?print_variation=showcase,showcase,https://bilgewatermarket.com/assets/SFD-236-EN-BzYAI4pb.jpg,¥44.64,$49.95,,"Darius, Executioner SFD-236/221 Showcase CN ¥44.64 EN $49.95"
2026-09-29T21:18:06+00:00,https://bilgewatermarket.com/cards,"Karma, Channeler",nonfoil,48.96,https://bilgewatermarket.com/cards/SFD-237?print_variation=showcase,showcase,https://bilgewatermarket.com/assets/SFD-237-EN-D0tndqi8.jpg,¥48.60,$48.96,,"Karma, Channeler SFD-237/221 Showcase CN ¥48.60 EN $48.96"
2026-09-29T21:18:06+00:00,https://bilgewatermarket.com/cards,Seal of Unity,nonfoil,56.08,https://bilgewatermarket.com/cards/SFD-238?print_variation=showcase,showcase,https://bilgewatermarket.com/assets/SFD-238-EN-Ck_ACKke.jpg,¥140.36,$56.08,,Seal of Unity SFD-238/221 Showcase CN ¥140.36 EN $56.08
2026-09-29T21:18:06+00:00,https://bilgewatermarket.com/cards,"Soraka, Wanderer",nonfoil,135.98,https://bilgewatermarket.com/cards/SFD-239?print_variation=showcase,showcase,https://bilgewatermarket.com/assets/SFD-239-EN-C7QgYGOv.jpg,¥169.28,$135.98,,"Soraka, Wanderer SFD-239/221 Showcase CN ¥169.28 EN $135.98"
2026-09-29T21:18:06+00:00,https://bilgewatermarket.com/cards,"Rumble, Mechanized Menace",nonfoil,49.29,https://bilgewatermarket.com/cards/SFD-240?print_variation=showcase,showcase,https://bilgewatermarket.com/assets/SFD-240-EN-DikLd0l4.jpg,¥40.94,$49.29,,"Rumble, Mechanized Menace SFD-240/221 Showcase CN ¥40.94 EN $49.29"
2026-09-29T21:18:06+00:00,https://bilgewatermarket.com/cards,"Lucian, Purifier",nonfoil,65.32,https://bilgewatermarket.com/cards/SFD-241?print_variation=showcase,showcase,https://bilgewatermarket.com/assets/SFD-241-EN-4X2p8J6s.jpg,¥51.48,$65.32,,"Lucian, Purifier SFD-241/221 Showcase CN ¥51.48 EN $65.32"
2026-09-29T21:18:06+00:00,https://bilgewatermarket.com/cards,"Draven, Glorious Executioner",nonfoil,96.85,https://bilgewatermarket.com/cards/SFD-242?print_variation=showcase,showcase,https://bilgewatermarket.com/assets/SFD-242-EN-Bpqba8VF.jpg,¥103.41,$96.85,,"Draven, Glorious Executioner SFD-242/221 Showcase CN ¥103.41 EN $96.85"
2026-09-29T21:18:06+00:00,https://bilgewatermarket.com/cards,"Rek'Sai, Void Burrower",nonfoil,98.55,https://bilgewatermarket.com/cards/SFD-243?print_variation=showcase,showcase,https://bilgewatermarket.com/assets/SFD-243-EN-CAGTjBnH.jpg,¥97.06,$98.55,,"Rek'Sai, Void Burrower SFD-243/221 Showcase CN ¥97.06 EN $98.55"
2026-09-29T21:18:06+00:00,https://bilgewatermarket.com/cards,"Ornn, Fire Below the Mountain",nonfoil,94.45,https://bilgewatermarket.com/cards/SFD-244?print_variation=showcase,showcase,https://bilgewatermarket.com/assets/SFD-244-EN-IMmjGyrT.jpg,¥96.55,$94.45,,"Ornn, Fire Below the Mountain SFD-244/221 Showcase CN ¥96.55 EN $94.45"
2026-09-29T21:18:06+00:00,https://bilgewatermarket.com/cards,"Jax, Grandmaster at Arms",nonfoil,61.11,https://bilgewatermarket.com/cards/SFD-245?print_variation=showcase,showcase,https://bilgewatermarket.com/assets/SFD-245-EN-D0R6UB5Y.jpg,¥66.56,$61.11,,"Jax, Grandmaster at Arms SFD-245/221 Showcase CN ¥66.56 EN $61.11"
2026-09-29T21:18:06+00:00,https://bilgewatermarket.com/cards,"Irelia, Blade Dancer",nonfoil,170.08,https://bilgewatermarket.com/cards/SFD-246?print_variation=showcase,showcase,https://bilgewatermarket.com/assets/SFD-246-EN-CpJc-7wm.jpg,¥162.27,$170.08,,"Irelia, Blade Dancer SFD-246/221 Showcase CN ¥162.27 EN $170.08"
2026-09-29T21:18:06+00:00,https://bilgewatermarket.com/cards,"Azir, Emperor of the Sands",nonfoil,126.76,https://bilgewatermarket.com/cards/SFD-247?print_variation=showcase,showcase,https://bilgewatermarket.com/assets/SFD-247-EN-oUs0EZjG.jpg,¥210.23,$126.76,,"Azir, Emperor of the Sands SFD-247/221 Showcase CN ¥210.23 EN $126.76"
2026-09-29T21:18:06+00:00,https://bilgewatermarket.com/cards,"Ezreal, Prodigal Explorer",nonfoil,115.78,https://bilgewatermarket.com/cards/SFD-248?print_variation=showcase,showcase,https://bilgewatermarket.com/assets/SFD-248-EN-CozO7eJT.jpg,¥157.60,$115.78,,"Ezreal, Prodigal Explorer SFD-248/221 Showcase CN ¥157.60 EN $115.78"
2026-09-29T21:18:06+00:00,https://bilgewatermarket.com/cards,"Renata Glasc, Chem-Baroness",nonfoil,49.69,https://bilgewatermarket.com/cards/SFD-249?print_variation=showcase,showcase,https://bilgewatermarket.com/assets/SFD-249-EN-oIM0Giiz.jpg,¥43.09,$49.69,,"Renata Glasc, Chem-Baroness SFD-249/221 Showcase CN ¥43.09 EN $49.69"
2026-09-29T21:18:06+00:00,https://bilgewatermarket.com/cards,"Sivir, Battle Mistress",nonfoil,56.62,https://bilgewatermarket.com/cards/SFD-250?print_variation=showcase,showcase,https://bilgewatermarket.com/assets/SFD-250-EN-Cp4_sOH4.jpg,¥65.20,$56.62,,"Sivir, Battle Mistress SFD-250/221 Showcase CN ¥65.20 EN $56.62"
2026-09-29T21:18:06+00:00,https://bilgewatermarket.com/cards,"Fiora, Grand Duelist",nonfoil,113.25,https://bilgewatermarket.com/cards/SFD-251?print_variation=showcase,showcase,https://bilgewatermarket.com/assets/SFD-251-EN-CUbOWaM_.jpg,¥186.62,$113.25,,"Fiora, Grand Duelist SFD-251/221 Showcase CN ¥186.62 EN $113.25"
2026-09-29T21:18:06+00:00,https://bilgewatermarket.com/cards,"Annie, Fiery",nonfoil,1.80,https://bilgewatermarket.com/cards/OGS-001,normal,https://bilgewatermarket.com/assets/OGS-001-EN-CYO2fbev.jpg,¥1.02,$1.80,,"Annie, Fiery OGS-001/024 CN ¥1.02 EN $1.80"
2026-09-29T21:18:06+00:00,https://bilgewatermarket.com/cards,Firestorm,nonfoil,0.41,https://bilgewatermarket.com/cards/OGS-002,normal,https://bilgewatermarket.com/assets/OGS-002-EN-C08itga5.jpg,¥0.50,$0.41,,Firestorm OGS-002/024 CN ¥0.50 EN $0.41
2026-09-29T21:18:06+00:00,https://bilgewatermarket.com/cards,Incinerate,nonfoil,0.43,https://bilgewatermarket.com/cards/OGS-003,normal,https://bilgewatermarket.com/assets/OGS-003-EN-B4ldjK9W.jpg,¥0.50,$0.43,,Incinerate OGS-003/024 CN ¥0.50 EN $0.43
2026-09-29T21:18:06+00:00,https://bilgewatermarket.com/cards,"Yi, Meditative",nonfoil,0.56,https://bilgewatermarket.com/cards/OGS-004,normal,https://bilgewatermarket.com/assets/OGS-004-EN-CwBjQ7el.jpg,¥1.15,$0.56,,"Yi, Meditative OGS-004/024 CN ¥1.15 EN $0.56"
2026-09-29T21:18:06+00:00,https://bilgewatermarket.com/cards,Zephyr Sage,nonfoil,0.25,https://bilgewatermarket.com/cards/OGS-005,normal,https://bilgewatermarket.com/assets/OGS-005-EN-BrAXm-wn.jpg,¥0.50,$0.25,,Zephyr Sage OGS-005/024 CN ¥0.50 EN $0.25
2026-09-29T21:18:06+00:00,https://bilgewatermarket.com/cards,"Lux, Illuminated",nonfoil,0.59,https://bilgewatermarket.com/cards/OGS-006,normal,https://bilgewatermarket.com/assets/OGS-006-EN-Co7IxYyy.jpg,¥1.00,$0.59,,"Lux, Illuminated OGS-006/024 CN ¥1.00 EN $0.59"
2026-09-29T21:18:06+00:00,https://bilgewatermarket.com/cards,"Garen, Rugged",nonfoil,0.68,https://bilgewatermarket.com/cards/OGS-007,normal,https://bilgewatermarket.com/assets/OGS-007-EN-v1rHpHr6.jpg,¥0.83,$0.68,,"Garen, Rugged OGS-007/024 CN ¥0.83 EN $0.68"
2026-09-29T21:18:06+00:00,https://bilgewatermarket.com/cards,Gentlemen's Duel,nonfoil,0.35,https://bilgewatermarket.com/cards/OGS-008,normal,https://bilgewatermarket.com/assets/OGS-008-EN-DReIP5As.jpg,¥0.50,$0.35,,Gentlemen's Duel OGS-008/024 CN ¥0.50 EN $0.35
2026-09-29T21:18:06+00:00,https://bilgewatermarket.com/cards,"Yi, Honed",nonfoil,0.93,https://bilgewatermarket.com/cards/OGS-009,normal,https://bilgewatermarket.com/assets/OGS-009-EN-Ca4DmZZY.jpg,¥6.82,$0.93,,"Yi, Honed OGS-009/024 CN ¥6.82 EN $0.93"
2026-09-29T21:18:06+00:00,https://bilgewatermarket.com/cards,"Annie, Stubborn",nonfoil,3.18,https://bilgewatermarket.com/cards/OGS-010,normal,https://bilgewatermarket.com/assets/OGS-010-EN-C55wpRPA.jpg,¥3.05,$3.18,,"Annie, Stubborn OGS-010/024 CN ¥3.05 EN $3.18"
2026-09-29T21:18:06+00:00,https://bilgewatermarket.com/cards,Flash,nonfoil,4.78,https://bilgewatermarket.com/cards/OGS-011,normal,https://bilgewatermarket.com/assets/OGS-011-EN-ylQwYTCz.jpg,¥48.00,$4.78,,Flash OGS-011/024 CN ¥48.00 EN $4.78
2026-09-29T21:18:06+00:00,https://bilgewatermarket.com/cards,Blast of Power,nonfoil,0.36,https://bilgewatermarket.com/cards/OGS-012,normal,https://bilgewatermarket.com/assets/OGS-012-EN-Dn5AO54e.jpg,¥2.00,$0.36,,Blast of Power OGS-012/024 CN ¥2.00 EN $0.36
2026-09-29T21:18:06+00:00,https://bilgewatermarket.com/cards,"Garen, Commander",nonfoil,0.76,https://bilgewatermarket.com/cards/OGS-013,normal,https://bilgewatermarket.com/assets/OGS-013-EN-BEpEtALv.jpg,¥0.83,$0.76,,"Garen, Commander OGS-013/024 CN ¥0.83 EN $0.76"
2026-09-29T21:18:06+00:00,https://bilgewatermarket.com/cards,"Lux, Crownguard",nonfoil,3.54,https://bilgewatermarket.com/cards/OGS-014,normal,https://bilgewatermarket.com/assets/OGS-014-EN-ylm4AU7V.jpg,¥2.84,$3.54,,"Lux, Crownguard OGS-014/024 CN ¥2.84 EN $3.54"
2026-09-29T21:18:06+00:00,https://bilgewatermarket.com/cards,Recruit the Vanguard,nonfoil,0.87,https://bilgewatermarket.com/cards/OGS-015,normal,https://bilgewatermarket.com/assets/OGS-015-EN-C64tbBak.jpg,¥1.01,$0.87,,Recruit the Vanguard OGS-015/024 CN ¥1.01 EN $0.87
2026-09-29T21:18:06+00:00,https://bilgewatermarket.com/cards,Vanguard Attendant,nonfoil,0.23,https://bilgewatermarket.com/cards/OGS-016,normal,https://bilgewatermarket.com/assets/OGS-016-EN-CnRManLU.jpg,¥0.50,$0.23,,Vanguard Attendant OGS-016/024 CN ¥0.50 EN $0.23
2026-09-29T21:18:06+00:00,https://bilgewatermarket.com/cards,"Annie, Dark Child, Starter",nonfoil,3.71,https://bilgewatermarket.com/cards/OGS-017,normal,https://bilgewatermarket.com/assets/OGS-017-EN-B6y4Fkbh.jpg,¥5.73,$3.71,,"Annie, Dark Child, Starter OGS-017/024 CN ¥5.73 EN $3.71"
2026-09-29T21:18:06+00:00,https://bilgewatermarket.com/cards,Tibbers,nonfoil,0.59,https://bilgewatermarket.com/cards/OGS-018,normal,https://bilgewatermarket.com/assets/OGS-018-EN-CB9m76Y0.jpg,¥0.51,$0.59,,Tibbers OGS-018/024 CN ¥0.51 EN $0.59
2026-09-29T21:18:06+00:00,https://bilgewatermarket.com/cards,"Master Yi, Wuju Bladesman, Starter",nonfoil,20.57,https://bilgewatermarket.com/cards/OGS-019,normal,https://bilgewatermarket.com/assets/OGS-019-EN-vvCs17hJ.jpg,¥38.12,$20.57,,"Master Yi, Wuju Bladesman, Starter OGS-019/024 CN ¥38.12 EN $20.57"
2026-09-29T21:18:06+00:00,https://bilgewatermarket.com/cards,Highlander,nonfoil,0.69,https://bilgewatermarket.com/cards/OGS-020,normal,https://bilgewatermarket.com/assets/OGS-020-EN-DN_6aF09.jpg,¥0.57,$0.69,,Highlander OGS-020/024 CN ¥0.57 EN $0.69
2026-09-29T21:18:06+00:00,https://bilgewatermarket.com/cards,"Lux, Lady of Luminosity, Starter",nonfoil,10.63,https://bilgewatermarket.com/cards/OGS-021,normal,https://bilgewatermarket.com/assets/OGS-021-EN-D545Assc.jpg,¥7.49,$10.63,,"Lux, Lady of Luminosity, Starter OGS-021/024 CN ¥7.49 EN $10.63"
2026-09-29T21:18:06+00:00,https://bilgewatermarket.com/cards,Final Spark,nonfoil,0.92,https://bilgewatermarket.com/cards/OGS-022,normal,https://bilgewatermarket.com/assets/OGS-022-EN-QBRey-yX.jpg,¥1.31,$0.92,,Final Spark OGS-022/024 CN ¥1.31 EN $0.92
2026-09-29T21:18:06+00:00,https://bilgewatermarket.com/cards,"Garen, Might of Demacia, Starter",nonfoil,0.91,https://bilgewatermarket.com/cards/OGS-023,normal,https://bilgewatermarket.com/assets/OGS-023-EN-zKCce1tB.jpg,¥1.47,$0.91,,"Garen, Might of Demacia, Starter OGS-023/024 CN ¥1.47 EN $0.91"
2026-09-29T21:18:06+00:00,https://bilgewatermarket.com/cards,Decisive Strike,nonfoil,0.44,https://bilgewatermarket.com/cards/OGS-024,normal,https://bilgewatermarket.com/assets/OGS-024-EN-B7DDLrRf.jpg,¥0.53,$0.44,,Decisive Strike OGS-024/024 CN ¥0.53 EN $0.44
2026-09-29T21:18:06+00:00,https://bilgewatermarket.com/cards,Blazing Scorcher,foil,0.20,https://bilgewatermarket.com/cards/OGN-001?print_variation=foiled,foiled,https://bilgewatermarket.com/assets/OGN-001-EN-QjgEScQm.jpg,¥0.50,$0.20,,Blazing Scorcher OGN-001/298 Foiled CN ¥0.50 EN $0.20
2026-09-29T21:18:06+00:00,https://bilgewatermarket.com/cards,Blazing Scorcher,nonfoil,0.06,https://bilgewatermarket.com/cards/OGN-001,normal,https://bilgewatermarket.com/assets/OGN-001-EN-QjgEScQm.jpg,¥3.39,$0.06,,Blazing Scorcher OGN-001/298 CN ¥3.39 EN $0.06
2026-09-29T21:18:06+00:00,https://bilgewatermarket.com/cards,Brazen Buccaneer,foil,0.15,https://bilgewatermarket.com/cards/OGN-002?print_variation=foiled,foiled,https://bilgewatermarket.com/assets/OGN-002-EN-CCsccgyr.jpg,¥0.50,$0.15,,Brazen Buccaneer OGN-002/298 Foiled CN ¥0.50 EN $0.15
2026-09-29T21:18:06+00:00,https://bilgewatermarket.com/cards,Brazen Buccaneer,nonfoil,0.06,https://bilgewatermarket.com/cards/OGN-002,normal,https://bilgewatermarket.com/assets/OGN-002-EN-CCsccgyr.jpg,¥0.50,$0.06,,Brazen Buccaneer OGN-002/298 CN ¥0.50 EN $0.06
2026-09-29T21:18:06+00:00,https://bilgewatermarket.com/cards,Chemtech Enforcer,foil,0.14,https://bilgewatermarket.com/cards/OGN-003?print_variation=foiled,foiled,https://bilgewatermarket.com/assets/OGN-003-EN-CdgqVvdi.jpg,¥0.50,$0.14,,Chemtech Enforcer OGN-003/298 Foiled CN ¥0.50 EN $0.14
2026-09-29T21:18:06+00:00,https://bilgewatermarket.com/cards,Chemtech Enforcer,nonfoil,0.04,https://bilgewatermarket.com/cards/OGN-003,normal,https://bilgewatermarket.com/assets/OGN-003-EN-CdgqVvdi.jpg,¥0.50,$0.04,,Chemtech Enforcer OGN-003/298 CN ¥0.50 EN $0.04
2026-09-29T21:18:06+00:00,https://bilgewatermarket.com/cards,Cleave,foil,0.36,https://bilgewatermarket.com/cards/OGN-004?print_variation=foiled,foiled,https://bilgewatermarket.com/assets/OGN-004-EN-C6JkLzvq.jpg,¥1.91,$0.36,,Cleave OGN-004/298 Foiled CN ¥1.91 EN $0.36
2026-09-29T21:18:06+00:00,https://bilgewatermarket.com/cards,Cleave,nonfoil,0.17,https://bilgewatermarket.com/cards/OGN-004,normal,https://bilgewatermarket.com/assets/OGN-004-EN-C6JkLzvq.jpg,¥0.56,$0.17,,Cleave OGN-004/298 CN ¥0.56 EN $0.17
2026-09-29T21:18:06+00:00,https://bilgewatermarket.com/cards,Disintegrate,foil,0.22,https://bilgewatermarket.com/cards/OGN-005?print_variation=foiled,foiled,https://bilgewatermarket.com/assets/OGN-005-EN-D4v4u1t6.jpg,¥0.50,$0.22,,Disintegrate OGN-005/298 Foiled CN ¥0.50 EN $0.22
2026-09-29T21:18:06+00:00,https://bilgewatermarket.com/cards,Disintegrate,nonfoil,0.05,https://bilgewatermarket.com/cards/OGN-005,normal,https://bilgewatermarket.com/assets/OGN-005-EN-D4v4u1t6.jpg,¥0.50,$0.05,,Disintegrate OGN-005/298 CN ¥0.50 EN $0.05
2026-09-29T21:18:06+00:00,https://bilgewatermarket.com/cards,Flame Chompers,foil,0.22,https://bilgewatermarket.com/cards/OGN-006?print_variation=foiled,foiled,https://bilgewatermarket.com/assets/OGN-006-EN-89SZGJo6.jpg,¥0.51,$0.22,,Flame Chompers OGN-006/298 Foiled CN ¥0.51 EN $0.22
2026-09-29T21:18:06+00:00,https://bilgewatermarket.com/cards,Flame Chompers,nonfoil,0.09,https://bilgewatermarket.com/cards/OGN-006,normal,https://bilgewatermarket.com/assets/OGN-006-EN-89SZGJo6.jpg,¥0.50,$0.09,,Flame Chompers OGN-006/298 CN ¥0.50 EN $0.09
2026-09-29T21:18:06+00:00,https://bilgewatermarket.com/cards,Fury Rune,nonfoil,0.10,https://bilgewatermarket.com/cards/OGN-007,normal,https://bilgewatermarket.com/assets/OGN-007-EN-wQ74FRGr.jpg,¥0.51,$0.10,,Fury Rune OGN-007/298 CN ¥0.51 EN $0.10
2026-09-29T21:18:06+00:00,https://bilgewatermarket.com/cards,Fury Rune,nonfoil,2.47,https://bilgewatermarket.com/cards/OGN-007a?print_variation=showcase,showcase,https://bilgewatermarket.com/assets/OGN-007a-EN-B1eNPdqK.jpg,¥27.10,$2.47,,Fury Rune OGN-007A/298 Showcase CN ¥27.10 EN $2.47
2026-09-29T21:18:06+00:00,https://bilgewatermarket.com/cards,Get Excited!,foil,0.25,https://bilgewatermarket.com/cards/OGN-008?print_variation=foiled,foiled,https://bilgewatermarket.com/assets/OGN-008-EN-BcIYPU3o.jpg,¥0.99,$0.25,,Get Excited! OGN-008/298 Foiled CN ¥0.99 EN $0.25
2026-09-29T21:18:06+00:00,https://bilgewatermarket.com/cards,Get Excited!,nonfoil,0.05,https://bilgewatermarket.com/cards/OGN-008,normal,https://bilgewatermarket.com/assets/OGN-008-EN-BcIYPU3o.jpg,¥0.50,$0.05,,Get Excited! OGN-008/298 CN ¥0.50 EN $0.05
2026-09-29T21:18:06+00:00,https://bilgewatermarket.com/cards,Hextech Ray,foil,0.60,https://bilgewatermarket.com/cards/OGN-009?print_variation=foiled,foiled,https://bilgewatermarket.com/assets/OGN-009-EN-DN1gcUwS.jpg,¥1.40,$0.60,,Hextech Ray OGN-009/298 Foiled CN ¥1.40 EN $0.60
2026-09-29T21:18:06+00:00,https://bilgewatermarket.com/cards,Hextech Ray,nonfoil,0.16,https://bilgewatermarket.com/cards/OGN-009,normal,https://bilgewatermarket.com/assets/OGN-009-EN-DN1gcUwS.jpg,¥0.51,$0.16,,Hextech Ray OGN-009/298 CN ¥0.51 EN $0.16
2026-09-29T21:18:06+00:00,https://bilgewatermarket.com/cards,Legion Rearguard,foil,0.29,https://bilgewatermarket.com/cards/OGN-010?print_variation=foiled,foiled,https://bilgewatermarket.com/assets/OGN-010-EN-Cf4CCTAU.jpg,¥0.83,$0.29,,Legion Rearguard OGN-010/298 Foiled CN ¥0.83 EN $0.29
2026-09-29T21:18:06+00:00,https://bilgewatermarket.com/cards,Legion Rearguard,nonfoil,0.11,https://bilgewatermarket.com/cards/OGN-010,normal,https://bilgewatermarket.com/assets/OGN-010-EN-Cf4CCTAU.jpg,¥0.50,$0.11,,Legion Rearguard OGN-010/298 CN ¥0.50 EN $0.11
2026-09-29T21:18:06+00:00,https://bilgewatermarket.com/cards,Magma Wurm,foil,0.17,https://bilgewatermarket.com/cards/OGN-011?print_variation=foiled,foiled,https://bilgewatermarket.com/assets/OGN-011-EN-BpM9uxms.jpg,¥0.50,$0.17,,Magma Wurm OGN-011/298 Foiled CN ¥0.50 EN $0.17
2026-09-29T21:18:06+00:00,https://bilgewatermarket.com/cards,Magma Wurm,nonfoil,0.04,https://bilgewatermarket.com/cards/OGN-011,normal,https://bilgewatermarket.com/assets/OGN-011-EN-BpM9uxms.jpg,¥0.50,$0.04,,Magma Wurm OGN-011/298 CN ¥0.50 EN $0.04
2026-09-29T21:18:06+00:00,https://bilgewatermarket.com/cards,Noxus Hopeful,foil,4.96,https://bilgewatermarket.com/cards/OGN-012?print_variation=foiled,foiled,https://bilgewatermarket.com/assets/OGN-012-EN-BREPxn3T.jpg,¥3.11,$4.96,,Noxus Hopeful OGN-012/298 Foiled CN ¥3.11 EN $4.96
2026-09-29T21:18:06+00:00,https://bilgewatermarket.com/cards,Noxus Hopeful,nonfoil,0.49,https://bilgewatermarket.com/cards/OGN-012,normal,https://bilgewatermarket.com/assets/OGN-012-EN-BREPxn3T.jpg,¥0.59,$0.49,,Noxus Hopeful OGN-012/298 CN ¥0.59 EN $0.49
2026-09-29T21:18:06+00:00,https://bilgewatermarket.com/cards,Pouty Poro,foil,0.31,https://bilgewatermarket.com/cards/OGN-013?print_variation=foiled,foiled,https://bilgewatermarket.com/assets/OGN-013-EN-H7DCo7_Y.jpg,¥0.88,$0.31,,Pouty Poro OGN-013/298 Foiled CN ¥0.88 EN $0.31
2026-09-29T21:18:06+00:00,https://bilgewatermarket.com/cards,Pouty Poro,nonfoil,0.08,https://bilgewatermarket.com/cards/OGN-013,normal,https://bilgewatermarket.com/assets/OGN-013-EN-H7DCo7_Y.jpg,¥0.50,$0.08,,Pouty Poro OGN-013/298 CN ¥0.50 EN $0.08
2026-09-29T21:18:06+00:00,https://bilgewatermarket.com/cards,Sky Splitter,foil,0.36,https://bilgewatermarket.com/cards/OGN-014?print_variation=foiled,foiled,https://bilgewatermarket.com/assets/OGN-014-EN-C9p1vIVO.jpg,¥0.51,$0.36,,Sky Splitter OGN-014/298 Foiled CN ¥0.51 EN $0.36
2026-09-29T21:18:06+00:00,https://bilgewatermarket.com/cards,Sky Splitter,nonfoil,0.10,https://bilgewatermarket.com/cards/OGN-014,normal,https://bilgewatermarket.com/assets/OGN-014-EN-C9p1vIVO.jpg,¥0.51,$0.10,,Sky Splitter OGN-014/298 CN ¥0.51 EN $0.10
2026-09-29T21:18:06+00:00,https://bilgewatermarket.com/cards,Captain Farron,foil,0.29,https://bilgewatermarket.com/cards/OGN-015?print_variation=foiled,foiled,https://bilgewatermarket.com/assets/OGN-015-EN-C8ooOmcP.jpg,¥0.50,$0.29,,Captain Farron OGN-015/298 Foiled CN ¥0.50 EN $0.29
2026-09-29T21:18:06+00:00,https://bilgewatermarket.com/cards,Captain Farron,nonfoil,0.09,https://bilgewatermarket.com/cards/OGN-015,normal,https://bilgewatermarket.com/assets/OGN-015-EN-C8ooOmcP.jpg,¥0.50,$0.09,,Captain Farron OGN-015/298 CN ¥0.50 EN $0.09
2026-09-29T21:18:06+00:00,https://bilgewatermarket.com/cards,Dangerous Duo,foil,0.20,https://bilgewatermarket.com/cards/OGN-016?print_variation=foiled,foiled,https://bilgewatermarket.com/assets/OGN-016-EN-OvtPSoOr.jpg,¥0.57,$0.20,,Dangerous Duo OGN-016/298 Foiled CN ¥0.57 EN $0.20
2026-09-29T21:18:06+00:00,https://bilgewatermarket.com/cards,Dangerous Duo,nonfoil,0.06,https://bilgewatermarket.com/cards/OGN-016,normal,https://bilgewatermarket.com/assets/OGN-016-EN-OvtPSoOr.jpg,¥0.50,$0.06,,Dangerous Duo OGN-016/298 CN ¥0.50 EN $0.06
2026-09-29T21:18:06+00:00,https://bilgewatermarket.com/cards,Iron Ballista,foil,0.42,https://bilgewatermarket.com/cards/OGN-017?print_variation=foiled,foiled,https://bilgewatermarket.com/assets/OGN-017-EN-Ulcnr5Df.jpg,¥0.99,$0.42,,Iron Ballista OGN-017/298 Foiled CN ¥0.99 EN $0.42
2026-09-29T21:18:06+00:00,https://bilgewatermarket.com/cards,Iron Ballista,nonfoil,0.18,https://bilgewatermarket.com/cards/OGN-017,normal,https://bilgewatermarket.com/assets/OGN-017-EN-Ulcnr5Df.jpg,¥0.51,$0.18,,Iron Ballista OGN-017/298 CN ¥0.51 EN $0.18
2026-09-29T21:18:06+00:00,https://bilgewatermarket.com/cards,Noxus Saboteur,foil,0.31,https://bilgewatermarket.com/cards/OGN-018?print_variation=foiled,foiled,https://bilgewatermarket.com/assets/OGN-018-EN-lx4zItrI.jpg,¥0.55,$0.31,,Noxus Saboteur OGN-018/298 Foiled CN ¥0.55 EN $0.31
2026-09-29T21:18:06+00:00,https://bilgewatermarket.com/cards,Noxus Saboteur,nonfoil,0.12,https://bilgewatermarket.com/cards/OGN-018,normal,https://bilgewatermarket.com/assets/OGN-018-EN-lx4zItrI.jpg,¥0.50,$0.12,,Noxus Saboteur OGN-018/298 CN ¥0.50 EN $0.12
2026-09-29T21:18:06+00:00,https://bilgewatermarket.com/cards,Raging Soul,foil,0.27,https://bilgewatermarket.com/cards/OGN-019?print_variation=foiled,foiled,https://bilgewatermarket.com/assets/OGN-019-EN-RkVRC8Kr.jpg,¥0.70,$0.27,,Raging Soul OGN-019/298 Foiled CN ¥0.70 EN $0.27
2026-09-29T21:18:06+00:00,https://bilgewatermarket.com/cards,Raging Soul,nonfoil,0.05,https://bilgewatermarket.com/cards/OGN-019,normal,https://bilgewatermarket.com/assets/OGN-019-EN-RkVRC8Kr.jpg,¥0.50,$0.05,,Raging Soul OGN-019/298 CN ¥0.50 EN $0.05
2026-09-29T21:18:06+00:00,https://bilgewatermarket.com/cards,Scrapyard Champion,foil,0.31,https://bilgewatermarket.com/cards/OGN-020?print_variation=foiled,foiled,https://bilgewatermarket.com/assets/OGN-020-EN-DOoJXRy-.jpg,¥0.63,$0.31,,Scrapyard Champion OGN-020/298 Foiled CN ¥0.63 EN $0.31
2026-09-29T21:18:06+00:00,https://bilgewatermarket.com/cards,Scrapyard Champion,nonfoil,0.12,https://bilgewatermarket.com/cards/OGN-020,normal,https://bilgewatermarket.com/assets/OGN-020-EN-DOoJXRy-.jpg,¥0.50,$0.12,,Scrapyard Champion OGN-020/298 CN ¥0.50 EN $0.12
2026-09-29T21:18:06+00:00,https://bilgewatermarket.com/cards,Sun Disc,foil,0.59,https://bilgewatermarket.com/cards/OGN-021?print_variation=foiled,foiled,https://bilgewatermarket.com/assets/OGN-021-EN-YbCdXDYR.jpg,¥1.78,$0.59,,Sun Disc OGN-021/298 Foiled CN ¥1.78 EN $0.59
2026-09-29T21:18:06+00:00,https://bilgewatermarket.com/cards,Sun Disc,nonfoil,0.18,https://bilgewatermarket.com/cards/OGN-021,normal,https://bilgewatermarket.com/assets/OGN-021-EN-YbCdXDYR.jpg,¥0.54,$0.18,,Sun Disc OGN-021/298 CN ¥0.54 EN $0.18
2026-09-29T21:18:06+00:00,https://bilgewatermarket.com/cards,Thermo Beam,foil,2.18,https://bilgewatermarket.com/cards/OGN-022?print_variation=foiled,foiled,https://bilgewatermarket.com/assets/OGN-022-EN-CsxaauZZ.jpg,¥3.69,$2.18,,Thermo Beam OGN-022/298 Foiled CN ¥3.69 EN $2.18
2026-09-29T21:18:06+00:00,https://bilgewatermarket.com/cards,Thermo Beam,nonfoil,0.31,https://bilgewatermarket.com/cards/OGN-022,normal,https://bilgewatermarket.com/assets/OGN-022-EN-CsxaauZZ.jpg,¥1.07,$0.31,,Thermo Beam OGN-022/298 CN ¥1.07 EN $0.31
2026-09-29T21:18:06+00:00,https://bilgewatermarket.com/cards,Unlicensed Armory,foil,0.26,https://bilgewatermarket.com/cards/OGN-023?print_variation=foiled,foiled,https://bilgewatermarket.com/assets/OGN-023-EN-sIa0QC0Q.jpg,¥0.78,$0.26,,Unlicensed Armory OGN-023/298 Foiled CN ¥0.78 EN $0.26
2026-09-29T21:18:06+00:00,https://bilgewatermarket.com/cards,Unlicensed Armory,nonfoil,0.14,https://bilgewatermarket.com/cards/OGN-023,normal,https://bilgewatermarket.com/assets/OGN-023-EN-sIa0QC0Q.jpg,¥0.50,$0.14,,Unlicensed Armory OGN-023/298 CN ¥0.50 EN $0.14
2026-09-29T21:18:06+00:00,https://bilgewatermarket.com/cards,Void Seeker,foil,0.50,https://bilgewatermarket.com/cards/OGN-024?print_variation=foiled,foiled,https://bilgewatermarket.com/assets/OGN-024-EN-DsZcdwPf.jpg,¥2.98,$0.50,,Void Seeker OGN-024/298 Foiled CN ¥2.98 EN $0.50
2026-09-29T21:18:06+00:00,https://bilgewatermarket.com/cards,Void Seeker,nonfoil,0.22,https://bilgewatermarket.com/cards/OGN-024,normal,https://bilgewatermarket.com/assets/OGN-024-EN-DsZcdwPf.jpg,¥0.59,$0.22,,Void Seeker OGN-024/298 CN ¥0.59 EN $0.22
2026-09-29T21:18:06+00:00,https://bilgewatermarket.com/cards,Blind Fury,nonfoil,0.23,https://bilgewatermarket.com/cards/OGN-025,normal,https://bilgewatermarket.com/assets/OGN-025-EN-D3DKNf4t.jpg,¥0.51,$0.23,,Blind Fury OGN-025/298 CN ¥0.51 EN $0.23
2026-09-29T21:18:06+00:00,https://bilgewatermarket.com/cards,Brynhir Thundersong,nonfoil,1.66,https://bilgewatermarket.com/cards/OGN-026,normal,https://bilgewatermarket.com/assets/OGN-026-EN-D4ZiDDID.jpg,¥4.99,$1.66,,Brynhir Thundersong OGN-026/298 CN ¥4.99 EN $1.66
2026-09-29T21:18:06+00:00,https://bilgewatermarket.com/cards,"Darius, Trifarian",nonfoil,1.48,https://bilgewatermarket.com/cards/OGN-027,normal,https://bilgewatermarket.com/assets/OGN-027-EN-d2BzeGZu.jpg,¥5.17,$1.48,,"Darius, Trifarian OGN-027/298 CN ¥5.17 EN $1.48"
2026-09-29T21:18:06+00:00,https://bilgewatermarket.com/cards,"Darius, Trifarian",nonfoil,6.66,https://bilgewatermarket.com/cards/OGN-027a?print_variation=showcase,showcase,https://bilgewatermarket.com/assets/OGN-027a-EN-aOAgFF6D.jpg,¥14.71,$6.66,,"Darius, Trifarian OGN-027A/298 Showcase CN ¥14.71 EN $6.66"
2026-09-29T21:18:06+00:00,https://bilgewatermarket.com/cards,"Draven, Showboat",nonfoil,0.27,https://bilgewatermarket.com/cards/OGN-028,normal,https://bilgewatermarket.com/assets/OGN-028-EN-CCIP5CYL.jpg,¥1.06,$0.27,,"Draven, Showboat OGN-028/298 CN ¥1.06 EN $0.27"
2026-09-29T21:18:06+00:00,https://bilgewatermarket.com/cards,Falling Star,nonfoil,12.65,https://bilgewatermarket.com/cards/OGN-029,normal,https://bilgewatermarket.com/assets/OGN-029-EN-DSiQHrdu.jpg,¥15.65,$12.65,,Falling Star OGN-029/298 CN ¥15.65 EN $12.65
2026-09-29T21:18:06+00:00,https://bilgewatermarket.com/cards,"Jinx, Demolitionist",nonfoil,0.24,https://bilgewatermarket.com/cards/OGN-030,normal,https://bilgewatermarket.com/assets/OGN-030-EN-HF6atMmB.jpg,¥0.85,$0.24,,"Jinx, Demolitionist OGN-030/298 CN ¥0.85 EN $0.24"
2026-09-29T21:18:06+00:00,https://bilgewatermarket.com/cards,"Jinx, Demolitionist",nonfoil,3.85,https://bilgewatermarket.com/cards/OGN-030a?print_variation=showcase,showcase,https://bilgewatermarket.com/assets/OGN-030a-EN-BzcoZu2e.jpg,¥3.04,$3.85,,"Jinx, Demolitionist OGN-030A/298 Showcase CN ¥3.04 EN $3.85"
2026-09-29T21:18:06+00:00,https://bilgewatermarket.com/cards,Raging Firebrand,nonfoil,0.24,https://bilgewatermarket.com/cards/OGN-031,normal,https://bilgewatermarket.com/assets/OGN-031-EN-DO_UoIya.jpg,¥0.50,$0.24,,Raging Firebrand OGN-031/298 CN ¥0.50 EN $0.24
2026-09-29T21:18:06+00:00,https://bilgewatermarket.com/cards,Ravenborn Tome,nonfoil,0.17,https://bilgewatermarket.com/cards/OGN-032,normal,https://bilgewatermarket.com/assets/OGN-032-EN-TK61Il2L.jpg,¥0.52,$0.17,,Ravenborn Tome OGN-032/298 CN ¥0.52 EN $0.17
2026-09-29T21:18:06+00:00,https://bilgewatermarket.com/cards,Shakedown,nonfoil,0.25,https://bilgewatermarket.com/cards/OGN-033,normal,https://bilgewatermarket.com/assets/OGN-033-EN-StDFaakk.jpg,¥0.55,$0.25,,Shakedown OGN-033/298 CN ¥0.55 EN $0.25
2026-09-29T21:18:06+00:00,https://bilgewatermarket.com/cards,"Tryndamere, Barbarian",nonfoil,0.25,https://bilgewatermarket.com/cards/OGN-034,normal,https://bilgewatermarket.com/assets/OGN-034-EN-D68T6Po1.jpg,¥0.54,$0.25,,"Tryndamere, Barbarian OGN-034/298 CN ¥0.54 EN $0.25"
2026-09-29T21:18:06+00:00,https://bilgewatermarket.com/cards,"Vayne, Hunter",nonfoil,0.38,https://bilgewatermarket.com/cards/OGN-035,normal,https://bilgewatermarket.com/assets/OGN-035-EN-igtOk1Dt.jpg,¥0.71,$0.38,,"Vayne, Hunter OGN-035/298 CN ¥0.71 EN $0.38"
2026-09-29T21:18:06+00:00,https://bilgewatermarket.com/cards,"Vi, Destructive",nonfoil,0.41,https://bilgewatermarket.com/cards/OGN-036,normal,https://bilgewatermarket.com/assets/OGN-036-EN-FuSy9SqL.jpg,¥1.68,$0.41,,"Vi, Destructive OGN-036/298 CN ¥1.68 EN $0.41"
2026-09-29T21:18:06+00:00,https://bilgewatermarket.com/cards,Immortal Phoenix,nonfoil,4.30,https://bilgewatermarket.com/cards/OGN-037,normal,https://bilgewatermarket.com/assets/OGN-037-EN-sGjfmpAh.jpg,¥9.00,$4.30,,Immortal Phoenix OGN-037/298 CN ¥9.00 EN $4.30
2026-09-29T21:18:06+00:00,https://bilgewatermarket.com/cards,Kadregrin the Infernal,nonfoil,5.66,https://bilgewatermarket.com/cards/OGN-038,normal,https://bilgewatermarket.com/assets/OGN-038-EN-fF2-eFpe.jpg,¥5.62,$5.66,,Kadregrin the Infernal OGN-038/298 CN ¥5.62 EN $5.66
2026-09-29T21:18:06+00:00,https://bilgewatermarket.com/cards,"Kai'Sa, Survivor",nonfoil,69.26,https://bilgewatermarket.com/cards/OGN-039,normal,https://bilgewatermarket.com/assets/OGN-039-EN-Mlbecusw.jpg,¥139.81,$69.26,,"Kai'Sa, Survivor OGN-039/298 CN ¥139.81 EN $69.26"
2026-09-29T21:18:06+00:00,https://bilgewatermarket.com/cards,"Kai'Sa, Survivor",nonfoil,73.53,https://bilgewatermarket.com/cards/OGN-039a?print_variation=showcase,showcase,https://bilgewatermarket.com/assets/OGN-039a-EN-D9xN6xkF.jpg,¥144.60,$73.53,,"Kai'Sa, Survivor OGN-039A/298 Showcase CN ¥144.60 EN $73.53"
2026-09-29T21:18:06+00:00,https://bilgewatermarket.com/cards,Seal of Rage,nonfoil,26.52,https://bilgewatermarket.com/cards/OGN-040,normal,https://bilgewatermarket.com/assets/OGN-040-EN-_zmvsrnx.jpg,¥33.99,$26.52,,Seal of Rage OGN-040/298 CN ¥33.99 EN $26.52
2026-09-29T21:18:06+00:00,https://bilgewatermarket.com/cards,"Volibear, Furious",nonfoil,0.75,https://bilgewatermarket.com/cards/OGN-041,normal,https://bilgewatermarket.com/assets/OGN-041-EN-C4j-4MtF.jpg,¥1.03,$0.75,,"Volibear, Furious OGN-041/298 CN ¥1.03 EN $0.75"
2026-09-29T21:18:06+00:00,https://bilgewatermarket.com/cards,"Volibear, Furious",nonfoil,2.57,https://bilgewatermarket.com/cards/OGN-041a?print_variation=showcase,showcase,https://bilgewatermarket.com/assets/OGN-041a-EN-BnbGNy5N.jpg,¥2.21,$2.57,,"Volibear, Furious OGN-041A/298 Showcase CN ¥2.21 EN $2.57"
2026-09-29T21:18:06+00:00,https://bilgewatermarket.com/cards,Calm Rune,nonfoil,0.12,https://bilgewatermarket.com/cards/OGN-042,normal,https://bilgewatermarket.com/assets/OGN-042-EN-B0gMcf6k.jpg,¥0.51,$0.12,,Calm Rune OGN-042/298 CN ¥0.51 EN $0.12
2026-09-29T21:18:06+00:00,https://bilgewatermarket.com/cards,Calm Rune,nonfoil,5.99,https://bilgewatermarket.com/cards/OGN-042a?print_variation=showcase,showcase,https://bilgewatermarket.com/assets/OGN-042a-EN-DpATfpUz.jpg,¥32.86,$5.99,,Calm Rune OGN-042A/298 Showcase CN ¥32.86 EN $5.99
2026-09-29T21:18:06+00:00,https://bilgewatermarket.com/cards,Charm,foil,4.05,https://bilgewatermarket.com/cards/OGN-043?print_variation=foiled,foiled,https://bilgewatermarket.com/assets/OGN-043-EN-Do-4PZDD.jpg,¥4.91,$4.05,,Charm OGN-043/298 Foiled CN ¥4.91 EN $4.05
2026-09-29T21:18:06+00:00,https://bilgewatermarket.com/cards,Charm,nonfoil,0.47,https://bilgewatermarket.com/cards/OGN-043,normal,https://bilgewatermarket.com/assets/OGN-043-EN-Do-4PZDD.jpg,¥0.68,$0.47,,Charm OGN-043/298 CN ¥0.68 EN $0.47
2026-09-29T21:18:06+00:00,https://bilgewatermarket.com/cards,Clockwork Keeper,foil,0.30,https://bilgewatermarket.com/cards/OGN-044?print_variation=foiled,foiled,https://bilgewatermarket.com/assets/OGN-044-EN-D_DZRs6i.jpg,¥1.78,$0.30,,Clockwork Keeper OGN-044/298 Foiled CN ¥1.78 EN $0.30
2026-09-29T21:18:06+00:00,https://bilgewatermarket.com/cards,Clockwork Keeper,nonfoil,0.10,https://bilgewatermarket.com/cards/OGN-044,normal,https://bilgewatermarket.com/assets/OGN-044-EN-D_DZRs6i.jpg,¥0.52,$0.10,,Clockwork Keeper OGN-044/298 CN ¥0.52 EN $0.10
2026-09-29T21:18:06+00:00,https://bilgewatermarket.com/cards,Defy,foil,5.55,https://bilgewatermarket.com/cards/OGN-045?print_variation=foiled,foiled,https://bilgewatermarket.com/assets/OGN-045-EN-wwec0ykD.jpg,¥6.23,$5.55,,Defy OGN-045/298 Foiled CN ¥6.23 EN $5.55
2026-09-29T21:18:06+00:00,https://bilgewatermarket.com/cards,Defy,nonfoil,2.31,https://bilgewatermarket.com/cards/OGN-045,normal,https://bilgewatermarket.com/assets/OGN-045-EN-wwec0ykD.jpg,¥1.78,$2.31,,Defy OGN-045/298 CN ¥1.78 EN $2.31
2026-09-29T21:18:06+00:00,https://bilgewatermarket.com/cards,En Garde,foil,0.60,https://bilgewatermarket.com/cards/OGN-046?print_variation=foiled,foiled,https://bilgewatermarket.com/assets/OGN-046-EN-037nVerl.jpg,¥3.17,$0.60,,En Garde OGN-046/298 Foiled CN ¥3.17 EN $0.60
2026-09-29T21:18:06+00:00,https://bilgewatermarket.com/cards,En Garde,nonfoil,0.22,https://bilgewatermarket.com/cards/OGN-046,normal,https://bilgewatermarket.com/assets/OGN-046-EN-037nVerl.jpg,¥0.57,$0.22,,En Garde OGN-046/298 CN ¥0.57 EN $0.22
2026-09-29T21:18:06+00:00,https://bilgewatermarket.com/cards,Find Your Center,foil,0.57,https://bilgewatermarket.com/cards/OGN-047?print_variation=foiled,foiled,https://bilgewatermarket.com/assets/OGN-047-EN-39BMPP8K.jpg,¥1.79,$0.57,,Find Your Center OGN-047/298 Foiled CN ¥1.79 EN $0.57
2026-09-29T21:18:06+00:00,https://bilgewatermarket.com/cards,Find Your Center,nonfoil,0.21,https://bilgewatermarket.com/cards/OGN-047,normal,https://bilgewatermarket.com/assets/OGN-047-EN-39BMPP8K.jpg,¥0.57,$0.21,,Find Your Center OGN-047/298 CN ¥0.57 EN $0.21
2026-09-29T21:18:06+00:00,https://bilgewatermarket.com/cards,Meditation,foil,0.35,https://bilgewatermarket.com/cards/OGN-048?print_variation=foiled,foiled,https://bilgewatermarket.com/assets/OGN-048-EN-xs6AxiNi.jpg,¥1.17,$0.35,,Meditation OGN-048/298 Foiled CN ¥1.17 EN $0.35
2026-09-29T21:18:06+00:00,https://bilgewatermarket.com/cards,Meditation,nonfoil,0.14,https://bilgewatermarket.com/cards/OGN-048,normal,https://bilgewatermarket.com/assets/OGN-048-EN-xs6AxiNi.jpg,¥0.58,$0.14,,Meditation OGN-048/298 CN ¥0.58 EN $0.14
2026-09-29T21:18:06+00:00,https://bilgewatermarket.com/cards,Playful Phantom,foil,0.10,https://bilgewatermarket.com/cards/OGN-049?print_variation=foiled,foiled,https://bilgewatermarket.com/assets/OGN-049-EN-Dun9Mj9u.jpg,¥0.50,$0.10,,Playful Phantom OGN-049/298 Foiled CN ¥0.50 EN $0.10
2026-09-29T21:18:06+00:00,https://bilgewatermarket.com/cards,Playful Phantom,nonfoil,0.02,https://bilgewatermarket.com/cards/OGN-049,normal,https://bilgewatermarket.com/assets/OGN-049-EN-Dun9Mj9u.jpg,¥0.50,$0.02,,Playful Phantom OGN-049/298 CN ¥0.50 EN $0.02
2026-09-29T21:18:06+00:00,https://bilgewatermarket.com/cards,Rune Prison,foil,0.28,https://bilgewatermarket.com/cards/OGN-050?print_variation=foiled,foiled,https://bilgewatermarket.com/assets/OGN-050-EN-Bc1mqrye.jpg,¥1.08,$0.28,,Rune Prison OGN-050/298 Foiled CN ¥1.08 EN $0.28
2026-09-29T21:18:06+00:00,https://bilgewatermarket.com/cards,Rune Prison,nonfoil,0.11,https://bilgewatermarket.com/cards/OGN-050,normal,https://bilgewatermarket.com/assets/OGN-050-EN-Bc1mqrye.jpg,¥0.50,$0.11,,Rune Prison OGN-050/298 CN ¥0.50 EN $0.11
2026-09-29T21:18:06+00:00,https://bilgewatermarket.com/cards,Solari Shieldbearer,foil,0.21,https://bilgewatermarket.com/cards/OGN-051?print_variation=foiled,foiled,https://bilgewatermarket.com/assets/OGN-051-EN-HJv5KcFI.jpg,¥0.54,$0.21,,Solari Shieldbearer OGN-051/298 Foiled CN ¥0.54 EN $0.21
2026-09-29T21:18:06+00:00,https://bilgewatermarket.com/cards,Solari Shieldbearer,nonfoil,0.09,https://bilgewatermarket.com/cards/OGN-051,normal,https://bilgewatermarket.com/assets/OGN-051-EN-HJv5KcFI.jpg,¥0.50,$0.09,,Solari Shieldbearer OGN-051/298 CN ¥0.50 EN $0.09
2026-09-29T21:18:06+00:00,https://bilgewatermarket.com/cards,Stalwart Poro,foil,0.35,https://bilgewatermarket.com/cards/OGN-052?print_variation=foiled,foiled,https://bilgewatermarket.com/assets/OGN-052-EN-Cfqp-tIV.jpg,¥0.94,$0.35,,Stalwart Poro OGN-052/298 Foiled CN ¥0.94 EN $0.35
2026-09-29T21:18:06+00:00,https://bilgewatermarket.com/cards,Stalwart Poro,nonfoil,0.12,https://bilgewatermarket.com/cards/OGN-052,normal,https://bilgewatermarket.com/assets/OGN-052-EN-Cfqp-tIV.jpg,¥0.51,$0.12,,Stalwart Poro OGN-052/298 CN ¥0.51 EN $0.12
2026-09-29T21:18:06+00:00,https://bilgewatermarket.com/cards,Stand United,foil,0.20,https://bilgewatermarket.com/cards/OGN-053?print_variation=foiled,foiled,https://bilgewatermarket.com/assets/OGN-053-EN-Dv8Qz-rv.jpg,¥0.50,$0.20,,Stand United OGN-053/298 Foiled CN ¥0.50 EN $0.20
2026-09-29T21:18:06+00:00,https://bilgewatermarket.com/cards,Stand United,nonfoil,0.06,https://bilgewatermarket.com/cards/OGN-053,normal,https://bilgewatermarket.com/assets/OGN-053-EN-Dv8Qz-rv.jpg,¥0.50,$0.06,,Stand United OGN-053/298 CN ¥0.50 EN $0.06
2026-09-29T21:18:06+00:00,https://bilgewatermarket.com/cards,Sunlit Guardian,foil,0.24,https://bilgewatermarket.com/cards/OGN-054?print_variation=foiled,foiled,https://bilgewatermarket.com/assets/OGN-054-EN-CtJzNR53.jpg,¥0.72,$0.24,,Sunlit Guardian OGN-054/298 Foiled CN ¥0.72 EN $0.24
2026-09-29T21:18:06+00:00,https://bilgewatermarket.com/cards,Sunlit Guardian,nonfoil,0.10,https://bilgewatermarket.com/cards/OGN-054,normal,https://bilgewatermarket.com/assets/OGN-054-EN-CtJzNR53.jpg,¥0.50,$0.10,,Sunlit Guardian OGN-054/298 CN ¥0.50 EN $0.10
2026-09-29T21:18:06+00:00,https://bilgewatermarket.com/cards,Wielder of Water,foil,0.21,https://bilgewatermarket.com/cards/OGN-055?print_variation=foiled,foiled,https://bilgewatermarket.com/assets/OGN-055-EN-Cjk6THou.jpg,¥0.58,$0.21,,Wielder of Water OGN-055/298 Foiled CN ¥0.58 EN $0.21
2026-09-29T21:18:06+00:00,https://bilgewatermarket.com/cards,Wielder of Water,nonfoil,0.05,https://bilgewatermarket.com/cards/OGN-055,normal,https://bilgewatermarket.com/assets/OGN-055-EN-Cjk6THou.jpg,¥0.50,$0.05,,Wielder of Water OGN-055/298 CN ¥0.50 EN $0.05
2026-09-29T21:18:06+00:00,https://bilgewatermarket.com/cards,Adaptatron,foil,2.40,https://bilgewatermarket.com/cards/OGN-056?print_variation=foiled,foiled,https://bilgewatermarket.com/assets/OGN-056-EN-DFjhsCoU.jpg,¥2.39,$2.40,,Adaptatron OGN-056/298 Foiled CN ¥2.39 EN $2.40
2026-09-29T21:18:06+00:00,https://bilgewatermarket.com/cards,Adaptatron,nonfoil,0.27,https://bilgewatermarket.com/cards/OGN-056,normal,https://bilgewatermarket.com/assets/OGN-056-EN-DFjhsCoU.jpg,¥0.62,$0.27,,Adaptatron OGN-056/298 CN ¥0.62 EN $0.27
2026-09-29T21:18:06+00:00,https://bilgewatermarket.com/cards,Block,foil,0.73,https://bilgewatermarket.com/cards/OGN-057?print_variation=foiled,foiled,https://bilgewatermarket.com/assets/OGN-057-EN-CkgpnBV8.jpg,¥1.98,$0.73,,Block OGN-057/298 Foiled CN ¥1.98 EN $0.73
2026-09-29T21:18:06+00:00,https://bilgewatermarket.com/cards,Block,nonfoil,0.24,https://bilgewatermarket.com/cards/OGN-057,normal,https://bilgewatermarket.com/assets/OGN-057-EN-CkgpnBV8.jpg,¥0.64,$0.24,,Block OGN-057/298 CN ¥0.64 EN $0.24
2026-09-29T21:18:06+00:00,https://bilgewatermarket.com/cards,Discipline,foil,2.28,https://bilgewatermarket.com/cards/OGN-058?print_variation=foiled,foiled,https://bilgewatermarket.com/assets/OGN-058-EN-CaznWkUn.jpg,¥13.21,$2.28,,Discipline OGN-058/298 Foiled CN ¥13.21 EN $2.28
2026-09-29T21:18:06+00:00,https://bilgewatermarket.com/cards,Discipline,nonfoil,0.84,https://bilgewatermarket.com/cards/OGN-058,normal,https://bilgewatermarket.com/assets/OGN-058-EN-CaznWkUn.jpg,¥8.61,$0.84,,Discipline OGN-058/298 CN ¥8.61 EN $0.84
2026-09-29T21:18:06+00:00,https://bilgewatermarket.com/cards,Eclipse Herald,foil,0.23,https://bilgewatermarket.com/cards/OGN-059?print_variation=foiled,foiled,https://bilgewatermarket.com/assets/OGN-059-EN-C7fTeqTW.jpg,¥0.70,$0.23,,Eclipse Herald OGN-059/298 Foiled CN ¥0.70 EN $0.23
2026-09-29T21:18:06+00:00,https://bilgewatermarket.com/cards,Eclipse Herald,nonfoil,0.10,https://bilgewatermarket.com/cards/OGN-059,normal,https://bilgewatermarket.com/assets/OGN-059-EN-C7fTeqTW.jpg,¥0.50,$0.10,,Eclipse Herald OGN-059/298 CN ¥0.50 EN $0.10
2026-09-29T21:18:06+00:00,https://bilgewatermarket.com/cards,Mask of Foresight,foil,4.30,https://bilgewatermarket.com/cards/OGN-060?print_variation=foiled,foiled,https://bilgewatermarket.com/assets/OGN-060-EN-yrlBd5gB.jpg,¥2.48,$4.30,,Mask of Foresight OGN-060/298 Foiled CN ¥2.48 EN $4.30
2026-09-29T21:18:06+00:00,https://bilgewatermarket.com/cards,Mask of Foresight,nonfoil,0.59,https://bilgewatermarket.com/cards/OGN-060,normal,https://bilgewatermarket.com/assets/OGN-060-EN-yrlBd5gB.jpg,¥0.65,$0.59,,Mask of Foresight OGN-060/298 CN ¥0.65 EN $0.59
2026-09-29T21:18:06+00:00,https://bilgewatermarket.com/cards,Poro Herder,foil,0.37,https://bilgewatermarket.com/cards/OGN-061?print_variation=foiled,foiled,https://bilgewatermarket.com/assets/OGN-061-EN-BWc5UW_F.jpg,¥0.70,$0.37,,Poro Herder OGN-061/298 Foiled CN ¥0.70 EN $0.37
2026-09-29T21:18:06+00:00,https://bilgewatermarket.com/cards,Poro Herder,nonfoil,0.14,https://bilgewatermarket.com/cards/OGN-061,normal,https://bilgewatermarket.com/assets/OGN-061-EN-BWc5UW_F.jpg,¥0.50,$0.14,,Poro Herder OGN-061/298 CN ¥0.50 EN $0.14
2026-09-29T21:18:06+00:00,https://bilgewatermarket.com/cards,Reinforce,foil,0.41,https://bilgewatermarket.com/cards/OGN-062?print_variation=foiled,foiled,https://bilgewatermarket.com/assets/OGN-062-EN-BVHZyPcS.jpg,¥0.50,$0.41,,Reinforce OGN-062/298 Foiled CN ¥0.50 EN $0.41
2026-09-29T21:18:06+00:00,https://bilgewatermarket.com/cards,Reinforce,nonfoil,0.11,https://bilgewatermarket.com/cards/OGN-062,normal,https://bilgewatermarket.com/assets/OGN-062-EN-BVHZyPcS.jpg,¥0.50,$0.11,,Reinforce OGN-062/298 CN ¥0.50 EN $0.11
2026-09-29T21:18:06+00:00,https://bilgewatermarket.com/cards,Spirit's Refuge,foil,0.42,https://bilgewatermarket.com/cards/OGN-063?print_variation=foiled,foiled,https://bilgewatermarket.com/assets/OGN-063-EN--kS6MLXe.jpg,¥1.10,$0.42,,Spirit's Refuge OGN-063/298 Foiled CN ¥1.10 EN $0.42
2026-09-29T21:18:06+00:00,https://bilgewatermarket.com/cards,Spirit's Refuge,nonfoil,0.15,https://bilgewatermarket.com/cards/OGN-063,normal,https://bilgewatermarket.com/assets/OGN-063-EN--kS6MLXe.jpg,¥0.63,$0.15,,Spirit's Refuge OGN-063/298 CN ¥0.63 EN $0.15
2026-09-29T21:18:06+00:00,https://bilgewatermarket.com/cards,Wind Wall,foil,1.18,https://bilgewatermarket.com/cards/OGN-064?print_variation=foiled,foiled,https://bilgewatermarket.com/assets/OGN-064-EN-BzgoIfiA.jpg,¥4.39,$1.18,,Wind Wall OGN-064/298 Foiled CN ¥4.39 EN $1.18
2026-09-29T21:18:06+00:00,https://bilgewatermarket.com/cards,Wind Wall,nonfoil,0.33,https://bilgewatermarket.com/cards/OGN-064,normal,https://bilgewatermarket.com/assets/OGN-064-EN-BzgoIfiA.jpg,¥1.53,$0.33,,Wind Wall OGN-064/298 CN ¥1.53 EN $0.33
2026-09-29T21:18:06+00:00,https://bilgewatermarket.com/cards,Wizened Elder,foil,0.28,https://bilgewatermarket.com/cards/OGN-065?print_variation=foiled,foiled,https://bilgewatermarket.com/assets/OGN-065-EN-C7EcZEhm.jpg,¥0.57,$0.28,,Wizened Elder OGN-065/298 Foiled CN ¥0.57 EN $0.28
2026-09-29T21:18:06+00:00,https://bilgewatermarket.com/cards,Wizened Elder,nonfoil,0.07,https://bilgewatermarket.com/cards/OGN-065,normal,https://bilgewatermarket.com/assets/OGN-065-EN-C7EcZEhm.jpg,¥0.50,$0.07,,Wizened Elder OGN-065/298 CN ¥0.50 EN $0.07
2026-09-29T21:18:06+00:00,https://bilgewatermarket.com/cards,"Ahri, Alluring",nonfoil,0.96,https://bilgewatermarket.com/cards/OGN-066,normal,https://bilgewatermarket.com/assets/OGN-066-EN-BY0yc6yP.jpg,¥0.53,$0.96,,"Ahri, Alluring OGN-066/298 CN ¥0.53 EN $0.96"
2026-09-29T21:18:06+00:00,https://bilgewatermarket.com/cards,"Ahri, Alluring",nonfoil,5.97,https://bilgewatermarket.com/cards/OGN-066a?print_variation=showcase,showcase,https://bilgewatermarket.com/assets/OGN-066a-EN-OC0v6VT_.jpg,¥4.47,$5.97,,"Ahri, Alluring OGN-066A/298 Showcase CN ¥4.47 EN $5.97"
2026-09-29T21:18:06+00:00,https://bilgewatermarket.com/cards,"Blitzcrank, Impassive",nonfoil,2.66,https://bilgewatermarket.com/cards/OGN-067,normal,https://bilgewatermarket.com/assets/OGN-067-EN-CgIzwKMa.jpg,¥1.76,$2.66,,"Blitzcrank, Impassive OGN-067/298 CN ¥1.76 EN $2.66"
2026-09-29T21:18:06+00:00,https://bilgewatermarket.com/cards,"Caitlyn, Patrolling",nonfoil,0.24,https://bilgewatermarket.com/cards/OGN-068,normal,https://bilgewatermarket.com/assets/OGN-068-EN-Dk6b3UNQ.jpg,¥0.50,$0.24,,"Caitlyn, Patrolling OGN-068/298 CN ¥0.50 EN $0.24"
2026-09-29T21:18:06+00:00,https://bilgewatermarket.com/cards,Last Stand,nonfoil,0.27,https://bilgewatermarket.com/cards/OGN-069,normal,https://bilgewatermarket.com/assets/OGN-069-EN-DmgW6lhG.jpg,¥0.52,$0.27,,Last Stand OGN-069/298 CN ¥0.52 EN $0.27
2026-09-29T21:18:06+00:00,https://bilgewatermarket.com/cards,Mageseeker Warden,nonfoil,0.21,https://bilgewatermarket.com/cards/OGN-070,normal,https://bilgewatermarket.com/assets/OGN-070-EN-BR4189d0.jpg,¥0.51,$0.21,,Mageseeker Warden OGN-070/298 CN ¥0.51 EN $0.21
2026-09-29T21:18:06+00:00,https://bilgewatermarket.com/cards,Party Favors,nonfoil,0.32,https://bilgewatermarket.com/cards/OGN-071,normal,https://bilgewatermarket.com/assets/OGN-071-EN-BWQurWjG.jpg,¥0.52,$0.32,,Party Favors OGN-071/298 CN ¥0.52 EN $0.32
2026-09-29T21:18:06+00:00,https://bilgewatermarket.com/cards,Solari Shrine,nonfoil,0.14,https://bilgewatermarket.com/cards/OGN-072,normal,https://bilgewatermarket.com/assets/OGN-072-EN-CADYZPrn.jpg,¥0.51,$0.14,,Solari Shrine OGN-072/298 CN ¥0.51 EN $0.14
2026-09-29T21:18:06+00:00,https://bilgewatermarket.com/cards,"Sona, Harmonious",nonfoil,1.57,https://bilgewatermarket.com/cards/OGN-073,normal,https://bilgewatermarket.com/assets/OGN-073-EN-DChVgKOm.jpg,¥3.80,$1.57,,"Sona, Harmonious OGN-073/298 CN ¥3.80 EN $1.57"
2026-09-29T21:18:06+00:00,https://bilgewatermarket.com/cards,"Taric, Protector",nonfoil,0.29,https://bilgewatermarket.com/cards/OGN-074,normal,https://bilgewatermarket.com/assets/OGN-074-EN-BVr5C19U.jpg,¥0.55,$0.29,,"Taric, Protector OGN-074/298 CN ¥0.55 EN $0.29"
2026-09-29T21:18:06+00:00,https://bilgewatermarket.com/cards,Tasty Faefolk,nonfoil,0.67,https://bilgewatermarket.com/cards/OGN-075,normal,https://bilgewatermarket.com/assets/OGN-075-EN-DFI4LRcK.jpg,¥3.05,$0.67,,Tasty Faefolk OGN-075/298 CN ¥3.05 EN $0.67
2026-09-29T21:18:06+00:00,https://bilgewatermarket.com/cards,"Yasuo, Remorseful",nonfoil,0.31,https://bilgewatermarket.com/cards/OGN-076,normal,https://bilgewatermarket.com/assets/OGN-076-EN-DrNNyzed.jpg,¥0.51,$0.31,,"Yasuo, Remorseful OGN-076/298 CN ¥0.51 EN $0.31"
2026-09-29T21:18:06+00:00,https://bilgewatermarket.com/cards,"Yasuo, Remorseful",nonfoil,2.38,https://bilgewatermarket.com/cards/OGN-076a?print_variation=showcase,showcase,https://bilgewatermarket.com/assets/OGN-076a-EN-DmEikyT8.jpg,¥3.99,$2.38,,"Yasuo, Remorseful OGN-076A/298 Showcase CN ¥3.99 EN $2.38"
2026-09-29T21:18:06+00:00,https://bilgewatermarket.com/cards,Zhonya's Hourglass,nonfoil,16.30,https://bilgewatermarket.com/cards/OGN-077,normal,https://bilgewatermarket.com/assets/OGN-077-EN-Zf5_XWjb.jpg,¥16.25,$16.30,,Zhonya's Hourglass OGN-077/298 CN ¥16.25 EN $16.30
2026-09-29T21:18:06+00:00,https://bilgewatermarket.com/cards,"Lee Sin, Ascetic",nonfoil,0.63,https://bilgewatermarket.com/cards/OGN-078,normal,https://bilgewatermarket.com/assets/OGN-078-EN-CZaJpprN.jpg,¥0.75,$0.63,,"Lee Sin, Ascetic OGN-078/298 CN ¥0.75 EN $0.63"
2026-09-29T21:18:06+00:00,https://bilgewatermarket.com/cards,"Lee Sin, Ascetic",nonfoil,4.82,https://bilgewatermarket.com/cards/OGN-078a?print_variation=showcase,showcase,https://bilgewatermarket.com/assets/OGN-078a-EN-Di8r7jOp.jpg,¥3.80,$4.82,,"Lee Sin, Ascetic OGN-078A/298 Showcase CN ¥3.80 EN $4.82"
2026-09-29T21:18:06+00:00,https://bilgewatermarket.com/cards,"Leona, Zealot",nonfoil,1.86,https://bilgewatermarket.com/cards/OGN-079,normal,https://bilgewatermarket.com/assets/OGN-079-EN-BoBjRdXU.jpg,¥1.26,$1.86,,"Leona, Zealot OGN-079/298 CN ¥1.26 EN $1.86"
2026-09-29T21:18:06+00:00,https://bilgewatermarket.com/cards,"Leona, Zealot",nonfoil,7.12,https://bilgewatermarket.com/cards/OGN-079a?print_variation=showcase,showcase,https://bilgewatermarket.com/assets/OGN-079a-EN-CB28OBJG.jpg,¥4.25,$7.12,,"Leona, Zealot OGN-079A/298 Showcase CN ¥4.25 EN $7.12"
2026-09-29T21:18:06+00:00,https://bilgewatermarket.com/cards,Mystic Reversal,nonfoil,1.08,https://bilgewatermarket.com/cards/OGN-080,normal,https://bilgewatermarket.com/assets/OGN-080-EN-2k_apxx5.jpg,¥4.31,$1.08,,Mystic Reversal OGN-080/298 CN ¥4.31 EN $1.08
2026-09-29T21:18:06+00:00,https://bilgewatermarket.com/cards,Seal of Focus,nonfoil,18.17,https://bilgewatermarket.com/cards/OGN-081,normal,https://bilgewatermarket.com/assets/OGN-081-EN-Dr8YMMHZ.jpg,¥35.39,$18.17,,Seal of Focus OGN-081/298 CN ¥35.39 EN $18.17
2026-09-29T21:18:06+00:00,https://bilgewatermarket.com/cards,Whiteflame Protector,nonfoil,3.34,https://bilgewatermarket.com/cards/OGN-082,normal,https://bilgewatermarket.com/assets/OGN-082-EN-DVApG5EI.jpg,¥35.15,$3.34,,Whiteflame Protector OGN-082/298 CN ¥35.15 EN $3.34
2026-09-29T21:18:06+00:00,https://bilgewatermarket.com/cards,Consult the Past,foil,0.47,https://bilgewatermarket.com/cards/OGN-083?print_variation=foiled,foiled,https://bilgewatermarket.com/assets/OGN-083-EN-DhpnLxfd.jpg,¥1.44,$0.47,,Consult the Past OGN-083/298 Foiled CN ¥1.44 EN $0.47
2026-09-29T21:18:06+00:00,https://bilgewatermarket.com/cards,Consult the Past,nonfoil,0.20,https://bilgewatermarket.com/cards/OGN-083,normal,https://bilgewatermarket.com/assets/OGN-083-EN-DhpnLxfd.jpg,¥0.51,$0.20,,Consult the Past OGN-083/298 CN ¥0.51 EN $0.20
2026-09-29T21:18:06+00:00,https://bilgewatermarket.com/cards,Eager Apprentice,foil,0.23,https://bilgewatermarket.com/cards/OGN-084?print_variation=foiled,foiled,https://bilgewatermarket.com/assets/OGN-084-EN-BifUH9J9.jpg,¥0.79,$0.23,,Eager Apprentice OGN-084/298 Foiled CN ¥0.79 EN $0.23
2026-09-29T21:18:06+00:00,https://bilgewatermarket.com/cards,Eager Apprentice,nonfoil,0.06,https://bilgewatermarket.com/cards/OGN-084,normal,https://bilgewatermarket.com/assets/OGN-084-EN-BifUH9J9.jpg,¥0.50,$0.06,,Eager Apprentice OGN-084/298 CN ¥0.50 EN $0.06
2026-09-29T21:18:06+00:00,https://bilgewatermarket.com/cards,Falling Comet,foil,0.33,https://bilgewatermarket.com/cards/OGN-085?print_variation=foiled,foiled,https://bilgewatermarket.com/assets/OGN-085-EN-DzWhD4WI.jpg,¥0.53,$0.33,,Falling Comet OGN-085/298 Foiled CN ¥0.53 EN $0.33
2026-09-29T21:18:06+00:00,https://bilgewatermarket.com/cards,Falling Comet,nonfoil,0.12,https://bilgewatermarket.com/cards/OGN-085,normal,https://bilgewatermarket.com/assets/OGN-085-EN-DzWhD4WI.jpg,¥0.51,$0.12,,Falling Comet OGN-085/298 CN ¥0.51 EN $0.12
2026-09-29T21:18:06+00:00,https://bilgewatermarket.com/cards,Jeweled Colossus,foil,0.14,https://bilgewatermarket.com/cards/OGN-086?print_variation=foiled,foiled,https://bilgewatermarket.com/assets/OGN-086-EN-DYNY-eHf.jpg,¥0.50,$0.14,,Jeweled Colossus OGN-086/298 Foiled CN ¥0.50 EN $0.14
2026-09-29T21:18:06+00:00,https://bilgewatermarket.com/cards,Jeweled Colossus,nonfoil,0.02,https://bilgewatermarket.com/cards/OGN-086,normal,https://bilgewatermarket.com/assets/OGN-086-EN-DYNY-eHf.jpg,¥0.50,$0.02,,Jeweled Colossus OGN-086/298 CN ¥0.50 EN $0.02
2026-09-29T21:18:06+00:00,https://bilgewatermarket.com/cards,Lecturing Yordle,foil,0.52,https://bilgewatermarket.com/cards/OGN-087?print_variation=foiled,foiled,https://bilgewatermarket.com/assets/OGN-087-EN-DGBNwcDu.jpg,¥1.32,$0.52,,Lecturing Yordle OGN-087/298 Foiled CN ¥1.32 EN $0.52
2026-09-29T21:18:06+00:00,https://bilgewatermarket.com/cards,Lecturing Yordle,nonfoil,0.13,https://bilgewatermarket.com/cards/OGN-087,normal,https://bilgewatermarket.com/assets/OGN-087-EN-DGBNwcDu.jpg,¥0.53,$0.13,,Lecturing Yordle OGN-087/298 CN ¥0.53 EN $0.13
2026-09-29T21:18:06+00:00,https://bilgewatermarket.com/cards,Mega-Mech,foil,0.16,https://bilgewatermarket.com/cards/OGN-088?print_variation=foiled,foiled,https://bilgewatermarket.com/assets/OGN-088-EN-TD_Etx_k.jpg,¥0.69,$0.16,,Mega-Mech OGN-088/298 Foiled CN ¥0.69 EN $0.16
2026-09-29T21:18:06+00:00,https://bilgewatermarket.com/cards,Mega-Mech,nonfoil,0.05,https://bilgewatermarket.com/cards/OGN-088,normal,https://bilgewatermarket.com/assets/OGN-088-EN-TD_Etx_k.jpg,¥0.50,$0.05,,Mega-Mech OGN-088/298 CN ¥0.50 EN $0.05
2026-09-29T21:18:06+00:00,https://bilgewatermarket.com/cards,Mind Rune,nonfoil,0.11,https://bilgewatermarket.com/cards/OGN-089,normal,https://bilgewatermarket.com/assets/OGN-089-EN-DHoWUue_.jpg,¥0.50,$0.11,,Mind Rune OGN-089/298 CN ¥0.50 EN $0.11
2026-09-29T21:18:06+00:00,https://bilgewatermarket.com/cards,Mind Rune,nonfoil,4.98,https://bilgewatermarket.com/cards/OGN-089a?print_variation=showcase,showcase,https://bilgewatermarket.com/assets/OGN-089a-EN-DYFStnqJ.jpg,¥36.97,$4.98,,Mind Rune OGN-089A/298 Showcase CN ¥36.97 EN $4.98
2026-09-29T21:18:06+00:00,https://bilgewatermarket.com/cards,Orb of Regret,foil,0.20,https://bilgewatermarket.com/cards/OGN-090?print_variation=foiled,foiled,https://bilgewatermarket.com/assets/OGN-090-EN-CeXD-Fvm.jpg,¥0.59,$0.20,,Orb of Regret OGN-090/298 Foiled CN ¥0.59 EN $0.20
2026-09-29T21:18:06+00:00,https://bilgewatermarket.com/cards,Orb of Regret,nonfoil,0.10,https://bilgewatermarket.com/cards/OGN-090,normal,https://bilgewatermarket.com/assets/OGN-090-EN-CeXD-Fvm.jpg,¥0.50,$0.10,,Orb of Regret OGN-090/298 CN ¥0.50 EN $0.10
2026-09-29T21:18:06+00:00,https://bilgewatermarket.com/cards,Pit Crew,foil,0.52,https://bilgewatermarket.com/cards/OGN-091?print_variation=foiled,foiled,https://bilgewatermarket.com/assets/OGN-091-EN-BUVRYDzB.jpg,¥0.67,$0.52,,Pit Crew OGN-091/298 Foiled CN ¥0.67 EN $0.52
2026-09-29T21:18:06+00:00,https://bilgewatermarket.com/cards,Pit Crew,nonfoil,0.20,https://bilgewatermarket.com/cards/OGN-091,normal,https://bilgewatermarket.com/assets/OGN-091-EN-BUVRYDzB.jpg,¥0.51,$0.20,,Pit Crew OGN-091/298 CN ¥0.51 EN $0.20
2026-09-29T21:18:06+00:00,https://bilgewatermarket.com/cards,Riptide Rex,foil,0.24,https://bilgewatermarket.com/cards/OGN-092?print_variation=foiled,foiled,https://bilgewatermarket.com/assets/OGN-092-EN-DPuXx4Kn.jpg,¥0.53,$0.24,,Riptide Rex OGN-092/298 Foiled CN ¥0.53 EN $0.24
2026-09-29T21:18:06+00:00,https://bilgewatermarket.com/cards,Riptide Rex,nonfoil,0.11,https://bilgewatermarket.com/cards/OGN-092,normal,https://bilgewatermarket.com/assets/OGN-092-EN-DPuXx4Kn.jpg,¥0.53,$0.11,,Riptide Rex OGN-092/298 CN ¥0.53 EN $0.11
2026-09-29T21:18:06+00:00,https://bilgewatermarket.com/cards,Smoke Screen,foil,0.77,https://bilgewatermarket.com/cards/OGN-093?print_variation=foiled,foiled,https://bilgewatermarket.com/assets/OGN-093-EN-0MXm5THl.jpg,¥1.66,$0.77,,Smoke Screen OGN-093/298 Foiled CN ¥1.66 EN $0.77
2026-09-29T21:18:06+00:00,https://bilgewatermarket.com/cards,Smoke Screen,nonfoil,0.17,https://bilgewatermarket.com/cards/OGN-093,normal,https://bilgewatermarket.com/assets/OGN-093-EN-0MXm5THl.jpg,¥0.52,$0.17,,Smoke Screen OGN-093/298 CN ¥0.52 EN $0.17
2026-09-29T21:18:06+00:00,https://bilgewatermarket.com/cards,Sprite Call,foil,0.34,https://bilgewatermarket.com/cards/OGN-094?print_variation=foiled,foiled,https://bilgewatermarket.com/assets/OGN-094-EN-BwyfJ_lY.jpg,¥0.61,$0.34,,Sprite Call OGN-094/298 Foiled CN ¥0.61 EN $0.34
2026-09-29T21:18:06+00:00,https://bilgewatermarket.com/cards,Sprite Call,nonfoil,0.14,https://bilgewatermarket.com/cards/OGN-094,normal,https://bilgewatermarket.com/assets/OGN-094-EN-BwyfJ_lY.jpg,¥0.50,$0.14,,Sprite Call OGN-094/298 CN ¥0.50 EN $0.14
2026-09-29T21:18:06+00:00,https://bilgewatermarket.com/cards,Stupefy,foil,1.03,https://bilgewatermarket.com/cards/OGN-095?print_variation=foiled,foiled,https://bilgewatermarket.com/assets/OGN-095-EN-CtNr8Slm.jpg,¥4.88,$1.03,,Stupefy OGN-095/298 Foiled CN ¥4.88 EN $1.03
2026-09-29T21:18:06+00:00,https://bilgewatermarket.com/cards,Stupefy,nonfoil,0.25,https://bilgewatermarket.com/cards/OGN-095,normal,https://bilgewatermarket.com/assets/OGN-095-EN-CtNr8Slm.jpg,¥0.60,$0.25,,Stupefy OGN-095/298 CN ¥0.60 EN $0.25
2026-09-29T21:18:06+00:00,https://bilgewatermarket.com/cards,Watchful Sentry,foil,1.48,https://bilgewatermarket.com/cards/OGN-096?print_variation=foiled,foiled,https://bilgewatermarket.com/assets/OGN-096-EN-B9kIqTtT.jpg,¥1.92,$1.48,,Watchful Sentry OGN-096/298 Foiled CN ¥1.92 EN $1.48
2026-09-29T21:18:06+00:00,https://bilgewatermarket.com/cards,Watchful Sentry,nonfoil,0.14,https://bilgewatermarket.com/cards/OGN-096,normal,https://bilgewatermarket.com/assets/OGN-096-EN-B9kIqTtT.jpg,¥0.53,$0.14,,Watchful Sentry OGN-096/298 CN ¥0.53 EN $0.14
2026-09-29T21:18:06+00:00,https://bilgewatermarket.com/cards,Blastcone Fae,foil,0.38,https://bilgewatermarket.com/cards/OGN-097?print_variation=foiled,foiled,https://bilgewatermarket.com/assets/OGN-097-EN-B_XweSz_.jpg,¥2.01,$0.38,,Blastcone Fae OGN-097/298 Foiled CN ¥2.01 EN $0.38
2026-09-29T21:18:06+00:00,https://bilgewatermarket.com/cards,Blastcone Fae,nonfoil,0.15,https://bilgewatermarket.com/cards/OGN-097,normal,https://bilgewatermarket.com/assets/OGN-097-EN-B_XweSz_.jpg,¥0.55,$0.15,,Blastcone Fae OGN-097/298 CN ¥0.55 EN $0.15
2026-09-29T21:18:06+00:00,https://bilgewatermarket.com/cards,Energy Conduit,foil,0.39,https://bilgewatermarket.com/cards/OGN-098?print_variation=foiled,foiled,https://bilgewatermarket.com/assets/OGN-098-EN-C8n-X9rF.jpg,¥1.52,$0.39,,Energy Conduit OGN-098/298 Foiled CN ¥1.52 EN $0.39
2026-09-29T21:18:06+00:00,https://bilgewatermarket.com/cards,Energy Conduit,nonfoil,0.15,https://bilgewatermarket.com/cards/OGN-098,normal,https://bilgewatermarket.com/assets/OGN-098-EN-C8n-X9rF.jpg,¥0.53,$0.15,,Energy Conduit OGN-098/298 CN ¥0.53 EN $0.15
2026-09-29T21:18:06+00:00,https://bilgewatermarket.com/cards,Garbage Grabber,foil,1.35,https://bilgewatermarket.com/cards/OGN-099?print_variation=foiled,foiled,https://bilgewatermarket.com/assets/OGN-099-EN-B-yEh45K.jpg,¥1.31,$1.35,,Garbage Grabber OGN-099/298 Foiled CN ¥1.31 EN $1.35
2026-09-29T21:18:06+00:00,https://bilgewatermarket.com/cards,Garbage Grabber,nonfoil,0.23,https://bilgewatermarket.com/cards/OGN-099,normal,https://bilgewatermarket.com/assets/OGN-099-EN-B-yEh45K.jpg,¥0.58,$0.23,,Garbage Grabber OGN-099/298 CN ¥0.58 EN $0.23
2026-09-29T21:18:06+00:00,https://bilgewatermarket.com/cards,Gemcraft Seer,foil,0.25,https://bilgewatermarket.com/cards/OGN-100?print_variation=foiled,foiled,https://bilgewatermarket.com/assets/OGN-100-EN-DxjLdwzc.jpg,¥0.50,$0.25,,Gemcraft Seer OGN-100/298 Foiled CN ¥0.50 EN $0.25
2026-09-29T21:18:06+00:00,https://bilgewatermarket.com/cards,Gemcraft Seer,nonfoil,0.10,https://bilgewatermarket.com/cards/OGN-100,normal,https://bilgewatermarket.com/assets/OGN-100-EN-DxjLdwzc.jpg,¥0.50,$0.10,,Gemcraft Seer OGN-100/298 CN ¥0.50 EN $0.10
2026-09-29T21:18:06+00:00,https://bilgewatermarket.com/cards,Mushroom Pouch,foil,0.34,https://bilgewatermarket.com/cards/OGN-101?print_variation=foiled,foiled,https://bilgewatermarket.com/assets/OGN-101-EN-CWwCEjEI.jpg,¥0.53,$0.34,,Mushroom Pouch OGN-101/298 Foiled CN ¥0.53 EN $0.34
2026-09-29T21:18:06+00:00,https://bilgewatermarket.com/cards,Mushroom Pouch,nonfoil,0.13,https://bilgewatermarket.com/cards/OGN-101,normal,https://bilgewatermarket.com/assets/OGN-101-EN-CWwCEjEI.jpg,¥0.50,$0.13,,Mushroom Pouch OGN-101/298 CN ¥0.50 EN $0.13
2026-09-29T21:18:06+00:00,https://bilgewatermarket.com/cards,Portal Rescue,foil,0.34,https://bilgewatermarket.com/cards/OGN-102?print_variation=foiled,foiled,https://bilgewatermarket.com/assets/OGN-102-EN-BR2MQkl0.jpg,¥1.57,$0.34,,Portal Rescue OGN-102/298 Foiled CN ¥1.57 EN $0.34
2026-09-29T21:18:06+00:00,https://bilgewatermarket.com/cards,Portal Rescue,nonfoil,0.17,https://bilgewatermarket.com/cards/OGN-102,normal,https://bilgewatermarket.com/assets/OGN-102-EN-BR2MQkl0.jpg,¥0.55,$0.17,,Portal Rescue OGN-102/298 CN ¥0.55 EN $0.17
2026-09-29T21:18:06+00:00,https://bilgewatermarket.com/cards,Ravenbloom Student,foil,0.57,https://bilgewatermarket.com/cards/OGN-103?print_variation=foiled,foiled,https://bilgewatermarket.com/assets/OGN-103-EN-DeYVHEQI.jpg,¥5.48,$0.57,,Ravenbloom Student OGN-103/298 Foiled CN ¥5.48 EN $0.57
2026-09-29T21:18:06+00:00,https://bilgewatermarket.com/cards,Ravenbloom Student,nonfoil,0.24,https://bilgewatermarket.com/cards/OGN-103,normal,https://bilgewatermarket.com/assets/OGN-103-EN-DeYVHEQI.jpg,¥1.26,$0.24,,Ravenbloom Student OGN-103/298 CN ¥1.26 EN $0.24
2026-09-29T21:18:06+00:00,https://bilgewatermarket.com/cards,Retreat,foil,2.63,https://bilgewatermarket.com/cards/OGN-104?print_variation=foiled,foiled,https://bilgewatermarket.com/assets/OGN-104-EN-RYDY4hXn.jpg,¥6.63,$2.63,,Retreat OGN-104/298 Foiled CN ¥6.63 EN $2.63
2026-09-29T21:18:06+00:00,https://bilgewatermarket.com/cards,Retreat,nonfoil,0.65,https://bilgewatermarket.com/cards/OGN-104,normal,https://bilgewatermarket.com/assets/OGN-104-EN-RYDY4hXn.jpg,¥3.00,$0.65,,Retreat OGN-104/298 CN ¥3.00 EN $0.65
2026-09-29T21:18:06+00:00,https://bilgewatermarket.com/cards,Singularity,foil,3.83,https://bilgewatermarket.com/cards/OGN-105?print_variation=foiled,foiled,https://bilgewatermarket.com/assets/OGN-105-EN--OTQ4mof.jpg,¥7.61,$3.83,,Singularity OGN-105/298 Foiled CN ¥7.61 EN $3.83
2026-09-29T21:18:06+00:00,https://bilgewatermarket.com/cards,Singularity,nonfoil,0.72,https://bilgewatermarket.com/cards/OGN-105,normal,https://bilgewatermarket.com/assets/OGN-105-EN--OTQ4mof.jpg,¥1.95,$0.72,,Singularity OGN-105/298 CN ¥1.95 EN $0.72
2026-09-29T21:18:06+00:00,https://bilgewatermarket.com/cards,Sprite Mother,foil,0.51,https://bilgewatermarket.com/cards/OGN-106?print_variation=foiled,foiled,https://bilgewatermarket.com/assets/OGN-106-EN-DR2N5mxI.jpg,¥2.34,$0.51,,Sprite Mother OGN-106/298 Foiled CN ¥2.34 EN $0.51
2026-09-29T21:18:06+00:00,https://bilgewatermarket.com/cards,Sprite Mother,nonfoil,0.21,https://bilgewatermarket.com/cards/OGN-106,normal,https://bilgewatermarket.com/assets/OGN-106-EN-DR2N5mxI.jpg,¥1.31,$0.21,,Sprite Mother OGN-106/298 CN ¥1.31 EN $0.21
2026-09-29T21:18:06+00:00,https://bilgewatermarket.com/cards,Ava Achiever,nonfoil,0.24,https://bilgewatermarket.com/cards/OGN-107,normal,https://bilgewatermarket.com/assets/OGN-107-EN-CPwOAp73.jpg,¥0.51,$0.24,,Ava Achiever OGN-107/298 CN ¥0.51 EN $0.24
2026-09-29T21:18:06+00:00,https://bilgewatermarket.com/cards,Convergent Mutation,nonfoil,0.16,https://bilgewatermarket.com/cards/OGN-108,normal,https://bilgewatermarket.com/assets/OGN-108-EN-hFPCUCet.jpg,¥0.60,$0.16,,Convergent Mutation OGN-108/298 CN ¥0.60 EN $0.16
2026-09-29T21:18:06+00:00,https://bilgewatermarket.com/cards,"Dr. Mundo, Expert",nonfoil,0.33,https://bilgewatermarket.com/cards/OGN-109,normal,https://bilgewatermarket.com/assets/OGN-109-EN-Cv8u59f1.jpg,¥1.60,$0.33,,"Dr. Mundo, Expert OGN-109/298 CN ¥1.60 EN $0.33"
2026-09-29T21:18:06+00:00,https://bilgewatermarket.com/cards,"Ekko, Recurrent",nonfoil,0.58,https://bilgewatermarket.com/cards/OGN-110,normal,https://bilgewatermarket.com/assets/OGN-110-EN-CB0FSRr-.jpg,¥1.17,$0.58,,"BANNED Ekko, Recurrent OGN-110/298 CN ¥1.17 EN $0.58"
2026-09-29T21:18:06+00:00,https://bilgewatermarket.com/cards,"Heimerdinger, Inventor",nonfoil,0.43,https://bilgewatermarket.com/cards/OGN-111,normal,https://bilgewatermarket.com/assets/OGN-111-EN-UiOUfm7b.jpg,¥0.55,$0.43,,"Heimerdinger, Inventor OGN-111/298 CN ¥0.55 EN $0.43"
2026-09-29T21:18:06+00:00,https://bilgewatermarket.com/cards,"Kai'Sa, Evolutionary",nonfoil,0.38,https://bilgewatermarket.com/cards/OGN-112,normal,https://bilgewatermarket.com/assets/OGN-112-EN-pR5YQL4o.jpg,¥0.63,$0.38,,"Kai'Sa, Evolutionary OGN-112/298 CN ¥0.63 EN $0.38"
2026-09-29T21:18:06+00:00,https://bilgewatermarket.com/cards,"Kai'Sa, Evolutionary",nonfoil,3.54,https://bilgewatermarket.com/cards/OGN-112a?print_variation=showcase,showcase,https://bilgewatermarket.com/assets/OGN-112a-EN-BZk0gc8u.jpg,¥3.00,$3.54,,"Kai'Sa, Evolutionary OGN-112A/298 Showcase CN ¥3.00 EN $3.54"
2026-09-29T21:18:06+00:00,https://bilgewatermarket.com/cards,"Malzahar, Fanatic",nonfoil,0.28,https://bilgewatermarket.com/cards/OGN-113,normal,https://bilgewatermarket.com/assets/OGN-113-EN-C8ucMBPU.jpg,¥0.50,$0.28,,"Malzahar, Fanatic OGN-113/298 CN ¥0.50 EN $0.28"
2026-09-29T21:18:06+00:00,https://bilgewatermarket.com/cards,Progress Day,nonfoil,0.71,https://bilgewatermarket.com/cards/OGN-114,normal,https://bilgewatermarket.com/assets/OGN-114-EN-CHuZmDpj.jpg,¥2.16,$0.71,,Progress Day OGN-114/298 CN ¥2.16 EN $0.71
2026-09-29T21:18:06+00:00,https://bilgewatermarket.com/cards,Promising Future,nonfoil,0.98,https://bilgewatermarket.com/cards/OGN-115,normal,https://bilgewatermarket.com/assets/OGN-115-EN-DIpKJGn_.jpg,¥0.81,$0.98,,Promising Future OGN-115/298 CN ¥0.81 EN $0.98
2026-09-29T21:18:06+00:00,https://bilgewatermarket.com/cards,Thousand-Tailed Watcher,nonfoil,20.00,https://bilgewatermarket.com/cards/OGN-116,normal,https://bilgewatermarket.com/assets/OGN-116-EN-C_i1kvXr.jpg,¥33.11,$20.00,,Thousand-Tailed Watcher OGN-116/298 CN ¥33.11 EN $20.00
2026-09-29T21:18:06+00:00,https://bilgewatermarket.com/cards,"Viktor, Innovator",nonfoil,0.22,https://bilgewatermarket.com/cards/OGN-117,normal,https://bilgewatermarket.com/assets/OGN-117-EN-BxNsPZZV.jpg,¥0.51,$0.22,,"Viktor, Innovator OGN-117/298 CN ¥0.51 EN $0.22"
2026-09-29T21:18:06+00:00,https://bilgewatermarket.com/cards,"Viktor, Innovator",nonfoil,1.23,https://bilgewatermarket.com/cards/OGN-117a?print_variation=showcase,showcase,https://bilgewatermarket.com/assets/OGN-117a-EN-CSsqftUO.jpg,¥2.92,$1.23,,"Viktor, Innovator OGN-117A/298 Showcase CN ¥2.92 EN $1.23"
2026-09-29T21:18:06+00:00,https://bilgewatermarket.com/cards,Wraith of Echoes,nonfoil,0.20,https://bilgewatermarket.com/cards/OGN-118,normal,https://bilgewatermarket.com/assets/OGN-118-EN-BmNFAs5c.jpg,¥0.50,$0.20,,Wraith of Echoes OGN-118/298 CN ¥0.50 EN $0.20
2026-09-29T21:18:06+00:00,https://bilgewatermarket.com/cards,"Ahri, Inquisitive",nonfoil,6.95,https://bilgewatermarket.com/cards/OGN-119,normal,https://bilgewatermarket.com/assets/OGN-119-EN-B_QdSctH.jpg,¥2.74,$6.95,,"Ahri, Inquisitive OGN-119/298 CN ¥2.74 EN $6.95"
2026-09-29T21:18:06+00:00,https://bilgewatermarket.com/cards,"Ahri, Inquisitive",nonfoil,12.96,https://bilgewatermarket.com/cards/OGN-119a?print_variation=showcase,showcase,https://bilgewatermarket.com/assets/OGN-119a-EN-dPXgEKTC.jpg,¥5.76,$12.96,,"Ahri, Inquisitive OGN-119A/298 Showcase CN ¥5.76 EN $12.96"
2026-09-29T21:18:06+00:00,https://bilgewatermarket.com/cards,Seal of Insight,nonfoil,15.02,https://bilgewatermarket.com/cards/OGN-120,normal,https://bilgewatermarket.com/assets/OGN-120-EN-aU9mGTwU.jpg,¥29.62,$15.02,,Seal of Insight OGN-120/298 CN ¥29.62 EN $15.02
2026-09-29T21:18:06+00:00,https://bilgewatermarket.com/cards,"Teemo, Strategist",nonfoil,3.36,https://bilgewatermarket.com/cards/OGN-121,normal,https://bilgewatermarket.com/assets/OGN-121-EN-fCse2wPS.jpg,¥2.44,$3.36,,"Teemo, Strategist OGN-121/298 CN ¥2.44 EN $3.36"
2026-09-29T21:18:06+00:00,https://bilgewatermarket.com/cards,"Teemo, Strategist",nonfoil,6.14,https://bilgewatermarket.com/cards/OGN-121a?print_variation=showcase,showcase,https://bilgewatermarket.com/assets/OGN-121a-EN-7BAOu3Lo.jpg,¥4.44,$6.14,,"Teemo, Strategist OGN-121A/298 Showcase CN ¥4.44 EN $6.14"
2026-09-29T21:18:06+00:00,https://bilgewatermarket.com/cards,Time Warp,nonfoil,42.81,https://bilgewatermarket.com/cards/OGN-122,normal,https://bilgewatermarket.com/assets/OGN-122-EN-CYpJs5oO.jpg,¥131.41,$42.81,,Time Warp OGN-122/298 CN ¥131.41 EN $42.81
2026-09-29T21:18:06+00:00,https://bilgewatermarket.com/cards,Unchecked Power,nonfoil,25.57,https://bilgewatermarket.com/cards/OGN-123,normal,https://bilgewatermarket.com/assets/OGN-123-EN-3Jsq-3TO.jpg,¥46.45,$25.57,,Unchecked Power OGN-123/298 CN ¥46.45 EN $25.57
2026-09-29T21:18:06+00:00,https://bilgewatermarket.com/cards,Arena Bar,foil,0.26,https://bilgewatermarket.com/cards/OGN-124?print_variation=foiled,foiled,https://bilgewatermarket.com/assets/OGN-124-EN-Bn1RLhXM.jpg,¥0.51,$0.26,,Arena Bar OGN-124/298 Foiled CN ¥0.51 EN $0.26
2026-09-29T21:18:06+00:00,https://bilgewatermarket.com/cards,Arena Bar,nonfoil,0.11,https://bilgewatermarket.com/cards/OGN-124,normal,https://bilgewatermarket.com/assets/OGN-124-EN-Bn1RLhXM.jpg,¥0.50,$0.11,,Arena Bar OGN-124/298 CN ¥0.50 EN $0.11
2026-09-29T21:18:06+00:00,https://bilgewatermarket.com/cards,Bilgewater Bully,foil,0.15,https://bilgewatermarket.com/cards/OGN-125?print_variation=foiled,foiled,https://bilgewatermarket.com/assets/OGN-125-EN-Y539j_E7.jpg,¥0.50,$0.15,,Bilgewater Bully OGN-125/298 Foiled CN ¥0.50 EN $0.15
2026-09-29T21:18:06+00:00,https://bilgewatermarket.com/cards,Bilgewater Bully,nonfoil,0.03,https://bilgewatermarket.com/cards/OGN-125,normal,https://bilgewatermarket.com/assets/OGN-125-EN-Y539j_E7.jpg,¥0.30,$0.03,,Bilgewater Bully OGN-125/298 CN ¥0.30 EN $0.03
2026-09-29T21:18:06+00:00,https://bilgewatermarket.com/cards,Body Rune,nonfoil,0.12,https://bilgewatermarket.com/cards/OGN-126,normal,https://bilgewatermarket.com/assets/OGN-126-EN-p6xwSh2v.jpg,¥0.52,$0.12,,Body Rune OGN-126/298 CN ¥0.52 EN $0.12
2026-09-29T21:18:06+00:00,https://bilgewatermarket.com/cards,Body Rune,nonfoil,3.15,https://bilgewatermarket.com/cards/OGN-126a?print_variation=showcase,showcase,https://bilgewatermarket.com/assets/OGN-126a-EN-Bg9cEDnt.jpg,¥26.78,$3.15,,Body Rune OGN-126A/298 Showcase CN ¥26.78 EN $3.15
2026-09-29T21:18:06+00:00,https://bilgewatermarket.com/cards,Cannon Barrage,foil,0.21,https://bilgewatermarket.com/cards/OGN-127?print_variation=foiled,foiled,https://bilgewatermarket.com/assets/OGN-127-EN-CRCmlV7f.jpg,¥0.57,$0.21,,Cannon Barrage OGN-127/298 Foiled CN ¥0.57 EN $0.21
2026-09-29T21:18:06+00:00,https://bilgewatermarket.com/cards,Cannon Barrage,nonfoil,0.10,https://bilgewatermarket.com/cards/OGN-127,normal,https://bilgewatermarket.com/assets/OGN-127-EN-CRCmlV7f.jpg,¥0.50,$0.10,,Cannon Barrage OGN-127/298 CN ¥0.50 EN $0.10
2026-09-29T21:18:06+00:00,https://bilgewatermarket.com/cards,Challenge,foil,0.58,https://bilgewatermarket.com/cards/OGN-128?print_variation=foiled,foiled,https://bilgewatermarket.com/assets/OGN-128-EN-C2aYTblP.jpg,¥2.46,$0.58,,Challenge OGN-128/298 Foiled CN ¥2.46 EN $0.58
2026-09-29T21:18:06+00:00,https://bilgewatermarket.com/cards,Challenge,nonfoil,0.22,https://bilgewatermarket.com/cards/OGN-128,normal,https://bilgewatermarket.com/assets/OGN-128-EN-C2aYTblP.jpg,¥0.56,$0.22,,Challenge OGN-128/298 CN ¥0.56 EN $0.22
2026-09-29T21:18:06+00:00,https://bilgewatermarket.com/cards,Confront,foil,0.27,https://bilgewatermarket.com/cards/OGN-129?print_variation=foiled,foiled,https://bilgewatermarket.com/assets/OGN-129-EN-DfsM32NF.jpg,¥1.27,$0.27,,Confront OGN-129/298 Foiled CN ¥1.27 EN $0.27
2026-09-29T21:18:06+00:00,https://bilgewatermarket.com/cards,Confront,nonfoil,0.09,https://bilgewatermarket.com/cards/OGN-129,normal,https://bilgewatermarket.com/assets/OGN-129-EN-DfsM32NF.jpg,¥0.56,$0.09,,Confront OGN-129/298 CN ¥0.56 EN $0.09
2026-09-29T21:18:06+00:00,https://bilgewatermarket.com/cards,Crackshot Corsair,foil,0.14,https://bilgewatermarket.com/cards/OGN-130?print_variation=foiled,foiled,https://bilgewatermarket.com/assets/OGN-130-EN-CzuhMf0J.jpg,¥0.50,$0.14,,Crackshot Corsair OGN-130/298 Foiled CN ¥0.50 EN $0.14
2026-09-29T21:18:06+00:00,https://bilgewatermarket.com/cards,Crackshot Corsair,nonfoil,0.06,https://bilgewatermarket.com/cards/OGN-130,normal,https://bilgewatermarket.com/assets/OGN-130-EN-CzuhMf0J.jpg,¥0.50,$0.06,,Crackshot Corsair OGN-130/298 CN ¥0.50 EN $0.06
2026-09-29T21:18:06+00:00,https://bilgewatermarket.com/cards,Dune Drake,foil,0.28,https://bilgewatermarket.com/cards/OGN-131?print_variation=foiled,foiled,https://bilgewatermarket.com/assets/OGN-131-EN-DPt8LDDy.jpg,¥0.50,$0.28,,Dune Drake OGN-131/298 Foiled CN ¥0.50 EN $0.28
2026-09-29T21:18:06+00:00,https://bilgewatermarket.com/cards,Dune Drake,nonfoil,0.07,https://bilgewatermarket.com/cards/OGN-131,normal,https://bilgewatermarket.com/assets/OGN-131-EN-DPt8LDDy.jpg,¥0.50,$0.07,,Dune Drake OGN-131/298 CN ¥0.50 EN $0.07
2026-09-29T21:18:06+00:00,https://bilgewatermarket.com/cards,First Mate,foil,1.84,https://bilgewatermarket.com/cards/OGN-132?print_variation=foiled,foiled,https://bilgewatermarket.com/assets/OGN-132-EN-e2BzL9rM.jpg,¥2.59,$1.84,,First Mate OGN-132/298 Foiled CN ¥2.59 EN $1.84
2026-09-29T21:18:06+00:00,https://bilgewatermarket.com/cards,First Mate,nonfoil,0.24,https://bilgewatermarket.com/cards/OGN-132,normal,https://bilgewatermarket.com/assets/OGN-132-EN-e2BzL9rM.jpg,¥0.57,$0.24,,First Mate OGN-132/298 CN ¥0.57 EN $0.24
2026-09-29T21:18:06+00:00,https://bilgewatermarket.com/cards,Flurry of Blades,foil,0.26,https://bilgewatermarket.com/cards/OGN-133?print_variation=foiled,foiled,https://bilgewatermarket.com/assets/OGN-133-EN-CXSXjiUE.jpg,¥1.11,$0.26,,Flurry of Blades OGN-133/298 Foiled CN ¥1.11 EN $0.26
2026-09-29T21:18:06+00:00,https://bilgewatermarket.com/cards,Flurry of Blades,nonfoil,0.13,https://bilgewatermarket.com/cards/OGN-133,normal,https://bilgewatermarket.com/assets/OGN-133-EN-CXSXjiUE.jpg,¥0.51,$0.13,,Flurry of Blades OGN-133/298 CN ¥0.51 EN $0.13
2026-09-29T21:18:06+00:00,https://bilgewatermarket.com/cards,Mobilize,foil,0.73,https://bilgewatermarket.com/cards/OGN-134?print_variation=foiled,foiled,https://bilgewatermarket.com/assets/OGN-134-EN-f8FqAyrl.jpg,¥1.44,$0.73,,Mobilize OGN-134/298 Foiled CN ¥1.44 EN $0.73
2026-09-29T21:18:06+00:00,https://bilgewatermarket.com/cards,Mobilize,nonfoil,0.11,https://bilgewatermarket.com/cards/OGN-134,normal,https://bilgewatermarket.com/assets/OGN-134-EN-f8FqAyrl.jpg,¥0.51,$0.11,,Mobilize OGN-134/298 CN ¥0.51 EN $0.11
2026-09-29T21:18:06+00:00,https://bilgewatermarket.com/cards,Pakaa Cub,foil,0.22,https://bilgewatermarket.com/cards/OGN-135?print_variation=foiled,foiled,https://bilgewatermarket.com/assets/OGN-135-EN-YM8mPp9x.jpg,¥0.50,$0.22,,Pakaa Cub OGN-135/298 Foiled CN ¥0.50 EN $0.22
2026-09-29T21:18:06+00:00,https://bilgewatermarket.com/cards,Pakaa Cub,nonfoil,0.09,https://bilgewatermarket.com/cards/OGN-135,normal,https://bilgewatermarket.com/assets/OGN-135-EN-YM8mPp9x.jpg,¥0.50,$0.09,,Pakaa Cub OGN-135/298 CN ¥0.50 EN $0.09
2026-09-29T21:18:06+00:00,https://bilgewatermarket.com/cards,Pit Rookie,foil,1.46,https://bilgewatermarket.com/cards/OGN-136?print_variation=foiled,foiled,https://bilgewatermarket.com/assets/OGN-136-EN-BVFtWl2S.jpg,¥2.00,$1.46,,Pit Rookie OGN-136/298 Foiled CN ¥2.00 EN $1.46
2026-09-29T21:18:06+00:00,https://bilgewatermarket.com/cards,Pit Rookie,nonfoil,0.17,https://bilgewatermarket.com/cards/OGN-136,normal,https://bilgewatermarket.com/assets/OGN-136-EN-BVFtWl2S.jpg,¥0.58,$0.17,,Pit Rookie OGN-136/298 CN ¥0.58 EN $0.17
2026-09-29T21:18:06+00:00,https://bilgewatermarket.com/cards,Stormclaw Ursine,foil,0.15,https://bilgewatermarket.com/cards/OGN-137?print_variation=foiled,foiled,https://bilgewatermarket.com/assets/OGN-137-EN-Dm3cPgdo.jpg,¥0.50,$0.15,,Stormclaw Ursine OGN-137/298 Foiled CN ¥0.50 EN $0.15
2026-09-29T21:18:06+00:00,https://bilgewatermarket.com/cards,Stormclaw Ursine,nonfoil,0.03,https://bilgewatermarket.com/cards/OGN-137,normal,https://bilgewatermarket.com/assets/OGN-137-EN-Dm3cPgdo.jpg,¥0.50,$0.03,,Stormclaw Ursine OGN-137/298 CN ¥0.50 EN $0.03
2026-09-29T21:18:06+00:00,https://bilgewatermarket.com/cards,Catalyst of Aeons,foil,3.62,https://bilgewatermarket.com/cards/OGN-138?print_variation=foiled,foiled,https://bilgewatermarket.com/assets/OGN-138-EN-ePuRHGsv.jpg,¥5.45,$3.62,,Catalyst of Aeons OGN-138/298 Foiled CN ¥5.45 EN $3.62
2026-09-29T21:18:06+00:00,https://bilgewatermarket.com/cards,Catalyst of Aeons,nonfoil,0.32,https://bilgewatermarket.com/cards/OGN-138,normal,https://bilgewatermarket.com/assets/OGN-138-EN-ePuRHGsv.jpg,¥1.18,$0.32,,Catalyst of Aeons OGN-138/298 CN ¥1.18 EN $0.32
2026-09-29T21:18:06+00:00,https://bilgewatermarket.com/cards,Cithria of Cloudfield,foil,0.21,https://bilgewatermarket.com/cards/OGN-139?print_variation=foiled,foiled,https://bilgewatermarket.com/assets/OGN-139-EN-BpIrp3BC.jpg,¥1.67,$0.21,,Cithria of Cloudfield OGN-139/298 Foiled CN ¥1.67 EN $0.21
2026-09-29T21:18:06+00:00,https://bilgewatermarket.com/cards,Cithria of Cloudfield,nonfoil,0.10,https://bilgewatermarket.com/cards/OGN-139,normal,https://bilgewatermarket.com/assets/OGN-139-EN-BpIrp3BC.jpg,¥0.59,$0.10,,Cithria of Cloudfield OGN-139/298 CN ¥0.59 EN $0.10
2026-09-29T21:18:06+00:00,https://bilgewatermarket.com/cards,Herald of Scales,foil,0.92,https://bilgewatermarket.com/cards/OGN-140?print_variation=foiled,foiled,https://bilgewatermarket.com/assets/OGN-140-EN-BkyAUufz.jpg,¥1.00,$0.92,,Herald of Scales OGN-140/298 Foiled CN ¥1.00 EN $0.92
2026-09-29T21:18:06+00:00,https://bilgewatermarket.com/cards,Herald of Scales,nonfoil,0.21,https://bilgewatermarket.com/cards/OGN-140,normal,https://bilgewatermarket.com/assets/OGN-140-EN-BkyAUufz.jpg,¥0.51,$0.21,,Herald of Scales OGN-140/298 CN ¥0.51 EN $0.21
2026-09-29T21:18:06+00:00,https://bilgewatermarket.com/cards,Kinkou Monk,foil,0.50,https://bilgewatermarket.com/cards/OGN-141?print_variation=foiled,foiled,https://bilgewatermarket.com/assets/OGN-141-EN-BLmt2UpW.jpg,¥1.74,$0.50,,Kinkou Monk OGN-141/298 Foiled CN ¥1.74 EN $0.50
2026-09-29T21:18:06+00:00,https://bilgewatermarket.com/cards,Kinkou Monk,nonfoil,0.19,https://bilgewatermarket.com/cards/OGN-141,normal,https://bilgewatermarket.com/assets/OGN-141-EN-BLmt2UpW.jpg,¥0.60,$0.19,,Kinkou Monk OGN-141/298 CN ¥0.60 EN $0.19
2026-09-29T21:18:06+00:00,https://bilgewatermarket.com/cards,Mountain Drake,foil,0.33,https://bilgewatermarket.com/cards/OGN-142?print_variation=foiled,foiled,https://bilgewatermarket.com/assets/OGN-142-EN-BRbH71vQ.jpg,¥1.08,$0.33,,Mountain Drake OGN-142/298 Foiled CN ¥1.08 EN $0.33
2026-09-29T21:18:06+00:00,https://bilgewatermarket.com/cards,Mountain Drake,nonfoil,0.08,https://bilgewatermarket.com/cards/OGN-142,normal,https://bilgewatermarket.com/assets/OGN-142-EN-BRbH71vQ.jpg,¥0.50,$0.08,,Mountain Drake OGN-142/298 CN ¥0.50 EN $0.08
2026-09-29T21:18:06+00:00,https://bilgewatermarket.com/cards,Pirate's Haven,foil,0.29,https://bilgewatermarket.com/cards/OGN-143?print_variation=foiled,foiled,https://bilgewatermarket.com/assets/OGN-143-EN-Do7UlbnF.jpg,¥0.53,$0.29,,Pirate's Haven OGN-143/298 Foiled CN ¥0.53 EN $0.29
2026-09-29T21:18:06+00:00,https://bilgewatermarket.com/cards,Pirate's Haven,nonfoil,0.14,https://bilgewatermarket.com/cards/OGN-143,normal,https://bilgewatermarket.com/assets/OGN-143-EN-Do7UlbnF.jpg,¥0.50,$0.14,,Pirate's Haven OGN-143/298 CN ¥0.50 EN $0.14
2026-09-29T21:18:06+00:00,https://bilgewatermarket.com/cards,Spoils of War,foil,0.37,https://bilgewatermarket.com/cards/OGN-144?print_variation=foiled,foiled,https://bilgewatermarket.com/assets/OGN-144-EN--s4lsauL.jpg,¥0.83,$0.37,,Spoils of War OGN-144/298 Foiled CN ¥0.83 EN $0.37
2026-09-29T21:18:06+00:00,https://bilgewatermarket.com/cards,Spoils of War,nonfoil,0.14,https://bilgewatermarket.com/cards/OGN-144,normal,https://bilgewatermarket.com/assets/OGN-144-EN--s4lsauL.jpg,¥0.50,$0.14,,Spoils of War OGN-144/298 CN ¥0.50 EN $0.14
2026-09-29T21:18:06+00:00,https://bilgewatermarket.com/cards,Unyielding Spirit,foil,2.06,https://bilgewatermarket.com/cards/OGN-145?print_variation=foiled,foiled,https://bilgewatermarket.com/assets/OGN-145-EN-CxX0lfzM.jpg,¥5.37,$2.06,,Unyielding Spirit OGN-145/298 Foiled CN ¥5.37 EN $2.06
2026-09-29T21:18:06+00:00,https://bilgewatermarket.com/cards,Unyielding Spirit,nonfoil,0.54,https://bilgewatermarket.com/cards/OGN-145,normal,https://bilgewatermarket.com/assets/OGN-145-EN-CxX0lfzM.jpg,¥2.01,$0.54,,Unyielding Spirit OGN-145/298 CN ¥2.01 EN $0.54
2026-09-29T21:18:06+00:00,https://bilgewatermarket.com/cards,Wallop,foil,0.36,https://bilgewatermarket.com/cards/OGN-146?print_variation=foiled,foiled,https://bilgewatermarket.com/assets/OGN-146-EN-DivDZcep.jpg,¥0.70,$0.36,,Wallop OGN-146/298 Foiled CN ¥0.70 EN $0.36
2026-09-29T21:18:06+00:00,https://bilgewatermarket.com/cards,Wallop,nonfoil,0.15,https://bilgewatermarket.com/cards/OGN-146,normal,https://bilgewatermarket.com/assets/OGN-146-EN-DivDZcep.jpg,¥0.50,$0.15,,Wallop OGN-146/298 CN ¥0.50 EN $0.15
2026-09-29T21:18:06+00:00,https://bilgewatermarket.com/cards,Wildclaw Shaman,foil,0.29,https://bilgewatermarket.com/cards/OGN-147?print_variation=foiled,foiled,https://bilgewatermarket.com/assets/OGN-147-EN-BG2yjE7n.jpg,¥0.50,$0.29,,Wildclaw Shaman OGN-147/298 Foiled CN ¥0.50 EN $0.29
2026-09-29T21:18:06+00:00,https://bilgewatermarket.com/cards,Wildclaw Shaman,nonfoil,0.08,https://bilgewatermarket.com/cards/OGN-147,normal,https://bilgewatermarket.com/assets/OGN-147-EN-BG2yjE7n.jpg,¥0.50,$0.08,,Wildclaw Shaman OGN-147/298 CN ¥0.50 EN $0.08
2026-09-29T21:18:06+00:00,https://bilgewatermarket.com/cards,"Anivia, Primal",nonfoil,0.35,https://bilgewatermarket.com/cards/OGN-148,normal,https://bilgewatermarket.com/assets/OGN-148-EN-DB6ZXMms.jpg,¥0.65,$0.35,,"Anivia, Primal OGN-148/298 CN ¥0.65 EN $0.35"
2026-09-29T21:18:06+00:00,https://bilgewatermarket.com/cards,Carnivorous Snapvine,nonfoil,0.23,https://bilgewatermarket.com/cards/OGN-149,normal,https://bilgewatermarket.com/assets/OGN-149-EN-DfLP7rvL.jpg,¥0.72,$0.23,,Carnivorous Snapvine OGN-149/298 CN ¥0.72 EN $0.23
2026-09-29T21:18:06+00:00,https://bilgewatermarket.com/cards,Kraken Hunter,nonfoil,0.19,https://bilgewatermarket.com/cards/OGN-150,normal,https://bilgewatermarket.com/assets/OGN-150-EN-B7wn6Rib.jpg,¥0.50,$0.19,,Kraken Hunter OGN-150/298 CN ¥0.50 EN $0.19
2026-09-29T21:18:06+00:00,https://bilgewatermarket.com/cards,"Lee Sin, Centered",nonfoil,0.23,https://bilgewatermarket.com/cards/OGN-151,normal,https://bilgewatermarket.com/assets/OGN-151-EN-CDYkk0yy.jpg,¥0.51,$0.23,,"Lee Sin, Centered OGN-151/298 CN ¥0.51 EN $0.23"
2026-09-29T21:18:06+00:00,https://bilgewatermarket.com/cards,"Lee Sin, Centered",nonfoil,1.23,https://bilgewatermarket.com/cards/OGN-151a?print_variation=showcase,showcase,https://bilgewatermarket.com/assets/OGN-151a-EN-CMQlCcol.jpg,¥3.00,$1.23,,"Lee Sin, Centered OGN-151A/298 Showcase CN ¥3.00 EN $1.23"
2026-09-29T21:18:06+00:00,https://bilgewatermarket.com/cards,Mistfall,nonfoil,0.14,https://bilgewatermarket.com/cards/OGN-152,normal,https://bilgewatermarket.com/assets/OGN-152-EN-Bon-besD.jpg,¥0.50,$0.14,,Mistfall OGN-152/298 CN ¥0.50 EN $0.14
2026-09-29T21:18:06+00:00,https://bilgewatermarket.com/cards,Overt Operation,nonfoil,0.22,https://bilgewatermarket.com/cards/OGN-153,normal,https://bilgewatermarket.com/assets/OGN-153-EN-CwxZUCnm.jpg,¥0.50,$0.22,,Overt Operation OGN-153/298 CN ¥0.50 EN $0.22
2026-09-29T21:18:06+00:00,https://bilgewatermarket.com/cards,Primal Strength,nonfoil,0.33,https://bilgewatermarket.com/cards/OGN-154,normal,https://bilgewatermarket.com/assets/OGN-154-EN-CZ2t65pE.jpg,¥1.15,$0.33,,Primal Strength OGN-154/298 CN ¥1.15 EN $0.33
2026-09-29T21:18:06+00:00,https://bilgewatermarket.com/cards,"Qiyana, Victorious",nonfoil,0.57,https://bilgewatermarket.com/cards/OGN-155,normal,https://bilgewatermarket.com/assets/OGN-155-EN-BIf68IXz.jpg,¥3.45,$0.57,,"Qiyana, Victorious OGN-155/298 CN ¥3.45 EN $0.57"
2026-09-29T21:18:06+00:00,https://bilgewatermarket.com/cards,Sabotage,nonfoil,13.55,https://bilgewatermarket.com/cards/OGN-156,normal,https://bilgewatermarket.com/assets/OGN-156-EN-BcnT2X0Q.jpg,¥15.43,$13.55,,Sabotage OGN-156/298 CN ¥15.43 EN $13.55
2026-09-29T21:18:06+00:00,https://bilgewatermarket.com/cards,"Udyr, Wildman",nonfoil,0.21,https://bilgewatermarket.com/cards/OGN-157,normal,https://bilgewatermarket.com/assets/OGN-157-EN-D-16xEYZ.jpg,¥0.51,$0.21,,"Udyr, Wildman OGN-157/298 CN ¥0.51 EN $0.21"
2026-09-29T21:18:06+00:00,https://bilgewatermarket.com/cards,"Volibear, Imposing",nonfoil,0.23,https://bilgewatermarket.com/cards/OGN-158,normal,https://bilgewatermarket.com/assets/OGN-158-EN-tqh5fanU.jpg,¥0.54,$0.23,,"Volibear, Imposing OGN-158/298 CN ¥0.54 EN $0.23"
2026-09-29T21:18:06+00:00,https://bilgewatermarket.com/cards,"Volibear, Imposing",nonfoil,0.94,https://bilgewatermarket.com/cards/OGN-158a?print_variation=showcase,showcase,https://bilgewatermarket.com/assets/OGN-158a-EN-Cslcfb2c.jpg,¥2.29,$0.94,,"Volibear, Imposing OGN-158A/298 Showcase CN ¥2.29 EN $0.94"
2026-09-29T21:18:06+00:00,https://bilgewatermarket.com/cards,"Warwick, Hunter",nonfoil,0.38,https://bilgewatermarket.com/cards/OGN-159,normal,https://bilgewatermarket.com/assets/OGN-159-EN-CyfUCrKS.jpg,¥0.54,$0.38,,"Warwick, Hunter OGN-159/298 CN ¥0.54 EN $0.38"
2026-09-29T21:18:06+00:00,https://bilgewatermarket.com/cards,Dazzling Aurora,nonfoil,38.40,https://bilgewatermarket.com/cards/OGN-160,normal,https://bilgewatermarket.com/assets/OGN-160-EN-BAMdNDkA.jpg,¥110.00,$38.40,,Dazzling Aurora OGN-160/298 CN ¥110.00 EN $38.40
2026-09-29T21:18:06+00:00,https://bilgewatermarket.com/cards,Deadbloom Predator,nonfoil,1.73,https://bilgewatermarket.com/cards/OGN-161,normal,https://bilgewatermarket.com/assets/OGN-161-EN-F4GgpWAe.jpg,¥26.29,$1.73,,Deadbloom Predator OGN-161/298 CN ¥26.29 EN $1.73
2026-09-29T21:18:06+00:00,https://bilgewatermarket.com/cards,"Miss Fortune, Captain",nonfoil,4.13,https://bilgewatermarket.com/cards/OGN-162,normal,https://bilgewatermarket.com/assets/OGN-162-EN-DUR-_Cek.jpg,¥2.46,$4.13,,"Miss Fortune, Captain OGN-162/298 CN ¥2.46 EN $4.13"
2026-09-29T21:18:06+00:00,https://bilgewatermarket.com/cards,"Miss Fortune, Captain",nonfoil,13.53,https://bilgewatermarket.com/cards/OGN-162a?print_variation=showcase,showcase,https://bilgewatermarket.com/assets/OGN-162a-EN-S-0BzTK-.jpg,¥11.70,$13.53,,"Miss Fortune, Captain OGN-162A/298 Showcase CN ¥11.70 EN $13.53"
2026-09-29T21:18:06+00:00,https://bilgewatermarket.com/cards,Seal of Strength,nonfoil,10.54,https://bilgewatermarket.com/cards/OGN-163,normal,https://bilgewatermarket.com/assets/OGN-163-EN-DVYg3iCm.jpg,¥21.59,$10.54,,Seal of Strength OGN-163/298 CN ¥21.59 EN $10.54
2026-09-29T21:18:06+00:00,https://bilgewatermarket.com/cards,"Sett, Brawler",nonfoil,6.82,https://bilgewatermarket.com/cards/OGN-164,normal,https://bilgewatermarket.com/assets/OGN-164-EN-WbRN-dYX.jpg,¥12.03,$6.82,,"Sett, Brawler OGN-164/298 CN ¥12.03 EN $6.82"
2026-09-29T21:18:06+00:00,https://bilgewatermarket.com/cards,"Sett, Brawler",nonfoil,7.93,https://bilgewatermarket.com/cards/OGN-164a?print_variation=showcase,showcase,https://bilgewatermarket.com/assets/OGN-164a-EN-Bn6UskxX.jpg,¥18.21,$7.93,,"Sett, Brawler OGN-164A/298 Showcase CN ¥18.21 EN $7.93"
2026-09-29T21:18:06+00:00,https://bilgewatermarket.com/cards,Cemetery Attendant,foil,0.23,https://bilgewatermarket.com/cards/OGN-165?print_variation=foiled,foiled,https://bilgewatermarket.com/assets/OGN-165-EN-DQOL5StL.jpg,¥0.50,$0.23,,Cemetery Attendant OGN-165/298 Foiled CN ¥0.50 EN $0.23
2026-09-29T21:18:06+00:00,https://bilgewatermarket.com/cards,Cemetery Attendant,nonfoil,0.05,https://bilgewatermarket.com/cards/OGN-165,normal,https://bilgewatermarket.com/assets/OGN-165-EN-DQOL5StL.jpg,¥0.50,$0.05,,Cemetery Attendant OGN-165/298 CN ¥0.50 EN $0.05
2026-09-29T21:18:06+00:00,https://bilgewatermarket.com/cards,Chaos Rune,nonfoil,0.12,https://bilgewatermarket.com/cards/OGN-166,normal,https://bilgewatermarket.com/assets/OGN-166-EN-D2Q733QO.jpg,¥0.74,$0.12,,Chaos Rune OGN-166/298 CN ¥0.74 EN $0.12
2026-09-29T21:18:06+00:00,https://bilgewatermarket.com/cards,Chaos Rune,nonfoil,5.82,https://bilgewatermarket.com/cards/OGN-166a?print_variation=showcase,showcase,https://bilgewatermarket.com/assets/OGN-166a-EN-YTIjQy3f.jpg,¥36.38,$5.82,,Chaos Rune OGN-166A/298 Showcase CN ¥36.38 EN $5.82
2026-09-29T21:18:06+00:00,https://bilgewatermarket.com/cards,Ember Monk,foil,0.24,https://bilgewatermarket.com/cards/OGN-167?print_variation=foiled,foiled,https://bilgewatermarket.com/assets/OGN-167-EN-V1cxMGAu.jpg,¥0.51,$0.24,,Ember Monk OGN-167/298 Foiled CN ¥0.51 EN $0.24
2026-09-29T21:18:06+00:00,https://bilgewatermarket.com/cards,Ember Monk,nonfoil,0.11,https://bilgewatermarket.com/cards/OGN-167,normal,https://bilgewatermarket.com/assets/OGN-167-EN-V1cxMGAu.jpg,¥0.50,$0.11,,Ember Monk OGN-167/298 CN ¥0.50 EN $0.11
2026-09-29T21:18:06+00:00,https://bilgewatermarket.com/cards,Fight or Flight,foil,0.21,https://bilgewatermarket.com/cards/OGN-168?print_variation=foiled,foiled,https://bilgewatermarket.com/assets/OGN-168-EN-BgWwkTVn.jpg,¥0.50,$0.21,,BANNED Fight or Flight OGN-168/298 Foiled CN ¥0.50 EN $0.21
2026-09-29T21:18:06+00:00,https://bilgewatermarket.com/cards,Fight or Flight,nonfoil,0.09,https://bilgewatermarket.com/cards/OGN-168,normal,https://bilgewatermarket.com/assets/OGN-168-EN-BgWwkTVn.jpg,¥0.50,$0.09,,BANNED Fight or Flight OGN-168/298 CN ¥0.50 EN $0.09
2026-09-29T21:18:06+00:00,https://bilgewatermarket.com/cards,Gust,foil,0.62,https://bilgewatermarket.com/cards/OGN-169?print_variation=foiled,foiled,https://bilgewatermarket.com/assets/OGN-169-EN-D3vcZYyf.jpg,¥3.73,$0.62,,Gust OGN-169/298 Foiled CN ¥3.73 EN $0.62
2026-09-29T21:18:06+00:00,https://bilgewatermarket.com/cards,Gust,nonfoil,0.23,https://bilgewatermarket.com/cards/OGN-169,normal,https://bilgewatermarket.com/assets/OGN-169-EN-D3vcZYyf.jpg,¥0.54,$0.23,,Gust OGN-169/298 CN ¥0.54 EN $0.23
2026-09-29T21:18:06+00:00,https://bilgewatermarket.com/cards,Morbid Return,foil,0.29,https://bilgewatermarket.com/cards/OGN-170?print_variation=foiled,foiled,https://bilgewatermarket.com/assets/OGN-170-EN-B1Alk3m9.jpg,¥0.66,$0.29,,Morbid Return OGN-170/298 Foiled CN ¥0.66 EN $0.29
2026-09-29T21:18:06+00:00,https://bilgewatermarket.com/cards,Morbid Return,nonfoil,0.10,https://bilgewatermarket.com/cards/OGN-170,normal,https://bilgewatermarket.com/assets/OGN-170-EN-B1Alk3m9.jpg,¥0.50,$0.10,,Morbid Return OGN-170/298 CN ¥0.50 EN $0.10
2026-09-29T21:18:06+00:00,https://bilgewatermarket.com/cards,Mystic Poro,foil,0.27,https://bilgewatermarket.com/cards/OGN-171?print_variation=foiled,foiled,https://bilgewatermarket.com/assets/OGN-171-EN-AEQq6fb_.jpg,¥0.51,$0.27,,Mystic Poro OGN-171/298 Foiled CN ¥0.51 EN $0.27
2026-09-29T21:18:06+00:00,https://bilgewatermarket.com/cards,Mystic Poro,nonfoil,0.11,https://bilgewatermarket.com/cards/OGN-171,normal,https://bilgewatermarket.com/assets/OGN-171-EN-AEQq6fb_.jpg,¥0.50,$0.11,,Mystic Poro OGN-171/298 CN ¥0.50 EN $0.11
2026-09-29T21:18:06+00:00,https://bilgewatermarket.com/cards,Rebuke,foil,1.31,https://bilgewatermarket.com/cards/OGN-172?print_variation=foiled,foiled,https://bilgewatermarket.com/assets/OGN-172-EN-CV2xnG5B.jpg,¥3.11,$1.31,,Rebuke OGN-172/298 Foiled CN ¥3.11 EN $1.31
2026-09-29T21:18:06+00:00,https://bilgewatermarket.com/cards,Rebuke,nonfoil,0.25,https://bilgewatermarket.com/cards/OGN-172,normal,https://bilgewatermarket.com/assets/OGN-172-EN-CV2xnG5B.jpg,¥0.62,$0.25,,Rebuke OGN-172/298 CN ¥0.62 EN $0.25
2026-09-29T21:18:06+00:00,https://bilgewatermarket.com/cards,Ride the Wind,foil,8.31,https://bilgewatermarket.com/cards/OGN-173?print_variation=foiled,foiled,https://bilgewatermarket.com/assets/OGN-173-EN-XShIV1MR.jpg,¥5.00,$8.31,,Ride the Wind OGN-173/298 Foiled CN ¥5.00 EN $8.31
2026-09-29T21:18:06+00:00,https://bilgewatermarket.com/cards,Ride the Wind,nonfoil,0.69,https://bilgewatermarket.com/cards/OGN-173,normal,https://bilgewatermarket.com/assets/OGN-173-EN-XShIV1MR.jpg,¥0.66,$0.69,,Ride the Wind OGN-173/298 CN ¥0.66 EN $0.69
2026-09-29T21:18:06+00:00,https://bilgewatermarket.com/cards,Sai Scout,foil,0.11,https://bilgewatermarket.com/cards/OGN-174?print_variation=foiled,foiled,https://bilgewatermarket.com/assets/OGN-174-EN-8eYw9IeV.jpg,¥0.50,$0.11,,Sai Scout OGN-174/298 Foiled CN ¥0.50 EN $0.11
2026-09-29T21:18:06+00:00,https://bilgewatermarket.com/cards,Sai Scout,nonfoil,0.04,https://bilgewatermarket.com/cards/OGN-174,normal,https://bilgewatermarket.com/assets/OGN-174-EN-8eYw9IeV.jpg,¥0.50,$0.04,,Sai Scout OGN-174/298 CN ¥0.50 EN $0.04
2026-09-29T21:18:06+00:00,https://bilgewatermarket.com/cards,Shipyard Skulker,foil,0.17,https://bilgewatermarket.com/cards/OGN-175?print_variation=foiled,foiled,https://bilgewatermarket.com/assets/OGN-175-EN-DhRO8x6S.jpg,¥0.50,$0.17,,Shipyard Skulker OGN-175/298 Foiled CN ¥0.50 EN $0.17
2026-09-29T21:18:06+00:00,https://bilgewatermarket.com/cards,Shipyard Skulker,nonfoil,0.07,https://bilgewatermarket.com/cards/OGN-175,normal,https://bilgewatermarket.com/assets/OGN-175-EN-DhRO8x6S.jpg,¥0.50,$0.07,,Shipyard Skulker OGN-175/298 CN ¥0.50 EN $0.07
2026-09-29T21:18:06+00:00,https://bilgewatermarket.com/cards,Sneaky Deckhand,foil,0.77,https://bilgewatermarket.com/cards/OGN-176?print_variation=foiled,foiled,https://bilgewatermarket.com/assets/OGN-176-EN-BQHtwYUj.jpg,¥1.89,$0.77,,Sneaky Deckhand OGN-176/298 Foiled CN ¥1.89 EN $0.77
2026-09-29T21:18:06+00:00,https://bilgewatermarket.com/cards,Sneaky Deckhand,nonfoil,0.16,https://bilgewatermarket.com/cards/OGN-176,normal,https://bilgewatermarket.com/assets/OGN-176-EN-BQHtwYUj.jpg,¥0.67,$0.16,,Sneaky Deckhand OGN-176/298 CN ¥0.67 EN $0.16
2026-09-29T21:18:06+00:00,https://bilgewatermarket.com/cards,Stealthy Pursuer,foil,0.20,https://bilgewatermarket.com/cards/OGN-177?print_variation=foiled,foiled,https://bilgewatermarket.com/assets/OGN-177-EN-DFQ2GQRQ.jpg,¥0.53,$0.20,,BANNED Stealthy Pursuer OGN-177/298 Foiled CN ¥0.53 EN $0.20
2026-09-29T21:18:06+00:00,https://bilgewatermarket.com/cards,Stealthy Pursuer,nonfoil,0.07,https://bilgewatermarket.com/cards/OGN-177,normal,https://bilgewatermarket.com/assets/OGN-177-EN-DFQ2GQRQ.jpg,¥0.50,$0.07,,BANNED Stealthy Pursuer OGN-177/298 CN ¥0.50 EN $0.07
2026-09-29T21:18:06+00:00,https://bilgewatermarket.com/cards,Undercover Agent,foil,0.13,https://bilgewatermarket.com/cards/OGN-178?print_variation=foiled,foiled,https://bilgewatermarket.com/assets/OGN-178-EN-DGCPpyXZ.jpg,¥0.50,$0.13,,Undercover Agent OGN-178/298 Foiled CN ¥0.50 EN $0.13
2026-09-29T21:18:06+00:00,https://bilgewatermarket.com/cards,Undercover Agent,nonfoil,0.03,https://bilgewatermarket.com/cards/OGN-178,normal,https://bilgewatermarket.com/assets/OGN-178-EN-DGCPpyXZ.jpg,¥0.30,$0.03,,Undercover Agent OGN-178/298 CN ¥0.30 EN $0.03
2026-09-29T21:18:06+00:00,https://bilgewatermarket.com/cards,Acceptable Losses,foil,3.10,https://bilgewatermarket.com/cards/OGN-179?print_variation=foiled,foiled,https://bilgewatermarket.com/assets/OGN-179-EN-BYkm9P28.jpg,¥2.55,$3.10,,Acceptable Losses OGN-179/298 Foiled CN ¥2.55 EN $3.10
2026-09-29T21:18:06+00:00,https://bilgewatermarket.com/cards,Acceptable Losses,nonfoil,0.56,https://bilgewatermarket.com/cards/OGN-179,normal,https://bilgewatermarket.com/assets/OGN-179-EN-BYkm9P28.jpg,¥0.71,$0.56,,Acceptable Losses OGN-179/298 CN ¥0.71 EN $0.56
2026-09-29T21:18:06+00:00,https://bilgewatermarket.com/cards,Fading Memories,foil,0.61,https://bilgewatermarket.com/cards/OGN-180?print_variation=foiled,foiled,https://bilgewatermarket.com/assets/OGN-180-EN-B8_6ux4u.jpg,¥1.73,$0.61,,Fading Memories OGN-180/298 Foiled CN ¥1.73 EN $0.61
2026-09-29T21:18:06+00:00,https://bilgewatermarket.com/cards,Fading Memories,nonfoil,0.11,https://bilgewatermarket.com/cards/OGN-180,normal,https://bilgewatermarket.com/assets/OGN-180-EN-B8_6ux4u.jpg,¥0.50,$0.11,,Fading Memories OGN-180/298 CN ¥0.50 EN $0.11
2026-09-29T21:18:06+00:00,https://bilgewatermarket.com/cards,Pack of Wonders,foil,3.15,https://bilgewatermarket.com/cards/OGN-181?print_variation=foiled,foiled,https://bilgewatermarket.com/assets/OGN-181-EN-Dl1Zogdb.jpg,¥2.85,$3.15,,Pack of Wonders OGN-181/298 Foiled CN ¥2.85 EN $3.15
2026-09-29T21:18:06+00:00,https://bilgewatermarket.com/cards,Pack of Wonders,nonfoil,0.52,https://bilgewatermarket.com/cards/OGN-181,normal,https://bilgewatermarket.com/assets/OGN-181-EN-Dl1Zogdb.jpg,¥0.78,$0.52,,Pack of Wonders OGN-181/298 CN ¥0.78 EN $0.52
2026-09-29T21:18:06+00:00,https://bilgewatermarket.com/cards,Scrapheap,foil,0.64,https://bilgewatermarket.com/cards/OGN-182?print_variation=foiled,foiled,https://bilgewatermarket.com/assets/OGN-182-EN-Da54mBEQ.jpg,¥0.50,$0.64,,BANNED Scrapheap OGN-182/298 Foiled CN ¥0.50 EN $0.64
2026-09-29T21:18:06+00:00,https://bilgewatermarket.com/cards,Scrapheap,nonfoil,0.12,https://bilgewatermarket.com/cards/OGN-182,normal,https://bilgewatermarket.com/assets/OGN-182-EN-Da54mBEQ.jpg,¥0.50,$0.12,,BANNED Scrapheap OGN-182/298 CN ¥0.50 EN $0.12
2026-09-29T21:18:06+00:00,https://bilgewatermarket.com/cards,Stacked Deck,foil,4.56,https://bilgewatermarket.com/cards/OGN-183?print_variation=foiled,foiled,https://bilgewatermarket.com/assets/OGN-183-EN-CefU-blO.jpg,¥15.43,$4.56,,BANNED Stacked Deck OGN-183/298 Foiled CN ¥15.43 EN $4.56
2026-09-29T21:18:06+00:00,https://bilgewatermarket.com/cards,Stacked Deck,nonfoil,0.55,https://bilgewatermarket.com/cards/OGN-183,normal,https://bilgewatermarket.com/assets/OGN-183-EN-CefU-blO.jpg,¥11.46,$0.55,,BANNED Stacked Deck OGN-183/298 CN ¥11.46 EN $0.55
2026-09-29T21:18:06+00:00,https://bilgewatermarket.com/cards,The Syren,foil,0.62,https://bilgewatermarket.com/cards/OGN-184?print_variation=foiled,foiled,https://bilgewatermarket.com/assets/OGN-184-EN-BcR00Q8y.jpg,¥1.75,$0.62,,The Syren OGN-184/298 Foiled CN ¥1.75 EN $0.62
2026-09-29T21:18:06+00:00,https://bilgewatermarket.com/cards,The Syren,nonfoil,0.19,https://bilgewatermarket.com/cards/OGN-184,normal,https://bilgewatermarket.com/assets/OGN-184-EN-BcR00Q8y.jpg,¥0.56,$0.19,,The Syren OGN-184/298 CN ¥0.56 EN $0.19
2026-09-29T21:18:06+00:00,https://bilgewatermarket.com/cards,Traveling Merchant,foil,4.71,https://bilgewatermarket.com/cards/OGN-185?print_variation=foiled,foiled,https://bilgewatermarket.com/assets/OGN-185-EN-CVhU3FhL.jpg,¥5.59,$4.71,,Traveling Merchant OGN-185/298 Foiled CN ¥5.59 EN $4.71
2026-09-29T21:18:06+00:00,https://bilgewatermarket.com/cards,Traveling Merchant,nonfoil,0.23,https://bilgewatermarket.com/cards/OGN-185,normal,https://bilgewatermarket.com/assets/OGN-185-EN-CVhU3FhL.jpg,¥0.69,$0.23,,Traveling Merchant OGN-185/298 CN ¥0.69 EN $0.23
2026-09-29T21:18:06+00:00,https://bilgewatermarket.com/cards,Treasure Trove,foil,3.14,https://bilgewatermarket.com/cards/OGN-186?print_variation=foiled,foiled,https://bilgewatermarket.com/assets/OGN-186-EN-DS5qCkBN.jpg,¥2.22,$3.14,,Treasure Trove OGN-186/298 Foiled CN ¥2.22 EN $3.14
2026-09-29T21:18:06+00:00,https://bilgewatermarket.com/cards,Treasure Trove,nonfoil,0.48,https://bilgewatermarket.com/cards/OGN-186,normal,https://bilgewatermarket.com/assets/OGN-186-EN-DS5qCkBN.jpg,¥0.97,$0.48,,Treasure Trove OGN-186/298 CN ¥0.97 EN $0.48
2026-09-29T21:18:06+00:00,https://bilgewatermarket.com/cards,Whirlwind,foil,0.33,https://bilgewatermarket.com/cards/OGN-187?print_variation=foiled,foiled,https://bilgewatermarket.com/assets/OGN-187-EN-Db23HUNi.jpg,¥0.53,$0.33,,Whirlwind OGN-187/298 Foiled CN ¥0.53 EN $0.33
2026-09-29T21:18:06+00:00,https://bilgewatermarket.com/cards,Whirlwind,nonfoil,0.13,https://bilgewatermarket.com/cards/OGN-187,normal,https://bilgewatermarket.com/assets/OGN-187-EN-Db23HUNi.jpg,¥0.50,$0.13,,Whirlwind OGN-187/298 CN ¥0.50 EN $0.13
2026-09-29T21:18:06+00:00,https://bilgewatermarket.com/cards,Zaunite Bouncer,foil,0.28,https://bilgewatermarket.com/cards/OGN-188?print_variation=foiled,foiled,https://bilgewatermarket.com/assets/OGN-188-EN-LcGmST5f.jpg,¥0.50,$0.28,,Zaunite Bouncer OGN-188/298 Foiled CN ¥0.50 EN $0.28
2026-09-29T21:18:06+00:00,https://bilgewatermarket.com/cards,Zaunite Bouncer,nonfoil,0.10,https://bilgewatermarket.com/cards/OGN-188,normal,https://bilgewatermarket.com/assets/OGN-188-EN-LcGmST5f.jpg,¥0.50,$0.10,,Zaunite Bouncer OGN-188/298 CN ¥0.50 EN $0.10
2026-09-29T21:18:06+00:00,https://bilgewatermarket.com/cards,"Kayn, Unleashed",nonfoil,0.24,https://bilgewatermarket.com/cards/OGN-189,normal,https://bilgewatermarket.com/assets/OGN-189-EN-BkaJND31.jpg,¥0.51,$0.24,,"Kayn, Unleashed OGN-189/298 CN ¥0.51 EN $0.24"
2026-09-29T21:18:06+00:00,https://bilgewatermarket.com/cards,"Kog'Maw, Caustic",nonfoil,0.27,https://bilgewatermarket.com/cards/OGN-190,normal,https://bilgewatermarket.com/assets/OGN-190-EN--jOHIigY.jpg,¥0.51,$0.27,,"Kog'Maw, Caustic OGN-190/298 CN ¥0.51 EN $0.27"
2026-09-29T21:18:06+00:00,https://bilgewatermarket.com/cards,Maddened Marauder,nonfoil,0.25,https://bilgewatermarket.com/cards/OGN-191,normal,https://bilgewatermarket.com/assets/OGN-191-EN-DszwSGSa.jpg,¥0.51,$0.25,,Maddened Marauder OGN-191/298 CN ¥0.51 EN $0.25
2026-09-29T21:18:06+00:00,https://bilgewatermarket.com/cards,Mindsplitter,nonfoil,0.72,https://bilgewatermarket.com/cards/OGN-192,normal,https://bilgewatermarket.com/assets/OGN-192-EN-DDGjUiuM.jpg,¥4.42,$0.72,,Mindsplitter OGN-192/298 CN ¥4.42 EN $0.72
2026-09-29T21:18:06+00:00,https://bilgewatermarket.com/cards,"Miss Fortune, Buccaneer",nonfoil,0.32,https://bilgewatermarket.com/cards/OGN-193,normal,https://bilgewatermarket.com/assets/OGN-193-EN-CY72uYTH.jpg,¥0.51,$0.32,,"Miss Fortune, Buccaneer OGN-193/298 CN ¥0.51 EN $0.32"
2026-09-29T21:18:06+00:00,https://bilgewatermarket.com/cards,"Miss Fortune, Buccaneer",nonfoil,5.78,https://bilgewatermarket.com/cards/OGN-193a?print_variation=showcase,showcase,https://bilgewatermarket.com/assets/OGN-193a-EN-UAk6_jGU.jpg,¥3.39,$5.78,,"Miss Fortune, Buccaneer OGN-193A/298 Showcase CN ¥3.39 EN $5.78"
2026-09-29T21:18:06+00:00,https://bilgewatermarket.com/cards,"Nocturne, Horrifying",nonfoil,1.16,https://bilgewatermarket.com/cards/OGN-194,normal,https://bilgewatermarket.com/assets/OGN-194-EN-D0TWjQm5.jpg,¥2.41,$1.16,,"Nocturne, Horrifying OGN-194/298 CN ¥2.41 EN $1.16"
2026-09-29T21:18:06+00:00,https://bilgewatermarket.com/cards,Rhasa the Sunderer,nonfoil,1.72,https://bilgewatermarket.com/cards/OGN-195,normal,https://bilgewatermarket.com/assets/OGN-195-EN-B2nRaZoo.jpg,¥2.32,$1.72,,Rhasa the Sunderer OGN-195/298 CN ¥2.32 EN $1.72
2026-09-29T21:18:06+00:00,https://bilgewatermarket.com/cards,Soulgorger,nonfoil,0.39,https://bilgewatermarket.com/cards/OGN-196,normal,https://bilgewatermarket.com/assets/OGN-196-EN-Yui-WyhY.jpg,¥0.84,$0.39,,Soulgorger OGN-196/298 CN ¥0.84 EN $0.39
2026-09-29T21:18:06+00:00,https://bilgewatermarket.com/cards,"Teemo, Scout",nonfoil,0.48,https://bilgewatermarket.com/cards/OGN-197,normal,https://bilgewatermarket.com/assets/OGN-197-EN-B2XS-yAP.jpg,¥0.63,$0.48,,"Teemo, Scout OGN-197/298 CN ¥0.63 EN $0.48"
2026-09-29T21:18:06+00:00,https://bilgewatermarket.com/cards,"Teemo, Scout",nonfoil,13.28,https://bilgewatermarket.com/cards/OGN-197a?print_variation=showcase,showcase,https://bilgewatermarket.com/assets/OGN-197a-EN-BfYtgx7V.jpg,¥5.20,$13.28,,"Teemo, Scout OGN-197A/298 Showcase CN ¥5.20 EN $13.28"
2026-09-29T21:18:06+00:00,https://bilgewatermarket.com/cards,The Harrowing,nonfoil,0.68,https://bilgewatermarket.com/cards/OGN-198,normal,https://bilgewatermarket.com/assets/OGN-198-EN-BxfGTsB6.jpg,¥0.67,$0.68,,The Harrowing OGN-198/298 CN ¥0.67 EN $0.68
2026-09-29T21:18:06+00:00,https://bilgewatermarket.com/cards,Tideturner,nonfoil,1.72,https://bilgewatermarket.com/cards/OGN-199,normal,https://bilgewatermarket.com/assets/OGN-199-EN-dxOZHxb6.jpg,¥16.82,$1.72,,Tideturner OGN-199/298 CN ¥16.82 EN $1.72
2026-09-29T21:18:06+00:00,https://bilgewatermarket.com/cards,"Twisted Fate, Gambler",nonfoil,0.30,https://bilgewatermarket.com/cards/OGN-200,normal,https://bilgewatermarket.com/assets/OGN-200-EN-S8YB3MvM.jpg,¥0.50,$0.30,,"Twisted Fate, Gambler OGN-200/298 CN ¥0.50 EN $0.30"
2026-09-29T21:18:06+00:00,https://bilgewatermarket.com/cards,Invert Timelines,nonfoil,16.70,https://bilgewatermarket.com/cards/OGN-201,normal,https://bilgewatermarket.com/assets/OGN-201-EN-z7H2AAP8.jpg,¥44.72,$16.70,,Invert Timelines OGN-201/298 CN ¥44.72 EN $16.70
2026-09-29T21:18:06+00:00,https://bilgewatermarket.com/cards,"Jinx, Rebel",nonfoil,2.87,https://bilgewatermarket.com/cards/OGN-202,normal,https://bilgewatermarket.com/assets/OGN-202-EN-BYDPQ_dv.jpg,¥1.37,$2.87,,"Jinx, Rebel OGN-202/298 CN ¥1.37 EN $2.87"
2026-09-29T21:18:06+00:00,https://bilgewatermarket.com/cards,"Jinx, Rebel",nonfoil,3.71,https://bilgewatermarket.com/cards/OGN-202a?print_variation=showcase,showcase,https://bilgewatermarket.com/assets/OGN-202a-EN-CK2BBI8Z.jpg,¥2.05,$3.71,,"Jinx, Rebel OGN-202A/298 Showcase CN ¥2.05 EN $3.71"
2026-09-29T21:18:06+00:00,https://bilgewatermarket.com/cards,Possession,nonfoil,0.98,https://bilgewatermarket.com/cards/OGN-203,normal,https://bilgewatermarket.com/assets/OGN-203-EN-Dzvvm0-n.jpg,¥3.76,$0.98,,Possession OGN-203/298 CN ¥3.76 EN $0.98
2026-09-29T21:18:06+00:00,https://bilgewatermarket.com/cards,Seal of Discord,nonfoil,30.55,https://bilgewatermarket.com/cards/OGN-204,normal,https://bilgewatermarket.com/assets/OGN-204-EN-30dV17M9.jpg,¥89.05,$30.55,,Seal of Discord OGN-204/298 CN ¥89.05 EN $30.55
2026-09-29T21:18:06+00:00,https://bilgewatermarket.com/cards,"Yasuo, Windrider",nonfoil,1.30,https://bilgewatermarket.com/cards/OGN-205,normal,https://bilgewatermarket.com/assets/OGN-205-EN-DxiZoXoN.jpg,¥1.53,$1.30,,"Yasuo, Windrider OGN-205/298 CN ¥1.53 EN $1.30"
2026-09-29T21:18:06+00:00,https://bilgewatermarket.com/cards,"Yasuo, Windrider",nonfoil,2.95,https://bilgewatermarket.com/cards/OGN-205a?print_variation=showcase,showcase,https://bilgewatermarket.com/assets/OGN-205a-EN-CR1dhme0.jpg,¥4.39,$2.95,,"Yasuo, Windrider OGN-205A/298 Showcase CN ¥4.39 EN $2.95"
2026-09-29T21:18:06+00:00,https://bilgewatermarket.com/cards,Back to Back,foil,0.18,https://bilgewatermarket.com/cards/OGN-206?print_variation=foiled,foiled,https://bilgewatermarket.com/assets/OGN-206-EN-C-rxtH-v.jpg,¥0.50,$0.18,,Back to Back OGN-206/298 Foiled CN ¥0.50 EN $0.18
2026-09-29T21:18:06+00:00,https://bilgewatermarket.com/cards,Back to Back,nonfoil,0.04,https://bilgewatermarket.com/cards/OGN-206,normal,https://bilgewatermarket.com/assets/OGN-206-EN-C-rxtH-v.jpg,¥0.50,$0.04,,Back to Back OGN-206/298 CN ¥0.50 EN $0.04
2026-09-29T21:18:06+00:00,https://bilgewatermarket.com/cards,Call to Glory,foil,0.46,https://bilgewatermarket.com/cards/OGN-207?print_variation=foiled,foiled,https://bilgewatermarket.com/assets/OGN-207-EN-heX8p8PX.jpg,¥1.31,$0.46,,Call to Glory OGN-207/298 Foiled CN ¥1.31 EN $0.46
2026-09-29T21:18:06+00:00,https://bilgewatermarket.com/cards,Call to Glory,nonfoil,0.21,https://bilgewatermarket.com/cards/OGN-207,normal,https://bilgewatermarket.com/assets/OGN-207-EN-heX8p8PX.jpg,¥0.54,$0.21,,Call to Glory OGN-207/298 CN ¥0.54 EN $0.21
2026-09-29T21:18:06+00:00,https://bilgewatermarket.com/cards,Cruel Patron,foil,0.22,https://bilgewatermarket.com/cards/OGN-208?print_variation=foiled,foiled,https://bilgewatermarket.com/assets/OGN-208-EN-C_72w8nF.jpg,¥0.50,$0.22,,Cruel Patron OGN-208/298 Foiled CN ¥0.50 EN $0.22
2026-09-29T21:18:06+00:00,https://bilgewatermarket.com/cards,Cruel Patron,nonfoil,0.04,https://bilgewatermarket.com/cards/OGN-208,normal,https://bilgewatermarket.com/assets/OGN-208-EN-C_72w8nF.jpg,¥0.50,$0.04,,Cruel Patron OGN-208/298 CN ¥0.50 EN $0.04
2026-09-29T21:18:06+00:00,https://bilgewatermarket.com/cards,Cull the Weak,foil,1.67,https://bilgewatermarket.com/cards/OGN-209?print_variation=foiled,foiled,https://bilgewatermarket.com/assets/OGN-209-EN-ze0bbHkZ.jpg,¥2.52,$1.67,,Cull the Weak OGN-209/298 Foiled CN ¥2.52 EN $1.67
2026-09-29T21:18:06+00:00,https://bilgewatermarket.com/cards,Cull the Weak,nonfoil,0.37,https://bilgewatermarket.com/cards/OGN-209,normal,https://bilgewatermarket.com/assets/OGN-209-EN-ze0bbHkZ.jpg,¥0.57,$0.37,,Cull the Weak OGN-209/298 CN ¥0.57 EN $0.37
2026-09-29T21:18:06+00:00,https://bilgewatermarket.com/cards,Daring Poro,foil,0.25,https://bilgewatermarket.com/cards/OGN-210?print_variation=foiled,foiled,https://bilgewatermarket.com/assets/OGN-210-EN-BGeYttg4.jpg,¥1.35,$0.25,,Daring Poro OGN-210/298 Foiled CN ¥1.35 EN $0.25
2026-09-29T21:18:06+00:00,https://bilgewatermarket.com/cards,Daring Poro,nonfoil,0.10,https://bilgewatermarket.com/cards/OGN-210,normal,https://bilgewatermarket.com/assets/OGN-210-EN-BGeYttg4.jpg,¥0.50,$0.10,,Daring Poro OGN-210/298 CN ¥0.50 EN $0.10
2026-09-29T21:18:06+00:00,https://bilgewatermarket.com/cards,Faithful Manufactor,foil,0.32,https://bilgewatermarket.com/cards/OGN-211?print_variation=foiled,foiled,https://bilgewatermarket.com/assets/OGN-211-EN-BZCmWT3I.jpg,¥0.99,$0.32,,Faithful Manufactor OGN-211/298 Foiled CN ¥0.99 EN $0.32
2026-09-29T21:18:06+00:00,https://bilgewatermarket.com/cards,Faithful Manufactor,nonfoil,0.14,https://bilgewatermarket.com/cards/OGN-211,normal,https://bilgewatermarket.com/assets/OGN-211-EN-BZCmWT3I.jpg,¥0.51,$0.14,,Faithful Manufactor OGN-211/298 CN ¥0.51 EN $0.14
2026-09-29T21:18:06+00:00,https://bilgewatermarket.com/cards,Forge of the Future,foil,0.30,https://bilgewatermarket.com/cards/OGN-212?print_variation=foiled,foiled,https://bilgewatermarket.com/assets/OGN-212-EN-BYc3UmOw.jpg,¥1.23,$0.30,,Forge of the Future OGN-212/298 Foiled CN ¥1.23 EN $0.30
2026-09-29T21:18:06+00:00,https://bilgewatermarket.com/cards,Forge of the Future,nonfoil,0.13,https://bilgewatermarket.com/cards/OGN-212,normal,https://bilgewatermarket.com/assets/OGN-212-EN-BYc3UmOw.jpg,¥0.56,$0.13,,Forge of the Future OGN-212/298 CN ¥0.56 EN $0.13
2026-09-29T21:18:06+00:00,https://bilgewatermarket.com/cards,Hidden Blade,foil,2.37,https://bilgewatermarket.com/cards/OGN-213?print_variation=foiled,foiled,https://bilgewatermarket.com/assets/OGN-213-EN-Pi9OKnkr.jpg,¥4.81,$2.37,,Hidden Blade OGN-213/298 Foiled CN ¥4.81 EN $2.37
2026-09-29T21:18:06+00:00,https://bilgewatermarket.com/cards,Hidden Blade,nonfoil,0.87,https://bilgewatermarket.com/cards/OGN-213,normal,https://bilgewatermarket.com/assets/OGN-213-EN-Pi9OKnkr.jpg,¥1.04,$0.87,,Hidden Blade OGN-213/298 CN ¥1.04 EN $0.87
2026-09-29T21:18:06+00:00,https://bilgewatermarket.com/cards,Order Rune,nonfoil,0.11,https://bilgewatermarket.com/cards/OGN-214,normal,https://bilgewatermarket.com/assets/OGN-214-EN-y-l5inL8.jpg,¥0.51,$0.11,,Order Rune OGN-214/298 CN ¥0.51 EN $0.11
2026-09-29T21:18:06+00:00,https://bilgewatermarket.com/cards,Order Rune,nonfoil,5.20,https://bilgewatermarket.com/cards/OGN-214a?print_variation=showcase,showcase,https://bilgewatermarket.com/assets/OGN-214a-EN-DPbSQxjR.jpg,¥27.74,$5.20,,Order Rune OGN-214A/298 Showcase CN ¥27.74 EN $5.20
2026-09-29T21:18:06+00:00,https://bilgewatermarket.com/cards,Petty Officer,foil,0.15,https://bilgewatermarket.com/cards/OGN-215?print_variation=foiled,foiled,https://bilgewatermarket.com/assets/OGN-215-EN-Bo6VmjEO.jpg,¥0.50,$0.15,,Petty Officer OGN-215/298 Foiled CN ¥0.50 EN $0.15
2026-09-29T21:18:06+00:00,https://bilgewatermarket.com/cards,Petty Officer,nonfoil,0.04,https://bilgewatermarket.com/cards/OGN-215,normal,https://bilgewatermarket.com/assets/OGN-215-EN-Bo6VmjEO.jpg,¥0.50,$0.04,,Petty Officer OGN-215/298 CN ¥0.50 EN $0.04
2026-09-29T21:18:06+00:00,https://bilgewatermarket.com/cards,Soaring Scout,foil,1.40,https://bilgewatermarket.com/cards/OGN-216?print_variation=foiled,foiled,https://bilgewatermarket.com/assets/OGN-216-EN-DkKj40GO.jpg,¥1.60,$1.40,,Soaring Scout OGN-216/298 Foiled CN ¥1.60 EN $1.40
2026-09-29T21:18:06+00:00,https://bilgewatermarket.com/cards,Soaring Scout,nonfoil,0.17,https://bilgewatermarket.com/cards/OGN-216,normal,https://bilgewatermarket.com/assets/OGN-216-EN-DkKj40GO.jpg,¥0.52,$0.17,,Soaring Scout OGN-216/298 CN ¥0.52 EN $0.17
2026-09-29T21:18:06+00:00,https://bilgewatermarket.com/cards,Trifarian Gloryseeker,foil,0.22,https://bilgewatermarket.com/cards/OGN-217?print_variation=foiled,foiled,https://bilgewatermarket.com/assets/OGN-217-EN-CndZDIuU.jpg,¥0.67,$0.22,,Trifarian Gloryseeker OGN-217/298 Foiled CN ¥0.67 EN $0.22
2026-09-29T21:18:06+00:00,https://bilgewatermarket.com/cards,Trifarian Gloryseeker,nonfoil,0.04,https://bilgewatermarket.com/cards/OGN-217,normal,https://bilgewatermarket.com/assets/OGN-217-EN-CndZDIuU.jpg,¥0.50,$0.04,,Trifarian Gloryseeker OGN-217/298 CN ¥0.50 EN $0.04
2026-09-29T21:18:06+00:00,https://bilgewatermarket.com/cards,Vanguard Captain,foil,0.30,https://bilgewatermarket.com/cards/OGN-218?print_variation=foiled,foiled,https://bilgewatermarket.com/assets/OGN-218-EN-C0FqBzbz.jpg,¥0.90,$0.30,,Vanguard Captain OGN-218/298 Foiled CN ¥0.90 EN $0.30
2026-09-29T21:18:06+00:00,https://bilgewatermarket.com/cards,Vanguard Captain,nonfoil,0.17,https://bilgewatermarket.com/cards/OGN-218,normal,https://bilgewatermarket.com/assets/OGN-218-EN-C0FqBzbz.jpg,¥0.51,$0.17,,Vanguard Captain OGN-218/298 CN ¥0.51 EN $0.17
2026-09-29T21:18:06+00:00,https://bilgewatermarket.com/cards,Vanguard Sergeant,foil,0.16,https://bilgewatermarket.com/cards/OGN-219?print_variation=foiled,foiled,https://bilgewatermarket.com/assets/OGN-219-EN-CFRKo5nV.jpg,¥0.50,$0.16,,Vanguard Sergeant OGN-219/298 Foiled CN ¥0.50 EN $0.16
2026-09-29T21:18:06+00:00,https://bilgewatermarket.com/cards,Vanguard Sergeant,nonfoil,0.03,https://bilgewatermarket.com/cards/OGN-219,normal,https://bilgewatermarket.com/assets/OGN-219-EN-CFRKo5nV.jpg,¥0.50,$0.03,,Vanguard Sergeant OGN-219/298 CN ¥0.50 EN $0.03
2026-09-29T21:18:06+00:00,https://bilgewatermarket.com/cards,Facebreaker,foil,0.41,https://bilgewatermarket.com/cards/OGN-220?print_variation=foiled,foiled,https://bilgewatermarket.com/assets/OGN-220-EN-CTKUEcGL.jpg,¥2.70,$0.41,,Facebreaker OGN-220/298 Foiled CN ¥2.70 EN $0.41
2026-09-29T21:18:06+00:00,https://bilgewatermarket.com/cards,Facebreaker,nonfoil,0.18,https://bilgewatermarket.com/cards/OGN-220,normal,https://bilgewatermarket.com/assets/OGN-220-EN-CTKUEcGL.jpg,¥1.07,$0.18,,Facebreaker OGN-220/298 CN ¥1.07 EN $0.18
2026-09-29T21:18:06+00:00,https://bilgewatermarket.com/cards,Imperial Decree,foil,1.57,https://bilgewatermarket.com/cards/OGN-221?print_variation=foiled,foiled,https://bilgewatermarket.com/assets/OGN-221-EN-B0uj8X7_.jpg,¥3.73,$1.57,,Imperial Decree OGN-221/298 Foiled CN ¥3.73 EN $1.57
2026-09-29T21:18:06+00:00,https://bilgewatermarket.com/cards,Imperial Decree,nonfoil,0.59,https://bilgewatermarket.com/cards/OGN-221,normal,https://bilgewatermarket.com/assets/OGN-221-EN-B0uj8X7_.jpg,¥2.04,$0.59,,Imperial Decree OGN-221/298 CN ¥2.04 EN $0.59
2026-09-29T21:18:06+00:00,https://bilgewatermarket.com/cards,Noxian Drummer,foil,0.32,https://bilgewatermarket.com/cards/OGN-222?print_variation=foiled,foiled,https://bilgewatermarket.com/assets/OGN-222-EN-BxxkquI3.jpg,¥1.00,$0.32,,Noxian Drummer OGN-222/298 Foiled CN ¥1.00 EN $0.32
2026-09-29T21:18:06+00:00,https://bilgewatermarket.com/cards,Noxian Drummer,nonfoil,0.10,https://bilgewatermarket.com/cards/OGN-222,normal,https://bilgewatermarket.com/assets/OGN-222-EN-BxxkquI3.jpg,¥0.55,$0.10,,Noxian Drummer OGN-222/298 CN ¥0.55 EN $0.10
2026-09-29T21:18:06+00:00,https://bilgewatermarket.com/cards,Peak Guardian,foil,0.31,https://bilgewatermarket.com/cards/OGN-223?print_variation=foiled,foiled,https://bilgewatermarket.com/assets/OGN-223-EN-34pOIQnj.jpg,¥0.50,$0.31,,Peak Guardian OGN-223/298 Foiled CN ¥0.50 EN $0.31
2026-09-29T21:18:06+00:00,https://bilgewatermarket.com/cards,Peak Guardian,nonfoil,0.10,https://bilgewatermarket.com/cards/OGN-223,normal,https://bilgewatermarket.com/assets/OGN-223-EN-34pOIQnj.jpg,¥0.50,$0.10,,Peak Guardian OGN-223/298 CN ¥0.50 EN $0.10
2026-09-29T21:18:06+00:00,https://bilgewatermarket.com/cards,Salvage,foil,7.24,https://bilgewatermarket.com/cards/OGN-224?print_variation=foiled,foiled,https://bilgewatermarket.com/assets/OGN-224-EN-CEet3k-r.jpg,¥14.56,$7.24,,Salvage OGN-224/298 Foiled CN ¥14.56 EN $7.24
2026-09-29T21:18:06+00:00,https://bilgewatermarket.com/cards,Salvage,nonfoil,4.37,https://bilgewatermarket.com/cards/OGN-224,normal,https://bilgewatermarket.com/assets/OGN-224-EN-CEet3k-r.jpg,¥6.97,$4.37,,Salvage OGN-224/298 CN ¥6.97 EN $4.37
2026-09-29T21:18:06+00:00,https://bilgewatermarket.com/cards,Solari Chief,foil,0.30,https://bilgewatermarket.com/cards/OGN-225?print_variation=foiled,foiled,https://bilgewatermarket.com/assets/OGN-225-EN-BUdkV6dt.jpg,¥0.53,$0.30,,Solari Chief OGN-225/298 Foiled CN ¥0.53 EN $0.30
2026-09-29T21:18:06+00:00,https://bilgewatermarket.com/cards,Solari Chief,nonfoil,0.14,https://bilgewatermarket.com/cards/OGN-225,normal,https://bilgewatermarket.com/assets/OGN-225-EN-BUdkV6dt.jpg,¥0.50,$0.14,,Solari Chief OGN-225/298 CN ¥0.50 EN $0.14
2026-09-29T21:18:06+00:00,https://bilgewatermarket.com/cards,Spectral Matron,foil,2.34,https://bilgewatermarket.com/cards/OGN-226?print_variation=foiled,foiled,https://bilgewatermarket.com/assets/OGN-226-EN-BT5LYnIK.jpg,¥2.79,$2.34,,Spectral Matron OGN-226/298 Foiled CN ¥2.79 EN $2.34
2026-09-29T21:18:06+00:00,https://bilgewatermarket.com/cards,Spectral Matron,nonfoil,0.25,https://bilgewatermarket.com/cards/OGN-226,normal,https://bilgewatermarket.com/assets/OGN-226-EN-BT5LYnIK.jpg,¥1.06,$0.25,,Spectral Matron OGN-226/298 CN ¥1.06 EN $0.25
2026-09-29T21:18:06+00:00,https://bilgewatermarket.com/cards,Symbol of the Solari,foil,0.30,https://bilgewatermarket.com/cards/OGN-227?print_variation=foiled,foiled,https://bilgewatermarket.com/assets/OGN-227-EN-haeud-Gr.jpg,¥0.50,$0.30,,Symbol of the Solari OGN-227/298 Foiled CN ¥0.50 EN $0.30
2026-09-29T21:18:06+00:00,https://bilgewatermarket.com/cards,Symbol of the Solari,nonfoil,0.12,https://bilgewatermarket.com/cards/OGN-227,normal,https://bilgewatermarket.com/assets/OGN-227-EN-haeud-Gr.jpg,¥0.50,$0.12,,Symbol of the Solari OGN-227/298 CN ¥0.50 EN $0.12
2026-09-29T21:18:06+00:00,https://bilgewatermarket.com/cards,Vanguard Helm,foil,0.24,https://bilgewatermarket.com/cards/OGN-228?print_variation=foiled,foiled,https://bilgewatermarket.com/assets/OGN-228-EN-BLms7Jtd.jpg,¥0.50,$0.24,,Vanguard Helm OGN-228/298 Foiled CN ¥0.50 EN $0.24
2026-09-29T21:18:06+00:00,https://bilgewatermarket.com/cards,Vanguard Helm,nonfoil,0.11,https://bilgewatermarket.com/cards/OGN-228,normal,https://bilgewatermarket.com/assets/OGN-228-EN-BLms7Jtd.jpg,¥0.50,$0.11,,Vanguard Helm OGN-228/298 CN ¥0.50 EN $0.11
2026-09-29T21:18:06+00:00,https://bilgewatermarket.com/cards,Vengeance,foil,0.59,https://bilgewatermarket.com/cards/OGN-229?print_variation=foiled,foiled,https://bilgewatermarket.com/assets/OGN-229-EN-CzehusPJ.jpg,¥1.53,$0.59,,Vengeance OGN-229/298 Foiled CN ¥1.53 EN $0.59
2026-09-29T21:18:06+00:00,https://bilgewatermarket.com/cards,Vengeance,nonfoil,0.19,https://bilgewatermarket.com/cards/OGN-229,normal,https://bilgewatermarket.com/assets/OGN-229-EN-CzehusPJ.jpg,¥0.61,$0.19,,Vengeance OGN-229/298 CN ¥0.61 EN $0.19
2026-09-29T21:18:06+00:00,https://bilgewatermarket.com/cards,Albus Ferros,nonfoil,0.15,https://bilgewatermarket.com/cards/OGN-230,normal,https://bilgewatermarket.com/assets/OGN-230-EN-CXQVOd3u.jpg,¥0.50,$0.15,,Albus Ferros OGN-230/298 CN ¥0.50 EN $0.15
2026-09-29T21:18:06+00:00,https://bilgewatermarket.com/cards,Commander Ledros,nonfoil,0.20,https://bilgewatermarket.com/cards/OGN-231,normal,https://bilgewatermarket.com/assets/OGN-231-EN-CKn7rnTk.jpg,¥0.51,$0.20,,Commander Ledros OGN-231/298 CN ¥0.51 EN $0.20
2026-09-29T21:18:06+00:00,https://bilgewatermarket.com/cards,"Fiora, Victorious",nonfoil,1.50,https://bilgewatermarket.com/cards/OGN-232,normal,https://bilgewatermarket.com/assets/OGN-232-EN-t0ltmrrI.jpg,¥4.67,$1.50,,"Fiora, Victorious OGN-232/298 CN ¥4.67 EN $1.50"
2026-09-29T21:18:06+00:00,https://bilgewatermarket.com/cards,Grand Strategem,nonfoil,0.41,https://bilgewatermarket.com/cards/OGN-233,normal,https://bilgewatermarket.com/assets/OGN-233-EN-CsAanOSf.jpg,¥1.38,$0.41,,Grand Strategem OGN-233/298 CN ¥1.38 EN $0.41
2026-09-29T21:18:06+00:00,https://bilgewatermarket.com/cards,Harnessed Dragon,nonfoil,3.05,https://bilgewatermarket.com/cards/OGN-234,normal,https://bilgewatermarket.com/assets/OGN-234-EN-j5xTRb6i.jpg,¥2.35,$3.05,,Harnessed Dragon OGN-234/298 CN ¥2.35 EN $3.05
2026-09-29T21:18:06+00:00,https://bilgewatermarket.com/cards,"Karma, Channeler",nonfoil,0.33,https://bilgewatermarket.com/cards/OGN-235,normal,https://bilgewatermarket.com/assets/OGN-235-EN-C_PP_2gg.jpg,¥0.51,$0.33,,"Karma, Channeler OGN-235/298 CN ¥0.51 EN $0.33"
2026-09-29T21:18:06+00:00,https://bilgewatermarket.com/cards,"Karthus, Eternal",nonfoil,2.67,https://bilgewatermarket.com/cards/OGN-236,normal,https://bilgewatermarket.com/assets/OGN-236-EN-DObYwIN6.jpg,¥2.18,$2.67,,"Karthus, Eternal OGN-236/298 CN ¥2.18 EN $2.67"
2026-09-29T21:18:06+00:00,https://bilgewatermarket.com/cards,King's Edict,nonfoil,0.22,https://bilgewatermarket.com/cards/OGN-237,normal,https://bilgewatermarket.com/assets/OGN-237-EN-krlhN1uw.jpg,¥0.59,$0.22,,King's Edict OGN-237/298 CN ¥0.59 EN $0.22
2026-09-29T21:18:06+00:00,https://bilgewatermarket.com/cards,"Leona, Determined",nonfoil,0.51,https://bilgewatermarket.com/cards/OGN-238,normal,https://bilgewatermarket.com/assets/OGN-238-EN-D6ZW72EI.jpg,¥0.67,$0.51,,"Leona, Determined OGN-238/298 CN ¥0.67 EN $0.51"
2026-09-29T21:18:06+00:00,https://bilgewatermarket.com/cards,"Leona, Determined",nonfoil,3.16,https://bilgewatermarket.com/cards/OGN-238a?print_variation=showcase,showcase,https://bilgewatermarket.com/assets/OGN-238a-EN-Dn6Lybxf.jpg,¥4.03,$3.16,,"Leona, Determined OGN-238A/298 Showcase CN ¥4.03 EN $3.16"
2026-09-29T21:18:06+00:00,https://bilgewatermarket.com/cards,Machine Evangel,nonfoil,0.29,https://bilgewatermarket.com/cards/OGN-239,normal,https://bilgewatermarket.com/assets/OGN-239-EN-79wax4-k.jpg,¥1.17,$0.29,,Machine Evangel OGN-239/298 CN ¥1.17 EN $0.29
2026-09-29T21:18:06+00:00,https://bilgewatermarket.com/cards,"Sett, Kingpin",nonfoil,0.34,https://bilgewatermarket.com/cards/OGN-240,normal,https://bilgewatermarket.com/assets/OGN-240-EN-Dt5_BelZ.jpg,¥0.82,$0.34,,"Sett, Kingpin OGN-240/298 CN ¥0.82 EN $0.34"
2026-09-29T21:18:06+00:00,https://bilgewatermarket.com/cards,"Sett, Kingpin",nonfoil,1.26,https://bilgewatermarket.com/cards/OGN-240a?print_variation=showcase,showcase,https://bilgewatermarket.com/assets/OGN-240a-EN-oKiVBRPE.jpg,¥2.75,$1.26,,"Sett, Kingpin OGN-240A/298 Showcase CN ¥2.75 EN $1.26"
2026-09-29T21:18:06+00:00,https://bilgewatermarket.com/cards,"Shen, Kinkou",nonfoil,0.55,https://bilgewatermarket.com/cards/OGN-241,normal,https://bilgewatermarket.com/assets/OGN-241-EN-B0GDGsF-.jpg,¥1.40,$0.55,,"Shen, Kinkou OGN-241/298 CN ¥1.40 EN $0.55"
2026-09-29T21:18:06+00:00,https://bilgewatermarket.com/cards,Baited Hook,nonfoil,62.56,https://bilgewatermarket.com/cards/OGN-242,normal,https://bilgewatermarket.com/assets/OGN-242-EN-BMOjWZlq.jpg,¥76.24,$62.56,,Baited Hook OGN-242/298 CN ¥76.24 EN $62.56
2026-09-29T21:18:06+00:00,https://bilgewatermarket.com/cards,"Darius, Executioner",nonfoil,0.81,https://bilgewatermarket.com/cards/OGN-243,normal,https://bilgewatermarket.com/assets/OGN-243-EN-f5Ai9lEs.jpg,¥1.01,$0.81,,"Darius, Executioner OGN-243/298 CN ¥1.01 EN $0.81"
2026-09-29T21:18:06+00:00,https://bilgewatermarket.com/cards,"Darius, Executioner",nonfoil,2.32,https://bilgewatermarket.com/cards/OGN-243a?print_variation=showcase,showcase,https://bilgewatermarket.com/assets/OGN-243a-EN-DT6540My.jpg,¥3.37,$2.32,,"Darius, Executioner OGN-243A/298 Showcase CN ¥3.37 EN $2.32"
2026-09-29T21:18:06+00:00,https://bilgewatermarket.com/cards,Divine Judgment,nonfoil,3.84,https://bilgewatermarket.com/cards/OGN-244,normal,https://bilgewatermarket.com/assets/OGN-244-EN-BWZ_FmeD.jpg,¥11.36,$3.84,,Divine Judgment OGN-244/298 CN ¥11.36 EN $3.84
2026-09-29T21:18:06+00:00,https://bilgewatermarket.com/cards,Seal of Unity,nonfoil,14.60,https://bilgewatermarket.com/cards/OGN-245,normal,https://bilgewatermarket.com/assets/OGN-245-EN-Dq5-Gxrr.jpg,¥55.23,$14.60,,Seal of Unity OGN-245/298 CN ¥55.23 EN $14.60
2026-09-29T21:18:06+00:00,https://bilgewatermarket.com/cards,"Viktor, Leader",nonfoil,2.12,https://bilgewatermarket.com/cards/OGN-246,normal,https://bilgewatermarket.com/assets/OGN-246-EN-CUkTKwL2.jpg,¥2.40,$2.12,,"Viktor, Leader OGN-246/298 CN ¥2.40 EN $2.12"
2026-09-29T21:18:06+00:00,https://bilgewatermarket.com/cards,"Viktor, Leader",nonfoil,2.68,https://bilgewatermarket.com/cards/OGN-246a?print_variation=showcase,showcase,https://bilgewatermarket.com/assets/OGN-246a-EN-BLXlHXLw.jpg,¥2.81,$2.68,,"Viktor, Leader OGN-246A/298 Showcase CN ¥2.81 EN $2.68"
2026-09-29T21:18:06+00:00,https://bilgewatermarket.com/cards,"Kai'Sa, Daughter of the Void",nonfoil,0.29,https://bilgewatermarket.com/cards/OGN-247,normal,https://bilgewatermarket.com/assets/OGN-247-EN-D0UiS7U7.jpg,¥0.61,$0.29,,"Kai'Sa, Daughter of the Void OGN-247/298 CN ¥0.61 EN $0.29"
2026-09-29T21:18:06+00:00,https://bilgewatermarket.com/cards,Icathian Rain,nonfoil,2.85,https://bilgewatermarket.com/cards/OGN-248,normal,https://bilgewatermarket.com/assets/OGN-248-EN-ChYxIpAm.jpg,¥7.43,$2.85,,Icathian Rain OGN-248/298 CN ¥7.43 EN $2.85
2026-09-29T21:18:06+00:00,https://bilgewatermarket.com/cards,"Volibear, Relentless Storm",nonfoil,0.24,https://bilgewatermarket.com/cards/OGN-249,normal,https://bilgewatermarket.com/assets/OGN-249-EN-Cugys4iN.jpg,¥0.50,$0.24,,"Volibear, Relentless Storm OGN-249/298 CN ¥0.50 EN $0.24"
2026-09-29T21:18:06+00:00,https://bilgewatermarket.com/cards,Stormbringer,nonfoil,1.79,https://bilgewatermarket.com/cards/OGN-250,normal,https://bilgewatermarket.com/assets/OGN-250-EN-Bn5fkiE7.jpg,¥1.14,$1.79,,Stormbringer OGN-250/298 CN ¥1.14 EN $1.79
2026-09-29T21:18:06+00:00,https://bilgewatermarket.com/cards,"Jinx, Loose Cannon",nonfoil,0.24,https://bilgewatermarket.com/cards/OGN-251,normal,https://bilgewatermarket.com/assets/OGN-251-EN-JYlB6RQZ.jpg,¥0.63,$0.24,,"Jinx, Loose Cannon OGN-251/298 CN ¥0.63 EN $0.24"
2026-09-29T21:18:06+00:00,https://bilgewatermarket.com/cards,Super Mega Death Rocket!,nonfoil,3.54,https://bilgewatermarket.com/cards/OGN-252,normal,https://bilgewatermarket.com/assets/OGN-252-EN-CwYr8TD3.jpg,¥2.59,$3.54,,Super Mega Death Rocket! OGN-252/298 CN ¥2.59 EN $3.54
2026-09-29T21:18:06+00:00,https://bilgewatermarket.com/cards,"Darius, Hand of Noxus",nonfoil,0.19,https://bilgewatermarket.com/cards/OGN-253,normal,https://bilgewatermarket.com/assets/OGN-253-EN-Bb8UWLvV.jpg,¥0.50,$0.19,,"Darius, Hand of Noxus OGN-253/298 CN ¥0.50 EN $0.19"
2026-09-29T21:18:06+00:00,https://bilgewatermarket.com/cards,Noxian Guillotine,nonfoil,0.72,https://bilgewatermarket.com/cards/OGN-254,normal,https://bilgewatermarket.com/assets/OGN-254-EN-BOB5O-6j.jpg,¥1.03,$0.72,,Noxian Guillotine OGN-254/298 CN ¥1.03 EN $0.72
2026-09-29T21:18:06+00:00,https://bilgewatermarket.com/cards,"Ahri, Nine-Tailed Fox",nonfoil,1.83,https://bilgewatermarket.com/cards/OGN-255,normal,https://bilgewatermarket.com/assets/OGN-255-EN-DA4wlmz3.jpg,¥0.63,$1.83,,"Ahri, Nine-Tailed Fox OGN-255/298 CN ¥0.63 EN $1.83"
2026-09-29T21:18:06+00:00,https://bilgewatermarket.com/cards,Fox-Fire,nonfoil,3.06,https://bilgewatermarket.com/cards/OGN-256,normal,https://bilgewatermarket.com/assets/OGN-256-EN-D5P93-wL.jpg,¥2.48,$3.06,,Fox-Fire OGN-256/298 CN ¥2.48 EN $3.06
2026-09-29T21:18:06+00:00,https://bilgewatermarket.com/cards,"Lee Sin, Blind Monk",nonfoil,0.18,https://bilgewatermarket.com/cards/OGN-257,normal,https://bilgewatermarket.com/assets/OGN-257-EN-CXY_X1l6.jpg,¥0.50,$0.18,,"Lee Sin, Blind Monk OGN-257/298 CN ¥0.50 EN $0.18"
2026-09-29T21:18:06+00:00,https://bilgewatermarket.com/cards,Dragon's Rage,nonfoil,0.98,https://bilgewatermarket.com/cards/OGN-258,normal,https://bilgewatermarket.com/assets/OGN-258-EN-DfPdkEz6.jpg,¥1.07,$0.98,,Dragon's Rage OGN-258/298 CN ¥1.07 EN $0.98
2026-09-29T21:18:06+00:00,https://bilgewatermarket.com/cards,"Yasuo, Unforgiven",nonfoil,0.26,https://bilgewatermarket.com/cards/OGN-259,normal,https://bilgewatermarket.com/assets/OGN-259-EN-BiLxdbhr.jpg,¥0.50,$0.26,,"Yasuo, Unforgiven OGN-259/298 CN ¥0.50 EN $0.26"
2026-09-29T21:18:06+00:00,https://bilgewatermarket.com/cards,Last Breath,nonfoil,1.51,https://bilgewatermarket.com/cards/OGN-260,normal,https://bilgewatermarket.com/assets/OGN-260-EN-BOE7HPU0.jpg,¥1.26,$1.51,,Last Breath OGN-260/298 CN ¥1.26 EN $1.51
2026-09-29T21:18:06+00:00,https://bilgewatermarket.com/cards,"Leona, Radiant Dawn",nonfoil,0.31,https://bilgewatermarket.com/cards/OGN-261,normal,https://bilgewatermarket.com/assets/OGN-261-EN-DP1pDq1l.jpg,¥0.55,$0.31,,"Leona, Radiant Dawn OGN-261/298 CN ¥0.55 EN $0.31"
2026-09-29T21:18:06+00:00,https://bilgewatermarket.com/cards,Zenith Blade,nonfoil,4.41,https://bilgewatermarket.com/cards/OGN-262,normal,https://bilgewatermarket.com/assets/OGN-262-EN-1TAfuIkL.jpg,¥3.19,$4.41,,Zenith Blade OGN-262/298 CN ¥3.19 EN $4.41
2026-09-29T21:18:06+00:00,https://bilgewatermarket.com/cards,"Teemo, Swift Scout",nonfoil,0.37,https://bilgewatermarket.com/cards/OGN-263,normal,https://bilgewatermarket.com/assets/OGN-263-EN-Bi8Ujno9.jpg,¥0.61,$0.37,,"Teemo, Swift Scout OGN-263/298 CN ¥0.61 EN $0.37"
2026-09-29T21:18:06+00:00,https://bilgewatermarket.com/cards,Guerilla Warfare,nonfoil,3.67,https://bilgewatermarket.com/cards/OGN-264,normal,https://bilgewatermarket.com/assets/OGN-264-EN-AjInpnTx.jpg,¥2.56,$3.67,,Guerilla Warfare OGN-264/298 CN ¥2.56 EN $3.67
2026-09-29T21:18:06+00:00,https://bilgewatermarket.com/cards,"Viktor, Herald of the Arcane",nonfoil,0.34,https://bilgewatermarket.com/cards/OGN-265,normal,https://bilgewatermarket.com/assets/OGN-265-EN-Balfln4C.jpg,¥0.50,$0.34,,"Viktor, Herald of the Arcane OGN-265/298 CN ¥0.50 EN $0.34"
2026-09-29T21:18:06+00:00,https://bilgewatermarket.com/cards,Siphon Power,nonfoil,1.15,https://bilgewatermarket.com/cards/OGN-266,normal,https://bilgewatermarket.com/assets/OGN-266-EN-CNNeZLiF.jpg,¥1.13,$1.15,,Siphon Power OGN-266/298 CN ¥1.13 EN $1.15
2026-09-29T21:18:06+00:00,https://bilgewatermarket.com/cards,"Miss Fortune, Bounty Hunter",nonfoil,0.25,https://bilgewatermarket.com/cards/OGN-267,normal,https://bilgewatermarket.com/assets/OGN-267-EN-DsMcjNwB.jpg,¥0.54,$0.25,,"Miss Fortune, Bounty Hunter OGN-267/298 CN ¥0.54 EN $0.25"
2026-09-29T21:18:06+00:00,https://bilgewatermarket.com/cards,Bullet Time,nonfoil,2.63,https://bilgewatermarket.com/cards/OGN-268,normal,https://bilgewatermarket.com/assets/OGN-268-EN-ChOkripK.jpg,¥3.54,$2.63,,Bullet Time OGN-268/298 CN ¥3.54 EN $2.63
2026-09-29T21:18:06+00:00,https://bilgewatermarket.com/cards,"Sett, The Boss",nonfoil,0.26,https://bilgewatermarket.com/cards/OGN-269,normal,https://bilgewatermarket.com/assets/OGN-269-EN-DEIRtEJ3.jpg,¥0.63,$0.26,,"Sett, The Boss OGN-269/298 CN ¥0.63 EN $0.26"
2026-09-29T21:18:06+00:00,https://bilgewatermarket.com/cards,Showstopper,nonfoil,4.56,https://bilgewatermarket.com/cards/OGN-270,normal,https://bilgewatermarket.com/assets/OGN-270-EN-XnLA2tXy.jpg,¥10.75,$4.56,,Showstopper OGN-270/298 CN ¥10.75 EN $4.56
2026-09-29T21:18:06+00:00,https://bilgewatermarket.com/cards,Recruit (DE),nonfoil,0.12,https://bilgewatermarket.com/cards/OGN-271,normal,https://bilgewatermarket.com/assets/OGN-271-EN-zsOrdF9n.jpg,¥0.58,$0.12,,Recruit (DE) OGN-271/298 CN ¥0.58 EN $0.12
2026-09-29T21:18:06+00:00,https://bilgewatermarket.com/cards,Recruit (NX),nonfoil,0.13,https://bilgewatermarket.com/cards/OGN-272,normal,https://bilgewatermarket.com/assets/OGN-272-EN-tS23E_hW.jpg,¥0.51,$0.13,,Recruit (NX) OGN-272/298 CN ¥0.51 EN $0.13
2026-09-29T21:18:06+00:00,https://bilgewatermarket.com/cards,Recruit (ZN),nonfoil,0.17,https://bilgewatermarket.com/cards/OGN-273,normal,https://bilgewatermarket.com/assets/OGN-273-EN-rFaw0nIf.jpg,¥0.67,$0.17,,Recruit (ZN) OGN-273/298 CN ¥0.67 EN $0.17
2026-09-29T21:18:06+00:00,https://bilgewatermarket.com/cards,Sprite,nonfoil,0.15,https://bilgewatermarket.com/cards/OGN-274,normal,https://bilgewatermarket.com/assets/OGN-274-EN-DlIKyPH-.jpg,¥0.54,$0.15,,Sprite OGN-274/298 CN ¥0.54 EN $0.15
2026-09-29T21:18:06+00:00,https://bilgewatermarket.com/cards,Altar to Unity,foil,0.43,https://bilgewatermarket.com/cards/OGN-275?print_variation=foiled,foiled,https://bilgewatermarket.com/assets/OGN-275-EN-CPPZ4Hzv.jpg,¥0.72,$0.43,,Altar to Unity OGN-275/298 Foiled CN ¥0.72 EN $0.43
2026-09-29T21:18:06+00:00,https://bilgewatermarket.com/cards,Altar to Unity,nonfoil,0.09,https://bilgewatermarket.com/cards/OGN-275,normal,https://bilgewatermarket.com/assets/OGN-275-EN-CPPZ4Hzv.jpg,¥0.50,$0.09,,Altar to Unity OGN-275/298 CN ¥0.50 EN $0.09
2026-09-29T21:18:06+00:00,https://bilgewatermarket.com/cards,Aspirant's Climb,foil,1.24,https://bilgewatermarket.com/cards/OGN-276?print_variation=foiled,foiled,https://bilgewatermarket.com/assets/OGN-276-EN-CHlUeWa1.jpg,¥2.49,$1.24,,BANNED Aspirant's Climb OGN-276/298 Foiled CN ¥2.49 EN $1.24
2026-09-29T21:18:06+00:00,https://bilgewatermarket.com/cards,Aspirant's Climb,nonfoil,0.20,https://bilgewatermarket.com/cards/OGN-276,normal,https://bilgewatermarket.com/assets/OGN-276-EN-CHlUeWa1.jpg,¥0.51,$0.20,,BANNED Aspirant's Climb OGN-276/298 CN ¥0.51 EN $0.20
2026-09-29T21:18:06+00:00,https://bilgewatermarket.com/cards,Back-Alley Bar,foil,0.49,https://bilgewatermarket.com/cards/OGN-277?print_variation=foiled,foiled,https://bilgewatermarket.com/assets/OGN-277-EN-6JUPPmQ3.jpg,¥0.98,$0.49,,Back-Alley Bar OGN-277/298 Foiled CN ¥0.98 EN $0.49
2026-09-29T21:18:06+00:00,https://bilgewatermarket.com/cards,Back-Alley Bar,nonfoil,0.17,https://bilgewatermarket.com/cards/OGN-277,normal,https://bilgewatermarket.com/assets/OGN-277-EN-6JUPPmQ3.jpg,¥0.54,$0.17,,Back-Alley Bar OGN-277/298 CN ¥0.54 EN $0.17
2026-09-29T21:18:06+00:00,https://bilgewatermarket.com/cards,Bandle Tree,foil,0.49,https://bilgewatermarket.com/cards/OGN-278?print_variation=foiled,foiled,https://bilgewatermarket.com/assets/OGN-278-EN-C3OLGXBA.jpg,¥1.14,$0.49,,Bandle Tree OGN-278/298 Foiled CN ¥1.14 EN $0.49
2026-09-29T21:18:06+00:00,https://bilgewatermarket.com/cards,Bandle Tree,nonfoil,0.23,https://bilgewatermarket.com/cards/OGN-278,normal,https://bilgewatermarket.com/assets/OGN-278-EN-C3OLGXBA.jpg,¥0.52,$0.23,,Bandle Tree OGN-278/298 CN ¥0.52 EN $0.23
2026-09-29T21:18:06+00:00,https://bilgewatermarket.com/cards,Fortified Position,foil,0.57,https://bilgewatermarket.com/cards/OGN-279?print_variation=foiled,foiled,https://bilgewatermarket.com/assets/OGN-279-EN-DFWpW0Ee.jpg,¥1.66,$0.57,,Fortified Position OGN-279/298 Foiled CN ¥1.66 EN $0.57
2026-09-29T21:18:06+00:00,https://bilgewatermarket.com/cards,Fortified Position,nonfoil,0.15,https://bilgewatermarket.com/cards/OGN-279,normal,https://bilgewatermarket.com/assets/OGN-279-EN-DFWpW0Ee.jpg,¥0.54,$0.15,,Fortified Position OGN-279/298 CN ¥0.54 EN $0.15
2026-09-29T21:18:06+00:00,https://bilgewatermarket.com/cards,Grove of the God-Willow,foil,1.48,https://bilgewatermarket.com/cards/OGN-280?print_variation=foiled,foiled,https://bilgewatermarket.com/assets/OGN-280-EN-D4M4jkCx.jpg,¥3.19,$1.48,,Grove of the God-Willow OGN-280/298 Foiled CN ¥3.19 EN $1.48
2026-09-29T21:18:06+00:00,https://bilgewatermarket.com/cards,Grove of the God-Willow,nonfoil,0.25,https://bilgewatermarket.com/cards/OGN-280,normal,https://bilgewatermarket.com/assets/OGN-280-EN-D4M4jkCx.jpg,¥0.69,$0.25,,Grove of the God-Willow OGN-280/298 CN ¥0.69 EN $0.25
2026-09-29T21:18:06+00:00,https://bilgewatermarket.com/cards,Hallowed Tomb,foil,0.43,https://bilgewatermarket.com/cards/OGN-281?print_variation=foiled,foiled,https://bilgewatermarket.com/assets/OGN-281-EN-JE8ErdfV.jpg,¥1.49,$0.43,,Hallowed Tomb OGN-281/298 Foiled CN ¥1.49 EN $0.43
2026-09-29T21:18:06+00:00,https://bilgewatermarket.com/cards,Hallowed Tomb,nonfoil,0.18,https://bilgewatermarket.com/cards/OGN-281,normal,https://bilgewatermarket.com/assets/OGN-281-EN-JE8ErdfV.jpg,¥0.50,$0.18,,Hallowed Tomb OGN-281/298 CN ¥0.50 EN $0.18
2026-09-29T21:18:06+00:00,https://bilgewatermarket.com/cards,Monastery of Hirana,foil,0.56,https://bilgewatermarket.com/cards/OGN-282?print_variation=foiled,foiled,https://bilgewatermarket.com/assets/OGN-282-EN-DPUyEDa0.jpg,¥2.00,$0.56,,Monastery of Hirana OGN-282/298 Foiled CN ¥2.00 EN $0.56
2026-09-29T21:18:06+00:00,https://bilgewatermarket.com/cards,Monastery of Hirana,nonfoil,0.19,https://bilgewatermarket.com/cards/OGN-282,normal,https://bilgewatermarket.com/assets/OGN-282-EN-DPUyEDa0.jpg,¥0.62,$0.19,,Monastery of Hirana OGN-282/298 CN ¥0.62 EN $0.19
2026-09-29T21:18:06+00:00,https://bilgewatermarket.com/cards,Navori Fighting Pit,foil,0.36,https://bilgewatermarket.com/cards/OGN-283?print_variation=foiled,foiled,https://bilgewatermarket.com/assets/OGN-283-EN-HqwYUmn8.jpg,¥1.01,$0.36,,Navori Fighting Pit OGN-283/298 Foiled CN ¥1.01 EN $0.36
2026-09-29T21:18:06+00:00,https://bilgewatermarket.com/cards,Navori Fighting Pit,nonfoil,0.14,https://bilgewatermarket.com/cards/OGN-283,normal,https://bilgewatermarket.com/assets/OGN-283-EN-HqwYUmn8.jpg,¥0.50,$0.14,,Navori Fighting Pit OGN-283/298 CN ¥0.50 EN $0.14
2026-09-29T21:18:06+00:00,https://bilgewatermarket.com/cards,Obelisk of Power,foil,0.66,https://bilgewatermarket.com/cards/OGN-284?print_variation=foiled,foiled,https://bilgewatermarket.com/assets/OGN-284-EN-B8ZnXu0R.jpg,¥1.16,$0.66,,BANNED Obelisk of Power OGN-284/298 Foiled CN ¥1.16 EN $0.66
2026-09-29T21:18:06+00:00,https://bilgewatermarket.com/cards,Obelisk of Power,nonfoil,0.13,https://bilgewatermarket.com/cards/OGN-284,normal,https://bilgewatermarket.com/assets/OGN-284-EN-B8ZnXu0R.jpg,¥0.76,$0.13,,BANNED Obelisk of Power OGN-284/298 CN ¥0.76 EN $0.13
2026-09-29T21:18:06+00:00,https://bilgewatermarket.com/cards,Reaver's Row,foil,0.58,https://bilgewatermarket.com/cards/OGN-285?print_variation=foiled,foiled,https://bilgewatermarket.com/assets/OGN-285-EN-Db5CGO5S.jpg,¥0.55,$0.58,,BANNED Reaver's Row OGN-285/298 Foiled CN ¥0.55 EN $0.58
2026-09-29T21:18:06+00:00,https://bilgewatermarket.com/cards,Reaver's Row,nonfoil,0.11,https://bilgewatermarket.com/cards/OGN-285,normal,https://bilgewatermarket.com/assets/OGN-285-EN-Db5CGO5S.jpg,¥0.79,$0.11,,BANNED Reaver's Row OGN-285/298 CN ¥0.79 EN $0.11
2026-09-29T21:18:06+00:00,https://bilgewatermarket.com/cards,Reckoner's Arena,foil,0.36,https://bilgewatermarket.com/cards/OGN-286?print_variation=foiled,foiled,https://bilgewatermarket.com/assets/OGN-286-EN-nm6QB2DK.jpg,¥1.34,$0.36,,Reckoner's Arena OGN-286/298 Foiled CN ¥1.34 EN $0.36
2026-09-29T21:18:06+00:00,https://bilgewatermarket.com/cards,Reckoner's Arena,nonfoil,0.15,https://bilgewatermarket.com/cards/OGN-286,normal,https://bilgewatermarket.com/assets/OGN-286-EN-nm6QB2DK.jpg,¥0.60,$0.15,,Reckoner's Arena OGN-286/298 CN ¥0.60 EN $0.15
2026-09-29T21:18:06+00:00,https://bilgewatermarket.com/cards,Sigil of the Storm,foil,1.43,https://bilgewatermarket.com/cards/OGN-287?print_variation=foiled,foiled,https://bilgewatermarket.com/assets/OGN-287-EN-TpFvU91x.jpg,¥2.17,$1.43,,Sigil of the Storm OGN-287/298 Foiled CN ¥2.17 EN $1.43
2026-09-29T21:18:06+00:00,https://bilgewatermarket.com/cards,Sigil of the Storm,nonfoil,0.20,https://bilgewatermarket.com/cards/OGN-287,normal,https://bilgewatermarket.com/assets/OGN-287-EN-TpFvU91x.jpg,¥0.67,$0.20,,Sigil of the Storm OGN-287/298 CN ¥0.67 EN $0.20
2026-09-29T21:18:06+00:00,https://bilgewatermarket.com/cards,Startipped Peak,foil,0.87,https://bilgewatermarket.com/cards/OGN-288?print_variation=foiled,foiled,https://bilgewatermarket.com/assets/OGN-288-EN-CqKDOw8g.jpg,¥2.38,$0.87,,Startipped Peak OGN-288/298 Foiled CN ¥2.38 EN $0.87
2026-09-29T21:18:06+00:00,https://bilgewatermarket.com/cards,Startipped Peak,nonfoil,0.28,https://bilgewatermarket.com/cards/OGN-288,normal,https://bilgewatermarket.com/assets/OGN-288-EN-CqKDOw8g.jpg,¥0.61,$0.28,,Startipped Peak OGN-288/298 CN ¥0.61 EN $0.28
2026-09-29T21:18:06+00:00,https://bilgewatermarket.com/cards,Targon's Peak,foil,3.42,https://bilgewatermarket.com/cards/OGN-289?print_variation=foiled,foiled,https://bilgewatermarket.com/assets/OGN-289-EN-CKpfS3oj.jpg,¥2.61,$3.42,,Targon's Peak OGN-289/298 Foiled CN ¥2.61 EN $3.42
2026-09-29T21:18:06+00:00,https://bilgewatermarket.com/cards,Targon's Peak,nonfoil,0.26,https://bilgewatermarket.com/cards/OGN-289,normal,https://bilgewatermarket.com/assets/OGN-289-EN-CKpfS3oj.jpg,¥0.69,$0.26,,Targon's Peak OGN-289/298 CN ¥0.69 EN $0.26
2026-09-29T21:18:06+00:00,https://bilgewatermarket.com/cards,The Arena's Greatest,foil,0.88,https://bilgewatermarket.com/cards/OGN-290?print_variation=foiled,foiled,https://bilgewatermarket.com/assets/OGN-290-EN-CPZdBD3k.jpg,¥3.09,$0.88,,BANNED The Arena's Greatest OGN-290/298 Foiled CN ¥3.09 EN $0.88
2026-09-29T21:18:06+00:00,https://bilgewatermarket.com/cards,The Arena's Greatest,nonfoil,0.23,https://bilgewatermarket.com/cards/OGN-290,normal,https://bilgewatermarket.com/assets/OGN-290-EN-CPZdBD3k.jpg,¥0.66,$0.23,,BANNED The Arena's Greatest OGN-290/298 CN ¥0.66 EN $0.23
2026-09-29T21:18:06+00:00,https://bilgewatermarket.com/cards,The Candlelit Sanctum,foil,0.89,https://bilgewatermarket.com/cards/OGN-291?print_variation=foiled,foiled,https://bilgewatermarket.com/assets/OGN-291-EN-D7tiLB3N.jpg,¥2.07,$0.89,,The Candlelit Sanctum OGN-291/298 Foiled CN ¥2.07 EN $0.89
2026-09-29T21:18:06+00:00,https://bilgewatermarket.com/cards,The Candlelit Sanctum,nonfoil,0.26,https://bilgewatermarket.com/cards/OGN-291,normal,https://bilgewatermarket.com/assets/OGN-291-EN-D7tiLB3N.jpg,¥0.64,$0.26,,The Candlelit Sanctum OGN-291/298 CN ¥0.64 EN $0.26
2026-09-29T21:18:06+00:00,https://bilgewatermarket.com/cards,The Dreaming Tree,foil,0.67,https://bilgewatermarket.com/cards/OGN-292?print_variation=foiled,foiled,https://bilgewatermarket.com/assets/OGN-292-EN-y-e48GZS.jpg,¥2.01,$0.67,,BANNED The Dreaming Tree OGN-292/298 Foiled CN ¥2.01 EN $0.67
2026-09-29T21:18:06+00:00,https://bilgewatermarket.com/cards,The Dreaming Tree,nonfoil,0.16,https://bilgewatermarket.com/cards/OGN-292,normal,https://bilgewatermarket.com/assets/OGN-292-EN-y-e48GZS.jpg,¥0.50,$0.16,,BANNED The Dreaming Tree OGN-292/298 CN ¥0.50 EN $0.16
2026-09-29T21:18:06+00:00,https://bilgewatermarket.com/cards,The Grand Plaza,foil,0.30,https://bilgewatermarket.com/cards/OGN-293?print_variation=foiled,foiled,https://bilgewatermarket.com/assets/OGN-293-EN-oDODcC5j.jpg,¥0.97,$0.30,,The Grand Plaza OGN-293/298 Foiled CN ¥0.97 EN $0.30
2026-09-29T21:18:06+00:00,https://bilgewatermarket.com/cards,The Grand Plaza,nonfoil,0.13,https://bilgewatermarket.com/cards/OGN-293,normal,https://bilgewatermarket.com/assets/OGN-293-EN-oDODcC5j.jpg,¥0.50,$0.13,,The Grand Plaza OGN-293/298 CN ¥0.50 EN $0.13
2026-09-29T21:18:06+00:00,https://bilgewatermarket.com/cards,Trifarian War Camp,foil,1.37,https://bilgewatermarket.com/cards/OGN-294?print_variation=foiled,foiled,https://bilgewatermarket.com/assets/OGN-294-EN-rRYcVwQa.jpg,¥2.22,$1.37,,Trifarian War Camp OGN-294/298 Foiled CN ¥2.22 EN $1.37
2026-09-29T21:18:06+00:00,https://bilgewatermarket.com/cards,Trifarian War Camp,nonfoil,0.31,https://bilgewatermarket.com/cards/OGN-294,normal,https://bilgewatermarket.com/assets/OGN-294-EN-rRYcVwQa.jpg,¥0.61,$0.31,,Trifarian War Camp OGN-294/298 CN ¥0.61 EN $0.31
2026-09-29T21:18:06+00:00,https://bilgewatermarket.com/cards,Vilemaw's Lair,foil,1.93,https://bilgewatermarket.com/cards/OGN-295?print_variation=foiled,foiled,https://bilgewatermarket.com/assets/OGN-295-EN-R779Qqp1.jpg,¥2.67,$1.93,,Vilemaw's Lair OGN-295/298 Foiled CN ¥2.67 EN $1.93
2026-09-29T21:18:06+00:00,https://bilgewatermarket.com/cards,Vilemaw's Lair,nonfoil,0.34,https://bilgewatermarket.com/cards/OGN-295,normal,https://bilgewatermarket.com/assets/OGN-295-EN-R779Qqp1.jpg,¥0.55,$0.34,,Vilemaw's Lair OGN-295/298 CN ¥0.55 EN $0.34
2026-09-29T21:18:06+00:00,https://bilgewatermarket.com/cards,Void Gate,foil,1.10,https://bilgewatermarket.com/cards/OGN-296?print_variation=foiled,foiled,https://bilgewatermarket.com/assets/OGN-296-EN-B2k0M1UU.jpg,¥2.35,$1.10,,Void Gate OGN-296/298 Foiled CN ¥2.35 EN $1.10
2026-09-29T21:18:06+00:00,https://bilgewatermarket.com/cards,Void Gate,nonfoil,0.22,https://bilgewatermarket.com/cards/OGN-296,normal,https://bilgewatermarket.com/assets/OGN-296-EN-B2k0M1UU.jpg,¥0.68,$0.22,,Void Gate OGN-296/298 CN ¥0.68 EN $0.22
2026-09-29T21:18:06+00:00,https://bilgewatermarket.com/cards,Windswept Hillock,foil,1.36,https://bilgewatermarket.com/cards/OGN-297?print_variation=foiled,foiled,https://bilgewatermarket.com/assets/OGN-297-EN-WWMdiSg3.jpg,¥2.58,$1.36,,Windswept Hillock OGN-297/298 Foiled CN ¥2.58 EN $1.36
2026-09-29T21:18:06+00:00,https://bilgewatermarket.com/cards,Windswept Hillock,nonfoil,0.30,https://bilgewatermarket.com/cards/OGN-297,normal,https://bilgewatermarket.com/assets/OGN-297-EN-WWMdiSg3.jpg,¥0.60,$0.30,,Windswept Hillock OGN-297/298 CN ¥0.60 EN $0.30
2026-09-29T21:18:06+00:00,https://bilgewatermarket.com/cards,Zaun Warrens,foil,3.41,https://bilgewatermarket.com/cards/OGN-298?print_variation=foiled,foiled,https://bilgewatermarket.com/assets/OGN-298-EN-D2bKkueV.jpg,¥2.61,$3.41,,Zaun Warrens OGN-298/298 Foiled CN ¥2.61 EN $3.41
2026-09-29T21:18:06+00:00,https://bilgewatermarket.com/cards,Zaun Warrens,nonfoil,0.24,https://bilgewatermarket.com/cards/OGN-298,normal,https://bilgewatermarket.com/assets/OGN-298-EN-D2bKkueV.jpg,¥0.60,$0.24,,Zaun Warrens OGN-298/298 CN ¥0.60 EN $0.24
2026-09-29T21:18:06+00:00,https://bilgewatermarket.com/cards,"Kai'Sa, Daughter of the Void",nonfoil,285.27,https://bilgewatermarket.com/cards/OGN-299?print_variation=showcase,showcase,https://bilgewatermarket.com/assets/OGN-299-EN-BZaLu2Pd.jpg,¥251.47,$285.27,,"Kai'Sa, Daughter of the Void OGN-299/298 Showcase CN ¥251.47 EN $285.27"
2026-09-29T21:18:06+00:00,https://bilgewatermarket.com/cards,"Volibear, Relentless Storm",nonfoil,69.33,https://bilgewatermarket.com/cards/OGN-300?print_variation=showcase,showcase,https://bilgewatermarket.com/assets/OGN-300-EN-CaRkKhmo.jpg,¥55.47,$69.33,,"Volibear, Relentless Storm OGN-300/298 Showcase CN ¥55.47 EN $69.33"
2026-09-29T21:18:06+00:00,https://bilgewatermarket.com/cards,"Jinx, Loose Cannon",nonfoil,159.00,https://bilgewatermarket.com/cards/OGN-301?print_variation=showcase,showcase,https://bilgewatermarket.com/assets/OGN-301-EN-U0bqsWSn.jpg,¥98.13,$159.00,,"Jinx, Loose Cannon OGN-301/298 Showcase CN ¥98.13 EN $159.00"
2026-09-29T21:18:06+00:00,https://bilgewatermarket.com/cards,"Darius, Hand of Noxus",nonfoil,53.09,https://bilgewatermarket.com/cards/OGN-302?print_variation=showcase,showcase,https://bilgewatermarket.com/assets/OGN-302-EN-BmVv6rdE.jpg,¥83.62,$53.09,,"Darius, Hand of Noxus OGN-302/298 Showcase CN ¥83.62 EN $53.09"
2026-09-29T21:18:06+00:00,https://bilgewatermarket.com/cards,"Ahri, Nine-Tailed Fox",nonfoil,371.90,https://bilgewatermarket.com/cards/OGN-303?print_variation=showcase,showcase,https://bilgewatermarket.com/assets/OGN-303-EN-B3DKY2Dc.jpg,¥483.37,$371.90,,"Ahri, Nine-Tailed Fox OGN-303/298 Showcase CN ¥483.37 EN $371.90"
2026-09-29T21:18:06+00:00,https://bilgewatermarket.com/cards,"Lee Sin, Blind Monk",nonfoil,140.63,https://bilgewatermarket.com/cards/OGN-304?print_variation=showcase,showcase,https://bilgewatermarket.com/assets/OGN-304-EN-mXW0PyeH.jpg,¥108.70,$140.63,,"Lee Sin, Blind Monk OGN-304/298 Showcase CN ¥108.70 EN $140.63"
2026-09-29T21:18:06+00:00,https://bilgewatermarket.com/cards,"Yasuo, Unforgiven",nonfoil,79.84,https://bilgewatermarket.com/cards/OGN-305?print_variation=showcase,showcase,https://bilgewatermarket.com/assets/OGN-305-EN-DHjZfRYg.jpg,¥92.47,$79.84,,"Yasuo, Unforgiven OGN-305/298 Showcase CN ¥92.47 EN $79.84"
2026-09-29T21:18:06+00:00,https://bilgewatermarket.com/cards,"Leona, Radiant Dawn",nonfoil,88.03,https://bilgewatermarket.com/cards/OGN-306?print_variation=showcase,showcase,https://bilgewatermarket.com/assets/OGN-306-EN-BI5Xqvbx.jpg,¥75.43,$88.03,,"Leona, Radiant Dawn OGN-306/298 Showcase CN ¥75.43 EN $88.03"
2026-09-29T21:18:06+00:00,https://bilgewatermarket.com/cards,"Teemo, Swift Scout",nonfoil,157.60,https://bilgewatermarket.com/cards/OGN-307?print_variation=showcase,showcase,https://bilgewatermarket.com/assets/OGN-307-EN-BtSzWpAh.jpg,¥83.28,$157.60,,"Teemo, Swift Scout OGN-307/298 Showcase CN ¥83.28 EN $157.60"
2026-09-29T21:18:06+00:00,https://bilgewatermarket.com/cards,"Viktor, Herald of the Arcane",nonfoil,106.27,https://bilgewatermarket.com/cards/OGN-308?print_variation=showcase,showcase,https://bilgewatermarket.com/assets/OGN-308-EN-ChazqeOJ.jpg,¥140.14,$106.27,,"Viktor, Herald of the Arcane OGN-308/298 Showcase CN ¥140.14 EN $106.27"
2026-09-29T21:18:06+00:00,https://bilgewatermarket.com/cards,"Miss Fortune, Bounty Hunter",nonfoil,181.09,https://bilgewatermarket.com/cards/OGN-309?print_variation=showcase,showcase,https://bilgewatermarket.com/assets/OGN-309-EN-CaTj3U_4.jpg,¥111.96,$181.09,,"Miss Fortune, Bounty Hunter OGN-309/298 Showcase CN ¥111.96 EN $181.09"
2026-09-29T21:18:06+00:00,https://bilgewatermarket.com/cards,"Sett, The Boss",nonfoil,74.47,https://bilgewatermarket.com/cards/OGN-310?print_variation=showcase,showcase,https://bilgewatermarket.com/assets/OGN-310-EN-DXDJA0oF.jpg,¥61.02,$74.47,,"Sett, The Boss OGN-310/298 Showcase CN ¥61.02 EN $74.47"
2026-09-29T21:18:06+00:00,https://bilgewatermarket.com/cards,Blade Twirler,nonfoil,0.75,https://bilgewatermarket.com/cards/VEN-002?print_variation=promo,promo,https://bilgewatermarket.com/assets/VEN-002-EN-DhiWbxgH.png,¥0.50,$0.75,,Blade Twirler VEN-002/166 Promo CN ¥0.50 EN $0.75
2026-09-29T21:18:06+00:00,https://bilgewatermarket.com/cards,Dune Surfer,nonfoil,0.64,https://bilgewatermarket.com/cards/VEN-004?print_variation=promo,promo,https://bilgewatermarket.com/assets/VEN-004-EN-CDFnHbgU.png,¥0.50,$0.64,,Dune Surfer VEN-004/166 Promo CN ¥0.50 EN $0.64
2026-09-29T21:18:06+00:00,https://bilgewatermarket.com/cards,Shadow Assassin,nonfoil,0.54,https://bilgewatermarket.com/cards/VEN-013?print_variation=promo,promo,https://bilgewatermarket.com/assets/VEN-013-EN-Z3fdgB-s.png,¥1.00,$0.54,,Shadow Assassin VEN-013/166 Promo CN ¥1.00 EN $0.54
2026-09-29T21:18:06+00:00,https://bilgewatermarket.com/cards,Field Musicians,nonfoil,0.58,https://bilgewatermarket.com/cards/VEN-026?print_variation=promo,promo,https://bilgewatermarket.com/assets/VEN-026-EN-DM1O5HO-.png,¥0.50,$0.58,,Field Musicians VEN-026/166 Promo CN ¥0.50 EN $0.58
2026-09-29T21:18:06+00:00,https://bilgewatermarket.com/cards,Ol' Poro,nonfoil,1.03,https://bilgewatermarket.com/cards/VEN-029?print_variation=promo,promo,https://bilgewatermarket.com/assets/VEN-029-EN-KWJAVihx.png,--,$1.03,,Ol' Poro VEN-029/166 Promo CN -- EN $1.03
2026-09-29T21:18:06+00:00,https://bilgewatermarket.com/cards,Tomb-Raider Barbara,nonfoil,1.64,https://bilgewatermarket.com/cards/VEN-037?print_variation=promo,promo,https://bilgewatermarket.com/assets/VEN-037-EN-Di1ikYYh.png,¥1.89,$1.64,,Tomb-Raider Barbara VEN-037/166 Promo CN ¥1.89 EN $1.64
2026-09-29T21:18:06+00:00,https://bilgewatermarket.com/cards,Cloud Drake,nonfoil,0.31,https://bilgewatermarket.com/cards/VEN-048?print_variation=promo,promo,https://bilgewatermarket.com/assets/VEN-048-EN-WGFx_9br.png,¥1.00,$0.31,,Cloud Drake VEN-048/166 Promo CN ¥1.00 EN $0.31
2026-09-29T21:18:06+00:00,https://bilgewatermarket.com/cards,Grumpy Rockbear,nonfoil,0.77,https://bilgewatermarket.com/cards/VEN-050?print_variation=promo,promo,https://bilgewatermarket.com/assets/VEN-050-EN-DsmQ1aGy.png,--,$0.77,,Grumpy Rockbear VEN-050/166 Promo CN -- EN $0.77
2026-09-29T21:18:06+00:00,https://bilgewatermarket.com/cards,Patched Porobot,nonfoil,2.13,https://bilgewatermarket.com/cards/VEN-058?print_variation=promo,promo,https://bilgewatermarket.com/assets/VEN-058-EN-i_v0R9Mh.png,¥3.61,$2.13,,Patched Porobot VEN-058/166 Promo CN ¥3.61 EN $2.13
2026-09-29T21:18:06+00:00,https://bilgewatermarket.com/cards,"Mel, Newly Awakened",nonfoil,205.97,https://bilgewatermarket.com/cards/VEN-069b?print_variation=promo,promo,https://bilgewatermarket.com/assets/VEN-069b-EN-ov80H4X-.webp,¥907.06,$205.97,,"Mel, Newly Awakened VEN-069B/166 Promo CN ¥907.06 EN $205.97"
2026-09-29T21:18:06+00:00,https://bilgewatermarket.com/cards,Fretful Feline,nonfoil,0.26,https://bilgewatermarket.com/cards/VEN-071?print_variation=promo,promo,https://bilgewatermarket.com/assets/VEN-071-EN-Do7lfOl3.png,¥0.50,$0.26,,Fretful Feline VEN-071/166 Promo CN ¥0.50 EN $0.26
2026-09-29T21:18:06+00:00,https://bilgewatermarket.com/cards,Repair Specialist,nonfoil,0.62,https://bilgewatermarket.com/cards/VEN-076?print_variation=promo,promo,https://bilgewatermarket.com/assets/VEN-076-EN-C3K8gFpm.png,¥0.50,$0.62,,Repair Specialist VEN-076/166 Promo CN ¥0.50 EN $0.62
2026-09-29T21:18:06+00:00,https://bilgewatermarket.com/cards,Profiteer,nonfoil,1.04,https://bilgewatermarket.com/cards/VEN-082?print_variation=promo,promo,https://bilgewatermarket.com/assets/VEN-082-EN-6kic8myQ.png,¥0.50,$1.04,,Profiteer VEN-082/166 Promo CN ¥0.50 EN $1.04
2026-09-29T21:18:06+00:00,https://bilgewatermarket.com/cards,Spiderling,nonfoil,2.64,https://bilgewatermarket.com/cards/VEN-097?print_variation=promo,promo,https://bilgewatermarket.com/assets/VEN-097-EN-05nsFlAy.png,¥2.00,$2.64,,Spiderling VEN-097/166 Promo CN ¥2.00 EN $2.64
2026-09-29T21:18:06+00:00,https://bilgewatermarket.com/cards,Tornado Warrior,nonfoil,0.75,https://bilgewatermarket.com/cards/VEN-099?print_variation=promo,promo,https://bilgewatermarket.com/assets/VEN-099-EN-B9G9hLDc.png,¥1.32,$0.75,,Tornado Warrior VEN-099/166 Promo CN ¥1.32 EN $0.75
2026-09-29T21:18:06+00:00,https://bilgewatermarket.com/cards,Gust Monk,nonfoil,1.04,https://bilgewatermarket.com/cards/VEN-101?print_variation=promo,promo,https://bilgewatermarket.com/assets/VEN-101-EN-Cfs11m7w.png,¥3.16,$1.04,,Gust Monk VEN-101/166 Promo CN ¥3.16 EN $1.04
2026-09-29T21:18:06+00:00,https://bilgewatermarket.com/cards,Horns of the Dragon,nonfoil,0.28,https://bilgewatermarket.com/cards/VEN-118?print_variation=promo,promo,https://bilgewatermarket.com/assets/VEN-118-EN-4sJWjecS.png,¥0.50,$0.28,,Horns of the Dragon VEN-118/166 Promo CN ¥0.50 EN $0.28
2026-09-29T21:18:06+00:00,https://bilgewatermarket.com/cards,Soulspinner,nonfoil,0.57,https://bilgewatermarket.com/cards/VEN-123?print_variation=promo,promo,https://bilgewatermarket.com/assets/VEN-123-EN-DsL_H6zs.png,¥0.50,$0.57,,Soulspinner VEN-123/166 Promo CN ¥0.50 EN $0.57
2026-09-29T21:18:06+00:00,https://bilgewatermarket.com/cards,Hungry Wolf,nonfoil,0.61,https://bilgewatermarket.com/cards/VEN-125?print_variation=promo,promo,https://bilgewatermarket.com/assets/VEN-125-EN-ygpWWhje.png,¥0.50,$0.61,,Hungry Wolf VEN-125/166 Promo CN ¥0.50 EN $0.61
2026-09-29T21:18:06+00:00,https://bilgewatermarket.com/cards,"Lillia, Fae Fawn",nonfoil,37.87,https://bilgewatermarket.com/cards/UNL-082?print_variation=promo,promo,https://bilgewatermarket.com/assets/UNL-082-PROMO-CN-B7gVXBCl.JPG,¥37.87,--,,"Lillia, Fae Fawn UNL-082/219 Promo CN ¥37.87 EN --"
2026-09-29T21:18:06+00:00,https://bilgewatermarket.com/cards,Frozen Fortress,nonfoil,46.00,https://bilgewatermarket.com/cards/UNL-212?print_variation=promo,promo,https://bilgewatermarket.com/assets/UNL-212-PROMO-CN-Dj00Stib.JPG,¥46.00,--,,Frozen Fortress UNL-212/219 Promo CN ¥46.00 EN --
2026-09-29T21:18:06+00:00,https://bilgewatermarket.com/cards,Star Spring,nonfoil,42.80,https://bilgewatermarket.com/cards/UNL-215?print_variation=promo,promo,https://bilgewatermarket.com/assets/UNL-215-PROMO-CN-EmTt9sTY.JPG,¥42.80,--,,Star Spring UNL-215/219 Promo CN ¥42.80 EN --
2026-09-29T21:18:06+00:00,https://bilgewatermarket.com/cards,The Academy,nonfoil,30.19,https://bilgewatermarket.com/cards/UNL-216?print_variation=promo,promo,https://bilgewatermarket.com/assets/UNL-216-PROMO-CN-CAqhijs3.JPG,¥30.19,--,,The Academy UNL-216/219 Promo CN ¥30.19 EN --
2026-09-29T21:18:06+00:00,https://bilgewatermarket.com/cards,Boneshiver,nonfoil,52.85,https://bilgewatermarket.com/cards/SFD-118a?print_variation=promo%5Blille%20participation%5D,promo[lille participation],https://bilgewatermarket.com/assets/SFD-118a-PROMO-EN-xigMBaVV.webp,--,$52.85,,Boneshiver SFD-118A/221 Promo[Lille Participation] CN -- EN $52.85
2026-09-29T21:18:06+00:00,https://bilgewatermarket.com/cards,Blade of the Ruined King,nonfoil,4.15,https://bilgewatermarket.com/cards/SFD-178a?print_variation=promo%5Blille%20champion%5D,promo[lille champion],https://bilgewatermarket.com/assets/SFD-178a-PROMO-EN-Bf_cRAOM.webp,--,$4.15,,Blade of the Ruined King SFD-178A/221 Promo[Lille Champion] CN -- EN $4.15
2026-09-29T21:18:06+00:00,https://bilgewatermarket.com/cards,Blade of the Ruined King,nonfoil,4.15,https://bilgewatermarket.com/cards/SFD-178a?print_variation=promo%5Blille%20top%208%5D,promo[lille top 8],https://bilgewatermarket.com/assets/SFD-178a-PROMO-EN-Bf_cRAOM.webp,--,$4.15,,Blade of the Ruined King SFD-178A/221 Promo[Lille Top 8] CN -- EN $4.15
2026-09-29T21:18:06+00:00,https://bilgewatermarket.com/cards,"Ezreal, Dashing",nonfoil,50.27,https://bilgewatermarket.com/cards/SFD-082?print_variation=promo%5B%E5%8F%82%E8%B5%9B%E7%BA%AA%E5%BF%B5%5D,promo[参赛纪念],https://bilgewatermarket.com/assets/SFD-082-CN-BlynUJsk.png,¥50.27,--,,"Ezreal, Dashing SFD-082/221 Promo[参赛纪念] CN ¥50.27 EN --"
2026-09-29T21:18:06+00:00,https://bilgewatermarket.com/cards,Boneshiver,nonfoil,15.76,https://bilgewatermarket.com/cards/SFD-118a?print_variation=promo%5Bbologna%20participation%5D,promo[bologna participation],https://bilgewatermarket.com/assets/SFD-118a-PROMO-EN-xigMBaVV.webp,--,$15.76,,Boneshiver SFD-118A/221 Promo[Bologna Participation] CN -- EN $15.76
2026-09-29T21:18:06+00:00,https://bilgewatermarket.com/cards,Blade of the Ruined King,nonfoil,9.26,https://bilgewatermarket.com/cards/SFD-178?print_variation=promo%5Bbologna%20top%208%5D,promo[bologna top 8],https://bilgewatermarket.com/assets/SFD-178-PROMO-EN-C8OzA1bN.webp,--,$9.26,,Blade of the Ruined King SFD-178/221 Promo[Bologna Top 8] CN -- EN $9.26
2026-09-29T21:18:06+00:00,https://bilgewatermarket.com/cards,Blade of the Ruined King,nonfoil,0.30,https://bilgewatermarket.com/cards/SFD-178a?print_variation=promo%5Bbologna%20champion%5D,promo[bologna champion],https://bilgewatermarket.com/assets/SFD-178a-PROMO-EN-Bf_cRAOM.webp,--,$0.30,,Blade of the Ruined King SFD-178A/221 Promo[Bologna Champion] CN -- EN $0.30
2026-09-29T21:18:06+00:00,https://bilgewatermarket.com/cards,Marai Spire,nonfoil,79.44,https://bilgewatermarket.com/cards/SFD-211?print_variation=promo%5B%E5%8D%97%E4%BA%AC%E5%8F%82%E8%B5%9B%E7%BA%AA%E5%BF%B5%5D,promo[南京参赛纪念],https://bilgewatermarket.com/assets/SFD-211-PROMO-CN-lRM07a-s.jpeg,¥79.44,--,,Marai Spire SFD-211/221 Promo[南京参赛纪念] CN ¥79.44 EN --
2026-09-29T21:18:06+00:00,https://bilgewatermarket.com/cards,"Irelia, Blade Dancer",nonfoil,823.28,https://bilgewatermarket.com/cards/SFD-195a?print_variation=promo,promo,https://bilgewatermarket.com/assets/SFD-195a-PROMO-CN-BN0epQuY.jpg,¥823.28,--,,"Irelia, Blade Dancer SFD-195A/221 Promo CN ¥823.28 EN --"
2026-09-29T21:18:06+00:00,https://bilgewatermarket.com/cards,Boneshiver,nonfoil,1988.35,https://bilgewatermarket.com/cards/SFD-118a?print_variation=promo%5B%E5%A4%A7%E8%BF%9E32%E5%BC%BA%5D,promo[大连32强],https://bilgewatermarket.com/assets/SFD-118a-PROMO-EN-xigMBaVV.webp,"¥1,988.35",--,,"Boneshiver SFD-118A/221 Promo[大连32强] CN ¥1,988.35 EN --"
2026-09-29T21:18:06+00:00,https://bilgewatermarket.com/cards,Veiled Temple,nonfoil,66.34,https://bilgewatermarket.com/cards/SFD-221?print_variation=promo%5B%E5%A4%A7%E8%BF%9E%E5%8F%82%E8%B5%9B%E7%BA%AA%E5%BF%B5%5D,promo[大连参赛纪念],https://bilgewatermarket.com/assets/SFD-221-PROMO-CN-IivhYFMc.jpeg,¥66.34,--,,Veiled Temple SFD-221/221 Promo[大连参赛纪念] CN ¥66.34 EN --
2026-09-29T21:18:06+00:00,https://bilgewatermarket.com/cards,Boneshiver,nonfoil,1407.00,https://bilgewatermarket.com/cards/SFD-118a?print_variation=promo%5B%E6%88%90%E9%83%BD32%E5%BC%BA%5D,promo[成都32强],https://bilgewatermarket.com/assets/SFD-118a-PROMO_%E6%88%90%E9%83%BD32%E5%BC%BA_-CN-DI323P71.png,"¥1,407.00",--,,"Boneshiver SFD-118A/221 Promo[成都32强] CN ¥1,407.00 EN --"
2026-09-29T21:18:06+00:00,https://bilgewatermarket.com/cards,Seat of Power,nonfoil,98.92,https://bilgewatermarket.com/cards/SFD-217?print_variation=promo%5B%E6%88%90%E9%83%BD%E5%8F%82%E8%B5%9B%E7%BA%AA%E5%BF%B5%5D,promo[成都参赛纪念],https://bilgewatermarket.com/assets/SFD-217-PROMO-CN-Bze3hQxc.jpeg,¥98.92,--,,Seat of Power SFD-217/221 Promo[成都参赛纪念] CN ¥98.92 EN --
2026-09-29T21:18:06+00:00,https://bilgewatermarket.com/cards,Boneshiver,nonfoil,1504.95,https://bilgewatermarket.com/cards/SFD-118a?print_variation=promo%5B%E7%A6%8F%E5%B7%9E32%E5%BC%BA%5D,promo[福州32强],https://bilgewatermarket.com/assets/SFD-118a-PROMO-EN-xigMBaVV.webp,"¥1,504.95",--,,"Boneshiver SFD-118A/221 Promo[福州32强] CN ¥1,504.95 EN --"
2026-09-29T21:18:06+00:00,https://bilgewatermarket.com/cards,Ravenbloom Conservatory,nonfoil,59.83,https://bilgewatermarket.com/cards/SFD-215?print_variation=promo%5B%E7%A6%8F%E5%B7%9E%E5%8F%82%E8%B5%9B%E7%BA%AA%E5%BF%B5%5D,promo[福州参赛纪念],https://bilgewatermarket.com/assets/SFD-215-CN-BiNiOht2.png,¥59.83,--,,Ravenbloom Conservatory SFD-215/221 Promo[福州参赛纪念] CN ¥59.83 EN --
2026-09-29T21:18:06+00:00,https://bilgewatermarket.com/cards,"Miss Fortune, Buccaneer",nonfoil,0.33,https://bilgewatermarket.com/cards/OGN-193?print_variation=promo%5Bhouston%20participation%5D,promo[houston participation],https://bilgewatermarket.com/assets/OGN-193-PROMO-EN-go2wAICK.webp,--,$0.33,,"Miss Fortune, Buccaneer OGN-193/298 Promo[Houston Participation] CN -- EN $0.33"
2026-09-29T21:18:06+00:00,https://bilgewatermarket.com/cards,"Miss Fortune, Buccaneer",nonfoil,5.32,https://bilgewatermarket.com/cards/OGN-193a?print_variation=promo%5Bhouston%20top%208%5D,promo[houston top 8],https://bilgewatermarket.com/assets/OGN-193a-EN-UAk6_jGU.jpg,--,$5.32,,"Miss Fortune, Buccaneer OGN-193A/298 Promo[Houston Top 8] CN -- EN $5.32"
2026-09-29T21:18:06+00:00,https://bilgewatermarket.com/cards,"Miss Fortune, Buccaneer",nonfoil,64.60,https://bilgewatermarket.com/cards/OGN-193b?print_variation=promo%5Bhouston%20champion%5D,promo[houston champion],https://bilgewatermarket.com/assets/OGN-193b-PROMO-EN-CK9neXVR.webp,--,$64.60,,"Miss Fortune, Buccaneer OGN-193B/298 Promo[Houston Champion] CN -- EN $64.60"
2026-09-29T21:18:06+00:00,https://bilgewatermarket.com/cards,"Miss Fortune, Buccaneer",nonfoil,180.13,https://bilgewatermarket.com/cards/OGN-193?print_variation=promo%5B%E5%85%A8%E5%9B%BD%E5%85%AC%E5%BC%80%E8%B5%9B%E5%8F%82%E8%B5%9B%E7%BA%AA%E5%BF%B5%5D,promo[全国公开赛参赛纪念],https://bilgewatermarket.com/assets/OGN-193-PROMO-CN-BCZTo9po.jpeg,¥180.13,--,,"Miss Fortune, Buccaneer OGN-193/298 Promo[全国公开赛参赛纪念] CN ¥180.13 EN --"
2026-09-29T21:18:06+00:00,https://bilgewatermarket.com/cards,"Miss Fortune, Buccaneer",nonfoil,3385.30,https://bilgewatermarket.com/cards/OGN-193a?print_variation=promo%5B%E5%85%A8%E5%9B%BD%E5%85%AC%E5%BC%80%E8%B5%9B64%E5%BC%BA%5D,promo[全国公开赛64强],https://bilgewatermarket.com/assets/OGN-193a-CN-D79rkx_D.png,"¥3,385.30",--,,"Miss Fortune, Buccaneer OGN-193A/298 Promo[全国公开赛64强] CN ¥3,385.30 EN --"
2026-09-29T21:18:06+00:00,https://bilgewatermarket.com/cards,"Teemo, Swift Scout",nonfoil,690.85,https://bilgewatermarket.com/cards/OGN-263a?print_variation=promo,promo,https://bilgewatermarket.com/assets/OGN-263a-PROMO-EN-CXEs2GtG.jpg,¥435.00,$690.85,,"Teemo, Swift Scout OGN-263A/298 Promo CN ¥435.00 EN $690.85"
2026-09-29T21:18:06+00:00,https://bilgewatermarket.com/cards,Aspirant's Climb,nonfoil,51.46,https://bilgewatermarket.com/cards/OGN-276a?print_variation=showcase,showcase,https://bilgewatermarket.com/assets/OGN-276a-CN-COFC3sSd.jpg,¥99.07,$51.46,,BANNED Aspirant's Climb OGN-276A/298 Showcase CN ¥99.07 EN $51.46
2026-09-29T21:18:06+00:00,https://bilgewatermarket.com/cards,Bandle Tree,nonfoil,59.12,https://bilgewatermarket.com/cards/OGN-278a?print_variation=showcase,showcase,https://bilgewatermarket.com/assets/OGN-278a-CN-CKbvv-ob.JPG,¥124.63,$59.12,,Bandle Tree OGN-278A/298 Showcase CN ¥124.63 EN $59.12
2026-09-29T21:18:06+00:00,https://bilgewatermarket.com/cards,The Grand Plaza,nonfoil,38.77,https://bilgewatermarket.com/cards/OGN-293a?print_variation=showcase,showcase,https://bilgewatermarket.com/assets/OGN-293a-CN-DbQC2u2x.JPG,¥102.24,$38.77,,The Grand Plaza OGN-293A/298 Showcase CN ¥102.24 EN $38.77
2026-09-29T21:18:06+00:00,https://bilgewatermarket.com/cards,"Miss Fortune, Buccaneer",nonfoil,1888.00,https://bilgewatermarket.com/cards/OGN-193a?print_variation=promo%5B%E6%9D%AD%E5%B7%9E32%E5%BC%BA%5D,promo[杭州32强],https://bilgewatermarket.com/assets/OGN-193a-CN-D79rkx_D.png,"¥1,888.00",--,,"Miss Fortune, Buccaneer OGN-193A/298 Promo[杭州32强] CN ¥1,888.00 EN --"
2026-09-29T21:18:06+00:00,https://bilgewatermarket.com/cards,Void Gate,nonfoil,135.50,https://bilgewatermarket.com/cards/OGN-296?print_variation=promo,promo,https://bilgewatermarket.com/assets/OGN-296-PROMO-CN-BGCVBOR9.jpeg,¥135.50,--,,Void Gate OGN-296/298 Promo CN ¥135.50 EN --
2026-09-29T21:18:06+00:00,https://bilgewatermarket.com/cards,Startipped Peak,nonfoil,80.68,https://bilgewatermarket.com/cards/OGN-288?print_variation=promo%5B%E9%87%8D%E5%BA%86%E5%8F%82%E8%B5%9B%E7%BA%AA%E5%BF%B5%5D,promo[重庆参赛纪念],https://bilgewatermarket.com/assets/OGN-288-PROMO-CN-gO9MH5Bm.jpeg,¥80.68,--,,Startipped Peak OGN-288/298 Promo[重庆参赛纪念] CN ¥80.68 EN --
2026-09-29T21:18:06+00:00,https://bilgewatermarket.com/cards,"Miss Fortune, Buccaneer",nonfoil,3000.00,https://bilgewatermarket.com/cards/OGN-193a?print_variation=promo%5B%E5%8C%97%E4%BA%AC32%E5%BC%BA%5D,promo[北京32强],https://bilgewatermarket.com/assets/OGN-193a-CN-D79rkx_D.png,"¥3,000.00",--,,"Miss Fortune, Buccaneer OGN-193A/298 Promo[北京32强] CN ¥3,000.00 EN --"
2026-09-29T21:18:06+00:00,https://bilgewatermarket.com/cards,Fortified Position,nonfoil,90.51,https://bilgewatermarket.com/cards/OGN-279?print_variation=promo%5B%E5%8C%97%E4%BA%AC%E5%8F%82%E8%B5%9B%E7%BA%AA%E5%BF%B5%5D,promo[北京参赛纪念],https://bilgewatermarket.com/assets/OGN-279-PROMO-CN-C7VZjiqL.jpeg,¥90.51,--,,Fortified Position OGN-279/298 Promo[北京参赛纪念] CN ¥90.51 EN --
2026-09-29T21:18:06+00:00,https://bilgewatermarket.com/cards,"Miss Fortune, Buccaneer",nonfoil,3000.00,https://bilgewatermarket.com/cards/OGN-193a?print_variation=promo%5B%E5%B9%BF%E5%B7%9E32%E5%BC%BA%5D,promo[广州32强],https://bilgewatermarket.com/assets/OGN-193a-CN-D79rkx_D.png,"¥3,000.00",--,,"Miss Fortune, Buccaneer OGN-193A/298 Promo[广州32强] CN ¥3,000.00 EN --"
2026-09-29T21:18:06+00:00,https://bilgewatermarket.com/cards,Trifarian War Camp,nonfoil,116.58,https://bilgewatermarket.com/cards/OGN-294?print_variation=promo%5B%E5%B9%BF%E5%B7%9E%E5%8F%82%E8%B5%9B%E7%BA%AA%E5%BF%B5%5D,promo[广州参赛纪念],https://bilgewatermarket.com/assets/OGN-294-PROMO-CN-C1wmjBK7.jpeg,¥116.58,--,,Trifarian War Camp OGN-294/298 Promo[广州参赛纪念] CN ¥116.58 EN --
2026-09-29T21:18:06+00:00,https://bilgewatermarket.com/cards,"Vi, Destructive",nonfoil,971.70,https://bilgewatermarket.com/cards/ARC-001?print_variation=showcase,showcase,https://bilgewatermarket.com/assets/ARC-001-CN-jewnCFbE.jpg,¥971.70,--,,"Vi, Destructive ARC-001/006 Showcase CN ¥971.70 EN --"
2026-09-29T21:18:06+00:00,https://bilgewatermarket.com/cards,"Caitlyn, Patrolling",nonfoil,901.81,https://bilgewatermarket.com/cards/ARC-002?print_variation=showcase,showcase,https://bilgewatermarket.com/assets/ARC-002-CN-BRLHZ5px.jpg,¥901.81,--,,"Caitlyn, Patrolling ARC-002/006 Showcase CN ¥901.81 EN --"
2026-09-29T21:18:06+00:00,https://bilgewatermarket.com/cards,"Heimerdinger, Inventor",nonfoil,817.37,https://bilgewatermarket.com/cards/ARC-003?print_variation=showcase,showcase,https://bilgewatermarket.com/assets/ARC-003-CN-DEOp0EU_.jpg,¥817.37,--,,"Heimerdinger, Inventor ARC-003/006 Showcase CN ¥817.37 EN --"
2026-09-29T21:18:06+00:00,https://bilgewatermarket.com/cards,"Warwick, Hunter",nonfoil,588.00,https://bilgewatermarket.com/cards/ARC-004?print_variation=showcase,showcase,https://bilgewatermarket.com/assets/ARC-004-CN-DQSK5ATM.jpg,¥588.00,--,,"Warwick, Hunter ARC-004/006 Showcase CN ¥588.00 EN --"
2026-09-29T21:18:06+00:00,https://bilgewatermarket.com/cards,"Jinx, Rebel",nonfoil,5844.16,https://bilgewatermarket.com/cards/ARC-005?print_variation=showcase,showcase,https://bilgewatermarket.com/assets/ARC-005-CN-DwwRoVjx.jpg,"¥5,844.16",--,,"Jinx, Rebel ARC-005/006 Showcase CN ¥5,844.16 EN --"
2026-09-29T21:18:06+00:00,https://bilgewatermarket.com/cards,"Viktor, Leader",nonfoil,948.79,https://bilgewatermarket.com/cards/ARC-006?print_variation=showcase,showcase,https://bilgewatermarket.com/assets/ARC-006-CN-CuIyUvpo.jpg,¥948.79,--,,"Viktor, Leader ARC-006/006 Showcase CN ¥948.79 EN --"
2026-09-29T21:18:06+00:00,https://bilgewatermarket.com/cards,"Vi, Destructive",nonfoil,93.43,https://bilgewatermarket.com/cards/OGN-036a?print_variation=promo,promo,https://bilgewatermarket.com/assets/OGN-036a-PROMO-EN-s5V8IbEB.webp,--,$93.43,,"Vi, Destructive OGN-036A/298 Promo CN -- EN $93.43"
2026-09-29T21:18:06+00:00,https://bilgewatermarket.com/cards,"Caitlyn, Patrolling",nonfoil,97.98,https://bilgewatermarket.com/cards/OGN-068a?print_variation=promo,promo,https://bilgewatermarket.com/assets/OGN-068a-PROMO-EN-C7PItONt.webp,--,$97.98,,"Caitlyn, Patrolling OGN-068A/298 Promo CN -- EN $97.98"
2026-09-29T21:18:06+00:00,https://bilgewatermarket.com/cards,"Heimerdinger, Inventor",nonfoil,75.51,https://bilgewatermarket.com/cards/OGN-111a?print_variation=promo,promo,https://bilgewatermarket.com/assets/OGN-111a-PROMO-EN-CalCzUTC.webp,--,$75.51,,"Heimerdinger, Inventor OGN-111A/298 Promo CN -- EN $75.51"
2026-09-29T21:18:06+00:00,https://bilgewatermarket.com/cards,"Warwick, Hunter",nonfoil,67.87,https://bilgewatermarket.com/cards/OGN-159a?print_variation=promo,promo,https://bilgewatermarket.com/assets/OGN-159a-PROMO-EN-D_hVmZux.webp,--,$67.87,,"Warwick, Hunter OGN-159A/298 Promo CN -- EN $67.87"
2026-09-29T21:18:06+00:00,https://bilgewatermarket.com/cards,"Jinx, Rebel",nonfoil,237.77,https://bilgewatermarket.com/cards/OGN-202b?print_variation=promo,promo,https://bilgewatermarket.com/assets/OGN-202b-PROMO-EN-Bnp0b5QC.webp,--,$237.77,,"Jinx, Rebel OGN-202B/298 Promo CN -- EN $237.77"
2026-09-29T21:18:06+00:00,https://bilgewatermarket.com/cards,"Viktor, Leader",nonfoil,58.50,https://bilgewatermarket.com/cards/OGN-246b?print_variation=promo,promo,https://bilgewatermarket.com/assets/OGN-246b-PROMO-EN-DqxBFYPo.webp,--,$58.50,,"Viktor, Leader OGN-246B/298 Promo CN -- EN $58.50"
2026-09-29T21:18:06+00:00,https://bilgewatermarket.com/cards,Blazing Scorcher,nonfoil,0.35,https://bilgewatermarket.com/cards/OGN-001?print_variation=promo,promo,https://bilgewatermarket.com/assets/OGN-001-PROMO-EN-DcPOj0Yk.webp,¥0.67,$0.35,,Blazing Scorcher OGN-001/298 Promo CN ¥0.67 EN $0.35
2026-09-29T21:18:06+00:00,https://bilgewatermarket.com/cards,Fury Rune,nonfoil,3.12,https://bilgewatermarket.com/cards/OGN-007b?print_variation=promo,promo,https://bilgewatermarket.com/assets/OGN-007b-PROMO-CN-BRracgIn.jpg,¥14.17,$3.12,,Fury Rune OGN-007B/298 Promo CN ¥14.17 EN $3.12
2026-09-29T21:18:06+00:00,https://bilgewatermarket.com/cards,Pouty Poro,nonfoil,1.49,https://bilgewatermarket.com/cards/OGN-013?print_variation=promo,promo,https://bilgewatermarket.com/assets/OGN-013-PROMO-EN-wX1k0Ncw.webp,¥0.94,$1.49,,Pouty Poro OGN-013/298 Promo CN ¥0.94 EN $1.49
2026-09-29T21:18:06+00:00,https://bilgewatermarket.com/cards,Void Seeker,nonfoil,0.63,https://bilgewatermarket.com/cards/OGN-024?print_variation=promo,promo,https://bilgewatermarket.com/assets/OGN-024-PROMO-EN-BpKthU2-.webp,¥2.19,$0.63,,Void Seeker OGN-024/298 Promo CN ¥2.19 EN $0.63
2026-09-29T21:18:06+00:00,https://bilgewatermarket.com/cards,"Tryndamere, Barbarian",nonfoil,1.93,https://bilgewatermarket.com/cards/OGN-034?print_variation=promo,promo,https://bilgewatermarket.com/assets/OGN-034-PROMO-EN-DterX5tm.webp,¥220.24,$1.93,,"Tryndamere, Barbarian OGN-034/298 Promo CN ¥220.24 EN $1.93"
2026-09-29T21:18:06+00:00,https://bilgewatermarket.com/cards,Calm Rune,nonfoil,3.83,https://bilgewatermarket.com/cards/OGN-042b?print_variation=promo,promo,https://bilgewatermarket.com/assets/OGN-042b-PROMO-CN-iY1zqCI8.jpg,¥18.51,$3.83,,Calm Rune OGN-042B/298 Promo CN ¥18.51 EN $3.83
2026-09-29T21:18:06+00:00,https://bilgewatermarket.com/cards,Stalwart Poro,nonfoil,1.16,https://bilgewatermarket.com/cards/OGN-052?print_variation=promo,promo,https://bilgewatermarket.com/assets/OGN-052-PROMO-EN-DCbcvVXs.webp,¥1.74,$1.16,,Stalwart Poro OGN-052/298 Promo CN ¥1.74 EN $1.16
2026-09-29T21:18:06+00:00,https://bilgewatermarket.com/cards,Wielder of Water,nonfoil,0.25,https://bilgewatermarket.com/cards/OGN-055?print_variation=promo,promo,https://bilgewatermarket.com/assets/OGN-055-PROMO-EN-Du50TZq8.webp,¥0.79,$0.25,,Wielder of Water OGN-055/298 Promo CN ¥0.79 EN $0.25
2026-09-29T21:18:06+00:00,https://bilgewatermarket.com/cards,Discipline,nonfoil,4.45,https://bilgewatermarket.com/cards/OGN-058?print_variation=promo,promo,https://bilgewatermarket.com/assets/OGN-058-PROMO-EN-CD-vuyGf.webp,¥10.42,$4.45,,Discipline OGN-058/298 Promo CN ¥10.42 EN $4.45
2026-09-29T21:18:06+00:00,https://bilgewatermarket.com/cards,"Ahri, Alluring",nonfoil,20.01,https://bilgewatermarket.com/cards/OGN-066?print_variation=promo,promo,https://bilgewatermarket.com/assets/OGN-066-PROMO-CN-CzhQgGAw.jpeg,¥20.01,--,,"Ahri, Alluring OGN-066/298 Promo CN ¥20.01 EN --"
2026-09-29T21:18:06+00:00,https://bilgewatermarket.com/cards,"Ahri, Alluring",nonfoil,165.40,https://bilgewatermarket.com/cards/OGN-066?print_variation=promo%5Borigins%20launch%20event%5D,promo[origins launch event],https://bilgewatermarket.com/assets/OGN-066-PROMO-EN-Dn1GfKOl.webp,--,$165.40,,"Ahri, Alluring OGN-066/298 Promo[Origins Launch Event] CN -- EN $165.40"
2026-09-29T21:18:06+00:00,https://bilgewatermarket.com/cards,"Blitzcrank, Impassive",nonfoil,190.20,https://bilgewatermarket.com/cards/OGN-067?print_variation=promo,promo,https://bilgewatermarket.com/assets/OGN-067-PROMO-CN-BgAEaY7O.jpeg,¥190.20,--,,"Blitzcrank, Impassive OGN-067/298 Promo CN ¥190.20 EN --"
2026-09-29T21:18:06+00:00,https://bilgewatermarket.com/cards,"Blitzcrank, Impassive",nonfoil,8.19,https://bilgewatermarket.com/cards/OGN-067?print_variation=promo%5Bsummoner%20skirmish%20top%208%5D,promo[summoner skirmish top 8],https://bilgewatermarket.com/assets/OGN-067-PROMO-EN-CV577cpi.webp,--,$8.19,,"Blitzcrank, Impassive OGN-067/298 Promo[Summoner Skirmish Top 8] CN -- EN $8.19"
2026-09-29T21:18:06+00:00,https://bilgewatermarket.com/cards,"Lee Sin, Ascetic",nonfoil,1.31,https://bilgewatermarket.com/cards/OGN-078?print_variation=promo,promo,https://bilgewatermarket.com/assets/OGN-078-PROMO-EN-CjWRECQ6.webp,¥9.03,$1.31,,"Lee Sin, Ascetic OGN-078/298 Promo CN ¥9.03 EN $1.31"
2026-09-29T21:18:06+00:00,https://bilgewatermarket.com/cards,Consult the Past,nonfoil,0.59,https://bilgewatermarket.com/cards/OGN-083?print_variation=promo,promo,https://bilgewatermarket.com/assets/OGN-083-PROMO-EN-Cwhiktnq.webp,¥1.03,$0.59,,Consult the Past OGN-083/298 Promo CN ¥1.03 EN $0.59
2026-09-29T21:18:06+00:00,https://bilgewatermarket.com/cards,Mind Rune,nonfoil,6.44,https://bilgewatermarket.com/cards/OGN-089b?print_variation=promo,promo,https://bilgewatermarket.com/assets/OGN-089b-PROMO-CN-Chkoki8i.jpg,¥17.12,$6.44,,Mind Rune OGN-089B/298 Promo CN ¥17.12 EN $6.44
2026-09-29T21:18:06+00:00,https://bilgewatermarket.com/cards,Riptide Rex,nonfoil,0.26,https://bilgewatermarket.com/cards/OGN-092?print_variation=promo,promo,https://bilgewatermarket.com/assets/OGN-092-PROMO-EN-D8K8o504.webp,¥0.88,$0.26,,Riptide Rex OGN-092/298 Promo CN ¥0.88 EN $0.26
2026-09-29T21:18:06+00:00,https://bilgewatermarket.com/cards,Ravenbloom Student,nonfoil,2.04,https://bilgewatermarket.com/cards/OGN-103?print_variation=promo,promo,https://bilgewatermarket.com/assets/OGN-103-PROMO-EN-BtkhdYGF.webp,¥3.86,$2.04,,Ravenbloom Student OGN-103/298 Promo CN ¥3.86 EN $2.04
2026-09-29T21:18:06+00:00,https://bilgewatermarket.com/cards,"Heimerdinger, Inventor",nonfoil,0.43,https://bilgewatermarket.com/cards/OGN-111?print_variation=promo,promo,https://bilgewatermarket.com/assets/OGN-111-PROMO-EN-aJuG3h2o.webp,¥420.80,$0.43,,"Heimerdinger, Inventor OGN-111/298 Promo CN ¥420.80 EN $0.43"
2026-09-29T21:18:06+00:00,https://bilgewatermarket.com/cards,Body Rune,nonfoil,2.98,https://bilgewatermarket.com/cards/OGN-126b?print_variation=promo,promo,https://bilgewatermarket.com/assets/OGN-126b-PROMO-CN-BrFX9dy7.jpg,¥12.35,$2.98,,Body Rune OGN-126B/298 Promo CN ¥12.35 EN $2.98
2026-09-29T21:18:06+00:00,https://bilgewatermarket.com/cards,Challenge,nonfoil,0.78,https://bilgewatermarket.com/cards/OGN-128?print_variation=promo,promo,https://bilgewatermarket.com/assets/OGN-128-PROMO-EN-_nMHBrhC.webp,¥2.32,$0.78,,Challenge OGN-128/298 Promo CN ¥2.32 EN $0.78
2026-09-29T21:18:06+00:00,https://bilgewatermarket.com/cards,Pakaa Cub,nonfoil,0.29,https://bilgewatermarket.com/cards/OGN-135?print_variation=promo,promo,https://bilgewatermarket.com/assets/OGN-135-PROMO-EN-BwFQGS7Y.webp,¥0.51,$0.29,,Pakaa Cub OGN-135/298 Promo CN ¥0.51 EN $0.29
2026-09-29T21:18:06+00:00,https://bilgewatermarket.com/cards,Stormclaw Ursine,nonfoil,0.23,https://bilgewatermarket.com/cards/OGN-137?print_variation=promo,promo,https://bilgewatermarket.com/assets/OGN-137-PROMO-EN-uGE1ZCuy.webp,¥1.00,$0.23,,Stormclaw Ursine OGN-137/298 Promo CN ¥1.00 EN $0.23
2026-09-29T21:18:06+00:00,https://bilgewatermarket.com/cards,"Lee Sin, Centered",nonfoil,55.52,https://bilgewatermarket.com/cards/OGN-151b?print_variation=promo,promo,https://bilgewatermarket.com/assets/OGN-151b-PROMO-EN-B2V2CY72.webp,--,$55.52,,"Lee Sin, Centered OGN-151B/298 Promo CN -- EN $55.52"
2026-09-29T21:18:06+00:00,https://bilgewatermarket.com/cards,Chaos Rune,nonfoil,6.04,https://bilgewatermarket.com/cards/OGN-166b?print_variation=promo,promo,https://bilgewatermarket.com/assets/OGN-166b-CN-CAq5Xwe1.jpg,¥17.37,$6.04,,Chaos Rune OGN-166B/298 Promo CN ¥17.37 EN $6.04
2026-09-29T21:18:06+00:00,https://bilgewatermarket.com/cards,Mystic Poro,nonfoil,1.16,https://bilgewatermarket.com/cards/OGN-171?print_variation=promo,promo,https://bilgewatermarket.com/assets/OGN-171-PROMO-EN-DSYKeWt1.webp,¥0.95,$1.16,,Mystic Poro OGN-171/298 Promo CN ¥0.95 EN $1.16
2026-09-29T21:18:06+00:00,https://bilgewatermarket.com/cards,Stealthy Pursuer,nonfoil,0.24,https://bilgewatermarket.com/cards/OGN-177?print_variation=promo,promo,https://bilgewatermarket.com/assets/OGN-177-PROMO-EN-CZosXjnz.webp,¥0.50,$0.24,,BANNED Stealthy Pursuer OGN-177/298 Promo CN ¥0.50 EN $0.24
2026-09-29T21:18:06+00:00,https://bilgewatermarket.com/cards,Stacked Deck,nonfoil,3.44,https://bilgewatermarket.com/cards/OGN-183?print_variation=promo,promo,https://bilgewatermarket.com/assets/OGN-183-PROMO-EN-Bzhzj9r9.webp,¥16.68,$3.44,,BANNED Stacked Deck OGN-183/298 Promo CN ¥16.68 EN $3.44
2026-09-29T21:18:06+00:00,https://bilgewatermarket.com/cards,"Teemo, Scout",nonfoil,5.36,https://bilgewatermarket.com/cards/OGN-197?print_variation=promo,promo,https://bilgewatermarket.com/assets/OGN-197-PROMO-EN-A5tpcAtw.webp,¥5.36,--,,"Teemo, Scout OGN-197/298 Promo CN ¥5.36 EN --"
2026-09-29T21:18:06+00:00,https://bilgewatermarket.com/cards,"Teemo, Scout",nonfoil,10.70,https://bilgewatermarket.com/cards/OGN-197?print_variation=promo%5Borigins%20store%20demo%5D,promo[origins store demo],https://bilgewatermarket.com/assets/OGN-197-PROMO-EN-A5tpcAtw.webp,--,$10.70,,"Teemo, Scout OGN-197/298 Promo[Origins Store Demo] CN -- EN $10.70"
2026-09-29T21:18:06+00:00,https://bilgewatermarket.com/cards,"Teemo, Scout",nonfoil,1430.38,https://bilgewatermarket.com/cards/OGN-197b?print_variation=promo,promo,https://bilgewatermarket.com/assets/OGN-197b-PROMO-EN-DHlKKnOE.jpg,"¥2,402.88","$1,430.38",,"Teemo, Scout OGN-197B/298 Promo CN ¥2,402.88 EN $1,430.38"
2026-09-29T21:18:06+00:00,https://bilgewatermarket.com/cards,"Jinx, Rebel",nonfoil,6.26,https://bilgewatermarket.com/cards/OGN-202?print_variation=promo,promo,https://bilgewatermarket.com/assets/OGN-202-PROMO-EN-DvQ2q9ID.webp,¥27.85,$6.26,,"Jinx, Rebel OGN-202/298 Promo CN ¥27.85 EN $6.26"
2026-09-29T21:18:06+00:00,https://bilgewatermarket.com/cards,Daring Poro,nonfoil,1.03,https://bilgewatermarket.com/cards/OGN-210?print_variation=promo,promo,https://bilgewatermarket.com/assets/OGN-210-PROMO-EN-yNzCrSeM.webp,¥0.52,$1.03,,Daring Poro OGN-210/298 Promo CN ¥0.52 EN $1.03
2026-09-29T21:18:06+00:00,https://bilgewatermarket.com/cards,Order Rune,nonfoil,3.22,https://bilgewatermarket.com/cards/OGN-214b?print_variation=promo,promo,https://bilgewatermarket.com/assets/OGN-214b-PROMO-CN-D906ftdR.jpg,¥13.00,$3.22,,Order Rune OGN-214B/298 Promo CN ¥13.00 EN $3.22
2026-09-29T21:18:06+00:00,https://bilgewatermarket.com/cards,Vanguard Captain,nonfoil,0.34,https://bilgewatermarket.com/cards/OGN-218?print_variation=promo,promo,https://bilgewatermarket.com/assets/OGN-218-PROMO-EN-fGozsUpb.webp,¥1.03,$0.34,,Vanguard Captain OGN-218/298 Promo CN ¥1.03 EN $0.34
2026-09-29T21:18:06+00:00,https://bilgewatermarket.com/cards,Vengeance,nonfoil,0.33,https://bilgewatermarket.com/cards/OGN-229?print_variation=promo,promo,https://bilgewatermarket.com/assets/OGN-229-PROMO-EN-BRZYbMwM.webp,¥0.98,$0.33,,Vengeance OGN-229/298 Promo CN ¥0.98 EN $0.33
2026-09-29T21:18:06+00:00,https://bilgewatermarket.com/cards,"Viktor, Leader",nonfoil,6.13,https://bilgewatermarket.com/cards/OGN-246?print_variation=promo,promo,https://bilgewatermarket.com/assets/OGN-246-PROMO-EN-Dt1towIV.webp,¥10.44,$6.13,,"Viktor, Leader OGN-246/298 Promo CN ¥10.44 EN $6.13"
2026-09-29T21:18:06+00:00,https://bilgewatermarket.com/cards,"Kai'Sa, Daughter of the Void",nonfoil,0.40,https://bilgewatermarket.com/cards/OGN-247?print_variation=promo,promo,https://bilgewatermarket.com/assets/OGN-247-PROMO-EN-DvJNtZmY.webp,¥21.74,$0.40,,"Kai'Sa, Daughter of the Void OGN-247/298 Promo CN ¥21.74 EN $0.40"
2026-09-29T21:18:06+00:00,https://bilgewatermarket.com/cards,"Volibear, Relentless Storm",nonfoil,0.27,https://bilgewatermarket.com/cards/OGN-249?print_variation=promo,promo,https://bilgewatermarket.com/assets/OGN-249-PROMO-EN-CvjhZlpQ.webp,¥5.24,$0.27,,"Volibear, Relentless Storm OGN-249/298 Promo CN ¥5.24 EN $0.27"
2026-09-29T21:18:06+00:00,https://bilgewatermarket.com/cards,"Jinx, Loose Cannon",nonfoil,0.23,https://bilgewatermarket.com/cards/OGN-251?print_variation=promo,promo,https://bilgewatermarket.com/assets/OGN-251-PROMO-EN-BOCYnGgY.webp,¥183.28,$0.23,,"Jinx, Loose Cannon OGN-251/298 Promo CN ¥183.28 EN $0.23"
2026-09-29T21:18:06+00:00,https://bilgewatermarket.com/cards,"Darius, Hand of Noxus",nonfoil,0.24,https://bilgewatermarket.com/cards/OGN-253?print_variation=promo,promo,https://bilgewatermarket.com/assets/OGN-253-PROMO-EN-CwBj8oMG.webp,¥5.11,$0.24,,"Darius, Hand of Noxus OGN-253/298 Promo CN ¥5.11 EN $0.24"
2026-09-29T21:18:06+00:00,https://bilgewatermarket.com/cards,"Ahri, Nine-Tailed Fox",nonfoil,1.53,https://bilgewatermarket.com/cards/OGN-255?print_variation=promo,promo,https://bilgewatermarket.com/assets/OGN-255-PROMO-EN-BQxAKueS.webp,¥45.10,$1.53,,"Ahri, Nine-Tailed Fox OGN-255/298 Promo CN ¥45.10 EN $1.53"
2026-09-29T21:18:06+00:00,https://bilgewatermarket.com/cards,"Lee Sin, Blind Monk",nonfoil,0.25,https://bilgewatermarket.com/cards/OGN-257?print_variation=promo,promo,https://bilgewatermarket.com/assets/OGN-257-PROMO-EN-DhScf7p_.webp,¥5.49,$0.25,,"Lee Sin, Blind Monk OGN-257/298 Promo CN ¥5.49 EN $0.25"
2026-09-29T21:18:06+00:00,https://bilgewatermarket.com/cards,"Yasuo, Unforgiven",nonfoil,0.30,https://bilgewatermarket.com/cards/OGN-259?print_variation=promo,promo,https://bilgewatermarket.com/assets/OGN-259-PROMO-EN-CkYHQQQA.webp,¥13.82,$0.30,,"Yasuo, Unforgiven OGN-259/298 Promo CN ¥13.82 EN $0.30"
2026-09-29T21:18:06+00:00,https://bilgewatermarket.com/cards,"Leona, Radiant Dawn",nonfoil,0.28,https://bilgewatermarket.com/cards/OGN-261?print_variation=promo,promo,https://bilgewatermarket.com/assets/OGN-261-PROMO-EN-DVW_0Ca8.webp,¥6.20,$0.28,,"Leona, Radiant Dawn OGN-261/298 Promo CN ¥6.20 EN $0.28"
2026-09-29T21:18:06+00:00,https://bilgewatermarket.com/cards,"Teemo, Swift Scout",nonfoil,0.38,https://bilgewatermarket.com/cards/OGN-263?print_variation=promo,promo,https://bilgewatermarket.com/assets/OGN-263-PROMO-EN-BOTHEjJs.webp,¥44.83,$0.38,,"Teemo, Swift Scout OGN-263/298 Promo CN ¥44.83 EN $0.38"
2026-09-29T21:18:06+00:00,https://bilgewatermarket.com/cards,"Viktor, Herald of the Arcane",nonfoil,0.24,https://bilgewatermarket.com/cards/OGN-265?print_variation=promo,promo,https://bilgewatermarket.com/assets/OGN-265-PROMO-EN-DZAWlap2.webp,¥122.82,$0.24,,"Viktor, Herald of the Arcane OGN-265/298 Promo CN ¥122.82 EN $0.24"
2026-09-29T21:18:06+00:00,https://bilgewatermarket.com/cards,"Miss Fortune, Bounty Hunter",nonfoil,0.35,https://bilgewatermarket.com/cards/OGN-267?print_variation=promo,promo,https://bilgewatermarket.com/assets/OGN-267-PROMO-EN-Ta32d8Tj.webp,¥22.85,$0.35,,"Miss Fortune, Bounty Hunter OGN-267/298 Promo CN ¥22.85 EN $0.35"
2026-09-29T21:18:06+00:00,https://bilgewatermarket.com/cards,"Sett, The Boss",nonfoil,0.36,https://bilgewatermarket.com/cards/OGN-269?print_variation=promo,promo,https://bilgewatermarket.com/assets/OGN-269-PROMO-EN-DW50XGvo.webp,¥5.36,$0.36,,"Sett, The Boss OGN-269/298 Promo CN ¥5.36 EN $0.36"
2026-09-29T21:18:06+00:00,https://bilgewatermarket.com/cards,Recruit,nonfoil,105.65,https://bilgewatermarket.com/cards/OGN-271a?print_variation=promo,promo,https://bilgewatermarket.com/assets/OGN-271a-PROMO-CN-CEbk9rr1.png,¥105.65,--,,Recruit OGN-271A/298 Promo CN ¥105.65 EN --
2026-09-29T21:18:06+00:00,https://bilgewatermarket.com/cards,Altar to Unity,nonfoil,0.39,https://bilgewatermarket.com/cards/OGN-275a?print_variation=promo%5Bteamfight%20tactics%20paris%20open%5D,promo[teamfight tactics paris open],https://bilgewatermarket.com/assets/OGN-275a-PROMO-EN-CQarUxBT.webp,--,$0.39,,Altar to Unity OGN-275A/298 Promo[Teamfight Tactics Paris Open] CN -- EN $0.39
2026-09-29T21:18:06+00:00,https://bilgewatermarket.com/cards,"Annie, Fiery",nonfoil,27.98,https://bilgewatermarket.com/cards/OGS-001?print_variation=promo,promo,https://bilgewatermarket.com/assets/OGS-001-PROMO-EN-I6gHKM3d.webp,¥7.31,$27.98,,"Annie, Fiery OGS-001/024 Promo CN ¥7.31 EN $27.98"
2026-09-29T21:18:06+00:00,https://bilgewatermarket.com/cards,"Yi, Meditative",nonfoil,3.65,https://bilgewatermarket.com/cards/OGS-004?print_variation=promo,promo,https://bilgewatermarket.com/assets/OGS-004-PROMO-EN-BiuIPWUe.webp,¥5.19,$3.65,,"Yi, Meditative OGS-004/024 Promo CN ¥5.19 EN $3.65"
2026-09-29T21:18:06+00:00,https://bilgewatermarket.com/cards,"Lux, Illuminated",nonfoil,15.19,https://bilgewatermarket.com/cards/OGS-006?print_variation=promo,promo,https://bilgewatermarket.com/assets/OGS-006-PROMO-EN-CXx6X0BP.webp,¥3.51,$15.19,,"Lux, Illuminated OGS-006/024 Promo CN ¥3.51 EN $15.19"
2026-09-29T21:18:06+00:00,https://bilgewatermarket.com/cards,"Garen, Rugged",nonfoil,5.57,https://bilgewatermarket.com/cards/OGS-007?print_variation=promo,promo,https://bilgewatermarket.com/assets/OGS-007-PROMO-EN-CCjh74f3.webp,¥4.08,$5.57,,"Garen, Rugged OGS-007/024 Promo CN ¥4.08 EN $5.57"
2026-09-29T21:18:06+00:00,https://bilgewatermarket.com/cards,"Yi, Honed",nonfoil,14.28,https://bilgewatermarket.com/cards/OGS-009?print_variation=promo,promo,https://bilgewatermarket.com/assets/OGS-009-PROMO-EN-CqYX1ikV.webp,¥6.66,$14.28,,"Yi, Honed OGS-009/024 Promo CN ¥6.66 EN $14.28"
2026-09-29T21:18:06+00:00,https://bilgewatermarket.com/cards,"Annie, Stubborn",nonfoil,13.56,https://bilgewatermarket.com/cards/OGS-010?print_variation=promo,promo,https://bilgewatermarket.com/assets/OGS-010-PROMO-EN-Cm74bub6.webp,¥10.11,$13.56,,"Annie, Stubborn OGS-010/024 Promo CN ¥10.11 EN $13.56"
2026-09-29T21:18:06+00:00,https://bilgewatermarket.com/cards,Flash,nonfoil,1.72,https://bilgewatermarket.com/cards/OGS-011?print_variation=promo,promo,https://bilgewatermarket.com/assets/OGS-011-EN-ylQwYTCz.jpg,¥64.12,$1.72,,Flash OGS-011/024 Promo CN ¥64.12 EN $1.72
2026-09-29T21:18:06+00:00,https://bilgewatermarket.com/cards,"Garen, Commander",nonfoil,4.31,https://bilgewatermarket.com/cards/OGS-013?print_variation=promo,promo,https://bilgewatermarket.com/assets/OGS-013-PROMO-EN-B90fc6KQ.webp,¥2.02,$4.31,,"Garen, Commander OGS-013/024 Promo CN ¥2.02 EN $4.31"
2026-09-29T21:18:06+00:00,https://bilgewatermarket.com/cards,"Lux, Crownguard",nonfoil,56.84,https://bilgewatermarket.com/cards/OGS-014?print_variation=promo,promo,https://bilgewatermarket.com/assets/OGS-014-PROMO-EN-CFmGuLos.webp,¥16.15,$56.84,,"Lux, Crownguard OGS-014/024 Promo CN ¥16.15 EN $56.84"
2026-09-29T21:18:06+00:00,https://bilgewatermarket.com/cards,"Annie, Dark Child, Starter",nonfoil,41.53,https://bilgewatermarket.com/cards/OGS-017?print_variation=promo,promo,https://bilgewatermarket.com/assets/OGS-017-PROMO-EN-O9sS79Zp.webp,¥36.01,$41.53,,"Annie, Dark Child, Starter OGS-017/024 Promo CN ¥36.01 EN $41.53"
2026-09-29T21:18:06+00:00,https://bilgewatermarket.com/cards,Tibbers,nonfoil,5.59,https://bilgewatermarket.com/cards/OGS-018?print_variation=promo,promo,https://bilgewatermarket.com/assets/OGS-018-PROMO-EN-7_6XJ_UU.webp,¥2.71,$5.59,,Tibbers OGS-018/024 Promo CN ¥2.71 EN $5.59
2026-09-29T21:18:06+00:00,https://bilgewatermarket.com/cards,"Master Yi, Wuju Bladesman, Starter",nonfoil,41.13,https://bilgewatermarket.com/cards/OGS-019?print_variation=promo,promo,https://bilgewatermarket.com/assets/OGS-019-PROMO-EN-BfTlB1qR.webp,¥72.52,$41.13,,"Master Yi, Wuju Bladesman, Starter OGS-019/024 Promo CN ¥72.52 EN $41.13"
2026-09-29T21:18:06+00:00,https://bilgewatermarket.com/cards,Highlander,nonfoil,1.96,https://bilgewatermarket.com/cards/OGS-020?print_variation=promo,promo,https://bilgewatermarket.com/assets/OGS-020-PROMO-EN-CawOIdIr.webp,¥3.00,$1.96,,Highlander OGS-020/024 Promo CN ¥3.00 EN $1.96
2026-09-29T21:18:06+00:00,https://bilgewatermarket.com/cards,"Lux, Lady of Luminosity, Starter",nonfoil,53.45,https://bilgewatermarket.com/cards/OGS-021?print_variation=promo,promo,https://bilgewatermarket.com/assets/OGS-021-PROMO-EN-BwvMmMzR.webp,¥22.95,$53.45,,"Lux, Lady of Luminosity, Starter OGS-021/024 Promo CN ¥22.95 EN $53.45"
2026-09-29T21:18:06+00:00,https://bilgewatermarket.com/cards,Final Spark,nonfoil,4.36,https://bilgewatermarket.com/cards/OGS-022?print_variation=promo,promo,https://bilgewatermarket.com/assets/OGS-022-PROMO-EN-DUBkTH8-.webp,¥4.84,$4.36,,Final Spark OGS-022/024 Promo CN ¥4.84 EN $4.36
2026-09-29T21:18:06+00:00,https://bilgewatermarket.com/cards,"Garen, Might of Demacia, Starter",nonfoil,6.54,https://bilgewatermarket.com/cards/OGS-023?print_variation=promo,promo,https://bilgewatermarket.com/assets/OGS-023-PROMO-EN-DPOr-GOp.webp,¥5.06,$6.54,,"Garen, Might of Demacia, Starter OGS-023/024 Promo CN ¥5.06 EN $6.54"
2026-09-29T21:18:06+00:00,https://bilgewatermarket.com/cards,Decisive Strike,nonfoil,1.83,https://bilgewatermarket.com/cards/OGS-024?print_variation=promo,promo,https://bilgewatermarket.com/assets/OGS-024-PROMO-EN-C3eeaso8.webp,¥2.00,$1.83,,Decisive Strike OGS-024/024 Promo CN ¥2.00 EN $1.83
2026-09-29T21:18:06+00:00,https://bilgewatermarket.com/cards,Gem Jammer,nonfoil,0.36,https://bilgewatermarket.com/cards/SFD-007?print_variation=promo,promo,https://bilgewatermarket.com/assets/SFD-007-PROMO-EN-BxWuACIA.webp,¥1.26,$0.36,,Gem Jammer SFD-007/221 Promo CN ¥1.26 EN $0.36
2026-09-29T21:18:06+00:00,https://bilgewatermarket.com/cards,Serrated Dirk,nonfoil,0.19,https://bilgewatermarket.com/cards/SFD-009?print_variation=promo,promo,https://bilgewatermarket.com/assets/SFD-009-PROMO-EN-BxrJsbBL.webp,¥0.50,$0.19,,Serrated Dirk SFD-009/221 Promo CN ¥0.50 EN $0.19
2026-09-29T21:18:06+00:00,https://bilgewatermarket.com/cards,Blast Corps Cadet,nonfoil,0.27,https://bilgewatermarket.com/cards/SFD-013?print_variation=promo,promo,https://bilgewatermarket.com/assets/SFD-013-PROMO-EN-ld7XgpPT.webp,¥0.52,$0.27,,Blast Corps Cadet SFD-013/221 Promo CN ¥0.52 EN $0.27
2026-09-29T21:18:06+00:00,https://bilgewatermarket.com/cards,Long Sword,nonfoil,0.26,https://bilgewatermarket.com/cards/SFD-022?print_variation=promo%5Bsummoner%20skirmish%20participation%5D,promo[summoner skirmish participation],https://bilgewatermarket.com/assets/SFD-022-EN-YbFX3fQ2.jpg,--,$0.26,,Long Sword SFD-022/221 Promo[Summoner Skirmish Participation] CN -- EN $0.26
2026-09-29T21:18:06+00:00,https://bilgewatermarket.com/cards,Long Sword,nonfoil,64.90,https://bilgewatermarket.com/cards/SFD-022?print_variation=promo%5B%E4%B8%8A%E4%BD%8D%5D,promo[上位],https://bilgewatermarket.com/assets/SFD-022-CN-DXg_Zblz.png,¥64.90,--,,Long Sword SFD-022/221 Promo[上位] CN ¥64.90 EN --
2026-09-29T21:18:06+00:00,https://bilgewatermarket.com/cards,"Rengar, Pouncing",nonfoil,5147.63,https://bilgewatermarket.com/cards/SFD-025a?print_variation=promo,promo,https://bilgewatermarket.com/assets/SFD-025a-PROMO-CN-CUkgcegE.PNG,"¥5,147.63",--,,"Rengar, Pouncing SFD-025A/221 Promo CN ¥5,147.63 EN --"
2026-09-29T21:18:06+00:00,https://bilgewatermarket.com/cards,Doran's Shield,nonfoil,0.42,https://bilgewatermarket.com/cards/SFD-033?print_variation=promo,promo,https://bilgewatermarket.com/assets/SFD-033-PROMO-EN-CHauGnof.webp,¥1.03,$0.42,,Doran's Shield SFD-033/221 Promo CN ¥1.03 EN $0.42
2026-09-29T21:18:06+00:00,https://bilgewatermarket.com/cards,Navori Scout,nonfoil,0.31,https://bilgewatermarket.com/cards/SFD-037?print_variation=promo,promo,https://bilgewatermarket.com/assets/SFD-037-PROMO-EN-KqsbdpiW.webp,¥0.54,$0.31,,Navori Scout SFD-037/221 Promo CN ¥0.54 EN $0.31
2026-09-29T21:18:06+00:00,https://bilgewatermarket.com/cards,Stellacorn Herder,nonfoil,5.31,https://bilgewatermarket.com/cards/SFD-048?print_variation=promo,promo,https://bilgewatermarket.com/assets/SFD-048-PROMO-EN-DEL_cEoe.webp,¥3.20,$5.31,,Stellacorn Herder SFD-048/221 Promo CN ¥3.20 EN $5.31
2026-09-29T21:18:06+00:00,https://bilgewatermarket.com/cards,Guardian Angel,nonfoil,4.43,https://bilgewatermarket.com/cards/SFD-051?print_variation=promo%5Bsummoner%20skirmish%20top%208%5D,promo[summoner skirmish top 8],https://bilgewatermarket.com/assets/SFD-051-PROMO-CN-CB7CJpq3.png,--,$4.43,,Guardian Angel SFD-051/221 Promo[Summoner Skirmish Top 8] CN -- EN $4.43
2026-09-29T21:18:06+00:00,https://bilgewatermarket.com/cards,Guardian Angel,nonfoil,1797.40,https://bilgewatermarket.com/cards/SFD-051?print_variation=promo%5B%E5%86%A0%E5%86%9B%5D,promo[冠军],https://bilgewatermarket.com/assets/SFD-051-PROMO-CN-CB7CJpq3.png,"¥1,797.40",--,,"Guardian Angel SFD-051/221 Promo[冠军] CN ¥1,797.40 EN --"
2026-09-29T21:18:06+00:00,https://bilgewatermarket.com/cards,Svellsongur,nonfoil,21.52,https://bilgewatermarket.com/cards/SFD-059?print_variation=promo,promo,https://bilgewatermarket.com/assets/SFD-059-PROMO-EN-ODvRzMmW.webp,¥378.10,$21.52,,Svellsongur SFD-059/221 Promo CN ¥378.10 EN $21.52
2026-09-29T21:18:06+00:00,https://bilgewatermarket.com/cards,Cloth Armor,nonfoil,0.39,https://bilgewatermarket.com/cards/SFD-064?print_variation=promo,promo,https://bilgewatermarket.com/assets/SFD-064-PROMO-EN-BxxIERvU.webp,¥0.66,$0.39,,Cloth Armor SFD-064/221 Promo CN ¥0.66 EN $0.39
2026-09-29T21:18:06+00:00,https://bilgewatermarket.com/cards,Frostcoat Cub,nonfoil,0.24,https://bilgewatermarket.com/cards/SFD-067?print_variation=promo,promo,https://bilgewatermarket.com/assets/SFD-067-PROMO-EN-BRAedGgP.webp,¥0.93,$0.24,,Frostcoat Cub SFD-067/221 Promo CN ¥0.93 EN $0.24
2026-09-29T21:18:06+00:00,https://bilgewatermarket.com/cards,Production Surge,nonfoil,0.34,https://bilgewatermarket.com/cards/SFD-076?print_variation=promo,promo,https://bilgewatermarket.com/assets/SFD-076-PROMO-EN-DUkRxEgt.webp,¥1.00,$0.34,,Production Surge SFD-076/221 Promo CN ¥1.00 EN $0.34
2026-09-29T21:18:06+00:00,https://bilgewatermarket.com/cards,"Jayce, Man of Progress",nonfoil,2.62,https://bilgewatermarket.com/cards/SFD-084?print_variation=promo,promo,https://bilgewatermarket.com/assets/SFD-084-CN-BdyDFd8k.png,¥2.62,--,,"Jayce, Man of Progress SFD-084/221 Promo CN ¥2.62 EN --"
2026-09-29T21:18:06+00:00,https://bilgewatermarket.com/cards,World Atlas,nonfoil,0.28,https://bilgewatermarket.com/cards/SFD-086?print_variation=promo%5Bsummoner%20skirmish%20participation%5D,promo[summoner skirmish participation],https://bilgewatermarket.com/assets/SFD-086-EN-CHslvxE0.jpg,--,$0.28,,World Atlas SFD-086/221 Promo[Summoner Skirmish Participation] CN -- EN $0.28
2026-09-29T21:18:06+00:00,https://bilgewatermarket.com/cards,World Atlas,nonfoil,27.90,https://bilgewatermarket.com/cards/SFD-086?print_variation=promo%5B%E4%B8%8A%E4%BD%8D%5D,promo[上位],https://bilgewatermarket.com/assets/SFD-086-CN-BXP4k5Ps.png,¥27.90,--,,World Atlas SFD-086/221 Promo[上位] CN ¥27.90 EN --
2026-09-29T21:18:06+00:00,https://bilgewatermarket.com/cards,Doran's Blade,nonfoil,0.38,https://bilgewatermarket.com/cards/SFD-095?print_variation=promo,promo,https://bilgewatermarket.com/assets/SFD-095-PROMO-EN-VEGZgjZz.webp,¥0.65,$0.38,,Doran's Blade SFD-095/221 Promo CN ¥0.65 EN $0.38
2026-09-29T21:18:06+00:00,https://bilgewatermarket.com/cards,Sea Monkey,nonfoil,0.29,https://bilgewatermarket.com/cards/SFD-098?print_variation=promo,promo,https://bilgewatermarket.com/assets/SFD-098-PROMO-EN-CcEEEksn.webp,¥0.58,$0.29,,Sea Monkey SFD-098/221 Promo CN ¥0.58 EN $0.29
2026-09-29T21:18:06+00:00,https://bilgewatermarket.com/cards,Fae Dragon,nonfoil,0.31,https://bilgewatermarket.com/cards/SFD-101?print_variation=promo,promo,https://bilgewatermarket.com/assets/SFD-101-PROMO-EN-DyljH3dZ.webp,¥0.51,$0.31,,Fae Dragon SFD-101/221 Promo CN ¥0.51 EN $0.31
2026-09-29T21:18:06+00:00,https://bilgewatermarket.com/cards,Here to Help,nonfoil,999.00,https://bilgewatermarket.com/cards/SFD-111?print_variation=promo,promo,https://bilgewatermarket.com/assets/SFD-111-CN-BGNnFWmA.png,¥999.00,--,,Here to Help SFD-111/221 Promo CN ¥999.00 EN --
2026-09-29T21:18:06+00:00,https://bilgewatermarket.com/cards,"Yone, Blademaster",nonfoil,2.91,https://bilgewatermarket.com/cards/SFD-116?print_variation=promo,promo,https://bilgewatermarket.com/assets/SFD-116-PROMO-EN-CUFe57in.webp,¥1.43,$2.91,,"Yone, Blademaster SFD-116/221 Promo CN ¥1.43 EN $2.91"
2026-09-29T21:18:06+00:00,https://bilgewatermarket.com/cards,Doran's Ring,nonfoil,0.34,https://bilgewatermarket.com/cards/SFD-124?print_variation=promo,promo,https://bilgewatermarket.com/assets/SFD-124-PROMO-EN-xf-N_snc.webp,¥0.55,$0.34,,Doran's Ring SFD-124/221 Promo CN ¥0.55 EN $0.34
2026-09-29T21:18:06+00:00,https://bilgewatermarket.com/cards,Treasure Hunter,nonfoil,1.14,https://bilgewatermarket.com/cards/SFD-130?print_variation=promo,promo,https://bilgewatermarket.com/assets/SFD-130-PROMO-EN-WO1zpSDo.webp,¥2.29,$1.14,,Treasure Hunter SFD-130/221 Promo CN ¥2.29 EN $1.14
2026-09-29T21:18:06+00:00,https://bilgewatermarket.com/cards,Harpoon Squad,nonfoil,0.25,https://bilgewatermarket.com/cards/SFD-137?print_variation=promo,promo,https://bilgewatermarket.com/assets/SFD-137-PROMO-EN-CRWF79Cq.webp,¥0.50,$0.25,,Harpoon Squad SFD-137/221 Promo CN ¥0.50 EN $0.25
2026-09-29T21:18:06+00:00,https://bilgewatermarket.com/cards,Edge of Night,nonfoil,4.80,https://bilgewatermarket.com/cards/SFD-139?print_variation=promo%5Bsummoner%20skirmish%20top%208%5D,promo[summoner skirmish top 8],https://bilgewatermarket.com/assets/SFD-139-EN-oOXuycYc.jpg,--,$4.80,,Edge of Night SFD-139/221 Promo[Summoner Skirmish Top 8] CN -- EN $4.80
2026-09-29T21:18:06+00:00,https://bilgewatermarket.com/cards,Edge of Night,nonfoil,1250.80,https://bilgewatermarket.com/cards/SFD-139?print_variation=promo%5B%E5%86%A0%E5%86%9B%5D,promo[冠军],https://bilgewatermarket.com/assets/SFD-139-CN-CHlho4i1.png,"¥1,250.80",--,,"Edge of Night SFD-139/221 Promo[冠军] CN ¥1,250.80 EN --"
2026-09-29T21:18:06+00:00,https://bilgewatermarket.com/cards,Eye of the Herald,nonfoil,0.39,https://bilgewatermarket.com/cards/SFD-153?print_variation=promo,promo,https://bilgewatermarket.com/assets/SFD-153-PROMO-EN-DCXQUpXn.webp,¥1.11,$0.39,,Eye of the Herald SFD-153/221 Promo CN ¥1.11 EN $0.39
2026-09-29T21:18:06+00:00,https://bilgewatermarket.com/cards,Laurent Duelist,nonfoil,0.24,https://bilgewatermarket.com/cards/SFD-156?print_variation=promo,promo,https://bilgewatermarket.com/assets/SFD-156-PROMO-EN-D9DrL_IX.webp,¥0.50,$0.24,,Laurent Duelist SFD-156/221 Promo CN ¥0.50 EN $0.24
2026-09-29T21:18:06+00:00,https://bilgewatermarket.com/cards,Unsung Hero,nonfoil,0.36,https://bilgewatermarket.com/cards/SFD-167?print_variation=promo,promo,https://bilgewatermarket.com/assets/SFD-167-PROMO-EN-CtU5ogCt.webp,¥1.02,$0.36,,Unsung Hero SFD-167/221 Promo CN ¥1.02 EN $0.36
2026-09-29T21:18:06+00:00,https://bilgewatermarket.com/cards,Treasure Hoard,nonfoil,829.29,https://bilgewatermarket.com/cards/SFD-220?print_variation=promo,promo,https://bilgewatermarket.com/assets/SFD-220-PROMO-CN-CTSYKqAD.JPG,¥829.29,--,,Treasure Hoard SFD-220/221 Promo CN ¥829.29 EN --
2026-09-29T21:18:06+00:00,https://bilgewatermarket.com/cards,Arena Kingpin,nonfoil,0.38,https://bilgewatermarket.com/cards/UNL-001?print_variation=promo,promo,https://bilgewatermarket.com/assets/UNL-001-EN-CN6qRx__.webp,¥0.51,$0.38,,Arena Kingpin UNL-001/219 Promo CN ¥0.51 EN $0.38
2026-09-29T21:18:06+00:00,https://bilgewatermarket.com/cards,Upstage Comedy,nonfoil,0.34,https://bilgewatermarket.com/cards/UNL-009?print_variation=promo,promo,https://bilgewatermarket.com/assets/UNL-009-EN-D8P6CA8o.webp,¥0.52,$0.34,,Upstage Comedy UNL-009/219 Promo CN ¥0.52 EN $0.34
2026-09-29T21:18:06+00:00,https://bilgewatermarket.com/cards,Scorchclaw,nonfoil,0.26,https://bilgewatermarket.com/cards/UNL-016?print_variation=promo,promo,https://bilgewatermarket.com/assets/UNL-016-EN-3OZO5Mlz.webp,¥0.51,$0.26,,Scorchclaw UNL-016/219 Promo CN ¥0.51 EN $0.26
2026-09-29T21:18:06+00:00,https://bilgewatermarket.com/cards,"Jhin, Murderous Artist",nonfoil,3.35,https://bilgewatermarket.com/cards/UNL-022?print_variation=promo,promo,https://bilgewatermarket.com/assets/UNL-022-CN-CcwGyn1j.png,¥3.35,--,,"Jhin, Murderous Artist UNL-022/219 Promo CN ¥3.35 EN --"
2026-09-29T21:18:06+00:00,https://bilgewatermarket.com/cards,Mutated Mouser,nonfoil,0.64,https://bilgewatermarket.com/cards/UNL-036?print_variation=promo,promo,https://bilgewatermarket.com/assets/UNL-036-EN-Bku3wAWV.webp,¥0.94,$0.64,,Mutated Mouser UNL-036/219 Promo CN ¥0.94 EN $0.64
2026-09-29T21:18:06+00:00,https://bilgewatermarket.com/cards,Soul Sword,nonfoil,0.64,https://bilgewatermarket.com/cards/UNL-039?print_variation=promo,promo,https://bilgewatermarket.com/assets/UNL-039-EN-LuonHqwB.webp,¥1.81,$0.64,,Soul Sword UNL-039/219 Promo CN ¥1.81 EN $0.64
2026-09-29T21:18:06+00:00,https://bilgewatermarket.com/cards,Mosstomper,nonfoil,0.28,https://bilgewatermarket.com/cards/UNL-047?print_variation=promo,promo,https://bilgewatermarket.com/assets/UNL-047-EN-By0s-ZLa.webp,¥1.00,$0.28,,Mosstomper UNL-047/219 Promo CN ¥1.00 EN $0.28
2026-09-29T21:18:06+00:00,https://bilgewatermarket.com/cards,"Yuumi, Magical Cat",nonfoil,5.53,https://bilgewatermarket.com/cards/UNL-056?print_variation=promo,promo,https://bilgewatermarket.com/assets/UNL-056-PROMO-CN-DzY6O7ZN.JPG,¥5.53,--,,"Yuumi, Magical Cat UNL-056/219 Promo CN ¥5.53 EN --"
2026-09-29T21:18:06+00:00,https://bilgewatermarket.com/cards,"Lillia, Protector of Dreams",nonfoil,43.48,https://bilgewatermarket.com/cards/UNL-058?print_variation=promo,promo,https://bilgewatermarket.com/assets/UNL-058-PROMO-CN-C53I13EN.JPG,¥43.48,--,,"Lillia, Protector of Dreams UNL-058/219 Promo CN ¥43.48 EN --"
2026-09-29T21:18:06+00:00,https://bilgewatermarket.com/cards,Downstage Dramatics,nonfoil,0.41,https://bilgewatermarket.com/cards/UNL-061?print_variation=promo,promo,https://bilgewatermarket.com/assets/UNL-061-EN-tm1hOwmc.webp,¥0.60,$0.41,,Downstage Dramatics UNL-061/219 Promo CN ¥0.60 EN $0.41
2026-09-29T21:18:06+00:00,https://bilgewatermarket.com/cards,Icevale Archer,nonfoil,0.40,https://bilgewatermarket.com/cards/UNL-065?print_variation=promo,promo,https://bilgewatermarket.com/assets/UNL-065-EN-Dyqtymor.webp,¥0.50,$0.40,,Icevale Archer UNL-065/219 Promo CN ¥0.50 EN $0.40
2026-09-29T21:18:06+00:00,https://bilgewatermarket.com/cards,Gustwalker,nonfoil,0.27,https://bilgewatermarket.com/cards/UNL-075?print_variation=promo,promo,https://bilgewatermarket.com/assets/UNL-075-EN-DMd-ptQm.webp,¥0.50,$0.27,,Gustwalker UNL-075/219 Promo CN ¥0.50 EN $0.27
2026-09-29T21:18:06+00:00,https://bilgewatermarket.com/cards,"Zilean, Time Mage",nonfoil,1.99,https://bilgewatermarket.com/cards/UNL-086?print_variation=promo,promo,https://bilgewatermarket.com/assets/UNL-086-PROMO-CN-BhKJErLW.JPG,¥1.99,--,,"Zilean, Time Mage UNL-086/219 Promo CN ¥1.99 EN --"
2026-09-29T21:18:06+00:00,https://bilgewatermarket.com/cards,Blue Sentinel,nonfoil,400.16,https://bilgewatermarket.com/cards/UNL-087?print_variation=promo,promo,https://bilgewatermarket.com/assets/UNL-087-CN-DIAFsCK_.png,¥400.16,--,,Blue Sentinel UNL-087/219 Promo CN ¥400.16 EN --
2026-09-29T21:18:06+00:00,https://bilgewatermarket.com/cards,Dragonsoul Sage,nonfoil,0.43,https://bilgewatermarket.com/cards/UNL-093?print_variation=promo,promo,https://bilgewatermarket.com/assets/UNL-093-EN-CHmRWoMD.webp,¥0.90,$0.43,,Dragonsoul Sage UNL-093/219 Promo CN ¥0.90 EN $0.43
2026-09-29T21:18:06+00:00,https://bilgewatermarket.com/cards,Voracious Gromp,nonfoil,0.26,https://bilgewatermarket.com/cards/UNL-100?print_variation=promo,promo,https://bilgewatermarket.com/assets/UNL-100-EN-CsXPG5Lo.webp,¥0.53,$0.26,,Voracious Gromp UNL-100/219 Promo CN ¥0.53 EN $0.26
2026-09-29T21:18:06+00:00,https://bilgewatermarket.com/cards,Stare Down,nonfoil,0.36,https://bilgewatermarket.com/cards/UNL-107?print_variation=promo,promo,https://bilgewatermarket.com/assets/UNL-107-EN-DWokmyMg.webp,¥1.02,$0.36,,Stare Down UNL-107/219 Promo CN ¥1.02 EN $0.36
2026-09-29T21:18:06+00:00,https://bilgewatermarket.com/cards,"Rengar, Trophy Hunter",nonfoil,117.66,https://bilgewatermarket.com/cards/UNL-120?print_variation=promo,promo,https://bilgewatermarket.com/assets/UNL-120-PROMO-CN-DiJrnxWN.JPG,¥117.66,--,,"Rengar, Trophy Hunter UNL-120/219 Promo CN ¥117.66 EN --"
2026-09-29T21:18:06+00:00,https://bilgewatermarket.com/cards,Lunar Boon,nonfoil,0.45,https://bilgewatermarket.com/cards/UNL-125?print_variation=promo,promo,https://bilgewatermarket.com/assets/UNL-125-EN-pmN72IVD.webp,¥1.99,$0.45,,Lunar Boon UNL-125/219 Promo CN ¥1.99 EN $0.45
2026-09-29T21:18:06+00:00,https://bilgewatermarket.com/cards,Mister Root,nonfoil,0.58,https://bilgewatermarket.com/cards/UNL-127?print_variation=promo,promo,https://bilgewatermarket.com/assets/UNL-127-EN-BvbWbqHA.webp,¥0.51,$0.58,,Mister Root UNL-127/219 Promo CN ¥0.51 EN $0.58
2026-09-29T21:18:06+00:00,https://bilgewatermarket.com/cards,Sinister Poro,nonfoil,0.71,https://bilgewatermarket.com/cards/UNL-137?print_variation=promo,promo,https://bilgewatermarket.com/assets/UNL-137-EN-Dlsnsp5c.webp,¥1.00,$0.71,,Sinister Poro UNL-137/219 Promo CN ¥1.00 EN $0.71
2026-09-29T21:18:06+00:00,https://bilgewatermarket.com/cards,Loyal Poro,nonfoil,0.99,https://bilgewatermarket.com/cards/UNL-156?print_variation=promo,promo,https://bilgewatermarket.com/assets/UNL-156-EN-DXPw4hOS.webp,¥0.51,$0.99,,Loyal Poro UNL-156/219 Promo CN ¥0.51 EN $0.99
2026-09-29T21:18:06+00:00,https://bilgewatermarket.com/cards,Ultrasoft Poro,nonfoil,1.40,https://bilgewatermarket.com/cards/UNL-160?print_variation=promo,promo,https://bilgewatermarket.com/assets/UNL-160-EN-BuEI10Q6.webp,¥0.51,$1.40,,Ultrasoft Poro UNL-160/219 Promo CN ¥0.51 EN $1.40
2026-09-29T21:18:06+00:00,https://bilgewatermarket.com/cards,Undying Loyalty,nonfoil,0.22,https://bilgewatermarket.com/cards/UNL-168?print_variation=promo,promo,https://bilgewatermarket.com/assets/UNL-168-EN-BPVhrgS3.webp,¥0.50,$0.22,,Undying Loyalty UNL-168/219 Promo CN ¥0.50 EN $0.22
2026-09-29T21:18:06+00:00,https://bilgewatermarket.com/cards,"Ashe, Focused",nonfoil,3.57,https://bilgewatermarket.com/cards/UNL-169?print_variation=promo,promo,https://bilgewatermarket.com/assets/UNL-169-CN-CtP4TZ4H.png,¥3.57,--,,"Ashe, Focused UNL-169/219 Promo CN ¥3.57 EN --"
2026-09-29T21:18:06+00:00,https://bilgewatermarket.com/cards,Amateur Recital,nonfoil,745.10,https://bilgewatermarket.com/cards/UNL-207?print_variation=promo,promo,https://bilgewatermarket.com/assets/UNL-207-PROMO-CN-CLer2eyu.JPG,¥745.10,--,,Amateur Recital UNL-207/219 Promo CN ¥745.10 EN --
2026-09-29T21:18:06+00:00,https://bilgewatermarket.com/cards,"Morgana, Vindictive",nonfoil,3.07,https://bilgewatermarket.com/cards/VEN-017?print_variation=promo,promo,https://bilgewatermarket.com/assets/VEN-017-PROMO-CN-Cq-xUa71.png,¥3.07,--,,"Morgana, Vindictive VEN-017/166 Promo CN ¥3.07 EN --"
2026-09-29T21:18:06+00:00,https://bilgewatermarket.com/cards,"Morgana, Vindictive",nonfoil,1.61,https://bilgewatermarket.com/cards/VEN-017?print_variation=promo%5Bsummoner%20skirmish%20participation%5D,promo[summoner skirmish participation],https://bilgewatermarket.com/assets/VEN-017-PROMO-CN-Cq-xUa71.png,--,$1.61,,"Morgana, Vindictive VEN-017/166 Promo[Summoner Skirmish Participation] CN -- EN $1.61"
