collected_at,source_url,name,foil_status,price,url,print_variation,image_url,cn_price,en_price,set_number,raw_text
2026-09-11T19:27:04+00:00,https://bilgewatermarket.com/cards,"Vi, Destructive",nonfoil,971.70,https://bilgewatermarket.com/cards/ARC-001?print_variation=showcase,showcase,,¥971.70,,ARC-001,"Vi, Destructive ARC-001/006 Showcase CN ¥971.70"
2026-09-11T19:27:04+00:00,https://bilgewatermarket.com/cards,"Caitlyn, Patrolling",nonfoil,901.81,https://bilgewatermarket.com/cards/ARC-002?print_variation=showcase,showcase,,¥901.81,,ARC-002,"Caitlyn, Patrolling ARC-002/006 Showcase CN ¥901.81"
2026-09-11T19:27:04+00:00,https://bilgewatermarket.com/cards,"Heimerdinger, Inventor",nonfoil,607.08,https://bilgewatermarket.com/cards/ARC-003?print_variation=showcase,showcase,,¥607.08,,ARC-003,"Heimerdinger, Inventor ARC-003/006 Showcase CN ¥607.08"
2026-09-11T19:27:04+00:00,https://bilgewatermarket.com/cards,"Warwick, Hunter",nonfoil,539.56,https://bilgewatermarket.com/cards/ARC-004?print_variation=showcase,showcase,,¥539.56,,ARC-004,"Warwick, Hunter ARC-004/006 Showcase CN ¥539.56"
2026-09-11T19:27:04+00:00,https://bilgewatermarket.com/cards,"Jinx, Rebel",nonfoil,2888.00,https://bilgewatermarket.com/cards/ARC-005?print_variation=showcase,showcase,,¥2888.00,,ARC-005,"Jinx, Rebel ARC-005/006 Showcase CN ¥2888.00"
2026-09-11T19:27:04+00:00,https://bilgewatermarket.com/cards,"Viktor, Leader",nonfoil,900.99,https://bilgewatermarket.com/cards/ARC-006?print_variation=showcase,showcase,,¥900.99,,ARC-006,"Viktor, Leader ARC-006/006 Showcase CN ¥900.99"
2026-09-11T19:27:04+00:00,https://bilgewatermarket.com/cards,Blazing Scorcher,foil,0.24,https://bilgewatermarket.com/cards/OGN-001?print_variation=foiled,foiled,,¥0.51,$0.24,OGN-001,Blazing Scorcher OGN-001/298 Foiled CN ¥0.51 EN $0.24
2026-09-11T19:27:04+00:00,https://bilgewatermarket.com/cards,Blazing Scorcher,nonfoil,0.07,https://bilgewatermarket.com/cards/OGN-001,normal,,¥1.99,$0.07,OGN-001,Blazing Scorcher OGN-001/298 CN ¥1.99 EN $0.07
2026-09-11T19:27:04+00:00,https://bilgewatermarket.com/cards,Blazing Scorcher,nonfoil,0.34,https://bilgewatermarket.com/cards/OGN-001?print_variation=promo,promo,,¥0.67,$0.34,OGN-001,Blazing Scorcher OGN-001/298 CN ¥0.67 EN $0.34
2026-09-11T19:27:04+00:00,https://bilgewatermarket.com/cards,Brazen Buccaneer,foil,0.15,https://bilgewatermarket.com/cards/OGN-002?print_variation=foiled,foiled,,¥0.50,$0.15,OGN-002,Brazen Buccaneer OGN-002/298 Foiled CN ¥0.50 EN $0.15
2026-09-11T19:27:04+00:00,https://bilgewatermarket.com/cards,Brazen Buccaneer,nonfoil,0.07,https://bilgewatermarket.com/cards/OGN-002,normal,,¥0.50,$0.07,OGN-002,Brazen Buccaneer OGN-002/298 CN ¥0.50 EN $0.07
2026-09-11T19:27:04+00:00,https://bilgewatermarket.com/cards,Chemtech Enforcer,foil,0.13,https://bilgewatermarket.com/cards/OGN-003?print_variation=foiled,foiled,,¥0.50,$0.13,OGN-003,Chemtech Enforcer OGN-003/298 Foiled CN ¥0.50 EN $0.13
2026-09-11T19:27:04+00:00,https://bilgewatermarket.com/cards,Chemtech Enforcer,nonfoil,0.05,https://bilgewatermarket.com/cards/OGN-003,normal,,¥0.50,$0.05,OGN-003,Chemtech Enforcer OGN-003/298 CN ¥0.50 EN $0.05
2026-09-11T19:27:04+00:00,https://bilgewatermarket.com/cards,Cleave,foil,0.40,https://bilgewatermarket.com/cards/OGN-004?print_variation=foiled,foiled,,¥2.09,$0.40,OGN-004,Cleave OGN-004/298 Foiled CN ¥2.09 EN $0.40
2026-09-11T19:27:04+00:00,https://bilgewatermarket.com/cards,Cleave,nonfoil,0.14,https://bilgewatermarket.com/cards/OGN-004,normal,,¥0.57,$0.14,OGN-004,Cleave OGN-004/298 CN ¥0.57 EN $0.14
2026-09-11T19:27:04+00:00,https://bilgewatermarket.com/cards,Disintegrate,foil,0.24,https://bilgewatermarket.com/cards/OGN-005?print_variation=foiled,foiled,,¥0.51,$0.24,OGN-005,Disintegrate OGN-005/298 Foiled CN ¥0.51 EN $0.24
2026-09-11T19:27:04+00:00,https://bilgewatermarket.com/cards,Disintegrate,nonfoil,0.10,https://bilgewatermarket.com/cards/OGN-005,normal,,¥0.50,$0.10,OGN-005,Disintegrate OGN-005/298 CN ¥0.50 EN $0.10
2026-09-11T19:27:04+00:00,https://bilgewatermarket.com/cards,Flame Chompers,foil,0.20,https://bilgewatermarket.com/cards/OGN-006?print_variation=foiled,foiled,,¥0.53,$0.20,OGN-006,Flame Chompers OGN-006/298 Foiled CN ¥0.53 EN $0.20
2026-09-11T19:27:04+00:00,https://bilgewatermarket.com/cards,Flame Chompers,nonfoil,0.09,https://bilgewatermarket.com/cards/OGN-006,normal,,¥0.54,$0.09,OGN-006,Flame Chompers OGN-006/298 CN ¥0.54 EN $0.09
2026-09-11T19:27:04+00:00,https://bilgewatermarket.com/cards,Fury Rune,nonfoil,0.12,https://bilgewatermarket.com/cards/OGN-007,normal,,¥0.54,$0.12,OGN-007,Fury Rune OGN-007/298 CN ¥0.54 EN $0.12
2026-09-11T19:27:04+00:00,https://bilgewatermarket.com/cards,Fury Rune,nonfoil,3.40,https://bilgewatermarket.com/cards/OGN-007a?print_variation=showcase,showcase,,¥33.12,$3.40,OGN-007a,Fury Rune OGN-007a/298 Showcase CN ¥33.12 EN $3.40
2026-09-11T19:27:04+00:00,https://bilgewatermarket.com/cards,Fury Rune,nonfoil,3.19,https://bilgewatermarket.com/cards/OGN-007b?print_variation=promo,promo,,¥15.01,$3.19,OGN-007b,Fury Rune OGN-007b/298 CN ¥15.01 EN $3.19
2026-09-11T19:27:04+00:00,https://bilgewatermarket.com/cards,Get Excited!,foil,0.26,https://bilgewatermarket.com/cards/OGN-008?print_variation=foiled,foiled,,¥0.99,$0.26,OGN-008,Get Excited! OGN-008/298 Foiled CN ¥0.99 EN $0.26
2026-09-11T19:27:04+00:00,https://bilgewatermarket.com/cards,Get Excited!,nonfoil,0.06,https://bilgewatermarket.com/cards/OGN-008,normal,,¥0.50,$0.06,OGN-008,Get Excited! OGN-008/298 CN ¥0.50 EN $0.06
2026-09-11T19:27:04+00:00,https://bilgewatermarket.com/cards,Hextech Ray,foil,0.55,https://bilgewatermarket.com/cards/OGN-009?print_variation=foiled,foiled,,¥1.59,$0.55,OGN-009,Hextech Ray OGN-009/298 Foiled CN ¥1.59 EN $0.55
2026-09-11T19:27:04+00:00,https://bilgewatermarket.com/cards,Hextech Ray,nonfoil,0.16,https://bilgewatermarket.com/cards/OGN-009,normal,,¥0.53,$0.16,OGN-009,Hextech Ray OGN-009/298 CN ¥0.53 EN $0.16
2026-09-11T19:27:04+00:00,https://bilgewatermarket.com/cards,Legion Rearguard,foil,0.29,https://bilgewatermarket.com/cards/OGN-010?print_variation=foiled,foiled,,¥0.83,$0.29,OGN-010,Legion Rearguard OGN-010/298 Foiled CN ¥0.83 EN $0.29
2026-09-11T19:27:04+00:00,https://bilgewatermarket.com/cards,Legion Rearguard,nonfoil,0.11,https://bilgewatermarket.com/cards/OGN-010,normal,,¥0.50,$0.11,OGN-010,Legion Rearguard OGN-010/298 CN ¥0.50 EN $0.11
2026-09-11T19:27:04+00:00,https://bilgewatermarket.com/cards,Magma Wurm,foil,0.17,https://bilgewatermarket.com/cards/OGN-011?print_variation=foiled,foiled,,¥0.50,$0.17,OGN-011,Magma Wurm OGN-011/298 Foiled CN ¥0.50 EN $0.17
2026-09-11T19:27:04+00:00,https://bilgewatermarket.com/cards,Magma Wurm,nonfoil,0.05,https://bilgewatermarket.com/cards/OGN-011,normal,,¥0.50,$0.05,OGN-011,Magma Wurm OGN-011/298 CN ¥0.50 EN $0.05
2026-09-11T19:27:04+00:00,https://bilgewatermarket.com/cards,Noxus Hopeful,foil,5.89,https://bilgewatermarket.com/cards/OGN-012?print_variation=foiled,foiled,,¥3.27,$5.89,OGN-012,Noxus Hopeful OGN-012/298 Foiled CN ¥3.27 EN $5.89
2026-09-11T19:27:04+00:00,https://bilgewatermarket.com/cards,Noxus Hopeful,nonfoil,0.65,https://bilgewatermarket.com/cards/OGN-012,normal,,¥0.67,$0.65,OGN-012,Noxus Hopeful OGN-012/298 CN ¥0.67 EN $0.65
2026-09-11T19:27:04+00:00,https://bilgewatermarket.com/cards,Pouty Poro,foil,0.36,https://bilgewatermarket.com/cards/OGN-013?print_variation=foiled,foiled,,¥1.18,$0.36,OGN-013,Pouty Poro OGN-013/298 Foiled CN ¥1.18 EN $0.36
2026-09-11T19:27:04+00:00,https://bilgewatermarket.com/cards,Pouty Poro,nonfoil,0.11,https://bilgewatermarket.com/cards/OGN-013,normal,,¥0.51,$0.11,OGN-013,Pouty Poro OGN-013/298 CN ¥0.51 EN $0.11
2026-09-11T19:27:04+00:00,https://bilgewatermarket.com/cards,Pouty Poro,nonfoil,1.79,https://bilgewatermarket.com/cards/OGN-013?print_variation=promo,promo,,¥1.75,$1.79,OGN-013,Pouty Poro OGN-013/298 CN ¥1.75 EN $1.79
2026-09-11T19:27:04+00:00,https://bilgewatermarket.com/cards,Sky Splitter,foil,0.34,https://bilgewatermarket.com/cards/OGN-014?print_variation=foiled,foiled,,¥0.51,$0.34,OGN-014,Sky Splitter OGN-014/298 Foiled CN ¥0.51 EN $0.34
2026-09-11T19:27:04+00:00,https://bilgewatermarket.com/cards,Sky Splitter,nonfoil,0.14,https://bilgewatermarket.com/cards/OGN-014,normal,,¥0.51,$0.14,OGN-014,Sky Splitter OGN-014/298 CN ¥0.51 EN $0.14
2026-09-11T19:27:04+00:00,https://bilgewatermarket.com/cards,Captain Farron,foil,0.29,https://bilgewatermarket.com/cards/OGN-015?print_variation=foiled,foiled,,¥0.50,$0.29,OGN-015,Captain Farron OGN-015/298 Foiled CN ¥0.50 EN $0.29
2026-09-11T19:27:04+00:00,https://bilgewatermarket.com/cards,Captain Farron,nonfoil,0.11,https://bilgewatermarket.com/cards/OGN-015,normal,,¥0.50,$0.11,OGN-015,Captain Farron OGN-015/298 CN ¥0.50 EN $0.11
2026-09-11T19:27:04+00:00,https://bilgewatermarket.com/cards,Dangerous Duo,foil,0.20,https://bilgewatermarket.com/cards/OGN-016?print_variation=foiled,foiled,,¥0.57,$0.20,OGN-016,Dangerous Duo OGN-016/298 Foiled CN ¥0.57 EN $0.20
2026-09-11T19:27:04+00:00,https://bilgewatermarket.com/cards,Dangerous Duo,nonfoil,0.07,https://bilgewatermarket.com/cards/OGN-016,normal,,¥0.50,$0.07,OGN-016,Dangerous Duo OGN-016/298 CN ¥0.50 EN $0.07
2026-09-11T19:27:04+00:00,https://bilgewatermarket.com/cards,Iron Ballista,foil,0.42,https://bilgewatermarket.com/cards/OGN-017?print_variation=foiled,foiled,,¥0.65,$0.42,OGN-017,Iron Ballista OGN-017/298 Foiled CN ¥0.65 EN $0.42
2026-09-11T19:27:04+00:00,https://bilgewatermarket.com/cards,Iron Ballista,nonfoil,0.14,https://bilgewatermarket.com/cards/OGN-017,normal,,¥0.52,$0.14,OGN-017,Iron Ballista OGN-017/298 CN ¥0.52 EN $0.14
2026-09-11T19:27:04+00:00,https://bilgewatermarket.com/cards,Noxus Saboteur,foil,0.25,https://bilgewatermarket.com/cards/OGN-018?print_variation=foiled,foiled,,¥0.51,$0.25,OGN-018,Noxus Saboteur OGN-018/298 Foiled CN ¥0.51 EN $0.25
2026-09-11T19:27:04+00:00,https://bilgewatermarket.com/cards,Noxus Saboteur,nonfoil,0.10,https://bilgewatermarket.com/cards/OGN-018,normal,,¥0.50,$0.10,OGN-018,Noxus Saboteur OGN-018/298 CN ¥0.50 EN $0.10
2026-09-11T19:27:04+00:00,https://bilgewatermarket.com/cards,Raging Soul,foil,0.26,https://bilgewatermarket.com/cards/OGN-019?print_variation=foiled,foiled,,¥0.70,$0.26,OGN-019,Raging Soul OGN-019/298 Foiled CN ¥0.70 EN $0.26
2026-09-11T19:27:04+00:00,https://bilgewatermarket.com/cards,Raging Soul,nonfoil,0.05,https://bilgewatermarket.com/cards/OGN-019,normal,,¥0.50,$0.05,OGN-019,Raging Soul OGN-019/298 CN ¥0.50 EN $0.05
2026-09-11T19:27:04+00:00,https://bilgewatermarket.com/cards,Scrapyard Champion,foil,0.31,https://bilgewatermarket.com/cards/OGN-020?print_variation=foiled,foiled,,¥0.69,$0.31,OGN-020,Scrapyard Champion OGN-020/298 Foiled CN ¥0.69 EN $0.31
2026-09-11T19:27:04+00:00,https://bilgewatermarket.com/cards,Scrapyard Champion,nonfoil,0.17,https://bilgewatermarket.com/cards/OGN-020,normal,,¥0.50,$0.17,OGN-020,Scrapyard Champion OGN-020/298 CN ¥0.50 EN $0.17
2026-09-11T19:27:04+00:00,https://bilgewatermarket.com/cards,Sun Disc,foil,0.59,https://bilgewatermarket.com/cards/OGN-021?print_variation=foiled,foiled,,¥1.89,$0.59,OGN-021,Sun Disc OGN-021/298 Foiled CN ¥1.89 EN $0.59
2026-09-11T19:27:04+00:00,https://bilgewatermarket.com/cards,Sun Disc,nonfoil,0.17,https://bilgewatermarket.com/cards/OGN-021,normal,,¥0.52,$0.17,OGN-021,Sun Disc OGN-021/298 CN ¥0.52 EN $0.17
2026-09-11T19:27:04+00:00,https://bilgewatermarket.com/cards,Thermo Beam,foil,2.52,https://bilgewatermarket.com/cards/OGN-022?print_variation=foiled,foiled,,¥3.68,$2.52,OGN-022,Thermo Beam OGN-022/298 Foiled CN ¥3.68 EN $2.52
2026-09-11T19:27:04+00:00,https://bilgewatermarket.com/cards,Thermo Beam,nonfoil,0.33,https://bilgewatermarket.com/cards/OGN-022,normal,,¥1.02,$0.33,OGN-022,Thermo Beam OGN-022/298 CN ¥1.02 EN $0.33
2026-09-11T19:27:04+00:00,https://bilgewatermarket.com/cards,Unlicensed Armory,foil,0.26,https://bilgewatermarket.com/cards/OGN-023?print_variation=foiled,foiled,,¥0.77,$0.26,OGN-023,Unlicensed Armory OGN-023/298 Foiled CN ¥0.77 EN $0.26
2026-09-11T19:27:04+00:00,https://bilgewatermarket.com/cards,Unlicensed Armory,nonfoil,0.12,https://bilgewatermarket.com/cards/OGN-023,normal,,¥0.50,$0.12,OGN-023,Unlicensed Armory OGN-023/298 CN ¥0.50 EN $0.12
2026-09-11T19:27:04+00:00,https://bilgewatermarket.com/cards,Void Seeker,foil,0.50,https://bilgewatermarket.com/cards/OGN-024?print_variation=foiled,foiled,,¥3.35,$0.50,OGN-024,Void Seeker OGN-024/298 Foiled CN ¥3.35 EN $0.50
2026-09-11T19:27:04+00:00,https://bilgewatermarket.com/cards,Void Seeker,nonfoil,0.29,https://bilgewatermarket.com/cards/OGN-024,normal,,¥0.65,$0.29,OGN-024,Void Seeker OGN-024/298 CN ¥0.65 EN $0.29
2026-09-11T19:27:04+00:00,https://bilgewatermarket.com/cards,Void Seeker,nonfoil,0.81,https://bilgewatermarket.com/cards/OGN-024?print_variation=promo,promo,,¥2.63,$0.81,OGN-024,Void Seeker OGN-024/298 CN ¥2.63 EN $0.81
2026-09-11T19:27:04+00:00,https://bilgewatermarket.com/cards,Blind Fury,nonfoil,0.19,https://bilgewatermarket.com/cards/OGN-025,normal,,¥0.53,$0.19,OGN-025,Blind Fury OGN-025/298 CN ¥0.53 EN $0.19
2026-09-11T19:27:04+00:00,https://bilgewatermarket.com/cards,Brynhir Thundersong,nonfoil,2.46,https://bilgewatermarket.com/cards/OGN-026,normal,,¥5.32,$2.46,OGN-026,Brynhir Thundersong OGN-026/298 CN ¥5.32 EN $2.46
2026-09-11T19:27:04+00:00,https://bilgewatermarket.com/cards,"Darius, Trifarian",nonfoil,1.65,https://bilgewatermarket.com/cards/OGN-027,normal,,¥5.54,$1.65,OGN-027,"Darius, Trifarian OGN-027/298 CN ¥5.54 EN $1.65"
2026-09-11T19:27:04+00:00,https://bilgewatermarket.com/cards,"Darius, Trifarian",nonfoil,5.31,https://bilgewatermarket.com/cards/OGN-027a?print_variation=showcase,showcase,,¥16.23,$5.31,OGN-027a,"Darius, Trifarian OGN-027a/298 Showcase CN ¥16.23 EN $5.31"
2026-09-11T19:27:04+00:00,https://bilgewatermarket.com/cards,"Draven, Showboat",nonfoil,0.29,https://bilgewatermarket.com/cards/OGN-028,normal,,¥1.19,$0.29,OGN-028,"Draven, Showboat OGN-028/298 CN ¥1.19 EN $0.29"
2026-09-11T19:27:04+00:00,https://bilgewatermarket.com/cards,Falling Star,nonfoil,16.78,https://bilgewatermarket.com/cards/OGN-029,normal,,¥15.16,$16.78,OGN-029,Falling Star OGN-029/298 CN ¥15.16 EN $16.78
2026-09-11T19:27:04+00:00,https://bilgewatermarket.com/cards,"Jinx, Demolitionist",nonfoil,0.28,https://bilgewatermarket.com/cards/OGN-030,normal,,¥0.61,$0.28,OGN-030,"Jinx, Demolitionist OGN-030/298 CN ¥0.61 EN $0.28"
2026-09-11T19:27:04+00:00,https://bilgewatermarket.com/cards,"Jinx, Demolitionist",nonfoil,3.67,https://bilgewatermarket.com/cards/OGN-030a?print_variation=showcase,showcase,,¥3.25,$3.67,OGN-030a,"Jinx, Demolitionist OGN-030a/298 Showcase CN ¥3.25 EN $3.67"
2026-09-11T19:27:04+00:00,https://bilgewatermarket.com/cards,Raging Firebrand,nonfoil,0.24,https://bilgewatermarket.com/cards/OGN-031,normal,,¥0.50,$0.24,OGN-031,Raging Firebrand OGN-031/298 CN ¥0.50 EN $0.24
2026-09-11T19:27:04+00:00,https://bilgewatermarket.com/cards,Ravenborn Tome,nonfoil,0.14,https://bilgewatermarket.com/cards/OGN-032,normal,,¥0.50,$0.14,OGN-032,Ravenborn Tome OGN-032/298 CN ¥0.50 EN $0.14
2026-09-11T19:27:04+00:00,https://bilgewatermarket.com/cards,Shakedown,nonfoil,0.29,https://bilgewatermarket.com/cards/OGN-033,normal,,¥0.69,$0.29,OGN-033,Shakedown OGN-033/298 CN ¥0.69 EN $0.29
2026-09-11T19:27:04+00:00,https://bilgewatermarket.com/cards,"Tryndamere, Barbarian",nonfoil,0.22,https://bilgewatermarket.com/cards/OGN-034,normal,,¥0.60,$0.22,OGN-034,"Tryndamere, Barbarian OGN-034/298 CN ¥0.60 EN $0.22"
2026-09-11T19:27:04+00:00,https://bilgewatermarket.com/cards,"Tryndamere, Barbarian",nonfoil,2.08,https://bilgewatermarket.com/cards/OGN-034?print_variation=promo,promo,,¥251.11,$2.08,OGN-034,"Tryndamere, Barbarian OGN-034/298 CN ¥251.11 EN $2.08"
2026-09-11T19:27:04+00:00,https://bilgewatermarket.com/cards,"Vayne, Hunter",nonfoil,0.39,https://bilgewatermarket.com/cards/OGN-035,normal,,¥0.59,$0.39,OGN-035,"Vayne, Hunter OGN-035/298 CN ¥0.59 EN $0.39"
2026-09-11T19:27:04+00:00,https://bilgewatermarket.com/cards,"Vi, Destructive",nonfoil,0.44,https://bilgewatermarket.com/cards/OGN-036,normal,,¥1.29,$0.44,OGN-036,"Vi, Destructive OGN-036/298 CN ¥1.29 EN $0.44"
2026-09-11T19:27:04+00:00,https://bilgewatermarket.com/cards,"Vi, Destructive",nonfoil,96.61,https://bilgewatermarket.com/cards/OGN-036a?print_variation=promo,promo,,,$96.61,OGN-036a,"Vi, Destructive OGN-036a/298 EN $96.61"
2026-09-11T19:27:04+00:00,https://bilgewatermarket.com/cards,Immortal Phoenix,nonfoil,7.35,https://bilgewatermarket.com/cards/OGN-037,normal,,¥12.07,$7.35,OGN-037,Immortal Phoenix OGN-037/298 CN ¥12.07 EN $7.35
2026-09-11T19:27:04+00:00,https://bilgewatermarket.com/cards,Kadregrin the Infernal,nonfoil,6.51,https://bilgewatermarket.com/cards/OGN-038,normal,,¥6.44,$6.51,OGN-038,Kadregrin the Infernal OGN-038/298 CN ¥6.44 EN $6.51
2026-09-11T19:27:04+00:00,https://bilgewatermarket.com/cards,"Kai'Sa, Survivor",nonfoil,74.54,https://bilgewatermarket.com/cards/OGN-039,normal,,¥144.12,$74.54,OGN-039,"Kai'Sa, Survivor OGN-039/298 CN ¥144.12 EN $74.54"
2026-09-11T19:27:04+00:00,https://bilgewatermarket.com/cards,"Kai'Sa, Survivor",nonfoil,74.37,https://bilgewatermarket.com/cards/OGN-039a?print_variation=showcase,showcase,,¥146.63,$74.37,OGN-039a,"Kai'Sa, Survivor OGN-039a/298 Showcase CN ¥146.63 EN $74.37"
2026-09-11T19:27:04+00:00,https://bilgewatermarket.com/cards,Seal of Rage,nonfoil,16.17,https://bilgewatermarket.com/cards/OGN-040,normal,,¥37.20,$16.17,OGN-040,Seal of Rage OGN-040/298 CN ¥37.20 EN $16.17
2026-09-11T19:27:04+00:00,https://bilgewatermarket.com/cards,"Volibear, Furious",nonfoil,0.97,https://bilgewatermarket.com/cards/OGN-041,normal,,¥1.08,$0.97,OGN-041,"Volibear, Furious OGN-041/298 CN ¥1.08 EN $0.97"
2026-09-11T19:27:04+00:00,https://bilgewatermarket.com/cards,"Volibear, Furious",nonfoil,2.77,https://bilgewatermarket.com/cards/OGN-041a?print_variation=showcase,showcase,,¥2.24,$2.77,OGN-041a,"Volibear, Furious OGN-041a/298 Showcase CN ¥2.24 EN $2.77"
2026-09-11T19:27:04+00:00,https://bilgewatermarket.com/cards,Calm Rune,nonfoil,0.11,https://bilgewatermarket.com/cards/OGN-042,normal,,¥0.51,$0.11,OGN-042,Calm Rune OGN-042/298 CN ¥0.51 EN $0.11
2026-09-11T19:27:04+00:00,https://bilgewatermarket.com/cards,Calm Rune,nonfoil,5.54,https://bilgewatermarket.com/cards/OGN-042a?print_variation=showcase,showcase,,¥32.95,$5.54,OGN-042a,Calm Rune OGN-042a/298 Showcase CN ¥32.95 EN $5.54
2026-09-11T19:27:04+00:00,https://bilgewatermarket.com/cards,Calm Rune,nonfoil,4.81,https://bilgewatermarket.com/cards/OGN-042b?print_variation=promo,promo,,¥20.09,$4.81,OGN-042b,Calm Rune OGN-042b/298 CN ¥20.09 EN $4.81
2026-09-11T19:27:04+00:00,https://bilgewatermarket.com/cards,Charm,foil,4.78,https://bilgewatermarket.com/cards/OGN-043?print_variation=foiled,foiled,,¥4.85,$4.78,OGN-043,Charm OGN-043/298 Foiled CN ¥4.85 EN $4.78
2026-09-11T19:27:04+00:00,https://bilgewatermarket.com/cards,Charm,nonfoil,0.84,https://bilgewatermarket.com/cards/OGN-043,normal,,¥0.70,$0.84,OGN-043,Charm OGN-043/298 CN ¥0.70 EN $0.84
2026-09-11T19:27:04+00:00,https://bilgewatermarket.com/cards,Clockwork Keeper,foil,0.29,https://bilgewatermarket.com/cards/OGN-044?print_variation=foiled,foiled,,¥1.70,$0.29,OGN-044,Clockwork Keeper OGN-044/298 Foiled CN ¥1.70 EN $0.29
2026-09-11T19:27:04+00:00,https://bilgewatermarket.com/cards,Clockwork Keeper,nonfoil,0.14,https://bilgewatermarket.com/cards/OGN-044,normal,,¥0.56,$0.14,OGN-044,Clockwork Keeper OGN-044/298 CN ¥0.56 EN $0.14
2026-09-11T19:27:04+00:00,https://bilgewatermarket.com/cards,Defy,foil,9.10,https://bilgewatermarket.com/cards/OGN-045?print_variation=foiled,foiled,,¥6.58,$9.10,OGN-045,Defy OGN-045/298 Foiled CN ¥6.58 EN $9.10
2026-09-11T19:27:04+00:00,https://bilgewatermarket.com/cards,Defy,nonfoil,3.58,https://bilgewatermarket.com/cards/OGN-045,normal,,¥1.92,$3.58,OGN-045,Defy OGN-045/298 CN ¥1.92 EN $3.58
2026-09-11T19:27:04+00:00,https://bilgewatermarket.com/cards,En Garde,foil,0.67,https://bilgewatermarket.com/cards/OGN-046?print_variation=foiled,foiled,,¥3.54,$0.67,OGN-046,En Garde OGN-046/298 Foiled CN ¥3.54 EN $0.67
2026-09-11T19:27:04+00:00,https://bilgewatermarket.com/cards,En Garde,nonfoil,0.29,https://bilgewatermarket.com/cards/OGN-046,normal,,¥0.60,$0.29,OGN-046,En Garde OGN-046/298 CN ¥0.60 EN $0.29
2026-09-11T19:27:04+00:00,https://bilgewatermarket.com/cards,Find Your Center,foil,0.52,https://bilgewatermarket.com/cards/OGN-047?print_variation=foiled,foiled,,¥1.71,$0.52,OGN-047,Find Your Center OGN-047/298 Foiled CN ¥1.71 EN $0.52
2026-09-11T19:27:04+00:00,https://bilgewatermarket.com/cards,Find Your Center,nonfoil,0.24,https://bilgewatermarket.com/cards/OGN-047,normal,,¥0.53,$0.24,OGN-047,Find Your Center OGN-047/298 CN ¥0.53 EN $0.24
2026-09-11T19:27:04+00:00,https://bilgewatermarket.com/cards,Meditation,foil,0.31,https://bilgewatermarket.com/cards/OGN-048?print_variation=foiled,foiled,,¥1.19,$0.31,OGN-048,Meditation OGN-048/298 Foiled CN ¥1.19 EN $0.31
2026-09-11T19:27:04+00:00,https://bilgewatermarket.com/cards,Meditation,nonfoil,0.13,https://bilgewatermarket.com/cards/OGN-048,normal,,¥0.61,$0.13,OGN-048,Meditation OGN-048/298 CN ¥0.61 EN $0.13
2026-09-11T19:27:04+00:00,https://bilgewatermarket.com/cards,Playful Phantom,foil,0.11,https://bilgewatermarket.com/cards/OGN-049?print_variation=foiled,foiled,,¥0.50,$0.11,OGN-049,Playful Phantom OGN-049/298 Foiled CN ¥0.50 EN $0.11
2026-09-11T19:27:04+00:00,https://bilgewatermarket.com/cards,Playful Phantom,nonfoil,0.03,https://bilgewatermarket.com/cards/OGN-049,normal,,¥0.50,$0.03,OGN-049,Playful Phantom OGN-049/298 CN ¥0.50 EN $0.03
2026-09-11T19:27:04+00:00,https://bilgewatermarket.com/cards,Rune Prison,foil,0.29,https://bilgewatermarket.com/cards/OGN-050?print_variation=foiled,foiled,,¥1.01,$0.29,OGN-050,Rune Prison OGN-050/298 Foiled CN ¥1.01 EN $0.29
2026-09-11T19:27:04+00:00,https://bilgewatermarket.com/cards,Rune Prison,nonfoil,0.12,https://bilgewatermarket.com/cards/OGN-050,normal,,¥0.52,$0.12,OGN-050,Rune Prison OGN-050/298 CN ¥0.52 EN $0.12
2026-09-11T19:27:04+00:00,https://bilgewatermarket.com/cards,Solari Shieldbearer,foil,0.20,https://bilgewatermarket.com/cards/OGN-051?print_variation=foiled,foiled,,¥0.55,$0.20,OGN-051,Solari Shieldbearer OGN-051/298 Foiled CN ¥0.55 EN $0.20
2026-09-11T19:27:04+00:00,https://bilgewatermarket.com/cards,Solari Shieldbearer,nonfoil,0.10,https://bilgewatermarket.com/cards/OGN-051,normal,,¥0.50,$0.10,OGN-051,Solari Shieldbearer OGN-051/298 CN ¥0.50 EN $0.10
2026-09-11T19:27:04+00:00,https://bilgewatermarket.com/cards,Stalwart Poro,foil,0.41,https://bilgewatermarket.com/cards/OGN-052?print_variation=foiled,foiled,,¥0.89,$0.41,OGN-052,Stalwart Poro OGN-052/298 Foiled CN ¥0.89 EN $0.41
2026-09-11T19:27:04+00:00,https://bilgewatermarket.com/cards,Stalwart Poro,nonfoil,0.13,https://bilgewatermarket.com/cards/OGN-052,normal,,¥0.52,$0.13,OGN-052,Stalwart Poro OGN-052/298 CN ¥0.52 EN $0.13
2026-09-11T19:27:04+00:00,https://bilgewatermarket.com/cards,Stalwart Poro,nonfoil,1.08,https://bilgewatermarket.com/cards/OGN-052?print_variation=promo,promo,,¥1.67,$1.08,OGN-052,Stalwart Poro OGN-052/298 CN ¥1.67 EN $1.08
2026-09-11T19:27:04+00:00,https://bilgewatermarket.com/cards,Stand United,foil,0.20,https://bilgewatermarket.com/cards/OGN-053?print_variation=foiled,foiled,,¥0.50,$0.20,OGN-053,Stand United OGN-053/298 Foiled CN ¥0.50 EN $0.20
2026-09-11T19:27:04+00:00,https://bilgewatermarket.com/cards,Stand United,nonfoil,0.07,https://bilgewatermarket.com/cards/OGN-053,normal,,¥0.50,$0.07,OGN-053,Stand United OGN-053/298 CN ¥0.50 EN $0.07
2026-09-11T19:27:04+00:00,https://bilgewatermarket.com/cards,Sunlit Guardian,foil,0.22,https://bilgewatermarket.com/cards/OGN-054?print_variation=foiled,foiled,,¥0.52,$0.22,OGN-054,Sunlit Guardian OGN-054/298 Foiled CN ¥0.52 EN $0.22
2026-09-11T19:27:04+00:00,https://bilgewatermarket.com/cards,Sunlit Guardian,nonfoil,0.09,https://bilgewatermarket.com/cards/OGN-054,normal,,¥0.50,$0.09,OGN-054,Sunlit Guardian OGN-054/298 CN ¥0.50 EN $0.09
2026-09-11T19:27:04+00:00,https://bilgewatermarket.com/cards,Wielder of Water,foil,0.21,https://bilgewatermarket.com/cards/OGN-055?print_variation=foiled,foiled,,¥0.53,$0.21,OGN-055,Wielder of Water OGN-055/298 Foiled CN ¥0.53 EN $0.21
2026-09-11T19:27:04+00:00,https://bilgewatermarket.com/cards,Wielder of Water,nonfoil,0.06,https://bilgewatermarket.com/cards/OGN-055,normal,,¥0.50,$0.06,OGN-055,Wielder of Water OGN-055/298 CN ¥0.50 EN $0.06
2026-09-11T19:27:04+00:00,https://bilgewatermarket.com/cards,Wielder of Water,nonfoil,0.25,https://bilgewatermarket.com/cards/OGN-055?print_variation=promo,promo,,¥0.79,$0.25,OGN-055,Wielder of Water OGN-055/298 CN ¥0.79 EN $0.25
2026-09-11T19:27:04+00:00,https://bilgewatermarket.com/cards,Adaptatron,foil,2.37,https://bilgewatermarket.com/cards/OGN-056?print_variation=foiled,foiled,,¥2.65,$2.37,OGN-056,Adaptatron OGN-056/298 Foiled CN ¥2.65 EN $2.37
2026-09-11T19:27:04+00:00,https://bilgewatermarket.com/cards,Adaptatron,nonfoil,0.34,https://bilgewatermarket.com/cards/OGN-056,normal,,¥0.72,$0.34,OGN-056,Adaptatron OGN-056/298 CN ¥0.72 EN $0.34
2026-09-11T19:27:04+00:00,https://bilgewatermarket.com/cards,Block,foil,0.55,https://bilgewatermarket.com/cards/OGN-057?print_variation=foiled,foiled,,¥1.88,$0.55,OGN-057,Block OGN-057/298 Foiled CN ¥1.88 EN $0.55
2026-09-11T19:27:04+00:00,https://bilgewatermarket.com/cards,Block,nonfoil,0.26,https://bilgewatermarket.com/cards/OGN-057,normal,,¥0.59,$0.26,OGN-057,Block OGN-057/298 CN ¥0.59 EN $0.26
2026-09-11T19:27:04+00:00,https://bilgewatermarket.com/cards,Discipline,foil,2.42,https://bilgewatermarket.com/cards/OGN-058?print_variation=foiled,foiled,,¥12.68,$2.42,OGN-058,Discipline OGN-058/298 Foiled CN ¥12.68 EN $2.42
2026-09-11T19:27:04+00:00,https://bilgewatermarket.com/cards,Discipline,nonfoil,1.62,https://bilgewatermarket.com/cards/OGN-058,normal,,¥10.07,$1.62,OGN-058,Discipline OGN-058/298 CN ¥10.07 EN $1.62
2026-09-11T19:27:04+00:00,https://bilgewatermarket.com/cards,Discipline,nonfoil,4.07,https://bilgewatermarket.com/cards/OGN-058?print_variation=promo,promo,,¥12.53,$4.07,OGN-058,Discipline OGN-058/298 CN ¥12.53 EN $4.07
2026-09-11T19:27:04+00:00,https://bilgewatermarket.com/cards,Eclipse Herald,foil,0.26,https://bilgewatermarket.com/cards/OGN-059?print_variation=foiled,foiled,,¥0.70,$0.26,OGN-059,Eclipse Herald OGN-059/298 Foiled CN ¥0.70 EN $0.26
2026-09-11T19:27:04+00:00,https://bilgewatermarket.com/cards,Eclipse Herald,nonfoil,0.15,https://bilgewatermarket.com/cards/OGN-059,normal,,¥0.50,$0.15,OGN-059,Eclipse Herald OGN-059/298 CN ¥0.50 EN $0.15
2026-09-11T19:27:04+00:00,https://bilgewatermarket.com/cards,Mask of Foresight,foil,5.27,https://bilgewatermarket.com/cards/OGN-060?print_variation=foiled,foiled,,¥2.62,$5.27,OGN-060,Mask of Foresight OGN-060/298 Foiled CN ¥2.62 EN $5.27
2026-09-11T19:27:04+00:00,https://bilgewatermarket.com/cards,Mask of Foresight,nonfoil,0.70,https://bilgewatermarket.com/cards/OGN-060,normal,,¥0.70,$0.70,OGN-060,Mask of Foresight OGN-060/298 CN ¥0.70 EN $0.70
2026-09-11T19:27:04+00:00,https://bilgewatermarket.com/cards,Poro Herder,foil,0.37,https://bilgewatermarket.com/cards/OGN-061?print_variation=foiled,foiled,,¥0.56,$0.37,OGN-061,Poro Herder OGN-061/298 Foiled CN ¥0.56 EN $0.37
2026-09-11T19:27:04+00:00,https://bilgewatermarket.com/cards,Poro Herder,nonfoil,0.14,https://bilgewatermarket.com/cards/OGN-061,normal,,¥0.50,$0.14,OGN-061,Poro Herder OGN-061/298 CN ¥0.50 EN $0.14
2026-09-11T19:27:04+00:00,https://bilgewatermarket.com/cards,Reinforce,foil,0.42,https://bilgewatermarket.com/cards/OGN-062?print_variation=foiled,foiled,,¥0.52,$0.42,OGN-062,Reinforce OGN-062/298 Foiled CN ¥0.52 EN $0.42
2026-09-11T19:27:04+00:00,https://bilgewatermarket.com/cards,Reinforce,nonfoil,0.10,https://bilgewatermarket.com/cards/OGN-062,normal,,¥0.50,$0.10,OGN-062,Reinforce OGN-062/298 CN ¥0.50 EN $0.10
2026-09-11T19:27:04+00:00,https://bilgewatermarket.com/cards,Spirit's Refuge,foil,0.45,https://bilgewatermarket.com/cards/OGN-063?print_variation=foiled,foiled,,¥1.19,$0.45,OGN-063,Spirit's Refuge OGN-063/298 Foiled CN ¥1.19 EN $0.45
2026-09-11T19:27:04+00:00,https://bilgewatermarket.com/cards,Spirit's Refuge,nonfoil,0.16,https://bilgewatermarket.com/cards/OGN-063,normal,,¥0.51,$0.16,OGN-063,Spirit's Refuge OGN-063/298 CN ¥0.51 EN $0.16
2026-09-11T19:27:04+00:00,https://bilgewatermarket.com/cards,Wind Wall,foil,1.30,https://bilgewatermarket.com/cards/OGN-064?print_variation=foiled,foiled,,¥4.04,$1.30,OGN-064,Wind Wall OGN-064/298 Foiled CN ¥4.04 EN $1.30
2026-09-11T19:27:04+00:00,https://bilgewatermarket.com/cards,Wind Wall,nonfoil,0.33,https://bilgewatermarket.com/cards/OGN-064,normal,,¥1.44,$0.33,OGN-064,Wind Wall OGN-064/298 CN ¥1.44 EN $0.33
2026-09-11T19:27:04+00:00,https://bilgewatermarket.com/cards,Wizened Elder,foil,0.28,https://bilgewatermarket.com/cards/OGN-065?print_variation=foiled,foiled,,¥0.57,$0.28,OGN-065,Wizened Elder OGN-065/298 Foiled CN ¥0.57 EN $0.28
2026-09-11T19:27:04+00:00,https://bilgewatermarket.com/cards,Wizened Elder,nonfoil,0.07,https://bilgewatermarket.com/cards/OGN-065,normal,,¥0.50,$0.07,OGN-065,Wizened Elder OGN-065/298 CN ¥0.50 EN $0.07
2026-09-11T19:27:04+00:00,https://bilgewatermarket.com/cards,"Ahri, Alluring",nonfoil,1.03,https://bilgewatermarket.com/cards/OGN-066,normal,,¥0.68,$1.03,OGN-066,"Ahri, Alluring OGN-066/298 CN ¥0.68 EN $1.03"
2026-09-11T19:27:04+00:00,https://bilgewatermarket.com/cards,"Ahri, Alluring",nonfoil,29.25,https://bilgewatermarket.com/cards/OGN-066?print_variation=promo,promo,,¥29.25,,OGN-066,"Ahri, Alluring OGN-066/298 CN ¥29.25"
2026-09-11T19:27:04+00:00,https://bilgewatermarket.com/cards,"Ahri, Alluring",nonfoil,170.20,https://bilgewatermarket.com/cards/OGN-066?print_variation=promo[origins launch event],promo[origins launch event],,,$170.20,OGN-066,"Ahri, Alluring OGN-066/298 EN $170.20"
2026-09-11T19:27:04+00:00,https://bilgewatermarket.com/cards,"Ahri, Alluring",nonfoil,6.09,https://bilgewatermarket.com/cards/OGN-066a?print_variation=showcase,showcase,,¥5.70,$6.09,OGN-066a,"Ahri, Alluring OGN-066a/298 Showcase CN ¥5.70 EN $6.09"
2026-09-11T19:27:04+00:00,https://bilgewatermarket.com/cards,"Blitzcrank, Impassive",nonfoil,1.36,https://bilgewatermarket.com/cards/OGN-067,normal,,¥1.84,$1.36,OGN-067,"Blitzcrank, Impassive OGN-067/298 CN ¥1.84 EN $1.36"
2026-09-11T19:27:04+00:00,https://bilgewatermarket.com/cards,"Blitzcrank, Impassive",nonfoil,230.00,https://bilgewatermarket.com/cards/OGN-067?print_variation=promo,promo,,¥230.00,,OGN-067,"Blitzcrank, Impassive OGN-067/298 CN ¥230.00"
2026-09-11T19:27:04+00:00,https://bilgewatermarket.com/cards,"Blitzcrank, Impassive",nonfoil,8.32,https://bilgewatermarket.com/cards/OGN-067?print_variation=promo[summoner skirmish top 8],promo[summoner skirmish top 8],,,$8.32,OGN-067,"Blitzcrank, Impassive OGN-067/298 EN $8.32"
2026-09-11T19:27:04+00:00,https://bilgewatermarket.com/cards,"Caitlyn, Patrolling",nonfoil,0.33,https://bilgewatermarket.com/cards/OGN-068,normal,,¥0.50,$0.33,OGN-068,"Caitlyn, Patrolling OGN-068/298 CN ¥0.50 EN $0.33"
2026-09-11T19:27:04+00:00,https://bilgewatermarket.com/cards,"Caitlyn, Patrolling",nonfoil,92.79,https://bilgewatermarket.com/cards/OGN-068a?print_variation=promo,promo,,,$92.79,OGN-068a,"Caitlyn, Patrolling OGN-068a/298 EN $92.79"
2026-09-11T19:27:04+00:00,https://bilgewatermarket.com/cards,Last Stand,nonfoil,0.24,https://bilgewatermarket.com/cards/OGN-069,normal,,¥0.55,$0.24,OGN-069,Last Stand OGN-069/298 CN ¥0.55 EN $0.24
2026-09-11T19:27:04+00:00,https://bilgewatermarket.com/cards,Mageseeker Warden,nonfoil,0.25,https://bilgewatermarket.com/cards/OGN-070,normal,,¥0.69,$0.25,OGN-070,Mageseeker Warden OGN-070/298 CN ¥0.69 EN $0.25
2026-09-11T19:27:04+00:00,https://bilgewatermarket.com/cards,Party Favors,nonfoil,0.29,https://bilgewatermarket.com/cards/OGN-071,normal,,¥0.52,$0.29,OGN-071,Party Favors OGN-071/298 CN ¥0.52 EN $0.29
2026-09-11T19:27:04+00:00,https://bilgewatermarket.com/cards,Solari Shrine,nonfoil,0.16,https://bilgewatermarket.com/cards/OGN-072,normal,,¥0.52,$0.16,OGN-072,Solari Shrine OGN-072/298 CN ¥0.52 EN $0.16
2026-09-11T19:27:04+00:00,https://bilgewatermarket.com/cards,"Sona, Harmonious",nonfoil,2.45,https://bilgewatermarket.com/cards/OGN-073,normal,,¥4.24,$2.45,OGN-073,"Sona, Harmonious OGN-073/298 CN ¥4.24 EN $2.45"
2026-09-11T19:27:04+00:00,https://bilgewatermarket.com/cards,"Taric, Protector",nonfoil,0.28,https://bilgewatermarket.com/cards/OGN-074,normal,,¥0.51,$0.28,OGN-074,"Taric, Protector OGN-074/298 CN ¥0.51 EN $0.28"
2026-09-11T19:27:04+00:00,https://bilgewatermarket.com/cards,Tasty Faefolk,nonfoil,1.14,https://bilgewatermarket.com/cards/OGN-075,normal,,¥3.31,$1.14,OGN-075,Tasty Faefolk OGN-075/298 CN ¥3.31 EN $1.14
2026-09-11T19:27:04+00:00,https://bilgewatermarket.com/cards,"Yasuo, Remorseful",nonfoil,0.32,https://bilgewatermarket.com/cards/OGN-076,normal,,¥0.59,$0.32,OGN-076,"Yasuo, Remorseful OGN-076/298 CN ¥0.59 EN $0.32"
2026-09-11T19:27:04+00:00,https://bilgewatermarket.com/cards,"Yasuo, Remorseful",nonfoil,3.09,https://bilgewatermarket.com/cards/OGN-076a?print_variation=showcase,showcase,,¥3.52,$3.09,OGN-076a,"Yasuo, Remorseful OGN-076a/298 Showcase CN ¥3.52 EN $3.09"
2026-09-11T19:27:04+00:00,https://bilgewatermarket.com/cards,Zhonya's Hourglass,nonfoil,16.86,https://bilgewatermarket.com/cards/OGN-077,normal,,¥17.07,$16.86,OGN-077,Zhonya's Hourglass OGN-077/298 CN ¥17.07 EN $16.86
2026-09-11T19:27:04+00:00,https://bilgewatermarket.com/cards,"Lee Sin, Ascetic",nonfoil,0.83,https://bilgewatermarket.com/cards/OGN-078,normal,,¥0.81,$0.83,OGN-078,"Lee Sin, Ascetic OGN-078/298 CN ¥0.81 EN $0.83"
2026-09-11T19:27:04+00:00,https://bilgewatermarket.com/cards,"Lee Sin, Ascetic",nonfoil,1.31,https://bilgewatermarket.com/cards/OGN-078?print_variation=promo,promo,,¥7.25,$1.31,OGN-078,"Lee Sin, Ascetic OGN-078/298 CN ¥7.25 EN $1.31"
2026-09-11T19:27:04+00:00,https://bilgewatermarket.com/cards,"Lee Sin, Ascetic",nonfoil,4.28,https://bilgewatermarket.com/cards/OGN-078a?print_variation=showcase,showcase,,¥3.50,$4.28,OGN-078a,"Lee Sin, Ascetic OGN-078a/298 Showcase CN ¥3.50 EN $4.28"
2026-09-11T19:27:04+00:00,https://bilgewatermarket.com/cards,"Leona, Zealot",nonfoil,2.22,https://bilgewatermarket.com/cards/OGN-079,normal,,¥1.45,$2.22,OGN-079,"Leona, Zealot OGN-079/298 CN ¥1.45 EN $2.22"
2026-09-11T19:27:04+00:00,https://bilgewatermarket.com/cards,"Leona, Zealot",nonfoil,7.87,https://bilgewatermarket.com/cards/OGN-079a?print_variation=showcase,showcase,,¥4.45,$7.87,OGN-079a,"Leona, Zealot OGN-079a/298 Showcase CN ¥4.45 EN $7.87"
2026-09-11T19:27:04+00:00,https://bilgewatermarket.com/cards,Mystic Reversal,nonfoil,1.28,https://bilgewatermarket.com/cards/OGN-080,normal,,¥4.33,$1.28,OGN-080,Mystic Reversal OGN-080/298 CN ¥4.33 EN $1.28
2026-09-11T19:27:04+00:00,https://bilgewatermarket.com/cards,Seal of Focus,nonfoil,20.66,https://bilgewatermarket.com/cards/OGN-081,normal,,¥37.86,$20.66,OGN-081,Seal of Focus OGN-081/298 CN ¥37.86 EN $20.66
2026-09-11T19:27:04+00:00,https://bilgewatermarket.com/cards,Whiteflame Protector,nonfoil,3.90,https://bilgewatermarket.com/cards/OGN-082,normal,,¥39.61,$3.90,OGN-082,Whiteflame Protector OGN-082/298 CN ¥39.61 EN $3.90
2026-09-11T19:27:04+00:00,https://bilgewatermarket.com/cards,Consult the Past,foil,0.51,https://bilgewatermarket.com/cards/OGN-083?print_variation=foiled,foiled,,¥1.65,$0.51,OGN-083,Consult the Past OGN-083/298 Foiled CN ¥1.65 EN $0.51
2026-09-11T19:27:04+00:00,https://bilgewatermarket.com/cards,Consult the Past,nonfoil,0.21,https://bilgewatermarket.com/cards/OGN-083,normal,,¥0.52,$0.21,OGN-083,Consult the Past OGN-083/298 CN ¥0.52 EN $0.21
2026-09-11T19:27:04+00:00,https://bilgewatermarket.com/cards,Consult the Past,nonfoil,0.45,https://bilgewatermarket.com/cards/OGN-083?print_variation=promo,promo,,¥1.71,$0.45,OGN-083,Consult the Past OGN-083/298 CN ¥1.71 EN $0.45
2026-09-11T19:27:04+00:00,https://bilgewatermarket.com/cards,Eager Apprentice,foil,0.22,https://bilgewatermarket.com/cards/OGN-084?print_variation=foiled,foiled,,¥0.81,$0.22,OGN-084,Eager Apprentice OGN-084/298 Foiled CN ¥0.81 EN $0.22
2026-09-11T19:27:04+00:00,https://bilgewatermarket.com/cards,Eager Apprentice,nonfoil,0.05,https://bilgewatermarket.com/cards/OGN-084,normal,,¥0.50,$0.05,OGN-084,Eager Apprentice OGN-084/298 CN ¥0.50 EN $0.05
2026-09-11T19:27:04+00:00,https://bilgewatermarket.com/cards,Falling Comet,foil,0.30,https://bilgewatermarket.com/cards/OGN-085?print_variation=foiled,foiled,,¥0.61,$0.30,OGN-085,Falling Comet OGN-085/298 Foiled CN ¥0.61 EN $0.30
2026-09-11T19:27:04+00:00,https://bilgewatermarket.com/cards,Falling Comet,nonfoil,0.11,https://bilgewatermarket.com/cards/OGN-085,normal,,¥0.50,$0.11,OGN-085,Falling Comet OGN-085/298 CN ¥0.50 EN $0.11
2026-09-11T19:27:04+00:00,https://bilgewatermarket.com/cards,Jeweled Colossus,foil,0.14,https://bilgewatermarket.com/cards/OGN-086?print_variation=foiled,foiled,,¥0.50,$0.14,OGN-086,Jeweled Colossus OGN-086/298 Foiled CN ¥0.50 EN $0.14
2026-09-11T19:27:04+00:00,https://bilgewatermarket.com/cards,Jeweled Colossus,nonfoil,0.05,https://bilgewatermarket.com/cards/OGN-086,normal,,¥0.50,$0.05,OGN-086,Jeweled Colossus OGN-086/298 CN ¥0.50 EN $0.05
2026-09-11T19:27:04+00:00,https://bilgewatermarket.com/cards,Lecturing Yordle,foil,0.51,https://bilgewatermarket.com/cards/OGN-087?print_variation=foiled,foiled,,¥1.69,$0.51,OGN-087,Lecturing Yordle OGN-087/298 Foiled CN ¥1.69 EN $0.51
2026-09-11T19:27:04+00:00,https://bilgewatermarket.com/cards,Lecturing Yordle,nonfoil,0.16,https://bilgewatermarket.com/cards/OGN-087,normal,,¥0.53,$0.16,OGN-087,Lecturing Yordle OGN-087/298 CN ¥0.53 EN $0.16
2026-09-11T19:27:04+00:00,https://bilgewatermarket.com/cards,Mega-Mech,foil,0.17,https://bilgewatermarket.com/cards/OGN-088?print_variation=foiled,foiled,,¥0.65,$0.17,OGN-088,Mega-Mech OGN-088/298 Foiled CN ¥0.65 EN $0.17
2026-09-11T19:27:04+00:00,https://bilgewatermarket.com/cards,Mega-Mech,nonfoil,0.04,https://bilgewatermarket.com/cards/OGN-088,normal,,¥0.50,$0.04,OGN-088,Mega-Mech OGN-088/298 CN ¥0.50 EN $0.04
2026-09-11T19:27:04+00:00,https://bilgewatermarket.com/cards,Mind Rune,nonfoil,0.11,https://bilgewatermarket.com/cards/OGN-089,normal,,¥0.51,$0.11,OGN-089,Mind Rune OGN-089/298 CN ¥0.51 EN $0.11
2026-09-11T19:27:04+00:00,https://bilgewatermarket.com/cards,Mind Rune,nonfoil,5.34,https://bilgewatermarket.com/cards/OGN-089a?print_variation=showcase,showcase,,¥42.08,$5.34,OGN-089a,Mind Rune OGN-089a/298 Showcase CN ¥42.08 EN $5.34
2026-09-11T19:27:04+00:00,https://bilgewatermarket.com/cards,Mind Rune,nonfoil,6.31,https://bilgewatermarket.com/cards/OGN-089b?print_variation=promo,promo,,¥17.98,$6.31,OGN-089b,Mind Rune OGN-089b/298 CN ¥17.98 EN $6.31
2026-09-11T19:27:04+00:00,https://bilgewatermarket.com/cards,Orb of Regret,foil,0.22,https://bilgewatermarket.com/cards/OGN-090?print_variation=foiled,foiled,,¥0.53,$0.22,OGN-090,Orb of Regret OGN-090/298 Foiled CN ¥0.53 EN $0.22
2026-09-11T19:27:04+00:00,https://bilgewatermarket.com/cards,Orb of Regret,nonfoil,0.06,https://bilgewatermarket.com/cards/OGN-090,normal,,¥0.50,$0.06,OGN-090,Orb of Regret OGN-090/298 CN ¥0.50 EN $0.06
2026-09-11T19:27:04+00:00,https://bilgewatermarket.com/cards,Pit Crew,foil,0.39,https://bilgewatermarket.com/cards/OGN-091?print_variation=foiled,foiled,,¥0.86,$0.39,OGN-091,Pit Crew OGN-091/298 Foiled CN ¥0.86 EN $0.39
2026-09-11T19:27:04+00:00,https://bilgewatermarket.com/cards,Pit Crew,nonfoil,0.17,https://bilgewatermarket.com/cards/OGN-091,normal,,¥0.51,$0.17,OGN-091,Pit Crew OGN-091/298 CN ¥0.51 EN $0.17
2026-09-11T19:27:04+00:00,https://bilgewatermarket.com/cards,Riptide Rex,foil,0.26,https://bilgewatermarket.com/cards/OGN-092?print_variation=foiled,foiled,,¥0.55,$0.26,OGN-092,Riptide Rex OGN-092/298 Foiled CN ¥0.55 EN $0.26
2026-09-11T19:27:04+00:00,https://bilgewatermarket.com/cards,Riptide Rex,nonfoil,0.12,https://bilgewatermarket.com/cards/OGN-092,normal,,¥0.50,$0.12,OGN-092,Riptide Rex OGN-092/298 CN ¥0.50 EN $0.12
2026-09-11T19:27:04+00:00,https://bilgewatermarket.com/cards,Riptide Rex,nonfoil,0.28,https://bilgewatermarket.com/cards/OGN-092?print_variation=promo,promo,,¥0.95,$0.28,OGN-092,Riptide Rex OGN-092/298 CN ¥0.95 EN $0.28
2026-09-11T19:27:04+00:00,https://bilgewatermarket.com/cards,Smoke Screen,foil,0.67,https://bilgewatermarket.com/cards/OGN-093?print_variation=foiled,foiled,,¥2.00,$0.67,OGN-093,Smoke Screen OGN-093/298 Foiled CN ¥2.00 EN $0.67
2026-09-11T19:27:04+00:00,https://bilgewatermarket.com/cards,Smoke Screen,nonfoil,0.18,https://bilgewatermarket.com/cards/OGN-093,normal,,¥0.51,$0.18,OGN-093,Smoke Screen OGN-093/298 CN ¥0.51 EN $0.18
2026-09-11T19:27:04+00:00,https://bilgewatermarket.com/cards,Sprite Call,foil,0.37,https://bilgewatermarket.com/cards/OGN-094?print_variation=foiled,foiled,,¥0.54,$0.37,OGN-094,Sprite Call OGN-094/298 Foiled CN ¥0.54 EN $0.37
2026-09-11T19:27:04+00:00,https://bilgewatermarket.com/cards,Sprite Call,nonfoil,0.13,https://bilgewatermarket.com/cards/OGN-094,normal,,¥0.50,$0.13,OGN-094,Sprite Call OGN-094/298 CN ¥0.50 EN $0.13
2026-09-11T19:27:04+00:00,https://bilgewatermarket.com/cards,Stupefy,foil,0.98,https://bilgewatermarket.com/cards/OGN-095?print_variation=foiled,foiled,,¥4.78,$0.98,OGN-095,Stupefy OGN-095/298 Foiled CN ¥4.78 EN $0.98
2026-09-11T19:27:04+00:00,https://bilgewatermarket.com/cards,Stupefy,nonfoil,0.31,https://bilgewatermarket.com/cards/OGN-095,normal,,¥0.64,$0.31,OGN-095,Stupefy OGN-095/298 CN ¥0.64 EN $0.31
2026-09-11T19:27:04+00:00,https://bilgewatermarket.com/cards,Watchful Sentry,foil,1.45,https://bilgewatermarket.com/cards/OGN-096?print_variation=foiled,foiled,,¥2.09,$1.45,OGN-096,Watchful Sentry OGN-096/298 Foiled CN ¥2.09 EN $1.45
2026-09-11T19:27:04+00:00,https://bilgewatermarket.com/cards,Watchful Sentry,nonfoil,0.16,https://bilgewatermarket.com/cards/OGN-096,normal,,¥0.56,$0.16,OGN-096,Watchful Sentry OGN-096/298 CN ¥0.56 EN $0.16
2026-09-11T19:27:04+00:00,https://bilgewatermarket.com/cards,Blastcone Fae,foil,0.37,https://bilgewatermarket.com/cards/OGN-097?print_variation=foiled,foiled,,¥1.60,$0.37,OGN-097,Blastcone Fae OGN-097/298 Foiled CN ¥1.60 EN $0.37
2026-09-11T19:27:04+00:00,https://bilgewatermarket.com/cards,Blastcone Fae,nonfoil,0.14,https://bilgewatermarket.com/cards/OGN-097,normal,,¥0.56,$0.14,OGN-097,Blastcone Fae OGN-097/298 CN ¥0.56 EN $0.14
2026-09-11T19:27:04+00:00,https://bilgewatermarket.com/cards,Energy Conduit,foil,0.41,https://bilgewatermarket.com/cards/OGN-098?print_variation=foiled,foiled,,¥1.90,$0.41,OGN-098,Energy Conduit OGN-098/298 Foiled CN ¥1.90 EN $0.41
2026-09-11T19:27:04+00:00,https://bilgewatermarket.com/cards,Energy Conduit,nonfoil,0.15,https://bilgewatermarket.com/cards/OGN-098,normal,,¥0.55,$0.15,OGN-098,Energy Conduit OGN-098/298 CN ¥0.55 EN $0.15
2026-09-11T19:27:04+00:00,https://bilgewatermarket.com/cards,Garbage Grabber,foil,1.07,https://bilgewatermarket.com/cards/OGN-099?print_variation=foiled,foiled,,¥1.50,$1.07,OGN-099,Garbage Grabber OGN-099/298 Foiled CN ¥1.50 EN $1.07
2026-09-11T19:27:04+00:00,https://bilgewatermarket.com/cards,Garbage Grabber,nonfoil,0.20,https://bilgewatermarket.com/cards/OGN-099,normal,,¥0.60,$0.20,OGN-099,Garbage Grabber OGN-099/298 CN ¥0.60 EN $0.20
2026-09-11T19:27:04+00:00,https://bilgewatermarket.com/cards,Gemcraft Seer,foil,0.28,https://bilgewatermarket.com/cards/OGN-100?print_variation=foiled,foiled,,¥0.50,$0.28,OGN-100,Gemcraft Seer OGN-100/298 Foiled CN ¥0.50 EN $0.28
2026-09-11T19:27:04+00:00,https://bilgewatermarket.com/cards,Gemcraft Seer,nonfoil,0.10,https://bilgewatermarket.com/cards/OGN-100,normal,,¥0.50,$0.10,OGN-100,Gemcraft Seer OGN-100/298 CN ¥0.50 EN $0.10
2026-09-11T19:27:04+00:00,https://bilgewatermarket.com/cards,Mushroom Pouch,foil,0.32,https://bilgewatermarket.com/cards/OGN-101?print_variation=foiled,foiled,,¥0.53,$0.32,OGN-101,Mushroom Pouch OGN-101/298 Foiled CN ¥0.53 EN $0.32
2026-09-11T19:27:04+00:00,https://bilgewatermarket.com/cards,Mushroom Pouch,nonfoil,0.12,https://bilgewatermarket.com/cards/OGN-101,normal,,¥0.50,$0.12,OGN-101,Mushroom Pouch OGN-101/298 CN ¥0.50 EN $0.12
2026-09-11T19:27:04+00:00,https://bilgewatermarket.com/cards,Portal Rescue,foil,0.38,https://bilgewatermarket.com/cards/OGN-102?print_variation=foiled,foiled,,¥1.01,$0.38,OGN-102,Portal Rescue OGN-102/298 Foiled CN ¥1.01 EN $0.38
2026-09-11T19:27:04+00:00,https://bilgewatermarket.com/cards,Portal Rescue,nonfoil,0.14,https://bilgewatermarket.com/cards/OGN-102,normal,,¥0.51,$0.14,OGN-102,Portal Rescue OGN-102/298 CN ¥0.51 EN $0.14
2026-09-11T19:27:04+00:00,https://bilgewatermarket.com/cards,Ravenbloom Student,foil,0.53,https://bilgewatermarket.com/cards/OGN-103?print_variation=foiled,foiled,,¥4.94,$0.53,OGN-103,Ravenbloom Student OGN-103/298 Foiled CN ¥4.94 EN $0.53
2026-09-11T19:27:04+00:00,https://bilgewatermarket.com/cards,Ravenbloom Student,nonfoil,0.36,https://bilgewatermarket.com/cards/OGN-103,normal,,¥1.15,$0.36,OGN-103,Ravenbloom Student OGN-103/298 CN ¥1.15 EN $0.36
2026-09-11T19:27:04+00:00,https://bilgewatermarket.com/cards,Ravenbloom Student,nonfoil,2.23,https://bilgewatermarket.com/cards/OGN-103?print_variation=promo,promo,,¥3.05,$2.23,OGN-103,Ravenbloom Student OGN-103/298 CN ¥3.05 EN $2.23
2026-09-11T19:27:04+00:00,https://bilgewatermarket.com/cards,Retreat,foil,2.46,https://bilgewatermarket.com/cards/OGN-104?print_variation=foiled,foiled,,¥7.37,$2.46,OGN-104,Retreat OGN-104/298 Foiled CN ¥7.37 EN $2.46
2026-09-11T19:27:04+00:00,https://bilgewatermarket.com/cards,Retreat,nonfoil,0.84,https://bilgewatermarket.com/cards/OGN-104,normal,,¥3.19,$0.84,OGN-104,Retreat OGN-104/298 CN ¥3.19 EN $0.84
2026-09-11T19:27:04+00:00,https://bilgewatermarket.com/cards,Singularity,foil,4.93,https://bilgewatermarket.com/cards/OGN-105?print_variation=foiled,foiled,,¥8.33,$4.93,OGN-105,Singularity OGN-105/298 Foiled CN ¥8.33 EN $4.93
2026-09-11T19:27:04+00:00,https://bilgewatermarket.com/cards,Singularity,nonfoil,1.05,https://bilgewatermarket.com/cards/OGN-105,normal,,¥2.05,$1.05,OGN-105,Singularity OGN-105/298 CN ¥2.05 EN $1.05
2026-09-11T19:27:04+00:00,https://bilgewatermarket.com/cards,Sprite Mother,foil,0.50,https://bilgewatermarket.com/cards/OGN-106?print_variation=foiled,foiled,,¥2.59,$0.50,OGN-106,Sprite Mother OGN-106/298 Foiled CN ¥2.59 EN $0.50
2026-09-11T19:27:04+00:00,https://bilgewatermarket.com/cards,Sprite Mother,nonfoil,0.21,https://bilgewatermarket.com/cards/OGN-106,normal,,¥1.43,$0.21,OGN-106,Sprite Mother OGN-106/298 CN ¥1.43 EN $0.21
2026-09-11T19:27:04+00:00,https://bilgewatermarket.com/cards,Ava Achiever,nonfoil,0.21,https://bilgewatermarket.com/cards/OGN-107,normal,,¥0.51,$0.21,OGN-107,Ava Achiever OGN-107/298 CN ¥0.51 EN $0.21
2026-09-11T19:27:04+00:00,https://bilgewatermarket.com/cards,Convergent Mutation,nonfoil,0.13,https://bilgewatermarket.com/cards/OGN-108,normal,,¥0.70,$0.13,OGN-108,Convergent Mutation OGN-108/298 CN ¥0.70 EN $0.13
2026-09-11T19:27:04+00:00,https://bilgewatermarket.com/cards,"Dr. Mundo, Expert",nonfoil,0.35,https://bilgewatermarket.com/cards/OGN-109,normal,,¥1.54,$0.35,OGN-109,"Dr. Mundo, Expert OGN-109/298 CN ¥1.54 EN $0.35"
2026-09-11T19:27:04+00:00,https://bilgewatermarket.com/cards,"Ekko, Recurrent",nonfoil,1.10,https://bilgewatermarket.com/cards/OGN-110,normal,,¥1.14,$1.10,OGN-110,"Ekko, Recurrent OGN-110/298 CN ¥1.14 EN $1.10"
2026-09-11T19:27:04+00:00,https://bilgewatermarket.com/cards,"Heimerdinger, Inventor",nonfoil,0.46,https://bilgewatermarket.com/cards/OGN-111,normal,,¥0.52,$0.46,OGN-111,"Heimerdinger, Inventor OGN-111/298 CN ¥0.52 EN $0.46"
2026-09-11T19:27:04+00:00,https://bilgewatermarket.com/cards,"Heimerdinger, Inventor",nonfoil,0.43,https://bilgewatermarket.com/cards/OGN-111?print_variation=promo,promo,,¥420.80,$0.43,OGN-111,"Heimerdinger, Inventor OGN-111/298 CN ¥420.80 EN $0.43"
2026-09-11T19:27:04+00:00,https://bilgewatermarket.com/cards,"Heimerdinger, Inventor",nonfoil,57.36,https://bilgewatermarket.com/cards/OGN-111a?print_variation=promo,promo,,,$57.36,OGN-111a,"Heimerdinger, Inventor OGN-111a/298 EN $57.36"
2026-09-11T19:27:04+00:00,https://bilgewatermarket.com/cards,"Kai'Sa, Evolutionary",nonfoil,0.35,https://bilgewatermarket.com/cards/OGN-112,normal,,¥0.59,$0.35,OGN-112,"Kai'Sa, Evolutionary OGN-112/298 CN ¥0.59 EN $0.35"
2026-09-11T19:27:04+00:00,https://bilgewatermarket.com/cards,"Kai'Sa, Evolutionary",nonfoil,2.73,https://bilgewatermarket.com/cards/OGN-112a?print_variation=showcase,showcase,,¥3.66,$2.73,OGN-112a,"Kai'Sa, Evolutionary OGN-112a/298 Showcase CN ¥3.66 EN $2.73"
2026-09-11T19:27:04+00:00,https://bilgewatermarket.com/cards,"Malzahar, Fanatic",nonfoil,0.33,https://bilgewatermarket.com/cards/OGN-113,normal,,¥0.52,$0.33,OGN-113,"Malzahar, Fanatic OGN-113/298 CN ¥0.52 EN $0.33"
2026-09-11T19:27:04+00:00,https://bilgewatermarket.com/cards,Progress Day,nonfoil,1.08,https://bilgewatermarket.com/cards/OGN-114,normal,,¥1.92,$1.08,OGN-114,Progress Day OGN-114/298 CN ¥1.92 EN $1.08
2026-09-11T19:27:04+00:00,https://bilgewatermarket.com/cards,Promising Future,nonfoil,0.99,https://bilgewatermarket.com/cards/OGN-115,normal,,¥0.76,$0.99,OGN-115,Promising Future OGN-115/298 CN ¥0.76 EN $0.99
2026-09-11T19:27:04+00:00,https://bilgewatermarket.com/cards,Thousand-Tailed Watcher,nonfoil,24.74,https://bilgewatermarket.com/cards/OGN-116,normal,,¥37.92,$24.74,OGN-116,Thousand-Tailed Watcher OGN-116/298 CN ¥37.92 EN $24.74
2026-09-11T19:27:04+00:00,https://bilgewatermarket.com/cards,"Viktor, Innovator",nonfoil,0.27,https://bilgewatermarket.com/cards/OGN-117,normal,,¥0.52,$0.27,OGN-117,"Viktor, Innovator OGN-117/298 CN ¥0.52 EN $0.27"
2026-09-11T19:27:04+00:00,https://bilgewatermarket.com/cards,"Viktor, Innovator",nonfoil,1.49,https://bilgewatermarket.com/cards/OGN-117a?print_variation=showcase,showcase,,¥3.13,$1.49,OGN-117a,"Viktor, Innovator OGN-117a/298 Showcase CN ¥3.13 EN $1.49"
2026-09-11T19:27:04+00:00,https://bilgewatermarket.com/cards,Wraith of Echoes,nonfoil,0.17,https://bilgewatermarket.com/cards/OGN-118,normal,,¥0.50,$0.17,OGN-118,Wraith of Echoes OGN-118/298 CN ¥0.50 EN $0.17
2026-09-11T19:27:04+00:00,https://bilgewatermarket.com/cards,"Ahri, Inquisitive",nonfoil,7.23,https://bilgewatermarket.com/cards/OGN-119,normal,,¥2.67,$7.23,OGN-119,"Ahri, Inquisitive OGN-119/298 CN ¥2.67 EN $7.23"
2026-09-11T19:27:04+00:00,https://bilgewatermarket.com/cards,"Ahri, Inquisitive",nonfoil,16.03,https://bilgewatermarket.com/cards/OGN-119a?print_variation=showcase,showcase,,¥6.21,$16.03,OGN-119a,"Ahri, Inquisitive OGN-119a/298 Showcase CN ¥6.21 EN $16.03"
2026-09-11T19:27:04+00:00,https://bilgewatermarket.com/cards,Seal of Insight,nonfoil,15.29,https://bilgewatermarket.com/cards/OGN-120,normal,,¥33.58,$15.29,OGN-120,Seal of Insight OGN-120/298 CN ¥33.58 EN $15.29
2026-09-11T19:27:04+00:00,https://bilgewatermarket.com/cards,"Teemo, Strategist",nonfoil,3.89,https://bilgewatermarket.com/cards/OGN-121,normal,,¥2.60,$3.89,OGN-121,"Teemo, Strategist OGN-121/298 CN ¥2.60 EN $3.89"
2026-09-11T19:27:04+00:00,https://bilgewatermarket.com/cards,"Teemo, Strategist",nonfoil,7.11,https://bilgewatermarket.com/cards/OGN-121a?print_variation=showcase,showcase,,¥4.47,$7.11,OGN-121a,"Teemo, Strategist OGN-121a/298 Showcase CN ¥4.47 EN $7.11"
2026-09-11T19:27:04+00:00,https://bilgewatermarket.com/cards,Time Warp,nonfoil,60.37,https://bilgewatermarket.com/cards/OGN-122,normal,,¥144.71,$60.37,OGN-122,Time Warp OGN-122/298 CN ¥144.71 EN $60.37
2026-09-11T19:27:04+00:00,https://bilgewatermarket.com/cards,Unchecked Power,nonfoil,25.06,https://bilgewatermarket.com/cards/OGN-123,normal,,¥56.00,$25.06,OGN-123,Unchecked Power OGN-123/298 CN ¥56.00 EN $25.06
2026-09-11T19:27:04+00:00,https://bilgewatermarket.com/cards,Arena Bar,foil,0.29,https://bilgewatermarket.com/cards/OGN-124?print_variation=foiled,foiled,,¥0.68,$0.29,OGN-124,Arena Bar OGN-124/298 Foiled CN ¥0.68 EN $0.29
2026-09-11T19:27:04+00:00,https://bilgewatermarket.com/cards,Arena Bar,nonfoil,0.07,https://bilgewatermarket.com/cards/OGN-124,normal,,¥0.50,$0.07,OGN-124,Arena Bar OGN-124/298 CN ¥0.50 EN $0.07
2026-09-11T19:27:04+00:00,https://bilgewatermarket.com/cards,Bilgewater Bully,foil,0.13,https://bilgewatermarket.com/cards/OGN-125?print_variation=foiled,foiled,,¥0.50,$0.13,OGN-125,Bilgewater Bully OGN-125/298 Foiled CN ¥0.50 EN $0.13
2026-09-11T19:27:04+00:00,https://bilgewatermarket.com/cards,Bilgewater Bully,nonfoil,0.03,https://bilgewatermarket.com/cards/OGN-125,normal,,¥0.30,$0.03,OGN-125,Bilgewater Bully OGN-125/298 CN ¥0.30 EN $0.03
2026-09-11T19:27:04+00:00,https://bilgewatermarket.com/cards,Body Rune,nonfoil,0.11,https://bilgewatermarket.com/cards/OGN-126,normal,,¥0.57,$0.11,OGN-126,Body Rune OGN-126/298 CN ¥0.57 EN $0.11
2026-09-11T19:27:04+00:00,https://bilgewatermarket.com/cards,Body Rune,nonfoil,3.40,https://bilgewatermarket.com/cards/OGN-126a?print_variation=showcase,showcase,,¥30.13,$3.40,OGN-126a,Body Rune OGN-126a/298 Showcase CN ¥30.13 EN $3.40
2026-09-11T19:27:04+00:00,https://bilgewatermarket.com/cards,Body Rune,nonfoil,3.21,https://bilgewatermarket.com/cards/OGN-126b?print_variation=promo,promo,,¥16.92,$3.21,OGN-126b,Body Rune OGN-126b/298 CN ¥16.92 EN $3.21
2026-09-11T19:27:04+00:00,https://bilgewatermarket.com/cards,Cannon Barrage,foil,0.22,https://bilgewatermarket.com/cards/OGN-127?print_variation=foiled,foiled,,¥0.74,$0.22,OGN-127,Cannon Barrage OGN-127/298 Foiled CN ¥0.74 EN $0.22
2026-09-11T19:27:04+00:00,https://bilgewatermarket.com/cards,Cannon Barrage,nonfoil,0.09,https://bilgewatermarket.com/cards/OGN-127,normal,,¥0.60,$0.09,OGN-127,Cannon Barrage OGN-127/298 CN ¥0.60 EN $0.09
2026-09-11T19:27:04+00:00,https://bilgewatermarket.com/cards,Challenge,foil,0.56,https://bilgewatermarket.com/cards/OGN-128?print_variation=foiled,foiled,,¥1.76,$0.56,OGN-128,Challenge OGN-128/298 Foiled CN ¥1.76 EN $0.56
2026-09-11T19:27:04+00:00,https://bilgewatermarket.com/cards,Challenge,nonfoil,0.23,https://bilgewatermarket.com/cards/OGN-128,normal,,¥0.52,$0.23,OGN-128,Challenge OGN-128/298 CN ¥0.52 EN $0.23
2026-09-11T19:27:04+00:00,https://bilgewatermarket.com/cards,Challenge,nonfoil,0.75,https://bilgewatermarket.com/cards/OGN-128?print_variation=promo,promo,,¥2.32,$0.75,OGN-128,Challenge OGN-128/298 CN ¥2.32 EN $0.75
2026-09-11T19:27:04+00:00,https://bilgewatermarket.com/cards,Confront,foil,0.28,https://bilgewatermarket.com/cards/OGN-129?print_variation=foiled,foiled,,¥1.01,$0.28,OGN-129,Confront OGN-129/298 Foiled CN ¥1.01 EN $0.28
2026-09-11T19:27:04+00:00,https://bilgewatermarket.com/cards,Confront,nonfoil,0.08,https://bilgewatermarket.com/cards/OGN-129,normal,,¥0.53,$0.08,OGN-129,Confront OGN-129/298 CN ¥0.53 EN $0.08
2026-09-11T19:27:04+00:00,https://bilgewatermarket.com/cards,Crackshot Corsair,foil,0.16,https://bilgewatermarket.com/cards/OGN-130?print_variation=foiled,foiled,,¥0.50,$0.16,OGN-130,Crackshot Corsair OGN-130/298 Foiled CN ¥0.50 EN $0.16
2026-09-11T19:27:04+00:00,https://bilgewatermarket.com/cards,Crackshot Corsair,nonfoil,0.05,https://bilgewatermarket.com/cards/OGN-130,normal,,¥0.50,$0.05,OGN-130,Crackshot Corsair OGN-130/298 CN ¥0.50 EN $0.05
2026-09-11T19:27:04+00:00,https://bilgewatermarket.com/cards,Dune Drake,foil,0.26,https://bilgewatermarket.com/cards/OGN-131?print_variation=foiled,foiled,,¥0.50,$0.26,OGN-131,Dune Drake OGN-131/298 Foiled CN ¥0.50 EN $0.26
2026-09-11T19:27:04+00:00,https://bilgewatermarket.com/cards,Dune Drake,nonfoil,0.07,https://bilgewatermarket.com/cards/OGN-131,normal,,¥0.50,$0.07,OGN-131,Dune Drake OGN-131/298 CN ¥0.50 EN $0.07
2026-09-11T19:27:04+00:00,https://bilgewatermarket.com/cards,First Mate,foil,2.56,https://bilgewatermarket.com/cards/OGN-132?print_variation=foiled,foiled,,¥2.64,$2.56,OGN-132,First Mate OGN-132/298 Foiled CN ¥2.64 EN $2.56
2026-09-11T19:27:04+00:00,https://bilgewatermarket.com/cards,First Mate,nonfoil,0.24,https://bilgewatermarket.com/cards/OGN-132,normal,,¥0.54,$0.24,OGN-132,First Mate OGN-132/298 CN ¥0.54 EN $0.24
2026-09-11T19:27:04+00:00,https://bilgewatermarket.com/cards,Flurry of Blades,foil,0.27,https://bilgewatermarket.com/cards/OGN-133?print_variation=foiled,foiled,,¥1.13,$0.27,OGN-133,Flurry of Blades OGN-133/298 Foiled CN ¥1.13 EN $0.27
2026-09-11T19:27:04+00:00,https://bilgewatermarket.com/cards,Flurry of Blades,nonfoil,0.15,https://bilgewatermarket.com/cards/OGN-133,normal,,¥0.56,$0.15,OGN-133,Flurry of Blades OGN-133/298 CN ¥0.56 EN $0.15
2026-09-11T19:27:04+00:00,https://bilgewatermarket.com/cards,Mobilize,foil,0.77,https://bilgewatermarket.com/cards/OGN-134?print_variation=foiled,foiled,,¥1.32,$0.77,OGN-134,Mobilize OGN-134/298 Foiled CN ¥1.32 EN $0.77
2026-09-11T19:27:04+00:00,https://bilgewatermarket.com/cards,Mobilize,nonfoil,0.12,https://bilgewatermarket.com/cards/OGN-134,normal,,¥0.54,$0.12,OGN-134,Mobilize OGN-134/298 CN ¥0.54 EN $0.12
2026-09-11T19:27:04+00:00,https://bilgewatermarket.com/cards,Pakaa Cub,foil,0.19,https://bilgewatermarket.com/cards/OGN-135?print_variation=foiled,foiled,,¥0.51,$0.19,OGN-135,Pakaa Cub OGN-135/298 Foiled CN ¥0.51 EN $0.19
2026-09-11T19:27:04+00:00,https://bilgewatermarket.com/cards,Pakaa Cub,nonfoil,0.06,https://bilgewatermarket.com/cards/OGN-135,normal,,¥0.50,$0.06,OGN-135,Pakaa Cub OGN-135/298 CN ¥0.50 EN $0.06
2026-09-11T19:27:04+00:00,https://bilgewatermarket.com/cards,Pakaa Cub,nonfoil,0.28,https://bilgewatermarket.com/cards/OGN-135?print_variation=promo,promo,,¥0.60,$0.28,OGN-135,Pakaa Cub OGN-135/298 CN ¥0.60 EN $0.28
2026-09-11T19:27:04+00:00,https://bilgewatermarket.com/cards,Pit Rookie,foil,1.53,https://bilgewatermarket.com/cards/OGN-136?print_variation=foiled,foiled,,¥2.08,$1.53,OGN-136,Pit Rookie OGN-136/298 Foiled CN ¥2.08 EN $1.53
2026-09-11T19:27:04+00:00,https://bilgewatermarket.com/cards,Pit Rookie,nonfoil,0.13,https://bilgewatermarket.com/cards/OGN-136,normal,,¥0.59,$0.13,OGN-136,Pit Rookie OGN-136/298 CN ¥0.59 EN $0.13
2026-09-11T19:27:04+00:00,https://bilgewatermarket.com/cards,Stormclaw Ursine,foil,0.15,https://bilgewatermarket.com/cards/OGN-137?print_variation=foiled,foiled,,¥0.50,$0.15,OGN-137,Stormclaw Ursine OGN-137/298 Foiled CN ¥0.50 EN $0.15
2026-09-11T19:27:04+00:00,https://bilgewatermarket.com/cards,Stormclaw Ursine,nonfoil,0.07,https://bilgewatermarket.com/cards/OGN-137,normal,,¥0.50,$0.07,OGN-137,Stormclaw Ursine OGN-137/298 CN ¥0.50 EN $0.07
2026-09-11T19:27:04+00:00,https://bilgewatermarket.com/cards,Stormclaw Ursine,nonfoil,0.24,https://bilgewatermarket.com/cards/OGN-137?print_variation=promo,promo,,¥1.00,$0.24,OGN-137,Stormclaw Ursine OGN-137/298 CN ¥1.00 EN $0.24
2026-09-11T19:27:04+00:00,https://bilgewatermarket.com/cards,Catalyst of Aeons,foil,3.62,https://bilgewatermarket.com/cards/OGN-138?print_variation=foiled,foiled,,¥5.11,$3.62,OGN-138,Catalyst of Aeons OGN-138/298 Foiled CN ¥5.11 EN $3.62
2026-09-11T19:27:04+00:00,https://bilgewatermarket.com/cards,Catalyst of Aeons,nonfoil,0.37,https://bilgewatermarket.com/cards/OGN-138,normal,,¥1.17,$0.37,OGN-138,Catalyst of Aeons OGN-138/298 CN ¥1.17 EN $0.37
2026-09-11T19:27:04+00:00,https://bilgewatermarket.com/cards,Cithria of Cloudfield,foil,0.24,https://bilgewatermarket.com/cards/OGN-139?print_variation=foiled,foiled,,¥1.24,$0.24,OGN-139,Cithria of Cloudfield OGN-139/298 Foiled CN ¥1.24 EN $0.24
2026-09-11T19:27:04+00:00,https://bilgewatermarket.com/cards,Cithria of Cloudfield,nonfoil,0.11,https://bilgewatermarket.com/cards/OGN-139,normal,,¥0.70,$0.11,OGN-139,Cithria of Cloudfield OGN-139/298 CN ¥0.70 EN $0.11
2026-09-11T19:27:04+00:00,https://bilgewatermarket.com/cards,Herald of Scales,foil,0.97,https://bilgewatermarket.com/cards/OGN-140?print_variation=foiled,foiled,,¥1.15,$0.97,OGN-140,Herald of Scales OGN-140/298 Foiled CN ¥1.15 EN $0.97
2026-09-11T19:27:04+00:00,https://bilgewatermarket.com/cards,Herald of Scales,nonfoil,0.22,https://bilgewatermarket.com/cards/OGN-140,normal,,¥0.56,$0.22,OGN-140,Herald of Scales OGN-140/298 CN ¥0.56 EN $0.22
2026-09-11T19:27:04+00:00,https://bilgewatermarket.com/cards,Kinkou Monk,foil,0.48,https://bilgewatermarket.com/cards/OGN-141?print_variation=foiled,foiled,,¥1.50,$0.48,OGN-141,Kinkou Monk OGN-141/298 Foiled CN ¥1.50 EN $0.48
2026-09-11T19:27:04+00:00,https://bilgewatermarket.com/cards,Kinkou Monk,nonfoil,0.19,https://bilgewatermarket.com/cards/OGN-141,normal,,¥0.52,$0.19,OGN-141,Kinkou Monk OGN-141/298 CN ¥0.52 EN $0.19
2026-09-11T19:27:04+00:00,https://bilgewatermarket.com/cards,Mountain Drake,foil,0.36,https://bilgewatermarket.com/cards/OGN-142?print_variation=foiled,foiled,,¥1.08,$0.36,OGN-142,Mountain Drake OGN-142/298 Foiled CN ¥1.08 EN $0.36
2026-09-11T19:27:04+00:00,https://bilgewatermarket.com/cards,Mountain Drake,nonfoil,0.08,https://bilgewatermarket.com/cards/OGN-142,normal,,¥0.50,$0.08,OGN-142,Mountain Drake OGN-142/298 CN ¥0.50 EN $0.08
2026-09-11T19:27:04+00:00,https://bilgewatermarket.com/cards,Pirate's Haven,foil,0.29,https://bilgewatermarket.com/cards/OGN-143?print_variation=foiled,foiled,,¥0.51,$0.29,OGN-143,Pirate's Haven OGN-143/298 Foiled CN ¥0.51 EN $0.29
2026-09-11T19:27:04+00:00,https://bilgewatermarket.com/cards,Pirate's Haven,nonfoil,0.13,https://bilgewatermarket.com/cards/OGN-143,normal,,¥0.55,$0.13,OGN-143,Pirate's Haven OGN-143/298 CN ¥0.55 EN $0.13
2026-09-11T19:27:04+00:00,https://bilgewatermarket.com/cards,Spoils of War,foil,0.40,https://bilgewatermarket.com/cards/OGN-144?print_variation=foiled,foiled,,¥0.87,$0.40,OGN-144,Spoils of War OGN-144/298 Foiled CN ¥0.87 EN $0.40
2026-09-11T19:27:04+00:00,https://bilgewatermarket.com/cards,Spoils of War,nonfoil,0.15,https://bilgewatermarket.com/cards/OGN-144,normal,,¥0.50,$0.15,OGN-144,Spoils of War OGN-144/298 CN ¥0.50 EN $0.15
2026-09-11T19:27:04+00:00,https://bilgewatermarket.com/cards,Unyielding Spirit,foil,2.27,https://bilgewatermarket.com/cards/OGN-145?print_variation=foiled,foiled,,¥5.67,$2.27,OGN-145,Unyielding Spirit OGN-145/298 Foiled CN ¥5.67 EN $2.27
2026-09-11T19:27:04+00:00,https://bilgewatermarket.com/cards,Unyielding Spirit,nonfoil,0.59,https://bilgewatermarket.com/cards/OGN-145,normal,,¥2.04,$0.59,OGN-145,Unyielding Spirit OGN-145/298 CN ¥2.04 EN $0.59
2026-09-11T19:27:04+00:00,https://bilgewatermarket.com/cards,Wallop,foil,0.36,https://bilgewatermarket.com/cards/OGN-146?print_variation=foiled,foiled,,¥0.55,$0.36,OGN-146,Wallop OGN-146/298 Foiled CN ¥0.55 EN $0.36
2026-09-11T19:27:04+00:00,https://bilgewatermarket.com/cards,Wallop,nonfoil,0.17,https://bilgewatermarket.com/cards/OGN-146,normal,,¥0.50,$0.17,OGN-146,Wallop OGN-146/298 CN ¥0.50 EN $0.17
2026-09-11T19:27:04+00:00,https://bilgewatermarket.com/cards,Wildclaw Shaman,foil,0.26,https://bilgewatermarket.com/cards/OGN-147?print_variation=foiled,foiled,,¥0.50,$0.26,OGN-147,Wildclaw Shaman OGN-147/298 Foiled CN ¥0.50 EN $0.26
2026-09-11T19:27:04+00:00,https://bilgewatermarket.com/cards,Wildclaw Shaman,nonfoil,0.07,https://bilgewatermarket.com/cards/OGN-147,normal,,¥0.50,$0.07,OGN-147,Wildclaw Shaman OGN-147/298 CN ¥0.50 EN $0.07
2026-09-11T19:27:04+00:00,https://bilgewatermarket.com/cards,"Anivia, Primal",nonfoil,0.30,https://bilgewatermarket.com/cards/OGN-148,normal,,¥0.51,$0.30,OGN-148,"Anivia, Primal OGN-148/298 CN ¥0.51 EN $0.30"
2026-09-11T19:27:04+00:00,https://bilgewatermarket.com/cards,Carnivorous Snapvine,nonfoil,0.26,https://bilgewatermarket.com/cards/OGN-149,normal,,¥0.72,$0.26,OGN-149,Carnivorous Snapvine OGN-149/298 CN ¥0.72 EN $0.26
2026-09-11T19:27:04+00:00,https://bilgewatermarket.com/cards,Kraken Hunter,nonfoil,0.20,https://bilgewatermarket.com/cards/OGN-150,normal,,¥0.55,$0.20,OGN-150,Kraken Hunter OGN-150/298 CN ¥0.55 EN $0.20
2026-09-11T19:27:04+00:00,https://bilgewatermarket.com/cards,"Lee Sin, Centered",nonfoil,0.20,https://bilgewatermarket.com/cards/OGN-151,normal,,¥0.51,$0.20,OGN-151,"Lee Sin, Centered OGN-151/298 CN ¥0.51 EN $0.20"
2026-09-11T19:27:04+00:00,https://bilgewatermarket.com/cards,"Lee Sin, Centered",nonfoil,1.92,https://bilgewatermarket.com/cards/OGN-151a?print_variation=showcase,showcase,,¥3.36,$1.92,OGN-151a,"Lee Sin, Centered OGN-151a/298 Showcase CN ¥3.36 EN $1.92"
2026-09-11T19:27:04+00:00,https://bilgewatermarket.com/cards,"Lee Sin, Centered",nonfoil,59.94,https://bilgewatermarket.com/cards/OGN-151b?print_variation=promo,promo,,,$59.94,OGN-151b,"Lee Sin, Centered OGN-151b/298 EN $59.94"
2026-09-11T19:27:04+00:00,https://bilgewatermarket.com/cards,Mistfall,nonfoil,0.13,https://bilgewatermarket.com/cards/OGN-152,normal,,¥0.52,$0.13,OGN-152,Mistfall OGN-152/298 CN ¥0.52 EN $0.13
2026-09-11T19:27:04+00:00,https://bilgewatermarket.com/cards,Overt Operation,nonfoil,0.28,https://bilgewatermarket.com/cards/OGN-153,normal,,¥0.50,$0.28,OGN-153,Overt Operation OGN-153/298 CN ¥0.50 EN $0.28
2026-09-11T19:27:04+00:00,https://bilgewatermarket.com/cards,Primal Strength,nonfoil,0.31,https://bilgewatermarket.com/cards/OGN-154,normal,,¥1.16,$0.31,OGN-154,Primal Strength OGN-154/298 CN ¥1.16 EN $0.31
2026-09-11T19:27:04+00:00,https://bilgewatermarket.com/cards,"Qiyana, Victorious",nonfoil,0.66,https://bilgewatermarket.com/cards/OGN-155,normal,,¥2.65,$0.66,OGN-155,"Qiyana, Victorious OGN-155/298 CN ¥2.65 EN $0.66"
2026-09-11T19:27:04+00:00,https://bilgewatermarket.com/cards,Sabotage,nonfoil,16.58,https://bilgewatermarket.com/cards/OGN-156,normal,,¥15.74,$16.58,OGN-156,Sabotage OGN-156/298 CN ¥15.74 EN $16.58
2026-09-11T19:27:04+00:00,https://bilgewatermarket.com/cards,"Udyr, Wildman",nonfoil,0.27,https://bilgewatermarket.com/cards/OGN-157,normal,,¥0.51,$0.27,OGN-157,"Udyr, Wildman OGN-157/298 CN ¥0.51 EN $0.27"
2026-09-11T19:27:04+00:00,https://bilgewatermarket.com/cards,"Volibear, Imposing",nonfoil,0.26,https://bilgewatermarket.com/cards/OGN-158,normal,,¥0.54,$0.26,OGN-158,"Volibear, Imposing OGN-158/298 CN ¥0.54 EN $0.26"
2026-09-11T19:27:04+00:00,https://bilgewatermarket.com/cards,"Volibear, Imposing",nonfoil,1.15,https://bilgewatermarket.com/cards/OGN-158a?print_variation=showcase,showcase,,¥2.72,$1.15,OGN-158a,"Volibear, Imposing OGN-158a/298 Showcase CN ¥2.72 EN $1.15"
2026-09-11T19:27:04+00:00,https://bilgewatermarket.com/cards,"Warwick, Hunter",nonfoil,0.39,https://bilgewatermarket.com/cards/OGN-159,normal,,¥0.67,$0.39,OGN-159,"Warwick, Hunter OGN-159/298 CN ¥0.67 EN $0.39"
2026-09-11T19:27:04+00:00,https://bilgewatermarket.com/cards,"Warwick, Hunter",nonfoil,63.81,https://bilgewatermarket.com/cards/OGN-159a?print_variation=promo,promo,,,$63.81,OGN-159a,"Warwick, Hunter OGN-159a/298 EN $63.81"
2026-09-11T19:27:04+00:00,https://bilgewatermarket.com/cards,Dazzling Aurora,nonfoil,40.68,https://bilgewatermarket.com/cards/OGN-160,normal,,¥110.38,$40.68,OGN-160,Dazzling Aurora OGN-160/298 CN ¥110.38 EN $40.68
2026-09-11T19:27:04+00:00,https://bilgewatermarket.com/cards,Deadbloom Predator,nonfoil,3.38,https://bilgewatermarket.com/cards/OGN-161,normal,,¥25.43,$3.38,OGN-161,Deadbloom Predator OGN-161/298 CN ¥25.43 EN $3.38
2026-09-11T19:27:04+00:00,https://bilgewatermarket.com/cards,"Miss Fortune, Captain",nonfoil,5.05,https://bilgewatermarket.com/cards/OGN-162,normal,,¥3.85,$5.05,OGN-162,"Miss Fortune, Captain OGN-162/298 CN ¥3.85 EN $5.05"
2026-09-11T19:27:04+00:00,https://bilgewatermarket.com/cards,"Miss Fortune, Captain",nonfoil,14.16,https://bilgewatermarket.com/cards/OGN-162a?print_variation=showcase,showcase,,¥11.20,$14.16,OGN-162a,"Miss Fortune, Captain OGN-162a/298 Showcase CN ¥11.20 EN $14.16"
2026-09-11T19:27:04+00:00,https://bilgewatermarket.com/cards,Seal of Strength,nonfoil,13.13,https://bilgewatermarket.com/cards/OGN-163,normal,,¥24.18,$13.13,OGN-163,Seal of Strength OGN-163/298 CN ¥24.18 EN $13.13
2026-09-11T19:27:04+00:00,https://bilgewatermarket.com/cards,"Sett, Brawler",nonfoil,7.74,https://bilgewatermarket.com/cards/OGN-164,normal,,¥20.02,$7.74,OGN-164,"Sett, Brawler OGN-164/298 CN ¥20.02 EN $7.74"
2026-09-11T19:27:04+00:00,https://bilgewatermarket.com/cards,"Sett, Brawler",nonfoil,8.36,https://bilgewatermarket.com/cards/OGN-164a?print_variation=showcase,showcase,,¥20.44,$8.36,OGN-164a,"Sett, Brawler OGN-164a/298 Showcase CN ¥20.44 EN $8.36"
2026-09-11T19:27:04+00:00,https://bilgewatermarket.com/cards,Cemetery Attendant,foil,0.22,https://bilgewatermarket.com/cards/OGN-165?print_variation=foiled,foiled,,¥0.50,$0.22,OGN-165,Cemetery Attendant OGN-165/298 Foiled CN ¥0.50 EN $0.22
2026-09-11T19:27:04+00:00,https://bilgewatermarket.com/cards,Cemetery Attendant,nonfoil,0.06,https://bilgewatermarket.com/cards/OGN-165,normal,,¥0.50,$0.06,OGN-165,Cemetery Attendant OGN-165/298 CN ¥0.50 EN $0.06
2026-09-11T19:27:04+00:00,https://bilgewatermarket.com/cards,Chaos Rune,nonfoil,0.12,https://bilgewatermarket.com/cards/OGN-166,normal,,¥0.53,$0.12,OGN-166,Chaos Rune OGN-166/298 CN ¥0.53 EN $0.12
2026-09-11T19:27:04+00:00,https://bilgewatermarket.com/cards,Chaos Rune,nonfoil,6.52,https://bilgewatermarket.com/cards/OGN-166a?print_variation=showcase,showcase,,¥37.59,$6.52,OGN-166a,Chaos Rune OGN-166a/298 Showcase CN ¥37.59 EN $6.52
2026-09-11T19:27:04+00:00,https://bilgewatermarket.com/cards,Chaos Rune,nonfoil,7.09,https://bilgewatermarket.com/cards/OGN-166b?print_variation=promo,promo,,¥17.97,$7.09,OGN-166b,Chaos Rune OGN-166b/298 CN ¥17.97 EN $7.09
2026-09-11T19:27:04+00:00,https://bilgewatermarket.com/cards,Ember Monk,foil,0.26,https://bilgewatermarket.com/cards/OGN-167?print_variation=foiled,foiled,,¥0.50,$0.26,OGN-167,Ember Monk OGN-167/298 Foiled CN ¥0.50 EN $0.26
2026-09-11T19:27:04+00:00,https://bilgewatermarket.com/cards,Ember Monk,nonfoil,0.10,https://bilgewatermarket.com/cards/OGN-167,normal,,¥0.50,$0.10,OGN-167,Ember Monk OGN-167/298 CN ¥0.50 EN $0.10
2026-09-11T19:27:04+00:00,https://bilgewatermarket.com/cards,Fight or Flight,foil,0.20,https://bilgewatermarket.com/cards/OGN-168?print_variation=foiled,foiled,,¥0.50,$0.20,OGN-168,Fight or Flight OGN-168/298 Foiled CN ¥0.50 EN $0.20
2026-09-11T19:27:04+00:00,https://bilgewatermarket.com/cards,Fight or Flight,nonfoil,0.11,https://bilgewatermarket.com/cards/OGN-168,normal,,¥0.50,$0.11,OGN-168,Fight or Flight OGN-168/298 CN ¥0.50 EN $0.11
2026-09-11T19:27:04+00:00,https://bilgewatermarket.com/cards,Gust,foil,0.75,https://bilgewatermarket.com/cards/OGN-169?print_variation=foiled,foiled,,¥3.63,$0.75,OGN-169,Gust OGN-169/298 Foiled CN ¥3.63 EN $0.75
2026-09-11T19:27:04+00:00,https://bilgewatermarket.com/cards,Gust,nonfoil,0.22,https://bilgewatermarket.com/cards/OGN-169,normal,,¥0.63,$0.22,OGN-169,Gust OGN-169/298 CN ¥0.63 EN $0.22
2026-09-11T19:27:04+00:00,https://bilgewatermarket.com/cards,Morbid Return,foil,0.32,https://bilgewatermarket.com/cards/OGN-170?print_variation=foiled,foiled,,¥1.00,$0.32,OGN-170,Morbid Return OGN-170/298 Foiled CN ¥1.00 EN $0.32
2026-09-11T19:27:04+00:00,https://bilgewatermarket.com/cards,Morbid Return,nonfoil,0.10,https://bilgewatermarket.com/cards/OGN-170,normal,,¥0.53,$0.10,OGN-170,Morbid Return OGN-170/298 CN ¥0.53 EN $0.10
2026-09-11T19:27:04+00:00,https://bilgewatermarket.com/cards,Mystic Poro,foil,0.28,https://bilgewatermarket.com/cards/OGN-171?print_variation=foiled,foiled,,¥0.65,$0.28,OGN-171,Mystic Poro OGN-171/298 Foiled CN ¥0.65 EN $0.28
2026-09-11T19:27:04+00:00,https://bilgewatermarket.com/cards,Mystic Poro,nonfoil,0.11,https://bilgewatermarket.com/cards/OGN-171,normal,,¥0.50,$0.11,OGN-171,Mystic Poro OGN-171/298 CN ¥0.50 EN $0.11
2026-09-11T19:27:04+00:00,https://bilgewatermarket.com/cards,Mystic Poro,nonfoil,1.40,https://bilgewatermarket.com/cards/OGN-171?print_variation=promo,promo,,¥0.95,$1.40,OGN-171,Mystic Poro OGN-171/298 CN ¥0.95 EN $1.40
2026-09-11T19:27:04+00:00,https://bilgewatermarket.com/cards,Rebuke,foil,1.19,https://bilgewatermarket.com/cards/OGN-172?print_variation=foiled,foiled,,¥2.92,$1.19,OGN-172,Rebuke OGN-172/298 Foiled CN ¥2.92 EN $1.19
2026-09-11T19:27:04+00:00,https://bilgewatermarket.com/cards,Rebuke,nonfoil,0.28,https://bilgewatermarket.com/cards/OGN-172,normal,,¥0.62,$0.28,OGN-172,Rebuke OGN-172/298 CN ¥0.62 EN $0.28
2026-09-11T19:27:04+00:00,https://bilgewatermarket.com/cards,Ride the Wind,foil,9.89,https://bilgewatermarket.com/cards/OGN-173?print_variation=foiled,foiled,,¥5.41,$9.89,OGN-173,Ride the Wind OGN-173/298 Foiled CN ¥5.41 EN $9.89
2026-09-11T19:27:04+00:00,https://bilgewatermarket.com/cards,Ride the Wind,nonfoil,1.00,https://bilgewatermarket.com/cards/OGN-173,normal,,¥0.70,$1.00,OGN-173,Ride the Wind OGN-173/298 CN ¥0.70 EN $1.00
2026-09-11T19:27:04+00:00,https://bilgewatermarket.com/cards,Sai Scout,foil,0.12,https://bilgewatermarket.com/cards/OGN-174?print_variation=foiled,foiled,,¥0.50,$0.12,OGN-174,Sai Scout OGN-174/298 Foiled CN ¥0.50 EN $0.12
2026-09-11T19:27:04+00:00,https://bilgewatermarket.com/cards,Sai Scout,nonfoil,0.06,https://bilgewatermarket.com/cards/OGN-174,normal,,¥0.50,$0.06,OGN-174,Sai Scout OGN-174/298 CN ¥0.50 EN $0.06
2026-09-11T19:27:04+00:00,https://bilgewatermarket.com/cards,Shipyard Skulker,foil,0.18,https://bilgewatermarket.com/cards/OGN-175?print_variation=foiled,foiled,,¥0.50,$0.18,OGN-175,Shipyard Skulker OGN-175/298 Foiled CN ¥0.50 EN $0.18
2026-09-11T19:27:04+00:00,https://bilgewatermarket.com/cards,Shipyard Skulker,nonfoil,0.06,https://bilgewatermarket.com/cards/OGN-175,normal,,¥0.50,$0.06,OGN-175,Shipyard Skulker OGN-175/298 CN ¥0.50 EN $0.06
2026-09-11T19:27:04+00:00,https://bilgewatermarket.com/cards,Sneaky Deckhand,foil,0.73,https://bilgewatermarket.com/cards/OGN-176?print_variation=foiled,foiled,,¥1.63,$0.73,OGN-176,Sneaky Deckhand OGN-176/298 Foiled CN ¥1.63 EN $0.73
2026-09-11T19:27:04+00:00,https://bilgewatermarket.com/cards,Sneaky Deckhand,nonfoil,0.14,https://bilgewatermarket.com/cards/OGN-176,normal,,¥0.56,$0.14,OGN-176,Sneaky Deckhand OGN-176/298 CN ¥0.56 EN $0.14
2026-09-11T19:27:04+00:00,https://bilgewatermarket.com/cards,Stealthy Pursuer,foil,0.20,https://bilgewatermarket.com/cards/OGN-177?print_variation=foiled,foiled,,¥0.53,$0.20,OGN-177,Stealthy Pursuer OGN-177/298 Foiled CN ¥0.53 EN $0.20
2026-09-11T19:27:04+00:00,https://bilgewatermarket.com/cards,Stealthy Pursuer,nonfoil,0.06,https://bilgewatermarket.com/cards/OGN-177,normal,,¥0.50,$0.06,OGN-177,Stealthy Pursuer OGN-177/298 CN ¥0.50 EN $0.06
2026-09-11T19:27:04+00:00,https://bilgewatermarket.com/cards,Stealthy Pursuer,nonfoil,0.23,https://bilgewatermarket.com/cards/OGN-177?print_variation=promo,promo,,¥0.50,$0.23,OGN-177,Stealthy Pursuer OGN-177/298 CN ¥0.50 EN $0.23
2026-09-11T19:27:04+00:00,https://bilgewatermarket.com/cards,Undercover Agent,foil,0.14,https://bilgewatermarket.com/cards/OGN-178?print_variation=foiled,foiled,,¥0.50,$0.14,OGN-178,Undercover Agent OGN-178/298 Foiled CN ¥0.50 EN $0.14
2026-09-11T19:27:04+00:00,https://bilgewatermarket.com/cards,Undercover Agent,nonfoil,0.03,https://bilgewatermarket.com/cards/OGN-178,normal,,¥0.30,$0.03,OGN-178,Undercover Agent OGN-178/298 CN ¥0.30 EN $0.03
2026-09-11T19:27:04+00:00,https://bilgewatermarket.com/cards,Acceptable Losses,foil,3.68,https://bilgewatermarket.com/cards/OGN-179?print_variation=foiled,foiled,,¥2.89,$3.68,OGN-179,Acceptable Losses OGN-179/298 Foiled CN ¥2.89 EN $3.68
2026-09-11T19:27:04+00:00,https://bilgewatermarket.com/cards,Acceptable Losses,nonfoil,0.62,https://bilgewatermarket.com/cards/OGN-179,normal,,¥0.77,$0.62,OGN-179,Acceptable Losses OGN-179/298 CN ¥0.77 EN $0.62
2026-09-11T19:27:04+00:00,https://bilgewatermarket.com/cards,Fading Memories,foil,0.68,https://bilgewatermarket.com/cards/OGN-180?print_variation=foiled,foiled,,¥1.73,$0.68,OGN-180,Fading Memories OGN-180/298 Foiled CN ¥1.73 EN $0.68
2026-09-11T19:27:04+00:00,https://bilgewatermarket.com/cards,Fading Memories,nonfoil,0.14,https://bilgewatermarket.com/cards/OGN-180,normal,,¥0.50,$0.14,OGN-180,Fading Memories OGN-180/298 CN ¥0.50 EN $0.14
2026-09-11T19:27:04+00:00,https://bilgewatermarket.com/cards,Pack of Wonders,foil,4.00,https://bilgewatermarket.com/cards/OGN-181?print_variation=foiled,foiled,,¥2.95,$4.00,OGN-181,Pack of Wonders OGN-181/298 Foiled CN ¥2.95 EN $4.00
2026-09-11T19:27:04+00:00,https://bilgewatermarket.com/cards,Pack of Wonders,nonfoil,0.58,https://bilgewatermarket.com/cards/OGN-181,normal,,¥0.73,$0.58,OGN-181,Pack of Wonders OGN-181/298 CN ¥0.73 EN $0.58
2026-09-11T19:27:04+00:00,https://bilgewatermarket.com/cards,Scrapheap,foil,0.69,https://bilgewatermarket.com/cards/OGN-182?print_variation=foiled,foiled,,¥0.90,$0.69,OGN-182,Scrapheap OGN-182/298 Foiled CN ¥0.90 EN $0.69
2026-09-11T19:27:04+00:00,https://bilgewatermarket.com/cards,Scrapheap,nonfoil,0.10,https://bilgewatermarket.com/cards/OGN-182,normal,,¥0.51,$0.10,OGN-182,Scrapheap OGN-182/298 CN ¥0.51 EN $0.10
2026-09-11T19:27:04+00:00,https://bilgewatermarket.com/cards,Stacked Deck,foil,12.29,https://bilgewatermarket.com/cards/OGN-183?print_variation=foiled,foiled,,¥15.16,$12.29,OGN-183,Stacked Deck OGN-183/298 Foiled CN ¥15.16 EN $12.29
2026-09-11T19:27:04+00:00,https://bilgewatermarket.com/cards,Stacked Deck,nonfoil,9.28,https://bilgewatermarket.com/cards/OGN-183,normal,,¥11.26,$9.28,OGN-183,Stacked Deck OGN-183/298 CN ¥11.26 EN $9.28
2026-09-11T19:27:04+00:00,https://bilgewatermarket.com/cards,Stacked Deck,nonfoil,12.59,https://bilgewatermarket.com/cards/OGN-183?print_variation=promo,promo,,¥17.56,$12.59,OGN-183,Stacked Deck OGN-183/298 CN ¥17.56 EN $12.59
2026-09-11T19:27:04+00:00,https://bilgewatermarket.com/cards,The Syren,foil,0.60,https://bilgewatermarket.com/cards/OGN-184?print_variation=foiled,foiled,,¥1.31,$0.60,OGN-184,The Syren OGN-184/298 Foiled CN ¥1.31 EN $0.60
2026-09-11T19:27:04+00:00,https://bilgewatermarket.com/cards,The Syren,nonfoil,0.17,https://bilgewatermarket.com/cards/OGN-184,normal,,¥0.55,$0.17,OGN-184,The Syren OGN-184/298 CN ¥0.55 EN $0.17
2026-09-11T19:27:04+00:00,https://bilgewatermarket.com/cards,Traveling Merchant,foil,5.49,https://bilgewatermarket.com/cards/OGN-185?print_variation=foiled,foiled,,¥5.96,$5.49,OGN-185,Traveling Merchant OGN-185/298 Foiled CN ¥5.96 EN $5.49
2026-09-11T19:27:04+00:00,https://bilgewatermarket.com/cards,Traveling Merchant,nonfoil,0.25,https://bilgewatermarket.com/cards/OGN-185,normal,,¥0.75,$0.25,OGN-185,Traveling Merchant OGN-185/298 CN ¥0.75 EN $0.25
2026-09-11T19:27:04+00:00,https://bilgewatermarket.com/cards,Treasure Trove,foil,3.84,https://bilgewatermarket.com/cards/OGN-186?print_variation=foiled,foiled,,¥2.20,$3.84,OGN-186,Treasure Trove OGN-186/298 Foiled CN ¥2.20 EN $3.84
2026-09-11T19:27:04+00:00,https://bilgewatermarket.com/cards,Treasure Trove,nonfoil,0.49,https://bilgewatermarket.com/cards/OGN-186,normal,,¥0.95,$0.49,OGN-186,Treasure Trove OGN-186/298 CN ¥0.95 EN $0.49
2026-09-11T19:27:04+00:00,https://bilgewatermarket.com/cards,Whirlwind,foil,0.31,https://bilgewatermarket.com/cards/OGN-187?print_variation=foiled,foiled,,¥0.73,$0.31,OGN-187,Whirlwind OGN-187/298 Foiled CN ¥0.73 EN $0.31
2026-09-11T19:27:04+00:00,https://bilgewatermarket.com/cards,Whirlwind,nonfoil,0.13,https://bilgewatermarket.com/cards/OGN-187,normal,,¥0.50,$0.13,OGN-187,Whirlwind OGN-187/298 CN ¥0.50 EN $0.13
2026-09-11T19:27:04+00:00,https://bilgewatermarket.com/cards,Zaunite Bouncer,foil,0.30,https://bilgewatermarket.com/cards/OGN-188?print_variation=foiled,foiled,,¥0.50,$0.30,OGN-188,Zaunite Bouncer OGN-188/298 Foiled CN ¥0.50 EN $0.30
2026-09-11T19:27:04+00:00,https://bilgewatermarket.com/cards,Zaunite Bouncer,nonfoil,0.12,https://bilgewatermarket.com/cards/OGN-188,normal,,¥0.50,$0.12,OGN-188,Zaunite Bouncer OGN-188/298 CN ¥0.50 EN $0.12
2026-09-11T19:27:04+00:00,https://bilgewatermarket.com/cards,"Kayn, Unleashed",nonfoil,0.25,https://bilgewatermarket.com/cards/OGN-189,normal,,¥0.69,$0.25,OGN-189,"Kayn, Unleashed OGN-189/298 CN ¥0.69 EN $0.25"
2026-09-11T19:27:04+00:00,https://bilgewatermarket.com/cards,"Kog'Maw, Caustic",nonfoil,0.23,https://bilgewatermarket.com/cards/OGN-190,normal,,¥0.51,$0.23,OGN-190,"Kog'Maw, Caustic OGN-190/298 CN ¥0.51 EN $0.23"
2026-09-11T19:27:04+00:00,https://bilgewatermarket.com/cards,Maddened Marauder,nonfoil,0.27,https://bilgewatermarket.com/cards/OGN-191,normal,,¥0.51,$0.27,OGN-191,Maddened Marauder OGN-191/298 CN ¥0.51 EN $0.27
2026-09-11T19:27:04+00:00,https://bilgewatermarket.com/cards,Mindsplitter,nonfoil,0.84,https://bilgewatermarket.com/cards/OGN-192,normal,,¥5.87,$0.84,OGN-192,Mindsplitter OGN-192/298 CN ¥5.87 EN $0.84
2026-09-11T19:27:04+00:00,https://bilgewatermarket.com/cards,"Miss Fortune, Buccaneer",nonfoil,0.31,https://bilgewatermarket.com/cards/OGN-193,normal,,¥0.94,$0.31,OGN-193,"Miss Fortune, Buccaneer OGN-193/298 CN ¥0.94 EN $0.31"
2026-09-11T19:27:04+00:00,https://bilgewatermarket.com/cards,"Miss Fortune, Buccaneer",nonfoil,0.33,https://bilgewatermarket.com/cards/OGN-193?print_variation=promo[houston participation],promo[houston participation],,,$0.33,OGN-193,"Miss Fortune, Buccaneer OGN-193/298 EN $0.33"
2026-09-11T19:27:04+00:00,https://bilgewatermarket.com/cards,"Miss Fortune, Buccaneer",nonfoil,140.04,https://bilgewatermarket.com/cards/OGN-193?print_variation=promo[全国公开赛参赛纪念],promo[全国公开赛参赛纪念],,¥140.04,,OGN-193,"Miss Fortune, Buccaneer OGN-193/298 CN ¥140.04"
2026-09-11T19:27:04+00:00,https://bilgewatermarket.com/cards,"Miss Fortune, Buccaneer",nonfoil,5.32,https://bilgewatermarket.com/cards/OGN-193a?print_variation=promo[houston top 8],promo[houston top 8],,,$5.32,OGN-193a,"Miss Fortune, Buccaneer OGN-193a/298 EN $5.32"
2026-09-11T19:27:04+00:00,https://bilgewatermarket.com/cards,"Miss Fortune, Buccaneer",nonfoil,3385.30,https://bilgewatermarket.com/cards/OGN-193a?print_variation=promo[全国公开赛64强],promo[全国公开赛64强],,¥3385.30,,OGN-193a,"Miss Fortune, Buccaneer OGN-193a/298 CN ¥3385.30"
2026-09-11T19:27:04+00:00,https://bilgewatermarket.com/cards,"Miss Fortune, Buccaneer",nonfoil,3000.00,https://bilgewatermarket.com/cards/OGN-193a?print_variation=promo[北京32强],promo[北京32强],,¥3000.00,,OGN-193a,"Miss Fortune, Buccaneer OGN-193a/298 CN ¥3000.00"
2026-09-11T19:27:04+00:00,https://bilgewatermarket.com/cards,"Miss Fortune, Buccaneer",nonfoil,3000.00,https://bilgewatermarket.com/cards/OGN-193a?print_variation=promo[广州32强],promo[广州32强],,¥3000.00,,OGN-193a,"Miss Fortune, Buccaneer OGN-193a/298 CN ¥3000.00"
2026-09-11T19:27:04+00:00,https://bilgewatermarket.com/cards,"Miss Fortune, Buccaneer",nonfoil,1888.00,https://bilgewatermarket.com/cards/OGN-193a?print_variation=promo[杭州32强],promo[杭州32强],,¥1888.00,,OGN-193a,"Miss Fortune, Buccaneer OGN-193a/298 CN ¥1888.00"
2026-09-11T19:27:04+00:00,https://bilgewatermarket.com/cards,"Miss Fortune, Buccaneer",nonfoil,4.78,https://bilgewatermarket.com/cards/OGN-193a?print_variation=showcase,showcase,,¥3.34,$4.78,OGN-193a,"Miss Fortune, Buccaneer OGN-193a/298 Showcase CN ¥3.34 EN $4.78"
2026-09-11T19:27:04+00:00,https://bilgewatermarket.com/cards,"Miss Fortune, Buccaneer",nonfoil,64.60,https://bilgewatermarket.com/cards/OGN-193b?print_variation=promo[houston champion],promo[houston champion],,,$64.60,OGN-193b,"Miss Fortune, Buccaneer OGN-193b/298 EN $64.60"
2026-09-11T19:27:04+00:00,https://bilgewatermarket.com/cards,"Nocturne, Horrifying",nonfoil,3.69,https://bilgewatermarket.com/cards/OGN-194,normal,,¥2.59,$3.69,OGN-194,"Nocturne, Horrifying OGN-194/298 CN ¥2.59 EN $3.69"
2026-09-11T19:27:04+00:00,https://bilgewatermarket.com/cards,Rhasa the Sunderer,nonfoil,2.90,https://bilgewatermarket.com/cards/OGN-195,normal,,¥2.65,$2.90,OGN-195,Rhasa the Sunderer OGN-195/298 CN ¥2.65 EN $2.90
2026-09-11T19:27:04+00:00,https://bilgewatermarket.com/cards,Soulgorger,nonfoil,0.42,https://bilgewatermarket.com/cards/OGN-196,normal,,¥0.61,$0.42,OGN-196,Soulgorger OGN-196/298 CN ¥0.61 EN $0.42
2026-09-11T19:27:04+00:00,https://bilgewatermarket.com/cards,"Teemo, Scout",nonfoil,0.61,https://bilgewatermarket.com/cards/OGN-197,normal,,¥0.83,$0.61,OGN-197,"Teemo, Scout OGN-197/298 CN ¥0.83 EN $0.61"
2026-09-11T19:27:04+00:00,https://bilgewatermarket.com/cards,"Teemo, Scout",nonfoil,5.57,https://bilgewatermarket.com/cards/OGN-197?print_variation=promo,promo,,¥5.57,,OGN-197,"Teemo, Scout OGN-197/298 CN ¥5.57"
2026-09-11T19:27:04+00:00,https://bilgewatermarket.com/cards,"Teemo, Scout",nonfoil,13.82,https://bilgewatermarket.com/cards/OGN-197?print_variation=promo[origins store demo],promo[origins store demo],,,$13.82,OGN-197,"Teemo, Scout OGN-197/298 EN $13.82"
2026-09-11T19:27:04+00:00,https://bilgewatermarket.com/cards,"Teemo, Scout",nonfoil,14.97,https://bilgewatermarket.com/cards/OGN-197a?print_variation=showcase,showcase,,¥4.96,$14.97,OGN-197a,"Teemo, Scout OGN-197a/298 Showcase CN ¥4.96 EN $14.97"
2026-09-11T19:27:04+00:00,https://bilgewatermarket.com/cards,"Teemo, Scout",nonfoil,1409.63,https://bilgewatermarket.com/cards/OGN-197b?print_variation=promo,promo,,¥2227.50,$1409.63,OGN-197b,"Teemo, Scout OGN-197b/298 CN ¥2227.50 EN $1409.63"
2026-09-11T19:27:04+00:00,https://bilgewatermarket.com/cards,The Harrowing,nonfoil,0.61,https://bilgewatermarket.com/cards/OGN-198,normal,,¥0.69,$0.61,OGN-198,The Harrowing OGN-198/298 CN ¥0.69 EN $0.61
2026-09-11T19:27:04+00:00,https://bilgewatermarket.com/cards,Tideturner,nonfoil,2.85,https://bilgewatermarket.com/cards/OGN-199,normal,,¥16.87,$2.85,OGN-199,Tideturner OGN-199/298 CN ¥16.87 EN $2.85
2026-09-11T19:27:04+00:00,https://bilgewatermarket.com/cards,"Twisted Fate, Gambler",nonfoil,0.31,https://bilgewatermarket.com/cards/OGN-200,normal,,¥0.51,$0.31,OGN-200,"Twisted Fate, Gambler OGN-200/298 CN ¥0.51 EN $0.31"
2026-09-11T19:27:04+00:00,https://bilgewatermarket.com/cards,Invert Timelines,nonfoil,22.06,https://bilgewatermarket.com/cards/OGN-201,normal,,¥50.74,$22.06,OGN-201,Invert Timelines OGN-201/298 CN ¥50.74 EN $22.06
2026-09-11T19:27:04+00:00,https://bilgewatermarket.com/cards,"Jinx, Rebel",nonfoil,2.84,https://bilgewatermarket.com/cards/OGN-202,normal,,¥10.34,$2.84,OGN-202,"Jinx, Rebel OGN-202/298 CN ¥10.34 EN $2.84"
2026-09-11T19:27:04+00:00,https://bilgewatermarket.com/cards,"Jinx, Rebel",nonfoil,6.26,https://bilgewatermarket.com/cards/OGN-202?print_variation=promo,promo,,¥29.33,$6.26,OGN-202,"Jinx, Rebel OGN-202/298 CN ¥29.33 EN $6.26"
2026-09-11T19:27:04+00:00,https://bilgewatermarket.com/cards,"Jinx, Rebel",nonfoil,4.29,https://bilgewatermarket.com/cards/OGN-202a?print_variation=showcase,showcase,,¥2.20,$4.29,OGN-202a,"Jinx, Rebel OGN-202a/298 Showcase CN ¥2.20 EN $4.29"
2026-09-11T19:27:04+00:00,https://bilgewatermarket.com/cards,"Jinx, Rebel",nonfoil,233.17,https://bilgewatermarket.com/cards/OGN-202b?print_variation=promo,promo,,,$233.17,OGN-202b,"Jinx, Rebel OGN-202b/298 EN $233.17"
2026-09-11T19:27:04+00:00,https://bilgewatermarket.com/cards,Possession,nonfoil,0.88,https://bilgewatermarket.com/cards/OGN-203,normal,,¥4.25,$0.88,OGN-203,Possession OGN-203/298 CN ¥4.25 EN $0.88
2026-09-11T19:27:04+00:00,https://bilgewatermarket.com/cards,Seal of Discord,nonfoil,44.30,https://bilgewatermarket.com/cards/OGN-204,normal,,¥112.19,$44.30,OGN-204,Seal of Discord OGN-204/298 CN ¥112.19 EN $44.30
2026-09-11T19:27:04+00:00,https://bilgewatermarket.com/cards,"Yasuo, Windrider",nonfoil,1.33,https://bilgewatermarket.com/cards/OGN-205,normal,,¥1.40,$1.33,OGN-205,"Yasuo, Windrider OGN-205/298 CN ¥1.40 EN $1.33"
2026-09-11T19:27:04+00:00,https://bilgewatermarket.com/cards,"Yasuo, Windrider",nonfoil,3.38,https://bilgewatermarket.com/cards/OGN-205a?print_variation=showcase,showcase,,¥4.11,$3.38,OGN-205a,"Yasuo, Windrider OGN-205a/298 Showcase CN ¥4.11 EN $3.38"
2026-09-11T19:27:04+00:00,https://bilgewatermarket.com/cards,Back to Back,foil,0.18,https://bilgewatermarket.com/cards/OGN-206?print_variation=foiled,foiled,,¥0.50,$0.18,OGN-206,Back to Back OGN-206/298 Foiled CN ¥0.50 EN $0.18
2026-09-11T19:27:04+00:00,https://bilgewatermarket.com/cards,Back to Back,nonfoil,0.11,https://bilgewatermarket.com/cards/OGN-206,normal,,¥0.50,$0.11,OGN-206,Back to Back OGN-206/298 CN ¥0.50 EN $0.11
2026-09-11T19:27:04+00:00,https://bilgewatermarket.com/cards,Call to Glory,foil,0.55,https://bilgewatermarket.com/cards/OGN-207?print_variation=foiled,foiled,,¥1.13,$0.55,OGN-207,Call to Glory OGN-207/298 Foiled CN ¥1.13 EN $0.55
2026-09-11T19:27:04+00:00,https://bilgewatermarket.com/cards,Call to Glory,nonfoil,0.17,https://bilgewatermarket.com/cards/OGN-207,normal,,¥0.54,$0.17,OGN-207,Call to Glory OGN-207/298 CN ¥0.54 EN $0.17
2026-09-11T19:27:04+00:00,https://bilgewatermarket.com/cards,Cruel Patron,foil,0.20,https://bilgewatermarket.com/cards/OGN-208?print_variation=foiled,foiled,,¥0.50,$0.20,OGN-208,Cruel Patron OGN-208/298 Foiled CN ¥0.50 EN $0.20
2026-09-11T19:27:04+00:00,https://bilgewatermarket.com/cards,Cruel Patron,nonfoil,0.05,https://bilgewatermarket.com/cards/OGN-208,normal,,¥0.50,$0.05,OGN-208,Cruel Patron OGN-208/298 CN ¥0.50 EN $0.05
2026-09-11T19:27:04+00:00,https://bilgewatermarket.com/cards,Cull the Weak,foil,1.89,https://bilgewatermarket.com/cards/OGN-209?print_variation=foiled,foiled,,¥2.83,$1.89,OGN-209,Cull the Weak OGN-209/298 Foiled CN ¥2.83 EN $1.89
2026-09-11T19:27:04+00:00,https://bilgewatermarket.com/cards,Cull the Weak,nonfoil,0.42,https://bilgewatermarket.com/cards/OGN-209,normal,,¥0.56,$0.42,OGN-209,Cull the Weak OGN-209/298 CN ¥0.56 EN $0.42
2026-09-11T19:27:04+00:00,https://bilgewatermarket.com/cards,Daring Poro,foil,0.28,https://bilgewatermarket.com/cards/OGN-210?print_variation=foiled,foiled,,¥0.57,$0.28,OGN-210,Daring Poro OGN-210/298 Foiled CN ¥0.57 EN $0.28
2026-09-11T19:27:04+00:00,https://bilgewatermarket.com/cards,Daring Poro,nonfoil,0.10,https://bilgewatermarket.com/cards/OGN-210,normal,,¥0.50,$0.10,OGN-210,Daring Poro OGN-210/298 CN ¥0.50 EN $0.10
2026-09-11T19:27:04+00:00,https://bilgewatermarket.com/cards,Daring Poro,nonfoil,1.02,https://bilgewatermarket.com/cards/OGN-210?print_variation=promo,promo,,¥0.68,$1.02,OGN-210,Daring Poro OGN-210/298 CN ¥0.68 EN $1.02
2026-09-11T19:27:04+00:00,https://bilgewatermarket.com/cards,Faithful Manufactor,foil,0.29,https://bilgewatermarket.com/cards/OGN-211?print_variation=foiled,foiled,,¥0.95,$0.29,OGN-211,Faithful Manufactor OGN-211/298 Foiled CN ¥0.95 EN $0.29
2026-09-11T19:27:04+00:00,https://bilgewatermarket.com/cards,Faithful Manufactor,nonfoil,0.14,https://bilgewatermarket.com/cards/OGN-211,normal,,¥0.51,$0.14,OGN-211,Faithful Manufactor OGN-211/298 CN ¥0.51 EN $0.14
2026-09-11T19:27:04+00:00,https://bilgewatermarket.com/cards,Forge of the Future,foil,0.28,https://bilgewatermarket.com/cards/OGN-212?print_variation=foiled,foiled,,¥1.41,$0.28,OGN-212,Forge of the Future OGN-212/298 Foiled CN ¥1.41 EN $0.28
2026-09-11T19:27:04+00:00,https://bilgewatermarket.com/cards,Forge of the Future,nonfoil,0.15,https://bilgewatermarket.com/cards/OGN-212,normal,,¥0.53,$0.15,OGN-212,Forge of the Future OGN-212/298 CN ¥0.53 EN $0.15
2026-09-11T19:27:04+00:00,https://bilgewatermarket.com/cards,Hidden Blade,foil,3.11,https://bilgewatermarket.com/cards/OGN-213?print_variation=foiled,foiled,,¥4.77,$3.11,OGN-213,Hidden Blade OGN-213/298 Foiled CN ¥4.77 EN $3.11
2026-09-11T19:27:04+00:00,https://bilgewatermarket.com/cards,Hidden Blade,nonfoil,1.21,https://bilgewatermarket.com/cards/OGN-213,normal,,¥0.99,$1.21,OGN-213,Hidden Blade OGN-213/298 CN ¥0.99 EN $1.21
2026-09-11T19:27:04+00:00,https://bilgewatermarket.com/cards,Order Rune,nonfoil,0.11,https://bilgewatermarket.com/cards/OGN-214,normal,,¥0.55,$0.11,OGN-214,Order Rune OGN-214/298 CN ¥0.55 EN $0.11
2026-09-11T19:27:04+00:00,https://bilgewatermarket.com/cards,Order Rune,nonfoil,5.29,https://bilgewatermarket.com/cards/OGN-214a?print_variation=showcase,showcase,,¥31.41,$5.29,OGN-214a,Order Rune OGN-214a/298 Showcase CN ¥31.41 EN $5.29
2026-09-11T19:27:04+00:00,https://bilgewatermarket.com/cards,Order Rune,nonfoil,3.50,https://bilgewatermarket.com/cards/OGN-214b?print_variation=promo,promo,,¥14.16,$3.50,OGN-214b,Order Rune OGN-214b/298 CN ¥14.16 EN $3.50
2026-09-11T19:27:04+00:00,https://bilgewatermarket.com/cards,Petty Officer,foil,0.16,https://bilgewatermarket.com/cards/OGN-215?print_variation=foiled,foiled,,¥0.50,$0.16,OGN-215,Petty Officer OGN-215/298 Foiled CN ¥0.50 EN $0.16
2026-09-11T19:27:04+00:00,https://bilgewatermarket.com/cards,Petty Officer,nonfoil,0.04,https://bilgewatermarket.com/cards/OGN-215,normal,,¥0.50,$0.04,OGN-215,Petty Officer OGN-215/298 CN ¥0.50 EN $0.04
2026-09-11T19:27:04+00:00,https://bilgewatermarket.com/cards,Soaring Scout,foil,1.39,https://bilgewatermarket.com/cards/OGN-216?print_variation=foiled,foiled,,¥1.61,$1.39,OGN-216,Soaring Scout OGN-216/298 Foiled CN ¥1.61 EN $1.39
2026-09-11T19:27:04+00:00,https://bilgewatermarket.com/cards,Soaring Scout,nonfoil,0.15,https://bilgewatermarket.com/cards/OGN-216,normal,,¥0.51,$0.15,OGN-216,Soaring Scout OGN-216/298 CN ¥0.51 EN $0.15
2026-09-11T19:27:04+00:00,https://bilgewatermarket.com/cards,Trifarian Gloryseeker,foil,0.23,https://bilgewatermarket.com/cards/OGN-217?print_variation=foiled,foiled,,¥0.53,$0.23,OGN-217,Trifarian Gloryseeker OGN-217/298 Foiled CN ¥0.53 EN $0.23
2026-09-11T19:27:04+00:00,https://bilgewatermarket.com/cards,Trifarian Gloryseeker,nonfoil,0.07,https://bilgewatermarket.com/cards/OGN-217,normal,,¥0.50,$0.07,OGN-217,Trifarian Gloryseeker OGN-217/298 CN ¥0.50 EN $0.07
2026-09-11T19:27:04+00:00,https://bilgewatermarket.com/cards,Vanguard Captain,foil,0.27,https://bilgewatermarket.com/cards/OGN-218?print_variation=foiled,foiled,,¥1.26,$0.27,OGN-218,Vanguard Captain OGN-218/298 Foiled CN ¥1.26 EN $0.27
2026-09-11T19:27:04+00:00,https://bilgewatermarket.com/cards,Vanguard Captain,nonfoil,0.21,https://bilgewatermarket.com/cards/OGN-218,normal,,¥0.50,$0.21,OGN-218,Vanguard Captain OGN-218/298 CN ¥0.50 EN $0.21
2026-09-11T19:27:04+00:00,https://bilgewatermarket.com/cards,Vanguard Captain,nonfoil,0.34,https://bilgewatermarket.com/cards/OGN-218?print_variation=promo,promo,,¥1.55,$0.34,OGN-218,Vanguard Captain OGN-218/298 CN ¥1.55 EN $0.34
2026-09-11T19:27:04+00:00,https://bilgewatermarket.com/cards,Vanguard Sergeant,foil,0.17,https://bilgewatermarket.com/cards/OGN-219?print_variation=foiled,foiled,,¥0.50,$0.17,OGN-219,Vanguard Sergeant OGN-219/298 Foiled CN ¥0.50 EN $0.17
2026-09-11T19:27:04+00:00,https://bilgewatermarket.com/cards,Vanguard Sergeant,nonfoil,0.04,https://bilgewatermarket.com/cards/OGN-219,normal,,¥0.50,$0.04,OGN-219,Vanguard Sergeant OGN-219/298 CN ¥0.50 EN $0.04
2026-09-11T19:27:04+00:00,https://bilgewatermarket.com/cards,Facebreaker,foil,0.39,https://bilgewatermarket.com/cards/OGN-220?print_variation=foiled,foiled,,¥2.74,$0.39,OGN-220,Facebreaker OGN-220/298 Foiled CN ¥2.74 EN $0.39
2026-09-11T19:27:04+00:00,https://bilgewatermarket.com/cards,Facebreaker,nonfoil,0.21,https://bilgewatermarket.com/cards/OGN-220,normal,,¥0.99,$0.21,OGN-220,Facebreaker OGN-220/298 CN ¥0.99 EN $0.21
2026-09-11T19:27:04+00:00,https://bilgewatermarket.com/cards,Imperial Decree,foil,1.32,https://bilgewatermarket.com/cards/OGN-221?print_variation=foiled,foiled,,¥3.52,$1.32,OGN-221,Imperial Decree OGN-221/298 Foiled CN ¥3.52 EN $1.32
2026-09-11T19:27:04+00:00,https://bilgewatermarket.com/cards,Imperial Decree,nonfoil,0.64,https://bilgewatermarket.com/cards/OGN-221,normal,,¥2.04,$0.64,OGN-221,Imperial Decree OGN-221/298 CN ¥2.04 EN $0.64
2026-09-11T19:27:04+00:00,https://bilgewatermarket.com/cards,Noxian Drummer,foil,0.33,https://bilgewatermarket.com/cards/OGN-222?print_variation=foiled,foiled,,¥1.17,$0.33,OGN-222,Noxian Drummer OGN-222/298 Foiled CN ¥1.17 EN $0.33
2026-09-11T19:27:04+00:00,https://bilgewatermarket.com/cards,Noxian Drummer,nonfoil,0.14,https://bilgewatermarket.com/cards/OGN-222,normal,,¥0.52,$0.14,OGN-222,Noxian Drummer OGN-222/298 CN ¥0.52 EN $0.14
2026-09-11T19:27:04+00:00,https://bilgewatermarket.com/cards,Peak Guardian,foil,0.28,https://bilgewatermarket.com/cards/OGN-223?print_variation=foiled,foiled,,¥0.50,$0.28,OGN-223,Peak Guardian OGN-223/298 Foiled CN ¥0.50 EN $0.28
2026-09-11T19:27:04+00:00,https://bilgewatermarket.com/cards,Peak Guardian,nonfoil,0.09,https://bilgewatermarket.com/cards/OGN-223,normal,,¥0.50,$0.09,OGN-223,Peak Guardian OGN-223/298 CN ¥0.50 EN $0.09
2026-09-11T19:27:04+00:00,https://bilgewatermarket.com/cards,Salvage,foil,9.02,https://bilgewatermarket.com/cards/OGN-224?print_variation=foiled,foiled,,¥13.64,$9.02,OGN-224,Salvage OGN-224/298 Foiled CN ¥13.64 EN $9.02
2026-09-11T19:27:04+00:00,https://bilgewatermarket.com/cards,Salvage,nonfoil,5.19,https://bilgewatermarket.com/cards/OGN-224,normal,,¥6.63,$5.19,OGN-224,Salvage OGN-224/298 CN ¥6.63 EN $5.19
2026-09-11T19:27:04+00:00,https://bilgewatermarket.com/cards,Solari Chief,foil,0.31,https://bilgewatermarket.com/cards/OGN-225?print_variation=foiled,foiled,,¥0.53,$0.31,OGN-225,Solari Chief OGN-225/298 Foiled CN ¥0.53 EN $0.31
2026-09-11T19:27:04+00:00,https://bilgewatermarket.com/cards,Solari Chief,nonfoil,0.17,https://bilgewatermarket.com/cards/OGN-225,normal,,¥0.50,$0.17,OGN-225,Solari Chief OGN-225/298 CN ¥0.50 EN $0.17
2026-09-11T19:27:04+00:00,https://bilgewatermarket.com/cards,Spectral Matron,foil,2.24,https://bilgewatermarket.com/cards/OGN-226?print_variation=foiled,foiled,,¥2.86,$2.24,OGN-226,Spectral Matron OGN-226/298 Foiled CN ¥2.86 EN $2.24
2026-09-11T19:27:04+00:00,https://bilgewatermarket.com/cards,Spectral Matron,nonfoil,0.32,https://bilgewatermarket.com/cards/OGN-226,normal,,¥1.04,$0.32,OGN-226,Spectral Matron OGN-226/298 CN ¥1.04 EN $0.32
2026-09-11T19:27:04+00:00,https://bilgewatermarket.com/cards,Symbol of the Solari,foil,0.25,https://bilgewatermarket.com/cards/OGN-227?print_variation=foiled,foiled,,¥0.50,$0.25,OGN-227,Symbol of the Solari OGN-227/298 Foiled CN ¥0.50 EN $0.25
2026-09-11T19:27:04+00:00,https://bilgewatermarket.com/cards,Symbol of the Solari,nonfoil,0.08,https://bilgewatermarket.com/cards/OGN-227,normal,,¥0.50,$0.08,OGN-227,Symbol of the Solari OGN-227/298 CN ¥0.50 EN $0.08
2026-09-11T19:27:04+00:00,https://bilgewatermarket.com/cards,Vanguard Helm,foil,0.25,https://bilgewatermarket.com/cards/OGN-228?print_variation=foiled,foiled,,¥0.51,$0.25,OGN-228,Vanguard Helm OGN-228/298 Foiled CN ¥0.51 EN $0.25
2026-09-11T19:27:04+00:00,https://bilgewatermarket.com/cards,Vanguard Helm,nonfoil,0.07,https://bilgewatermarket.com/cards/OGN-228,normal,,¥0.50,$0.07,OGN-228,Vanguard Helm OGN-228/298 CN ¥0.50 EN $0.07
2026-09-11T19:27:04+00:00,https://bilgewatermarket.com/cards,Vengeance,foil,0.49,https://bilgewatermarket.com/cards/OGN-229?print_variation=foiled,foiled,,¥1.53,$0.49,OGN-229,Vengeance OGN-229/298 Foiled CN ¥1.53 EN $0.49
2026-09-11T19:27:04+00:00,https://bilgewatermarket.com/cards,Vengeance,nonfoil,0.22,https://bilgewatermarket.com/cards/OGN-229,normal,,¥0.53,$0.22,OGN-229,Vengeance OGN-229/298 CN ¥0.53 EN $0.22
2026-09-11T19:27:04+00:00,https://bilgewatermarket.com/cards,Vengeance,nonfoil,0.34,https://bilgewatermarket.com/cards/OGN-229?print_variation=promo,promo,,¥0.98,$0.34,OGN-229,Vengeance OGN-229/298 CN ¥0.98 EN $0.34
2026-09-11T19:27:04+00:00,https://bilgewatermarket.com/cards,Albus Ferros,nonfoil,0.14,https://bilgewatermarket.com/cards/OGN-230,normal,,¥0.50,$0.14,OGN-230,Albus Ferros OGN-230/298 CN ¥0.50 EN $0.14
2026-09-11T19:27:04+00:00,https://bilgewatermarket.com/cards,Commander Ledros,nonfoil,0.25,https://bilgewatermarket.com/cards/OGN-231,normal,,¥0.51,$0.25,OGN-231,Commander Ledros OGN-231/298 CN ¥0.51 EN $0.25
2026-09-11T19:27:04+00:00,https://bilgewatermarket.com/cards,"Fiora, Victorious",nonfoil,1.29,https://bilgewatermarket.com/cards/OGN-232,normal,,¥4.71,$1.29,OGN-232,"Fiora, Victorious OGN-232/298 CN ¥4.71 EN $1.29"
2026-09-11T19:27:04+00:00,https://bilgewatermarket.com/cards,Grand Strategem,nonfoil,0.42,https://bilgewatermarket.com/cards/OGN-233,normal,,¥1.85,$0.42,OGN-233,Grand Strategem OGN-233/298 CN ¥1.85 EN $0.42
2026-09-11T19:27:04+00:00,https://bilgewatermarket.com/cards,Harnessed Dragon,nonfoil,2.00,https://bilgewatermarket.com/cards/OGN-234,normal,,¥2.27,$2.00,OGN-234,Harnessed Dragon OGN-234/298 CN ¥2.27 EN $2.00
2026-09-11T19:27:04+00:00,https://bilgewatermarket.com/cards,"Karma, Channeler",nonfoil,0.31,https://bilgewatermarket.com/cards/OGN-235,normal,,¥0.52,$0.31,OGN-235,"Karma, Channeler OGN-235/298 CN ¥0.52 EN $0.31"
2026-09-11T19:27:04+00:00,https://bilgewatermarket.com/cards,"Karthus, Eternal",nonfoil,1.78,https://bilgewatermarket.com/cards/OGN-236,normal,,¥2.28,$1.78,OGN-236,"Karthus, Eternal OGN-236/298 CN ¥2.28 EN $1.78"
2026-09-11T19:27:04+00:00,https://bilgewatermarket.com/cards,King's Edict,nonfoil,0.18,https://bilgewatermarket.com/cards/OGN-237,normal,,¥0.55,$0.18,OGN-237,King's Edict OGN-237/298 CN ¥0.55 EN $0.18
2026-09-11T19:27:04+00:00,https://bilgewatermarket.com/cards,"Leona, Determined",nonfoil,0.37,https://bilgewatermarket.com/cards/OGN-238,normal,,¥0.75,$0.37,OGN-238,"Leona, Determined OGN-238/298 CN ¥0.75 EN $0.37"
2026-09-11T19:27:04+00:00,https://bilgewatermarket.com/cards,"Leona, Determined",nonfoil,2.81,https://bilgewatermarket.com/cards/OGN-238a?print_variation=showcase,showcase,,¥4.17,$2.81,OGN-238a,"Leona, Determined OGN-238a/298 Showcase CN ¥4.17 EN $2.81"
2026-09-11T19:27:04+00:00,https://bilgewatermarket.com/cards,Machine Evangel,nonfoil,0.29,https://bilgewatermarket.com/cards/OGN-239,normal,,¥1.43,$0.29,OGN-239,Machine Evangel OGN-239/298 CN ¥1.43 EN $0.29
2026-09-11T19:27:04+00:00,https://bilgewatermarket.com/cards,"Sett, Kingpin",nonfoil,0.30,https://bilgewatermarket.com/cards/OGN-240,normal,,¥0.54,$0.30,OGN-240,"Sett, Kingpin OGN-240/298 CN ¥0.54 EN $0.30"
2026-09-11T19:27:04+00:00,https://bilgewatermarket.com/cards,"Sett, Kingpin",nonfoil,1.22,https://bilgewatermarket.com/cards/OGN-240a?print_variation=showcase,showcase,,¥3.65,$1.22,OGN-240a,"Sett, Kingpin OGN-240a/298 Showcase CN ¥3.65 EN $1.22"
2026-09-11T19:27:05+00:00,https://bilgewatermarket.com/cards,"Shen, Kinkou",nonfoil,0.65,https://bilgewatermarket.com/cards/OGN-241,normal,,¥1.50,$0.65,OGN-241,"Shen, Kinkou OGN-241/298 CN ¥1.50 EN $0.65"
2026-09-11T19:27:05+00:00,https://bilgewatermarket.com/cards,Baited Hook,nonfoil,41.80,https://bilgewatermarket.com/cards/OGN-242,normal,,¥75.31,$41.80,OGN-242,Baited Hook OGN-242/298 CN ¥75.31 EN $41.80
2026-09-11T19:27:05+00:00,https://bilgewatermarket.com/cards,"Darius, Executioner",nonfoil,0.79,https://bilgewatermarket.com/cards/OGN-243,normal,,¥1.00,$0.79,OGN-243,"Darius, Executioner OGN-243/298 CN ¥1.00 EN $0.79"
2026-09-11T19:27:05+00:00,https://bilgewatermarket.com/cards,"Darius, Executioner",nonfoil,3.08,https://bilgewatermarket.com/cards/OGN-243a?print_variation=showcase,showcase,,¥3.33,$3.08,OGN-243a,"Darius, Executioner OGN-243a/298 Showcase CN ¥3.33 EN $3.08"
2026-09-11T19:27:05+00:00,https://bilgewatermarket.com/cards,Divine Judgment,nonfoil,6.24,https://bilgewatermarket.com/cards/OGN-244,normal,,¥16.49,$6.24,OGN-244,Divine Judgment OGN-244/298 CN ¥16.49 EN $6.24
2026-09-11T19:27:05+00:00,https://bilgewatermarket.com/cards,Seal of Unity,nonfoil,16.35,https://bilgewatermarket.com/cards/OGN-245,normal,,¥60.36,$16.35,OGN-245,Seal of Unity OGN-245/298 CN ¥60.36 EN $16.35
2026-09-11T19:27:05+00:00,https://bilgewatermarket.com/cards,"Viktor, Leader",nonfoil,2.75,https://bilgewatermarket.com/cards/OGN-246,normal,,¥2.78,$2.75,OGN-246,"Viktor, Leader OGN-246/298 CN ¥2.78 EN $2.75"
2026-09-11T19:27:05+00:00,https://bilgewatermarket.com/cards,"Viktor, Leader",nonfoil,6.13,https://bilgewatermarket.com/cards/OGN-246?print_variation=promo,promo,,¥9.86,$6.13,OGN-246,"Viktor, Leader OGN-246/298 CN ¥9.86 EN $6.13"
2026-09-11T19:27:05+00:00,https://bilgewatermarket.com/cards,"Viktor, Leader",nonfoil,3.01,https://bilgewatermarket.com/cards/OGN-246a?print_variation=showcase,showcase,,¥3.77,$3.01,OGN-246a,"Viktor, Leader OGN-246a/298 Showcase CN ¥3.77 EN $3.01"
2026-09-11T19:27:05+00:00,https://bilgewatermarket.com/cards,"Viktor, Leader",nonfoil,58.50,https://bilgewatermarket.com/cards/OGN-246b?print_variation=promo,promo,,,$58.50,OGN-246b,"Viktor, Leader OGN-246b/298 EN $58.50"
2026-09-11T19:27:05+00:00,https://bilgewatermarket.com/cards,"Kai'Sa, Daughter of the Void",nonfoil,0.34,https://bilgewatermarket.com/cards/OGN-247,normal,,¥0.67,$0.34,OGN-247,"Kai'Sa, Daughter of the Void OGN-247/298 CN ¥0.67 EN $0.34"
2026-09-11T19:27:05+00:00,https://bilgewatermarket.com/cards,"Kai'Sa, Daughter of the Void",nonfoil,0.40,https://bilgewatermarket.com/cards/OGN-247?print_variation=promo,promo,,¥21.78,$0.40,OGN-247,"Kai'Sa, Daughter of the Void OGN-247/298 CN ¥21.78 EN $0.40"
2026-09-11T19:27:05+00:00,https://bilgewatermarket.com/cards,Icathian Rain,nonfoil,3.69,https://bilgewatermarket.com/cards/OGN-248,normal,,¥9.30,$3.69,OGN-248,Icathian Rain OGN-248/298 CN ¥9.30 EN $3.69
2026-09-11T19:27:05+00:00,https://bilgewatermarket.com/cards,"Volibear, Relentless Storm",nonfoil,0.26,https://bilgewatermarket.com/cards/OGN-249,normal,,¥0.50,$0.26,OGN-249,"Volibear, Relentless Storm OGN-249/298 CN ¥0.50 EN $0.26"
2026-09-11T19:27:05+00:00,https://bilgewatermarket.com/cards,"Volibear, Relentless Storm",nonfoil,0.27,https://bilgewatermarket.com/cards/OGN-249?print_variation=promo,promo,,¥6.20,$0.27,OGN-249,"Volibear, Relentless Storm OGN-249/298 CN ¥6.20 EN $0.27"
2026-09-11T19:27:05+00:00,https://bilgewatermarket.com/cards,Stormbringer,nonfoil,2.23,https://bilgewatermarket.com/cards/OGN-250,normal,,¥1.82,$2.23,OGN-250,Stormbringer OGN-250/298 CN ¥1.82 EN $2.23
2026-09-11T19:27:05+00:00,https://bilgewatermarket.com/cards,"Jinx, Loose Cannon",nonfoil,0.30,https://bilgewatermarket.com/cards/OGN-251,normal,,¥0.73,$0.30,OGN-251,"Jinx, Loose Cannon OGN-251/298 CN ¥0.73 EN $0.30"
2026-09-11T19:27:05+00:00,https://bilgewatermarket.com/cards,"Jinx, Loose Cannon",nonfoil,0.23,https://bilgewatermarket.com/cards/OGN-251?print_variation=promo,promo,,¥183.28,$0.23,OGN-251,"Jinx, Loose Cannon OGN-251/298 CN ¥183.28 EN $0.23"
2026-09-11T19:27:05+00:00,https://bilgewatermarket.com/cards,Super Mega Death Rocket!,nonfoil,5.62,https://bilgewatermarket.com/cards/OGN-252,normal,,¥3.37,$5.62,OGN-252,Super Mega Death Rocket! OGN-252/298 CN ¥3.37 EN $5.62
2026-09-11T19:27:05+00:00,https://bilgewatermarket.com/cards,"Darius, Hand of Noxus",nonfoil,0.21,https://bilgewatermarket.com/cards/OGN-253,normal,,¥0.54,$0.21,OGN-253,"Darius, Hand of Noxus OGN-253/298 CN ¥0.54 EN $0.21"
2026-09-11T19:27:05+00:00,https://bilgewatermarket.com/cards,"Darius, Hand of Noxus",nonfoil,0.24,https://bilgewatermarket.com/cards/OGN-253?print_variation=promo,promo,,¥5.40,$0.24,OGN-253,"Darius, Hand of Noxus OGN-253/298 CN ¥5.40 EN $0.24"
2026-09-11T19:27:05+00:00,https://bilgewatermarket.com/cards,Noxian Guillotine,nonfoil,0.83,https://bilgewatermarket.com/cards/OGN-254,normal,,¥1.09,$0.83,OGN-254,Noxian Guillotine OGN-254/298 CN ¥1.09 EN $0.83
2026-09-11T19:27:05+00:00,https://bilgewatermarket.com/cards,"Ahri, Nine-Tailed Fox",nonfoil,2.38,https://bilgewatermarket.com/cards/OGN-255,normal,,¥0.67,$2.38,OGN-255,"Ahri, Nine-Tailed Fox OGN-255/298 CN ¥0.67 EN $2.38"
2026-09-11T19:27:05+00:00,https://bilgewatermarket.com/cards,"Ahri, Nine-Tailed Fox",nonfoil,1.53,https://bilgewatermarket.com/cards/OGN-255?print_variation=promo,promo,,¥47.47,$1.53,OGN-255,"Ahri, Nine-Tailed Fox OGN-255/298 CN ¥47.47 EN $1.53"
2026-09-11T19:27:05+00:00,https://bilgewatermarket.com/cards,Fox-Fire,nonfoil,3.74,https://bilgewatermarket.com/cards/OGN-256,normal,,¥3.25,$3.74,OGN-256,Fox-Fire OGN-256/298 CN ¥3.25 EN $3.74
2026-09-11T19:27:05+00:00,https://bilgewatermarket.com/cards,"Lee Sin, Blind Monk",nonfoil,0.17,https://bilgewatermarket.com/cards/OGN-257,normal,,¥0.50,$0.17,OGN-257,"Lee Sin, Blind Monk OGN-257/298 CN ¥0.50 EN $0.17"
2026-09-11T19:27:05+00:00,https://bilgewatermarket.com/cards,"Lee Sin, Blind Monk",nonfoil,0.25,https://bilgewatermarket.com/cards/OGN-257?print_variation=promo,promo,,¥5.49,$0.25,OGN-257,"Lee Sin, Blind Monk OGN-257/298 CN ¥5.49 EN $0.25"
2026-09-11T19:27:05+00:00,https://bilgewatermarket.com/cards,Dragon's Rage,nonfoil,0.91,https://bilgewatermarket.com/cards/OGN-258,normal,,¥1.04,$0.91,OGN-258,Dragon's Rage OGN-258/298 CN ¥1.04 EN $0.91
2026-09-11T19:27:05+00:00,https://bilgewatermarket.com/cards,"Yasuo, Unforgiven",nonfoil,0.28,https://bilgewatermarket.com/cards/OGN-259,normal,,¥0.51,$0.28,OGN-259,"Yasuo, Unforgiven OGN-259/298 CN ¥0.51 EN $0.28"
2026-09-11T19:27:05+00:00,https://bilgewatermarket.com/cards,"Yasuo, Unforgiven",nonfoil,0.30,https://bilgewatermarket.com/cards/OGN-259?print_variation=promo,promo,,¥11.60,$0.30,OGN-259,"Yasuo, Unforgiven OGN-259/298 CN ¥11.60 EN $0.30"
2026-09-11T19:27:05+00:00,https://bilgewatermarket.com/cards,Last Breath,nonfoil,1.85,https://bilgewatermarket.com/cards/OGN-260,normal,,¥2.15,$1.85,OGN-260,Last Breath OGN-260/298 CN ¥2.15 EN $1.85
2026-09-11T19:27:05+00:00,https://bilgewatermarket.com/cards,"Leona, Radiant Dawn",nonfoil,0.28,https://bilgewatermarket.com/cards/OGN-261,normal,,¥0.51,$0.28,OGN-261,"Leona, Radiant Dawn OGN-261/298 CN ¥0.51 EN $0.28"
2026-09-11T19:27:05+00:00,https://bilgewatermarket.com/cards,"Leona, Radiant Dawn",nonfoil,0.28,https://bilgewatermarket.com/cards/OGN-261?print_variation=promo,promo,,¥5.24,$0.28,OGN-261,"Leona, Radiant Dawn OGN-261/298 CN ¥5.24 EN $0.28"
2026-09-11T19:27:05+00:00,https://bilgewatermarket.com/cards,Zenith Blade,nonfoil,5.81,https://bilgewatermarket.com/cards/OGN-262,normal,,¥3.95,$5.81,OGN-262,Zenith Blade OGN-262/298 CN ¥3.95 EN $5.81
2026-09-11T19:27:05+00:00,https://bilgewatermarket.com/cards,"Teemo, Swift Scout",nonfoil,0.33,https://bilgewatermarket.com/cards/OGN-263,normal,,¥0.69,$0.33,OGN-263,"Teemo, Swift Scout OGN-263/298 CN ¥0.69 EN $0.33"
2026-09-11T19:27:05+00:00,https://bilgewatermarket.com/cards,"Teemo, Swift Scout",nonfoil,0.38,https://bilgewatermarket.com/cards/OGN-263?print_variation=promo,promo,,¥44.83,$0.38,OGN-263,"Teemo, Swift Scout OGN-263/298 CN ¥44.83 EN $0.38"
2026-09-11T19:27:05+00:00,https://bilgewatermarket.com/cards,"Teemo, Swift Scout",nonfoil,684.50,https://bilgewatermarket.com/cards/OGN-263a?print_variation=promo,promo,,¥435.00,$684.50,OGN-263a,"Teemo, Swift Scout OGN-263a/298 CN ¥435.00 EN $684.50"
2026-09-11T19:27:05+00:00,https://bilgewatermarket.com/cards,Guerilla Warfare,nonfoil,4.69,https://bilgewatermarket.com/cards/OGN-264,normal,,¥4.13,$4.69,OGN-264,Guerilla Warfare OGN-264/298 CN ¥4.13 EN $4.69
2026-09-11T19:27:05+00:00,https://bilgewatermarket.com/cards,"Viktor, Herald of the Arcane",nonfoil,0.30,https://bilgewatermarket.com/cards/OGN-265,normal,,¥0.54,$0.30,OGN-265,"Viktor, Herald of the Arcane OGN-265/298 CN ¥0.54 EN $0.30"
2026-09-11T19:27:05+00:00,https://bilgewatermarket.com/cards,"Viktor, Herald of the Arcane",nonfoil,0.24,https://bilgewatermarket.com/cards/OGN-265?print_variation=promo,promo,,¥122.82,$0.24,OGN-265,"Viktor, Herald of the Arcane OGN-265/298 CN ¥122.82 EN $0.24"
2026-09-11T19:27:05+00:00,https://bilgewatermarket.com/cards,Siphon Power,nonfoil,1.26,https://bilgewatermarket.com/cards/OGN-266,normal,,¥1.61,$1.26,OGN-266,Siphon Power OGN-266/298 CN ¥1.61 EN $1.26
2026-09-11T19:27:05+00:00,https://bilgewatermarket.com/cards,"Miss Fortune, Bounty Hunter",nonfoil,0.31,https://bilgewatermarket.com/cards/OGN-267,normal,,¥0.52,$0.31,OGN-267,"Miss Fortune, Bounty Hunter OGN-267/298 CN ¥0.52 EN $0.31"
2026-09-11T19:27:05+00:00,https://bilgewatermarket.com/cards,"Miss Fortune, Bounty Hunter",nonfoil,0.35,https://bilgewatermarket.com/cards/OGN-267?print_variation=promo,promo,,¥21.99,$0.35,OGN-267,"Miss Fortune, Bounty Hunter OGN-267/298 CN ¥21.99 EN $0.35"
2026-09-11T19:27:05+00:00,https://bilgewatermarket.com/cards,Bullet Time,nonfoil,3.28,https://bilgewatermarket.com/cards/OGN-268,normal,,¥3.93,$3.28,OGN-268,Bullet Time OGN-268/298 CN ¥3.93 EN $3.28
2026-09-11T19:27:05+00:00,https://bilgewatermarket.com/cards,"Sett, The Boss",nonfoil,0.28,https://bilgewatermarket.com/cards/OGN-269,normal,,¥0.53,$0.28,OGN-269,"Sett, The Boss OGN-269/298 CN ¥0.53 EN $0.28"
2026-09-11T19:27:05+00:00,https://bilgewatermarket.com/cards,"Sett, The Boss",nonfoil,0.36,https://bilgewatermarket.com/cards/OGN-269?print_variation=promo,promo,,¥5.69,$0.36,OGN-269,"Sett, The Boss OGN-269/298 CN ¥5.69 EN $0.36"
2026-09-11T19:27:05+00:00,https://bilgewatermarket.com/cards,Showstopper,nonfoil,5.77,https://bilgewatermarket.com/cards/OGN-270,normal,,¥10.32,$5.77,OGN-270,Showstopper OGN-270/298 CN ¥10.32 EN $5.77
2026-09-11T19:27:05+00:00,https://bilgewatermarket.com/cards,Recruit (DE),nonfoil,0.14,https://bilgewatermarket.com/cards/OGN-271,normal,,¥0.51,$0.14,OGN-271,Recruit (DE) OGN-271/298 CN ¥0.51 EN $0.14
2026-09-11T19:27:05+00:00,https://bilgewatermarket.com/cards,Recruit,nonfoil,90.62,https://bilgewatermarket.com/cards/OGN-271a?print_variation=promo,promo,,¥90.62,,OGN-271a,Recruit OGN-271a/298 CN ¥90.62
2026-09-11T19:27:05+00:00,https://bilgewatermarket.com/cards,Recruit (NX),nonfoil,0.13,https://bilgewatermarket.com/cards/OGN-272,normal,,¥0.52,$0.13,OGN-272,Recruit (NX) OGN-272/298 CN ¥0.52 EN $0.13
2026-09-11T19:27:05+00:00,https://bilgewatermarket.com/cards,Recruit (ZN),nonfoil,0.19,https://bilgewatermarket.com/cards/OGN-273,normal,,¥0.53,$0.19,OGN-273,Recruit (ZN) OGN-273/298 CN ¥0.53 EN $0.19
2026-09-11T19:27:05+00:00,https://bilgewatermarket.com/cards,Sprite,nonfoil,0.13,https://bilgewatermarket.com/cards/OGN-274,normal,,¥0.58,$0.13,OGN-274,Sprite OGN-274/298 CN ¥0.58 EN $0.13
2026-09-11T19:27:05+00:00,https://bilgewatermarket.com/cards,Altar to Unity,foil,0.39,https://bilgewatermarket.com/cards/OGN-275?print_variation=foiled,foiled,,¥0.94,$0.39,OGN-275,Altar to Unity OGN-275/298 Foiled CN ¥0.94 EN $0.39
2026-09-11T19:27:05+00:00,https://bilgewatermarket.com/cards,Altar to Unity,nonfoil,0.10,https://bilgewatermarket.com/cards/OGN-275,normal,,¥0.55,$0.10,OGN-275,Altar to Unity OGN-275/298 CN ¥0.55 EN $0.10
2026-09-11T19:27:05+00:00,https://bilgewatermarket.com/cards,Altar to Unity,nonfoil,0.39,https://bilgewatermarket.com/cards/OGN-275a?print_variation=promo[teamfight tactics paris open],promo[teamfight tactics paris open],,,$0.39,OGN-275a,Altar to Unity OGN-275a/298 EN $0.39
2026-09-11T19:27:05+00:00,https://bilgewatermarket.com/cards,Aspirant's Climb,foil,1.29,https://bilgewatermarket.com/cards/OGN-276?print_variation=foiled,foiled,,¥2.50,$1.29,OGN-276,Aspirant's Climb OGN-276/298 Foiled CN ¥2.50 EN $1.29
2026-09-11T19:27:05+00:00,https://bilgewatermarket.com/cards,Aspirant's Climb,nonfoil,0.22,https://bilgewatermarket.com/cards/OGN-276,normal,,¥0.53,$0.22,OGN-276,Aspirant's Climb OGN-276/298 CN ¥0.53 EN $0.22
2026-09-11T19:27:05+00:00,https://bilgewatermarket.com/cards,Aspirant's Climb,nonfoil,53.40,https://bilgewatermarket.com/cards/OGN-276a?print_variation=showcase,showcase,,¥86.15,$53.40,OGN-276a,Aspirant's Climb OGN-276a/298 Showcase CN ¥86.15 EN $53.40
2026-09-11T19:27:05+00:00,https://bilgewatermarket.com/cards,Back-Alley Bar,foil,0.47,https://bilgewatermarket.com/cards/OGN-277?print_variation=foiled,foiled,,¥1.18,$0.47,OGN-277,Back-Alley Bar OGN-277/298 Foiled CN ¥1.18 EN $0.47
2026-09-11T19:27:05+00:00,https://bilgewatermarket.com/cards,Back-Alley Bar,nonfoil,0.18,https://bilgewatermarket.com/cards/OGN-277,normal,,¥0.59,$0.18,OGN-277,Back-Alley Bar OGN-277/298 CN ¥0.59 EN $0.18
2026-09-11T19:27:05+00:00,https://bilgewatermarket.com/cards,Bandle Tree,foil,0.51,https://bilgewatermarket.com/cards/OGN-278?print_variation=foiled,foiled,,¥1.07,$0.51,OGN-278,Bandle Tree OGN-278/298 Foiled CN ¥1.07 EN $0.51
2026-09-11T19:27:05+00:00,https://bilgewatermarket.com/cards,Bandle Tree,nonfoil,0.19,https://bilgewatermarket.com/cards/OGN-278,normal,,¥0.52,$0.19,OGN-278,Bandle Tree OGN-278/298 CN ¥0.52 EN $0.19
2026-09-11T19:27:05+00:00,https://bilgewatermarket.com/cards,Bandle Tree,nonfoil,59.42,https://bilgewatermarket.com/cards/OGN-278a?print_variation=showcase,showcase,,¥134.20,$59.42,OGN-278a,Bandle Tree OGN-278a/298 Showcase CN ¥134.20 EN $59.42
2026-09-11T19:27:05+00:00,https://bilgewatermarket.com/cards,Fortified Position,foil,0.59,https://bilgewatermarket.com/cards/OGN-279?print_variation=foiled,foiled,,¥1.61,$0.59,OGN-279,Fortified Position OGN-279/298 Foiled CN ¥1.61 EN $0.59
2026-09-11T19:27:05+00:00,https://bilgewatermarket.com/cards,Fortified Position,nonfoil,0.18,https://bilgewatermarket.com/cards/OGN-279,normal,,¥0.61,$0.18,OGN-279,Fortified Position OGN-279/298 CN ¥0.61 EN $0.18
2026-09-11T19:27:05+00:00,https://bilgewatermarket.com/cards,Fortified Position,nonfoil,87.65,https://bilgewatermarket.com/cards/OGN-279?print_variation=promo[北京参赛纪念],promo[北京参赛纪念],,¥87.65,,OGN-279,Fortified Position OGN-279/298 CN ¥87.65
2026-09-11T19:27:05+00:00,https://bilgewatermarket.com/cards,Grove of the God-Willow,foil,1.31,https://bilgewatermarket.com/cards/OGN-280?print_variation=foiled,foiled,,¥3.30,$1.31,OGN-280,Grove of the God-Willow OGN-280/298 Foiled CN ¥3.30 EN $1.31
2026-09-11T19:27:05+00:00,https://bilgewatermarket.com/cards,Grove of the God-Willow,nonfoil,0.26,https://bilgewatermarket.com/cards/OGN-280,normal,,¥0.59,$0.26,OGN-280,Grove of the God-Willow OGN-280/298 CN ¥0.59 EN $0.26
2026-09-11T19:27:05+00:00,https://bilgewatermarket.com/cards,Hallowed Tomb,foil,0.42,https://bilgewatermarket.com/cards/OGN-281?print_variation=foiled,foiled,,¥1.15,$0.42,OGN-281,Hallowed Tomb OGN-281/298 Foiled CN ¥1.15 EN $0.42
2026-09-11T19:27:05+00:00,https://bilgewatermarket.com/cards,Hallowed Tomb,nonfoil,0.17,https://bilgewatermarket.com/cards/OGN-281,normal,,¥0.52,$0.17,OGN-281,Hallowed Tomb OGN-281/298 CN ¥0.52 EN $0.17
2026-09-11T19:27:05+00:00,https://bilgewatermarket.com/cards,Monastery of Hirana,foil,0.58,https://bilgewatermarket.com/cards/OGN-282?print_variation=foiled,foiled,,¥1.88,$0.58,OGN-282,Monastery of Hirana OGN-282/298 Foiled CN ¥1.88 EN $0.58
2026-09-11T19:27:05+00:00,https://bilgewatermarket.com/cards,Monastery of Hirana,nonfoil,0.18,https://bilgewatermarket.com/cards/OGN-282,normal,,¥0.56,$0.18,OGN-282,Monastery of Hirana OGN-282/298 CN ¥0.56 EN $0.18
2026-09-11T19:27:05+00:00,https://bilgewatermarket.com/cards,Navori Fighting Pit,foil,0.36,https://bilgewatermarket.com/cards/OGN-283?print_variation=foiled,foiled,,¥1.14,$0.36,OGN-283,Navori Fighting Pit OGN-283/298 Foiled CN ¥1.14 EN $0.36
2026-09-11T19:27:05+00:00,https://bilgewatermarket.com/cards,Navori Fighting Pit,nonfoil,0.17,https://bilgewatermarket.com/cards/OGN-283,normal,,¥0.50,$0.17,OGN-283,Navori Fighting Pit OGN-283/298 CN ¥0.50 EN $0.17
2026-09-11T19:27:05+00:00,https://bilgewatermarket.com/cards,Obelisk of Power,foil,0.66,https://bilgewatermarket.com/cards/OGN-284?print_variation=foiled,foiled,,¥1.00,$0.66,OGN-284,Obelisk of Power OGN-284/298 Foiled CN ¥1.00 EN $0.66
2026-09-11T19:27:05+00:00,https://bilgewatermarket.com/cards,Obelisk of Power,nonfoil,0.13,https://bilgewatermarket.com/cards/OGN-284,normal,,¥0.51,$0.13,OGN-284,Obelisk of Power OGN-284/298 CN ¥0.51 EN $0.13
2026-09-11T19:27:05+00:00,https://bilgewatermarket.com/cards,Reaver's Row,foil,0.69,https://bilgewatermarket.com/cards/OGN-285?print_variation=foiled,foiled,,¥0.53,$0.69,OGN-285,Reaver's Row OGN-285/298 Foiled CN ¥0.53 EN $0.69
2026-09-11T19:27:05+00:00,https://bilgewatermarket.com/cards,Reaver's Row,nonfoil,0.13,https://bilgewatermarket.com/cards/OGN-285,normal,,¥0.57,$0.13,OGN-285,Reaver's Row OGN-285/298 CN ¥0.57 EN $0.13
2026-09-11T19:27:05+00:00,https://bilgewatermarket.com/cards,Reckoner's Arena,foil,0.34,https://bilgewatermarket.com/cards/OGN-286?print_variation=foiled,foiled,,¥1.47,$0.34,OGN-286,Reckoner's Arena OGN-286/298 Foiled CN ¥1.47 EN $0.34
2026-09-11T19:27:05+00:00,https://bilgewatermarket.com/cards,Reckoner's Arena,nonfoil,0.16,https://bilgewatermarket.com/cards/OGN-286,normal,,¥0.52,$0.16,OGN-286,Reckoner's Arena OGN-286/298 CN ¥0.52 EN $0.16
2026-09-11T19:27:05+00:00,https://bilgewatermarket.com/cards,Sigil of the Storm,foil,1.49,https://bilgewatermarket.com/cards/OGN-287?print_variation=foiled,foiled,,¥2.04,$1.49,OGN-287,Sigil of the Storm OGN-287/298 Foiled CN ¥2.04 EN $1.49
2026-09-11T19:27:05+00:00,https://bilgewatermarket.com/cards,Sigil of the Storm,nonfoil,0.23,https://bilgewatermarket.com/cards/OGN-287,normal,,¥0.62,$0.23,OGN-287,Sigil of the Storm OGN-287/298 CN ¥0.62 EN $0.23
2026-09-11T19:27:05+00:00,https://bilgewatermarket.com/cards,Startipped Peak,foil,0.79,https://bilgewatermarket.com/cards/OGN-288?print_variation=foiled,foiled,,¥2.03,$0.79,OGN-288,Startipped Peak OGN-288/298 Foiled CN ¥2.03 EN $0.79
2026-09-11T19:27:05+00:00,https://bilgewatermarket.com/cards,Startipped Peak,nonfoil,0.28,https://bilgewatermarket.com/cards/OGN-288,normal,,¥0.61,$0.28,OGN-288,Startipped Peak OGN-288/298 CN ¥0.61 EN $0.28
2026-09-11T19:27:05+00:00,https://bilgewatermarket.com/cards,Startipped Peak,nonfoil,91.33,https://bilgewatermarket.com/cards/OGN-288?print_variation=promo[重庆参赛纪念],promo[重庆参赛纪念],,¥91.33,,OGN-288,Startipped Peak OGN-288/298 CN ¥91.33
2026-09-11T19:27:05+00:00,https://bilgewatermarket.com/cards,Targon's Peak,foil,3.43,https://bilgewatermarket.com/cards/OGN-289?print_variation=foiled,foiled,,¥2.71,$3.43,OGN-289,Targon's Peak OGN-289/298 Foiled CN ¥2.71 EN $3.43
2026-09-11T19:27:05+00:00,https://bilgewatermarket.com/cards,Targon's Peak,nonfoil,0.26,https://bilgewatermarket.com/cards/OGN-289,normal,,¥0.69,$0.26,OGN-289,Targon's Peak OGN-289/298 CN ¥0.69 EN $0.26
2026-09-11T19:27:05+00:00,https://bilgewatermarket.com/cards,The Arena's Greatest,foil,1.06,https://bilgewatermarket.com/cards/OGN-290?print_variation=foiled,foiled,,¥3.10,$1.06,OGN-290,The Arena's Greatest OGN-290/298 Foiled CN ¥3.10 EN $1.06
2026-09-11T19:27:05+00:00,https://bilgewatermarket.com/cards,The Arena's Greatest,nonfoil,0.24,https://bilgewatermarket.com/cards/OGN-290,normal,,¥0.66,$0.24,OGN-290,The Arena's Greatest OGN-290/298 CN ¥0.66 EN $0.24
2026-09-11T19:27:05+00:00,https://bilgewatermarket.com/cards,The Candlelit Sanctum,foil,0.97,https://bilgewatermarket.com/cards/OGN-291?print_variation=foiled,foiled,,¥2.43,$0.97,OGN-291,The Candlelit Sanctum OGN-291/298 Foiled CN ¥2.43 EN $0.97
2026-09-11T19:27:05+00:00,https://bilgewatermarket.com/cards,The Candlelit Sanctum,nonfoil,0.27,https://bilgewatermarket.com/cards/OGN-291,normal,,¥0.56,$0.27,OGN-291,The Candlelit Sanctum OGN-291/298 CN ¥0.56 EN $0.27
2026-09-11T19:27:05+00:00,https://bilgewatermarket.com/cards,The Dreaming Tree,foil,0.79,https://bilgewatermarket.com/cards/OGN-292?print_variation=foiled,foiled,,¥1.98,$0.79,OGN-292,The Dreaming Tree OGN-292/298 Foiled CN ¥1.98 EN $0.79
2026-09-11T19:27:05+00:00,https://bilgewatermarket.com/cards,The Dreaming Tree,nonfoil,0.14,https://bilgewatermarket.com/cards/OGN-292,normal,,¥0.51,$0.14,OGN-292,The Dreaming Tree OGN-292/298 CN ¥0.51 EN $0.14
2026-09-11T19:27:05+00:00,https://bilgewatermarket.com/cards,The Grand Plaza,foil,0.33,https://bilgewatermarket.com/cards/OGN-293?print_variation=foiled,foiled,,¥1.45,$0.33,OGN-293,The Grand Plaza OGN-293/298 Foiled CN ¥1.45 EN $0.33
2026-09-11T19:27:05+00:00,https://bilgewatermarket.com/cards,The Grand Plaza,nonfoil,0.12,https://bilgewatermarket.com/cards/OGN-293,normal,,¥0.50,$0.12,OGN-293,The Grand Plaza OGN-293/298 CN ¥0.50 EN $0.12
2026-09-11T19:27:05+00:00,https://bilgewatermarket.com/cards,The Grand Plaza,nonfoil,38.29,https://bilgewatermarket.com/cards/OGN-293a?print_variation=showcase,showcase,,¥93.21,$38.29,OGN-293a,The Grand Plaza OGN-293a/298 Showcase CN ¥93.21 EN $38.29
2026-09-11T19:27:05+00:00,https://bilgewatermarket.com/cards,Trifarian War Camp,foil,1.30,https://bilgewatermarket.com/cards/OGN-294?print_variation=foiled,foiled,,¥2.42,$1.30,OGN-294,Trifarian War Camp OGN-294/298 Foiled CN ¥2.42 EN $1.30
2026-09-11T19:27:05+00:00,https://bilgewatermarket.com/cards,Trifarian War Camp,nonfoil,0.34,https://bilgewatermarket.com/cards/OGN-294,normal,,¥0.65,$0.34,OGN-294,Trifarian War Camp OGN-294/298 CN ¥0.65 EN $0.34
2026-09-11T19:27:05+00:00,https://bilgewatermarket.com/cards,Trifarian War Camp,nonfoil,137.86,https://bilgewatermarket.com/cards/OGN-294?print_variation=promo[广州参赛纪念],promo[广州参赛纪念],,¥137.86,,OGN-294,Trifarian War Camp OGN-294/298 CN ¥137.86
2026-09-11T19:27:05+00:00,https://bilgewatermarket.com/cards,Vilemaw's Lair,foil,2.26,https://bilgewatermarket.com/cards/OGN-295?print_variation=foiled,foiled,,¥3.54,$2.26,OGN-295,Vilemaw's Lair OGN-295/298 Foiled CN ¥3.54 EN $2.26
2026-09-11T19:27:05+00:00,https://bilgewatermarket.com/cards,Vilemaw's Lair,nonfoil,0.30,https://bilgewatermarket.com/cards/OGN-295,normal,,¥0.75,$0.30,OGN-295,Vilemaw's Lair OGN-295/298 CN ¥0.75 EN $0.30
2026-09-11T19:27:05+00:00,https://bilgewatermarket.com/cards,Void Gate,foil,0.97,https://bilgewatermarket.com/cards/OGN-296?print_variation=foiled,foiled,,¥2.40,$0.97,OGN-296,Void Gate OGN-296/298 Foiled CN ¥2.40 EN $0.97
2026-09-11T19:27:05+00:00,https://bilgewatermarket.com/cards,Void Gate,nonfoil,0.24,https://bilgewatermarket.com/cards/OGN-296,normal,,¥0.61,$0.24,OGN-296,Void Gate OGN-296/298 CN ¥0.61 EN $0.24
2026-09-11T19:27:05+00:00,https://bilgewatermarket.com/cards,Void Gate,nonfoil,95.05,https://bilgewatermarket.com/cards/OGN-296?print_variation=promo,promo,,¥95.05,,OGN-296,Void Gate OGN-296/298 CN ¥95.05
2026-09-11T19:27:05+00:00,https://bilgewatermarket.com/cards,Windswept Hillock,foil,1.22,https://bilgewatermarket.com/cards/OGN-297?print_variation=foiled,foiled,,¥2.46,$1.22,OGN-297,Windswept Hillock OGN-297/298 Foiled CN ¥2.46 EN $1.22
2026-09-11T19:27:05+00:00,https://bilgewatermarket.com/cards,Windswept Hillock,nonfoil,0.25,https://bilgewatermarket.com/cards/OGN-297,normal,,¥0.62,$0.25,OGN-297,Windswept Hillock OGN-297/298 CN ¥0.62 EN $0.25
2026-09-11T19:27:05+00:00,https://bilgewatermarket.com/cards,Zaun Warrens,foil,3.30,https://bilgewatermarket.com/cards/OGN-298?print_variation=foiled,foiled,,¥2.46,$3.30,OGN-298,Zaun Warrens OGN-298/298 Foiled CN ¥2.46 EN $3.30
2026-09-11T19:27:05+00:00,https://bilgewatermarket.com/cards,Zaun Warrens,nonfoil,0.25,https://bilgewatermarket.com/cards/OGN-298,normal,,¥0.60,$0.25,OGN-298,Zaun Warrens OGN-298/298 CN ¥0.60 EN $0.25
2026-09-11T19:27:05+00:00,https://bilgewatermarket.com/cards,"Kai'Sa, Daughter of the Void",nonfoil,301.89,https://bilgewatermarket.com/cards/OGN-299?print_variation=showcase,showcase,,¥285.76,$301.89,OGN-299,"Kai'Sa, Daughter of the Void OGN-299/298 Showcase CN ¥285.76 EN $301.89"
2026-09-11T19:27:05+00:00,https://bilgewatermarket.com/cards,"Kai'Sa, Daughter of the Void",nonfoil,3101.21,https://bilgewatermarket.com/cards/OGN-299*?print_variation=signature,signature,,¥4807.18,$3101.21,OGN-299*,"Kai'Sa, Daughter of the Void OGN-299*/298 CN ¥4807.18 EN $3101.21"
2026-09-11T19:27:05+00:00,https://bilgewatermarket.com/cards,"Volibear, Relentless Storm",nonfoil,67.79,https://bilgewatermarket.com/cards/OGN-300?print_variation=showcase,showcase,,¥68.54,$67.79,OGN-300,"Volibear, Relentless Storm OGN-300/298 Showcase CN ¥68.54 EN $67.79"
2026-09-11T19:27:05+00:00,https://bilgewatermarket.com/cards,"Volibear, Relentless Storm",nonfoil,822.06,https://bilgewatermarket.com/cards/OGN-300*?print_variation=signature,signature,,¥1638.46,$822.06,OGN-300*,"Volibear, Relentless Storm OGN-300*/298 CN ¥1638.46 EN $822.06"
2026-09-11T19:27:05+00:00,https://bilgewatermarket.com/cards,"Jinx, Loose Cannon",nonfoil,164.32,https://bilgewatermarket.com/cards/OGN-301?print_variation=showcase,showcase,,¥111.47,$164.32,OGN-301,"Jinx, Loose Cannon OGN-301/298 Showcase CN ¥111.47 EN $164.32"
2026-09-11T19:27:05+00:00,https://bilgewatermarket.com/cards,"Jinx, Loose Cannon",nonfoil,1266.68,https://bilgewatermarket.com/cards/OGN-301*?print_variation=signature,signature,,¥2298.83,$1266.68,OGN-301*,"Jinx, Loose Cannon OGN-301*/298 CN ¥2298.83 EN $1266.68"
2026-09-11T19:27:05+00:00,https://bilgewatermarket.com/cards,"Darius, Hand of Noxus",nonfoil,59.57,https://bilgewatermarket.com/cards/OGN-302?print_variation=showcase,showcase,,¥93.71,$59.57,OGN-302,"Darius, Hand of Noxus OGN-302/298 Showcase CN ¥93.71 EN $59.57"
2026-09-11T19:27:05+00:00,https://bilgewatermarket.com/cards,"Darius, Hand of Noxus",nonfoil,545.66,https://bilgewatermarket.com/cards/OGN-302*?print_variation=signature,signature,,¥1794.01,$545.66,OGN-302*,"Darius, Hand of Noxus OGN-302*/298 CN ¥1794.01 EN $545.66"
2026-09-11T19:27:05+00:00,https://bilgewatermarket.com/cards,"Ahri, Nine-Tailed Fox",nonfoil,371.23,https://bilgewatermarket.com/cards/OGN-303?print_variation=showcase,showcase,,¥611.06,$371.23,OGN-303,"Ahri, Nine-Tailed Fox OGN-303/298 Showcase CN ¥611.06 EN $371.23"
2026-09-11T19:27:05+00:00,https://bilgewatermarket.com/cards,"Ahri, Nine-Tailed Fox",nonfoil,3624.82,https://bilgewatermarket.com/cards/OGN-303*?print_variation=signature,signature,,¥8500.00,$3624.82,OGN-303*,"Ahri, Nine-Tailed Fox OGN-303*/298 CN ¥8500.00 EN $3624.82"
2026-09-11T19:27:05+00:00,https://bilgewatermarket.com/cards,"Lee Sin, Blind Monk",nonfoil,153.84,https://bilgewatermarket.com/cards/OGN-304?print_variation=showcase,showcase,,¥126.39,$153.84,OGN-304,"Lee Sin, Blind Monk OGN-304/298 Showcase CN ¥126.39 EN $153.84"
2026-09-11T19:27:05+00:00,https://bilgewatermarket.com/cards,"Lee Sin, Blind Monk",nonfoil,1315.05,https://bilgewatermarket.com/cards/OGN-304*?print_variation=signature,signature,,¥3547.95,$1315.05,OGN-304*,"Lee Sin, Blind Monk OGN-304*/298 CN ¥3547.95 EN $1315.05"
2026-09-11T19:27:05+00:00,https://bilgewatermarket.com/cards,"Yasuo, Unforgiven",nonfoil,82.34,https://bilgewatermarket.com/cards/OGN-305?print_variation=showcase,showcase,,¥92.05,$82.34,OGN-305,"Yasuo, Unforgiven OGN-305/298 Showcase CN ¥92.05 EN $82.34"
2026-09-11T19:27:05+00:00,https://bilgewatermarket.com/cards,"Yasuo, Unforgiven",nonfoil,865.14,https://bilgewatermarket.com/cards/OGN-305*?print_variation=signature,signature,,¥1550.90,$865.14,OGN-305*,"Yasuo, Unforgiven OGN-305*/298 CN ¥1550.90 EN $865.14"
2026-09-11T19:27:05+00:00,https://bilgewatermarket.com/cards,"Leona, Radiant Dawn",nonfoil,88.95,https://bilgewatermarket.com/cards/OGN-306?print_variation=showcase,showcase,,¥81.38,$88.95,OGN-306,"Leona, Radiant Dawn OGN-306/298 Showcase CN ¥81.38 EN $88.95"
2026-09-11T19:27:05+00:00,https://bilgewatermarket.com/cards,"Leona, Radiant Dawn",nonfoil,921.38,https://bilgewatermarket.com/cards/OGN-306*?print_variation=signature,signature,,¥1800.00,$921.38,OGN-306*,"Leona, Radiant Dawn OGN-306*/298 CN ¥1800.00 EN $921.38"
2026-09-11T19:27:05+00:00,https://bilgewatermarket.com/cards,"Teemo, Swift Scout",nonfoil,171.43,https://bilgewatermarket.com/cards/OGN-307?print_variation=showcase,showcase,,¥98.22,$171.43,OGN-307,"Teemo, Swift Scout OGN-307/298 Showcase CN ¥98.22 EN $171.43"
2026-09-11T19:27:05+00:00,https://bilgewatermarket.com/cards,"Teemo, Swift Scout",nonfoil,1055.43,https://bilgewatermarket.com/cards/OGN-307*?print_variation=signature,signature,,¥2746.27,$1055.43,OGN-307*,"Teemo, Swift Scout OGN-307*/298 CN ¥2746.27 EN $1055.43"
2026-09-11T19:27:05+00:00,https://bilgewatermarket.com/cards,"Viktor, Herald of the Arcane",nonfoil,107.13,https://bilgewatermarket.com/cards/OGN-308?print_variation=showcase,showcase,,¥137.73,$107.13,OGN-308,"Viktor, Herald of the Arcane OGN-308/298 Showcase CN ¥137.73 EN $107.13"
2026-09-11T19:27:05+00:00,https://bilgewatermarket.com/cards,"Viktor, Herald of the Arcane",nonfoil,686.30,https://bilgewatermarket.com/cards/OGN-308*?print_variation=signature,signature,,¥1519.04,$686.30,OGN-308*,"Viktor, Herald of the Arcane OGN-308*/298 CN ¥1519.04 EN $686.30"
2026-09-11T19:27:05+00:00,https://bilgewatermarket.com/cards,"Miss Fortune, Bounty Hunter",nonfoil,183.09,https://bilgewatermarket.com/cards/OGN-309?print_variation=showcase,showcase,,¥135.92,$183.09,OGN-309,"Miss Fortune, Bounty Hunter OGN-309/298 Showcase CN ¥135.92 EN $183.09"
2026-09-11T19:27:05+00:00,https://bilgewatermarket.com/cards,"Miss Fortune, Bounty Hunter",nonfoil,1526.25,https://bilgewatermarket.com/cards/OGN-309*?print_variation=signature,signature,,¥4116.55,$1526.25,OGN-309*,"Miss Fortune, Bounty Hunter OGN-309*/298 CN ¥4116.55 EN $1526.25"
2026-09-11T19:27:05+00:00,https://bilgewatermarket.com/cards,"Sett, The Boss",nonfoil,85.53,https://bilgewatermarket.com/cards/OGN-310?print_variation=showcase,showcase,,¥65.80,$85.53,OGN-310,"Sett, The Boss OGN-310/298 Showcase CN ¥65.80 EN $85.53"
2026-09-11T19:27:05+00:00,https://bilgewatermarket.com/cards,"Sett, The Boss",nonfoil,659.67,https://bilgewatermarket.com/cards/OGN-310*?print_variation=signature,signature,,¥1019.83,$659.67,OGN-310*,"Sett, The Boss OGN-310*/298 CN ¥1019.83 EN $659.67"
2026-09-11T19:27:05+00:00,https://bilgewatermarket.com/cards,"Annie, Fiery",nonfoil,1.37,https://bilgewatermarket.com/cards/OGS-001,normal,,¥0.95,$1.37,OGS-001,"Annie, Fiery OGS-001/024 CN ¥0.95 EN $1.37"
2026-09-11T19:27:05+00:00,https://bilgewatermarket.com/cards,"Annie, Fiery",nonfoil,30.08,https://bilgewatermarket.com/cards/OGS-001?print_variation=promo,promo,,¥6.27,$30.08,OGS-001,"Annie, Fiery OGS-001/024 CN ¥6.27 EN $30.08"
2026-09-11T19:27:05+00:00,https://bilgewatermarket.com/cards,Firestorm,nonfoil,0.42,https://bilgewatermarket.com/cards/OGS-002,normal,,¥0.50,$0.42,OGS-002,Firestorm OGS-002/024 CN ¥0.50 EN $0.42
2026-09-11T19:27:05+00:00,https://bilgewatermarket.com/cards,Incinerate,nonfoil,0.44,https://bilgewatermarket.com/cards/OGS-003,normal,,¥0.50,$0.44,OGS-003,Incinerate OGS-003/024 CN ¥0.50 EN $0.44
2026-09-11T19:27:05+00:00,https://bilgewatermarket.com/cards,"Yi, Meditative",nonfoil,0.64,https://bilgewatermarket.com/cards/OGS-004,normal,,¥1.15,$0.64,OGS-004,"Yi, Meditative OGS-004/024 CN ¥1.15 EN $0.64"
2026-09-11T19:27:05+00:00,https://bilgewatermarket.com/cards,"Yi, Meditative",nonfoil,3.77,https://bilgewatermarket.com/cards/OGS-004?print_variation=promo,promo,,¥5.67,$3.77,OGS-004,"Yi, Meditative OGS-004/024 CN ¥5.67 EN $3.77"
2026-09-11T19:27:05+00:00,https://bilgewatermarket.com/cards,Zephyr Sage,nonfoil,0.25,https://bilgewatermarket.com/cards/OGS-005,normal,,¥0.50,$0.25,OGS-005,Zephyr Sage OGS-005/024 CN ¥0.50 EN $0.25
2026-09-11T19:27:05+00:00,https://bilgewatermarket.com/cards,"Lux, Illuminated",nonfoil,0.76,https://bilgewatermarket.com/cards/OGS-006,normal,,¥1.18,$0.76,OGS-006,"Lux, Illuminated OGS-006/024 CN ¥1.18 EN $0.76"
2026-09-11T19:27:05+00:00,https://bilgewatermarket.com/cards,"Lux, Illuminated",nonfoil,16.46,https://bilgewatermarket.com/cards/OGS-006?print_variation=promo,promo,,¥3.61,$16.46,OGS-006,"Lux, Illuminated OGS-006/024 CN ¥3.61 EN $16.46"
2026-09-11T19:27:05+00:00,https://bilgewatermarket.com/cards,"Garen, Rugged",nonfoil,0.60,https://bilgewatermarket.com/cards/OGS-007,normal,,¥1.00,$0.60,OGS-007,"Garen, Rugged OGS-007/024 CN ¥1.00 EN $0.60"
2026-09-11T19:27:05+00:00,https://bilgewatermarket.com/cards,"Garen, Rugged",nonfoil,6.49,https://bilgewatermarket.com/cards/OGS-007?print_variation=promo,promo,,¥3.97,$6.49,OGS-007,"Garen, Rugged OGS-007/024 CN ¥3.97 EN $6.49"
2026-09-11T19:27:05+00:00,https://bilgewatermarket.com/cards,Gentlemen's Duel,nonfoil,0.36,https://bilgewatermarket.com/cards/OGS-008,normal,,¥0.50,$0.36,OGS-008,Gentlemen's Duel OGS-008/024 CN ¥0.50 EN $0.36
2026-09-11T19:27:05+00:00,https://bilgewatermarket.com/cards,"Yi, Honed",nonfoil,1.20,https://bilgewatermarket.com/cards/OGS-009,normal,,¥3.71,$1.20,OGS-009,"Yi, Honed OGS-009/024 CN ¥3.71 EN $1.20"
2026-09-11T19:27:05+00:00,https://bilgewatermarket.com/cards,"Yi, Honed",nonfoil,15.90,https://bilgewatermarket.com/cards/OGS-009?print_variation=promo,promo,,¥9.84,$15.90,OGS-009,"Yi, Honed OGS-009/024 CN ¥9.84 EN $15.90"
2026-09-11T19:27:05+00:00,https://bilgewatermarket.com/cards,"Annie, Stubborn",nonfoil,4.85,https://bilgewatermarket.com/cards/OGS-010,normal,,¥3.51,$4.85,OGS-010,"Annie, Stubborn OGS-010/024 CN ¥3.51 EN $4.85"
2026-09-11T19:27:05+00:00,https://bilgewatermarket.com/cards,"Annie, Stubborn",nonfoil,16.75,https://bilgewatermarket.com/cards/OGS-010?print_variation=promo,promo,,¥12.69,$16.75,OGS-010,"Annie, Stubborn OGS-010/024 CN ¥12.69 EN $16.75"
2026-09-11T19:27:05+00:00,https://bilgewatermarket.com/cards,Flash,nonfoil,5.79,https://bilgewatermarket.com/cards/OGS-011,normal,,¥50.97,$5.79,OGS-011,Flash OGS-011/024 CN ¥50.97 EN $5.79
2026-09-11T19:27:05+00:00,https://bilgewatermarket.com/cards,Flash,nonfoil,2.23,https://bilgewatermarket.com/cards/OGS-011?print_variation=promo,promo,,¥66.47,$2.23,OGS-011,Flash OGS-011/024 CN ¥66.47 EN $2.23
2026-09-11T19:27:05+00:00,https://bilgewatermarket.com/cards,Blast of Power,nonfoil,0.53,https://bilgewatermarket.com/cards/OGS-012,normal,,¥2.01,$0.53,OGS-012,Blast of Power OGS-012/024 CN ¥2.01 EN $0.53
2026-09-11T19:27:05+00:00,https://bilgewatermarket.com/cards,"Garen, Commander",nonfoil,0.86,https://bilgewatermarket.com/cards/OGS-013,normal,,¥0.51,$0.86,OGS-013,"Garen, Commander OGS-013/024 CN ¥0.51 EN $0.86"
2026-09-11T19:27:05+00:00,https://bilgewatermarket.com/cards,"Garen, Commander",nonfoil,4.93,https://bilgewatermarket.com/cards/OGS-013?print_variation=promo,promo,,¥2.65,$4.93,OGS-013,"Garen, Commander OGS-013/024 CN ¥2.65 EN $4.93"
2026-09-11T19:27:05+00:00,https://bilgewatermarket.com/cards,"Lux, Crownguard",nonfoil,4.78,https://bilgewatermarket.com/cards/OGS-014,normal,,¥2.51,$4.78,OGS-014,"Lux, Crownguard OGS-014/024 CN ¥2.51 EN $4.78"
2026-09-11T19:27:05+00:00,https://bilgewatermarket.com/cards,"Lux, Crownguard",nonfoil,63.03,https://bilgewatermarket.com/cards/OGS-014?print_variation=promo,promo,,¥23.80,$63.03,OGS-014,"Lux, Crownguard OGS-014/024 CN ¥23.80 EN $63.03"
2026-09-11T19:27:05+00:00,https://bilgewatermarket.com/cards,Recruit the Vanguard,nonfoil,0.91,https://bilgewatermarket.com/cards/OGS-015,normal,,¥1.14,$0.91,OGS-015,Recruit the Vanguard OGS-015/024 CN ¥1.14 EN $0.91
2026-09-11T19:27:05+00:00,https://bilgewatermarket.com/cards,Vanguard Attendant,nonfoil,0.23,https://bilgewatermarket.com/cards/OGS-016,normal,,¥0.50,$0.23,OGS-016,Vanguard Attendant OGS-016/024 CN ¥0.50 EN $0.23
2026-09-11T19:27:05+00:00,https://bilgewatermarket.com/cards,"Annie, Dark Child, Starter",nonfoil,4.58,https://bilgewatermarket.com/cards/OGS-017,normal,,¥4.61,$4.58,OGS-017,"Annie, Dark Child, Starter OGS-017/024 CN ¥4.61 EN $4.58"
2026-09-11T19:27:05+00:00,https://bilgewatermarket.com/cards,"Annie, Dark Child, Starter",nonfoil,41.78,https://bilgewatermarket.com/cards/OGS-017?print_variation=promo,promo,,¥35.45,$41.78,OGS-017,"Annie, Dark Child, Starter OGS-017/024 CN ¥35.45 EN $41.78"
2026-09-11T19:27:05+00:00,https://bilgewatermarket.com/cards,Tibbers,nonfoil,0.56,https://bilgewatermarket.com/cards/OGS-018,normal,,¥0.93,$0.56,OGS-018,Tibbers OGS-018/024 CN ¥0.93 EN $0.56
2026-09-11T19:27:05+00:00,https://bilgewatermarket.com/cards,Tibbers,nonfoil,6.13,https://bilgewatermarket.com/cards/OGS-018?print_variation=promo,promo,,¥2.72,$6.13,OGS-018,Tibbers OGS-018/024 CN ¥2.72 EN $6.13
2026-09-11T19:27:05+00:00,https://bilgewatermarket.com/cards,"Master Yi, Wuju Bladesman, Starter",nonfoil,21.94,https://bilgewatermarket.com/cards/OGS-019,normal,,¥38.84,$21.94,OGS-019,"Master Yi, Wuju Bladesman, Starter OGS-019/024 CN ¥38.84 EN $21.94"
2026-09-11T19:27:05+00:00,https://bilgewatermarket.com/cards,"Master Yi, Wuju Bladesman, Starter",nonfoil,41.13,https://bilgewatermarket.com/cards/OGS-019?print_variation=promo,promo,,¥73.65,$41.13,OGS-019,"Master Yi, Wuju Bladesman, Starter OGS-019/024 CN ¥73.65 EN $41.13"
2026-09-11T19:27:05+00:00,https://bilgewatermarket.com/cards,Highlander,nonfoil,0.86,https://bilgewatermarket.com/cards/OGS-020,normal,,¥0.86,$0.86,OGS-020,Highlander OGS-020/024 CN ¥0.86 EN $0.86
2026-09-11T19:27:05+00:00,https://bilgewatermarket.com/cards,Highlander,nonfoil,2.21,https://bilgewatermarket.com/cards/OGS-020?print_variation=promo,promo,,¥2.99,$2.21,OGS-020,Highlander OGS-020/024 CN ¥2.99 EN $2.21
2026-09-11T19:27:05+00:00,https://bilgewatermarket.com/cards,"Lux, Lady of Luminosity, Starter",nonfoil,12.73,https://bilgewatermarket.com/cards/OGS-021,normal,,¥5.10,$12.73,OGS-021,"Lux, Lady of Luminosity, Starter OGS-021/024 CN ¥5.10 EN $12.73"
2026-09-11T19:27:05+00:00,https://bilgewatermarket.com/cards,"Lux, Lady of Luminosity, Starter",nonfoil,54.60,https://bilgewatermarket.com/cards/OGS-021?print_variation=promo,promo,,¥43.11,$54.60,OGS-021,"Lux, Lady of Luminosity, Starter OGS-021/024 CN ¥43.11 EN $54.60"
2026-09-11T19:27:05+00:00,https://bilgewatermarket.com/cards,Final Spark,nonfoil,1.34,https://bilgewatermarket.com/cards/OGS-022,normal,,¥1.12,$1.34,OGS-022,Final Spark OGS-022/024 CN ¥1.12 EN $1.34
2026-09-11T19:27:05+00:00,https://bilgewatermarket.com/cards,Final Spark,nonfoil,4.07,https://bilgewatermarket.com/cards/OGS-022?print_variation=promo,promo,,¥5.09,$4.07,OGS-022,Final Spark OGS-022/024 CN ¥5.09 EN $4.07
2026-09-11T19:27:05+00:00,https://bilgewatermarket.com/cards,"Garen, Might of Demacia, Starter",nonfoil,1.03,https://bilgewatermarket.com/cards/OGS-023,normal,,¥0.90,$1.03,OGS-023,"Garen, Might of Demacia, Starter OGS-023/024 CN ¥0.90 EN $1.03"
2026-09-11T19:27:05+00:00,https://bilgewatermarket.com/cards,"Garen, Might of Demacia, Starter",nonfoil,6.64,https://bilgewatermarket.com/cards/OGS-023?print_variation=promo,promo,,¥5.02,$6.64,OGS-023,"Garen, Might of Demacia, Starter OGS-023/024 CN ¥5.02 EN $6.64"
2026-09-11T19:27:05+00:00,https://bilgewatermarket.com/cards,Decisive Strike,nonfoil,0.43,https://bilgewatermarket.com/cards/OGS-024,normal,,¥0.51,$0.43,OGS-024,Decisive Strike OGS-024/024 CN ¥0.51 EN $0.43
2026-09-11T19:27:05+00:00,https://bilgewatermarket.com/cards,Decisive Strike,nonfoil,1.78,https://bilgewatermarket.com/cards/OGS-024?print_variation=promo,promo,,¥2.05,$1.78,OGS-024,Decisive Strike OGS-024/024 CN ¥2.05 EN $1.78
2026-09-11T19:27:05+00:00,https://bilgewatermarket.com/cards,Against the Odds,foil,0.24,https://bilgewatermarket.com/cards/SFD-001?print_variation=foiled,foiled,,¥1.01,$0.24,SFD-001,Against the Odds SFD-001/221 Foiled CN ¥1.01 EN $0.24
2026-09-11T19:27:05+00:00,https://bilgewatermarket.com/cards,Against the Odds,nonfoil,0.07,https://bilgewatermarket.com/cards/SFD-001,normal,,¥0.51,$0.07,SFD-001,Against the Odds SFD-001/221 CN ¥0.51 EN $0.07
2026-09-11T19:27:05+00:00,https://bilgewatermarket.com/cards,Armed Assailant,foil,0.14,https://bilgewatermarket.com/cards/SFD-002?print_variation=foiled,foiled,,¥0.50,$0.14,SFD-002,Armed Assailant SFD-002/221 Foiled CN ¥0.50 EN $0.14
2026-09-11T19:27:05+00:00,https://bilgewatermarket.com/cards,Armed Assailant,nonfoil,0.05,https://bilgewatermarket.com/cards/SFD-002,normal,,¥0.30,$0.05,SFD-002,Armed Assailant SFD-002/221 CN ¥0.30 EN $0.05
2026-09-11T19:27:05+00:00,https://bilgewatermarket.com/cards,Blood Rush,foil,0.30,https://bilgewatermarket.com/cards/SFD-003?print_variation=foiled,foiled,,¥1.57,$0.30,SFD-003,Blood Rush SFD-003/221 Foiled CN ¥1.57 EN $0.30
2026-09-11T19:27:05+00:00,https://bilgewatermarket.com/cards,Blood Rush,nonfoil,0.10,https://bilgewatermarket.com/cards/SFD-003,normal,,¥0.54,$0.10,SFD-003,Blood Rush SFD-003/221 CN ¥0.54 EN $0.10
2026-09-11T19:27:05+00:00,https://bilgewatermarket.com/cards,Bushwhack,foil,0.23,https://bilgewatermarket.com/cards/SFD-004?print_variation=foiled,foiled,,¥0.82,$0.23,SFD-004,Bushwhack SFD-004/221 Foiled CN ¥0.82 EN $0.23
2026-09-11T19:27:05+00:00,https://bilgewatermarket.com/cards,Bushwhack,nonfoil,0.08,https://bilgewatermarket.com/cards/SFD-004,normal,,¥0.53,$0.08,SFD-004,Bushwhack SFD-004/221 CN ¥0.53 EN $0.08
2026-09-11T19:27:05+00:00,https://bilgewatermarket.com/cards,Detonate,foil,0.26,https://bilgewatermarket.com/cards/SFD-005?print_variation=foiled,foiled,,¥0.51,$0.26,SFD-005,Detonate SFD-005/221 Foiled CN ¥0.51 EN $0.26
2026-09-11T19:27:05+00:00,https://bilgewatermarket.com/cards,Detonate,nonfoil,0.09,https://bilgewatermarket.com/cards/SFD-005,normal,,¥0.50,$0.09,SFD-005,Detonate SFD-005/221 CN ¥0.50 EN $0.09
2026-09-11T19:27:05+00:00,https://bilgewatermarket.com/cards,Eager Drakehound,foil,0.18,https://bilgewatermarket.com/cards/SFD-006?print_variation=foiled,foiled,,¥0.51,$0.18,SFD-006,Eager Drakehound SFD-006/221 Foiled CN ¥0.51 EN $0.18
2026-09-11T19:27:05+00:00,https://bilgewatermarket.com/cards,Eager Drakehound,nonfoil,0.06,https://bilgewatermarket.com/cards/SFD-006,normal,,¥0.50,$0.06,SFD-006,Eager Drakehound SFD-006/221 CN ¥0.50 EN $0.06
2026-09-11T19:27:05+00:00,https://bilgewatermarket.com/cards,Gem Jammer,foil,0.17,https://bilgewatermarket.com/cards/SFD-007?print_variation=foiled,foiled,,¥0.98,$0.17,SFD-007,Gem Jammer SFD-007/221 Foiled CN ¥0.98 EN $0.17
2026-09-11T19:27:05+00:00,https://bilgewatermarket.com/cards,Gem Jammer,nonfoil,0.10,https://bilgewatermarket.com/cards/SFD-007,normal,,¥0.50,$0.10,SFD-007,Gem Jammer SFD-007/221 CN ¥0.50 EN $0.10
2026-09-11T19:27:05+00:00,https://bilgewatermarket.com/cards,Gem Jammer,nonfoil,0.17,https://bilgewatermarket.com/cards/SFD-007?print_variation=promo,promo,,¥1.18,$0.17,SFD-007,Gem Jammer SFD-007/221 CN ¥1.18 EN $0.17
2026-09-11T19:27:05+00:00,https://bilgewatermarket.com/cards,Sentinel Adept,foil,0.20,https://bilgewatermarket.com/cards/SFD-008?print_variation=foiled,foiled,,¥0.50,$0.20,SFD-008,Sentinel Adept SFD-008/221 Foiled CN ¥0.50 EN $0.20
2026-09-11T19:27:05+00:00,https://bilgewatermarket.com/cards,Sentinel Adept,nonfoil,0.05,https://bilgewatermarket.com/cards/SFD-008,normal,,¥0.50,$0.05,SFD-008,Sentinel Adept SFD-008/221 CN ¥0.50 EN $0.05
2026-09-11T19:27:05+00:00,https://bilgewatermarket.com/cards,Serrated Dirk,foil,0.21,https://bilgewatermarket.com/cards/SFD-009?print_variation=foiled,foiled,,¥0.50,$0.21,SFD-009,Serrated Dirk SFD-009/221 Foiled CN ¥0.50 EN $0.21
2026-09-11T19:27:05+00:00,https://bilgewatermarket.com/cards,Serrated Dirk,nonfoil,0.10,https://bilgewatermarket.com/cards/SFD-009,normal,,¥0.50,$0.10,SFD-009,Serrated Dirk SFD-009/221 CN ¥0.50 EN $0.10
2026-09-11T19:27:05+00:00,https://bilgewatermarket.com/cards,Serrated Dirk,nonfoil,0.21,https://bilgewatermarket.com/cards/SFD-009?print_variation=promo,promo,,¥0.50,$0.21,SFD-009,Serrated Dirk SFD-009/221 CN ¥0.50 EN $0.21
2026-09-11T19:27:05+00:00,https://bilgewatermarket.com/cards,Void Drone,foil,0.20,https://bilgewatermarket.com/cards/SFD-010?print_variation=foiled,foiled,,¥0.54,$0.20,SFD-010,Void Drone SFD-010/221 Foiled CN ¥0.54 EN $0.20
2026-09-11T19:27:05+00:00,https://bilgewatermarket.com/cards,Void Drone,nonfoil,0.06,https://bilgewatermarket.com/cards/SFD-010,normal,,¥0.50,$0.06,SFD-010,Void Drone SFD-010/221 CN ¥0.50 EN $0.06
2026-09-11T19:27:05+00:00,https://bilgewatermarket.com/cards,Angle Shot,foil,0.25,https://bilgewatermarket.com/cards/SFD-011?print_variation=foiled,foiled,,¥2.20,$0.25,SFD-011,Angle Shot SFD-011/221 Foiled CN ¥2.20 EN $0.25
2026-09-11T19:27:05+00:00,https://bilgewatermarket.com/cards,Angle Shot,nonfoil,0.09,https://bilgewatermarket.com/cards/SFD-011,normal,,¥0.55,$0.09,SFD-011,Angle Shot SFD-011/221 CN ¥0.55 EN $0.09
2026-09-11T19:27:05+00:00,https://bilgewatermarket.com/cards,Battering Ram,foil,0.41,https://bilgewatermarket.com/cards/SFD-012?print_variation=foiled,foiled,,¥1.52,$0.41,SFD-012,Battering Ram SFD-012/221 Foiled CN ¥1.52 EN $0.41
2026-09-11T19:27:05+00:00,https://bilgewatermarket.com/cards,Battering Ram,nonfoil,0.16,https://bilgewatermarket.com/cards/SFD-012,normal,,¥0.67,$0.16,SFD-012,Battering Ram SFD-012/221 CN ¥0.67 EN $0.16
2026-09-11T19:27:05+00:00,https://bilgewatermarket.com/cards,Blast Corps Cadet,foil,0.20,https://bilgewatermarket.com/cards/SFD-013?print_variation=foiled,foiled,,¥0.50,$0.20,SFD-013,Blast Corps Cadet SFD-013/221 Foiled CN ¥0.50 EN $0.20
2026-09-11T19:27:05+00:00,https://bilgewatermarket.com/cards,Blast Corps Cadet,nonfoil,0.10,https://bilgewatermarket.com/cards/SFD-013,normal,,¥0.50,$0.10,SFD-013,Blast Corps Cadet SFD-013/221 CN ¥0.50 EN $0.10
2026-09-11T19:27:05+00:00,https://bilgewatermarket.com/cards,Blast Corps Cadet,nonfoil,0.20,https://bilgewatermarket.com/cards/SFD-013?print_variation=promo,promo,,¥0.52,$0.20,SFD-013,Blast Corps Cadet SFD-013/221 CN ¥0.52 EN $0.20
2026-09-11T19:27:05+00:00,https://bilgewatermarket.com/cards,Minotaur Reckoner,foil,0.30,https://bilgewatermarket.com/cards/SFD-014?print_variation=foiled,foiled,,¥1.10,$0.30,SFD-014,Minotaur Reckoner SFD-014/221 Foiled CN ¥1.10 EN $0.30
2026-09-11T19:27:05+00:00,https://bilgewatermarket.com/cards,Minotaur Reckoner,nonfoil,0.09,https://bilgewatermarket.com/cards/SFD-014,normal,,¥0.51,$0.09,SFD-014,Minotaur Reckoner SFD-014/221 CN ¥0.51 EN $0.09
2026-09-11T19:27:05+00:00,https://bilgewatermarket.com/cards,Perched Grimwyrm,foil,0.21,https://bilgewatermarket.com/cards/SFD-015?print_variation=foiled,foiled,,¥0.60,$0.21,SFD-015,Perched Grimwyrm SFD-015/221 Foiled CN ¥0.60 EN $0.21
2026-09-11T19:27:05+00:00,https://bilgewatermarket.com/cards,Perched Grimwyrm,nonfoil,0.10,https://bilgewatermarket.com/cards/SFD-015,normal,,¥0.50,$0.10,SFD-015,Perched Grimwyrm SFD-015/221 CN ¥0.50 EN $0.10
2026-09-11T19:27:05+00:00,https://bilgewatermarket.com/cards,Recurve Bow,foil,0.20,https://bilgewatermarket.com/cards/SFD-016?print_variation=foiled,foiled,,¥0.52,$0.20,SFD-016,Recurve Bow SFD-016/221 Foiled CN ¥0.52 EN $0.20
2026-09-11T19:27:05+00:00,https://bilgewatermarket.com/cards,Recurve Bow,nonfoil,0.14,https://bilgewatermarket.com/cards/SFD-016,normal,,¥0.50,$0.14,SFD-016,Recurve Bow SFD-016/221 CN ¥0.50 EN $0.14
2026-09-11T19:27:05+00:00,https://bilgewatermarket.com/cards,Sudden Storm,foil,0.26,https://bilgewatermarket.com/cards/SFD-017?print_variation=foiled,foiled,,¥0.66,$0.26,SFD-017,Sudden Storm SFD-017/221 Foiled CN ¥0.66 EN $0.26
2026-09-11T19:27:05+00:00,https://bilgewatermarket.com/cards,Sudden Storm,nonfoil,0.13,https://bilgewatermarket.com/cards/SFD-017,normal,,¥0.50,$0.13,SFD-017,Sudden Storm SFD-017/221 CN ¥0.50 EN $0.13
2026-09-11T19:27:05+00:00,https://bilgewatermarket.com/cards,Void Hatchling,foil,0.27,https://bilgewatermarket.com/cards/SFD-018?print_variation=foiled,foiled,,¥1.00,$0.27,SFD-018,Void Hatchling SFD-018/221 Foiled CN ¥1.00 EN $0.27
2026-09-11T19:27:05+00:00,https://bilgewatermarket.com/cards,Void Hatchling,nonfoil,0.09,https://bilgewatermarket.com/cards/SFD-018,normal,,¥0.60,$0.09,SFD-018,Void Hatchling SFD-018/221 CN ¥0.60 EN $0.09
2026-09-11T19:27:05+00:00,https://bilgewatermarket.com/cards,Assembly Rig,nonfoil,0.14,https://bilgewatermarket.com/cards/SFD-019,normal,,¥0.50,$0.14,SFD-019,Assembly Rig SFD-019/221 CN ¥0.50 EN $0.14
2026-09-11T19:27:05+00:00,https://bilgewatermarket.com/cards,"Draven, Vanquisher",nonfoil,0.24,https://bilgewatermarket.com/cards/SFD-020,normal,,¥0.52,$0.24,SFD-020,"Draven, Vanquisher SFD-020/221 CN ¥0.52 EN $0.24"
2026-09-11T19:27:05+00:00,https://bilgewatermarket.com/cards,"Draven, Vanquisher",nonfoil,1.91,https://bilgewatermarket.com/cards/SFD-020a?print_variation=showcase,showcase,,¥1.08,$1.91,SFD-020a,"Draven, Vanquisher SFD-020a/221 Showcase CN ¥1.08 EN $1.91"
2026-09-11T19:27:05+00:00,https://bilgewatermarket.com/cards,Ferrous Forerunner,nonfoil,3.03,https://bilgewatermarket.com/cards/SFD-021,normal,,¥2.34,$3.03,SFD-021,Ferrous Forerunner SFD-021/221 CN ¥2.34 EN $3.03
2026-09-11T19:27:05+00:00,https://bilgewatermarket.com/cards,Long Sword,nonfoil,0.43,https://bilgewatermarket.com/cards/SFD-022,normal,,¥1.18,$0.43,SFD-022,Long Sword SFD-022/221 CN ¥1.18 EN $0.43
2026-09-11T19:27:05+00:00,https://bilgewatermarket.com/cards,Long Sword,nonfoil,0.26,https://bilgewatermarket.com/cards/SFD-022?print_variation=promo[summoner skirmish participation],promo[summoner skirmish participation],,,$0.26,SFD-022,Long Sword SFD-022/221 EN $0.26
2026-09-11T19:27:05+00:00,https://bilgewatermarket.com/cards,Long Sword,nonfoil,64.90,https://bilgewatermarket.com/cards/SFD-022?print_variation=promo[上位],promo[上位],,¥64.90,,SFD-022,Long Sword SFD-022/221 CN ¥64.90
2026-09-11T19:27:05+00:00,https://bilgewatermarket.com/cards,Piercing Light,nonfoil,0.30,https://bilgewatermarket.com/cards/SFD-023,normal,,¥1.27,$0.30,SFD-023,Piercing Light SFD-023/221 CN ¥1.27 EN $0.30
2026-09-11T19:27:05+00:00,https://bilgewatermarket.com/cards,"Rell, Magnetic",nonfoil,0.19,https://bilgewatermarket.com/cards/SFD-024,normal,,¥0.59,$0.19,SFD-024,"Rell, Magnetic SFD-024/221 CN ¥0.59 EN $0.19"
2026-09-11T19:27:05+00:00,https://bilgewatermarket.com/cards,"Rengar, Pouncing",nonfoil,0.64,https://bilgewatermarket.com/cards/SFD-025,normal,,¥0.95,$0.64,SFD-025,"Rengar, Pouncing SFD-025/221 CN ¥0.95 EN $0.64"
2026-09-11T19:27:05+00:00,https://bilgewatermarket.com/cards,"Rengar, Pouncing",nonfoil,3931.87,https://bilgewatermarket.com/cards/SFD-025a?print_variation=promo,promo,,¥3931.87,,SFD-025a,"Rengar, Pouncing SFD-025a/221 CN ¥3931.87"
2026-09-11T19:27:05+00:00,https://bilgewatermarket.com/cards,"Rumble, Hotheaded",nonfoil,0.21,https://bilgewatermarket.com/cards/SFD-026,normal,,¥0.52,$0.21,SFD-026,"Rumble, Hotheaded SFD-026/221 CN ¥0.52 EN $0.21"
2026-09-11T19:27:05+00:00,https://bilgewatermarket.com/cards,"Rumble, Hotheaded",nonfoil,1.28,https://bilgewatermarket.com/cards/SFD-026a?print_variation=showcase,showcase,,¥2.48,$1.28,SFD-026a,"Rumble, Hotheaded SFD-026a/221 Showcase CN ¥2.48 EN $1.28"
2026-09-11T19:27:05+00:00,https://bilgewatermarket.com/cards,Dunebreaker,nonfoil,1.05,https://bilgewatermarket.com/cards/SFD-027,normal,,¥3.63,$1.05,SFD-027,Dunebreaker SFD-027/221 CN ¥3.63 EN $1.05
2026-09-11T19:27:05+00:00,https://bilgewatermarket.com/cards,"Lucian, Gunslinger",nonfoil,0.77,https://bilgewatermarket.com/cards/SFD-028,normal,,¥1.02,$0.77,SFD-028,"Lucian, Gunslinger SFD-028/221 CN ¥1.02 EN $0.77"
2026-09-11T19:27:05+00:00,https://bilgewatermarket.com/cards,"Lucian, Gunslinger",nonfoil,1.31,https://bilgewatermarket.com/cards/SFD-028a?print_variation=showcase,showcase,,¥1.51,$1.31,SFD-028a,"Lucian, Gunslinger SFD-028a/221 Showcase CN ¥1.51 EN $1.31"
2026-09-11T19:27:05+00:00,https://bilgewatermarket.com/cards,"Rek'Sai, Breacher",nonfoil,10.72,https://bilgewatermarket.com/cards/SFD-029,normal,,¥4.68,$10.72,SFD-029,"Rek'Sai, Breacher SFD-029/221 CN ¥4.68 EN $10.72"
2026-09-11T19:27:05+00:00,https://bilgewatermarket.com/cards,"Rek'Sai, Breacher",nonfoil,11.13,https://bilgewatermarket.com/cards/SFD-029a?print_variation=showcase,showcase,,¥6.45,$11.13,SFD-029a,"Rek'Sai, Breacher SFD-029a/221 Showcase CN ¥6.45 EN $11.13"
2026-09-11T19:27:05+00:00,https://bilgewatermarket.com/cards,Skyfall of Areion,nonfoil,5.13,https://bilgewatermarket.com/cards/SFD-030,normal,,¥6.45,$5.13,SFD-030,Skyfall of Areion SFD-030/221 CN ¥6.45 EN $5.13
2026-09-11T19:27:05+00:00,https://bilgewatermarket.com/cards,Desert's Call,foil,0.26,https://bilgewatermarket.com/cards/SFD-031?print_variation=foiled,foiled,,¥1.03,$0.26,SFD-031,Desert's Call SFD-031/221 Foiled CN ¥1.03 EN $0.26
2026-09-11T19:27:05+00:00,https://bilgewatermarket.com/cards,Desert's Call,nonfoil,0.16,https://bilgewatermarket.com/cards/SFD-031,normal,,¥0.51,$0.16,SFD-031,Desert's Call SFD-031/221 CN ¥0.51 EN $0.16
2026-09-11T19:27:05+00:00,https://bilgewatermarket.com/cards,Disarming Rake,foil,0.49,https://bilgewatermarket.com/cards/SFD-032?print_variation=foiled,foiled,,¥1.65,$0.49,SFD-032,Disarming Rake SFD-032/221 Foiled CN ¥1.65 EN $0.49
2026-09-11T19:27:05+00:00,https://bilgewatermarket.com/cards,Disarming Rake,nonfoil,0.15,https://bilgewatermarket.com/cards/SFD-032,normal,,¥0.60,$0.15,SFD-032,Disarming Rake SFD-032/221 CN ¥0.60 EN $0.15
2026-09-11T19:27:05+00:00,https://bilgewatermarket.com/cards,Doran's Shield,foil,0.26,https://bilgewatermarket.com/cards/SFD-033?print_variation=foiled,foiled,,¥0.74,$0.26,SFD-033,Doran's Shield SFD-033/221 Foiled CN ¥0.74 EN $0.26
2026-09-11T19:27:05+00:00,https://bilgewatermarket.com/cards,Doran's Shield,nonfoil,0.09,https://bilgewatermarket.com/cards/SFD-033,normal,,¥0.54,$0.09,SFD-033,Doran's Shield SFD-033/221 CN ¥0.54 EN $0.09
2026-09-11T19:27:05+00:00,https://bilgewatermarket.com/cards,Doran's Shield,nonfoil,0.26,https://bilgewatermarket.com/cards/SFD-033?print_variation=promo,promo,,¥1.14,$0.26,SFD-033,Doran's Shield SFD-033/221 CN ¥1.14 EN $0.26
2026-09-11T19:27:05+00:00,https://bilgewatermarket.com/cards,Feral Strength,foil,0.18,https://bilgewatermarket.com/cards/SFD-034?print_variation=foiled,foiled,,¥0.50,$0.18,SFD-034,Feral Strength SFD-034/221 Foiled CN ¥0.50 EN $0.18
2026-09-11T19:27:05+00:00,https://bilgewatermarket.com/cards,Feral Strength,nonfoil,0.11,https://bilgewatermarket.com/cards/SFD-034,normal,,¥0.50,$0.11,SFD-034,Feral Strength SFD-034/221 CN ¥0.50 EN $0.11
2026-09-11T19:27:05+00:00,https://bilgewatermarket.com/cards,Guardian of the Passage,foil,0.17,https://bilgewatermarket.com/cards/SFD-035?print_variation=foiled,foiled,,¥0.50,$0.17,SFD-035,Guardian of the Passage SFD-035/221 Foiled CN ¥0.50 EN $0.17
2026-09-11T19:27:05+00:00,https://bilgewatermarket.com/cards,Guardian of the Passage,nonfoil,0.09,https://bilgewatermarket.com/cards/SFD-035,normal,,¥0.50,$0.09,SFD-035,Guardian of the Passage SFD-035/221 CN ¥0.50 EN $0.09
2026-09-11T19:27:05+00:00,https://bilgewatermarket.com/cards,Lonely Poro,foil,0.65,https://bilgewatermarket.com/cards/SFD-036?print_variation=foiled,foiled,,¥2.06,$0.65,SFD-036,Lonely Poro SFD-036/221 Foiled CN ¥2.06 EN $0.65
2026-09-11T19:27:05+00:00,https://bilgewatermarket.com/cards,Lonely Poro,nonfoil,0.13,https://bilgewatermarket.com/cards/SFD-036,normal,,¥0.64,$0.13,SFD-036,Lonely Poro SFD-036/221 CN ¥0.64 EN $0.13
2026-09-11T19:27:05+00:00,https://bilgewatermarket.com/cards,Navori Scout,foil,0.16,https://bilgewatermarket.com/cards/SFD-037?print_variation=foiled,foiled,,¥0.50,$0.16,SFD-037,Navori Scout SFD-037/221 Foiled CN ¥0.50 EN $0.16
2026-09-11T19:27:05+00:00,https://bilgewatermarket.com/cards,Navori Scout,nonfoil,0.05,https://bilgewatermarket.com/cards/SFD-037,normal,,¥0.50,$0.05,SFD-037,Navori Scout SFD-037/221 CN ¥0.50 EN $0.05
2026-09-11T19:27:05+00:00,https://bilgewatermarket.com/cards,Navori Scout,nonfoil,0.16,https://bilgewatermarket.com/cards/SFD-037?print_variation=promo,promo,,¥0.54,$0.16,SFD-037,Navori Scout SFD-037/221 CN ¥0.54 EN $0.16
2026-09-11T19:27:05+00:00,https://bilgewatermarket.com/cards,Ribbon Dancer,foil,0.15,https://bilgewatermarket.com/cards/SFD-038?print_variation=foiled,foiled,,¥0.50,$0.15,SFD-038,Ribbon Dancer SFD-038/221 Foiled CN ¥0.50 EN $0.15
2026-09-11T19:27:05+00:00,https://bilgewatermarket.com/cards,Ribbon Dancer,nonfoil,0.05,https://bilgewatermarket.com/cards/SFD-038,normal,,¥0.33,$0.05,SFD-038,Ribbon Dancer SFD-038/221 CN ¥0.33 EN $0.05
2026-09-11T19:27:05+00:00,https://bilgewatermarket.com/cards,Royal Entourage,foil,0.20,https://bilgewatermarket.com/cards/SFD-039?print_variation=foiled,foiled,,¥0.50,$0.20,SFD-039,Royal Entourage SFD-039/221 Foiled CN ¥0.50 EN $0.20
2026-09-11T19:27:05+00:00,https://bilgewatermarket.com/cards,Royal Entourage,nonfoil,0.04,https://bilgewatermarket.com/cards/SFD-039,normal,,¥0.30,$0.04,SFD-039,Royal Entourage SFD-039/221 CN ¥0.30 EN $0.04
2026-09-11T19:27:05+00:00,https://bilgewatermarket.com/cards,Thwonk!,foil,0.21,https://bilgewatermarket.com/cards/SFD-040?print_variation=foiled,foiled,,¥1.03,$0.21,SFD-040,Thwonk! SFD-040/221 Foiled CN ¥1.03 EN $0.21
2026-09-11T19:27:05+00:00,https://bilgewatermarket.com/cards,Thwonk!,nonfoil,0.12,https://bilgewatermarket.com/cards/SFD-040,normal,,¥0.54,$0.12,SFD-040,Thwonk! SFD-040/221 CN ¥0.54 EN $0.12
2026-09-11T19:27:05+00:00,https://bilgewatermarket.com/cards,Apprentice Smith,foil,0.27,https://bilgewatermarket.com/cards/SFD-041?print_variation=foiled,foiled,,¥0.78,$0.27,SFD-041,Apprentice Smith SFD-041/221 Foiled CN ¥0.78 EN $0.27
2026-09-11T19:27:05+00:00,https://bilgewatermarket.com/cards,Apprentice Smith,nonfoil,0.10,https://bilgewatermarket.com/cards/SFD-041,normal,,¥0.51,$0.10,SFD-041,Apprentice Smith SFD-041/221 CN ¥0.51 EN $0.10
2026-09-11T19:27:05+00:00,https://bilgewatermarket.com/cards,Brutalizer,foil,1.52,https://bilgewatermarket.com/cards/SFD-042?print_variation=foiled,foiled,,¥2.65,$1.52,SFD-042,Brutalizer SFD-042/221 Foiled CN ¥2.65 EN $1.52
2026-09-11T19:27:05+00:00,https://bilgewatermarket.com/cards,Brutalizer,nonfoil,0.37,https://bilgewatermarket.com/cards/SFD-042,normal,,¥1.20,$0.37,SFD-042,Brutalizer SFD-042/221 CN ¥1.20 EN $0.37
2026-09-11T19:27:05+00:00,https://bilgewatermarket.com/cards,Emperor's Divide,foil,1.20,https://bilgewatermarket.com/cards/SFD-043?print_variation=foiled,foiled,,¥2.68,$1.20,SFD-043,Emperor's Divide SFD-043/221 Foiled CN ¥2.68 EN $1.20
2026-09-11T19:27:05+00:00,https://bilgewatermarket.com/cards,Emperor's Divide,nonfoil,0.44,https://bilgewatermarket.com/cards/SFD-043,normal,,¥1.13,$0.44,SFD-043,Emperor's Divide SFD-043/221 CN ¥1.13 EN $0.44
2026-09-11T19:27:05+00:00,https://bilgewatermarket.com/cards,Legion Quartermaster,foil,0.23,https://bilgewatermarket.com/cards/SFD-044?print_variation=foiled,foiled,,¥0.86,$0.23,SFD-044,Legion Quartermaster SFD-044/221 Foiled CN ¥0.86 EN $0.23
2026-09-11T19:27:05+00:00,https://bilgewatermarket.com/cards,Legion Quartermaster,nonfoil,0.10,https://bilgewatermarket.com/cards/SFD-044,normal,,¥0.50,$0.10,SFD-044,Legion Quartermaster SFD-044/221 CN ¥0.50 EN $0.10
2026-09-11T19:27:05+00:00,https://bilgewatermarket.com/cards,Not So Fast,foil,4.21,https://bilgewatermarket.com/cards/SFD-045?print_variation=foiled,foiled,,¥8.29,$4.21,SFD-045,Not So Fast SFD-045/221 Foiled CN ¥8.29 EN $4.21
2026-09-11T19:27:05+00:00,https://bilgewatermarket.com/cards,Not So Fast,nonfoil,1.66,https://bilgewatermarket.com/cards/SFD-045,normal,,¥2.88,$1.66,SFD-045,Not So Fast SFD-045/221 CN ¥2.88 EN $1.66
2026-09-11T19:27:05+00:00,https://bilgewatermarket.com/cards,Poro Snax,foil,0.49,https://bilgewatermarket.com/cards/SFD-046?print_variation=foiled,foiled,,¥1.50,$0.49,SFD-046,Poro Snax SFD-046/221 Foiled CN ¥1.50 EN $0.49
2026-09-11T19:27:05+00:00,https://bilgewatermarket.com/cards,Poro Snax,nonfoil,0.20,https://bilgewatermarket.com/cards/SFD-046,normal,,¥0.54,$0.20,SFD-046,Poro Snax SFD-046/221 CN ¥0.54 EN $0.20
2026-09-11T19:27:05+00:00,https://bilgewatermarket.com/cards,Simian Ancestor,foil,0.16,https://bilgewatermarket.com/cards/SFD-047?print_variation=foiled,foiled,,¥0.50,$0.16,SFD-047,Simian Ancestor SFD-047/221 Foiled CN ¥0.50 EN $0.16
2026-09-11T19:27:05+00:00,https://bilgewatermarket.com/cards,Simian Ancestor,nonfoil,0.10,https://bilgewatermarket.com/cards/SFD-047,normal,,¥0.32,$0.10,SFD-047,Simian Ancestor SFD-047/221 CN ¥0.32 EN $0.10
2026-09-11T19:27:05+00:00,https://bilgewatermarket.com/cards,Stellacorn Herder,foil,2.82,https://bilgewatermarket.com/cards/SFD-048?print_variation=foiled,foiled,,¥3.50,$2.82,SFD-048,Stellacorn Herder SFD-048/221 Foiled CN ¥3.50 EN $2.82
2026-09-11T19:27:05+00:00,https://bilgewatermarket.com/cards,Stellacorn Herder,nonfoil,1.97,https://bilgewatermarket.com/cards/SFD-048,normal,,¥1.44,$1.97,SFD-048,Stellacorn Herder SFD-048/221 CN ¥1.44 EN $1.97
2026-09-11T19:27:05+00:00,https://bilgewatermarket.com/cards,Stellacorn Herder,nonfoil,2.82,https://bilgewatermarket.com/cards/SFD-048?print_variation=promo,promo,,¥2.74,$2.82,SFD-048,Stellacorn Herder SFD-048/221 CN ¥2.74 EN $2.82
2026-09-11T19:27:05+00:00,https://bilgewatermarket.com/cards,"Aphelios, Exalted",nonfoil,0.21,https://bilgewatermarket.com/cards/SFD-049,normal,,¥0.52,$0.21,SFD-049,"Aphelios, Exalted SFD-049/221 CN ¥0.52 EN $0.21"
2026-09-11T19:27:05+00:00,https://bilgewatermarket.com/cards,"Azir, Ascendant",nonfoil,0.19,https://bilgewatermarket.com/cards/SFD-050,normal,,¥0.64,$0.19,SFD-050,"Azir, Ascendant SFD-050/221 CN ¥0.64 EN $0.19"
2026-09-11T19:27:05+00:00,https://bilgewatermarket.com/cards,"Azir, Ascendant",nonfoil,0.77,https://bilgewatermarket.com/cards/SFD-050a?print_variation=showcase,showcase,,¥3.06,$0.77,SFD-050a,"Azir, Ascendant SFD-050a/221 Showcase CN ¥3.06 EN $0.77"
2026-09-11T19:27:05+00:00,https://bilgewatermarket.com/cards,Guardian Angel,nonfoil,1.67,https://bilgewatermarket.com/cards/SFD-051,normal,,¥4.18,$1.67,SFD-051,Guardian Angel SFD-051/221 CN ¥4.18 EN $1.67
2026-09-11T19:27:05+00:00,https://bilgewatermarket.com/cards,Guardian Angel,nonfoil,4.60,https://bilgewatermarket.com/cards/SFD-051?print_variation=promo[summoner skirmish top 8],promo[summoner skirmish top 8],,,$4.60,SFD-051,Guardian Angel SFD-051/221 EN $4.60
2026-09-11T19:27:05+00:00,https://bilgewatermarket.com/cards,Guardian Angel,nonfoil,1797.40,https://bilgewatermarket.com/cards/SFD-051?print_variation=promo[冠军],promo[冠军],,¥1797.40,,SFD-051,Guardian Angel SFD-051/221 CN ¥1797.40
2026-09-11T19:27:05+00:00,https://bilgewatermarket.com/cards,Heart of Dark Ice,nonfoil,0.33,https://bilgewatermarket.com/cards/SFD-052,normal,,¥0.98,$0.33,SFD-052,Heart of Dark Ice SFD-052/221 CN ¥0.98 EN $0.33
2026-09-11T19:27:05+00:00,https://bilgewatermarket.com/cards,"Janna, Savior",nonfoil,0.50,https://bilgewatermarket.com/cards/SFD-053,normal,,¥1.28,$0.50,SFD-053,"Janna, Savior SFD-053/221 CN ¥1.28 EN $0.50"
2026-09-11T19:27:05+00:00,https://bilgewatermarket.com/cards,"Jax, Unmatched",nonfoil,0.18,https://bilgewatermarket.com/cards/SFD-054,normal,,¥0.52,$0.18,SFD-054,"Jax, Unmatched SFD-054/221 CN ¥0.52 EN $0.18"
2026-09-11T19:27:05+00:00,https://bilgewatermarket.com/cards,"Jax, Unmatched",nonfoil,1.35,https://bilgewatermarket.com/cards/SFD-054a?print_variation=showcase,showcase,,¥3.42,$1.35,SFD-054a,"Jax, Unmatched SFD-054a/221 Showcase CN ¥3.42 EN $1.35"
2026-09-11T19:27:05+00:00,https://bilgewatermarket.com/cards,Needlessly Large Yordle,nonfoil,0.11,https://bilgewatermarket.com/cards/SFD-055,normal,,¥0.50,$0.11,SFD-055,Needlessly Large Yordle SFD-055/221 CN ¥0.50 EN $0.11
2026-09-11T19:27:05+00:00,https://bilgewatermarket.com/cards,Sterak's Gage,nonfoil,0.35,https://bilgewatermarket.com/cards/SFD-056,normal,,¥0.91,$0.35,SFD-056,Sterak's Gage SFD-056/221 CN ¥0.91 EN $0.35
2026-09-11T19:27:05+00:00,https://bilgewatermarket.com/cards,"Irelia, Fervent",nonfoil,29.80,https://bilgewatermarket.com/cards/SFD-057,normal,,¥29.10,$29.80,SFD-057,"Irelia, Fervent SFD-057/221 CN ¥29.10 EN $29.80"
2026-09-11T19:27:05+00:00,https://bilgewatermarket.com/cards,"Irelia, Fervent",nonfoil,30.76,https://bilgewatermarket.com/cards/SFD-057a?print_variation=showcase,showcase,,¥35.13,$30.76,SFD-057a,"Irelia, Fervent SFD-057a/221 Showcase CN ¥35.13 EN $30.76"
2026-09-11T19:27:05+00:00,https://bilgewatermarket.com/cards,"Ornn, Blacksmith",nonfoil,1.82,https://bilgewatermarket.com/cards/SFD-058,normal,,¥1.38,$1.82,SFD-058,"Ornn, Blacksmith SFD-058/221 CN ¥1.38 EN $1.82"
2026-09-11T19:27:05+00:00,https://bilgewatermarket.com/cards,"Ornn, Blacksmith",nonfoil,4.16,https://bilgewatermarket.com/cards/SFD-058a?print_variation=showcase,showcase,,¥3.37,$4.16,SFD-058a,"Ornn, Blacksmith SFD-058a/221 Showcase CN ¥3.37 EN $4.16"
2026-09-11T19:27:05+00:00,https://bilgewatermarket.com/cards,Svellsongur,nonfoil,12.86,https://bilgewatermarket.com/cards/SFD-059,normal,,¥25.77,$12.86,SFD-059,Svellsongur SFD-059/221 CN ¥25.77 EN $12.86
2026-09-11T19:27:05+00:00,https://bilgewatermarket.com/cards,Svellsongur,nonfoil,21.52,https://bilgewatermarket.com/cards/SFD-059?print_variation=promo,promo,,¥378.10,$21.52,SFD-059,Svellsongur SFD-059/221 CN ¥378.10 EN $21.52
2026-09-11T19:27:05+00:00,https://bilgewatermarket.com/cards,Tianna Crownguard,nonfoil,2.04,https://bilgewatermarket.com/cards/SFD-060,normal,,¥4.72,$2.04,SFD-060,Tianna Crownguard SFD-060/221 CN ¥4.72 EN $2.04
2026-09-11T19:27:05+00:00,https://bilgewatermarket.com/cards,Aspiring Engineer,foil,0.22,https://bilgewatermarket.com/cards/SFD-061?print_variation=foiled,foiled,,¥0.65,$0.22,SFD-061,Aspiring Engineer SFD-061/221 Foiled CN ¥0.65 EN $0.22
2026-09-11T19:27:05+00:00,https://bilgewatermarket.com/cards,Aspiring Engineer,nonfoil,0.06,https://bilgewatermarket.com/cards/SFD-061,normal,,¥0.51,$0.06,SFD-061,Aspiring Engineer SFD-061/221 CN ¥0.51 EN $0.06
2026-09-11T19:27:05+00:00,https://bilgewatermarket.com/cards,Bubble Bot,foil,0.22,https://bilgewatermarket.com/cards/SFD-062?print_variation=foiled,foiled,,¥0.50,$0.22,SFD-062,Bubble Bot SFD-062/221 Foiled CN ¥0.50 EN $0.22
2026-09-11T19:27:05+00:00,https://bilgewatermarket.com/cards,Bubble Bot,nonfoil,0.10,https://bilgewatermarket.com/cards/SFD-062,normal,,¥0.50,$0.10,SFD-062,Bubble Bot SFD-062/221 CN ¥0.50 EN $0.10
2026-09-11T19:27:05+00:00,https://bilgewatermarket.com/cards,Chemtech Cask,foil,0.23,https://bilgewatermarket.com/cards/SFD-063?print_variation=foiled,foiled,,¥0.50,$0.23,SFD-063,Chemtech Cask SFD-063/221 Foiled CN ¥0.50 EN $0.23
2026-09-11T19:27:05+00:00,https://bilgewatermarket.com/cards,Chemtech Cask,nonfoil,0.07,https://bilgewatermarket.com/cards/SFD-063,normal,,¥0.50,$0.07,SFD-063,Chemtech Cask SFD-063/221 CN ¥0.50 EN $0.07
2026-09-11T19:27:05+00:00,https://bilgewatermarket.com/cards,Cloth Armor,foil,0.22,https://bilgewatermarket.com/cards/SFD-064?print_variation=foiled,foiled,,¥0.62,$0.22,SFD-064,Cloth Armor SFD-064/221 Foiled CN ¥0.62 EN $0.22
2026-09-11T19:27:05+00:00,https://bilgewatermarket.com/cards,Cloth Armor,nonfoil,0.08,https://bilgewatermarket.com/cards/SFD-064,normal,,¥0.50,$0.08,SFD-064,Cloth Armor SFD-064/221 CN ¥0.50 EN $0.08
2026-09-11T19:27:05+00:00,https://bilgewatermarket.com/cards,Cloth Armor,nonfoil,0.22,https://bilgewatermarket.com/cards/SFD-064?print_variation=promo,promo,,¥0.87,$0.22,SFD-064,Cloth Armor SFD-064/221 CN ¥0.87 EN $0.22
2026-09-11T19:27:05+00:00,https://bilgewatermarket.com/cards,Forecaster,foil,0.18,https://bilgewatermarket.com/cards/SFD-065?print_variation=foiled,foiled,,¥1.37,$0.18,SFD-065,Forecaster SFD-065/221 Foiled CN ¥1.37 EN $0.18
2026-09-11T19:27:05+00:00,https://bilgewatermarket.com/cards,Forecaster,nonfoil,0.06,https://bilgewatermarket.com/cards/SFD-065,normal,,¥0.51,$0.06,SFD-065,Forecaster SFD-065/221 CN ¥0.51 EN $0.06
2026-09-11T19:27:05+00:00,https://bilgewatermarket.com/cards,Frigid Touch,foil,0.27,https://bilgewatermarket.com/cards/SFD-066?print_variation=foiled,foiled,,¥0.90,$0.27,SFD-066,Frigid Touch SFD-066/221 Foiled CN ¥0.90 EN $0.27
2026-09-11T19:27:05+00:00,https://bilgewatermarket.com/cards,Frigid Touch,nonfoil,0.06,https://bilgewatermarket.com/cards/SFD-066,normal,,¥0.71,$0.06,SFD-066,Frigid Touch SFD-066/221 CN ¥0.71 EN $0.06
2026-09-11T19:27:05+00:00,https://bilgewatermarket.com/cards,Frostcoat Cub,foil,0.16,https://bilgewatermarket.com/cards/SFD-067?print_variation=foiled,foiled,,¥0.50,$0.16,SFD-067,Frostcoat Cub SFD-067/221 Foiled CN ¥0.50 EN $0.16
2026-09-11T19:27:05+00:00,https://bilgewatermarket.com/cards,Frostcoat Cub,nonfoil,0.05,https://bilgewatermarket.com/cards/SFD-067,normal,,¥0.31,$0.05,SFD-067,Frostcoat Cub SFD-067/221 CN ¥0.31 EN $0.05
2026-09-11T19:27:05+00:00,https://bilgewatermarket.com/cards,Frostcoat Cub,nonfoil,0.16,https://bilgewatermarket.com/cards/SFD-067?print_variation=promo,promo,,¥0.93,$0.16,SFD-067,Frostcoat Cub SFD-067/221 CN ¥0.93 EN $0.16
2026-09-11T19:27:05+00:00,https://bilgewatermarket.com/cards,Gearhead,foil,0.20,https://bilgewatermarket.com/cards/SFD-068?print_variation=foiled,foiled,,¥0.50,$0.20,SFD-068,Gearhead SFD-068/221 Foiled CN ¥0.50 EN $0.20
2026-09-11T19:27:05+00:00,https://bilgewatermarket.com/cards,Gearhead,nonfoil,0.05,https://bilgewatermarket.com/cards/SFD-068,normal,,¥0.50,$0.05,SFD-068,Gearhead SFD-068/221 CN ¥0.50 EN $0.05
2026-09-11T19:27:05+00:00,https://bilgewatermarket.com/cards,Plundering Poro,foil,0.47,https://bilgewatermarket.com/cards/SFD-069?print_variation=foiled,foiled,,¥1.75,$0.47,SFD-069,Plundering Poro SFD-069/221 Foiled CN ¥1.75 EN $0.47
2026-09-11T19:27:05+00:00,https://bilgewatermarket.com/cards,Plundering Poro,nonfoil,0.15,https://bilgewatermarket.com/cards/SFD-069,normal,,¥0.51,$0.15,SFD-069,Plundering Poro SFD-069/221 CN ¥0.51 EN $0.15
2026-09-11T19:27:05+00:00,https://bilgewatermarket.com/cards,Wages of Pain,foil,0.72,https://bilgewatermarket.com/cards/SFD-070?print_variation=foiled,foiled,,¥1.48,$0.72,SFD-070,Wages of Pain SFD-070/221 Foiled CN ¥1.48 EN $0.72
2026-09-11T19:27:05+00:00,https://bilgewatermarket.com/cards,Wages of Pain,nonfoil,0.11,https://bilgewatermarket.com/cards/SFD-070,normal,,¥0.52,$0.11,SFD-070,Wages of Pain SFD-070/221 CN ¥0.52 EN $0.11
2026-09-11T19:27:05+00:00,https://bilgewatermarket.com/cards,Breakneck Mech,foil,0.27,https://bilgewatermarket.com/cards/SFD-071?print_variation=foiled,foiled,,¥0.50,$0.27,SFD-071,Breakneck Mech SFD-071/221 Foiled CN ¥0.50 EN $0.27
2026-09-11T19:27:05+00:00,https://bilgewatermarket.com/cards,Breakneck Mech,nonfoil,0.11,https://bilgewatermarket.com/cards/SFD-071,normal,,¥0.50,$0.11,SFD-071,Breakneck Mech SFD-071/221 CN ¥0.50 EN $0.11
2026-09-11T19:27:05+00:00,https://bilgewatermarket.com/cards,Dropboarder,foil,0.32,https://bilgewatermarket.com/cards/SFD-072?print_variation=foiled,foiled,,¥0.52,$0.32,SFD-072,Dropboarder SFD-072/221 Foiled CN ¥0.52 EN $0.32
2026-09-11T19:27:05+00:00,https://bilgewatermarket.com/cards,Dropboarder,nonfoil,0.12,https://bilgewatermarket.com/cards/SFD-072,normal,,¥0.51,$0.12,SFD-072,Dropboarder SFD-072/221 CN ¥0.51 EN $0.12
2026-09-11T19:27:05+00:00,https://bilgewatermarket.com/cards,Experimental Hexplate,foil,0.27,https://bilgewatermarket.com/cards/SFD-073?print_variation=foiled,foiled,,¥0.76,$0.27,SFD-073,Experimental Hexplate SFD-073/221 Foiled CN ¥0.76 EN $0.27
2026-09-11T19:27:05+00:00,https://bilgewatermarket.com/cards,Experimental Hexplate,nonfoil,0.10,https://bilgewatermarket.com/cards/SFD-073,normal,,¥0.50,$0.10,SFD-073,Experimental Hexplate SFD-073/221 CN ¥0.50 EN $0.10
2026-09-11T19:27:05+00:00,https://bilgewatermarket.com/cards,Pickpocket,foil,1.44,https://bilgewatermarket.com/cards/SFD-074?print_variation=foiled,foiled,,¥1.28,$1.44,SFD-074,Pickpocket SFD-074/221 Foiled CN ¥1.28 EN $1.44
2026-09-11T19:27:05+00:00,https://bilgewatermarket.com/cards,Pickpocket,nonfoil,0.23,https://bilgewatermarket.com/cards/SFD-074,normal,,¥0.62,$0.23,SFD-074,Pickpocket SFD-074/221 CN ¥0.62 EN $0.23
2026-09-11T19:27:05+00:00,https://bilgewatermarket.com/cards,Prize of Progress,foil,0.22,https://bilgewatermarket.com/cards/SFD-075?print_variation=foiled,foiled,,¥0.70,$0.22,SFD-075,Prize of Progress SFD-075/221 Foiled CN ¥0.70 EN $0.22
2026-09-11T19:27:05+00:00,https://bilgewatermarket.com/cards,Prize of Progress,nonfoil,0.07,https://bilgewatermarket.com/cards/SFD-075,normal,,¥0.50,$0.07,SFD-075,Prize of Progress SFD-075/221 CN ¥0.50 EN $0.07
2026-09-11T19:27:05+00:00,https://bilgewatermarket.com/cards,Production Surge,foil,0.29,https://bilgewatermarket.com/cards/SFD-076?print_variation=foiled,foiled,,¥1.11,$0.29,SFD-076,Production Surge SFD-076/221 Foiled CN ¥1.11 EN $0.29
2026-09-11T19:27:05+00:00,https://bilgewatermarket.com/cards,Production Surge,nonfoil,0.08,https://bilgewatermarket.com/cards/SFD-076,normal,,¥0.53,$0.08,SFD-076,Production Surge SFD-076/221 CN ¥0.53 EN $0.08
2026-09-11T19:27:05+00:00,https://bilgewatermarket.com/cards,Production Surge,nonfoil,0.29,https://bilgewatermarket.com/cards/SFD-076?print_variation=promo,promo,,¥1.19,$0.29,SFD-076,Production Surge SFD-076/221 CN ¥1.19 EN $0.29
2026-09-11T19:27:05+00:00,https://bilgewatermarket.com/cards,Rocket Barrage,foil,1.01,https://bilgewatermarket.com/cards/SFD-077?print_variation=foiled,foiled,,¥1.73,$1.01,SFD-077,Rocket Barrage SFD-077/221 Foiled CN ¥1.73 EN $1.01
2026-09-11T19:27:05+00:00,https://bilgewatermarket.com/cards,Rocket Barrage,nonfoil,0.15,https://bilgewatermarket.com/cards/SFD-077,normal,,¥0.81,$0.15,SFD-077,Rocket Barrage SFD-077/221 CN ¥0.81 EN $0.15
2026-09-11T19:27:05+00:00,https://bilgewatermarket.com/cards,Temporal Portal,foil,0.23,https://bilgewatermarket.com/cards/SFD-078?print_variation=foiled,foiled,,¥0.50,$0.23,SFD-078,Temporal Portal SFD-078/221 Foiled CN ¥0.50 EN $0.23
2026-09-11T19:27:05+00:00,https://bilgewatermarket.com/cards,Temporal Portal,nonfoil,0.08,https://bilgewatermarket.com/cards/SFD-078,normal,,¥0.60,$0.08,SFD-078,Temporal Portal SFD-078/221 CN ¥0.60 EN $0.08
2026-09-11T19:27:05+00:00,https://bilgewatermarket.com/cards,"Bard, Mercurial",nonfoil,0.19,https://bilgewatermarket.com/cards/SFD-079,normal,,¥0.56,$0.19,SFD-079,"Bard, Mercurial SFD-079/221 CN ¥0.56 EN $0.19"
2026-09-11T19:27:05+00:00,https://bilgewatermarket.com/cards,Bellows Breath,nonfoil,3.87,https://bilgewatermarket.com/cards/SFD-080,normal,,¥5.88,$3.87,SFD-080,Bellows Breath SFD-080/221 CN ¥5.88 EN $3.87
2026-09-11T19:27:05+00:00,https://bilgewatermarket.com/cards,Card Sharp,nonfoil,0.26,https://bilgewatermarket.com/cards/SFD-081,normal,,¥1.40,$0.26,SFD-081,Card Sharp SFD-081/221 CN ¥1.40 EN $0.26
2026-09-11T19:27:05+00:00,https://bilgewatermarket.com/cards,"Ezreal, Dashing",nonfoil,0.17,https://bilgewatermarket.com/cards/SFD-082,normal,,¥0.50,$0.17,SFD-082,"Ezreal, Dashing SFD-082/221 CN ¥0.50 EN $0.17"
2026-09-11T19:27:05+00:00,https://bilgewatermarket.com/cards,"Ezreal, Dashing",nonfoil,53.14,https://bilgewatermarket.com/cards/SFD-082?print_variation=promo[参赛纪念],promo[参赛纪念],,¥53.14,,SFD-082,"Ezreal, Dashing SFD-082/221 CN ¥53.14"
2026-09-11T19:27:05+00:00,https://bilgewatermarket.com/cards,"Ezreal, Dashing",nonfoil,1.27,https://bilgewatermarket.com/cards/SFD-082a?print_variation=showcase,showcase,,¥1.97,$1.27,SFD-082a,"Ezreal, Dashing SFD-082a/221 Showcase CN ¥1.97 EN $1.27"
2026-09-11T19:27:05+00:00,https://bilgewatermarket.com/cards,Hextech Anomaly,nonfoil,0.19,https://bilgewatermarket.com/cards/SFD-083,normal,,¥0.50,$0.19,SFD-083,Hextech Anomaly SFD-083/221 CN ¥0.50 EN $0.19
2026-09-11T19:27:05+00:00,https://bilgewatermarket.com/cards,"Jayce, Man of Progress",nonfoil,0.29,https://bilgewatermarket.com/cards/SFD-084,normal,,¥0.95,$0.29,SFD-084,"Jayce, Man of Progress SFD-084/221 CN ¥0.95 EN $0.29"
2026-09-11T19:27:05+00:00,https://bilgewatermarket.com/cards,"Jayce, Man of Progress",nonfoil,1.64,https://bilgewatermarket.com/cards/SFD-084?print_variation=promo,promo,,¥1.64,,SFD-084,"Jayce, Man of Progress SFD-084/221 CN ¥1.64"
2026-09-11T19:27:05+00:00,https://bilgewatermarket.com/cards,"Ornn, Forge God",nonfoil,0.24,https://bilgewatermarket.com/cards/SFD-085,normal,,¥0.67,$0.24,SFD-085,"Ornn, Forge God SFD-085/221 CN ¥0.67 EN $0.24"
2026-09-11T19:27:05+00:00,https://bilgewatermarket.com/cards,"Ornn, Forge God",nonfoil,2.22,https://bilgewatermarket.com/cards/SFD-085a?print_variation=showcase,showcase,,¥3.74,$2.22,SFD-085a,"Ornn, Forge God SFD-085a/221 Showcase CN ¥3.74 EN $2.22"
2026-09-11T19:27:05+00:00,https://bilgewatermarket.com/cards,World Atlas,nonfoil,0.17,https://bilgewatermarket.com/cards/SFD-086,normal,,¥0.56,$0.17,SFD-086,World Atlas SFD-086/221 CN ¥0.56 EN $0.17
2026-09-11T19:27:05+00:00,https://bilgewatermarket.com/cards,World Atlas,nonfoil,0.28,https://bilgewatermarket.com/cards/SFD-086?print_variation=promo[summoner skirmish participation],promo[summoner skirmish participation],,,$0.28,SFD-086,World Atlas SFD-086/221 EN $0.28
2026-09-11T19:27:05+00:00,https://bilgewatermarket.com/cards,World Atlas,nonfoil,27.90,https://bilgewatermarket.com/cards/SFD-086?print_variation=promo[上位],promo[上位],,¥27.90,,SFD-086,World Atlas SFD-086/221 CN ¥27.90
2026-09-11T19:27:05+00:00,https://bilgewatermarket.com/cards,Premonition,nonfoil,9.08,https://bilgewatermarket.com/cards/SFD-087,normal,,¥13.06,$9.08,SFD-087,Premonition SFD-087/221 CN ¥13.06 EN $9.08
2026-09-11T19:27:05+00:00,https://bilgewatermarket.com/cards,"Renata Glasc, Mastermind",nonfoil,1.01,https://bilgewatermarket.com/cards/SFD-088,normal,,¥1.44,$1.01,SFD-088,"Renata Glasc, Mastermind SFD-088/221 CN ¥1.44 EN $1.01"
2026-09-11T19:27:05+00:00,https://bilgewatermarket.com/cards,"Renata Glasc, Mastermind",nonfoil,3.00,https://bilgewatermarket.com/cards/SFD-088a?print_variation=showcase,showcase,,¥3.83,$3.00,SFD-088a,"Renata Glasc, Mastermind SFD-088a/221 Showcase CN ¥3.83 EN $3.00"
2026-09-11T19:27:05+00:00,https://bilgewatermarket.com/cards,"Rumble, Scrapper",nonfoil,0.55,https://bilgewatermarket.com/cards/SFD-089,normal,,¥1.29,$0.55,SFD-089,"Rumble, Scrapper SFD-089/221 CN ¥1.29 EN $0.55"
2026-09-11T19:27:05+00:00,https://bilgewatermarket.com/cards,"Rumble, Scrapper",nonfoil,2.30,https://bilgewatermarket.com/cards/SFD-089a?print_variation=showcase,showcase,,¥2.47,$2.30,SFD-089a,"Rumble, Scrapper SFD-089a/221 Showcase CN ¥2.47 EN $2.30"
2026-09-11T19:27:05+00:00,https://bilgewatermarket.com/cards,The Zero Drive,nonfoil,4.29,https://bilgewatermarket.com/cards/SFD-090,normal,,¥3.68,$4.29,SFD-090,The Zero Drive SFD-090/221 CN ¥3.68 EN $4.29
2026-09-11T19:27:05+00:00,https://bilgewatermarket.com/cards,Buhru Captain,foil,0.17,https://bilgewatermarket.com/cards/SFD-091?print_variation=foiled,foiled,,¥0.50,$0.17,SFD-091,Buhru Captain SFD-091/221 Foiled CN ¥0.50 EN $0.17
2026-09-11T19:27:05+00:00,https://bilgewatermarket.com/cards,Buhru Captain,nonfoil,0.06,https://bilgewatermarket.com/cards/SFD-091,normal,,¥0.50,$0.06,SFD-091,Buhru Captain SFD-091/221 CN ¥0.50 EN $0.06
2026-09-11T19:27:05+00:00,https://bilgewatermarket.com/cards,Combat Chef,foil,0.11,https://bilgewatermarket.com/cards/SFD-092?print_variation=foiled,foiled,,¥0.50,$0.11,SFD-092,Combat Chef SFD-092/221 Foiled CN ¥0.50 EN $0.11
2026-09-11T19:27:05+00:00,https://bilgewatermarket.com/cards,Combat Chef,nonfoil,0.04,https://bilgewatermarket.com/cards/SFD-092,normal,,¥0.30,$0.04,SFD-092,Combat Chef SFD-092/221 CN ¥0.30 EN $0.04
2026-09-11T19:27:05+00:00,https://bilgewatermarket.com/cards,Dauntless Vanguard,foil,0.14,https://bilgewatermarket.com/cards/SFD-093?print_variation=foiled,foiled,,¥0.50,$0.14,SFD-093,Dauntless Vanguard SFD-093/221 Foiled CN ¥0.50 EN $0.14
2026-09-11T19:27:05+00:00,https://bilgewatermarket.com/cards,Dauntless Vanguard,nonfoil,0.08,https://bilgewatermarket.com/cards/SFD-093,normal,,¥0.50,$0.08,SFD-093,Dauntless Vanguard SFD-093/221 CN ¥0.50 EN $0.08
2026-09-11T19:27:05+00:00,https://bilgewatermarket.com/cards,Direwing,foil,0.21,https://bilgewatermarket.com/cards/SFD-094?print_variation=foiled,foiled,,¥0.51,$0.21,SFD-094,Direwing SFD-094/221 Foiled CN ¥0.51 EN $0.21
2026-09-11T19:27:05+00:00,https://bilgewatermarket.com/cards,Direwing,nonfoil,0.06,https://bilgewatermarket.com/cards/SFD-094,normal,,¥0.50,$0.06,SFD-094,Direwing SFD-094/221 CN ¥0.50 EN $0.06
2026-09-11T19:27:05+00:00,https://bilgewatermarket.com/cards,Doran's Blade,foil,0.21,https://bilgewatermarket.com/cards/SFD-095?print_variation=foiled,foiled,,¥1.00,$0.21,SFD-095,Doran's Blade SFD-095/221 Foiled CN ¥1.00 EN $0.21
2026-09-11T19:27:05+00:00,https://bilgewatermarket.com/cards,Doran's Blade,nonfoil,0.07,https://bilgewatermarket.com/cards/SFD-095,normal,,¥0.51,$0.07,SFD-095,Doran's Blade SFD-095/221 CN ¥0.51 EN $0.07
2026-09-11T19:27:05+00:00,https://bilgewatermarket.com/cards,Doran's Blade,nonfoil,0.43,https://bilgewatermarket.com/cards/SFD-095?print_variation=promo,promo,,¥0.87,$0.43,SFD-095,Doran's Blade SFD-095/221 CN ¥0.87 EN $0.43
2026-09-11T19:27:05+00:00,https://bilgewatermarket.com/cards,Laurent Bladekeeper,foil,0.14,https://bilgewatermarket.com/cards/SFD-096?print_variation=foiled,foiled,,¥0.50,$0.14,SFD-096,Laurent Bladekeeper SFD-096/221 Foiled CN ¥0.50 EN $0.14
2026-09-11T19:27:05+00:00,https://bilgewatermarket.com/cards,Laurent Bladekeeper,nonfoil,0.06,https://bilgewatermarket.com/cards/SFD-096,normal,,¥0.30,$0.06,SFD-096,Laurent Bladekeeper SFD-096/221 CN ¥0.30 EN $0.06
2026-09-11T19:27:05+00:00,https://bilgewatermarket.com/cards,Punch First,foil,2.40,https://bilgewatermarket.com/cards/SFD-097?print_variation=foiled,foiled,,¥2.79,$2.40,SFD-097,Punch First SFD-097/221 Foiled CN ¥2.79 EN $2.40
2026-09-11T19:27:05+00:00,https://bilgewatermarket.com/cards,Punch First,nonfoil,0.21,https://bilgewatermarket.com/cards/SFD-097,normal,,¥0.62,$0.21,SFD-097,Punch First SFD-097/221 CN ¥0.62 EN $0.21
2026-09-11T19:27:05+00:00,https://bilgewatermarket.com/cards,Sea Monkey,foil,0.22,https://bilgewatermarket.com/cards/SFD-098?print_variation=foiled,foiled,,¥0.78,$0.22,SFD-098,Sea Monkey SFD-098/221 Foiled CN ¥0.78 EN $0.22
2026-09-11T19:27:05+00:00,https://bilgewatermarket.com/cards,Sea Monkey,nonfoil,0.06,https://bilgewatermarket.com/cards/SFD-098,normal,,¥0.52,$0.06,SFD-098,Sea Monkey SFD-098/221 CN ¥0.52 EN $0.06
2026-09-11T19:27:05+00:00,https://bilgewatermarket.com/cards,Sea Monkey,nonfoil,0.22,https://bilgewatermarket.com/cards/SFD-098?print_variation=promo,promo,,¥0.77,$0.22,SFD-098,Sea Monkey SFD-098/221 CN ¥0.77 EN $0.22
2026-09-11T19:27:05+00:00,https://bilgewatermarket.com/cards,Veteran Poro,foil,0.23,https://bilgewatermarket.com/cards/SFD-099?print_variation=foiled,foiled,,¥0.51,$0.23,SFD-099,Veteran Poro SFD-099/221 Foiled CN ¥0.51 EN $0.23
2026-09-11T19:27:05+00:00,https://bilgewatermarket.com/cards,Veteran Poro,nonfoil,0.08,https://bilgewatermarket.com/cards/SFD-099,normal,,¥0.50,$0.08,SFD-099,Veteran Poro SFD-099/221 CN ¥0.50 EN $0.08
2026-09-11T19:27:05+00:00,https://bilgewatermarket.com/cards,Yordle Explorer,foil,0.15,https://bilgewatermarket.com/cards/SFD-100?print_variation=foiled,foiled,,¥0.50,$0.15,SFD-100,Yordle Explorer SFD-100/221 Foiled CN ¥0.50 EN $0.15
2026-09-11T19:27:05+00:00,https://bilgewatermarket.com/cards,Yordle Explorer,nonfoil,0.05,https://bilgewatermarket.com/cards/SFD-100,normal,,¥0.50,$0.05,SFD-100,Yordle Explorer SFD-100/221 CN ¥0.50 EN $0.05
2026-09-11T19:27:05+00:00,https://bilgewatermarket.com/cards,Fae Dragon,foil,0.32,https://bilgewatermarket.com/cards/SFD-101?print_variation=foiled,foiled,,¥1.01,$0.32,SFD-101,Fae Dragon SFD-101/221 Foiled CN ¥1.01 EN $0.32
2026-09-11T19:27:05+00:00,https://bilgewatermarket.com/cards,Fae Dragon,nonfoil,0.14,https://bilgewatermarket.com/cards/SFD-101,normal,,¥0.51,$0.14,SFD-101,Fae Dragon SFD-101/221 CN ¥0.51 EN $0.14
2026-09-11T19:27:05+00:00,https://bilgewatermarket.com/cards,Fae Dragon,nonfoil,0.32,https://bilgewatermarket.com/cards/SFD-101?print_variation=promo,promo,,¥0.51,$0.32,SFD-101,Fae Dragon SFD-101/221 CN ¥0.51 EN $0.32
2026-09-11T19:27:05+00:00,https://bilgewatermarket.com/cards,Hexdrinker,foil,0.26,https://bilgewatermarket.com/cards/SFD-102?print_variation=foiled,foiled,,¥0.75,$0.26,SFD-102,Hexdrinker SFD-102/221 Foiled CN ¥0.75 EN $0.26
2026-09-11T19:27:05+00:00,https://bilgewatermarket.com/cards,Hexdrinker,nonfoil,0.08,https://bilgewatermarket.com/cards/SFD-102,normal,,¥0.50,$0.08,SFD-102,Hexdrinker SFD-102/221 CN ¥0.50 EN $0.08
2026-09-11T19:27:05+00:00,https://bilgewatermarket.com/cards,Jaull-Fish,foil,0.27,https://bilgewatermarket.com/cards/SFD-103?print_variation=foiled,foiled,,¥0.50,$0.27,SFD-103,Jaull-Fish SFD-103/221 Foiled CN ¥0.50 EN $0.27
2026-09-11T19:27:05+00:00,https://bilgewatermarket.com/cards,Jaull-Fish,nonfoil,0.09,https://bilgewatermarket.com/cards/SFD-103,normal,,¥0.50,$0.09,SFD-103,Jaull-Fish SFD-103/221 CN ¥0.50 EN $0.09
2026-09-11T19:27:05+00:00,https://bilgewatermarket.com/cards,Petricite Monument,foil,0.22,https://bilgewatermarket.com/cards/SFD-104?print_variation=foiled,foiled,,¥0.75,$0.22,SFD-104,Petricite Monument SFD-104/221 Foiled CN ¥0.75 EN $0.22
2026-09-11T19:27:05+00:00,https://bilgewatermarket.com/cards,Petricite Monument,nonfoil,0.06,https://bilgewatermarket.com/cards/SFD-104,normal,,¥0.50,$0.06,SFD-104,Petricite Monument SFD-104/221 CN ¥0.50 EN $0.06
2026-09-11T19:27:05+00:00,https://bilgewatermarket.com/cards,Ruin Runner,foil,2.89,https://bilgewatermarket.com/cards/SFD-105?print_variation=foiled,foiled,,¥4.30,$2.89,SFD-105,Ruin Runner SFD-105/221 Foiled CN ¥4.30 EN $2.89
2026-09-11T19:27:05+00:00,https://bilgewatermarket.com/cards,Ruin Runner,nonfoil,0.54,https://bilgewatermarket.com/cards/SFD-105,normal,,¥1.16,$0.54,SFD-105,Ruin Runner SFD-105/221 CN ¥1.16 EN $0.54
2026-09-11T19:27:05+00:00,https://bilgewatermarket.com/cards,Show of Strength,foil,0.37,https://bilgewatermarket.com/cards/SFD-106?print_variation=foiled,foiled,,¥0.89,$0.37,SFD-106,Show of Strength SFD-106/221 Foiled CN ¥0.89 EN $0.37
2026-09-11T19:27:05+00:00,https://bilgewatermarket.com/cards,Show of Strength,nonfoil,0.13,https://bilgewatermarket.com/cards/SFD-106,normal,,¥0.62,$0.13,SFD-106,Show of Strength SFD-106/221 CN ¥0.62 EN $0.13
2026-09-11T19:27:05+00:00,https://bilgewatermarket.com/cards,Strike Down,foil,0.28,https://bilgewatermarket.com/cards/SFD-107?print_variation=foiled,foiled,,¥0.80,$0.28,SFD-107,Strike Down SFD-107/221 Foiled CN ¥0.80 EN $0.28
2026-09-11T19:27:05+00:00,https://bilgewatermarket.com/cards,Strike Down,nonfoil,0.11,https://bilgewatermarket.com/cards/SFD-107,normal,,¥0.50,$0.11,SFD-107,Strike Down SFD-107/221 CN ¥0.50 EN $0.11
2026-09-11T19:27:05+00:00,https://bilgewatermarket.com/cards,Warmog's Armor,foil,0.22,https://bilgewatermarket.com/cards/SFD-108?print_variation=foiled,foiled,,¥1.01,$0.22,SFD-108,Warmog's Armor SFD-108/221 Foiled CN ¥1.01 EN $0.22
2026-09-11T19:27:05+00:00,https://bilgewatermarket.com/cards,Warmog's Armor,nonfoil,0.09,https://bilgewatermarket.com/cards/SFD-108,normal,,¥0.54,$0.09,SFD-108,Warmog's Armor SFD-108/221 CN ¥0.54 EN $0.09
2026-09-11T19:27:05+00:00,https://bilgewatermarket.com/cards,"Akshan, Mischievous",nonfoil,1.16,https://bilgewatermarket.com/cards/SFD-109,normal,,¥2.84,$1.16,SFD-109,"Akshan, Mischievous SFD-109/221 CN ¥2.84 EN $1.16"
2026-09-11T19:27:05+00:00,https://bilgewatermarket.com/cards,"Fiora, Peerless",nonfoil,0.19,https://bilgewatermarket.com/cards/SFD-110,normal,,¥0.73,$0.19,SFD-110,"Fiora, Peerless SFD-110/221 CN ¥0.73 EN $0.19"
2026-09-11T19:27:05+00:00,https://bilgewatermarket.com/cards,"Fiora, Peerless",nonfoil,3.35,https://bilgewatermarket.com/cards/SFD-110a?print_variation=showcase,showcase,,¥5.12,$3.35,SFD-110a,"Fiora, Peerless SFD-110a/221 Showcase CN ¥5.12 EN $3.35"
2026-09-11T19:27:05+00:00,https://bilgewatermarket.com/cards,Here to Help,nonfoil,0.31,https://bilgewatermarket.com/cards/SFD-111,normal,,¥0.72,$0.31,SFD-111,Here to Help SFD-111/221 CN ¥0.72 EN $0.31
2026-09-11T19:27:05+00:00,https://bilgewatermarket.com/cards,Here to Help,nonfoil,1092.98,https://bilgewatermarket.com/cards/SFD-111?print_variation=promo,promo,,¥1092.98,,SFD-111,Here to Help SFD-111/221 CN ¥1092.98
2026-09-11T19:27:05+00:00,https://bilgewatermarket.com/cards,Kato the Arm,nonfoil,0.13,https://bilgewatermarket.com/cards/SFD-112,normal,,¥0.50,$0.13,SFD-112,Kato the Arm SFD-112/221 CN ¥0.50 EN $0.13
2026-09-11T19:27:05+00:00,https://bilgewatermarket.com/cards,"Lucian, Merciless",nonfoil,0.34,https://bilgewatermarket.com/cards/SFD-113,normal,,¥1.00,$0.34,SFD-113,"Lucian, Merciless SFD-113/221 CN ¥1.00 EN $0.34"
2026-09-11T19:27:05+00:00,https://bilgewatermarket.com/cards,"Lucian, Merciless",nonfoil,4.42,https://bilgewatermarket.com/cards/SFD-113a?print_variation=showcase,showcase,,¥6.72,$4.42,SFD-113a,"Lucian, Merciless SFD-113a/221 Showcase CN ¥6.72 EN $4.42"
2026-09-11T19:27:05+00:00,https://bilgewatermarket.com/cards,Marching Orders,nonfoil,0.21,https://bilgewatermarket.com/cards/SFD-114,normal,,¥0.50,$0.21,SFD-114,Marching Orders SFD-114/221 CN ¥0.50 EN $0.21
2026-09-11T19:27:05+00:00,https://bilgewatermarket.com/cards,Trinity Force,nonfoil,0.34,https://bilgewatermarket.com/cards/SFD-115,normal,,¥1.31,$0.34,SFD-115,Trinity Force SFD-115/221 CN ¥1.31 EN $0.34
2026-09-11T19:27:05+00:00,https://bilgewatermarket.com/cards,"Yone, Blademaster",nonfoil,0.20,https://bilgewatermarket.com/cards/SFD-116,normal,,¥0.58,$0.20,SFD-116,"Yone, Blademaster SFD-116/221 CN ¥0.58 EN $0.20"
2026-09-11T19:27:05+00:00,https://bilgewatermarket.com/cards,"Yone, Blademaster",nonfoil,2.91,https://bilgewatermarket.com/cards/SFD-116?print_variation=promo,promo,,¥1.95,$2.91,SFD-116,"Yone, Blademaster SFD-116/221 CN ¥1.95 EN $2.91"
2026-09-11T19:27:05+00:00,https://bilgewatermarket.com/cards,Ancient Henge,nonfoil,1.04,https://bilgewatermarket.com/cards/SFD-117,normal,,¥2.14,$1.04,SFD-117,Ancient Henge SFD-117/221 CN ¥2.14 EN $1.04
2026-09-11T19:27:05+00:00,https://bilgewatermarket.com/cards,Boneshiver,nonfoil,3.46,https://bilgewatermarket.com/cards/SFD-118,normal,,¥9.49,$3.46,SFD-118,Boneshiver SFD-118/221 CN ¥9.49 EN $3.46
2026-09-11T19:27:05+00:00,https://bilgewatermarket.com/cards,Boneshiver,nonfoil,15.76,https://bilgewatermarket.com/cards/SFD-118a?print_variation=promo[bologna participation],promo[bologna participation],,,$15.76,SFD-118a,Boneshiver SFD-118a/221 EN $15.76
2026-09-11T19:27:05+00:00,https://bilgewatermarket.com/cards,Boneshiver,nonfoil,3.46,https://bilgewatermarket.com/cards/SFD-118a?print_variation=promo[lille participation],promo[lille participation],,,$3.46,SFD-118a,Boneshiver SFD-118a/221 EN $3.46
2026-09-11T19:27:05+00:00,https://bilgewatermarket.com/cards,Boneshiver,nonfoil,1988.35,https://bilgewatermarket.com/cards/SFD-118a?print_variation=promo[大连32强],promo[大连32强],,¥1988.35,,SFD-118a,Boneshiver SFD-118a/221 CN ¥1988.35
2026-09-11T19:27:05+00:00,https://bilgewatermarket.com/cards,Boneshiver,nonfoil,1407.00,https://bilgewatermarket.com/cards/SFD-118a?print_variation=promo[成都32强],promo[成都32强],,¥1407.00,,SFD-118a,Boneshiver SFD-118a/221 CN ¥1407.00
2026-09-11T19:27:05+00:00,https://bilgewatermarket.com/cards,Boneshiver,nonfoil,1504.95,https://bilgewatermarket.com/cards/SFD-118a?print_variation=promo[福州32强],promo[福州32强],,¥1504.95,,SFD-118a,Boneshiver SFD-118a/221 CN ¥1504.95
2026-09-11T19:27:05+00:00,https://bilgewatermarket.com/cards,"Jax, Unrelenting",nonfoil,0.72,https://bilgewatermarket.com/cards/SFD-119,normal,,¥1.07,$0.72,SFD-119,"Jax, Unrelenting SFD-119/221 CN ¥1.07 EN $0.72"
2026-09-11T19:27:05+00:00,https://bilgewatermarket.com/cards,"Jax, Unrelenting",nonfoil,1.32,https://bilgewatermarket.com/cards/SFD-119a?print_variation=showcase,showcase,,¥2.09,$1.32,SFD-119a,"Jax, Unrelenting SFD-119a/221 Showcase CN ¥2.09 EN $1.32"
2026-09-11T19:27:05+00:00,https://bilgewatermarket.com/cards,"Sivir, Ambitious",nonfoil,0.40,https://bilgewatermarket.com/cards/SFD-120,normal,,¥0.55,$0.40,SFD-120,"Sivir, Ambitious SFD-120/221 CN ¥0.55 EN $0.40"
2026-09-11T19:27:05+00:00,https://bilgewatermarket.com/cards,"Sivir, Ambitious",nonfoil,1.44,https://bilgewatermarket.com/cards/SFD-120a?print_variation=showcase,showcase,,¥1.22,$1.44,SFD-120a,"Sivir, Ambitious SFD-120a/221 Showcase CN ¥1.22 EN $1.44"
2026-09-11T19:27:05+00:00,https://bilgewatermarket.com/cards,Black Market Broker,foil,0.17,https://bilgewatermarket.com/cards/SFD-121?print_variation=foiled,foiled,,¥0.50,$0.17,SFD-121,Black Market Broker SFD-121/221 Foiled CN ¥0.50 EN $0.17
2026-09-11T19:27:05+00:00,https://bilgewatermarket.com/cards,Black Market Broker,nonfoil,0.08,https://bilgewatermarket.com/cards/SFD-121,normal,,¥0.50,$0.08,SFD-121,Black Market Broker SFD-121/221 CN ¥0.50 EN $0.08
2026-09-11T19:27:05+00:00,https://bilgewatermarket.com/cards,Called Shot,foil,0.46,https://bilgewatermarket.com/cards/SFD-122?print_variation=foiled,foiled,,¥1.02,$0.46,SFD-122,Called Shot SFD-122/221 Foiled CN ¥1.02 EN $0.46
2026-09-11T19:27:05+00:00,https://bilgewatermarket.com/cards,Called Shot,nonfoil,0.11,https://bilgewatermarket.com/cards/SFD-122,normal,,¥0.50,$0.11,SFD-122,Called Shot SFD-122/221 CN ¥0.50 EN $0.11
2026-09-11T19:27:05+00:00,https://bilgewatermarket.com/cards,Corrupt Enforcer,foil,0.16,https://bilgewatermarket.com/cards/SFD-123?print_variation=foiled,foiled,,¥0.50,$0.16,SFD-123,Corrupt Enforcer SFD-123/221 Foiled CN ¥0.50 EN $0.16
2026-09-11T19:27:05+00:00,https://bilgewatermarket.com/cards,Corrupt Enforcer,nonfoil,0.04,https://bilgewatermarket.com/cards/SFD-123,normal,,¥0.50,$0.04,SFD-123,Corrupt Enforcer SFD-123/221 CN ¥0.50 EN $0.04
2026-09-11T19:27:05+00:00,https://bilgewatermarket.com/cards,Doran's Ring,foil,0.18,https://bilgewatermarket.com/cards/SFD-124?print_variation=foiled,foiled,,¥0.51,$0.18,SFD-124,Doran's Ring SFD-124/221 Foiled CN ¥0.51 EN $0.18
2026-09-11T19:27:05+00:00,https://bilgewatermarket.com/cards,Doran's Ring,nonfoil,0.06,https://bilgewatermarket.com/cards/SFD-124,normal,,¥0.50,$0.06,SFD-124,Doran's Ring SFD-124/221 CN ¥0.50 EN $0.06
2026-09-11T19:27:05+00:00,https://bilgewatermarket.com/cards,Doran's Ring,nonfoil,0.18,https://bilgewatermarket.com/cards/SFD-124?print_variation=promo,promo,,¥0.55,$0.18,SFD-124,Doran's Ring SFD-124/221 CN ¥0.55 EN $0.18
2026-09-11T19:27:05+00:00,https://bilgewatermarket.com/cards,Fae Porter,foil,0.21,https://bilgewatermarket.com/cards/SFD-125?print_variation=foiled,foiled,,¥0.50,$0.21,SFD-125,Fae Porter SFD-125/221 Foiled CN ¥0.50 EN $0.21
2026-09-11T19:27:05+00:00,https://bilgewatermarket.com/cards,Fae Porter,nonfoil,0.05,https://bilgewatermarket.com/cards/SFD-125,normal,,¥0.50,$0.05,SFD-125,Fae Porter SFD-125/221 CN ¥0.50 EN $0.05
2026-09-11T19:27:05+00:00,https://bilgewatermarket.com/cards,Loyal Pup,foil,0.22,https://bilgewatermarket.com/cards/SFD-126?print_variation=foiled,foiled,,¥0.50,$0.22,SFD-126,Loyal Pup SFD-126/221 Foiled CN ¥0.50 EN $0.22
2026-09-11T19:27:05+00:00,https://bilgewatermarket.com/cards,Loyal Pup,nonfoil,0.05,https://bilgewatermarket.com/cards/SFD-126,normal,,¥0.50,$0.05,SFD-126,Loyal Pup SFD-126/221 CN ¥0.50 EN $0.05
2026-09-11T19:27:05+00:00,https://bilgewatermarket.com/cards,Master Bingwen,foil,0.15,https://bilgewatermarket.com/cards/SFD-127?print_variation=foiled,foiled,,¥0.50,$0.15,SFD-127,Master Bingwen SFD-127/221 Foiled CN ¥0.50 EN $0.15
2026-09-11T19:27:05+00:00,https://bilgewatermarket.com/cards,Master Bingwen,nonfoil,0.03,https://bilgewatermarket.com/cards/SFD-127,normal,,¥0.30,$0.03,SFD-127,Master Bingwen SFD-127/221 CN ¥0.30 EN $0.03
2026-09-11T19:27:05+00:00,https://bilgewatermarket.com/cards,Overzealous Fan,foil,0.37,https://bilgewatermarket.com/cards/SFD-128?print_variation=foiled,foiled,,¥2.49,$0.37,SFD-128,Overzealous Fan SFD-128/221 Foiled CN ¥2.49 EN $0.37
2026-09-11T19:27:05+00:00,https://bilgewatermarket.com/cards,Overzealous Fan,nonfoil,0.12,https://bilgewatermarket.com/cards/SFD-128,normal,,¥0.53,$0.12,SFD-128,Overzealous Fan SFD-128/221 CN ¥0.53 EN $0.12
2026-09-11T19:27:05+00:00,https://bilgewatermarket.com/cards,Temptation,foil,0.14,https://bilgewatermarket.com/cards/SFD-129?print_variation=foiled,foiled,,¥0.50,$0.14,SFD-129,Temptation SFD-129/221 Foiled CN ¥0.50 EN $0.14
2026-09-11T19:27:05+00:00,https://bilgewatermarket.com/cards,Temptation,nonfoil,0.06,https://bilgewatermarket.com/cards/SFD-129,normal,,¥0.50,$0.06,SFD-129,Temptation SFD-129/221 CN ¥0.50 EN $0.06
2026-09-11T19:27:05+00:00,https://bilgewatermarket.com/cards,Treasure Hunter,foil,0.34,https://bilgewatermarket.com/cards/SFD-130?print_variation=foiled,foiled,,¥1.89,$0.34,SFD-130,Treasure Hunter SFD-130/221 Foiled CN ¥1.89 EN $0.34
2026-09-11T19:27:05+00:00,https://bilgewatermarket.com/cards,Treasure Hunter,nonfoil,0.13,https://bilgewatermarket.com/cards/SFD-130,normal,,¥0.68,$0.13,SFD-130,Treasure Hunter SFD-130/221 CN ¥0.68 EN $0.13
2026-09-11T19:27:05+00:00,https://bilgewatermarket.com/cards,Treasure Hunter,nonfoil,0.34,https://bilgewatermarket.com/cards/SFD-130?print_variation=promo,promo,,¥1.82,$0.34,SFD-130,Treasure Hunter SFD-130/221 CN ¥1.82 EN $0.34
2026-09-11T19:27:05+00:00,https://bilgewatermarket.com/cards,Ancient Warmonger,foil,0.22,https://bilgewatermarket.com/cards/SFD-131?print_variation=foiled,foiled,,¥0.50,$0.22,SFD-131,Ancient Warmonger SFD-131/221 Foiled CN ¥0.50 EN $0.22
2026-09-11T19:27:05+00:00,https://bilgewatermarket.com/cards,Ancient Warmonger,nonfoil,0.10,https://bilgewatermarket.com/cards/SFD-131,normal,,¥0.49,$0.10,SFD-131,Ancient Warmonger SFD-131/221 CN ¥0.49 EN $0.10
2026-09-11T19:27:05+00:00,https://bilgewatermarket.com/cards,Beast Below,foil,0.29,https://bilgewatermarket.com/cards/SFD-132?print_variation=foiled,foiled,,¥0.57,$0.29,SFD-132,Beast Below SFD-132/221 Foiled CN ¥0.57 EN $0.29
2026-09-11T19:27:05+00:00,https://bilgewatermarket.com/cards,Beast Below,nonfoil,0.11,https://bilgewatermarket.com/cards/SFD-132,normal,,¥0.54,$0.11,SFD-132,Beast Below SFD-132/221 CN ¥0.54 EN $0.11
2026-09-11T19:27:05+00:00,https://bilgewatermarket.com/cards,Boots of Swiftness,foil,2.43,https://bilgewatermarket.com/cards/SFD-133?print_variation=foiled,foiled,,¥4.68,$2.43,SFD-133,Boots of Swiftness SFD-133/221 Foiled CN ¥4.68 EN $2.43
2026-09-11T19:27:05+00:00,https://bilgewatermarket.com/cards,Boots of Swiftness,nonfoil,0.48,https://bilgewatermarket.com/cards/SFD-133,normal,,¥1.20,$0.48,SFD-133,Boots of Swiftness SFD-133/221 CN ¥1.20 EN $0.48
2026-09-11T19:27:05+00:00,https://bilgewatermarket.com/cards,Cull,foil,0.36,https://bilgewatermarket.com/cards/SFD-134?print_variation=foiled,foiled,,¥1.27,$0.36,SFD-134,Cull SFD-134/221 Foiled CN ¥1.27 EN $0.36
2026-09-11T19:27:05+00:00,https://bilgewatermarket.com/cards,Cull,nonfoil,0.15,https://bilgewatermarket.com/cards/SFD-134,normal,,¥0.51,$0.15,SFD-134,Cull SFD-134/221 CN ¥0.51 EN $0.15
2026-09-11T19:27:05+00:00,https://bilgewatermarket.com/cards,Factory Recall,foil,0.29,https://bilgewatermarket.com/cards/SFD-135?print_variation=foiled,foiled,,¥2.14,$0.29,SFD-135,Factory Recall SFD-135/221 Foiled CN ¥2.14 EN $0.29
2026-09-11T19:27:05+00:00,https://bilgewatermarket.com/cards,Factory Recall,nonfoil,0.12,https://bilgewatermarket.com/cards/SFD-135,normal,,¥0.68,$0.12,SFD-135,Factory Recall SFD-135/221 CN ¥0.68 EN $0.12
2026-09-11T19:27:05+00:00,https://bilgewatermarket.com/cards,Hard Bargain,foil,4.40,https://bilgewatermarket.com/cards/SFD-136?print_variation=foiled,foiled,,¥6.58,$4.40,SFD-136,Hard Bargain SFD-136/221 Foiled CN ¥6.58 EN $4.40
2026-09-11T19:27:05+00:00,https://bilgewatermarket.com/cards,Hard Bargain,nonfoil,1.48,https://bilgewatermarket.com/cards/SFD-136,normal,,¥2.64,$1.48,SFD-136,Hard Bargain SFD-136/221 CN ¥2.64 EN $1.48
2026-09-11T19:27:05+00:00,https://bilgewatermarket.com/cards,Harpoon Squad,foil,0.29,https://bilgewatermarket.com/cards/SFD-137?print_variation=foiled,foiled,,¥0.50,$0.29,SFD-137,Harpoon Squad SFD-137/221 Foiled CN ¥0.50 EN $0.29
2026-09-11T19:27:05+00:00,https://bilgewatermarket.com/cards,Harpoon Squad,nonfoil,0.06,https://bilgewatermarket.com/cards/SFD-137,normal,,¥0.98,$0.06,SFD-137,Harpoon Squad SFD-137/221 CN ¥0.98 EN $0.06
2026-09-11T19:27:05+00:00,https://bilgewatermarket.com/cards,Harpoon Squad,nonfoil,0.29,https://bilgewatermarket.com/cards/SFD-137?print_variation=promo,promo,,¥0.50,$0.29,SFD-137,Harpoon Squad SFD-137/221 CN ¥0.50 EN $0.29
2026-09-11T19:27:05+00:00,https://bilgewatermarket.com/cards,Windsinger,foil,0.51,https://bilgewatermarket.com/cards/SFD-138?print_variation=foiled,foiled,,¥1.07,$0.51,SFD-138,Windsinger SFD-138/221 Foiled CN ¥1.07 EN $0.51
2026-09-11T19:27:05+00:00,https://bilgewatermarket.com/cards,Windsinger,nonfoil,0.19,https://bilgewatermarket.com/cards/SFD-138,normal,,¥0.55,$0.19,SFD-138,Windsinger SFD-138/221 CN ¥0.55 EN $0.19
2026-09-11T19:27:05+00:00,https://bilgewatermarket.com/cards,Edge of Night,nonfoil,0.34,https://bilgewatermarket.com/cards/SFD-139,normal,,¥1.98,$0.34,SFD-139,Edge of Night SFD-139/221 CN ¥1.98 EN $0.34
2026-09-11T19:27:05+00:00,https://bilgewatermarket.com/cards,Edge of Night,nonfoil,4.87,https://bilgewatermarket.com/cards/SFD-139?print_variation=promo[summoner skirmish top 8],promo[summoner skirmish top 8],,,$4.87,SFD-139,Edge of Night SFD-139/221 EN $4.87
2026-09-11T19:27:05+00:00,https://bilgewatermarket.com/cards,Edge of Night,nonfoil,1250.80,https://bilgewatermarket.com/cards/SFD-139?print_variation=promo[冠军],promo[冠军],,¥1250.80,,SFD-139,Edge of Night SFD-139/221 CN ¥1250.80
2026-09-11T19:27:05+00:00,https://bilgewatermarket.com/cards,"Fizz, Trickster",nonfoil,7.02,https://bilgewatermarket.com/cards/SFD-140,normal,,¥6.21,$7.02,SFD-140,"Fizz, Trickster SFD-140/221 CN ¥6.21 EN $7.02"
2026-09-11T19:27:05+00:00,https://bilgewatermarket.com/cards,"Irelia, Graceful",nonfoil,0.25,https://bilgewatermarket.com/cards/SFD-141,normal,,¥0.50,$0.25,SFD-141,"Irelia, Graceful SFD-141/221 CN ¥0.50 EN $0.25"
2026-09-11T19:27:05+00:00,https://bilgewatermarket.com/cards,"Irelia, Graceful",nonfoil,1.91,https://bilgewatermarket.com/cards/SFD-141a?print_variation=showcase,showcase,,¥3.30,$1.91,SFD-141a,"Irelia, Graceful SFD-141a/221 Showcase CN ¥3.30 EN $1.91"
2026-09-11T19:27:05+00:00,https://bilgewatermarket.com/cards,Jae Medarda,nonfoil,0.11,https://bilgewatermarket.com/cards/SFD-142,normal,,¥0.50,$0.11,SFD-142,Jae Medarda SFD-142/221 CN ¥0.50 EN $0.11
2026-09-11T19:27:05+00:00,https://bilgewatermarket.com/cards,"Sivir, Mercenary",nonfoil,0.20,https://bilgewatermarket.com/cards/SFD-143,normal,,¥0.57,$0.20,SFD-143,"Sivir, Mercenary SFD-143/221 CN ¥0.57 EN $0.20"
2026-09-11T19:27:05+00:00,https://bilgewatermarket.com/cards,"Sivir, Mercenary",nonfoil,1.29,https://bilgewatermarket.com/cards/SFD-143a?print_variation=showcase,showcase,,¥2.47,$1.29,SFD-143a,"Sivir, Mercenary SFD-143a/221 Showcase CN ¥2.47 EN $1.29"
2026-09-11T19:27:05+00:00,https://bilgewatermarket.com/cards,Spirit Wheel,nonfoil,0.16,https://bilgewatermarket.com/cards/SFD-144,normal,,¥0.59,$0.16,SFD-144,Spirit Wheel SFD-144/221 CN ¥0.59 EN $0.16
2026-09-11T19:27:05+00:00,https://bilgewatermarket.com/cards,Switcheroo,nonfoil,4.43,https://bilgewatermarket.com/cards/SFD-145,normal,,¥3.32,$4.43,SFD-145,Switcheroo SFD-145/221 CN ¥3.32 EN $4.43
2026-09-11T19:27:05+00:00,https://bilgewatermarket.com/cards,"Vex, Cheerless",nonfoil,0.62,https://bilgewatermarket.com/cards/SFD-146,normal,,¥2.02,$0.62,SFD-146,"Vex, Cheerless SFD-146/221 CN ¥2.02 EN $0.62"
2026-09-11T19:27:05+00:00,https://bilgewatermarket.com/cards,Downwell,nonfoil,4.94,https://bilgewatermarket.com/cards/SFD-147,normal,,¥17.13,$4.94,SFD-147,Downwell SFD-147/221 CN ¥17.13 EN $4.94
2026-09-11T19:27:05+00:00,https://bilgewatermarket.com/cards,"Draven, Audacious",nonfoil,1.38,https://bilgewatermarket.com/cards/SFD-148,normal,,¥6.39,$1.38,SFD-148,"Draven, Audacious SFD-148/221 CN ¥6.39 EN $1.38"
2026-09-11T19:27:05+00:00,https://bilgewatermarket.com/cards,"Draven, Audacious",nonfoil,1.94,https://bilgewatermarket.com/cards/SFD-148a?print_variation=showcase,showcase,,¥11.69,$1.94,SFD-148a,"Draven, Audacious SFD-148a/221 Showcase CN ¥11.69 EN $1.94"
2026-09-11T19:27:05+00:00,https://bilgewatermarket.com/cards,"Ezreal, Prodigy",nonfoil,4.87,https://bilgewatermarket.com/cards/SFD-149,normal,,¥31.44,$4.87,SFD-149,"Ezreal, Prodigy SFD-149/221 CN ¥31.44 EN $4.87"
2026-09-11T19:27:05+00:00,https://bilgewatermarket.com/cards,"Ezreal, Prodigy",nonfoil,7.49,https://bilgewatermarket.com/cards/SFD-149a?print_variation=showcase,showcase,,¥34.55,$7.49,SFD-149a,"Ezreal, Prodigy SFD-149a/221 Showcase CN ¥34.55 EN $7.49"
2026-09-11T19:27:05+00:00,https://bilgewatermarket.com/cards,Last Rites,nonfoil,48.44,https://bilgewatermarket.com/cards/SFD-150,normal,,¥88.88,$48.44,SFD-150,Last Rites SFD-150/221 CN ¥88.88 EN $48.44
2026-09-11T19:27:05+00:00,https://bilgewatermarket.com/cards,Bonds of Strength,foil,0.18,https://bilgewatermarket.com/cards/SFD-151?print_variation=foiled,foiled,,¥0.89,$0.18,SFD-151,Bonds of Strength SFD-151/221 Foiled CN ¥0.89 EN $0.18
2026-09-11T19:27:05+00:00,https://bilgewatermarket.com/cards,Bonds of Strength,nonfoil,0.07,https://bilgewatermarket.com/cards/SFD-151,normal,,¥0.50,$0.07,SFD-151,Bonds of Strength SFD-151/221 CN ¥0.50 EN $0.07
2026-09-11T19:27:05+00:00,https://bilgewatermarket.com/cards,Eminent Benefactor,foil,0.17,https://bilgewatermarket.com/cards/SFD-152?print_variation=foiled,foiled,,¥0.50,$0.17,SFD-152,Eminent Benefactor SFD-152/221 Foiled CN ¥0.50 EN $0.17
2026-09-11T19:27:05+00:00,https://bilgewatermarket.com/cards,Eminent Benefactor,nonfoil,0.04,https://bilgewatermarket.com/cards/SFD-152,normal,,¥0.30,$0.04,SFD-152,Eminent Benefactor SFD-152/221 CN ¥0.30 EN $0.04
2026-09-11T19:27:05+00:00,https://bilgewatermarket.com/cards,Eye of the Herald,foil,0.24,https://bilgewatermarket.com/cards/SFD-153?print_variation=foiled,foiled,,¥1.15,$0.24,SFD-153,Eye of the Herald SFD-153/221 Foiled CN ¥1.15 EN $0.24
2026-09-11T19:27:05+00:00,https://bilgewatermarket.com/cards,Eye of the Herald,nonfoil,0.09,https://bilgewatermarket.com/cards/SFD-153,normal,,¥0.54,$0.09,SFD-153,Eye of the Herald SFD-153/221 CN ¥0.54 EN $0.09
2026-09-11T19:27:05+00:00,https://bilgewatermarket.com/cards,Eye of the Herald,nonfoil,0.24,https://bilgewatermarket.com/cards/SFD-153?print_variation=promo,promo,,¥0.72,$0.24,SFD-153,Eye of the Herald SFD-153/221 CN ¥0.72 EN $0.24
2026-09-11T19:27:05+00:00,https://bilgewatermarket.com/cards,Guards!,foil,0.27,https://bilgewatermarket.com/cards/SFD-154?print_variation=foiled,foiled,,¥1.18,$0.27,SFD-154,Guards! SFD-154/221 Foiled CN ¥1.18 EN $0.27
2026-09-11T19:27:05+00:00,https://bilgewatermarket.com/cards,Guards!,nonfoil,0.07,https://bilgewatermarket.com/cards/SFD-154,normal,,¥0.54,$0.07,SFD-154,Guards! SFD-154/221 CN ¥0.54 EN $0.07
2026-09-11T19:27:05+00:00,https://bilgewatermarket.com/cards,Honest Broker,foil,0.36,https://bilgewatermarket.com/cards/SFD-155?print_variation=foiled,foiled,,¥1.51,$0.36,SFD-155,Honest Broker SFD-155/221 Foiled CN ¥1.51 EN $0.36
2026-09-11T19:27:05+00:00,https://bilgewatermarket.com/cards,Honest Broker,nonfoil,0.12,https://bilgewatermarket.com/cards/SFD-155,normal,,¥0.59,$0.12,SFD-155,Honest Broker SFD-155/221 CN ¥0.59 EN $0.12
2026-09-11T19:27:05+00:00,https://bilgewatermarket.com/cards,Laurent Duelist,foil,0.16,https://bilgewatermarket.com/cards/SFD-156?print_variation=foiled,foiled,,¥0.50,$0.16,SFD-156,Laurent Duelist SFD-156/221 Foiled CN ¥0.50 EN $0.16
2026-09-11T19:27:05+00:00,https://bilgewatermarket.com/cards,Laurent Duelist,nonfoil,0.03,https://bilgewatermarket.com/cards/SFD-156,normal,,¥0.50,$0.03,SFD-156,Laurent Duelist SFD-156/221 CN ¥0.50 EN $0.03
2026-09-11T19:27:05+00:00,https://bilgewatermarket.com/cards,Laurent Duelist,nonfoil,0.16,https://bilgewatermarket.com/cards/SFD-156?print_variation=promo,promo,,¥0.50,$0.16,SFD-156,Laurent Duelist SFD-156/221 CN ¥0.50 EN $0.16
2026-09-11T19:27:05+00:00,https://bilgewatermarket.com/cards,Royal Guard,foil,0.17,https://bilgewatermarket.com/cards/SFD-157?print_variation=foiled,foiled,,¥0.50,$0.17,SFD-157,Royal Guard SFD-157/221 Foiled CN ¥0.50 EN $0.17
2026-09-11T19:27:05+00:00,https://bilgewatermarket.com/cards,Royal Guard,nonfoil,0.05,https://bilgewatermarket.com/cards/SFD-157,normal,,¥0.50,$0.05,SFD-157,Royal Guard SFD-157/221 CN ¥0.50 EN $0.05
2026-09-11T19:27:05+00:00,https://bilgewatermarket.com/cards,Sandshifter,foil,0.18,https://bilgewatermarket.com/cards/SFD-158?print_variation=foiled,foiled,,¥0.50,$0.18,SFD-158,Sandshifter SFD-158/221 Foiled CN ¥0.50 EN $0.18
2026-09-11T19:27:05+00:00,https://bilgewatermarket.com/cards,Sandshifter,nonfoil,0.07,https://bilgewatermarket.com/cards/SFD-158,normal,,¥0.50,$0.07,SFD-158,Sandshifter SFD-158/221 CN ¥0.50 EN $0.07
2026-09-11T19:27:05+00:00,https://bilgewatermarket.com/cards,Trusty Ramhound,foil,0.23,https://bilgewatermarket.com/cards/SFD-159?print_variation=foiled,foiled,,¥0.57,$0.23,SFD-159,Trusty Ramhound SFD-159/221 Foiled CN ¥0.57 EN $0.23
2026-09-11T19:27:05+00:00,https://bilgewatermarket.com/cards,Trusty Ramhound,nonfoil,0.07,https://bilgewatermarket.com/cards/SFD-159,normal,,¥0.50,$0.07,SFD-159,Trusty Ramhound SFD-159/221 CN ¥0.50 EN $0.07
2026-09-11T19:27:05+00:00,https://bilgewatermarket.com/cards,Zaun Punk,foil,0.18,https://bilgewatermarket.com/cards/SFD-160?print_variation=foiled,foiled,,¥0.50,$0.18,SFD-160,Zaun Punk SFD-160/221 Foiled CN ¥0.50 EN $0.18
2026-09-11T19:27:05+00:00,https://bilgewatermarket.com/cards,Zaun Punk,nonfoil,0.07,https://bilgewatermarket.com/cards/SFD-160,normal,,¥0.50,$0.07,SFD-160,Zaun Punk SFD-160/221 CN ¥0.50 EN $0.07
2026-09-11T19:27:05+00:00,https://bilgewatermarket.com/cards,B.F. Sword,foil,1.92,https://bilgewatermarket.com/cards/SFD-161?print_variation=foiled,foiled,,¥3.38,$1.92,SFD-161,B.F. Sword SFD-161/221 Foiled CN ¥3.38 EN $1.92
2026-09-11T19:27:05+00:00,https://bilgewatermarket.com/cards,B.F. Sword,nonfoil,0.37,https://bilgewatermarket.com/cards/SFD-161,normal,,¥1.41,$0.37,SFD-161,B.F. Sword SFD-161/221 CN ¥1.41 EN $0.37
2026-09-11T19:27:05+00:00,https://bilgewatermarket.com/cards,Blood Money,foil,0.32,https://bilgewatermarket.com/cards/SFD-162?print_variation=foiled,foiled,,¥1.78,$0.32,SFD-162,Blood Money SFD-162/221 Foiled CN ¥1.78 EN $0.32
2026-09-11T19:27:05+00:00,https://bilgewatermarket.com/cards,Blood Money,nonfoil,0.17,https://bilgewatermarket.com/cards/SFD-162,normal,,¥0.90,$0.17,SFD-162,Blood Money SFD-162/221 CN ¥0.90 EN $0.17
2026-09-11T19:27:05+00:00,https://bilgewatermarket.com/cards,Deathgrip,foil,2.37,https://bilgewatermarket.com/cards/SFD-163?print_variation=foiled,foiled,,¥4.29,$2.37,SFD-163,Deathgrip SFD-163/221 Foiled CN ¥4.29 EN $2.37
2026-09-11T19:27:05+00:00,https://bilgewatermarket.com/cards,Deathgrip,nonfoil,0.52,https://bilgewatermarket.com/cards/SFD-163,normal,,¥2.05,$0.52,SFD-163,Deathgrip SFD-163/221 CN ¥2.05 EN $0.52
2026-09-11T19:27:05+00:00,https://bilgewatermarket.com/cards,Drag Under,foil,0.48,https://bilgewatermarket.com/cards/SFD-164?print_variation=foiled,foiled,,¥1.08,$0.48,SFD-164,Drag Under SFD-164/221 Foiled CN ¥1.08 EN $0.48
2026-09-11T19:27:05+00:00,https://bilgewatermarket.com/cards,Drag Under,nonfoil,0.19,https://bilgewatermarket.com/cards/SFD-164,normal,,¥0.74,$0.19,SFD-164,Drag Under SFD-164/221 CN ¥0.74 EN $0.19
2026-09-11T19:27:05+00:00,https://bilgewatermarket.com/cards,Glasc Mixologist,foil,2.26,https://bilgewatermarket.com/cards/SFD-165?print_variation=foiled,foiled,,¥1.20,$2.26,SFD-165,Glasc Mixologist SFD-165/221 Foiled CN ¥1.20 EN $2.26
2026-09-11T19:27:05+00:00,https://bilgewatermarket.com/cards,Glasc Mixologist,nonfoil,0.26,https://bilgewatermarket.com/cards/SFD-165,normal,,¥0.59,$0.26,SFD-165,Glasc Mixologist SFD-165/221 CN ¥0.59 EN $0.26
2026-09-11T19:27:05+00:00,https://bilgewatermarket.com/cards,Rally the Troops,foil,0.42,https://bilgewatermarket.com/cards/SFD-166?print_variation=foiled,foiled,,¥1.67,$0.42,SFD-166,Rally the Troops SFD-166/221 Foiled CN ¥1.67 EN $0.42
2026-09-11T19:27:05+00:00,https://bilgewatermarket.com/cards,Rally the Troops,nonfoil,0.16,https://bilgewatermarket.com/cards/SFD-166,normal,,¥0.60,$0.16,SFD-166,Rally the Troops SFD-166/221 CN ¥0.60 EN $0.16
2026-09-11T19:27:05+00:00,https://bilgewatermarket.com/cards,Unsung Hero,foil,0.31,https://bilgewatermarket.com/cards/SFD-167?print_variation=foiled,foiled,,¥1.00,$0.31,SFD-167,Unsung Hero SFD-167/221 Foiled CN ¥1.00 EN $0.31
2026-09-11T19:27:05+00:00,https://bilgewatermarket.com/cards,Unsung Hero,nonfoil,0.15,https://bilgewatermarket.com/cards/SFD-167,normal,,¥0.90,$0.15,SFD-167,Unsung Hero SFD-167/221 CN ¥0.90 EN $0.15
2026-09-11T19:27:05+00:00,https://bilgewatermarket.com/cards,Unsung Hero,nonfoil,0.31,https://bilgewatermarket.com/cards/SFD-167?print_variation=promo,promo,,¥1.05,$0.31,SFD-167,Unsung Hero SFD-167/221 CN ¥1.05 EN $0.31
2026-09-11T19:27:05+00:00,https://bilgewatermarket.com/cards,Vanguard Armory,foil,0.99,https://bilgewatermarket.com/cards/SFD-168?print_variation=foiled,foiled,,¥0.93,$0.99,SFD-168,Vanguard Armory SFD-168/221 Foiled CN ¥0.93 EN $0.99
2026-09-11T19:27:05+00:00,https://bilgewatermarket.com/cards,Vanguard Armory,nonfoil,0.23,https://bilgewatermarket.com/cards/SFD-168,normal,,¥1.03,$0.23,SFD-168,Vanguard Armory SFD-168/221 CN ¥1.03 EN $0.23
2026-09-11T19:27:05+00:00,https://bilgewatermarket.com/cards,Altar of Memories,nonfoil,0.17,https://bilgewatermarket.com/cards/SFD-169,normal,,¥0.50,$0.17,SFD-169,Altar of Memories SFD-169/221 CN ¥0.50 EN $0.17
2026-09-11T19:27:05+00:00,https://bilgewatermarket.com/cards,"Rek'Sai, Swarm Queen",nonfoil,0.18,https://bilgewatermarket.com/cards/SFD-170,normal,,¥0.50,$0.18,SFD-170,"Rek'Sai, Swarm Queen SFD-170/221 CN ¥0.50 EN $0.18"
2026-09-11T19:27:05+00:00,https://bilgewatermarket.com/cards,"Rek'Sai, Swarm Queen",nonfoil,1.07,https://bilgewatermarket.com/cards/SFD-170a?print_variation=showcase,showcase,,¥2.46,$1.07,SFD-170a,"Rek'Sai, Swarm Queen SFD-170a/221 Showcase CN ¥2.46 EN $1.07"
2026-09-11T19:27:05+00:00,https://bilgewatermarket.com/cards,"Renata Glasc, Industrialist",nonfoil,0.24,https://bilgewatermarket.com/cards/SFD-171,normal,,¥0.52,$0.24,SFD-171,"Renata Glasc, Industrialist SFD-171/221 CN ¥0.52 EN $0.24"
2026-09-11T19:27:05+00:00,https://bilgewatermarket.com/cards,"Renata Glasc, Industrialist",nonfoil,1.30,https://bilgewatermarket.com/cards/SFD-171a?print_variation=showcase,showcase,,¥2.47,$1.30,SFD-171a,"Renata Glasc, Industrialist SFD-171a/221 Showcase CN ¥2.47 EN $1.30"
2026-09-11T19:27:05+00:00,https://bilgewatermarket.com/cards,Sacred Shears,nonfoil,0.22,https://bilgewatermarket.com/cards/SFD-172,normal,,¥0.52,$0.22,SFD-172,Sacred Shears SFD-172/221 CN ¥0.52 EN $0.22
2026-09-11T19:27:05+00:00,https://bilgewatermarket.com/cards,"Soraka, Wanderer",nonfoil,0.24,https://bilgewatermarket.com/cards/SFD-173,normal,,¥0.57,$0.24,SFD-173,"Soraka, Wanderer SFD-173/221 CN ¥0.57 EN $0.24"
2026-09-11T19:27:05+00:00,https://bilgewatermarket.com/cards,Trove Golem,nonfoil,0.16,https://bilgewatermarket.com/cards/SFD-174,normal,,¥0.50,$0.16,SFD-174,Trove Golem SFD-174/221 CN ¥0.50 EN $0.16
2026-09-11T19:27:05+00:00,https://bilgewatermarket.com/cards,Undertitan,nonfoil,0.38,https://bilgewatermarket.com/cards/SFD-175,normal,,¥0.88,$0.38,SFD-175,Undertitan SFD-175/221 CN ¥0.88 EN $0.38
2026-09-11T19:27:05+00:00,https://bilgewatermarket.com/cards,"Xin Zhao, Vigilant",nonfoil,0.58,https://bilgewatermarket.com/cards/SFD-176,normal,,¥1.04,$0.58,SFD-176,"Xin Zhao, Vigilant SFD-176/221 CN ¥1.04 EN $0.58"
2026-09-11T19:27:05+00:00,https://bilgewatermarket.com/cards,"Azir, Sovereign",nonfoil,9.45,https://bilgewatermarket.com/cards/SFD-177,normal,,¥5.64,$9.45,SFD-177,"Azir, Sovereign SFD-177/221 CN ¥5.64 EN $9.45"
2026-09-11T19:27:05+00:00,https://bilgewatermarket.com/cards,"Azir, Sovereign",nonfoil,8.99,https://bilgewatermarket.com/cards/SFD-177a?print_variation=showcase,showcase,,¥7.60,$8.99,SFD-177a,"Azir, Sovereign SFD-177a/221 Showcase CN ¥7.60 EN $8.99"
2026-09-11T19:27:05+00:00,https://bilgewatermarket.com/cards,Blade of the Ruined King,nonfoil,4.14,https://bilgewatermarket.com/cards/SFD-178,normal,,¥3.76,$4.14,SFD-178,Blade of the Ruined King SFD-178/221 CN ¥3.76 EN $4.14
2026-09-11T19:27:05+00:00,https://bilgewatermarket.com/cards,Blade of the Ruined King,nonfoil,9.26,https://bilgewatermarket.com/cards/SFD-178?print_variation=promo[bologna top 8],promo[bologna top 8],,,$9.26,SFD-178,Blade of the Ruined King SFD-178/221 EN $9.26
2026-09-11T19:27:05+00:00,https://bilgewatermarket.com/cards,Blade of the Ruined King,nonfoil,0.30,https://bilgewatermarket.com/cards/SFD-178a?print_variation=promo[bologna champion],promo[bologna champion],,,$0.30,SFD-178a,Blade of the Ruined King SFD-178a/221 EN $0.30
2026-09-11T19:27:05+00:00,https://bilgewatermarket.com/cards,Blade of the Ruined King,nonfoil,4.14,https://bilgewatermarket.com/cards/SFD-178a?print_variation=promo[lille champion],promo[lille champion],,,$4.14,SFD-178a,Blade of the Ruined King SFD-178a/221 EN $4.14
2026-09-11T19:27:05+00:00,https://bilgewatermarket.com/cards,Blade of the Ruined King,nonfoil,4.14,https://bilgewatermarket.com/cards/SFD-178a?print_variation=promo[lille top 8],promo[lille top 8],,,$4.14,SFD-178a,Blade of the Ruined King SFD-178a/221 EN $4.14
2026-09-11T19:27:05+00:00,https://bilgewatermarket.com/cards,Corina Veraza,nonfoil,1.58,https://bilgewatermarket.com/cards/SFD-179,normal,,¥2.08,$1.58,SFD-179,Corina Veraza SFD-179/221 CN ¥2.08 EN $1.58
2026-09-11T19:27:05+00:00,https://bilgewatermarket.com/cards,"Fiora, Worthy",nonfoil,0.93,https://bilgewatermarket.com/cards/SFD-180,normal,,¥1.36,$0.93,SFD-180,"Fiora, Worthy SFD-180/221 CN ¥1.36 EN $0.93"
2026-09-11T19:27:05+00:00,https://bilgewatermarket.com/cards,"Fiora, Worthy",nonfoil,6.31,https://bilgewatermarket.com/cards/SFD-180a?print_variation=showcase,showcase,,¥8.36,$6.31,SFD-180a,"Fiora, Worthy SFD-180a/221 Showcase CN ¥8.36 EN $6.31"
2026-09-11T19:27:05+00:00,https://bilgewatermarket.com/cards,"Rumble, Mechanized Menace",nonfoil,0.20,https://bilgewatermarket.com/cards/SFD-181,normal,,¥0.50,$0.20,SFD-181,"Rumble, Mechanized Menace SFD-181/221 CN ¥0.50 EN $0.20"
2026-09-11T19:27:05+00:00,https://bilgewatermarket.com/cards,Danger Zone,nonfoil,0.34,https://bilgewatermarket.com/cards/SFD-182,normal,,¥1.13,$0.34,SFD-182,Danger Zone SFD-182/221 CN ¥1.13 EN $0.34
2026-09-11T19:27:05+00:00,https://bilgewatermarket.com/cards,"Lucian, Purifier",nonfoil,0.17,https://bilgewatermarket.com/cards/SFD-183,normal,,¥0.52,$0.17,SFD-183,"Lucian, Purifier SFD-183/221 CN ¥0.52 EN $0.17"
2026-09-11T19:27:05+00:00,https://bilgewatermarket.com/cards,Relentless Pursuit,nonfoil,1.13,https://bilgewatermarket.com/cards/SFD-184,normal,,¥3.12,$1.13,SFD-184,Relentless Pursuit SFD-184/221 CN ¥3.12 EN $1.13
2026-09-11T19:27:05+00:00,https://bilgewatermarket.com/cards,"Draven, Glorious Executioner",nonfoil,0.22,https://bilgewatermarket.com/cards/SFD-185,normal,,¥0.51,$0.22,SFD-185,"Draven, Glorious Executioner SFD-185/221 CN ¥0.51 EN $0.22"
2026-09-11T19:27:05+00:00,https://bilgewatermarket.com/cards,Spinning Axe,nonfoil,2.95,https://bilgewatermarket.com/cards/SFD-186,normal,,¥15.52,$2.95,SFD-186,Spinning Axe SFD-186/221 CN ¥15.52 EN $2.95
2026-09-11T19:27:05+00:00,https://bilgewatermarket.com/cards,"Rek'Sai, Void Burrower",nonfoil,0.18,https://bilgewatermarket.com/cards/SFD-187,normal,,¥0.52,$0.18,SFD-187,"Rek'Sai, Void Burrower SFD-187/221 CN ¥0.52 EN $0.18"
2026-09-11T19:27:05+00:00,https://bilgewatermarket.com/cards,Void Rush,nonfoil,13.16,https://bilgewatermarket.com/cards/SFD-188,normal,,¥15.83,$13.16,SFD-188,Void Rush SFD-188/221 CN ¥15.83 EN $13.16
2026-09-11T19:27:05+00:00,https://bilgewatermarket.com/cards,"Ornn, Fire Below the Mountain",nonfoil,0.19,https://bilgewatermarket.com/cards/SFD-189,normal,,¥0.58,$0.19,SFD-189,"Ornn, Fire Below the Mountain SFD-189/221 CN ¥0.58 EN $0.19"
2026-09-11T19:27:05+00:00,https://bilgewatermarket.com/cards,Forgefire Cape,nonfoil,0.43,https://bilgewatermarket.com/cards/SFD-190,normal,,¥1.40,$0.43,SFD-190,Forgefire Cape SFD-190/221 CN ¥1.40 EN $0.43
2026-09-11T19:27:05+00:00,https://bilgewatermarket.com/cards,Rabadon's Deathcrown,nonfoil,0.44,https://bilgewatermarket.com/cards/SFD-191,normal,,¥1.13,$0.44,SFD-191,Rabadon's Deathcrown SFD-191/221 CN ¥1.13 EN $0.44
2026-09-11T19:27:05+00:00,https://bilgewatermarket.com/cards,Shurelya's Requiem,nonfoil,0.50,https://bilgewatermarket.com/cards/SFD-192,normal,,¥1.45,$0.50,SFD-192,Shurelya's Requiem SFD-192/221 CN ¥1.45 EN $0.50
2026-09-11T19:27:05+00:00,https://bilgewatermarket.com/cards,"Jax, Grandmaster at Arms",nonfoil,0.13,https://bilgewatermarket.com/cards/SFD-193,normal,,¥0.50,$0.13,SFD-193,"Jax, Grandmaster at Arms SFD-193/221 CN ¥0.50 EN $0.13"
2026-09-11T19:27:05+00:00,https://bilgewatermarket.com/cards,Counter Strike,nonfoil,1.12,https://bilgewatermarket.com/cards/SFD-194,normal,,¥2.87,$1.12,SFD-194,Counter Strike SFD-194/221 CN ¥2.87 EN $1.12
2026-09-11T19:27:05+00:00,https://bilgewatermarket.com/cards,"Irelia, Blade Dancer",nonfoil,0.25,https://bilgewatermarket.com/cards/SFD-195,normal,,¥0.66,$0.25,SFD-195,"Irelia, Blade Dancer SFD-195/221 CN ¥0.66 EN $0.25"
2026-09-11T19:27:05+00:00,https://bilgewatermarket.com/cards,"Irelia, Blade Dancer",nonfoil,853.00,https://bilgewatermarket.com/cards/SFD-195a?print_variation=promo,promo,,¥853.00,,SFD-195a,"Irelia, Blade Dancer SFD-195a/221 CN ¥853.00"
2026-09-11T19:27:05+00:00,https://bilgewatermarket.com/cards,Defiant Dance,nonfoil,19.70,https://bilgewatermarket.com/cards/SFD-196,normal,,¥65.91,$19.70,SFD-196,Defiant Dance SFD-196/221 CN ¥65.91 EN $19.70
2026-09-11T19:27:05+00:00,https://bilgewatermarket.com/cards,"Azir, Emperor of the Sands",nonfoil,0.18,https://bilgewatermarket.com/cards/SFD-197,normal,,¥0.60,$0.18,SFD-197,"Azir, Emperor of the Sands SFD-197/221 CN ¥0.60 EN $0.18"
2026-09-11T19:27:05+00:00,https://bilgewatermarket.com/cards,Arise!,nonfoil,25.47,https://bilgewatermarket.com/cards/SFD-198,normal,,¥41.71,$25.47,SFD-198,Arise! SFD-198/221 CN ¥41.71 EN $25.47
2026-09-11T19:27:05+00:00,https://bilgewatermarket.com/cards,"Ezreal, Prodigal Explorer",nonfoil,0.18,https://bilgewatermarket.com/cards/SFD-199,normal,,¥0.55,$0.18,SFD-199,"Ezreal, Prodigal Explorer SFD-199/221 CN ¥0.55 EN $0.18"
2026-09-11T19:27:05+00:00,https://bilgewatermarket.com/cards,Arcane Shift,nonfoil,1.00,https://bilgewatermarket.com/cards/SFD-200,normal,,¥10.06,$1.00,SFD-200,Arcane Shift SFD-200/221 CN ¥10.06 EN $1.00
2026-09-11T19:27:05+00:00,https://bilgewatermarket.com/cards,"Renata Glasc, Chem-Baroness",nonfoil,0.20,https://bilgewatermarket.com/cards/SFD-201,normal,,¥0.50,$0.20,SFD-201,"Renata Glasc, Chem-Baroness SFD-201/221 CN ¥0.50 EN $0.20"
2026-09-11T19:27:05+00:00,https://bilgewatermarket.com/cards,Hostile Takeover,nonfoil,1.17,https://bilgewatermarket.com/cards/SFD-202,normal,,¥2.52,$1.17,SFD-202,Hostile Takeover SFD-202/221 CN ¥2.52 EN $1.17
2026-09-11T19:27:05+00:00,https://bilgewatermarket.com/cards,"Sivir, Battle Mistress",nonfoil,0.19,https://bilgewatermarket.com/cards/SFD-203,normal,,¥0.51,$0.19,SFD-203,"Sivir, Battle Mistress SFD-203/221 CN ¥0.51 EN $0.19"
2026-09-11T19:27:05+00:00,https://bilgewatermarket.com/cards,On the Hunt,nonfoil,0.54,https://bilgewatermarket.com/cards/SFD-204,normal,,¥1.37,$0.54,SFD-204,On the Hunt SFD-204/221 CN ¥1.37 EN $0.54
2026-09-11T19:27:05+00:00,https://bilgewatermarket.com/cards,"Fiora, Grand Duelist",nonfoil,0.15,https://bilgewatermarket.com/cards/SFD-205,normal,,¥0.55,$0.15,SFD-205,"Fiora, Grand Duelist SFD-205/221 CN ¥0.55 EN $0.15"
2026-09-11T19:27:05+00:00,https://bilgewatermarket.com/cards,Riposte,nonfoil,3.62,https://bilgewatermarket.com/cards/SFD-206,normal,,¥10.19,$3.62,SFD-206,Riposte SFD-206/221 CN ¥10.19 EN $3.62
2026-09-11T19:27:05+00:00,https://bilgewatermarket.com/cards,Emperor's Dais,foil,0.32,https://bilgewatermarket.com/cards/SFD-207?print_variation=foiled,foiled,,¥2.33,$0.32,SFD-207,Emperor's Dais SFD-207/221 Foiled CN ¥2.33 EN $0.32
2026-09-11T19:27:05+00:00,https://bilgewatermarket.com/cards,Emperor's Dais,nonfoil,0.10,https://bilgewatermarket.com/cards/SFD-207,normal,,¥0.58,$0.10,SFD-207,Emperor's Dais SFD-207/221 CN ¥0.58 EN $0.10
2026-09-11T19:27:05+00:00,https://bilgewatermarket.com/cards,Forge of the Fluft,foil,0.33,https://bilgewatermarket.com/cards/SFD-208?print_variation=foiled,foiled,,¥1.67,$0.33,SFD-208,Forge of the Fluft SFD-208/221 Foiled CN ¥1.67 EN $0.33
2026-09-11T19:27:05+00:00,https://bilgewatermarket.com/cards,Forge of the Fluft,nonfoil,0.09,https://bilgewatermarket.com/cards/SFD-208,normal,,¥0.51,$0.09,SFD-208,Forge of the Fluft SFD-208/221 CN ¥0.51 EN $0.09
2026-09-11T19:27:05+00:00,https://bilgewatermarket.com/cards,Forgotten Monument,foil,0.35,https://bilgewatermarket.com/cards/SFD-209?print_variation=foiled,foiled,,¥1.44,$0.35,SFD-209,Forgotten Monument SFD-209/221 Foiled CN ¥1.44 EN $0.35
2026-09-11T19:27:05+00:00,https://bilgewatermarket.com/cards,Forgotten Monument,nonfoil,0.13,https://bilgewatermarket.com/cards/SFD-209,normal,,¥0.66,$0.13,SFD-209,Forgotten Monument SFD-209/221 CN ¥0.66 EN $0.13
2026-09-11T19:27:05+00:00,https://bilgewatermarket.com/cards,Hall of Legends,foil,0.37,https://bilgewatermarket.com/cards/SFD-210?print_variation=foiled,foiled,,¥1.85,$0.37,SFD-210,Hall of Legends SFD-210/221 Foiled CN ¥1.85 EN $0.37
2026-09-11T19:27:05+00:00,https://bilgewatermarket.com/cards,Hall of Legends,nonfoil,0.10,https://bilgewatermarket.com/cards/SFD-210,normal,,¥0.64,$0.10,SFD-210,Hall of Legends SFD-210/221 CN ¥0.64 EN $0.10
2026-09-11T19:27:05+00:00,https://bilgewatermarket.com/cards,Marai Spire,foil,0.32,https://bilgewatermarket.com/cards/SFD-211?print_variation=foiled,foiled,,¥0.54,$0.32,SFD-211,Marai Spire SFD-211/221 Foiled CN ¥0.54 EN $0.32
2026-09-11T19:27:05+00:00,https://bilgewatermarket.com/cards,Marai Spire,nonfoil,0.09,https://bilgewatermarket.com/cards/SFD-211,normal,,¥0.50,$0.09,SFD-211,Marai Spire SFD-211/221 CN ¥0.50 EN $0.09
2026-09-11T19:27:05+00:00,https://bilgewatermarket.com/cards,Marai Spire,nonfoil,46.09,https://bilgewatermarket.com/cards/SFD-211?print_variation=promo[南京参赛纪念],promo[南京参赛纪念],,¥46.09,,SFD-211,Marai Spire SFD-211/221 CN ¥46.09
2026-09-11T19:27:05+00:00,https://bilgewatermarket.com/cards,Minefield,foil,0.37,https://bilgewatermarket.com/cards/SFD-212?print_variation=foiled,foiled,,¥1.41,$0.37,SFD-212,Minefield SFD-212/221 Foiled CN ¥1.41 EN $0.37
2026-09-11T19:27:05+00:00,https://bilgewatermarket.com/cards,Minefield,nonfoil,0.10,https://bilgewatermarket.com/cards/SFD-212,normal,,¥0.54,$0.10,SFD-212,Minefield SFD-212/221 CN ¥0.54 EN $0.10
2026-09-11T19:27:05+00:00,https://bilgewatermarket.com/cards,Ornn's Forge,foil,0.38,https://bilgewatermarket.com/cards/SFD-213?print_variation=foiled,foiled,,¥2.24,$0.38,SFD-213,Ornn's Forge SFD-213/221 Foiled CN ¥2.24 EN $0.38
2026-09-11T19:27:05+00:00,https://bilgewatermarket.com/cards,Ornn's Forge,nonfoil,0.11,https://bilgewatermarket.com/cards/SFD-213,normal,,¥0.58,$0.11,SFD-213,Ornn's Forge SFD-213/221 CN ¥0.58 EN $0.11
2026-09-11T19:27:05+00:00,https://bilgewatermarket.com/cards,Power Nexus,foil,0.33,https://bilgewatermarket.com/cards/SFD-214?print_variation=foiled,foiled,,¥1.22,$0.33,SFD-214,Power Nexus SFD-214/221 Foiled CN ¥1.22 EN $0.33
2026-09-11T19:27:05+00:00,https://bilgewatermarket.com/cards,Power Nexus,nonfoil,0.12,https://bilgewatermarket.com/cards/SFD-214,normal,,¥0.51,$0.12,SFD-214,Power Nexus SFD-214/221 CN ¥0.51 EN $0.12
2026-09-11T19:27:05+00:00,https://bilgewatermarket.com/cards,Ravenbloom Conservatory,foil,0.52,https://bilgewatermarket.com/cards/SFD-215?print_variation=foiled,foiled,,¥1.95,$0.52,SFD-215,Ravenbloom Conservatory SFD-215/221 Foiled CN ¥1.95 EN $0.52
2026-09-11T19:27:05+00:00,https://bilgewatermarket.com/cards,Ravenbloom Conservatory,nonfoil,0.13,https://bilgewatermarket.com/cards/SFD-215,normal,,¥0.67,$0.13,SFD-215,Ravenbloom Conservatory SFD-215/221 CN ¥0.67 EN $0.13
2026-09-11T19:27:05+00:00,https://bilgewatermarket.com/cards,Ravenbloom Conservatory,nonfoil,54.89,https://bilgewatermarket.com/cards/SFD-215?print_variation=promo[福州参赛纪念],promo[福州参赛纪念],,¥54.89,,SFD-215,Ravenbloom Conservatory SFD-215/221 CN ¥54.89
2026-09-11T19:27:05+00:00,https://bilgewatermarket.com/cards,Rockfall Path,foil,0.60,https://bilgewatermarket.com/cards/SFD-216?print_variation=foiled,foiled,,¥2.61,$0.60,SFD-216,Rockfall Path SFD-216/221 Foiled CN ¥2.61 EN $0.60
2026-09-11T19:27:05+00:00,https://bilgewatermarket.com/cards,Rockfall Path,nonfoil,0.17,https://bilgewatermarket.com/cards/SFD-216,normal,,¥0.72,$0.17,SFD-216,Rockfall Path SFD-216/221 CN ¥0.72 EN $0.17
2026-09-11T19:27:05+00:00,https://bilgewatermarket.com/cards,Seat of Power,foil,0.53,https://bilgewatermarket.com/cards/SFD-217?print_variation=foiled,foiled,,¥2.21,$0.53,SFD-217,Seat of Power SFD-217/221 Foiled CN ¥2.21 EN $0.53
2026-09-11T19:27:05+00:00,https://bilgewatermarket.com/cards,Seat of Power,nonfoil,0.15,https://bilgewatermarket.com/cards/SFD-217,normal,,¥0.62,$0.15,SFD-217,Seat of Power SFD-217/221 CN ¥0.62 EN $0.15
2026-09-11T19:27:05+00:00,https://bilgewatermarket.com/cards,Seat of Power,nonfoil,86.59,https://bilgewatermarket.com/cards/SFD-217?print_variation=promo[成都参赛纪念],promo[成都参赛纪念],,¥86.59,,SFD-217,Seat of Power SFD-217/221 CN ¥86.59
2026-09-11T19:27:05+00:00,https://bilgewatermarket.com/cards,Sunken Temple,foil,0.72,https://bilgewatermarket.com/cards/SFD-218?print_variation=foiled,foiled,,¥3.14,$0.72,SFD-218,Sunken Temple SFD-218/221 Foiled CN ¥3.14 EN $0.72
2026-09-11T19:27:05+00:00,https://bilgewatermarket.com/cards,Sunken Temple,nonfoil,0.13,https://bilgewatermarket.com/cards/SFD-218,normal,,¥0.64,$0.13,SFD-218,Sunken Temple SFD-218/221 CN ¥0.64 EN $0.13
2026-09-11T19:27:05+00:00,https://bilgewatermarket.com/cards,The Papertree,foil,0.35,https://bilgewatermarket.com/cards/SFD-219?print_variation=foiled,foiled,,¥2.05,$0.35,SFD-219,The Papertree SFD-219/221 Foiled CN ¥2.05 EN $0.35
2026-09-11T19:27:05+00:00,https://bilgewatermarket.com/cards,The Papertree,nonfoil,0.13,https://bilgewatermarket.com/cards/SFD-219,normal,,¥0.70,$0.13,SFD-219,The Papertree SFD-219/221 CN ¥0.70 EN $0.13
2026-09-11T19:27:05+00:00,https://bilgewatermarket.com/cards,Treasure Hoard,foil,0.36,https://bilgewatermarket.com/cards/SFD-220?print_variation=foiled,foiled,,¥2.57,$0.36,SFD-220,Treasure Hoard SFD-220/221 Foiled CN ¥2.57 EN $0.36
2026-09-11T19:27:05+00:00,https://bilgewatermarket.com/cards,Treasure Hoard,nonfoil,0.11,https://bilgewatermarket.com/cards/SFD-220,normal,,¥0.55,$0.11,SFD-220,Treasure Hoard SFD-220/221 CN ¥0.55 EN $0.11
2026-09-11T19:27:05+00:00,https://bilgewatermarket.com/cards,Treasure Hoard,nonfoil,653.47,https://bilgewatermarket.com/cards/SFD-220?print_variation=promo,promo,,¥653.47,,SFD-220,Treasure Hoard SFD-220/221 CN ¥653.47
2026-09-11T19:27:05+00:00,https://bilgewatermarket.com/cards,Veiled Temple,foil,0.39,https://bilgewatermarket.com/cards/SFD-221?print_variation=foiled,foiled,,¥1.65,$0.39,SFD-221,Veiled Temple SFD-221/221 Foiled CN ¥1.65 EN $0.39
2026-09-11T19:27:05+00:00,https://bilgewatermarket.com/cards,Veiled Temple,nonfoil,0.10,https://bilgewatermarket.com/cards/SFD-221,normal,,¥0.57,$0.10,SFD-221,Veiled Temple SFD-221/221 CN ¥0.57 EN $0.10
2026-09-11T19:27:05+00:00,https://bilgewatermarket.com/cards,Veiled Temple,nonfoil,49.58,https://bilgewatermarket.com/cards/SFD-221?print_variation=promo[大连参赛纪念],promo[大连参赛纪念],,¥49.58,,SFD-221,Veiled Temple SFD-221/221 CN ¥49.58
2026-09-11T19:27:05+00:00,https://bilgewatermarket.com/cards,Seal of Rage,nonfoil,60.80,https://bilgewatermarket.com/cards/SFD-222?print_variation=showcase,showcase,,¥116.24,$60.80,SFD-222,Seal of Rage SFD-222/221 Showcase CN ¥116.24 EN $60.80
2026-09-11T19:27:05+00:00,https://bilgewatermarket.com/cards,"Vayne, Hunter",nonfoil,223.02,https://bilgewatermarket.com/cards/SFD-223?print_variation=showcase,showcase,,¥245.38,$223.02,SFD-223,"Vayne, Hunter SFD-223/221 Showcase CN ¥245.38 EN $223.02"
2026-09-11T19:27:05+00:00,https://bilgewatermarket.com/cards,"Vayne, Hunter",nonfoil,1206.22,https://bilgewatermarket.com/cards/SFD-223*?print_variation=signature,signature,,¥3898.18,$1206.22,SFD-223*,"Vayne, Hunter SFD-223*/221 CN ¥3898.18 EN $1206.22"
2026-09-11T19:27:05+00:00,https://bilgewatermarket.com/cards,"Aphelios, Exalted",nonfoil,76.30,https://bilgewatermarket.com/cards/SFD-224?print_variation=showcase,showcase,,¥122.52,$76.30,SFD-224,"Aphelios, Exalted SFD-224/221 Showcase CN ¥122.52 EN $76.30"
2026-09-11T19:27:05+00:00,https://bilgewatermarket.com/cards,"Aphelios, Exalted",nonfoil,567.87,https://bilgewatermarket.com/cards/SFD-224*?print_variation=signature,signature,,¥1936.31,$567.87,SFD-224*,"Aphelios, Exalted SFD-224*/221 CN ¥1936.31 EN $567.87"
2026-09-11T19:27:05+00:00,https://bilgewatermarket.com/cards,"Irelia, Fervent",nonfoil,356.81,https://bilgewatermarket.com/cards/SFD-225?print_variation=showcase,showcase,,¥991.23,$356.81,SFD-225,"Irelia, Fervent SFD-225/221 Showcase CN ¥991.23 EN $356.81"
2026-09-11T19:27:05+00:00,https://bilgewatermarket.com/cards,"Irelia, Fervent",nonfoil,1572.06,https://bilgewatermarket.com/cards/SFD-225*?print_variation=signature,signature,,¥126.47,$1572.06,SFD-225*,"Irelia, Fervent SFD-225*/221 CN ¥126.47 EN $1572.06"
2026-09-11T19:27:05+00:00,https://bilgewatermarket.com/cards,Seal of Focus,nonfoil,68.33,https://bilgewatermarket.com/cards/SFD-226?print_variation=showcase,showcase,,¥123.04,$68.33,SFD-226,Seal of Focus SFD-226/221 Showcase CN ¥123.04 EN $68.33
2026-09-11T19:27:05+00:00,https://bilgewatermarket.com/cards,"Ahri, Inquisitive",nonfoil,677.66,https://bilgewatermarket.com/cards/SFD-227?print_variation=showcase,showcase,,¥1531.96,$677.66,SFD-227,"Ahri, Inquisitive SFD-227/221 Showcase CN ¥1531.96 EN $677.66"
2026-09-11T19:27:05+00:00,https://bilgewatermarket.com/cards,"Ahri, Inquisitive",nonfoil,3297.87,https://bilgewatermarket.com/cards/SFD-227*?print_variation=signature,signature,,¥17500.00,$3297.87,SFD-227*,"Ahri, Inquisitive SFD-227*/221 CN ¥17500.00 EN $3297.87"
2026-09-11T19:27:05+00:00,https://bilgewatermarket.com/cards,"Bard, Mercurial",nonfoil,69.33,https://bilgewatermarket.com/cards/SFD-228?print_variation=showcase,showcase,,¥48.70,$69.33,SFD-228,"Bard, Mercurial SFD-228/221 Showcase CN ¥48.70 EN $69.33"
2026-09-11T19:27:05+00:00,https://bilgewatermarket.com/cards,"Bard, Mercurial",nonfoil,444.89,https://bilgewatermarket.com/cards/SFD-228*?print_variation=signature,signature,,¥1005.53,$444.89,SFD-228*,"Bard, Mercurial SFD-228*/221 CN ¥1005.53 EN $444.89"
2026-09-11T19:27:05+00:00,https://bilgewatermarket.com/cards,Seal of Insight,nonfoil,49.04,https://bilgewatermarket.com/cards/SFD-229?print_variation=showcase,showcase,,¥112.08,$49.04,SFD-229,Seal of Insight SFD-229/221 Showcase CN ¥112.08 EN $49.04
2026-09-11T19:27:05+00:00,https://bilgewatermarket.com/cards,"Teemo, Strategist",nonfoil,173.41,https://bilgewatermarket.com/cards/SFD-230?print_variation=showcase,showcase,,¥157.18,$173.41,SFD-230,"Teemo, Strategist SFD-230/221 Showcase CN ¥157.18 EN $173.41"
2026-09-11T19:27:05+00:00,https://bilgewatermarket.com/cards,"Teemo, Strategist",nonfoil,672.60,https://bilgewatermarket.com/cards/SFD-230*?print_variation=signature,signature,,¥1884.00,$672.60,SFD-230*,"Teemo, Strategist SFD-230*/221 CN ¥1884.00 EN $672.60"
2026-09-11T19:27:05+00:00,https://bilgewatermarket.com/cards,Seal of Strength,nonfoil,45.76,https://bilgewatermarket.com/cards/SFD-231?print_variation=showcase,showcase,,¥92.21,$45.76,SFD-231,Seal of Strength SFD-231/221 Showcase CN ¥92.21 EN $45.76
2026-09-11T19:27:05+00:00,https://bilgewatermarket.com/cards,"Sett, Brawler",nonfoil,83.86,https://bilgewatermarket.com/cards/SFD-232?print_variation=showcase,showcase,,¥193.11,$83.86,SFD-232,"Sett, Brawler SFD-232/221 Showcase CN ¥193.11 EN $83.86"
2026-09-11T19:27:05+00:00,https://bilgewatermarket.com/cards,"Sett, Brawler",nonfoil,483.66,https://bilgewatermarket.com/cards/SFD-232*?print_variation=signature,signature,,¥1703.69,$483.66,SFD-232*,"Sett, Brawler SFD-232*/221 CN ¥1703.69 EN $483.66"
2026-09-11T19:27:05+00:00,https://bilgewatermarket.com/cards,"Yone, Blademaster",nonfoil,84.13,https://bilgewatermarket.com/cards/SFD-233?print_variation=showcase,showcase,,¥116.12,$84.13,SFD-233,"Yone, Blademaster SFD-233/221 Showcase CN ¥116.12 EN $84.13"
2026-09-11T19:27:05+00:00,https://bilgewatermarket.com/cards,"Yone, Blademaster",nonfoil,552.90,https://bilgewatermarket.com/cards/SFD-233*?print_variation=signature,signature,,¥1410.83,$552.90,SFD-233*,"Yone, Blademaster SFD-233*/221 CN ¥1410.83 EN $552.90"
2026-09-11T19:27:05+00:00,https://bilgewatermarket.com/cards,Seal of Discord,nonfoil,120.43,https://bilgewatermarket.com/cards/SFD-234?print_variation=showcase,showcase,,¥337.86,$120.43,SFD-234,Seal of Discord SFD-234/221 Showcase CN ¥337.86 EN $120.43
2026-09-11T19:27:05+00:00,https://bilgewatermarket.com/cards,"Yasuo, Windrider",nonfoil,62.73,https://bilgewatermarket.com/cards/SFD-235?print_variation=showcase,showcase,,¥126.99,$62.73,SFD-235,"Yasuo, Windrider SFD-235/221 Showcase CN ¥126.99 EN $62.73"
2026-09-11T19:27:05+00:00,https://bilgewatermarket.com/cards,"Yasuo, Windrider",nonfoil,546.54,https://bilgewatermarket.com/cards/SFD-235*?print_variation=signature,signature,,¥1289.14,$546.54,SFD-235*,"Yasuo, Windrider SFD-235*/221 CN ¥1289.14 EN $546.54"
2026-09-11T19:27:05+00:00,https://bilgewatermarket.com/cards,"Darius, Executioner",nonfoil,49.96,https://bilgewatermarket.com/cards/SFD-236?print_variation=showcase,showcase,,¥42.15,$49.96,SFD-236,"Darius, Executioner SFD-236/221 Showcase CN ¥42.15 EN $49.96"
2026-09-11T19:27:05+00:00,https://bilgewatermarket.com/cards,"Darius, Executioner",nonfoil,387.17,https://bilgewatermarket.com/cards/SFD-236*?print_variation=signature,signature,,¥583.05,$387.17,SFD-236*,"Darius, Executioner SFD-236*/221 CN ¥583.05 EN $387.17"
2026-09-11T19:27:05+00:00,https://bilgewatermarket.com/cards,"Karma, Channeler",nonfoil,49.97,https://bilgewatermarket.com/cards/SFD-237?print_variation=showcase,showcase,,¥54.07,$49.97,SFD-237,"Karma, Channeler SFD-237/221 Showcase CN ¥54.07 EN $49.97"
2026-09-11T19:27:05+00:00,https://bilgewatermarket.com/cards,"Karma, Channeler",nonfoil,320.02,https://bilgewatermarket.com/cards/SFD-237*?print_variation=signature,signature,,¥1093.69,$320.02,SFD-237*,"Karma, Channeler SFD-237*/221 CN ¥1093.69 EN $320.02"
2026-09-11T19:27:05+00:00,https://bilgewatermarket.com/cards,Seal of Unity,nonfoil,62.83,https://bilgewatermarket.com/cards/SFD-238?print_variation=showcase,showcase,,¥158.52,$62.83,SFD-238,Seal of Unity SFD-238/221 Showcase CN ¥158.52 EN $62.83
2026-09-11T19:27:05+00:00,https://bilgewatermarket.com/cards,"Soraka, Wanderer",nonfoil,138.12,https://bilgewatermarket.com/cards/SFD-239?print_variation=showcase,showcase,,¥164.76,$138.12,SFD-239,"Soraka, Wanderer SFD-239/221 Showcase CN ¥164.76 EN $138.12"
2026-09-11T19:27:05+00:00,https://bilgewatermarket.com/cards,"Soraka, Wanderer",nonfoil,897.53,https://bilgewatermarket.com/cards/SFD-239*?print_variation=signature,signature,,¥1903.92,$897.53,SFD-239*,"Soraka, Wanderer SFD-239*/221 CN ¥1903.92 EN $897.53"
2026-09-11T19:27:05+00:00,https://bilgewatermarket.com/cards,"Rumble, Mechanized Menace",nonfoil,51.37,https://bilgewatermarket.com/cards/SFD-240?print_variation=showcase,showcase,,¥43.67,$51.37,SFD-240,"Rumble, Mechanized Menace SFD-240/221 Showcase CN ¥43.67 EN $51.37"
2026-09-11T19:27:05+00:00,https://bilgewatermarket.com/cards,"Lucian, Purifier",nonfoil,60.93,https://bilgewatermarket.com/cards/SFD-241?print_variation=showcase,showcase,,¥55.49,$60.93,SFD-241,"Lucian, Purifier SFD-241/221 Showcase CN ¥55.49 EN $60.93"
2026-09-11T19:27:05+00:00,https://bilgewatermarket.com/cards,"Draven, Glorious Executioner",nonfoil,117.29,https://bilgewatermarket.com/cards/SFD-242?print_variation=showcase,showcase,,¥121.30,$117.29,SFD-242,"Draven, Glorious Executioner SFD-242/221 Showcase CN ¥121.30 EN $117.29"
2026-09-11T19:27:05+00:00,https://bilgewatermarket.com/cards,"Rek'Sai, Void Burrower",nonfoil,99.36,https://bilgewatermarket.com/cards/SFD-243?print_variation=showcase,showcase,,¥102.23,$99.36,SFD-243,"Rek'Sai, Void Burrower SFD-243/221 Showcase CN ¥102.23 EN $99.36"
2026-09-11T19:27:05+00:00,https://bilgewatermarket.com/cards,"Ornn, Fire Below the Mountain",nonfoil,98.28,https://bilgewatermarket.com/cards/SFD-244?print_variation=showcase,showcase,,¥98.64,$98.28,SFD-244,"Ornn, Fire Below the Mountain SFD-244/221 Showcase CN ¥98.64 EN $98.28"
2026-09-11T19:27:05+00:00,https://bilgewatermarket.com/cards,"Jax, Grandmaster at Arms",nonfoil,60.65,https://bilgewatermarket.com/cards/SFD-245?print_variation=showcase,showcase,,¥74.57,$60.65,SFD-245,"Jax, Grandmaster at Arms SFD-245/221 Showcase CN ¥74.57 EN $60.65"
2026-09-11T19:27:05+00:00,https://bilgewatermarket.com/cards,"Irelia, Blade Dancer",nonfoil,172.48,https://bilgewatermarket.com/cards/SFD-246?print_variation=showcase,showcase,,¥177.37,$172.48,SFD-246,"Irelia, Blade Dancer SFD-246/221 Showcase CN ¥177.37 EN $172.48"
2026-09-11T19:27:05+00:00,https://bilgewatermarket.com/cards,"Azir, Emperor of the Sands",nonfoil,128.53,https://bilgewatermarket.com/cards/SFD-247?print_variation=showcase,showcase,,¥193.40,$128.53,SFD-247,"Azir, Emperor of the Sands SFD-247/221 Showcase CN ¥193.40 EN $128.53"
2026-09-11T19:27:05+00:00,https://bilgewatermarket.com/cards,"Ezreal, Prodigal Explorer",nonfoil,109.59,https://bilgewatermarket.com/cards/SFD-248?print_variation=showcase,showcase,,¥158.03,$109.59,SFD-248,"Ezreal, Prodigal Explorer SFD-248/221 Showcase CN ¥158.03 EN $109.59"
2026-09-11T19:27:05+00:00,https://bilgewatermarket.com/cards,"Renata Glasc, Chem-Baroness",nonfoil,49.03,https://bilgewatermarket.com/cards/SFD-249?print_variation=showcase,showcase,,¥53.13,$49.03,SFD-249,"Renata Glasc, Chem-Baroness SFD-249/221 Showcase CN ¥53.13 EN $49.03"
2026-09-11T19:27:05+00:00,https://bilgewatermarket.com/cards,"Sivir, Battle Mistress",nonfoil,62.28,https://bilgewatermarket.com/cards/SFD-250?print_variation=showcase,showcase,,¥67.61,$62.28,SFD-250,"Sivir, Battle Mistress SFD-250/221 Showcase CN ¥67.61 EN $62.28"
2026-09-11T19:27:05+00:00,https://bilgewatermarket.com/cards,"Fiora, Grand Duelist",nonfoil,111.90,https://bilgewatermarket.com/cards/SFD-251?print_variation=showcase,showcase,,¥185.73,$111.90,SFD-251,"Fiora, Grand Duelist SFD-251/221 Showcase CN ¥185.73 EN $111.90"
2026-09-11T19:27:05+00:00,https://bilgewatermarket.com/cards,Fury Rune,nonfoil,0.07,https://bilgewatermarket.com/cards/SFD-R01,normal,,¥0.51,$0.07,SFD-R01,Fury Rune SFD-R01 CN ¥0.51 EN $0.07
2026-09-11T19:27:05+00:00,https://bilgewatermarket.com/cards,Fury Rune,nonfoil,3.13,https://bilgewatermarket.com/cards/SFD-R01A?print_variation=showcase,showcase,,¥25.97,$3.13,SFD-R01A,Fury Rune SFD-R01a Showcase CN ¥25.97 EN $3.13
2026-09-11T19:27:05+00:00,https://bilgewatermarket.com/cards,Fury Rune,nonfoil,3.19,https://bilgewatermarket.com/cards/SFD-R01B?print_variation=promo,promo,,¥18.22,$3.19,SFD-R01B,Fury Rune SFD-R01b CN ¥18.22 EN $3.19
2026-09-11T19:27:05+00:00,https://bilgewatermarket.com/cards,Calm Rune,nonfoil,0.11,https://bilgewatermarket.com/cards/SFD-R02,normal,,¥0.52,$0.11,SFD-R02,Calm Rune SFD-R02 CN ¥0.52 EN $0.11
2026-09-11T19:27:05+00:00,https://bilgewatermarket.com/cards,Calm Rune,nonfoil,5.84,https://bilgewatermarket.com/cards/SFD-R02A?print_variation=showcase,showcase,,¥28.23,$5.84,SFD-R02A,Calm Rune SFD-R02a Showcase CN ¥28.23 EN $5.84
2026-09-11T19:27:05+00:00,https://bilgewatermarket.com/cards,Calm Rune,nonfoil,4.81,https://bilgewatermarket.com/cards/SFD-R02B?print_variation=promo,promo,,¥22.53,$4.81,SFD-R02B,Calm Rune SFD-R02b CN ¥22.53 EN $4.81
2026-09-11T19:27:05+00:00,https://bilgewatermarket.com/cards,Mind Rune,nonfoil,0.11,https://bilgewatermarket.com/cards/SFD-R03,normal,,¥0.63,$0.11,SFD-R03,Mind Rune SFD-R03 CN ¥0.63 EN $0.11
2026-09-11T19:27:05+00:00,https://bilgewatermarket.com/cards,Mind Rune,nonfoil,5.77,https://bilgewatermarket.com/cards/SFD-R03A?print_variation=showcase,showcase,,¥29.18,$5.77,SFD-R03A,Mind Rune SFD-R03a Showcase CN ¥29.18 EN $5.77
2026-09-11T19:27:05+00:00,https://bilgewatermarket.com/cards,Mind Rune,nonfoil,6.31,https://bilgewatermarket.com/cards/SFD-R03B?print_variation=promo,promo,,¥22.05,$6.31,SFD-R03B,Mind Rune SFD-R03b CN ¥22.05 EN $6.31
2026-09-11T19:27:05+00:00,https://bilgewatermarket.com/cards,Body Rune,nonfoil,0.12,https://bilgewatermarket.com/cards/SFD-R04,normal,,¥0.58,$0.12,SFD-R04,Body Rune SFD-R04 CN ¥0.58 EN $0.12
2026-09-11T19:27:05+00:00,https://bilgewatermarket.com/cards,Body Rune,nonfoil,2.75,https://bilgewatermarket.com/cards/SFD-R04A?print_variation=showcase,showcase,,¥22.52,$2.75,SFD-R04A,Body Rune SFD-R04a Showcase CN ¥22.52 EN $2.75
2026-09-11T19:27:05+00:00,https://bilgewatermarket.com/cards,Body Rune,nonfoil,3.21,https://bilgewatermarket.com/cards/SFD-R04B?print_variation=promo,promo,,¥13.88,$3.21,SFD-R04B,Body Rune SFD-R04b CN ¥13.88 EN $3.21
2026-09-11T19:27:05+00:00,https://bilgewatermarket.com/cards,Chaos Rune,nonfoil,0.09,https://bilgewatermarket.com/cards/SFD-R05,normal,,¥0.65,$0.09,SFD-R05,Chaos Rune SFD-R05 CN ¥0.65 EN $0.09
2026-09-11T19:27:05+00:00,https://bilgewatermarket.com/cards,Chaos Rune,nonfoil,6.22,https://bilgewatermarket.com/cards/SFD-R05A?print_variation=showcase,showcase,,¥34.06,$6.22,SFD-R05A,Chaos Rune SFD-R05a Showcase CN ¥34.06 EN $6.22
2026-09-11T19:27:05+00:00,https://bilgewatermarket.com/cards,Chaos Rune,nonfoil,7.09,https://bilgewatermarket.com/cards/SFD-R05B?print_variation=promo,promo,,¥30.36,$7.09,SFD-R05B,Chaos Rune SFD-R05b CN ¥30.36 EN $7.09
2026-09-11T19:27:05+00:00,https://bilgewatermarket.com/cards,Order Rune,nonfoil,0.10,https://bilgewatermarket.com/cards/SFD-R06,normal,,¥0.52,$0.10,SFD-R06,Order Rune SFD-R06 CN ¥0.52 EN $0.10
2026-09-11T19:27:05+00:00,https://bilgewatermarket.com/cards,Order Rune,nonfoil,5.34,https://bilgewatermarket.com/cards/SFD-R06A?print_variation=showcase,showcase,,¥30.82,$5.34,SFD-R06A,Order Rune SFD-R06a Showcase CN ¥30.82 EN $5.34
2026-09-11T19:27:05+00:00,https://bilgewatermarket.com/cards,Order Rune,nonfoil,3.50,https://bilgewatermarket.com/cards/SFD-R06B?print_variation=promo,promo,,¥16.03,$3.50,SFD-R06B,Order Rune SFD-R06b CN ¥16.03 EN $3.50
2026-09-11T19:27:05+00:00,https://bilgewatermarket.com/cards,Mech,nonfoil,0.10,https://bilgewatermarket.com/cards/SFD-T01,normal,,¥0.52,$0.10,SFD-T01,Mech SFD-T01 CN ¥0.52 EN $0.10
2026-09-11T19:27:05+00:00,https://bilgewatermarket.com/cards,Sand Soldier,nonfoil,0.36,https://bilgewatermarket.com/cards/SFD-T02,normal,,¥0.75,$0.36,SFD-T02,Sand Soldier SFD-T02 CN ¥0.75 EN $0.36
2026-09-11T19:27:05+00:00,https://bilgewatermarket.com/cards,Gold,nonfoil,0.15,https://bilgewatermarket.com/cards/SFD-T03,normal,,¥0.83,$0.15,SFD-T03,Gold SFD-T03 CN ¥0.83 EN $0.15
2026-09-11T19:27:05+00:00,https://bilgewatermarket.com/cards,"Lillia, Bashful Bloom",nonfoil,71.53,https://bilgewatermarket.com/cards/SGN-001-P?print_variation=promo,promo,,¥71.53,,SGN-001-P,"Lillia, Bashful Bloom SGN-001-P/003 CN ¥71.53"
2026-09-11T19:27:05+00:00,https://bilgewatermarket.com/cards,"Ivern, Green Father",nonfoil,19.17,https://bilgewatermarket.com/cards/SGN-002-P?print_variation=promo,promo,,¥19.17,,SGN-002-P,"Ivern, Green Father SGN-002-P/003 CN ¥19.17"
2026-09-11T19:27:05+00:00,https://bilgewatermarket.com/cards,Ultrasoft Poro,nonfoil,42.12,https://bilgewatermarket.com/cards/SGN-003-P?print_variation=promo,promo,,¥42.12,,SGN-003-P,Ultrasoft Poro SGN-003-P/003 CN ¥42.12
2026-09-11T19:27:05+00:00,https://bilgewatermarket.com/cards,Bird,foil,22.30,https://bilgewatermarket.com/cards/SGN-T01-P?print_variation=foiled,foiled,,¥22.30,,SGN-T01-P,Bird SGN-T01-P Foiled CN ¥22.30
2026-09-11T19:27:05+00:00,https://bilgewatermarket.com/cards,Bird,nonfoil,9.60,https://bilgewatermarket.com/cards/SGN-T01-P?print_variation=promo,promo,,¥9.60,,SGN-T01-P,Bird SGN-T01-P CN ¥9.60
2026-09-11T19:27:05+00:00,https://bilgewatermarket.com/cards,Bird,foil,24.00,https://bilgewatermarket.com/cards/SGN-T02-P?print_variation=foiled,foiled,,¥24.00,,SGN-T02-P,Bird SGN-T02-P Foiled CN ¥24.00
2026-09-11T19:27:05+00:00,https://bilgewatermarket.com/cards,Bird,nonfoil,5.50,https://bilgewatermarket.com/cards/SGN-T02-P?print_variation=promo,promo,,¥5.50,,SGN-T02-P,Bird SGN-T02-P CN ¥5.50
2026-09-11T19:27:05+00:00,https://bilgewatermarket.com/cards,Brush,foil,21.00,https://bilgewatermarket.com/cards/SGN-T03-P?print_variation=foiled,foiled,,¥21.00,,SGN-T03-P,Brush SGN-T03-P Foiled CN ¥21.00
2026-09-11T19:27:05+00:00,https://bilgewatermarket.com/cards,Brush,nonfoil,4.00,https://bilgewatermarket.com/cards/SGN-T03-P?print_variation=promo,promo,,¥4.00,,SGN-T03-P,Brush SGN-T03-P CN ¥4.00
2026-09-11T19:27:05+00:00,https://bilgewatermarket.com/cards,Gold,foil,26.90,https://bilgewatermarket.com/cards/SGN-T06-P?print_variation=foiled,foiled,,¥26.90,,SGN-T06-P,Gold SGN-T06-P Foiled CN ¥26.90
2026-09-11T19:27:05+00:00,https://bilgewatermarket.com/cards,Gold,nonfoil,6.80,https://bilgewatermarket.com/cards/SGN-T06-P?print_variation=promo,promo,,¥6.80,,SGN-T06-P,Gold SGN-T06-P CN ¥6.80
2026-09-11T19:27:05+00:00,https://bilgewatermarket.com/cards,Sprite,foil,25.20,https://bilgewatermarket.com/cards/SGN-T08-P?print_variation=foiled,foiled,,¥25.20,,SGN-T08-P,Sprite SGN-T08-P Foiled CN ¥25.20
2026-09-11T19:27:05+00:00,https://bilgewatermarket.com/cards,Sprite,nonfoil,6.10,https://bilgewatermarket.com/cards/SGN-T08-P?print_variation=promo,promo,,¥6.10,,SGN-T08-P,Sprite SGN-T08-P CN ¥6.10
2026-09-11T19:27:05+00:00,https://bilgewatermarket.com/cards,Arena Kingpin,foil,0.14,https://bilgewatermarket.com/cards/UNL-001?print_variation=foiled,foiled,,¥0.50,$0.14,UNL-001,Arena Kingpin UNL-001/219 Foiled CN ¥0.50 EN $0.14
2026-09-11T19:27:05+00:00,https://bilgewatermarket.com/cards,Arena Kingpin,nonfoil,0.08,https://bilgewatermarket.com/cards/UNL-001,normal,,¥0.50,$0.08,UNL-001,Arena Kingpin UNL-001/219 CN ¥0.50 EN $0.08
2026-09-11T19:27:05+00:00,https://bilgewatermarket.com/cards,Arena Kingpin,nonfoil,0.14,https://bilgewatermarket.com/cards/UNL-001?print_variation=promo,promo,,¥0.65,$0.14,UNL-001,Arena Kingpin UNL-001/219 CN ¥0.65 EN $0.14
2026-09-11T19:27:05+00:00,https://bilgewatermarket.com/cards,Inferna,foil,0.34,https://bilgewatermarket.com/cards/UNL-002?print_variation=foiled,foiled,,¥1.12,$0.34,UNL-002,Inferna UNL-002/219 Foiled CN ¥1.12 EN $0.34
2026-09-11T19:27:05+00:00,https://bilgewatermarket.com/cards,Inferna,nonfoil,0.15,https://bilgewatermarket.com/cards/UNL-002,normal,,¥0.53,$0.15,UNL-002,Inferna UNL-002/219 CN ¥0.53 EN $0.15
2026-09-11T19:27:05+00:00,https://bilgewatermarket.com/cards,Mischievous Marai,foil,0.20,https://bilgewatermarket.com/cards/UNL-003?print_variation=foiled,foiled,,¥1.43,$0.20,UNL-003,Mischievous Marai UNL-003/219 Foiled CN ¥1.43 EN $0.20
2026-09-11T19:27:05+00:00,https://bilgewatermarket.com/cards,Mischievous Marai,nonfoil,0.10,https://bilgewatermarket.com/cards/UNL-003,normal,,¥0.52,$0.10,UNL-003,Mischievous Marai UNL-003/219 CN ¥0.52 EN $0.10
2026-09-11T19:27:05+00:00,https://bilgewatermarket.com/cards,Prepared Neophyte,foil,0.16,https://bilgewatermarket.com/cards/UNL-004?print_variation=foiled,foiled,,¥0.60,$0.16,UNL-004,Prepared Neophyte UNL-004/219 Foiled CN ¥0.60 EN $0.16
2026-09-11T19:27:05+00:00,https://bilgewatermarket.com/cards,Prepared Neophyte,nonfoil,0.04,https://bilgewatermarket.com/cards/UNL-004,normal,,¥0.50,$0.04,UNL-004,Prepared Neophyte UNL-004/219 CN ¥0.50 EN $0.04
2026-09-11T19:27:05+00:00,https://bilgewatermarket.com/cards,Revna the Lorekeeper,foil,0.15,https://bilgewatermarket.com/cards/UNL-005?print_variation=foiled,foiled,,¥0.50,$0.15,UNL-005,Revna the Lorekeeper UNL-005/219 Foiled CN ¥0.50 EN $0.15
2026-09-11T19:27:05+00:00,https://bilgewatermarket.com/cards,Revna the Lorekeeper,nonfoil,0.03,https://bilgewatermarket.com/cards/UNL-005,normal,,¥0.50,$0.03,UNL-005,Revna the Lorekeeper UNL-005/219 CN ¥0.50 EN $0.03
2026-09-11T19:27:05+00:00,https://bilgewatermarket.com/cards,Sharkling,foil,0.24,https://bilgewatermarket.com/cards/UNL-006?print_variation=foiled,foiled,,¥0.59,$0.24,UNL-006,Sharkling UNL-006/219 Foiled CN ¥0.59 EN $0.24
2026-09-11T19:27:05+00:00,https://bilgewatermarket.com/cards,Sharkling,nonfoil,0.06,https://bilgewatermarket.com/cards/UNL-006,normal,,¥0.51,$0.06,UNL-006,Sharkling UNL-006/219 CN ¥0.51 EN $0.06
2026-09-11T19:27:05+00:00,https://bilgewatermarket.com/cards,Smite,foil,0.19,https://bilgewatermarket.com/cards/UNL-007?print_variation=foiled,foiled,,¥1.80,$0.19,UNL-007,Smite UNL-007/219 Foiled CN ¥1.80 EN $0.19
2026-09-11T19:27:05+00:00,https://bilgewatermarket.com/cards,Smite,nonfoil,0.09,https://bilgewatermarket.com/cards/UNL-007,normal,,¥0.50,$0.09,UNL-007,Smite UNL-007/219 CN ¥0.50 EN $0.09
2026-09-11T19:27:05+00:00,https://bilgewatermarket.com/cards,Towering Pairofant,foil,0.07,https://bilgewatermarket.com/cards/UNL-008?print_variation=foiled,foiled,,¥0.50,$0.07,UNL-008,Towering Pairofant UNL-008/219 Foiled CN ¥0.50 EN $0.07
2026-09-11T19:27:05+00:00,https://bilgewatermarket.com/cards,Towering Pairofant,nonfoil,0.03,https://bilgewatermarket.com/cards/UNL-008,normal,,¥0.50,$0.03,UNL-008,Towering Pairofant UNL-008/219 CN ¥0.50 EN $0.03
2026-09-11T19:27:05+00:00,https://bilgewatermarket.com/cards,Upstage Comedy,foil,0.25,https://bilgewatermarket.com/cards/UNL-009?print_variation=foiled,foiled,,¥1.33,$0.25,UNL-009,Upstage Comedy UNL-009/219 Foiled CN ¥1.33 EN $0.25
2026-09-11T19:27:05+00:00,https://bilgewatermarket.com/cards,Upstage Comedy,nonfoil,0.12,https://bilgewatermarket.com/cards/UNL-009,normal,,¥0.50,$0.12,UNL-009,Upstage Comedy UNL-009/219 CN ¥0.50 EN $0.12
2026-09-11T19:27:05+00:00,https://bilgewatermarket.com/cards,Upstage Comedy,nonfoil,0.25,https://bilgewatermarket.com/cards/UNL-009?print_variation=promo,promo,,¥0.50,$0.25,UNL-009,Upstage Comedy UNL-009/219 CN ¥0.50 EN $0.25
2026-09-11T19:27:05+00:00,https://bilgewatermarket.com/cards,Vault Breaker,foil,0.20,https://bilgewatermarket.com/cards/UNL-010?print_variation=foiled,foiled,,¥0.59,$0.20,UNL-010,Vault Breaker UNL-010/219 Foiled CN ¥0.59 EN $0.20
2026-09-11T19:27:05+00:00,https://bilgewatermarket.com/cards,Vault Breaker,nonfoil,0.11,https://bilgewatermarket.com/cards/UNL-010,normal,,¥0.52,$0.11,UNL-010,Vault Breaker UNL-010/219 CN ¥0.52 EN $0.11
2026-09-11T19:27:05+00:00,https://bilgewatermarket.com/cards,Fresh Beans,foil,0.25,https://bilgewatermarket.com/cards/UNL-011?print_variation=foiled,foiled,,¥0.99,$0.25,UNL-011,Fresh Beans UNL-011/219 Foiled CN ¥0.99 EN $0.25
2026-09-11T19:27:05+00:00,https://bilgewatermarket.com/cards,Fresh Beans,nonfoil,0.09,https://bilgewatermarket.com/cards/UNL-011,normal,,¥0.50,$0.09,UNL-011,Fresh Beans UNL-011/219 CN ¥0.50 EN $0.09
2026-09-11T19:27:05+00:00,https://bilgewatermarket.com/cards,Lord Broadmane,foil,0.26,https://bilgewatermarket.com/cards/UNL-012?print_variation=foiled,foiled,,¥0.51,$0.26,UNL-012,Lord Broadmane UNL-012/219 Foiled CN ¥0.51 EN $0.26
2026-09-11T19:27:05+00:00,https://bilgewatermarket.com/cards,Lord Broadmane,nonfoil,0.06,https://bilgewatermarket.com/cards/UNL-012,normal,,¥0.50,$0.06,UNL-012,Lord Broadmane UNL-012/219 CN ¥0.50 EN $0.06
2026-09-11T19:27:05+00:00,https://bilgewatermarket.com/cards,Lotus Trap,foil,0.42,https://bilgewatermarket.com/cards/UNL-013?print_variation=foiled,foiled,,¥0.63,$0.42,UNL-013,Lotus Trap UNL-013/219 Foiled CN ¥0.63 EN $0.42
2026-09-11T19:27:05+00:00,https://bilgewatermarket.com/cards,Lotus Trap,nonfoil,0.15,https://bilgewatermarket.com/cards/UNL-013,normal,,¥0.50,$0.15,UNL-013,Lotus Trap UNL-013/219 CN ¥0.50 EN $0.15
2026-09-11T19:27:05+00:00,https://bilgewatermarket.com/cards,Monster Harpoon,foil,0.26,https://bilgewatermarket.com/cards/UNL-014?print_variation=foiled,foiled,,¥0.50,$0.26,UNL-014,Monster Harpoon UNL-014/219 Foiled CN ¥0.50 EN $0.26
2026-09-11T19:27:05+00:00,https://bilgewatermarket.com/cards,Monster Harpoon,nonfoil,0.08,https://bilgewatermarket.com/cards/UNL-014,normal,,¥0.50,$0.08,UNL-014,Monster Harpoon UNL-014/219 CN ¥0.50 EN $0.08
2026-09-11T19:27:05+00:00,https://bilgewatermarket.com/cards,Right of Conquest,foil,0.25,https://bilgewatermarket.com/cards/UNL-015?print_variation=foiled,foiled,,¥0.96,$0.25,UNL-015,Right of Conquest UNL-015/219 Foiled CN ¥0.96 EN $0.25
2026-09-11T19:27:05+00:00,https://bilgewatermarket.com/cards,Right of Conquest,nonfoil,0.07,https://bilgewatermarket.com/cards/UNL-015,normal,,¥0.50,$0.07,UNL-015,Right of Conquest UNL-015/219 CN ¥0.50 EN $0.07
2026-09-11T19:27:05+00:00,https://bilgewatermarket.com/cards,Scorchclaw,foil,0.18,https://bilgewatermarket.com/cards/UNL-016?print_variation=foiled,foiled,,¥0.54,$0.18,UNL-016,Scorchclaw UNL-016/219 Foiled CN ¥0.54 EN $0.18
2026-09-11T19:27:05+00:00,https://bilgewatermarket.com/cards,Scorchclaw,nonfoil,0.07,https://bilgewatermarket.com/cards/UNL-016,normal,,¥0.50,$0.07,UNL-016,Scorchclaw UNL-016/219 CN ¥0.50 EN $0.07
2026-09-11T19:27:05+00:00,https://bilgewatermarket.com/cards,Scorchclaw,nonfoil,0.18,https://bilgewatermarket.com/cards/UNL-016?print_variation=promo,promo,,¥0.51,$0.18,UNL-016,Scorchclaw UNL-016/219 CN ¥0.51 EN $0.18
2026-09-11T19:27:05+00:00,https://bilgewatermarket.com/cards,Square Up,foil,0.41,https://bilgewatermarket.com/cards/UNL-017?print_variation=foiled,foiled,,¥1.35,$0.41,UNL-017,Square Up UNL-017/219 Foiled CN ¥1.35 EN $0.41
2026-09-11T19:27:05+00:00,https://bilgewatermarket.com/cards,Square Up,nonfoil,0.10,https://bilgewatermarket.com/cards/UNL-017,normal,,¥0.51,$0.10,UNL-017,Square Up UNL-017/219 CN ¥0.51 EN $0.10
2026-09-11T19:27:05+00:00,https://bilgewatermarket.com/cards,Yeti Brawler,foil,0.27,https://bilgewatermarket.com/cards/UNL-018?print_variation=foiled,foiled,,¥0.50,$0.27,UNL-018,Yeti Brawler UNL-018/219 Foiled CN ¥0.50 EN $0.27
2026-09-11T19:27:05+00:00,https://bilgewatermarket.com/cards,Yeti Brawler,nonfoil,0.05,https://bilgewatermarket.com/cards/UNL-018,normal,,¥0.50,$0.05,UNL-018,Yeti Brawler UNL-018/219 CN ¥0.50 EN $0.05
2026-09-11T19:27:05+00:00,https://bilgewatermarket.com/cards,Blighted Battleaxe,nonfoil,0.34,https://bilgewatermarket.com/cards/UNL-019,normal,,¥0.66,$0.34,UNL-019,Blighted Battleaxe UNL-019/219 CN ¥0.66 EN $0.34
2026-09-11T19:27:05+00:00,https://bilgewatermarket.com/cards,Dancing Grenade,nonfoil,0.19,https://bilgewatermarket.com/cards/UNL-020,normal,,¥0.50,$0.19,UNL-020,Dancing Grenade UNL-020/219 CN ¥0.50 EN $0.19
2026-09-11T19:27:05+00:00,https://bilgewatermarket.com/cards,Grim Apothecary,nonfoil,0.33,https://bilgewatermarket.com/cards/UNL-021,normal,,¥0.69,$0.33,UNL-021,Grim Apothecary UNL-021/219 CN ¥0.69 EN $0.33
2026-09-11T19:27:05+00:00,https://bilgewatermarket.com/cards,"Jhin, Murderous Artist",nonfoil,0.31,https://bilgewatermarket.com/cards/UNL-022,normal,,¥1.04,$0.31,UNL-022,"Jhin, Murderous Artist UNL-022/219 CN ¥1.04 EN $0.31"
2026-09-11T19:27:05+00:00,https://bilgewatermarket.com/cards,"Jhin, Murderous Artist",nonfoil,3.04,https://bilgewatermarket.com/cards/UNL-022?print_variation=promo,promo,,¥3.04,,UNL-022,"Jhin, Murderous Artist UNL-022/219 CN ¥3.04"
2026-09-11T19:27:05+00:00,https://bilgewatermarket.com/cards,"Jhin, Murderous Artist",nonfoil,7.76,https://bilgewatermarket.com/cards/UNL-022a?print_variation=showcase,showcase,,¥15.88,$7.76,UNL-022a,"Jhin, Murderous Artist UNL-022a/219 Showcase CN ¥15.88 EN $7.76"
2026-09-11T19:27:05+00:00,https://bilgewatermarket.com/cards,"Katarina, Reckless",nonfoil,0.23,https://bilgewatermarket.com/cards/UNL-023,normal,,¥0.56,$0.23,UNL-023,"Katarina, Reckless UNL-023/219 CN ¥0.56 EN $0.23"
2026-09-11T19:27:05+00:00,https://bilgewatermarket.com/cards,"Rengar, Unseen",nonfoil,0.30,https://bilgewatermarket.com/cards/UNL-024,normal,,¥0.86,$0.30,UNL-024,"Rengar, Unseen UNL-024/219 CN ¥0.86 EN $0.30"
2026-09-11T19:27:05+00:00,https://bilgewatermarket.com/cards,"Rengar, Unseen",nonfoil,3.36,https://bilgewatermarket.com/cards/UNL-024a?print_variation=showcase,showcase,,¥4.54,$3.36,UNL-024a,"Rengar, Unseen UNL-024a/219 Showcase CN ¥4.54 EN $3.36"
2026-09-11T19:27:05+00:00,https://bilgewatermarket.com/cards,Undying Legion,nonfoil,0.19,https://bilgewatermarket.com/cards/UNL-025,normal,,¥0.63,$0.19,UNL-025,Undying Legion UNL-025/219 CN ¥0.63 EN $0.19
2026-09-11T19:27:05+00:00,https://bilgewatermarket.com/cards,"Xerath, Freed",nonfoil,0.18,https://bilgewatermarket.com/cards/UNL-026,normal,,¥0.51,$0.18,UNL-026,"Xerath, Freed UNL-026/219 CN ¥0.51 EN $0.18"
2026-09-11T19:27:05+00:00,https://bilgewatermarket.com/cards,Inviolus Vox,nonfoil,0.48,https://bilgewatermarket.com/cards/UNL-027,normal,,¥1.35,$0.48,UNL-027,Inviolus Vox UNL-027/219 CN ¥1.35 EN $0.48
2026-09-11T19:27:05+00:00,https://bilgewatermarket.com/cards,"Pyke, Dockside Butcher",nonfoil,19.07,https://bilgewatermarket.com/cards/UNL-028,normal,,¥11.27,$19.07,UNL-028,"Pyke, Dockside Butcher UNL-028/219 CN ¥11.27 EN $19.07"
2026-09-11T19:27:05+00:00,https://bilgewatermarket.com/cards,"Pyke, Dockside Butcher",nonfoil,18.78,https://bilgewatermarket.com/cards/UNL-028a?print_variation=showcase,showcase,,¥17.10,$18.78,UNL-028a,"Pyke, Dockside Butcher UNL-028a/219 Showcase CN ¥17.10 EN $18.78"
2026-09-11T19:27:05+00:00,https://bilgewatermarket.com/cards,Red Brambleback,nonfoil,0.72,https://bilgewatermarket.com/cards/UNL-029,normal,,¥1.40,$0.72,UNL-029,Red Brambleback UNL-029/219 CN ¥1.40 EN $0.72
2026-09-11T19:27:05+00:00,https://bilgewatermarket.com/cards,Red Brambleback,nonfoil,2.50,https://bilgewatermarket.com/cards/UNL-029a?print_variation=showcase,showcase,,¥3.73,$2.50,UNL-029a,Red Brambleback UNL-029a/219 Showcase CN ¥3.73 EN $2.50
2026-09-11T19:27:05+00:00,https://bilgewatermarket.com/cards,"Vi, Hotheaded",nonfoil,0.37,https://bilgewatermarket.com/cards/UNL-030,normal,,¥1.20,$0.37,UNL-030,"Vi, Hotheaded UNL-030/219 CN ¥1.20 EN $0.37"
2026-09-11T19:27:05+00:00,https://bilgewatermarket.com/cards,"Vi, Hotheaded",nonfoil,4.14,https://bilgewatermarket.com/cards/UNL-030a?print_variation=showcase,showcase,,¥2.97,$4.14,UNL-030a,"Vi, Hotheaded UNL-030a/219 Showcase CN ¥2.97 EN $4.14"
2026-09-11T19:27:05+00:00,https://bilgewatermarket.com/cards,Combat Experience,foil,0.11,https://bilgewatermarket.com/cards/UNL-031?print_variation=foiled,foiled,,¥0.52,$0.11,UNL-031,Combat Experience UNL-031/219 Foiled CN ¥0.52 EN $0.11
2026-09-11T19:27:05+00:00,https://bilgewatermarket.com/cards,Combat Experience,nonfoil,0.05,https://bilgewatermarket.com/cards/UNL-031,normal,,¥0.50,$0.05,UNL-031,Combat Experience UNL-031/219 CN ¥0.50 EN $0.05
2026-09-11T19:27:05+00:00,https://bilgewatermarket.com/cards,Double Trouble,foil,0.15,https://bilgewatermarket.com/cards/UNL-032?print_variation=foiled,foiled,,¥0.70,$0.15,UNL-032,Double Trouble UNL-032/219 Foiled CN ¥0.70 EN $0.15
2026-09-11T19:27:05+00:00,https://bilgewatermarket.com/cards,Double Trouble,nonfoil,0.07,https://bilgewatermarket.com/cards/UNL-032,normal,,¥0.50,$0.07,UNL-032,Double Trouble UNL-032/219 CN ¥0.50 EN $0.07
2026-09-11T19:27:05+00:00,https://bilgewatermarket.com/cards,Frisky Hunter,foil,0.22,https://bilgewatermarket.com/cards/UNL-033?print_variation=foiled,foiled,,¥1.00,$0.22,UNL-033,Frisky Hunter UNL-033/219 Foiled CN ¥1.00 EN $0.22
2026-09-11T19:27:05+00:00,https://bilgewatermarket.com/cards,Frisky Hunter,nonfoil,0.06,https://bilgewatermarket.com/cards/UNL-033,normal,,¥0.50,$0.06,UNL-033,Frisky Hunter UNL-033/219 CN ¥0.50 EN $0.06
2026-09-11T19:27:05+00:00,https://bilgewatermarket.com/cards,Herald of Spring,foil,0.11,https://bilgewatermarket.com/cards/UNL-034?print_variation=foiled,foiled,,¥0.99,$0.11,UNL-034,Herald of Spring UNL-034/219 Foiled CN ¥0.99 EN $0.11
2026-09-11T19:27:05+00:00,https://bilgewatermarket.com/cards,Herald of Spring,nonfoil,0.04,https://bilgewatermarket.com/cards/UNL-034,normal,,¥0.50,$0.04,UNL-034,Herald of Spring UNL-034/219 CN ¥0.50 EN $0.04
2026-09-11T19:27:05+00:00,https://bilgewatermarket.com/cards,Monch,foil,0.17,https://bilgewatermarket.com/cards/UNL-035?print_variation=foiled,foiled,,¥0.87,$0.17,UNL-035,Monch UNL-035/219 Foiled CN ¥0.87 EN $0.17
2026-09-11T19:27:05+00:00,https://bilgewatermarket.com/cards,Monch,nonfoil,0.06,https://bilgewatermarket.com/cards/UNL-035,normal,,¥0.50,$0.06,UNL-035,Monch UNL-035/219 CN ¥0.50 EN $0.06
2026-09-11T19:27:05+00:00,https://bilgewatermarket.com/cards,Mutated Mouser,foil,0.24,https://bilgewatermarket.com/cards/UNL-036?print_variation=foiled,foiled,,¥1.19,$0.24,UNL-036,Mutated Mouser UNL-036/219 Foiled CN ¥1.19 EN $0.24
2026-09-11T19:27:05+00:00,https://bilgewatermarket.com/cards,Mutated Mouser,nonfoil,0.08,https://bilgewatermarket.com/cards/UNL-036,normal,,¥0.52,$0.08,UNL-036,Mutated Mouser UNL-036/219 CN ¥0.52 EN $0.08
2026-09-11T19:27:05+00:00,https://bilgewatermarket.com/cards,Mutated Mouser,nonfoil,0.24,https://bilgewatermarket.com/cards/UNL-036?print_variation=promo,promo,,¥1.49,$0.24,UNL-036,Mutated Mouser UNL-036/219 CN ¥1.49 EN $0.24
2026-09-11T19:27:05+00:00,https://bilgewatermarket.com/cards,Shadow Watcher,foil,0.14,https://bilgewatermarket.com/cards/UNL-037?print_variation=foiled,foiled,,¥0.50,$0.14,UNL-037,Shadow Watcher UNL-037/219 Foiled CN ¥0.50 EN $0.14
2026-09-11T19:27:05+00:00,https://bilgewatermarket.com/cards,Shadow Watcher,nonfoil,0.05,https://bilgewatermarket.com/cards/UNL-037,normal,,¥0.50,$0.05,UNL-037,Shadow Watcher UNL-037/219 CN ¥0.50 EN $0.05
2026-09-11T19:27:05+00:00,https://bilgewatermarket.com/cards,Skyward Strike,foil,0.20,https://bilgewatermarket.com/cards/UNL-038?print_variation=foiled,foiled,,¥1.20,$0.20,UNL-038,Skyward Strike UNL-038/219 Foiled CN ¥1.20 EN $0.20
2026-09-11T19:27:05+00:00,https://bilgewatermarket.com/cards,Skyward Strike,nonfoil,0.07,https://bilgewatermarket.com/cards/UNL-038,normal,,¥0.50,$0.07,UNL-038,Skyward Strike UNL-038/219 CN ¥0.50 EN $0.07
2026-09-11T19:27:05+00:00,https://bilgewatermarket.com/cards,Soul Sword,foil,0.31,https://bilgewatermarket.com/cards/UNL-039?print_variation=foiled,foiled,,¥0.76,$0.31,UNL-039,Soul Sword UNL-039/219 Foiled CN ¥0.76 EN $0.31
2026-09-11T19:27:05+00:00,https://bilgewatermarket.com/cards,Soul Sword,nonfoil,0.06,https://bilgewatermarket.com/cards/UNL-039,normal,,¥0.56,$0.06,UNL-039,Soul Sword UNL-039/219 CN ¥0.56 EN $0.06
2026-09-11T19:27:05+00:00,https://bilgewatermarket.com/cards,Soul Sword,nonfoil,0.31,https://bilgewatermarket.com/cards/UNL-039?print_variation=promo,promo,,¥1.37,$0.31,UNL-039,Soul Sword UNL-039/219 CN ¥1.37 EN $0.31
2026-09-11T19:27:05+00:00,https://bilgewatermarket.com/cards,Wuju Apprentice,foil,0.16,https://bilgewatermarket.com/cards/UNL-040?print_variation=foiled,foiled,,¥1.09,$0.16,UNL-040,Wuju Apprentice UNL-040/219 Foiled CN ¥1.09 EN $0.16
2026-09-11T19:27:05+00:00,https://bilgewatermarket.com/cards,Wuju Apprentice,nonfoil,0.08,https://bilgewatermarket.com/cards/UNL-040,normal,,¥0.50,$0.08,UNL-040,Wuju Apprentice UNL-040/219 CN ¥0.50 EN $0.08
2026-09-11T19:27:05+00:00,https://bilgewatermarket.com/cards,"Allay, Eager Admirer",foil,0.42,https://bilgewatermarket.com/cards/UNL-041?print_variation=foiled,foiled,,¥1.57,$0.42,UNL-041,"Allay, Eager Admirer UNL-041/219 Foiled CN ¥1.57 EN $0.42"
2026-09-11T19:27:05+00:00,https://bilgewatermarket.com/cards,"Allay, Eager Admirer",nonfoil,0.17,https://bilgewatermarket.com/cards/UNL-041,normal,,¥0.61,$0.17,UNL-041,"Allay, Eager Admirer UNL-041/219 CN ¥0.61 EN $0.17"
2026-09-11T19:27:05+00:00,https://bilgewatermarket.com/cards,Back Off,foil,1.23,https://bilgewatermarket.com/cards/UNL-042?print_variation=foiled,foiled,,¥5.50,$1.23,UNL-042,Back Off UNL-042/219 Foiled CN ¥5.50 EN $1.23
2026-09-11T19:27:05+00:00,https://bilgewatermarket.com/cards,Back Off,nonfoil,0.24,https://bilgewatermarket.com/cards/UNL-042,normal,,¥2.07,$0.24,UNL-042,Back Off UNL-042/219 CN ¥2.07 EN $0.24
2026-09-11T19:27:05+00:00,https://bilgewatermarket.com/cards,Enthusiastic Promoter,foil,0.20,https://bilgewatermarket.com/cards/UNL-043?print_variation=foiled,foiled,,¥0.50,$0.20,UNL-043,Enthusiastic Promoter UNL-043/219 Foiled CN ¥0.50 EN $0.20
2026-09-11T19:27:05+00:00,https://bilgewatermarket.com/cards,Enthusiastic Promoter,nonfoil,0.08,https://bilgewatermarket.com/cards/UNL-043,normal,,¥0.50,$0.08,UNL-043,Enthusiastic Promoter UNL-043/219 CN ¥0.50 EN $0.08
2026-09-11T19:27:05+00:00,https://bilgewatermarket.com/cards,Flurry of Feathers,foil,0.49,https://bilgewatermarket.com/cards/UNL-044?print_variation=foiled,foiled,,¥2.11,$0.49,UNL-044,Flurry of Feathers UNL-044/219 Foiled CN ¥2.11 EN $0.49
2026-09-11T19:27:05+00:00,https://bilgewatermarket.com/cards,Flurry of Feathers,nonfoil,0.15,https://bilgewatermarket.com/cards/UNL-044,normal,,¥0.93,$0.15,UNL-044,Flurry of Feathers UNL-044/219 CN ¥0.93 EN $0.15
2026-09-11T19:27:05+00:00,https://bilgewatermarket.com/cards,Forgotten Signpost,foil,0.41,https://bilgewatermarket.com/cards/UNL-045?print_variation=foiled,foiled,,¥0.99,$0.41,UNL-045,Forgotten Signpost UNL-045/219 Foiled CN ¥0.99 EN $0.41
2026-09-11T19:27:05+00:00,https://bilgewatermarket.com/cards,Forgotten Signpost,nonfoil,0.16,https://bilgewatermarket.com/cards/UNL-045,normal,,¥0.52,$0.16,UNL-045,Forgotten Signpost UNL-045/219 CN ¥0.52 EN $0.16
2026-09-11T19:27:05+00:00,https://bilgewatermarket.com/cards,Friendship,foil,0.37,https://bilgewatermarket.com/cards/UNL-046?print_variation=foiled,foiled,,¥1.18,$0.37,UNL-046,Friendship UNL-046/219 Foiled CN ¥1.18 EN $0.37
2026-09-11T19:27:05+00:00,https://bilgewatermarket.com/cards,Friendship,nonfoil,0.17,https://bilgewatermarket.com/cards/UNL-046,normal,,¥0.60,$0.17,UNL-046,Friendship UNL-046/219 CN ¥0.60 EN $0.17
2026-09-11T19:27:05+00:00,https://bilgewatermarket.com/cards,Mosstomper,foil,0.29,https://bilgewatermarket.com/cards/UNL-047?print_variation=foiled,foiled,,¥0.50,$0.29,UNL-047,Mosstomper UNL-047/219 Foiled CN ¥0.50 EN $0.29
2026-09-11T19:27:05+00:00,https://bilgewatermarket.com/cards,Mosstomper,nonfoil,0.09,https://bilgewatermarket.com/cards/UNL-047,normal,,¥0.50,$0.09,UNL-047,Mosstomper UNL-047/219 CN ¥0.50 EN $0.09
2026-09-11T19:27:05+00:00,https://bilgewatermarket.com/cards,Mosstomper,nonfoil,0.29,https://bilgewatermarket.com/cards/UNL-047?print_variation=promo,promo,,¥0.98,$0.29,UNL-047,Mosstomper UNL-047/219 CN ¥0.98 EN $0.29
2026-09-11T19:27:05+00:00,https://bilgewatermarket.com/cards,Trevor Snoozebottom,foil,0.21,https://bilgewatermarket.com/cards/UNL-048?print_variation=foiled,foiled,,¥1.10,$0.21,UNL-048,Trevor Snoozebottom UNL-048/219 Foiled CN ¥1.10 EN $0.21
2026-09-11T19:27:05+00:00,https://bilgewatermarket.com/cards,Trevor Snoozebottom,nonfoil,0.08,https://bilgewatermarket.com/cards/UNL-048,normal,,¥0.68,$0.08,UNL-048,Trevor Snoozebottom UNL-048/219 CN ¥0.68 EN $0.08
2026-09-11T19:27:05+00:00,https://bilgewatermarket.com/cards,Honeyfruit,nonfoil,0.15,https://bilgewatermarket.com/cards/UNL-049,normal,,¥1.18,$0.15,UNL-049,Honeyfruit UNL-049/219 CN ¥1.18 EN $0.15
2026-09-11T19:27:05+00:00,https://bilgewatermarket.com/cards,Iascylla,nonfoil,0.12,https://bilgewatermarket.com/cards/UNL-050,normal,,¥0.50,$0.12,UNL-050,Iascylla UNL-050/219 CN ¥0.50 EN $0.12
2026-09-11T19:27:05+00:00,https://bilgewatermarket.com/cards,"Ivern, Nurturer",nonfoil,0.18,https://bilgewatermarket.com/cards/UNL-051,normal,,¥0.54,$0.18,UNL-051,"Ivern, Nurturer UNL-051/219 CN ¥0.54 EN $0.18"
2026-09-11T19:27:05+00:00,https://bilgewatermarket.com/cards,"Ivern, Nurturer",nonfoil,1.60,https://bilgewatermarket.com/cards/UNL-051a?print_variation=showcase,showcase,,¥2.46,$1.60,UNL-051a,"Ivern, Nurturer UNL-051a/219 Showcase CN ¥2.46 EN $1.60"
2026-09-11T19:27:05+00:00,https://bilgewatermarket.com/cards,"Nami, Headstrong",nonfoil,0.31,https://bilgewatermarket.com/cards/UNL-052,normal,,¥0.98,$0.31,UNL-052,"Nami, Headstrong UNL-052/219 CN ¥0.98 EN $0.31"
2026-09-11T19:27:05+00:00,https://bilgewatermarket.com/cards,Scuttle Crab,nonfoil,4.54,https://bilgewatermarket.com/cards/UNL-053,normal,,¥15.05,$4.54,UNL-053,Scuttle Crab UNL-053/219 CN ¥15.05 EN $4.54
2026-09-11T19:27:05+00:00,https://bilgewatermarket.com/cards,Tricksy Tentacles,nonfoil,0.18,https://bilgewatermarket.com/cards/UNL-054,normal,,¥0.67,$0.18,UNL-054,Tricksy Tentacles UNL-054/219 CN ¥0.67 EN $0.18
2026-09-11T19:27:05+00:00,https://bilgewatermarket.com/cards,"Vex, Mocking",nonfoil,0.24,https://bilgewatermarket.com/cards/UNL-055,normal,,¥0.56,$0.24,UNL-055,"Vex, Mocking UNL-055/219 CN ¥0.56 EN $0.24"
2026-09-11T19:27:05+00:00,https://bilgewatermarket.com/cards,"Vex, Mocking",nonfoil,2.35,https://bilgewatermarket.com/cards/UNL-055a?print_variation=showcase,showcase,,¥3.82,$2.35,UNL-055a,"Vex, Mocking UNL-055a/219 Showcase CN ¥3.82 EN $2.35"
2026-09-11T19:27:05+00:00,https://bilgewatermarket.com/cards,"Yuumi, Magical Cat",nonfoil,0.20,https://bilgewatermarket.com/cards/UNL-056,normal,,¥0.55,$0.20,UNL-056,"Yuumi, Magical Cat UNL-056/219 CN ¥0.55 EN $0.20"
2026-09-11T19:27:05+00:00,https://bilgewatermarket.com/cards,"Yuumi, Magical Cat",nonfoil,5.53,https://bilgewatermarket.com/cards/UNL-056?print_variation=promo,promo,,¥5.53,,UNL-056,"Yuumi, Magical Cat UNL-056/219 CN ¥5.53"
2026-09-11T19:27:05+00:00,https://bilgewatermarket.com/cards,Alpha Wildclaw,nonfoil,0.55,https://bilgewatermarket.com/cards/UNL-057,normal,,¥3.32,$0.55,UNL-057,Alpha Wildclaw UNL-057/219 CN ¥3.32 EN $0.55
2026-09-11T19:27:05+00:00,https://bilgewatermarket.com/cards,"Lillia, Protector of Dreams",nonfoil,0.66,https://bilgewatermarket.com/cards/UNL-058,normal,,¥1.56,$0.66,UNL-058,"Lillia, Protector of Dreams UNL-058/219 CN ¥1.56 EN $0.66"
2026-09-11T19:27:05+00:00,https://bilgewatermarket.com/cards,"Lillia, Protector of Dreams",nonfoil,43.48,https://bilgewatermarket.com/cards/UNL-058?print_variation=promo,promo,,¥43.48,,UNL-058,"Lillia, Protector of Dreams UNL-058/219 CN ¥43.48"
2026-09-11T19:27:05+00:00,https://bilgewatermarket.com/cards,"Lillia, Protector of Dreams",nonfoil,5.80,https://bilgewatermarket.com/cards/UNL-058a?print_variation=showcase,showcase,,¥5.76,$5.80,UNL-058a,"Lillia, Protector of Dreams UNL-058a/219 Showcase CN ¥5.76 EN $5.80"
2026-09-11T19:27:05+00:00,https://bilgewatermarket.com/cards,"Master Yi, Unstoppable",nonfoil,1.11,https://bilgewatermarket.com/cards/UNL-059,normal,,¥4.59,$1.11,UNL-059,"Master Yi, Unstoppable UNL-059/219 CN ¥4.59 EN $1.11"
2026-09-11T19:27:05+00:00,https://bilgewatermarket.com/cards,"Master Yi, Unstoppable",nonfoil,3.49,https://bilgewatermarket.com/cards/UNL-059a?print_variation=showcase,showcase,,¥12.54,$3.49,UNL-059a,"Master Yi, Unstoppable UNL-059a/219 Showcase CN ¥12.54 EN $3.49"
2026-09-11T19:27:05+00:00,https://bilgewatermarket.com/cards,Vilemaw,nonfoil,21.38,https://bilgewatermarket.com/cards/UNL-060,normal,,¥37.88,$21.38,UNL-060,Vilemaw UNL-060/219 CN ¥37.88 EN $21.38
2026-09-11T19:27:05+00:00,https://bilgewatermarket.com/cards,Vilemaw,nonfoil,24.54,https://bilgewatermarket.com/cards/UNL-060a?print_variation=showcase,showcase,,¥46.68,$24.54,UNL-060a,Vilemaw UNL-060a/219 Showcase CN ¥46.68 EN $24.54
2026-09-11T19:27:05+00:00,https://bilgewatermarket.com/cards,Downstage Dramatics,foil,0.26,https://bilgewatermarket.com/cards/UNL-061?print_variation=foiled,foiled,,¥1.79,$0.26,UNL-061,Downstage Dramatics UNL-061/219 Foiled CN ¥1.79 EN $0.26
2026-09-11T19:27:05+00:00,https://bilgewatermarket.com/cards,Downstage Dramatics,nonfoil,0.08,https://bilgewatermarket.com/cards/UNL-061,normal,,¥0.51,$0.08,UNL-061,Downstage Dramatics UNL-061/219 CN ¥0.51 EN $0.08
2026-09-11T19:27:05+00:00,https://bilgewatermarket.com/cards,Downstage Dramatics,nonfoil,0.26,https://bilgewatermarket.com/cards/UNL-061?print_variation=promo,promo,,¥0.55,$0.26,UNL-061,Downstage Dramatics UNL-061/219 CN ¥0.55 EN $0.26
2026-09-11T19:27:05+00:00,https://bilgewatermarket.com/cards,Dramatic Visionary,foil,0.15,https://bilgewatermarket.com/cards/UNL-062?print_variation=foiled,foiled,,¥0.50,$0.15,UNL-062,Dramatic Visionary UNL-062/219 Foiled CN ¥0.50 EN $0.15
2026-09-11T19:27:05+00:00,https://bilgewatermarket.com/cards,Dramatic Visionary,nonfoil,0.05,https://bilgewatermarket.com/cards/UNL-062,normal,,¥0.51,$0.05,UNL-062,Dramatic Visionary UNL-062/219 CN ¥0.51 EN $0.05
2026-09-11T19:27:05+00:00,https://bilgewatermarket.com/cards,Eclipse,foil,0.32,https://bilgewatermarket.com/cards/UNL-063?print_variation=foiled,foiled,,¥1.39,$0.32,UNL-063,Eclipse UNL-063/219 Foiled CN ¥1.39 EN $0.32
2026-09-11T19:27:05+00:00,https://bilgewatermarket.com/cards,Eclipse,nonfoil,0.11,https://bilgewatermarket.com/cards/UNL-063,normal,,¥0.54,$0.11,UNL-063,Eclipse UNL-063/219 CN ¥0.54 EN $0.11
2026-09-11T19:27:05+00:00,https://bilgewatermarket.com/cards,Fate Weaver,foil,0.11,https://bilgewatermarket.com/cards/UNL-064?print_variation=foiled,foiled,,¥0.50,$0.11,UNL-064,Fate Weaver UNL-064/219 Foiled CN ¥0.50 EN $0.11
2026-09-11T19:27:05+00:00,https://bilgewatermarket.com/cards,Fate Weaver,nonfoil,0.04,https://bilgewatermarket.com/cards/UNL-064,normal,,¥0.50,$0.04,UNL-064,Fate Weaver UNL-064/219 CN ¥0.50 EN $0.04
2026-09-11T19:27:05+00:00,https://bilgewatermarket.com/cards,Icevale Archer,foil,0.12,https://bilgewatermarket.com/cards/UNL-065?print_variation=foiled,foiled,,¥0.50,$0.12,UNL-065,Icevale Archer UNL-065/219 Foiled CN ¥0.50 EN $0.12
2026-09-11T19:27:05+00:00,https://bilgewatermarket.com/cards,Icevale Archer,nonfoil,0.05,https://bilgewatermarket.com/cards/UNL-065,normal,,¥0.51,$0.05,UNL-065,Icevale Archer UNL-065/219 CN ¥0.51 EN $0.05
2026-09-11T19:27:05+00:00,https://bilgewatermarket.com/cards,Icevale Archer,nonfoil,0.12,https://bilgewatermarket.com/cards/UNL-065?print_variation=promo,promo,,¥0.50,$0.12,UNL-065,Icevale Archer UNL-065/219 CN ¥0.50 EN $0.12
2026-09-11T19:27:05+00:00,https://bilgewatermarket.com/cards,Moonlight Affliction,foil,0.15,https://bilgewatermarket.com/cards/UNL-066?print_variation=foiled,foiled,,¥0.90,$0.15,UNL-066,Moonlight Affliction UNL-066/219 Foiled CN ¥0.90 EN $0.15
2026-09-11T19:27:05+00:00,https://bilgewatermarket.com/cards,Moonlight Affliction,nonfoil,0.04,https://bilgewatermarket.com/cards/UNL-066,normal,,¥0.50,$0.04,UNL-066,Moonlight Affliction UNL-066/219 CN ¥0.50 EN $0.04
2026-09-11T19:27:05+00:00,https://bilgewatermarket.com/cards,Ruined Rex,foil,0.23,https://bilgewatermarket.com/cards/UNL-067?print_variation=foiled,foiled,,¥1.33,$0.23,UNL-067,Ruined Rex UNL-067/219 Foiled CN ¥1.33 EN $0.23
2026-09-11T19:27:05+00:00,https://bilgewatermarket.com/cards,Ruined Rex,nonfoil,0.10,https://bilgewatermarket.com/cards/UNL-067,normal,,¥0.55,$0.10,UNL-067,Ruined Rex UNL-067/219 CN ¥0.55 EN $0.10
2026-09-11T19:27:05+00:00,https://bilgewatermarket.com/cards,Spectral Centaur,foil,0.12,https://bilgewatermarket.com/cards/UNL-068?print_variation=foiled,foiled,,¥0.50,$0.12,UNL-068,Spectral Centaur UNL-068/219 Foiled CN ¥0.50 EN $0.12
2026-09-11T19:27:05+00:00,https://bilgewatermarket.com/cards,Spectral Centaur,nonfoil,0.04,https://bilgewatermarket.com/cards/UNL-068,normal,,¥0.50,$0.04,UNL-068,Spectral Centaur UNL-068/219 CN ¥0.50 EN $0.04
2026-09-11T19:27:05+00:00,https://bilgewatermarket.com/cards,Sprite Burst,foil,0.34,https://bilgewatermarket.com/cards/UNL-069?print_variation=foiled,foiled,,¥1.70,$0.34,UNL-069,Sprite Burst UNL-069/219 Foiled CN ¥1.70 EN $0.34
2026-09-11T19:27:05+00:00,https://bilgewatermarket.com/cards,Sprite Burst,nonfoil,0.08,https://bilgewatermarket.com/cards/UNL-069,normal,,¥0.53,$0.08,UNL-069,Sprite Burst UNL-069/219 CN ¥0.53 EN $0.08
2026-09-11T19:27:05+00:00,https://bilgewatermarket.com/cards,Turn to Dust,foil,0.97,https://bilgewatermarket.com/cards/UNL-070?print_variation=foiled,foiled,,¥1.74,$0.97,UNL-070,Turn to Dust UNL-070/219 Foiled CN ¥1.74 EN $0.97
2026-09-11T19:27:05+00:00,https://bilgewatermarket.com/cards,Turn to Dust,nonfoil,0.12,https://bilgewatermarket.com/cards/UNL-070,normal,,¥0.54,$0.12,UNL-070,Turn to Dust UNL-070/219 CN ¥0.54 EN $0.12
2026-09-11T19:27:05+00:00,https://bilgewatermarket.com/cards,Chakram Dancer,foil,0.21,https://bilgewatermarket.com/cards/UNL-071?print_variation=foiled,foiled,,¥1.08,$0.21,UNL-071,Chakram Dancer UNL-071/219 Foiled CN ¥1.08 EN $0.21
2026-09-11T19:27:05+00:00,https://bilgewatermarket.com/cards,Chakram Dancer,nonfoil,0.10,https://bilgewatermarket.com/cards/UNL-071,normal,,¥0.72,$0.10,UNL-071,Chakram Dancer UNL-071/219 CN ¥0.72 EN $0.10
2026-09-11T19:27:05+00:00,https://bilgewatermarket.com/cards,Crescent Strike,foil,0.29,https://bilgewatermarket.com/cards/UNL-072?print_variation=foiled,foiled,,¥1.51,$0.29,UNL-072,Crescent Strike UNL-072/219 Foiled CN ¥1.51 EN $0.29
2026-09-11T19:27:05+00:00,https://bilgewatermarket.com/cards,Crescent Strike,nonfoil,0.11,https://bilgewatermarket.com/cards/UNL-072,normal,,¥0.69,$0.11,UNL-072,Crescent Strike UNL-072/219 CN ¥0.69 EN $0.11
2026-09-11T19:27:05+00:00,https://bilgewatermarket.com/cards,Deadly Flourish,foil,5.34,https://bilgewatermarket.com/cards/UNL-073?print_variation=foiled,foiled,,¥2.31,$5.34,UNL-073,Deadly Flourish UNL-073/219 Foiled CN ¥2.31 EN $5.34
2026-09-11T19:27:05+00:00,https://bilgewatermarket.com/cards,Deadly Flourish,nonfoil,0.28,https://bilgewatermarket.com/cards/UNL-073,normal,,¥0.87,$0.28,UNL-073,Deadly Flourish UNL-073/219 CN ¥0.87 EN $0.28
2026-09-11T19:27:05+00:00,https://bilgewatermarket.com/cards,Frigid Jewel,foil,0.50,https://bilgewatermarket.com/cards/UNL-074?print_variation=foiled,foiled,,¥1.10,$0.50,UNL-074,Frigid Jewel UNL-074/219 Foiled CN ¥1.10 EN $0.50
2026-09-11T19:27:05+00:00,https://bilgewatermarket.com/cards,Frigid Jewel,nonfoil,0.12,https://bilgewatermarket.com/cards/UNL-074,normal,,¥0.59,$0.12,UNL-074,Frigid Jewel UNL-074/219 CN ¥0.59 EN $0.12
2026-09-11T19:27:05+00:00,https://bilgewatermarket.com/cards,Gustwalker,foil,0.29,https://bilgewatermarket.com/cards/UNL-075?print_variation=foiled,foiled,,¥0.70,$0.29,UNL-075,Gustwalker UNL-075/219 Foiled CN ¥0.70 EN $0.29
2026-09-11T19:27:05+00:00,https://bilgewatermarket.com/cards,Gustwalker,nonfoil,0.11,https://bilgewatermarket.com/cards/UNL-075,normal,,¥0.50,$0.11,UNL-075,Gustwalker UNL-075/219 CN ¥0.50 EN $0.11
2026-09-11T19:27:05+00:00,https://bilgewatermarket.com/cards,Gustwalker,nonfoil,0.29,https://bilgewatermarket.com/cards/UNL-075?print_variation=promo,promo,,¥0.54,$0.29,UNL-075,Gustwalker UNL-075/219 CN ¥0.54 EN $0.29
2026-09-11T19:27:05+00:00,https://bilgewatermarket.com/cards,Petal Pixie,foil,0.27,https://bilgewatermarket.com/cards/UNL-076?print_variation=foiled,foiled,,¥1.00,$0.27,UNL-076,Petal Pixie UNL-076/219 Foiled CN ¥1.00 EN $0.27
2026-09-11T19:27:05+00:00,https://bilgewatermarket.com/cards,Petal Pixie,nonfoil,0.12,https://bilgewatermarket.com/cards/UNL-076,normal,,¥0.53,$0.12,UNL-076,Petal Pixie UNL-076/219 CN ¥0.53 EN $0.12
2026-09-11T19:27:05+00:00,https://bilgewatermarket.com/cards,Soul Shepherd,foil,0.31,https://bilgewatermarket.com/cards/UNL-077?print_variation=foiled,foiled,,¥0.72,$0.31,UNL-077,Soul Shepherd UNL-077/219 Foiled CN ¥0.72 EN $0.31
2026-09-11T19:27:05+00:00,https://bilgewatermarket.com/cards,Soul Shepherd,nonfoil,0.13,https://bilgewatermarket.com/cards/UNL-077,normal,,¥0.50,$0.13,UNL-077,Soul Shepherd UNL-077/219 CN ¥0.50 EN $0.13
2026-09-11T19:27:05+00:00,https://bilgewatermarket.com/cards,Sprite Fountain,foil,7.27,https://bilgewatermarket.com/cards/UNL-078?print_variation=foiled,foiled,,¥5.44,$7.27,UNL-078,Sprite Fountain UNL-078/219 Foiled CN ¥5.44 EN $7.27
2026-09-11T19:27:05+00:00,https://bilgewatermarket.com/cards,Sprite Fountain,nonfoil,3.58,https://bilgewatermarket.com/cards/UNL-078,normal,,¥1.92,$3.58,UNL-078,Sprite Fountain UNL-078/219 CN ¥1.92 EN $3.58
2026-09-11T19:27:05+00:00,https://bilgewatermarket.com/cards,"Diana, Lunari",nonfoil,0.21,https://bilgewatermarket.com/cards/UNL-079,normal,,¥1.00,$0.21,UNL-079,"Diana, Lunari UNL-079/219 CN ¥1.00 EN $0.21"
2026-09-11T19:27:05+00:00,https://bilgewatermarket.com/cards,"Diana, Lunari",nonfoil,6.66,https://bilgewatermarket.com/cards/UNL-079a?print_variation=showcase,showcase,,¥12.29,$6.66,UNL-079a,"Diana, Lunari UNL-079a/219 Showcase CN ¥12.29 EN $6.66"
2026-09-11T19:27:05+00:00,https://bilgewatermarket.com/cards,"Hwei, Brooding Painter",nonfoil,3.78,https://bilgewatermarket.com/cards/UNL-080,normal,,¥2.90,$3.78,UNL-080,"Hwei, Brooding Painter UNL-080/219 CN ¥2.90 EN $3.78"
2026-09-11T19:27:05+00:00,https://bilgewatermarket.com/cards,Keeper of Masks,nonfoil,0.19,https://bilgewatermarket.com/cards/UNL-081,normal,,¥0.60,$0.19,UNL-081,Keeper of Masks UNL-081/219 CN ¥0.60 EN $0.19
2026-09-11T19:27:05+00:00,https://bilgewatermarket.com/cards,"Lillia, Fae Fawn",nonfoil,0.34,https://bilgewatermarket.com/cards/UNL-082,normal,,¥0.73,$0.34,UNL-082,"Lillia, Fae Fawn UNL-082/219 CN ¥0.73 EN $0.34"
2026-09-11T19:27:05+00:00,https://bilgewatermarket.com/cards,"Lillia, Fae Fawn",nonfoil,49.17,https://bilgewatermarket.com/cards/UNL-082?print_variation=promo,promo,,¥49.17,,UNL-082,"Lillia, Fae Fawn UNL-082/219 CN ¥49.17"
2026-09-11T19:27:05+00:00,https://bilgewatermarket.com/cards,"Lillia, Fae Fawn",nonfoil,7.07,https://bilgewatermarket.com/cards/UNL-082a?print_variation=showcase,showcase,,¥12.85,$7.07,UNL-082a,"Lillia, Fae Fawn UNL-082a/219 Showcase CN ¥12.85 EN $7.07"
2026-09-11T19:27:05+00:00,https://bilgewatermarket.com/cards,Smoke and Mirrors,nonfoil,0.60,https://bilgewatermarket.com/cards/UNL-083,normal,,¥1.27,$0.60,UNL-083,Smoke and Mirrors UNL-083/219 CN ¥1.27 EN $0.60
2026-09-11T19:27:05+00:00,https://bilgewatermarket.com/cards,Sprite Queen,nonfoil,0.24,https://bilgewatermarket.com/cards/UNL-084,normal,,¥1.26,$0.24,UNL-084,Sprite Queen UNL-084/219 CN ¥1.26 EN $0.24
2026-09-11T19:27:05+00:00,https://bilgewatermarket.com/cards,Sumpworks Map,nonfoil,0.16,https://bilgewatermarket.com/cards/UNL-085,normal,,¥0.55,$0.16,UNL-085,Sumpworks Map UNL-085/219 CN ¥0.55 EN $0.16
2026-09-11T19:27:05+00:00,https://bilgewatermarket.com/cards,"Zilean, Time Mage",nonfoil,0.22,https://bilgewatermarket.com/cards/UNL-086,normal,,¥0.50,$0.22,UNL-086,"Zilean, Time Mage UNL-086/219 CN ¥0.50 EN $0.22"
2026-09-11T19:27:05+00:00,https://bilgewatermarket.com/cards,"Zilean, Time Mage",nonfoil,1.80,https://bilgewatermarket.com/cards/UNL-086?print_variation=promo,promo,,¥1.80,,UNL-086,"Zilean, Time Mage UNL-086/219 CN ¥1.80"
2026-09-11T19:27:05+00:00,https://bilgewatermarket.com/cards,Blue Sentinel,nonfoil,2.65,https://bilgewatermarket.com/cards/UNL-087,normal,,¥2.24,$2.65,UNL-087,Blue Sentinel UNL-087/219 CN ¥2.24 EN $2.65
2026-09-11T19:27:05+00:00,https://bilgewatermarket.com/cards,Blue Sentinel,nonfoil,424.68,https://bilgewatermarket.com/cards/UNL-087?print_variation=promo,promo,,¥424.68,,UNL-087,Blue Sentinel UNL-087/219 CN ¥424.68
2026-09-11T19:27:05+00:00,https://bilgewatermarket.com/cards,Blue Sentinel,nonfoil,6.10,https://bilgewatermarket.com/cards/UNL-087a?print_variation=showcase,showcase,,¥9.47,$6.10,UNL-087a,Blue Sentinel UNL-087a/219 Showcase CN ¥9.47 EN $6.10
2026-09-11T19:27:05+00:00,https://bilgewatermarket.com/cards,Gutter Palace,nonfoil,0.99,https://bilgewatermarket.com/cards/UNL-088,normal,,¥3.98,$0.99,UNL-088,Gutter Palace UNL-088/219 CN ¥3.98 EN $0.99
2026-09-11T19:27:05+00:00,https://bilgewatermarket.com/cards,"Jhin, Meticulous Killer",nonfoil,1.50,https://bilgewatermarket.com/cards/UNL-089,normal,,¥3.87,$1.50,UNL-089,"Jhin, Meticulous Killer UNL-089/219 CN ¥3.87 EN $1.50"
2026-09-11T19:27:05+00:00,https://bilgewatermarket.com/cards,"Jhin, Meticulous Killer",nonfoil,4.58,https://bilgewatermarket.com/cards/UNL-089a?print_variation=showcase,showcase,,¥8.37,$4.58,UNL-089a,"Jhin, Meticulous Killer UNL-089a/219 Showcase CN ¥8.37 EN $4.58"
2026-09-11T19:27:05+00:00,https://bilgewatermarket.com/cards,"LeBlanc, Everywhere at Once",nonfoil,2.83,https://bilgewatermarket.com/cards/UNL-090,normal,,¥2.33,$2.83,UNL-090,"LeBlanc, Everywhere at Once UNL-090/219 CN ¥2.33 EN $2.83"
2026-09-11T19:27:05+00:00,https://bilgewatermarket.com/cards,"LeBlanc, Everywhere at Once",nonfoil,6.83,https://bilgewatermarket.com/cards/UNL-090a?print_variation=showcase,showcase,,¥10.57,$6.83,UNL-090a,"LeBlanc, Everywhere at Once UNL-090a/219 Showcase CN ¥10.57 EN $6.83"
2026-09-11T19:27:05+00:00,https://bilgewatermarket.com/cards,Concentrate,foil,0.18,https://bilgewatermarket.com/cards/UNL-091?print_variation=foiled,foiled,,¥0.86,$0.18,UNL-091,Concentrate UNL-091/219 Foiled CN ¥0.86 EN $0.18
2026-09-11T19:27:05+00:00,https://bilgewatermarket.com/cards,Concentrate,nonfoil,0.05,https://bilgewatermarket.com/cards/UNL-091,normal,,¥0.50,$0.05,UNL-091,Concentrate UNL-091/219 CN ¥0.50 EN $0.05
2026-09-11T19:27:05+00:00,https://bilgewatermarket.com/cards,Demacian Diplomat,foil,0.18,https://bilgewatermarket.com/cards/UNL-092?print_variation=foiled,foiled,,¥1.04,$0.18,UNL-092,Demacian Diplomat UNL-092/219 Foiled CN ¥1.04 EN $0.18
2026-09-11T19:27:05+00:00,https://bilgewatermarket.com/cards,Demacian Diplomat,nonfoil,0.07,https://bilgewatermarket.com/cards/UNL-092,normal,,¥0.50,$0.07,UNL-092,Demacian Diplomat UNL-092/219 CN ¥0.50 EN $0.07
2026-09-11T19:27:05+00:00,https://bilgewatermarket.com/cards,Dragonsoul Sage,foil,0.29,https://bilgewatermarket.com/cards/UNL-093?print_variation=foiled,foiled,,¥0.77,$0.29,UNL-093,Dragonsoul Sage UNL-093/219 Foiled CN ¥0.77 EN $0.29
2026-09-11T19:27:05+00:00,https://bilgewatermarket.com/cards,Dragonsoul Sage,nonfoil,0.10,https://bilgewatermarket.com/cards/UNL-093,normal,,¥0.50,$0.10,UNL-093,Dragonsoul Sage UNL-093/219 CN ¥0.50 EN $0.10
2026-09-11T19:27:05+00:00,https://bilgewatermarket.com/cards,Dragonsoul Sage,nonfoil,0.29,https://bilgewatermarket.com/cards/UNL-093?print_variation=promo,promo,,¥0.97,$0.29,UNL-093,Dragonsoul Sage UNL-093/219 CN ¥0.97 EN $0.29
2026-09-11T19:27:05+00:00,https://bilgewatermarket.com/cards,Gemhand Hunter,foil,0.20,https://bilgewatermarket.com/cards/UNL-094?print_variation=foiled,foiled,,¥0.99,$0.20,UNL-094,Gemhand Hunter UNL-094/219 Foiled CN ¥0.99 EN $0.20
2026-09-11T19:27:05+00:00,https://bilgewatermarket.com/cards,Gemhand Hunter,nonfoil,0.09,https://bilgewatermarket.com/cards/UNL-094,normal,,¥0.50,$0.09,UNL-094,Gemhand Hunter UNL-094/219 CN ¥0.50 EN $0.09
2026-09-11T19:27:05+00:00,https://bilgewatermarket.com/cards,Grim Resolve,foil,0.23,https://bilgewatermarket.com/cards/UNL-095?print_variation=foiled,foiled,,¥1.16,$0.23,UNL-095,Grim Resolve UNL-095/219 Foiled CN ¥1.16 EN $0.23
2026-09-11T19:27:05+00:00,https://bilgewatermarket.com/cards,Grim Resolve,nonfoil,0.08,https://bilgewatermarket.com/cards/UNL-095,normal,,¥0.53,$0.08,UNL-095,Grim Resolve UNL-095/219 CN ¥0.53 EN $0.08
2026-09-11T19:27:05+00:00,https://bilgewatermarket.com/cards,Hunter's Machete,foil,0.17,https://bilgewatermarket.com/cards/UNL-096?print_variation=foiled,foiled,,¥1.00,$0.17,UNL-096,Hunter's Machete UNL-096/219 Foiled CN ¥1.00 EN $0.17
2026-09-11T19:27:05+00:00,https://bilgewatermarket.com/cards,Hunter's Machete,nonfoil,0.07,https://bilgewatermarket.com/cards/UNL-096,normal,,¥0.50,$0.07,UNL-096,Hunter's Machete UNL-096/219 CN ¥0.50 EN $0.07
2026-09-11T19:27:05+00:00,https://bilgewatermarket.com/cards,Kinkou Initiate,foil,0.24,https://bilgewatermarket.com/cards/UNL-097?print_variation=foiled,foiled,,¥1.06,$0.24,UNL-097,Kinkou Initiate UNL-097/219 Foiled CN ¥1.06 EN $0.24
2026-09-11T19:27:05+00:00,https://bilgewatermarket.com/cards,Kinkou Initiate,nonfoil,0.12,https://bilgewatermarket.com/cards/UNL-097,normal,,¥0.51,$0.12,UNL-097,Kinkou Initiate UNL-097/219 CN ¥0.51 EN $0.12
2026-09-11T19:27:05+00:00,https://bilgewatermarket.com/cards,Targonian Visionary,foil,0.13,https://bilgewatermarket.com/cards/UNL-098?print_variation=foiled,foiled,,¥0.50,$0.13,UNL-098,Targonian Visionary UNL-098/219 Foiled CN ¥0.50 EN $0.13
2026-09-11T19:27:05+00:00,https://bilgewatermarket.com/cards,Targonian Visionary,nonfoil,0.05,https://bilgewatermarket.com/cards/UNL-098,normal,,¥0.50,$0.05,UNL-098,Targonian Visionary UNL-098/219 CN ¥0.50 EN $0.05
2026-09-11T19:27:05+00:00,https://bilgewatermarket.com/cards,Towering Combatant,foil,0.14,https://bilgewatermarket.com/cards/UNL-099?print_variation=foiled,foiled,,¥0.50,$0.14,UNL-099,Towering Combatant UNL-099/219 Foiled CN ¥0.50 EN $0.14
2026-09-11T19:27:05+00:00,https://bilgewatermarket.com/cards,Towering Combatant,nonfoil,0.03,https://bilgewatermarket.com/cards/UNL-099,normal,,¥0.50,$0.03,UNL-099,Towering Combatant UNL-099/219 CN ¥0.50 EN $0.03
2026-09-11T19:27:05+00:00,https://bilgewatermarket.com/cards,Voracious Gromp,foil,0.14,https://bilgewatermarket.com/cards/UNL-100?print_variation=foiled,foiled,,¥0.76,$0.14,UNL-100,Voracious Gromp UNL-100/219 Foiled CN ¥0.76 EN $0.14
2026-09-11T19:27:05+00:00,https://bilgewatermarket.com/cards,Voracious Gromp,nonfoil,0.08,https://bilgewatermarket.com/cards/UNL-100,normal,,¥0.50,$0.08,UNL-100,Voracious Gromp UNL-100/219 CN ¥0.50 EN $0.08
2026-09-11T19:27:05+00:00,https://bilgewatermarket.com/cards,Voracious Gromp,nonfoil,0.14,https://bilgewatermarket.com/cards/UNL-100?print_variation=promo,promo,,¥0.50,$0.14,UNL-100,Voracious Gromp UNL-100/219 CN ¥0.50 EN $0.14
2026-09-11T19:27:05+00:00,https://bilgewatermarket.com/cards,Call to Battle,foil,0.22,https://bilgewatermarket.com/cards/UNL-101?print_variation=foiled,foiled,,¥0.50,$0.22,UNL-101,Call to Battle UNL-101/219 Foiled CN ¥0.50 EN $0.22
2026-09-11T19:27:05+00:00,https://bilgewatermarket.com/cards,Call to Battle,nonfoil,0.09,https://bilgewatermarket.com/cards/UNL-101,normal,,¥0.50,$0.09,UNL-101,Call to Battle UNL-101/219 CN ¥0.50 EN $0.09
2026-09-11T19:27:05+00:00,https://bilgewatermarket.com/cards,Crowd Favorite,foil,0.13,https://bilgewatermarket.com/cards/UNL-102?print_variation=foiled,foiled,,¥0.50,$0.13,UNL-102,Crowd Favorite UNL-102/219 Foiled CN ¥0.50 EN $0.13
2026-09-11T19:27:05+00:00,https://bilgewatermarket.com/cards,Crowd Favorite,nonfoil,0.03,https://bilgewatermarket.com/cards/UNL-102,normal,,¥0.50,$0.03,UNL-102,Crowd Favorite UNL-102/219 CN ¥0.50 EN $0.03
2026-09-11T19:27:05+00:00,https://bilgewatermarket.com/cards,Disposal Order,foil,0.43,https://bilgewatermarket.com/cards/UNL-103?print_variation=foiled,foiled,,¥1.44,$0.43,UNL-103,Disposal Order UNL-103/219 Foiled CN ¥1.44 EN $0.43
2026-09-11T19:27:05+00:00,https://bilgewatermarket.com/cards,Disposal Order,nonfoil,0.16,https://bilgewatermarket.com/cards/UNL-103,normal,,¥0.69,$0.16,UNL-103,Disposal Order UNL-103/219 CN ¥0.69 EN $0.16
2026-09-11T19:27:05+00:00,https://bilgewatermarket.com/cards,Gentle Gemdragon,foil,0.42,https://bilgewatermarket.com/cards/UNL-104?print_variation=foiled,foiled,,¥1.10,$0.42,UNL-104,Gentle Gemdragon UNL-104/219 Foiled CN ¥1.10 EN $0.42
2026-09-11T19:27:05+00:00,https://bilgewatermarket.com/cards,Gentle Gemdragon,nonfoil,0.13,https://bilgewatermarket.com/cards/UNL-104,normal,,¥0.82,$0.13,UNL-104,Gentle Gemdragon UNL-104/219 CN ¥0.82 EN $0.13
2026-09-11T19:27:05+00:00,https://bilgewatermarket.com/cards,Imposing Challenger,foil,0.28,https://bilgewatermarket.com/cards/UNL-105?print_variation=foiled,foiled,,¥0.50,$0.28,UNL-105,Imposing Challenger UNL-105/219 Foiled CN ¥0.50 EN $0.28
2026-09-11T19:27:05+00:00,https://bilgewatermarket.com/cards,Imposing Challenger,nonfoil,0.07,https://bilgewatermarket.com/cards/UNL-105,normal,,¥0.60,$0.07,UNL-105,Imposing Challenger UNL-105/219 CN ¥0.60 EN $0.07
2026-09-11T19:27:05+00:00,https://bilgewatermarket.com/cards,Repulse,foil,1.99,https://bilgewatermarket.com/cards/UNL-106?print_variation=foiled,foiled,,¥3.53,$1.99,UNL-106,Repulse UNL-106/219 Foiled CN ¥3.53 EN $1.99
2026-09-11T19:27:05+00:00,https://bilgewatermarket.com/cards,Repulse,nonfoil,0.48,https://bilgewatermarket.com/cards/UNL-106,normal,,¥1.34,$0.48,UNL-106,Repulse UNL-106/219 CN ¥1.34 EN $0.48
2026-09-11T19:27:05+00:00,https://bilgewatermarket.com/cards,Stare Down,foil,0.31,https://bilgewatermarket.com/cards/UNL-107?print_variation=foiled,foiled,,¥1.00,$0.31,UNL-107,Stare Down UNL-107/219 Foiled CN ¥1.00 EN $0.31
2026-09-11T19:27:05+00:00,https://bilgewatermarket.com/cards,Stare Down,nonfoil,0.11,https://bilgewatermarket.com/cards/UNL-107,normal,,¥0.50,$0.11,UNL-107,Stare Down UNL-107/219 CN ¥0.50 EN $0.11
2026-09-11T19:27:05+00:00,https://bilgewatermarket.com/cards,Stare Down,nonfoil,0.31,https://bilgewatermarket.com/cards/UNL-107?print_variation=promo,promo,,¥1.02,$0.31,UNL-107,Stare Down UNL-107/219 CN ¥1.02 EN $0.31
2026-09-11T19:27:05+00:00,https://bilgewatermarket.com/cards,Wily Newtfish,foil,0.22,https://bilgewatermarket.com/cards/UNL-108?print_variation=foiled,foiled,,¥0.50,$0.22,UNL-108,Wily Newtfish UNL-108/219 Foiled CN ¥0.50 EN $0.22
2026-09-11T19:27:05+00:00,https://bilgewatermarket.com/cards,Wily Newtfish,nonfoil,0.06,https://bilgewatermarket.com/cards/UNL-108,normal,,¥0.50,$0.06,UNL-108,Wily Newtfish UNL-108/219 CN ¥0.50 EN $0.06
2026-09-11T19:27:05+00:00,https://bilgewatermarket.com/cards,Blood Rose,nonfoil,0.10,https://bilgewatermarket.com/cards/UNL-109,normal,,¥0.53,$0.10,UNL-109,Blood Rose UNL-109/219 CN ¥0.53 EN $0.10
2026-09-11T19:27:05+00:00,https://bilgewatermarket.com/cards,Clash of Giants,nonfoil,0.14,https://bilgewatermarket.com/cards/UNL-110,normal,,¥0.50,$0.14,UNL-110,Clash of Giants UNL-110/219 CN ¥0.50 EN $0.14
2026-09-11T19:27:05+00:00,https://bilgewatermarket.com/cards,Determined Sentry,nonfoil,0.28,https://bilgewatermarket.com/cards/UNL-111,normal,,¥0.60,$0.28,UNL-111,Determined Sentry UNL-111/219 CN ¥0.60 EN $0.28
2026-09-11T19:27:05+00:00,https://bilgewatermarket.com/cards,Irresistible Faefolk,nonfoil,9.45,https://bilgewatermarket.com/cards/UNL-112,normal,,¥1.32,$9.45,UNL-112,Irresistible Faefolk UNL-112/219 CN ¥1.32 EN $9.45
2026-09-11T19:27:05+00:00,https://bilgewatermarket.com/cards,"Master Yi, Tempered",nonfoil,0.18,https://bilgewatermarket.com/cards/UNL-113,normal,,¥1.13,$0.18,UNL-113,"Master Yi, Tempered UNL-113/219 CN ¥1.13 EN $0.18"
2026-09-11T19:27:05+00:00,https://bilgewatermarket.com/cards,"Master Yi, Tempered",nonfoil,2.69,https://bilgewatermarket.com/cards/UNL-113a?print_variation=showcase,showcase,,¥9.91,$2.69,UNL-113a,"Master Yi, Tempered UNL-113a/219 Showcase CN ¥9.91 EN $2.69"
2026-09-11T19:27:05+00:00,https://bilgewatermarket.com/cards,"Nidalee, Cat Form",nonfoil,3.73,https://bilgewatermarket.com/cards/UNL-114,normal,,¥1.55,$3.73,UNL-114,"Nidalee, Cat Form UNL-114/219 CN ¥1.55 EN $3.73"
2026-09-11T19:27:05+00:00,https://bilgewatermarket.com/cards,"Nilah, Joyful Ascetic",nonfoil,0.22,https://bilgewatermarket.com/cards/UNL-115,normal,,¥0.56,$0.22,UNL-115,"Nilah, Joyful Ascetic UNL-115/219 CN ¥0.56 EN $0.22"
2026-09-11T19:27:05+00:00,https://bilgewatermarket.com/cards,"Poppy, Paragon",nonfoil,0.31,https://bilgewatermarket.com/cards/UNL-116,normal,,¥0.69,$0.31,UNL-116,"Poppy, Paragon UNL-116/219 CN ¥0.69 EN $0.31"
2026-09-11T19:27:05+00:00,https://bilgewatermarket.com/cards,"Poppy, Paragon",nonfoil,1.33,https://bilgewatermarket.com/cards/UNL-116a?print_variation=showcase,showcase,,¥4.66,$1.33,UNL-116a,"Poppy, Paragon UNL-116a/219 Showcase CN ¥4.66 EN $1.33"
2026-09-11T19:27:05+00:00,https://bilgewatermarket.com/cards,Arachnoid Horror,nonfoil,1.52,https://bilgewatermarket.com/cards/UNL-117,normal,,¥5.57,$1.52,UNL-117,Arachnoid Horror UNL-117/219 CN ¥5.57 EN $1.52
2026-09-11T19:27:05+00:00,https://bilgewatermarket.com/cards,Elder Dragon,nonfoil,16.84,https://bilgewatermarket.com/cards/UNL-118,normal,,¥39.47,$16.84,UNL-118,Elder Dragon UNL-118/219 CN ¥39.47 EN $16.84
2026-09-11T19:27:05+00:00,https://bilgewatermarket.com/cards,Elder Dragon,nonfoil,21.50,https://bilgewatermarket.com/cards/UNL-118a?print_variation=showcase,showcase,,¥55.71,$21.50,UNL-118a,Elder Dragon UNL-118a/219 Showcase CN ¥55.71 EN $21.50
2026-09-11T19:27:05+00:00,https://bilgewatermarket.com/cards,"Kha'Zix, Evolving Hunter",nonfoil,0.57,https://bilgewatermarket.com/cards/UNL-119,normal,,¥1.17,$0.57,UNL-119,"Kha'Zix, Evolving Hunter UNL-119/219 CN ¥1.17 EN $0.57"
2026-09-11T19:27:05+00:00,https://bilgewatermarket.com/cards,"Kha'Zix, Evolving Hunter",nonfoil,2.52,https://bilgewatermarket.com/cards/UNL-119a?print_variation=showcase,showcase,,¥2.31,$2.52,UNL-119a,"Kha'Zix, Evolving Hunter UNL-119a/219 Showcase CN ¥2.31 EN $2.52"
2026-09-11T19:27:05+00:00,https://bilgewatermarket.com/cards,"Rengar, Trophy Hunter",nonfoil,40.55,https://bilgewatermarket.com/cards/UNL-120,normal,,¥91.78,$40.55,UNL-120,"Rengar, Trophy Hunter UNL-120/219 CN ¥91.78 EN $40.55"
2026-09-11T19:27:05+00:00,https://bilgewatermarket.com/cards,"Rengar, Trophy Hunter",nonfoil,108.80,https://bilgewatermarket.com/cards/UNL-120?print_variation=promo,promo,,¥108.80,,UNL-120,"Rengar, Trophy Hunter UNL-120/219 CN ¥108.80"
2026-09-11T19:27:05+00:00,https://bilgewatermarket.com/cards,"Rengar, Trophy Hunter",nonfoil,40.79,https://bilgewatermarket.com/cards/UNL-120a?print_variation=showcase,showcase,,¥98.26,$40.79,UNL-120a,"Rengar, Trophy Hunter UNL-120a/219 Showcase CN ¥98.26 EN $40.79"
2026-09-11T19:27:05+00:00,https://bilgewatermarket.com/cards,Bewitching Spirit,foil,0.26,https://bilgewatermarket.com/cards/UNL-121?print_variation=foiled,foiled,,¥1.75,$0.26,UNL-121,Bewitching Spirit UNL-121/219 Foiled CN ¥1.75 EN $0.26
2026-09-11T19:27:05+00:00,https://bilgewatermarket.com/cards,Bewitching Spirit,nonfoil,0.11,https://bilgewatermarket.com/cards/UNL-121,normal,,¥0.57,$0.11,UNL-121,Bewitching Spirit UNL-121/219 CN ¥0.57 EN $0.11
2026-09-11T19:27:05+00:00,https://bilgewatermarket.com/cards,Crescent Guardian,foil,0.10,https://bilgewatermarket.com/cards/UNL-122?print_variation=foiled,foiled,,¥0.50,$0.10,UNL-122,Crescent Guardian UNL-122/219 Foiled CN ¥0.50 EN $0.10
2026-09-11T19:27:05+00:00,https://bilgewatermarket.com/cards,Crescent Guardian,nonfoil,0.06,https://bilgewatermarket.com/cards/UNL-122,normal,,¥0.50,$0.06,UNL-122,Crescent Guardian UNL-122/219 CN ¥0.50 EN $0.06
2026-09-11T19:27:05+00:00,https://bilgewatermarket.com/cards,Evershade Stalker,foil,0.17,https://bilgewatermarket.com/cards/UNL-123?print_variation=foiled,foiled,,¥0.60,$0.17,UNL-123,Evershade Stalker UNL-123/219 Foiled CN ¥0.60 EN $0.17
2026-09-11T19:27:05+00:00,https://bilgewatermarket.com/cards,Evershade Stalker,nonfoil,0.05,https://bilgewatermarket.com/cards/UNL-123,normal,,¥0.50,$0.05,UNL-123,Evershade Stalker UNL-123/219 CN ¥0.50 EN $0.05
2026-09-11T19:27:05+00:00,https://bilgewatermarket.com/cards,Isolate,foil,0.19,https://bilgewatermarket.com/cards/UNL-124?print_variation=foiled,foiled,,¥0.70,$0.19,UNL-124,Isolate UNL-124/219 Foiled CN ¥0.70 EN $0.19
2026-09-11T19:27:05+00:00,https://bilgewatermarket.com/cards,Isolate,nonfoil,0.07,https://bilgewatermarket.com/cards/UNL-124,normal,,¥0.50,$0.07,UNL-124,Isolate UNL-124/219 CN ¥0.50 EN $0.07
2026-09-11T19:27:05+00:00,https://bilgewatermarket.com/cards,Lunar Boon,foil,0.20,https://bilgewatermarket.com/cards/UNL-125?print_variation=foiled,foiled,,¥1.74,$0.20,UNL-125,Lunar Boon UNL-125/219 Foiled CN ¥1.74 EN $0.20
2026-09-11T19:27:05+00:00,https://bilgewatermarket.com/cards,Lunar Boon,nonfoil,0.10,https://bilgewatermarket.com/cards/UNL-125,normal,,¥0.52,$0.10,UNL-125,Lunar Boon UNL-125/219 CN ¥0.52 EN $0.10
2026-09-11T19:27:05+00:00,https://bilgewatermarket.com/cards,Lunar Boon,nonfoil,0.20,https://bilgewatermarket.com/cards/UNL-125?print_variation=promo,promo,,¥1.57,$0.20,UNL-125,Lunar Boon UNL-125/219 CN ¥1.57 EN $0.20
2026-09-11T19:27:05+00:00,https://bilgewatermarket.com/cards,Megatusk,foil,0.09,https://bilgewatermarket.com/cards/UNL-126?print_variation=foiled,foiled,,¥0.54,$0.09,UNL-126,Megatusk UNL-126/219 Foiled CN ¥0.54 EN $0.09
2026-09-11T19:27:05+00:00,https://bilgewatermarket.com/cards,Megatusk,nonfoil,0.03,https://bilgewatermarket.com/cards/UNL-126,normal,,¥0.50,$0.03,UNL-126,Megatusk UNL-126/219 CN ¥0.50 EN $0.03
2026-09-11T19:27:05+00:00,https://bilgewatermarket.com/cards,Mister Root,foil,0.27,https://bilgewatermarket.com/cards/UNL-127?print_variation=foiled,foiled,,¥0.50,$0.27,UNL-127,Mister Root UNL-127/219 Foiled CN ¥0.50 EN $0.27
2026-09-11T19:27:05+00:00,https://bilgewatermarket.com/cards,Mister Root,nonfoil,0.09,https://bilgewatermarket.com/cards/UNL-127,normal,,¥0.50,$0.09,UNL-127,Mister Root UNL-127/219 CN ¥0.50 EN $0.09
2026-09-11T19:27:05+00:00,https://bilgewatermarket.com/cards,Mister Root,nonfoil,0.27,https://bilgewatermarket.com/cards/UNL-127?print_variation=promo,promo,,¥0.54,$0.27,UNL-127,Mister Root UNL-127/219 CN ¥0.54 EN $0.27
2026-09-11T19:27:05+00:00,https://bilgewatermarket.com/cards,"Star,Crossed",foil,0.88,https://bilgewatermarket.com/cards/UNL-128?print_variation=foiled,foiled,,¥4.67,$0.88,UNL-128,"Star,Crossed UNL-128/219 Foiled CN ¥4.67 EN $0.88"
2026-09-11T19:27:05+00:00,https://bilgewatermarket.com/cards,"Star,Crossed",nonfoil,0.22,https://bilgewatermarket.com/cards/UNL-128,normal,,¥0.84,$0.22,UNL-128,"Star,Crossed UNL-128/219 CN ¥0.84 EN $0.22"
2026-09-11T19:27:05+00:00,https://bilgewatermarket.com/cards,Vicious Snapjaws,foil,0.18,https://bilgewatermarket.com/cards/UNL-129?print_variation=foiled,foiled,,¥0.60,$0.18,UNL-129,Vicious Snapjaws UNL-129/219 Foiled CN ¥0.60 EN $0.18
2026-09-11T19:27:05+00:00,https://bilgewatermarket.com/cards,Vicious Snapjaws,nonfoil,0.04,https://bilgewatermarket.com/cards/UNL-129,normal,,¥0.50,$0.04,UNL-129,Vicious Snapjaws UNL-129/219 CN ¥0.50 EN $0.04
2026-09-11T19:27:05+00:00,https://bilgewatermarket.com/cards,Walking Roost,foil,0.16,https://bilgewatermarket.com/cards/UNL-130?print_variation=foiled,foiled,,¥0.60,$0.16,UNL-130,Walking Roost UNL-130/219 Foiled CN ¥0.60 EN $0.16
2026-09-11T19:27:05+00:00,https://bilgewatermarket.com/cards,Walking Roost,nonfoil,0.05,https://bilgewatermarket.com/cards/UNL-130,normal,,¥0.50,$0.05,UNL-130,Walking Roost UNL-130/219 CN ¥0.50 EN $0.05
2026-09-11T19:27:05+00:00,https://bilgewatermarket.com/cards,Abandon,foil,4.08,https://bilgewatermarket.com/cards/UNL-131?print_variation=foiled,foiled,,¥7.21,$4.08,UNL-131,Abandon UNL-131/219 Foiled CN ¥7.21 EN $4.08
2026-09-11T19:27:05+00:00,https://bilgewatermarket.com/cards,Abandon,nonfoil,0.56,https://bilgewatermarket.com/cards/UNL-131,normal,,¥2.50,$0.56,UNL-131,Abandon UNL-131/219 CN ¥2.50 EN $0.56
2026-09-11T19:27:05+00:00,https://bilgewatermarket.com/cards,Angler Beast,foil,0.56,https://bilgewatermarket.com/cards/UNL-132?print_variation=foiled,foiled,,¥1.16,$0.56,UNL-132,Angler Beast UNL-132/219 Foiled CN ¥1.16 EN $0.56
2026-09-11T19:27:05+00:00,https://bilgewatermarket.com/cards,Angler Beast,nonfoil,0.19,https://bilgewatermarket.com/cards/UNL-132,normal,,¥0.65,$0.19,UNL-132,Angler Beast UNL-132/219 CN ¥0.65 EN $0.19
2026-09-11T19:27:05+00:00,https://bilgewatermarket.com/cards,Blast Cone,foil,0.18,https://bilgewatermarket.com/cards/UNL-133?print_variation=foiled,foiled,,¥1.00,$0.18,UNL-133,Blast Cone UNL-133/219 Foiled CN ¥1.00 EN $0.18
2026-09-11T19:27:05+00:00,https://bilgewatermarket.com/cards,Blast Cone,nonfoil,0.06,https://bilgewatermarket.com/cards/UNL-133,normal,,¥0.50,$0.06,UNL-133,Blast Cone UNL-133/219 CN ¥0.50 EN $0.06
2026-09-11T19:27:05+00:00,https://bilgewatermarket.com/cards,Existential Dread,foil,1.23,https://bilgewatermarket.com/cards/UNL-134?print_variation=foiled,foiled,,¥2.42,$1.23,UNL-134,Existential Dread UNL-134/219 Foiled CN ¥2.42 EN $1.23
2026-09-11T19:27:05+00:00,https://bilgewatermarket.com/cards,Existential Dread,nonfoil,0.18,https://bilgewatermarket.com/cards/UNL-134,normal,,¥0.95,$0.18,UNL-134,Existential Dread UNL-134/219 CN ¥0.95 EN $0.18
2026-09-11T19:27:05+00:00,https://bilgewatermarket.com/cards,Insightful Investigator,foil,0.28,https://bilgewatermarket.com/cards/UNL-135?print_variation=foiled,foiled,,¥0.50,$0.28,UNL-135,Insightful Investigator UNL-135/219 Foiled CN ¥0.50 EN $0.28
2026-09-11T19:27:05+00:00,https://bilgewatermarket.com/cards,Insightful Investigator,nonfoil,0.09,https://bilgewatermarket.com/cards/UNL-135,normal,,¥0.50,$0.09,UNL-135,Insightful Investigator UNL-135/219 CN ¥0.50 EN $0.09
2026-09-11T19:27:05+00:00,https://bilgewatermarket.com/cards,Scryer's Bloom,foil,0.25,https://bilgewatermarket.com/cards/UNL-136?print_variation=foiled,foiled,,¥1.68,$0.25,UNL-136,Scryer's Bloom UNL-136/219 Foiled CN ¥1.68 EN $0.25
2026-09-11T19:27:05+00:00,https://bilgewatermarket.com/cards,Scryer's Bloom,nonfoil,0.09,https://bilgewatermarket.com/cards/UNL-136,normal,,¥0.52,$0.09,UNL-136,Scryer's Bloom UNL-136/219 CN ¥0.52 EN $0.09
2026-09-11T19:27:05+00:00,https://bilgewatermarket.com/cards,Sinister Poro,foil,0.39,https://bilgewatermarket.com/cards/UNL-137?print_variation=foiled,foiled,,¥0.70,$0.39,UNL-137,Sinister Poro UNL-137/219 Foiled CN ¥0.70 EN $0.39
2026-09-11T19:27:05+00:00,https://bilgewatermarket.com/cards,Sinister Poro,nonfoil,0.16,https://bilgewatermarket.com/cards/UNL-137,normal,,¥0.50,$0.16,UNL-137,Sinister Poro UNL-137/219 CN ¥0.50 EN $0.16
2026-09-11T19:27:05+00:00,https://bilgewatermarket.com/cards,Sinister Poro,nonfoil,0.39,https://bilgewatermarket.com/cards/UNL-137?print_variation=promo,promo,,¥1.00,$0.39,UNL-137,Sinister Poro UNL-137/219 CN ¥1.00 EN $0.39
2026-09-11T19:27:05+00:00,https://bilgewatermarket.com/cards,The List,foil,0.83,https://bilgewatermarket.com/cards/UNL-138?print_variation=foiled,foiled,,¥1.06,$0.83,UNL-138,The List UNL-138/219 Foiled CN ¥1.06 EN $0.83
2026-09-11T19:27:05+00:00,https://bilgewatermarket.com/cards,The List,nonfoil,0.18,https://bilgewatermarket.com/cards/UNL-138,normal,,¥0.60,$0.18,UNL-138,The List UNL-138/219 CN ¥0.60 EN $0.18
2026-09-11T19:27:05+00:00,https://bilgewatermarket.com/cards,Bone Skewer,nonfoil,0.28,https://bilgewatermarket.com/cards/UNL-139,normal,,¥2.16,$0.28,UNL-139,Bone Skewer UNL-139/219 CN ¥2.16 EN $0.28
2026-09-11T19:27:05+00:00,https://bilgewatermarket.com/cards,Conscription,nonfoil,0.17,https://bilgewatermarket.com/cards/UNL-140,normal,,¥0.52,$0.17,UNL-140,Conscription UNL-140/219 CN ¥0.52 EN $0.17
2026-09-11T19:27:05+00:00,https://bilgewatermarket.com/cards,"Evelynn, Entrancing",nonfoil,2.52,https://bilgewatermarket.com/cards/UNL-141,normal,,¥1.40,$2.52,UNL-141,"Evelynn, Entrancing UNL-141/219 CN ¥1.40 EN $2.52"
2026-09-11T19:27:05+00:00,https://bilgewatermarket.com/cards,Heedless Resurrection,nonfoil,0.32,https://bilgewatermarket.com/cards/UNL-142,normal,,¥1.22,$0.32,UNL-142,Heedless Resurrection UNL-142/219 CN ¥1.22 EN $0.32
2026-09-11T19:27:05+00:00,https://bilgewatermarket.com/cards,"Kha'Zix, Mutating Horror",nonfoil,0.35,https://bilgewatermarket.com/cards/UNL-143,normal,,¥1.14,$0.35,UNL-143,"Kha'Zix, Mutating Horror UNL-143/219 CN ¥1.14 EN $0.35"
2026-09-11T19:27:05+00:00,https://bilgewatermarket.com/cards,"Kha'Zix, Mutating Horror",nonfoil,7.94,https://bilgewatermarket.com/cards/UNL-143a?print_variation=showcase,showcase,,¥16.10,$7.94,UNL-143a,"Kha'Zix, Mutating Horror UNL-143a/219 Showcase CN ¥16.10 EN $7.94"
2026-09-11T19:27:05+00:00,https://bilgewatermarket.com/cards,Maduli the Gatekeeper,nonfoil,0.08,https://bilgewatermarket.com/cards/UNL-144,normal,,¥0.51,$0.08,UNL-144,Maduli the Gatekeeper UNL-144/219 CN ¥0.51 EN $0.08
2026-09-11T19:27:05+00:00,https://bilgewatermarket.com/cards,"Pyke, Returned",nonfoil,0.46,https://bilgewatermarket.com/cards/UNL-145,normal,,¥1.10,$0.46,UNL-145,"Pyke, Returned UNL-145/219 CN ¥1.10 EN $0.46"
2026-09-11T19:27:05+00:00,https://bilgewatermarket.com/cards,"Pyke, Returned",nonfoil,9.67,https://bilgewatermarket.com/cards/UNL-145a?print_variation=showcase,showcase,,¥11.83,$9.67,UNL-145a,"Pyke, Returned UNL-145a/219 Showcase CN ¥11.83 EN $9.67"
2026-09-11T19:27:05+00:00,https://bilgewatermarket.com/cards,"Syndra, Transcendent",nonfoil,0.28,https://bilgewatermarket.com/cards/UNL-146,normal,,¥0.50,$0.28,UNL-146,"Syndra, Transcendent UNL-146/219 CN ¥0.50 EN $0.28"
2026-09-11T19:27:05+00:00,https://bilgewatermarket.com/cards,Baron Nashor,nonfoil,22.62,https://bilgewatermarket.com/cards/UNL-147,normal,,¥31.66,$22.62,UNL-147,Baron Nashor UNL-147/219 CN ¥31.66 EN $22.62
2026-09-11T19:27:05+00:00,https://bilgewatermarket.com/cards,Baron Nashor,nonfoil,26.34,https://bilgewatermarket.com/cards/UNL-147a?print_variation=showcase,showcase,,¥48.47,$26.34,UNL-147a,Baron Nashor UNL-147a/219 Showcase CN ¥48.47 EN $26.34
2026-09-11T19:27:05+00:00,https://bilgewatermarket.com/cards,Cursed Sarcophagus,nonfoil,0.52,https://bilgewatermarket.com/cards/UNL-148,normal,,¥1.43,$0.52,UNL-148,Cursed Sarcophagus UNL-148/219 CN ¥1.43 EN $0.52
2026-09-11T19:27:05+00:00,https://bilgewatermarket.com/cards,"Diana, No Longer Human",nonfoil,0.89,https://bilgewatermarket.com/cards/UNL-149,normal,,¥1.51,$0.89,UNL-149,"Diana, No Longer Human UNL-149/219 CN ¥1.51 EN $0.89"
2026-09-11T19:27:05+00:00,https://bilgewatermarket.com/cards,"Diana, No Longer Human",nonfoil,7.20,https://bilgewatermarket.com/cards/UNL-149a?print_variation=showcase,showcase,,¥9.59,$7.20,UNL-149a,"Diana, No Longer Human UNL-149a/219 Showcase CN ¥9.59 EN $7.20"
2026-09-11T19:27:05+00:00,https://bilgewatermarket.com/cards,"Vex, Apathetic",nonfoil,18.61,https://bilgewatermarket.com/cards/UNL-150,normal,,¥32.41,$18.61,UNL-150,"Vex, Apathetic UNL-150/219 CN ¥32.41 EN $18.61"
2026-09-11T19:27:05+00:00,https://bilgewatermarket.com/cards,"Vex, Apathetic",nonfoil,26.19,https://bilgewatermarket.com/cards/UNL-150a?print_variation=showcase,showcase,,¥64.26,$26.19,UNL-150a,"Vex, Apathetic UNL-150a/219 Showcase CN ¥64.26 EN $26.19"
2026-09-11T19:27:05+00:00,https://bilgewatermarket.com/cards,Bandle Soldier,foil,0.11,https://bilgewatermarket.com/cards/UNL-151?print_variation=foiled,foiled,,¥0.80,$0.11,UNL-151,Bandle Soldier UNL-151/219 Foiled CN ¥0.80 EN $0.11
2026-09-11T19:27:05+00:00,https://bilgewatermarket.com/cards,Bandle Soldier,nonfoil,0.04,https://bilgewatermarket.com/cards/UNL-151,normal,,¥0.50,$0.04,UNL-151,Bandle Soldier UNL-151/219 CN ¥0.50 EN $0.04
2026-09-11T19:27:05+00:00,https://bilgewatermarket.com/cards,Black Rose Dignitary,foil,0.27,https://bilgewatermarket.com/cards/UNL-152?print_variation=foiled,foiled,,¥1.37,$0.27,UNL-152,Black Rose Dignitary UNL-152/219 Foiled CN ¥1.37 EN $0.27
2026-09-11T19:27:05+00:00,https://bilgewatermarket.com/cards,Black Rose Dignitary,nonfoil,0.10,https://bilgewatermarket.com/cards/UNL-152,normal,,¥0.52,$0.10,UNL-152,Black Rose Dignitary UNL-152/219 CN ¥0.52 EN $0.10
2026-09-11T19:27:05+00:00,https://bilgewatermarket.com/cards,Carrion Dredger,foil,0.23,https://bilgewatermarket.com/cards/UNL-153?print_variation=foiled,foiled,,¥1.37,$0.23,UNL-153,Carrion Dredger UNL-153/219 Foiled CN ¥1.37 EN $0.23
2026-09-11T19:27:05+00:00,https://bilgewatermarket.com/cards,Carrion Dredger,nonfoil,0.10,https://bilgewatermarket.com/cards/UNL-153,normal,,¥0.52,$0.10,UNL-153,Carrion Dredger UNL-153/219 CN ¥0.52 EN $0.10
2026-09-11T19:27:05+00:00,https://bilgewatermarket.com/cards,Crimson Pigeons,foil,0.21,https://bilgewatermarket.com/cards/UNL-154?print_variation=foiled,foiled,,¥0.81,$0.21,UNL-154,Crimson Pigeons UNL-154/219 Foiled CN ¥0.81 EN $0.21
2026-09-11T19:27:05+00:00,https://bilgewatermarket.com/cards,Crimson Pigeons,nonfoil,0.06,https://bilgewatermarket.com/cards/UNL-154,normal,,¥0.50,$0.06,UNL-154,Crimson Pigeons UNL-154/219 CN ¥0.50 EN $0.06
2026-09-11T19:27:05+00:00,https://bilgewatermarket.com/cards,Heroic Charge,foil,0.19,https://bilgewatermarket.com/cards/UNL-155?print_variation=foiled,foiled,,¥0.90,$0.19,UNL-155,Heroic Charge UNL-155/219 Foiled CN ¥0.90 EN $0.19
2026-09-11T19:27:05+00:00,https://bilgewatermarket.com/cards,Heroic Charge,nonfoil,0.07,https://bilgewatermarket.com/cards/UNL-155,normal,,¥0.50,$0.07,UNL-155,Heroic Charge UNL-155/219 CN ¥0.50 EN $0.07
2026-09-11T19:27:05+00:00,https://bilgewatermarket.com/cards,Loyal Poro,foil,0.29,https://bilgewatermarket.com/cards/UNL-156?print_variation=foiled,foiled,,¥1.00,$0.29,UNL-156,Loyal Poro UNL-156/219 Foiled CN ¥1.00 EN $0.29
2026-09-11T19:27:05+00:00,https://bilgewatermarket.com/cards,Loyal Poro,nonfoil,0.13,https://bilgewatermarket.com/cards/UNL-156,normal,,¥0.50,$0.13,UNL-156,Loyal Poro UNL-156/219 CN ¥0.50 EN $0.13
2026-09-11T19:27:05+00:00,https://bilgewatermarket.com/cards,Loyal Poro,nonfoil,0.29,https://bilgewatermarket.com/cards/UNL-156?print_variation=promo,promo,,¥0.61,$0.29,UNL-156,Loyal Poro UNL-156/219 CN ¥0.61 EN $0.29
2026-09-11T19:27:05+00:00,https://bilgewatermarket.com/cards,Scrutinizing Sergeant,foil,0.12,https://bilgewatermarket.com/cards/UNL-157?print_variation=foiled,foiled,,¥0.50,$0.12,UNL-157,Scrutinizing Sergeant UNL-157/219 Foiled CN ¥0.50 EN $0.12
2026-09-11T19:27:05+00:00,https://bilgewatermarket.com/cards,Scrutinizing Sergeant,nonfoil,0.04,https://bilgewatermarket.com/cards/UNL-157,normal,,¥0.50,$0.04,UNL-157,Scrutinizing Sergeant UNL-157/219 CN ¥0.50 EN $0.04
2026-09-11T19:27:05+00:00,https://bilgewatermarket.com/cards,Shepherd's Heirloom,foil,0.29,https://bilgewatermarket.com/cards/UNL-158?print_variation=foiled,foiled,,¥0.95,$0.29,UNL-158,Shepherd's Heirloom UNL-158/219 Foiled CN ¥0.95 EN $0.29
2026-09-11T19:27:05+00:00,https://bilgewatermarket.com/cards,Shepherd's Heirloom,nonfoil,0.06,https://bilgewatermarket.com/cards/UNL-158,normal,,¥0.51,$0.06,UNL-158,Shepherd's Heirloom UNL-158/219 CN ¥0.51 EN $0.06
2026-09-11T19:27:05+00:00,https://bilgewatermarket.com/cards,Soul Harvest,foil,0.15,https://bilgewatermarket.com/cards/UNL-159?print_variation=foiled,foiled,,¥0.50,$0.15,UNL-159,Soul Harvest UNL-159/219 Foiled CN ¥0.50 EN $0.15
2026-09-11T19:27:05+00:00,https://bilgewatermarket.com/cards,Soul Harvest,nonfoil,0.08,https://bilgewatermarket.com/cards/UNL-159,normal,,¥0.50,$0.08,UNL-159,Soul Harvest UNL-159/219 CN ¥0.50 EN $0.08
2026-09-11T19:27:05+00:00,https://bilgewatermarket.com/cards,Ultrasoft Poro,foil,0.34,https://bilgewatermarket.com/cards/UNL-160?print_variation=foiled,foiled,,¥1.03,$0.34,UNL-160,Ultrasoft Poro UNL-160/219 Foiled CN ¥1.03 EN $0.34
2026-09-11T19:27:05+00:00,https://bilgewatermarket.com/cards,Ultrasoft Poro,nonfoil,0.07,https://bilgewatermarket.com/cards/UNL-160,normal,,¥0.50,$0.07,UNL-160,Ultrasoft Poro UNL-160/219 CN ¥0.50 EN $0.07
2026-09-11T19:27:05+00:00,https://bilgewatermarket.com/cards,Ultrasoft Poro,nonfoil,0.34,https://bilgewatermarket.com/cards/UNL-160?print_variation=promo,promo,,¥0.83,$0.34,UNL-160,Ultrasoft Poro UNL-160/219 CN ¥0.83 EN $0.34
2026-09-11T19:27:05+00:00,https://bilgewatermarket.com/cards,Divining Shells,foil,0.33,https://bilgewatermarket.com/cards/UNL-161?print_variation=foiled,foiled,,¥1.30,$0.33,UNL-161,Divining Shells UNL-161/219 Foiled CN ¥1.30 EN $0.33
2026-09-11T19:27:05+00:00,https://bilgewatermarket.com/cards,Divining Shells,nonfoil,0.12,https://bilgewatermarket.com/cards/UNL-161,normal,,¥0.63,$0.12,UNL-161,Divining Shells UNL-161/219 CN ¥0.63 EN $0.12
2026-09-11T19:27:05+00:00,https://bilgewatermarket.com/cards,Enthralling Protector,foil,0.24,https://bilgewatermarket.com/cards/UNL-162?print_variation=foiled,foiled,,¥0.79,$0.24,UNL-162,Enthralling Protector UNL-162/219 Foiled CN ¥0.79 EN $0.24
2026-09-11T19:27:05+00:00,https://bilgewatermarket.com/cards,Enthralling Protector,nonfoil,0.06,https://bilgewatermarket.com/cards/UNL-162,normal,,¥0.50,$0.06,UNL-162,Enthralling Protector UNL-162/219 CN ¥0.50 EN $0.06
2026-09-11T19:27:05+00:00,https://bilgewatermarket.com/cards,Mageseeker Investigator,foil,0.20,https://bilgewatermarket.com/cards/UNL-163?print_variation=foiled,foiled,,¥0.50,$0.20,UNL-163,Mageseeker Investigator UNL-163/219 Foiled CN ¥0.50 EN $0.20
2026-09-11T19:27:05+00:00,https://bilgewatermarket.com/cards,Mageseeker Investigator,nonfoil,0.09,https://bilgewatermarket.com/cards/UNL-163,normal,,¥0.50,$0.09,UNL-163,Mageseeker Investigator UNL-163/219 CN ¥0.50 EN $0.09
2026-09-11T19:27:05+00:00,https://bilgewatermarket.com/cards,Safety Inspector,foil,0.78,https://bilgewatermarket.com/cards/UNL-164?print_variation=foiled,foiled,,¥1.11,$0.78,UNL-164,Safety Inspector UNL-164/219 Foiled CN ¥1.11 EN $0.78
2026-09-11T19:27:05+00:00,https://bilgewatermarket.com/cards,Safety Inspector,nonfoil,0.16,https://bilgewatermarket.com/cards/UNL-164,normal,,¥0.94,$0.16,UNL-164,Safety Inspector UNL-164/219 CN ¥0.94 EN $0.16
2026-09-11T19:27:05+00:00,https://bilgewatermarket.com/cards,Shadow's Call,foil,1.53,https://bilgewatermarket.com/cards/UNL-165?print_variation=foiled,foiled,,¥5.57,$1.53,UNL-165,Shadow's Call UNL-165/219 Foiled CN ¥5.57 EN $1.53
2026-09-11T19:27:05+00:00,https://bilgewatermarket.com/cards,Shadow's Call,nonfoil,0.47,https://bilgewatermarket.com/cards/UNL-165,normal,,¥2.32,$0.47,UNL-165,Shadow's Call UNL-165/219 CN ¥2.32 EN $0.47
2026-09-11T19:27:05+00:00,https://bilgewatermarket.com/cards,Stalking Wolf,foil,0.18,https://bilgewatermarket.com/cards/UNL-166?print_variation=foiled,foiled,,¥1.02,$0.18,UNL-166,Stalking Wolf UNL-166/219 Foiled CN ¥1.02 EN $0.18
2026-09-11T19:27:05+00:00,https://bilgewatermarket.com/cards,Stalking Wolf,nonfoil,0.08,https://bilgewatermarket.com/cards/UNL-166,normal,,¥0.51,$0.08,UNL-166,Stalking Wolf UNL-166/219 CN ¥0.51 EN $0.08
2026-09-11T19:27:05+00:00,https://bilgewatermarket.com/cards,Starhound,foil,0.23,https://bilgewatermarket.com/cards/UNL-167?print_variation=foiled,foiled,,¥0.52,$0.23,UNL-167,Starhound UNL-167/219 Foiled CN ¥0.52 EN $0.23
2026-09-11T19:27:05+00:00,https://bilgewatermarket.com/cards,Starhound,nonfoil,0.15,https://bilgewatermarket.com/cards/UNL-167,normal,,¥0.50,$0.15,UNL-167,Starhound UNL-167/219 CN ¥0.50 EN $0.15
2026-09-11T19:27:05+00:00,https://bilgewatermarket.com/cards,Undying Loyalty,foil,0.34,https://bilgewatermarket.com/cards/UNL-168?print_variation=foiled,foiled,,¥0.52,$0.34,UNL-168,Undying Loyalty UNL-168/219 Foiled CN ¥0.52 EN $0.34
2026-09-11T19:27:05+00:00,https://bilgewatermarket.com/cards,Undying Loyalty,nonfoil,0.12,https://bilgewatermarket.com/cards/UNL-168,normal,,¥0.50,$0.12,UNL-168,Undying Loyalty UNL-168/219 CN ¥0.50 EN $0.12
2026-09-11T19:27:05+00:00,https://bilgewatermarket.com/cards,Undying Loyalty,nonfoil,0.34,https://bilgewatermarket.com/cards/UNL-168?print_variation=promo,promo,,¥0.53,$0.34,UNL-168,Undying Loyalty UNL-168/219 CN ¥0.53 EN $0.34
2026-09-11T19:27:05+00:00,https://bilgewatermarket.com/cards,"Ashe, Focused",nonfoil,1.31,https://bilgewatermarket.com/cards/UNL-169,normal,,¥1.59,$1.31,UNL-169,"Ashe, Focused UNL-169/219 CN ¥1.59 EN $1.31"
2026-09-11T19:27:05+00:00,https://bilgewatermarket.com/cards,"Ashe, Focused",nonfoil,3.40,https://bilgewatermarket.com/cards/UNL-169?print_variation=promo,promo,,¥3.40,,UNL-169,"Ashe, Focused UNL-169/219 CN ¥3.40"
2026-09-11T19:27:05+00:00,https://bilgewatermarket.com/cards,Atakhan,nonfoil,0.21,https://bilgewatermarket.com/cards/UNL-170,normal,,¥1.11,$0.21,UNL-170,Atakhan UNL-170/219 CN ¥1.11 EN $0.21
2026-09-11T19:27:05+00:00,https://bilgewatermarket.com/cards,"Galio, Indefatigable",nonfoil,0.24,https://bilgewatermarket.com/cards/UNL-171,normal,,¥1.13,$0.24,UNL-171,"Galio, Indefatigable UNL-171/219 CN ¥1.13 EN $0.24"
2026-09-11T19:27:05+00:00,https://bilgewatermarket.com/cards,"LeBlanc, Fragmented",nonfoil,0.35,https://bilgewatermarket.com/cards/UNL-172,normal,,¥0.97,$0.35,UNL-172,"LeBlanc, Fragmented UNL-172/219 CN ¥0.97 EN $0.35"
2026-09-11T19:27:05+00:00,https://bilgewatermarket.com/cards,"LeBlanc, Fragmented",nonfoil,3.54,https://bilgewatermarket.com/cards/UNL-172a?print_variation=showcase,showcase,,¥7.36,$3.54,UNL-172a,"LeBlanc, Fragmented UNL-172a/219 Showcase CN ¥7.36 EN $3.54"
2026-09-11T19:27:05+00:00,https://bilgewatermarket.com/cards,Sacrifice,nonfoil,3.32,https://bilgewatermarket.com/cards/UNL-173,normal,,¥5.66,$3.32,UNL-173,Sacrifice UNL-173/219 CN ¥5.66 EN $3.32
2026-09-11T19:27:05+00:00,https://bilgewatermarket.com/cards,Shard of Undoing,nonfoil,0.20,https://bilgewatermarket.com/cards/UNL-174,normal,,¥0.56,$0.20,UNL-174,Shard of Undoing UNL-174/219 CN ¥0.56 EN $0.20
2026-09-11T19:27:05+00:00,https://bilgewatermarket.com/cards,Tactical Retreat,nonfoil,0.24,https://bilgewatermarket.com/cards/UNL-175,normal,,¥2.05,$0.24,UNL-175,Tactical Retreat UNL-175/219 CN ¥2.05 EN $0.24
2026-09-11T19:27:05+00:00,https://bilgewatermarket.com/cards,"Vi, Peacekeeper",nonfoil,4.45,https://bilgewatermarket.com/cards/UNL-176,normal,,¥3.66,$4.45,UNL-176,"Vi, Peacekeeper UNL-176/219 CN ¥3.66 EN $4.45"
2026-09-11T19:27:05+00:00,https://bilgewatermarket.com/cards,"Vi, Peacekeeper",nonfoil,15.45,https://bilgewatermarket.com/cards/UNL-176a?print_variation=showcase,showcase,,¥24.58,$15.45,UNL-176a,"Vi, Peacekeeper UNL-176a/219 Showcase CN ¥24.58 EN $15.45"
2026-09-11T19:27:05+00:00,https://bilgewatermarket.com/cards,"Ivern, Friend to All",nonfoil,1.13,https://bilgewatermarket.com/cards/UNL-177,normal,,¥2.00,$1.13,UNL-177,"Ivern, Friend to All UNL-177/219 CN ¥2.00 EN $1.13"
2026-09-11T19:27:05+00:00,https://bilgewatermarket.com/cards,"Ivern, Friend to All",nonfoil,2.42,https://bilgewatermarket.com/cards/UNL-177a?print_variation=showcase,showcase,,¥3.33,$2.42,UNL-177a,"Ivern, Friend to All UNL-177a/219 Showcase CN ¥3.33 EN $2.42"
2026-09-11T19:27:05+00:00,https://bilgewatermarket.com/cards,"Poppy, Defender of the Meek",nonfoil,0.51,https://bilgewatermarket.com/cards/UNL-178,normal,,¥1.16,$0.51,UNL-178,"Poppy, Defender of the Meek UNL-178/219 CN ¥1.16 EN $0.51"
2026-09-11T19:27:05+00:00,https://bilgewatermarket.com/cards,"Poppy, Defender of the Meek",nonfoil,2.25,https://bilgewatermarket.com/cards/UNL-178a?print_variation=showcase,showcase,,¥3.61,$2.25,UNL-178a,"Poppy, Defender of the Meek UNL-178a/219 Showcase CN ¥3.61 EN $2.25"
2026-09-11T19:27:05+00:00,https://bilgewatermarket.com/cards,Rift Herald,nonfoil,6.25,https://bilgewatermarket.com/cards/UNL-179,normal,,¥18.16,$6.25,UNL-179,Rift Herald UNL-179/219 CN ¥18.16 EN $6.25
2026-09-11T19:27:05+00:00,https://bilgewatermarket.com/cards,Rift Herald,nonfoil,10.42,https://bilgewatermarket.com/cards/UNL-179a?print_variation=showcase,showcase,,¥30.64,$10.42,UNL-179a,Rift Herald UNL-179a/219 Showcase CN ¥30.64 EN $10.42
2026-09-11T19:27:05+00:00,https://bilgewatermarket.com/cards,The Ruination,nonfoil,7.94,https://bilgewatermarket.com/cards/UNL-180,normal,,¥20.55,$7.94,UNL-180,The Ruination UNL-180/219 CN ¥20.55 EN $7.94
2026-09-11T19:27:05+00:00,https://bilgewatermarket.com/cards,"Jhin, Virtuoso",nonfoil,0.15,https://bilgewatermarket.com/cards/UNL-181,normal,,¥0.50,$0.15,UNL-181,"Jhin, Virtuoso UNL-181/219 CN ¥0.50 EN $0.15"
2026-09-11T19:27:05+00:00,https://bilgewatermarket.com/cards,Curtain Call,nonfoil,0.93,https://bilgewatermarket.com/cards/UNL-182,normal,,¥3.22,$0.93,UNL-182,Curtain Call UNL-182/219 CN ¥3.22 EN $0.93
2026-09-11T19:27:05+00:00,https://bilgewatermarket.com/cards,"Rengar, Pridestalker",nonfoil,0.14,https://bilgewatermarket.com/cards/UNL-183,normal,,¥0.54,$0.14,UNL-183,"Rengar, Pridestalker UNL-183/219 CN ¥0.54 EN $0.14"
2026-09-11T19:27:05+00:00,https://bilgewatermarket.com/cards,Thrill of the Hunt,nonfoil,11.09,https://bilgewatermarket.com/cards/UNL-184,normal,,¥12.98,$11.09,UNL-184,Thrill of the Hunt UNL-184/219 CN ¥12.98 EN $11.09
2026-09-11T19:27:05+00:00,https://bilgewatermarket.com/cards,"Pyke, Bloodharbor Ripper",nonfoil,0.14,https://bilgewatermarket.com/cards/UNL-185,normal,,¥0.51,$0.14,UNL-185,"Pyke, Bloodharbor Ripper UNL-185/219 CN ¥0.51 EN $0.14"
2026-09-11T19:27:05+00:00,https://bilgewatermarket.com/cards,Death from Below,nonfoil,0.86,https://bilgewatermarket.com/cards/UNL-186,normal,,¥2.90,$0.86,UNL-186,Death from Below UNL-186/219 CN ¥2.90 EN $0.86
2026-09-11T19:27:05+00:00,https://bilgewatermarket.com/cards,"Vi, Piltover Enforcer",nonfoil,0.16,https://bilgewatermarket.com/cards/UNL-187,normal,,¥0.50,$0.16,UNL-187,"Vi, Piltover Enforcer UNL-187/219 CN ¥0.50 EN $0.16"
2026-09-11T19:27:05+00:00,https://bilgewatermarket.com/cards,Hextech Gauntlets,nonfoil,0.55,https://bilgewatermarket.com/cards/UNL-188,normal,,¥2.35,$0.55,UNL-188,Hextech Gauntlets UNL-188/219 CN ¥2.35 EN $0.55
2026-09-11T19:27:05+00:00,https://bilgewatermarket.com/cards,"Lillia, Bashful Bloom",nonfoil,0.16,https://bilgewatermarket.com/cards/UNL-189,normal,,¥0.54,$0.16,UNL-189,"Lillia, Bashful Bloom UNL-189/219 CN ¥0.54 EN $0.16"
2026-09-11T19:27:05+00:00,https://bilgewatermarket.com/cards,Lilting Lullaby,nonfoil,1.66,https://bilgewatermarket.com/cards/UNL-190,normal,,¥11.24,$1.66,UNL-190,Lilting Lullaby UNL-190/219 CN ¥11.24 EN $1.66
2026-09-11T19:27:05+00:00,https://bilgewatermarket.com/cards,"Master Yi, Wuju Master",nonfoil,0.23,https://bilgewatermarket.com/cards/UNL-191,normal,,¥0.53,$0.23,UNL-191,"Master Yi, Wuju Master UNL-191/219 CN ¥0.53 EN $0.23"
2026-09-11T19:27:05+00:00,https://bilgewatermarket.com/cards,Alpha Strike,nonfoil,2.51,https://bilgewatermarket.com/cards/UNL-192,normal,,¥12.69,$2.51,UNL-192,Alpha Strike UNL-192/219 CN ¥12.69 EN $2.51
2026-09-11T19:27:05+00:00,https://bilgewatermarket.com/cards,"Vex, Gloomist",nonfoil,0.16,https://bilgewatermarket.com/cards/UNL-193,normal,,¥0.52,$0.16,UNL-193,"Vex, Gloomist UNL-193/219 CN ¥0.52 EN $0.16"
2026-09-11T19:27:05+00:00,https://bilgewatermarket.com/cards,Shadow,nonfoil,0.41,https://bilgewatermarket.com/cards/UNL-194,normal,,¥1.34,$0.41,UNL-194,Shadow UNL-194/219 CN ¥1.34 EN $0.41
2026-09-11T19:27:05+00:00,https://bilgewatermarket.com/cards,"Ivern, Green Father",nonfoil,0.14,https://bilgewatermarket.com/cards/UNL-195,normal,,¥0.50,$0.14,UNL-195,"Ivern, Green Father UNL-195/219 CN ¥0.50 EN $0.14"
2026-09-11T19:27:05+00:00,https://bilgewatermarket.com/cards,Daisy!,nonfoil,1.43,https://bilgewatermarket.com/cards/UNL-196,normal,,¥3.03,$1.43,UNL-196,Daisy! UNL-196/219 CN ¥3.03 EN $1.43
2026-09-11T19:27:05+00:00,https://bilgewatermarket.com/cards,"Diana, Scorn of the Moon",nonfoil,0.19,https://bilgewatermarket.com/cards/UNL-197,normal,,¥0.55,$0.19,UNL-197,"Diana, Scorn of the Moon UNL-197/219 CN ¥0.55 EN $0.19"
2026-09-11T19:27:05+00:00,https://bilgewatermarket.com/cards,Moonfall,nonfoil,13.34,https://bilgewatermarket.com/cards/UNL-198,normal,,¥39.75,$13.34,UNL-198,Moonfall UNL-198/219 CN ¥39.75 EN $13.34
2026-09-11T19:27:05+00:00,https://bilgewatermarket.com/cards,"LeBlanc, Deceiver",nonfoil,0.15,https://bilgewatermarket.com/cards/UNL-199,normal,,¥0.54,$0.15,UNL-199,"LeBlanc, Deceiver UNL-199/219 CN ¥0.54 EN $0.15"
2026-09-11T19:27:05+00:00,https://bilgewatermarket.com/cards,Mirror Image,nonfoil,9.29,https://bilgewatermarket.com/cards/UNL-200,normal,,¥24.47,$9.29,UNL-200,Mirror Image UNL-200/219 CN ¥24.47 EN $9.29
2026-09-11T19:27:05+00:00,https://bilgewatermarket.com/cards,"Kha'Zix, Voidreaver",nonfoil,0.16,https://bilgewatermarket.com/cards/UNL-201,normal,,¥0.53,$0.16,UNL-201,"Kha'Zix, Voidreaver UNL-201/219 CN ¥0.53 EN $0.16"
2026-09-11T19:27:05+00:00,https://bilgewatermarket.com/cards,Void Assault,nonfoil,6.14,https://bilgewatermarket.com/cards/UNL-202,normal,,¥9.37,$6.14,UNL-202,Void Assault UNL-202/219 CN ¥9.37 EN $6.14
2026-09-11T19:27:05+00:00,https://bilgewatermarket.com/cards,"Poppy, Keeper of the Hammer",nonfoil,0.17,https://bilgewatermarket.com/cards/UNL-203,normal,,¥0.60,$0.17,UNL-203,"Poppy, Keeper of the Hammer UNL-203/219 CN ¥0.60 EN $0.17"
2026-09-11T19:27:05+00:00,https://bilgewatermarket.com/cards,Keeper's Verdict,nonfoil,0.49,https://bilgewatermarket.com/cards/UNL-204,normal,,¥1.25,$0.49,UNL-204,Keeper's Verdict UNL-204/219 CN ¥1.25 EN $0.49
2026-09-11T19:27:05+00:00,https://bilgewatermarket.com/cards,Abandoned Hall,foil,0.40,https://bilgewatermarket.com/cards/UNL-205?print_variation=foiled,foiled,,¥3.96,$0.40,UNL-205,Abandoned Hall UNL-205/219 Foiled CN ¥3.96 EN $0.40
2026-09-11T19:27:05+00:00,https://bilgewatermarket.com/cards,Abandoned Hall,nonfoil,0.13,https://bilgewatermarket.com/cards/UNL-205,normal,,¥0.95,$0.13,UNL-205,Abandoned Hall UNL-205/219 CN ¥0.95 EN $0.13
2026-09-11T19:27:05+00:00,https://bilgewatermarket.com/cards,Altar of Blood,foil,0.20,https://bilgewatermarket.com/cards/UNL-206?print_variation=foiled,foiled,,¥1.30,$0.20,UNL-206,Altar of Blood UNL-206/219 Foiled CN ¥1.30 EN $0.20
2026-09-11T19:27:05+00:00,https://bilgewatermarket.com/cards,Altar of Blood,nonfoil,0.07,https://bilgewatermarket.com/cards/UNL-206,normal,,¥0.56,$0.07,UNL-206,Altar of Blood UNL-206/219 CN ¥0.56 EN $0.07
2026-09-11T19:27:05+00:00,https://bilgewatermarket.com/cards,Amateur Recital,foil,0.26,https://bilgewatermarket.com/cards/UNL-207?print_variation=foiled,foiled,,¥2.31,$0.26,UNL-207,Amateur Recital UNL-207/219 Foiled CN ¥2.31 EN $0.26
2026-09-11T19:27:05+00:00,https://bilgewatermarket.com/cards,Amateur Recital,nonfoil,0.04,https://bilgewatermarket.com/cards/UNL-207,normal,,¥0.69,$0.04,UNL-207,Amateur Recital UNL-207/219 CN ¥0.69 EN $0.04
2026-09-11T19:27:05+00:00,https://bilgewatermarket.com/cards,Amateur Recital,nonfoil,595.91,https://bilgewatermarket.com/cards/UNL-207?print_variation=promo,promo,,¥595.91,,UNL-207,Amateur Recital UNL-207/219 CN ¥595.91
2026-09-11T19:27:05+00:00,https://bilgewatermarket.com/cards,Black Flame Altar,foil,0.24,https://bilgewatermarket.com/cards/UNL-208?print_variation=foiled,foiled,,¥1.29,$0.24,UNL-208,Black Flame Altar UNL-208/219 Foiled CN ¥1.29 EN $0.24
2026-09-11T19:27:05+00:00,https://bilgewatermarket.com/cards,Black Flame Altar,nonfoil,0.09,https://bilgewatermarket.com/cards/UNL-208,normal,,¥0.56,$0.09,UNL-208,Black Flame Altar UNL-208/219 CN ¥0.56 EN $0.09
2026-09-11T19:27:05+00:00,https://bilgewatermarket.com/cards,Dusk Rose Lab,foil,0.30,https://bilgewatermarket.com/cards/UNL-209?print_variation=foiled,foiled,,¥3.05,$0.30,UNL-209,Dusk Rose Lab UNL-209/219 Foiled CN ¥3.05 EN $0.30
2026-09-11T19:27:05+00:00,https://bilgewatermarket.com/cards,Dusk Rose Lab,nonfoil,0.07,https://bilgewatermarket.com/cards/UNL-209,normal,,¥0.68,$0.07,UNL-209,Dusk Rose Lab UNL-209/219 CN ¥0.68 EN $0.07
2026-09-11T19:27:05+00:00,https://bilgewatermarket.com/cards,Forbidding Waste,foil,0.31,https://bilgewatermarket.com/cards/UNL-210?print_variation=foiled,foiled,,¥2.61,$0.31,UNL-210,Forbidding Waste UNL-210/219 Foiled CN ¥2.61 EN $0.31
2026-09-11T19:27:05+00:00,https://bilgewatermarket.com/cards,Forbidding Waste,nonfoil,0.12,https://bilgewatermarket.com/cards/UNL-210,normal,,¥0.69,$0.12,UNL-210,Forbidding Waste UNL-210/219 CN ¥0.69 EN $0.12
2026-09-11T19:27:05+00:00,https://bilgewatermarket.com/cards,Forgotten Library,foil,0.19,https://bilgewatermarket.com/cards/UNL-211?print_variation=foiled,foiled,,¥1.10,$0.19,UNL-211,Forgotten Library UNL-211/219 Foiled CN ¥1.10 EN $0.19
2026-09-11T19:27:05+00:00,https://bilgewatermarket.com/cards,Forgotten Library,nonfoil,0.08,https://bilgewatermarket.com/cards/UNL-211,normal,,¥0.50,$0.08,UNL-211,Forgotten Library UNL-211/219 CN ¥0.50 EN $0.08
2026-09-11T19:27:05+00:00,https://bilgewatermarket.com/cards,Frozen Fortress,foil,0.32,https://bilgewatermarket.com/cards/UNL-212?print_variation=foiled,foiled,,¥1.91,$0.32,UNL-212,Frozen Fortress UNL-212/219 Foiled CN ¥1.91 EN $0.32
2026-09-11T19:27:05+00:00,https://bilgewatermarket.com/cards,Frozen Fortress,nonfoil,0.11,https://bilgewatermarket.com/cards/UNL-212,normal,,¥0.57,$0.11,UNL-212,Frozen Fortress UNL-212/219 CN ¥0.57 EN $0.11
2026-09-11T19:27:05+00:00,https://bilgewatermarket.com/cards,Frozen Fortress,nonfoil,38.54,https://bilgewatermarket.com/cards/UNL-212?print_variation=promo,promo,,¥38.54,,UNL-212,Frozen Fortress UNL-212/219 CN ¥38.54
2026-09-11T19:27:05+00:00,https://bilgewatermarket.com/cards,Gardens of Becoming,foil,0.26,https://bilgewatermarket.com/cards/UNL-213?print_variation=foiled,foiled,,¥1.40,$0.26,UNL-213,Gardens of Becoming UNL-213/219 Foiled CN ¥1.40 EN $0.26
2026-09-11T19:27:05+00:00,https://bilgewatermarket.com/cards,Gardens of Becoming,nonfoil,0.05,https://bilgewatermarket.com/cards/UNL-213,normal,,¥0.50,$0.05,UNL-213,Gardens of Becoming UNL-213/219 CN ¥0.50 EN $0.05
2026-09-11T19:27:05+00:00,https://bilgewatermarket.com/cards,Ripper's Bay,foil,0.23,https://bilgewatermarket.com/cards/UNL-214?print_variation=foiled,foiled,,¥1.39,$0.23,UNL-214,Ripper's Bay UNL-214/219 Foiled CN ¥1.39 EN $0.23
2026-09-11T19:27:05+00:00,https://bilgewatermarket.com/cards,Ripper's Bay,nonfoil,0.07,https://bilgewatermarket.com/cards/UNL-214,normal,,¥0.54,$0.07,UNL-214,Ripper's Bay UNL-214/219 CN ¥0.54 EN $0.07
2026-09-11T19:27:05+00:00,https://bilgewatermarket.com/cards,Star Spring,foil,0.40,https://bilgewatermarket.com/cards/UNL-215?print_variation=foiled,foiled,,¥3.81,$0.40,UNL-215,Star Spring UNL-215/219 Foiled CN ¥3.81 EN $0.40
2026-09-11T19:27:05+00:00,https://bilgewatermarket.com/cards,Star Spring,nonfoil,0.11,https://bilgewatermarket.com/cards/UNL-215,normal,,¥0.86,$0.11,UNL-215,Star Spring UNL-215/219 CN ¥0.86 EN $0.11
2026-09-11T19:27:05+00:00,https://bilgewatermarket.com/cards,Star Spring,nonfoil,52.49,https://bilgewatermarket.com/cards/UNL-215?print_variation=promo,promo,,¥52.49,,UNL-215,Star Spring UNL-215/219 CN ¥52.49
2026-09-11T19:27:05+00:00,https://bilgewatermarket.com/cards,The Academy,foil,0.23,https://bilgewatermarket.com/cards/UNL-216?print_variation=foiled,foiled,,¥0.93,$0.23,UNL-216,The Academy UNL-216/219 Foiled CN ¥0.93 EN $0.23
2026-09-11T19:27:05+00:00,https://bilgewatermarket.com/cards,The Academy,nonfoil,0.05,https://bilgewatermarket.com/cards/UNL-216,normal,,¥0.59,$0.05,UNL-216,The Academy UNL-216/219 CN ¥0.59 EN $0.05
2026-09-11T19:27:05+00:00,https://bilgewatermarket.com/cards,The Academy,nonfoil,30.62,https://bilgewatermarket.com/cards/UNL-216?print_variation=promo,promo,,¥30.62,,UNL-216,The Academy UNL-216/219 CN ¥30.62
2026-09-11T19:27:05+00:00,https://bilgewatermarket.com/cards,Trapping Grounds,foil,0.17,https://bilgewatermarket.com/cards/UNL-217?print_variation=foiled,foiled,,¥1.20,$0.17,UNL-217,Trapping Grounds UNL-217/219 Foiled CN ¥1.20 EN $0.17
2026-09-11T19:27:05+00:00,https://bilgewatermarket.com/cards,Trapping Grounds,nonfoil,0.05,https://bilgewatermarket.com/cards/UNL-217,normal,,¥0.59,$0.05,UNL-217,Trapping Grounds UNL-217/219 CN ¥0.59 EN $0.05
2026-09-11T19:27:05+00:00,https://bilgewatermarket.com/cards,Valley of Idols,foil,0.23,https://bilgewatermarket.com/cards/UNL-218?print_variation=foiled,foiled,,¥1.93,$0.23,UNL-218,Valley of Idols UNL-218/219 Foiled CN ¥1.93 EN $0.23
2026-09-11T19:27:05+00:00,https://bilgewatermarket.com/cards,Valley of Idols,nonfoil,0.09,https://bilgewatermarket.com/cards/UNL-218,normal,,¥0.57,$0.09,UNL-218,Valley of Idols UNL-218/219 CN ¥0.57 EN $0.09
2026-09-11T19:27:05+00:00,https://bilgewatermarket.com/cards,Vaults of Helia,foil,0.19,https://bilgewatermarket.com/cards/UNL-219?print_variation=foiled,foiled,,¥2.03,$0.19,UNL-219,Vaults of Helia UNL-219/219 Foiled CN ¥2.03 EN $0.19
2026-09-11T19:27:05+00:00,https://bilgewatermarket.com/cards,Vaults of Helia,nonfoil,0.09,https://bilgewatermarket.com/cards/UNL-219,normal,,¥0.58,$0.09,UNL-219,Vaults of Helia UNL-219/219 CN ¥0.58 EN $0.09
2026-09-11T19:27:05+00:00,https://bilgewatermarket.com/cards,Pouty Poro,nonfoil,146.52,https://bilgewatermarket.com/cards/UNL-220?print_variation=showcase,showcase,,¥216.64,$146.52,UNL-220,Pouty Poro UNL-220/219 Showcase CN ¥216.64 EN $146.52
2026-09-11T19:27:05+00:00,https://bilgewatermarket.com/cards,Lonely Poro,nonfoil,339.58,https://bilgewatermarket.com/cards/UNL-221?print_variation=showcase,showcase,,¥477.09,$339.58,UNL-221,Lonely Poro UNL-221/219 Showcase CN ¥477.09 EN $339.58
2026-09-11T19:27:05+00:00,https://bilgewatermarket.com/cards,Plundering Poro,nonfoil,182.72,https://bilgewatermarket.com/cards/UNL-222?print_variation=showcase,showcase,,¥349.36,$182.72,UNL-222,Plundering Poro UNL-222/219 Showcase CN ¥349.36 EN $182.72
2026-09-11T19:27:05+00:00,https://bilgewatermarket.com/cards,Veteran Poro,nonfoil,142.13,https://bilgewatermarket.com/cards/UNL-223?print_variation=showcase,showcase,,¥158.26,$142.13,UNL-223,Veteran Poro UNL-223/219 Showcase CN ¥158.26 EN $142.13
2026-09-11T19:27:05+00:00,https://bilgewatermarket.com/cards,Mystic Poro,nonfoil,159.99,https://bilgewatermarket.com/cards/UNL-224?print_variation=showcase,showcase,,¥214.20,$159.99,UNL-224,Mystic Poro UNL-224/219 Showcase CN ¥214.20 EN $159.99
2026-09-11T19:27:05+00:00,https://bilgewatermarket.com/cards,Daring Poro,nonfoil,129.15,https://bilgewatermarket.com/cards/UNL-225?print_variation=showcase,showcase,,¥242.76,$129.15,UNL-225,Daring Poro UNL-225/219 Showcase CN ¥242.76 EN $129.15
2026-09-11T19:27:05+00:00,https://bilgewatermarket.com/cards,"Jhin, Virtuoso",nonfoil,69.95,https://bilgewatermarket.com/cards/UNL-226?print_variation=showcase,showcase,,¥73.82,$69.95,UNL-226,"Jhin, Virtuoso UNL-226/219 Showcase CN ¥73.82 EN $69.95"
2026-09-11T19:27:05+00:00,https://bilgewatermarket.com/cards,"Jhin, Virtuoso",nonfoil,603.80,https://bilgewatermarket.com/cards/UNL-226*?print_variation=signature,signature,,¥616.42,$603.80,UNL-226*,"Jhin, Virtuoso UNL-226*/219 CN ¥616.42 EN $603.80"
2026-09-11T19:27:05+00:00,https://bilgewatermarket.com/cards,"Rengar, Pridestalker",nonfoil,118.41,https://bilgewatermarket.com/cards/UNL-227?print_variation=showcase,showcase,,¥90.56,$118.41,UNL-227,"Rengar, Pridestalker UNL-227/219 Showcase CN ¥90.56 EN $118.41"
2026-09-11T19:27:05+00:00,https://bilgewatermarket.com/cards,"Rengar, Pridestalker",nonfoil,528.81,https://bilgewatermarket.com/cards/UNL-227*?print_variation=signature,signature,,¥901.99,$528.81,UNL-227*,"Rengar, Pridestalker UNL-227*/219 CN ¥901.99 EN $528.81"
2026-09-11T19:27:05+00:00,https://bilgewatermarket.com/cards,"Pyke, Bloodharbor Ripper",nonfoil,96.21,https://bilgewatermarket.com/cards/UNL-228?print_variation=showcase,showcase,,¥128.68,$96.21,UNL-228,"Pyke, Bloodharbor Ripper UNL-228/219 Showcase CN ¥128.68 EN $96.21"
2026-09-11T19:27:05+00:00,https://bilgewatermarket.com/cards,"Pyke, Bloodharbor Ripper",nonfoil,567.33,https://bilgewatermarket.com/cards/UNL-228*?print_variation=signature,signature,,¥1051.79,$567.33,UNL-228*,"Pyke, Bloodharbor Ripper UNL-228*/219 CN ¥1051.79 EN $567.33"
2026-09-11T19:27:05+00:00,https://bilgewatermarket.com/cards,"Vi, Piltover Enforcer",nonfoil,88.81,https://bilgewatermarket.com/cards/UNL-229?print_variation=showcase,showcase,,¥113.92,$88.81,UNL-229,"Vi, Piltover Enforcer UNL-229/219 Showcase CN ¥113.92 EN $88.81"
2026-09-11T19:27:05+00:00,https://bilgewatermarket.com/cards,"Vi, Piltover Enforcer",nonfoil,629.15,https://bilgewatermarket.com/cards/UNL-229*?print_variation=signature,signature,,¥1636.53,$629.15,UNL-229*,"Vi, Piltover Enforcer UNL-229*/219 CN ¥1636.53 EN $629.15"
2026-09-11T19:27:05+00:00,https://bilgewatermarket.com/cards,"Lillia, Bashful Bloom",nonfoil,83.30,https://bilgewatermarket.com/cards/UNL-230?print_variation=showcase,showcase,,¥107.33,$83.30,UNL-230,"Lillia, Bashful Bloom UNL-230/219 Showcase CN ¥107.33 EN $83.30"
2026-09-11T19:27:05+00:00,https://bilgewatermarket.com/cards,"Lillia, Bashful Bloom",nonfoil,478.96,https://bilgewatermarket.com/cards/UNL-230*?print_variation=signature,signature,,¥1492.20,$478.96,UNL-230*,"Lillia, Bashful Bloom UNL-230*/219 CN ¥1492.20 EN $478.96"
2026-09-11T19:27:05+00:00,https://bilgewatermarket.com/cards,"Master Yi, Wuju Master",nonfoil,53.12,https://bilgewatermarket.com/cards/UNL-231?print_variation=showcase,showcase,,¥107.59,$53.12,UNL-231,"Master Yi, Wuju Master UNL-231/219 Showcase CN ¥107.59 EN $53.12"
2026-09-11T19:27:05+00:00,https://bilgewatermarket.com/cards,"Master Yi, Wuju Master",nonfoil,457.49,https://bilgewatermarket.com/cards/UNL-231*?print_variation=signature,signature,,¥1667.98,$457.49,UNL-231*,"Master Yi, Wuju Master UNL-231*/219 CN ¥1667.98 EN $457.49"
2026-09-11T19:27:05+00:00,https://bilgewatermarket.com/cards,"Vex, Gloomist",nonfoil,104.01,https://bilgewatermarket.com/cards/UNL-232?print_variation=showcase,showcase,,¥309.64,$104.01,UNL-232,"Vex, Gloomist UNL-232/219 Showcase CN ¥309.64 EN $104.01"
2026-09-11T19:27:05+00:00,https://bilgewatermarket.com/cards,"Vex, Gloomist",nonfoil,629.31,https://bilgewatermarket.com/cards/UNL-232*?print_variation=signature,signature,,¥2800.34,$629.31,UNL-232*,"Vex, Gloomist UNL-232*/219 CN ¥2800.34 EN $629.31"
2026-09-11T19:27:05+00:00,https://bilgewatermarket.com/cards,"Ivern, Green Father",nonfoil,63.21,https://bilgewatermarket.com/cards/UNL-233?print_variation=showcase,showcase,,¥52.81,$63.21,UNL-233,"Ivern, Green Father UNL-233/219 Showcase CN ¥52.81 EN $63.21"
2026-09-11T19:27:05+00:00,https://bilgewatermarket.com/cards,"Ivern, Green Father",nonfoil,392.24,https://bilgewatermarket.com/cards/UNL-233*?print_variation=signature,signature,,¥887.13,$392.24,UNL-233*,"Ivern, Green Father UNL-233*/219 CN ¥887.13 EN $392.24"
2026-09-11T19:27:05+00:00,https://bilgewatermarket.com/cards,"Diana, Scorn of the Moon",nonfoil,241.86,https://bilgewatermarket.com/cards/UNL-234?print_variation=showcase,showcase,,¥336.59,$241.86,UNL-234,"Diana, Scorn of the Moon UNL-234/219 Showcase CN ¥336.59 EN $241.86"
2026-09-11T19:27:05+00:00,https://bilgewatermarket.com/cards,"Diana, Scorn of the Moon",nonfoil,1529.86,https://bilgewatermarket.com/cards/UNL-234*?print_variation=signature,signature,,¥2707.55,$1529.86,UNL-234*,"Diana, Scorn of the Moon UNL-234*/219 CN ¥2707.55 EN $1529.86"
2026-09-11T19:27:05+00:00,https://bilgewatermarket.com/cards,"LeBlanc, Deceiver",nonfoil,160.04,https://bilgewatermarket.com/cards/UNL-235?print_variation=showcase,showcase,,¥202.61,$160.04,UNL-235,"LeBlanc, Deceiver UNL-235/219 Showcase CN ¥202.61 EN $160.04"
2026-09-11T19:27:05+00:00,https://bilgewatermarket.com/cards,"LeBlanc, Deceiver",nonfoil,942.10,https://bilgewatermarket.com/cards/UNL-235*?print_variation=signature,signature,,¥2150.13,$942.10,UNL-235*,"LeBlanc, Deceiver UNL-235*/219 CN ¥2150.13 EN $942.10"
2026-09-11T19:27:05+00:00,https://bilgewatermarket.com/cards,"Kha'Zix, Voidreaver",nonfoil,103.06,https://bilgewatermarket.com/cards/UNL-236?print_variation=showcase,showcase,,¥92.67,$103.06,UNL-236,"Kha'Zix, Voidreaver UNL-236/219 Showcase CN ¥92.67 EN $103.06"
2026-09-11T19:27:05+00:00,https://bilgewatermarket.com/cards,"Kha'Zix, Voidreaver",nonfoil,395.47,https://bilgewatermarket.com/cards/UNL-236*?print_variation=signature,signature,,¥950.57,$395.47,UNL-236*,"Kha'Zix, Voidreaver UNL-236*/219 CN ¥950.57 EN $395.47"
2026-09-11T19:27:05+00:00,https://bilgewatermarket.com/cards,"Poppy, Keeper of the Hammer",nonfoil,48.85,https://bilgewatermarket.com/cards/UNL-237?print_variation=showcase,showcase,,¥60.06,$48.85,UNL-237,"Poppy, Keeper of the Hammer UNL-237/219 Showcase CN ¥60.06 EN $48.85"
2026-09-11T19:27:05+00:00,https://bilgewatermarket.com/cards,"Poppy, Keeper of the Hammer",nonfoil,422.49,https://bilgewatermarket.com/cards/UNL-237*?print_variation=signature,signature,,¥655.23,$422.49,UNL-237*,"Poppy, Keeper of the Hammer UNL-237*/219 CN ¥655.23 EN $422.49"
2026-09-11T19:27:05+00:00,https://bilgewatermarket.com/cards,Baron Nashor,nonfoil,1787.35,https://bilgewatermarket.com/cards/UNL-238?print_variation=showcase,showcase,,¥10347.80,$1787.35,UNL-238,Baron Nashor UNL-238/219 Showcase CN ¥10347.80 EN $1787.35
2026-09-11T19:27:05+00:00,https://bilgewatermarket.com/cards,Fury Rune,nonfoil,0.09,https://bilgewatermarket.com/cards/UNL-R01,normal,,¥0.50,$0.09,UNL-R01,Fury Rune UNL-R01 CN ¥0.50 EN $0.09
2026-09-11T19:27:05+00:00,https://bilgewatermarket.com/cards,Fury Rune,nonfoil,4.76,https://bilgewatermarket.com/cards/UNL-R01A?print_variation=showcase,showcase,,¥19.31,$4.76,UNL-R01A,Fury Rune UNL-R01a Showcase CN ¥19.31 EN $4.76
2026-09-11T19:27:05+00:00,https://bilgewatermarket.com/cards,Fury Rune,nonfoil,6.38,https://bilgewatermarket.com/cards/UNL-R01B?print_variation=promo,promo,,¥12.80,$6.38,UNL-R01B,Fury Rune UNL-R01b CN ¥12.80 EN $6.38
2026-09-11T19:27:05+00:00,https://bilgewatermarket.com/cards,Calm Rune,nonfoil,0.13,https://bilgewatermarket.com/cards/UNL-R02,normal,,¥0.54,$0.13,UNL-R02,Calm Rune UNL-R02 CN ¥0.54 EN $0.13
2026-09-11T19:27:05+00:00,https://bilgewatermarket.com/cards,Calm Rune,nonfoil,10.27,https://bilgewatermarket.com/cards/UNL-R02A?print_variation=showcase,showcase,,¥39.38,$10.27,UNL-R02A,Calm Rune UNL-R02a Showcase CN ¥39.38 EN $10.27
2026-09-11T19:27:05+00:00,https://bilgewatermarket.com/cards,Calm Rune,nonfoil,8.55,https://bilgewatermarket.com/cards/UNL-R02B?print_variation=promo,promo,,¥18.36,$8.55,UNL-R02B,Calm Rune UNL-R02b CN ¥18.36 EN $8.55
2026-09-11T19:27:05+00:00,https://bilgewatermarket.com/cards,Mind Rune,nonfoil,0.09,https://bilgewatermarket.com/cards/UNL-R03,normal,,¥0.51,$0.09,UNL-R03,Mind Rune UNL-R03 CN ¥0.51 EN $0.09
2026-09-11T19:27:05+00:00,https://bilgewatermarket.com/cards,Mind Rune,nonfoil,5.97,https://bilgewatermarket.com/cards/UNL-R03A?print_variation=showcase,showcase,,¥23.80,$5.97,UNL-R03A,Mind Rune UNL-R03a Showcase CN ¥23.80 EN $5.97
2026-09-11T19:27:05+00:00,https://bilgewatermarket.com/cards,Mind Rune,nonfoil,6.90,https://bilgewatermarket.com/cards/UNL-R03B?print_variation=promo,promo,,¥18.18,$6.90,UNL-R03B,Mind Rune UNL-R03b CN ¥18.18 EN $6.90
2026-09-11T19:27:05+00:00,https://bilgewatermarket.com/cards,Body Rune,nonfoil,0.11,https://bilgewatermarket.com/cards/UNL-R04,normal,,¥0.54,$0.11,UNL-R04,Body Rune UNL-R04 CN ¥0.54 EN $0.11
2026-09-11T19:27:05+00:00,https://bilgewatermarket.com/cards,Body Rune,nonfoil,6.13,https://bilgewatermarket.com/cards/UNL-R04A?print_variation=showcase,showcase,,¥24.04,$6.13,UNL-R04A,Body Rune UNL-R04a Showcase CN ¥24.04 EN $6.13
2026-09-11T19:27:05+00:00,https://bilgewatermarket.com/cards,Body Rune,nonfoil,2.65,https://bilgewatermarket.com/cards/UNL-R04B?print_variation=promo,promo,,¥12.85,$2.65,UNL-R04B,Body Rune UNL-R04b CN ¥12.85 EN $2.65
2026-09-11T19:27:05+00:00,https://bilgewatermarket.com/cards,Chaos Rune,nonfoil,0.09,https://bilgewatermarket.com/cards/UNL-R05,normal,,¥0.52,$0.09,UNL-R05,Chaos Rune UNL-R05 CN ¥0.52 EN $0.09
2026-09-11T19:27:05+00:00,https://bilgewatermarket.com/cards,Chaos Rune,nonfoil,10.42,https://bilgewatermarket.com/cards/UNL-R05A?print_variation=showcase,showcase,,¥36.18,$10.42,UNL-R05A,Chaos Rune UNL-R05a Showcase CN ¥36.18 EN $10.42
2026-09-11T19:27:05+00:00,https://bilgewatermarket.com/cards,Chaos Rune,nonfoil,9.84,https://bilgewatermarket.com/cards/UNL-R05B?print_variation=promo,promo,,¥24.97,$9.84,UNL-R05B,Chaos Rune UNL-R05b CN ¥24.97 EN $9.84
2026-09-11T19:27:05+00:00,https://bilgewatermarket.com/cards,Order Rune,nonfoil,0.09,https://bilgewatermarket.com/cards/UNL-R06,normal,,¥0.52,$0.09,UNL-R06,Order Rune UNL-R06 CN ¥0.52 EN $0.09
2026-09-11T19:27:05+00:00,https://bilgewatermarket.com/cards,Order Rune,nonfoil,5.22,https://bilgewatermarket.com/cards/UNL-R06A?print_variation=showcase,showcase,,¥25.38,$5.22,UNL-R06A,Order Rune UNL-R06a Showcase CN ¥25.38 EN $5.22
2026-09-11T19:27:05+00:00,https://bilgewatermarket.com/cards,Order Rune,nonfoil,4.44,https://bilgewatermarket.com/cards/UNL-R06B?print_variation=promo,promo,,¥11.64,$4.44,UNL-R06B,Order Rune UNL-R06b CN ¥11.64 EN $4.44
2026-09-11T19:27:05+00:00,https://bilgewatermarket.com/cards,Baron Pit,nonfoil,0.12,https://bilgewatermarket.com/cards/UNL-T01,normal,,¥0.57,$0.12,UNL-T01,Baron Pit UNL-T01 CN ¥0.57 EN $0.12
2026-09-11T19:27:05+00:00,https://bilgewatermarket.com/cards,Bird,nonfoil,0.09,https://bilgewatermarket.com/cards/UNL-T02,normal,,¥0.70,$0.09,UNL-T02,Bird UNL-T02 CN ¥0.70 EN $0.09
2026-09-11T19:27:05+00:00,https://bilgewatermarket.com/cards,Bird,nonfoil,2.15,https://bilgewatermarket.com/cards/UNL-T02?print_variation=promo,promo,,¥2.46,$2.15,UNL-T02,Bird UNL-T02 CN ¥2.46 EN $2.15
2026-09-11T19:27:05+00:00,https://bilgewatermarket.com/cards,Brush,nonfoil,0.08,https://bilgewatermarket.com/cards/UNL-T03,normal,,¥0.50,$0.08,UNL-T03,Brush UNL-T03 CN ¥0.50 EN $0.08
2026-09-11T19:27:05+00:00,https://bilgewatermarket.com/cards,Brush,nonfoil,2.15,https://bilgewatermarket.com/cards/UNL-T03?print_variation=promo,promo,,¥1.58,$2.15,UNL-T03,Brush UNL-T03 CN ¥1.58 EN $2.15
2026-09-11T19:27:05+00:00,https://bilgewatermarket.com/cards,Gold,nonfoil,0.13,https://bilgewatermarket.com/cards/UNL-T05,normal,,¥0.57,$0.13,UNL-T05,Gold UNL-T05 CN ¥0.57 EN $0.13
2026-09-11T19:27:05+00:00,https://bilgewatermarket.com/cards,Reflection,nonfoil,0.10,https://bilgewatermarket.com/cards/UNL-T06,normal,,¥0.54,$0.10,UNL-T06,Reflection UNL-T06 CN ¥0.54 EN $0.10
2026-09-11T19:27:05+00:00,https://bilgewatermarket.com/cards,Sprite,nonfoil,0.11,https://bilgewatermarket.com/cards/UNL-T07,normal,,¥0.54,$0.11,UNL-T07,Sprite UNL-T07 CN ¥0.54 EN $0.11
2026-09-11T19:27:05+00:00,https://bilgewatermarket.com/cards,XP Tracker,nonfoil,0.08,https://bilgewatermarket.com/cards/UNL-T08,normal,,,$0.08,UNL-T08,XP Tracker UNL-T08 EN $0.08
2026-09-11T19:27:05+00:00,https://bilgewatermarket.com/cards,Baccai Sandspinner,foil,0.11,https://bilgewatermarket.com/cards/VEN-001?print_variation=foiled,foiled,,¥0.51,$0.11,VEN-001,Baccai Sandspinner VEN-001/166 Foiled CN ¥0.51 EN $0.11
2026-09-11T19:27:05+00:00,https://bilgewatermarket.com/cards,Baccai Sandspinner,nonfoil,0.05,https://bilgewatermarket.com/cards/VEN-001,normal,,¥2.10,$0.05,VEN-001,Baccai Sandspinner VEN-001/166 CN ¥2.10 EN $0.05
2026-09-11T19:27:05+00:00,https://bilgewatermarket.com/cards,Blade Twirler,foil,0.14,https://bilgewatermarket.com/cards/VEN-002?print_variation=foiled,foiled,,¥0.93,$0.14,VEN-002,Blade Twirler VEN-002/166 Foiled CN ¥0.93 EN $0.14
2026-09-11T19:27:05+00:00,https://bilgewatermarket.com/cards,Blade Twirler,nonfoil,0.05,https://bilgewatermarket.com/cards/VEN-002,normal,,¥0.50,$0.05,VEN-002,Blade Twirler VEN-002/166 CN ¥0.50 EN $0.05
2026-09-11T19:27:05+00:00,https://bilgewatermarket.com/cards,Blade Twirler,nonfoil,0.14,https://bilgewatermarket.com/cards/VEN-002?print_variation=promo,promo,,¥0.55,$0.14,VEN-002,Blade Twirler VEN-002/166 CN ¥0.55 EN $0.14
2026-09-11T19:27:05+00:00,https://bilgewatermarket.com/cards,Brittle Steel,foil,0.34,https://bilgewatermarket.com/cards/VEN-003?print_variation=foiled,foiled,,¥2.18,$0.34,VEN-003,Brittle Steel VEN-003/166 Foiled CN ¥2.18 EN $0.34
2026-09-11T19:27:05+00:00,https://bilgewatermarket.com/cards,Brittle Steel,nonfoil,0.14,https://bilgewatermarket.com/cards/VEN-003,normal,,¥0.96,$0.14,VEN-003,Brittle Steel VEN-003/166 CN ¥0.96 EN $0.14
2026-09-11T19:27:05+00:00,https://bilgewatermarket.com/cards,Dune Surfer,foil,0.21,https://bilgewatermarket.com/cards/VEN-004?print_variation=foiled,foiled,,¥0.51,$0.21,VEN-004,Dune Surfer VEN-004/166 Foiled CN ¥0.51 EN $0.21
2026-09-11T19:27:05+00:00,https://bilgewatermarket.com/cards,Dune Surfer,nonfoil,0.08,https://bilgewatermarket.com/cards/VEN-004,normal,,¥0.50,$0.08,VEN-004,Dune Surfer VEN-004/166 CN ¥0.50 EN $0.08
2026-09-11T19:27:05+00:00,https://bilgewatermarket.com/cards,Dune Surfer,nonfoil,0.21,https://bilgewatermarket.com/cards/VEN-004?print_variation=promo,promo,,¥0.50,$0.21,VEN-004,Dune Surfer VEN-004/166 CN ¥0.50 EN $0.21
2026-09-11T19:27:05+00:00,https://bilgewatermarket.com/cards,Forsaken Baccai,foil,0.22,https://bilgewatermarket.com/cards/VEN-005?print_variation=foiled,foiled,,¥0.51,$0.22,VEN-005,Forsaken Baccai VEN-005/166 Foiled CN ¥0.51 EN $0.22
2026-09-11T19:27:05+00:00,https://bilgewatermarket.com/cards,Forsaken Baccai,nonfoil,0.08,https://bilgewatermarket.com/cards/VEN-005,normal,,¥0.50,$0.08,VEN-005,Forsaken Baccai VEN-005/166 CN ¥0.50 EN $0.08
2026-09-11T19:27:05+00:00,https://bilgewatermarket.com/cards,Oasis Raider,foil,0.14,https://bilgewatermarket.com/cards/VEN-006?print_variation=foiled,foiled,,¥0.56,$0.14,VEN-006,Oasis Raider VEN-006/166 Foiled CN ¥0.56 EN $0.14
2026-09-11T19:27:05+00:00,https://bilgewatermarket.com/cards,Oasis Raider,nonfoil,0.07,https://bilgewatermarket.com/cards/VEN-006,normal,,¥0.50,$0.07,VEN-006,Oasis Raider VEN-006/166 CN ¥0.50 EN $0.07
2026-09-11T19:27:05+00:00,https://bilgewatermarket.com/cards,Punching Poro,foil,0.21,https://bilgewatermarket.com/cards/VEN-007?print_variation=foiled,foiled,,¥0.52,$0.21,VEN-007,Punching Poro VEN-007/166 Foiled CN ¥0.52 EN $0.21
2026-09-11T19:27:05+00:00,https://bilgewatermarket.com/cards,Punching Poro,nonfoil,0.07,https://bilgewatermarket.com/cards/VEN-007,normal,,¥0.51,$0.07,VEN-007,Punching Poro VEN-007/166 CN ¥0.51 EN $0.07
2026-09-11T19:27:05+00:00,https://bilgewatermarket.com/cards,Ruthless Strike,foil,0.20,https://bilgewatermarket.com/cards/VEN-008?print_variation=foiled,foiled,,¥0.76,$0.20,VEN-008,Ruthless Strike VEN-008/166 Foiled CN ¥0.76 EN $0.20
2026-09-11T19:27:05+00:00,https://bilgewatermarket.com/cards,Ruthless Strike,nonfoil,0.09,https://bilgewatermarket.com/cards/VEN-008,normal,,¥0.50,$0.09,VEN-008,Ruthless Strike VEN-008/166 CN ¥0.50 EN $0.09
2026-09-11T19:27:05+00:00,https://bilgewatermarket.com/cards,Baccai Reaper,foil,0.25,https://bilgewatermarket.com/cards/VEN-009?print_variation=foiled,foiled,,¥0.52,$0.25,VEN-009,Baccai Reaper VEN-009/166 Foiled CN ¥0.52 EN $0.25
2026-09-11T19:27:05+00:00,https://bilgewatermarket.com/cards,Baccai Reaper,nonfoil,0.06,https://bilgewatermarket.com/cards/VEN-009,normal,,¥0.50,$0.06,VEN-009,Baccai Reaper VEN-009/166 CN ¥0.50 EN $0.06
2026-09-11T19:27:05+00:00,https://bilgewatermarket.com/cards,Consuming Curse,foil,0.17,https://bilgewatermarket.com/cards/VEN-010?print_variation=foiled,foiled,,¥0.88,$0.17,VEN-010,Consuming Curse VEN-010/166 Foiled CN ¥0.88 EN $0.17
2026-09-11T19:27:05+00:00,https://bilgewatermarket.com/cards,Consuming Curse,nonfoil,0.10,https://bilgewatermarket.com/cards/VEN-010,normal,,¥0.50,$0.10,VEN-010,Consuming Curse VEN-010/166 CN ¥0.50 EN $0.10
2026-09-11T19:27:05+00:00,https://bilgewatermarket.com/cards,Pendulum Blade,foil,0.32,https://bilgewatermarket.com/cards/VEN-011?print_variation=foiled,foiled,,¥3.47,$0.32,VEN-011,Pendulum Blade VEN-011/166 Foiled CN ¥3.47 EN $0.32
2026-09-11T19:27:05+00:00,https://bilgewatermarket.com/cards,Pendulum Blade,nonfoil,0.13,https://bilgewatermarket.com/cards/VEN-011,normal,,¥1.01,$0.13,VEN-011,Pendulum Blade VEN-011/166 CN ¥1.01 EN $0.13
2026-09-11T19:27:05+00:00,https://bilgewatermarket.com/cards,Perfect Execution,foil,0.40,https://bilgewatermarket.com/cards/VEN-012?print_variation=foiled,foiled,,¥2.55,$0.40,VEN-012,Perfect Execution VEN-012/166 Foiled CN ¥2.55 EN $0.40
2026-09-11T19:27:05+00:00,https://bilgewatermarket.com/cards,Perfect Execution,nonfoil,0.10,https://bilgewatermarket.com/cards/VEN-012,normal,,¥1.38,$0.10,VEN-012,Perfect Execution VEN-012/166 CN ¥1.38 EN $0.10
2026-09-11T19:27:05+00:00,https://bilgewatermarket.com/cards,Shadow Assassin,foil,0.25,https://bilgewatermarket.com/cards/VEN-013?print_variation=foiled,foiled,,¥0.57,$0.25,VEN-013,Shadow Assassin VEN-013/166 Foiled CN ¥0.57 EN $0.25
2026-09-11T19:27:05+00:00,https://bilgewatermarket.com/cards,Shadow Assassin,nonfoil,0.07,https://bilgewatermarket.com/cards/VEN-013,normal,,¥0.50,$0.07,VEN-013,Shadow Assassin VEN-013/166 CN ¥0.50 EN $0.07
2026-09-11T19:27:05+00:00,https://bilgewatermarket.com/cards,Shadow Assassin,nonfoil,0.25,https://bilgewatermarket.com/cards/VEN-013?print_variation=promo,promo,,¥1.00,$0.25,VEN-013,Shadow Assassin VEN-013/166 CN ¥1.00 EN $0.25
2026-09-11T19:27:05+00:00,https://bilgewatermarket.com/cards,Shadow Fiend,foil,0.25,https://bilgewatermarket.com/cards/VEN-014?print_variation=foiled,foiled,,¥2.38,$0.25,VEN-014,Shadow Fiend VEN-014/166 Foiled CN ¥2.38 EN $0.25
2026-09-11T19:27:05+00:00,https://bilgewatermarket.com/cards,Shadow Fiend,nonfoil,0.07,https://bilgewatermarket.com/cards/VEN-014,normal,,¥0.79,$0.07,VEN-014,Shadow Fiend VEN-014/166 CN ¥0.79 EN $0.07
2026-09-11T19:27:05+00:00,https://bilgewatermarket.com/cards,Decree of Rage,nonfoil,0.18,https://bilgewatermarket.com/cards/VEN-015,normal,,¥3.71,$0.18,VEN-015,Decree of Rage VEN-015/166 CN ¥3.71 EN $0.18
2026-09-11T19:27:05+00:00,https://bilgewatermarket.com/cards,Eclipse Dragon,nonfoil,0.15,https://bilgewatermarket.com/cards/VEN-016,normal,,¥0.58,$0.15,VEN-016,Eclipse Dragon VEN-016/166 CN ¥0.58 EN $0.15
2026-09-11T19:27:05+00:00,https://bilgewatermarket.com/cards,"Morgana, Vindictive",nonfoil,0.17,https://bilgewatermarket.com/cards/VEN-017,normal,,¥0.77,$0.17,VEN-017,"Morgana, Vindictive VEN-017/166 CN ¥0.77 EN $0.17"
2026-09-11T19:27:05+00:00,https://bilgewatermarket.com/cards,"Morgana, Vindictive",nonfoil,4.79,https://bilgewatermarket.com/cards/VEN-017?print_variation=promo,promo,,¥4.79,,VEN-017,"Morgana, Vindictive VEN-017/166 CN ¥4.79"
2026-09-11T19:27:05+00:00,https://bilgewatermarket.com/cards,"Morgana, Vindictive",nonfoil,2.48,https://bilgewatermarket.com/cards/VEN-017?print_variation=promo[summoner skirmish participation],promo[summoner skirmish participation],,,$2.48,VEN-017,"Morgana, Vindictive VEN-017/166 EN $2.48"
2026-09-11T19:27:05+00:00,https://bilgewatermarket.com/cards,Rage Amplifier,nonfoil,0.14,https://bilgewatermarket.com/cards/VEN-018,normal,,¥0.59,$0.14,VEN-018,Rage Amplifier VEN-018/166 CN ¥0.59 EN $0.14
2026-09-11T19:27:05+00:00,https://bilgewatermarket.com/cards,"Renekton, Rage Fueled",nonfoil,0.12,https://bilgewatermarket.com/cards/VEN-019,normal,,¥0.61,$0.12,VEN-019,"Renekton, Rage Fueled VEN-019/166 CN ¥0.61 EN $0.12"
2026-09-11T19:27:05+00:00,https://bilgewatermarket.com/cards,"Renekton, Rage Fueled",nonfoil,1.34,https://bilgewatermarket.com/cards/VEN-019a?print_variation=showcase,showcase,,¥3.82,$1.34,VEN-019a,"Renekton, Rage Fueled VEN-019a/166 Showcase CN ¥3.82 EN $1.34"
2026-09-11T19:27:05+00:00,https://bilgewatermarket.com/cards,Twilight Reveler,nonfoil,0.20,https://bilgewatermarket.com/cards/VEN-020,normal,,¥2.58,$0.20,VEN-020,Twilight Reveler VEN-020/166 CN ¥2.58 EN $0.20
2026-09-11T19:27:05+00:00,https://bilgewatermarket.com/cards,"Akali, Deadly Weapon",nonfoil,1.04,https://bilgewatermarket.com/cards/VEN-021,normal,,¥8.00,$1.04,VEN-021,"Akali, Deadly Weapon VEN-021/166 CN ¥8.00 EN $1.04"
2026-09-11T19:27:05+00:00,https://bilgewatermarket.com/cards,"Akali, Deadly Weapon",nonfoil,15.81,https://bilgewatermarket.com/cards/VEN-021a?print_variation=showcase,showcase,,¥29.70,$15.81,VEN-021a,"Akali, Deadly Weapon VEN-021a/166 Showcase CN ¥29.70 EN $15.81"
2026-09-11T19:27:05+00:00,https://bilgewatermarket.com/cards,Endless Riches,nonfoil,1.04,https://bilgewatermarket.com/cards/VEN-022,normal,,¥4.63,$1.04,VEN-022,Endless Riches VEN-022/166 CN ¥4.63 EN $1.04
2026-09-11T19:27:05+00:00,https://bilgewatermarket.com/cards,"Zed, From the Shadows",nonfoil,0.53,https://bilgewatermarket.com/cards/VEN-023,normal,,¥4.57,$0.53,VEN-023,"Zed, From the Shadows VEN-023/166 CN ¥4.57 EN $0.53"
2026-09-11T19:27:05+00:00,https://bilgewatermarket.com/cards,"Zed, From the Shadows",nonfoil,3.10,https://bilgewatermarket.com/cards/VEN-023a?print_variation=showcase,showcase,,¥9.06,$3.10,VEN-023a,"Zed, From the Shadows VEN-023a/166 Showcase CN ¥9.06 EN $3.10"
2026-09-11T19:27:05+00:00,https://bilgewatermarket.com/cards,Affectionate Poro,foil,0.23,https://bilgewatermarket.com/cards/VEN-024?print_variation=foiled,foiled,,¥0.94,$0.23,VEN-024,Affectionate Poro VEN-024/166 Foiled CN ¥0.94 EN $0.23
2026-09-11T19:27:05+00:00,https://bilgewatermarket.com/cards,Affectionate Poro,nonfoil,0.06,https://bilgewatermarket.com/cards/VEN-024,normal,,¥0.51,$0.06,VEN-024,Affectionate Poro VEN-024/166 CN ¥0.51 EN $0.06
2026-09-11T19:27:05+00:00,https://bilgewatermarket.com/cards,Esteemed Hierophant,foil,0.11,https://bilgewatermarket.com/cards/VEN-025?print_variation=foiled,foiled,,¥0.52,$0.11,VEN-025,Esteemed Hierophant VEN-025/166 Foiled CN ¥0.52 EN $0.11
2026-09-11T19:27:05+00:00,https://bilgewatermarket.com/cards,Esteemed Hierophant,nonfoil,0.04,https://bilgewatermarket.com/cards/VEN-025,normal,,¥0.51,$0.04,VEN-025,Esteemed Hierophant VEN-025/166 CN ¥0.51 EN $0.04
2026-09-11T19:27:05+00:00,https://bilgewatermarket.com/cards,Field Musicians,foil,0.10,https://bilgewatermarket.com/cards/VEN-026?print_variation=foiled,foiled,,¥0.55,$0.10,VEN-026,Field Musicians VEN-026/166 Foiled CN ¥0.55 EN $0.10
2026-09-11T19:27:05+00:00,https://bilgewatermarket.com/cards,Field Musicians,nonfoil,0.05,https://bilgewatermarket.com/cards/VEN-026,normal,,¥0.50,$0.05,VEN-026,Field Musicians VEN-026/166 CN ¥0.50 EN $0.05
2026-09-11T19:27:05+00:00,https://bilgewatermarket.com/cards,Field Musicians,nonfoil,0.10,https://bilgewatermarket.com/cards/VEN-026?print_variation=promo,promo,,¥0.50,$0.10,VEN-026,Field Musicians VEN-026/166 CN ¥0.50 EN $0.10
2026-09-11T19:27:05+00:00,https://bilgewatermarket.com/cards,Hand Hammer,foil,0.29,https://bilgewatermarket.com/cards/VEN-027?print_variation=foiled,foiled,,¥0.94,$0.29,VEN-027,Hand Hammer VEN-027/166 Foiled CN ¥0.94 EN $0.29
2026-09-11T19:27:05+00:00,https://bilgewatermarket.com/cards,Hand Hammer,nonfoil,0.06,https://bilgewatermarket.com/cards/VEN-027,normal,,¥0.61,$0.06,VEN-027,Hand Hammer VEN-027/166 CN ¥0.61 EN $0.06
2026-09-11T19:27:05+00:00,https://bilgewatermarket.com/cards,Mournful Witness,foil,0.29,https://bilgewatermarket.com/cards/VEN-028?print_variation=foiled,foiled,,¥3.00,$0.29,VEN-028,Mournful Witness VEN-028/166 Foiled CN ¥3.00 EN $0.29
2026-09-11T19:27:05+00:00,https://bilgewatermarket.com/cards,Mournful Witness,nonfoil,0.04,https://bilgewatermarket.com/cards/VEN-028,normal,,¥0.61,$0.04,VEN-028,Mournful Witness VEN-028/166 CN ¥0.61 EN $0.04
2026-09-11T19:27:05+00:00,https://bilgewatermarket.com/cards,Ol' Poro,foil,0.30,https://bilgewatermarket.com/cards/VEN-029?print_variation=foiled,foiled,,¥0.98,$0.30,VEN-029,Ol' Poro VEN-029/166 Foiled CN ¥0.98 EN $0.30
2026-09-11T19:27:05+00:00,https://bilgewatermarket.com/cards,Ol' Poro,nonfoil,0.08,https://bilgewatermarket.com/cards/VEN-029,normal,,¥0.50,$0.08,VEN-029,Ol' Poro VEN-029/166 CN ¥0.50 EN $0.08
2026-09-11T19:27:05+00:00,https://bilgewatermarket.com/cards,Ol' Poro,nonfoil,0.30,https://bilgewatermarket.com/cards/VEN-029?print_variation=promo,promo,,,$0.30,VEN-029,Ol' Poro VEN-029/166 EN $0.30
2026-09-11T19:27:05+00:00,https://bilgewatermarket.com/cards,Serene Ascetic,foil,0.15,https://bilgewatermarket.com/cards/VEN-030?print_variation=foiled,foiled,,¥0.51,$0.15,VEN-030,Serene Ascetic VEN-030/166 Foiled CN ¥0.51 EN $0.15
2026-09-11T19:27:05+00:00,https://bilgewatermarket.com/cards,Serene Ascetic,nonfoil,0.04,https://bilgewatermarket.com/cards/VEN-030,normal,,¥0.50,$0.04,VEN-030,Serene Ascetic VEN-030/166 CN ¥0.50 EN $0.04
2026-09-11T19:27:05+00:00,https://bilgewatermarket.com/cards,Twilight Shroud,foil,0.30,https://bilgewatermarket.com/cards/VEN-031?print_variation=foiled,foiled,,¥3.39,$0.30,VEN-031,Twilight Shroud VEN-031/166 Foiled CN ¥3.39 EN $0.30
2026-09-11T19:27:05+00:00,https://bilgewatermarket.com/cards,Twilight Shroud,nonfoil,0.06,https://bilgewatermarket.com/cards/VEN-031,normal,,¥1.08,$0.06,VEN-031,Twilight Shroud VEN-031/166 CN ¥1.08 EN $0.06
2026-09-11T19:27:05+00:00,https://bilgewatermarket.com/cards,Frostcoat Mother,foil,0.23,https://bilgewatermarket.com/cards/VEN-032?print_variation=foiled,foiled,,¥1.02,$0.23,VEN-032,Frostcoat Mother VEN-032/166 Foiled CN ¥1.02 EN $0.23
2026-09-11T19:27:05+00:00,https://bilgewatermarket.com/cards,Frostcoat Mother,nonfoil,0.09,https://bilgewatermarket.com/cards/VEN-032,normal,,¥0.58,$0.09,VEN-032,Frostcoat Mother VEN-032/166 CN ¥0.58 EN $0.09
2026-09-11T19:27:05+00:00,https://bilgewatermarket.com/cards,Pakaa Protector,foil,0.26,https://bilgewatermarket.com/cards/VEN-033?print_variation=foiled,foiled,,¥0.55,$0.26,VEN-033,Pakaa Protector VEN-033/166 Foiled CN ¥0.55 EN $0.26
2026-09-11T19:27:05+00:00,https://bilgewatermarket.com/cards,Pakaa Protector,nonfoil,0.06,https://bilgewatermarket.com/cards/VEN-033,normal,,¥0.50,$0.06,VEN-033,Pakaa Protector VEN-033/166 CN ¥0.50 EN $0.06
2026-09-11T19:27:05+00:00,https://bilgewatermarket.com/cards,Resonating Strike,foil,0.32,https://bilgewatermarket.com/cards/VEN-034?print_variation=foiled,foiled,,¥1.22,$0.32,VEN-034,Resonating Strike VEN-034/166 Foiled CN ¥1.22 EN $0.32
2026-09-11T19:27:05+00:00,https://bilgewatermarket.com/cards,Resonating Strike,nonfoil,0.09,https://bilgewatermarket.com/cards/VEN-034,normal,,¥0.99,$0.09,VEN-034,Resonating Strike VEN-034/166 CN ¥0.99 EN $0.09
2026-09-11T19:27:05+00:00,https://bilgewatermarket.com/cards,Sanction,foil,0.25,https://bilgewatermarket.com/cards/VEN-035?print_variation=foiled,foiled,,¥1.24,$0.25,VEN-035,Sanction VEN-035/166 Foiled CN ¥1.24 EN $0.25
2026-09-11T19:27:05+00:00,https://bilgewatermarket.com/cards,Sanction,nonfoil,0.07,https://bilgewatermarket.com/cards/VEN-035,normal,,¥0.54,$0.07,VEN-035,Sanction VEN-035/166 CN ¥0.54 EN $0.07
2026-09-11T19:27:05+00:00,https://bilgewatermarket.com/cards,Sandstone Chimera,foil,0.16,https://bilgewatermarket.com/cards/VEN-036?print_variation=foiled,foiled,,¥1.02,$0.16,VEN-036,Sandstone Chimera VEN-036/166 Foiled CN ¥1.02 EN $0.16
2026-09-11T19:27:05+00:00,https://bilgewatermarket.com/cards,Sandstone Chimera,nonfoil,0.04,https://bilgewatermarket.com/cards/VEN-036,normal,,¥0.50,$0.04,VEN-036,Sandstone Chimera VEN-036/166 CN ¥0.50 EN $0.04
2026-09-11T19:27:05+00:00,https://bilgewatermarket.com/cards,Tomb-Raider Barbara,foil,0.40,https://bilgewatermarket.com/cards/VEN-037?print_variation=foiled,foiled,,¥2.26,$0.40,VEN-037,Tomb-Raider Barbara VEN-037/166 Foiled CN ¥2.26 EN $0.40
2026-09-11T19:27:05+00:00,https://bilgewatermarket.com/cards,Tomb-Raider Barbara,nonfoil,0.10,https://bilgewatermarket.com/cards/VEN-037,normal,,¥0.85,$0.10,VEN-037,Tomb-Raider Barbara VEN-037/166 CN ¥0.85 EN $0.10
2026-09-11T19:27:05+00:00,https://bilgewatermarket.com/cards,Tomb-Raider Barbara,nonfoil,0.40,https://bilgewatermarket.com/cards/VEN-037?print_variation=promo,promo,,¥1.54,$0.40,VEN-037,Tomb-Raider Barbara VEN-037/166 CN ¥1.54 EN $0.40
2026-09-11T19:27:05+00:00,https://bilgewatermarket.com/cards,"Akali, Silent",nonfoil,0.34,https://bilgewatermarket.com/cards/VEN-038,normal,,¥2.40,$0.34,VEN-038,"Akali, Silent VEN-038/166 CN ¥2.40 EN $0.34"
2026-09-11T19:27:05+00:00,https://bilgewatermarket.com/cards,"Akali, Silent",nonfoil,13.86,https://bilgewatermarket.com/cards/VEN-038a?print_variation=showcase,showcase,,¥34.91,$13.86,VEN-038a,"Akali, Silent VEN-038a/166 Showcase CN ¥34.91 EN $13.86"
2026-09-11T19:27:05+00:00,https://bilgewatermarket.com/cards,Crumbling Sands,nonfoil,0.28,https://bilgewatermarket.com/cards/VEN-039,normal,,¥3.87,$0.28,VEN-039,Crumbling Sands VEN-039/166 CN ¥3.87 EN $0.28
2026-09-11T19:27:05+00:00,https://bilgewatermarket.com/cards,Decree of Focus,nonfoil,0.29,https://bilgewatermarket.com/cards/VEN-040,normal,,¥3.68,$0.29,VEN-040,Decree of Focus VEN-040/166 CN ¥3.68 EN $0.29
2026-09-11T19:27:05+00:00,https://bilgewatermarket.com/cards,"Riven, Shattered",nonfoil,0.18,https://bilgewatermarket.com/cards/VEN-041,normal,,¥0.65,$0.18,VEN-041,"Riven, Shattered VEN-041/166 CN ¥0.65 EN $0.18"
2026-09-11T19:27:05+00:00,https://bilgewatermarket.com/cards,"Shen, Scourge of Shadows",nonfoil,0.11,https://bilgewatermarket.com/cards/VEN-042,normal,,¥0.54,$0.11,VEN-042,"Shen, Scourge of Shadows VEN-042/166 CN ¥0.54 EN $0.11"
2026-09-11T19:27:05+00:00,https://bilgewatermarket.com/cards,"Shen, Scourge of Shadows",nonfoil,1.00,https://bilgewatermarket.com/cards/VEN-042a?print_variation=showcase,showcase,,¥4.15,$1.00,VEN-042a,"Shen, Scourge of Shadows VEN-042a/166 Showcase CN ¥4.15 EN $1.00"
2026-09-11T19:27:05+00:00,https://bilgewatermarket.com/cards,Steel Paws,nonfoil,0.31,https://bilgewatermarket.com/cards/VEN-043,normal,,¥2.37,$0.31,VEN-043,Steel Paws VEN-043/166 CN ¥2.37 EN $0.31
2026-09-11T19:27:05+00:00,https://bilgewatermarket.com/cards,Astral Heron,nonfoil,42.57,https://bilgewatermarket.com/cards/VEN-044,normal,,¥98.56,$42.57,VEN-044,Astral Heron VEN-044/166 CN ¥98.56 EN $42.57
2026-09-11T19:27:05+00:00,https://bilgewatermarket.com/cards,Helm of Suppression,nonfoil,4.07,https://bilgewatermarket.com/cards/VEN-045,normal,,¥10.22,$4.07,VEN-045,Helm of Suppression VEN-045/166 CN ¥10.22 EN $4.07
2026-09-11T19:27:05+00:00,https://bilgewatermarket.com/cards,"Nasus, Ascended",nonfoil,0.67,https://bilgewatermarket.com/cards/VEN-046,normal,,¥4.66,$0.67,VEN-046,"Nasus, Ascended VEN-046/166 CN ¥4.66 EN $0.67"
2026-09-11T19:27:05+00:00,https://bilgewatermarket.com/cards,"Nasus, Ascended",nonfoil,2.85,https://bilgewatermarket.com/cards/VEN-046a?print_variation=showcase,showcase,,¥12.71,$2.85,VEN-046a,"Nasus, Ascended VEN-046a/166 Showcase CN ¥12.71 EN $2.85"
2026-09-11T19:27:05+00:00,https://bilgewatermarket.com/cards,Apprentice Mage,foil,0.17,https://bilgewatermarket.com/cards/VEN-047?print_variation=foiled,foiled,,¥0.70,$0.17,VEN-047,Apprentice Mage VEN-047/166 Foiled CN ¥0.70 EN $0.17
2026-09-11T19:27:05+00:00,https://bilgewatermarket.com/cards,Apprentice Mage,nonfoil,0.04,https://bilgewatermarket.com/cards/VEN-047,normal,,¥0.50,$0.04,VEN-047,Apprentice Mage VEN-047/166 CN ¥0.50 EN $0.04
2026-09-11T19:27:05+00:00,https://bilgewatermarket.com/cards,Cloud Drake,foil,0.19,https://bilgewatermarket.com/cards/VEN-048?print_variation=foiled,foiled,,¥0.50,$0.19,VEN-048,Cloud Drake VEN-048/166 Foiled CN ¥0.50 EN $0.19
2026-09-11T19:27:05+00:00,https://bilgewatermarket.com/cards,Cloud Drake,nonfoil,0.04,https://bilgewatermarket.com/cards/VEN-048,normal,,¥0.50,$0.04,VEN-048,Cloud Drake VEN-048/166 CN ¥0.50 EN $0.04
2026-09-11T19:27:05+00:00,https://bilgewatermarket.com/cards,Cloud Drake,nonfoil,0.19,https://bilgewatermarket.com/cards/VEN-048?print_variation=promo,promo,,¥1.00,$0.19,VEN-048,Cloud Drake VEN-048/166 CN ¥1.00 EN $0.19
2026-09-11T19:27:05+00:00,https://bilgewatermarket.com/cards,Dredge Up,foil,0.42,https://bilgewatermarket.com/cards/VEN-049?print_variation=foiled,foiled,,¥1.87,$0.42,VEN-049,Dredge Up VEN-049/166 Foiled CN ¥1.87 EN $0.42
2026-09-11T19:27:05+00:00,https://bilgewatermarket.com/cards,Dredge Up,nonfoil,0.07,https://bilgewatermarket.com/cards/VEN-049,normal,,¥0.54,$0.07,VEN-049,Dredge Up VEN-049/166 CN ¥0.54 EN $0.07
2026-09-11T19:27:05+00:00,https://bilgewatermarket.com/cards,Grumpy Rockbear,foil,0.12,https://bilgewatermarket.com/cards/VEN-050?print_variation=foiled,foiled,,¥0.64,$0.12,VEN-050,Grumpy Rockbear VEN-050/166 Foiled CN ¥0.64 EN $0.12
2026-09-11T19:27:05+00:00,https://bilgewatermarket.com/cards,Grumpy Rockbear,nonfoil,0.05,https://bilgewatermarket.com/cards/VEN-050,normal,,¥0.50,$0.05,VEN-050,Grumpy Rockbear VEN-050/166 CN ¥0.50 EN $0.05
2026-09-11T19:27:05+00:00,https://bilgewatermarket.com/cards,Grumpy Rockbear,nonfoil,0.12,https://bilgewatermarket.com/cards/VEN-050?print_variation=promo,promo,,,$0.12,VEN-050,Grumpy Rockbear VEN-050/166 EN $0.12
2026-09-11T19:27:05+00:00,https://bilgewatermarket.com/cards,Iterative Design,foil,0.25,https://bilgewatermarket.com/cards/VEN-051?print_variation=foiled,foiled,,¥0.63,$0.25,VEN-051,Iterative Design VEN-051/166 Foiled CN ¥0.63 EN $0.25
2026-09-11T19:27:05+00:00,https://bilgewatermarket.com/cards,Iterative Design,nonfoil,0.06,https://bilgewatermarket.com/cards/VEN-051,normal,,¥0.50,$0.06,VEN-051,Iterative Design VEN-051/166 CN ¥0.50 EN $0.06
2026-09-11T19:27:05+00:00,https://bilgewatermarket.com/cards,Mesmerize,foil,0.30,https://bilgewatermarket.com/cards/VEN-052?print_variation=foiled,foiled,,¥0.99,$0.30,VEN-052,Mesmerize VEN-052/166 Foiled CN ¥0.99 EN $0.30
2026-09-11T19:27:05+00:00,https://bilgewatermarket.com/cards,Mesmerize,nonfoil,0.12,https://bilgewatermarket.com/cards/VEN-052,normal,,¥0.50,$0.12,VEN-052,Mesmerize VEN-052/166 CN ¥0.50 EN $0.12
2026-09-11T19:27:05+00:00,https://bilgewatermarket.com/cards,Otterpus,foil,0.20,https://bilgewatermarket.com/cards/VEN-053?print_variation=foiled,foiled,,¥0.67,$0.20,VEN-053,Otterpus VEN-053/166 Foiled CN ¥0.67 EN $0.20
2026-09-11T19:27:05+00:00,https://bilgewatermarket.com/cards,Otterpus,nonfoil,0.10,https://bilgewatermarket.com/cards/VEN-053,normal,,¥0.50,$0.10,VEN-053,Otterpus VEN-053/166 CN ¥0.50 EN $0.10
2026-09-11T19:27:05+00:00,https://bilgewatermarket.com/cards,Questionable Tome,foil,0.37,https://bilgewatermarket.com/cards/VEN-054?print_variation=foiled,foiled,,¥1.39,$0.37,VEN-054,Questionable Tome VEN-054/166 Foiled CN ¥1.39 EN $0.37
2026-09-11T19:27:05+00:00,https://bilgewatermarket.com/cards,Questionable Tome,nonfoil,0.06,https://bilgewatermarket.com/cards/VEN-054,normal,,¥0.55,$0.06,VEN-054,Questionable Tome VEN-054/166 CN ¥0.55 EN $0.06
2026-09-11T19:27:05+00:00,https://bilgewatermarket.com/cards,Applied Researchers,foil,0.79,https://bilgewatermarket.com/cards/VEN-055?print_variation=foiled,foiled,,¥2.65,$0.79,VEN-055,Applied Researchers VEN-055/166 Foiled CN ¥2.65 EN $0.79
2026-09-11T19:27:05+00:00,https://bilgewatermarket.com/cards,Applied Researchers,nonfoil,0.14,https://bilgewatermarket.com/cards/VEN-055,normal,,¥1.10,$0.14,VEN-055,Applied Researchers VEN-055/166 CN ¥1.10 EN $0.14
2026-09-11T19:27:05+00:00,https://bilgewatermarket.com/cards,Clairvoyance,foil,0.34,https://bilgewatermarket.com/cards/VEN-056?print_variation=foiled,foiled,,¥2.61,$0.34,VEN-056,Clairvoyance VEN-056/166 Foiled CN ¥2.61 EN $0.34
2026-09-11T19:27:05+00:00,https://bilgewatermarket.com/cards,Clairvoyance,nonfoil,0.09,https://bilgewatermarket.com/cards/VEN-056,normal,,¥1.08,$0.09,VEN-056,Clairvoyance VEN-056/166 CN ¥1.08 EN $0.09
2026-09-11T19:27:05+00:00,https://bilgewatermarket.com/cards,Covert Informant,foil,0.20,https://bilgewatermarket.com/cards/VEN-057?print_variation=foiled,foiled,,¥1.04,$0.20,VEN-057,Covert Informant VEN-057/166 Foiled CN ¥1.04 EN $0.20
2026-09-11T19:27:05+00:00,https://bilgewatermarket.com/cards,Covert Informant,nonfoil,0.07,https://bilgewatermarket.com/cards/VEN-057,normal,,¥0.50,$0.07,VEN-057,Covert Informant VEN-057/166 CN ¥0.50 EN $0.07
2026-09-11T19:27:05+00:00,https://bilgewatermarket.com/cards,Patched Porobot,foil,0.65,https://bilgewatermarket.com/cards/VEN-058?print_variation=foiled,foiled,,¥3.67,$0.65,VEN-058,Patched Porobot VEN-058/166 Foiled CN ¥3.67 EN $0.65
2026-09-11T19:27:05+00:00,https://bilgewatermarket.com/cards,Patched Porobot,nonfoil,0.20,https://bilgewatermarket.com/cards/VEN-058,normal,,¥2.07,$0.20,VEN-058,Patched Porobot VEN-058/166 CN ¥2.07 EN $0.20
2026-09-11T19:27:05+00:00,https://bilgewatermarket.com/cards,Patched Porobot,nonfoil,0.65,https://bilgewatermarket.com/cards/VEN-058?print_variation=promo,promo,,¥3.86,$0.65,VEN-058,Patched Porobot VEN-058/166 CN ¥3.86 EN $0.65
2026-09-11T19:27:05+00:00,https://bilgewatermarket.com/cards,Shock Blast,foil,0.42,https://bilgewatermarket.com/cards/VEN-059?print_variation=foiled,foiled,,¥3.39,$0.42,VEN-059,Shock Blast VEN-059/166 Foiled CN ¥3.39 EN $0.42
2026-09-11T19:27:05+00:00,https://bilgewatermarket.com/cards,Shock Blast,nonfoil,0.12,https://bilgewatermarket.com/cards/VEN-059,normal,,¥1.02,$0.12,VEN-059,Shock Blast VEN-059/166 CN ¥1.02 EN $0.12
2026-09-11T19:27:05+00:00,https://bilgewatermarket.com/cards,Sky Cruiser,foil,0.12,https://bilgewatermarket.com/cards/VEN-060?print_variation=foiled,foiled,,¥0.52,$0.12,VEN-060,Sky Cruiser VEN-060/166 Foiled CN ¥0.52 EN $0.12
2026-09-11T19:27:05+00:00,https://bilgewatermarket.com/cards,Sky Cruiser,nonfoil,0.07,https://bilgewatermarket.com/cards/VEN-060,normal,,¥0.50,$0.07,VEN-060,Sky Cruiser VEN-060/166 CN ¥0.50 EN $0.07
2026-09-11T19:27:05+00:00,https://bilgewatermarket.com/cards,Decree of Insight,nonfoil,0.34,https://bilgewatermarket.com/cards/VEN-061,normal,,¥3.51,$0.34,VEN-061,Decree of Insight VEN-061/166 CN ¥3.51 EN $0.34
2026-09-11T19:27:05+00:00,https://bilgewatermarket.com/cards,Hextech Formula,nonfoil,0.13,https://bilgewatermarket.com/cards/VEN-062,normal,,¥0.68,$0.13,VEN-062,Hextech Formula VEN-062/166 CN ¥0.68 EN $0.13
2026-09-11T19:27:05+00:00,https://bilgewatermarket.com/cards,"Nasus, Guardian of Knowledge",nonfoil,0.12,https://bilgewatermarket.com/cards/VEN-063,normal,,¥0.58,$0.12,VEN-063,"Nasus, Guardian of Knowledge VEN-063/166 CN ¥0.58 EN $0.12"
2026-09-11T19:27:05+00:00,https://bilgewatermarket.com/cards,"Nasus, Guardian of Knowledge",nonfoil,1.24,https://bilgewatermarket.com/cards/VEN-063a?print_variation=showcase,showcase,,¥3.69,$1.24,VEN-063a,"Nasus, Guardian of Knowledge VEN-063a/166 Showcase CN ¥3.69 EN $1.24"
2026-09-11T19:27:05+00:00,https://bilgewatermarket.com/cards,Plaza Guardian,nonfoil,0.15,https://bilgewatermarket.com/cards/VEN-064,normal,,¥0.58,$0.15,VEN-064,Plaza Guardian VEN-064/166 CN ¥0.58 EN $0.15
2026-09-11T19:27:05+00:00,https://bilgewatermarket.com/cards,"Swain, Visionary",nonfoil,0.25,https://bilgewatermarket.com/cards/VEN-065,normal,,¥2.13,$0.25,VEN-065,"Swain, Visionary VEN-065/166 CN ¥2.13 EN $0.25"
2026-09-11T19:27:05+00:00,https://bilgewatermarket.com/cards,Temporal Breach,nonfoil,0.59,https://bilgewatermarket.com/cards/VEN-066,normal,,¥10.21,$0.59,VEN-066,Temporal Breach VEN-066/166 CN ¥10.21 EN $0.59
2026-09-11T19:27:05+00:00,https://bilgewatermarket.com/cards,Bottled Constellation,nonfoil,0.58,https://bilgewatermarket.com/cards/VEN-067,normal,,¥3.20,$0.58,VEN-067,Bottled Constellation VEN-067/166 CN ¥3.20 EN $0.58
2026-09-11T19:27:05+00:00,https://bilgewatermarket.com/cards,"Jayce, Brilliant Inventor",nonfoil,0.37,https://bilgewatermarket.com/cards/VEN-068,normal,,¥2.79,$0.37,VEN-068,"Jayce, Brilliant Inventor VEN-068/166 CN ¥2.79 EN $0.37"
2026-09-11T19:27:05+00:00,https://bilgewatermarket.com/cards,"Jayce, Brilliant Inventor",nonfoil,1.66,https://bilgewatermarket.com/cards/VEN-068a?print_variation=showcase,showcase,,¥8.64,$1.66,VEN-068a,"Jayce, Brilliant Inventor VEN-068a/166 Showcase CN ¥8.64 EN $1.66"
2026-09-11T19:27:05+00:00,https://bilgewatermarket.com/cards,"Mel, Newly Awakened",nonfoil,1.07,https://bilgewatermarket.com/cards/VEN-069,normal,,¥6.06,$1.07,VEN-069,"Mel, Newly Awakened VEN-069/166 CN ¥6.06 EN $1.07"
2026-09-11T19:27:05+00:00,https://bilgewatermarket.com/cards,"Mel, Newly Awakened",nonfoil,3.74,https://bilgewatermarket.com/cards/VEN-069a?print_variation=showcase,showcase,,¥15.40,$3.74,VEN-069a,"Mel, Newly Awakened VEN-069a/166 Showcase CN ¥15.40 EN $3.74"
2026-09-11T19:27:05+00:00,https://bilgewatermarket.com/cards,"Mel, Newly Awakened",nonfoil,3.74,https://bilgewatermarket.com/cards/VEN-069b?print_variation=promo,promo,,¥979.32,$3.74,VEN-069b,"Mel, Newly Awakened VEN-069b/166 CN ¥979.32 EN $3.74"
2026-09-11T19:27:05+00:00,https://bilgewatermarket.com/cards,Brutal Hunter,foil,0.15,https://bilgewatermarket.com/cards/VEN-070?print_variation=foiled,foiled,,¥0.51,$0.15,VEN-070,Brutal Hunter VEN-070/166 Foiled CN ¥0.51 EN $0.15
2026-09-11T19:27:05+00:00,https://bilgewatermarket.com/cards,Brutal Hunter,nonfoil,0.05,https://bilgewatermarket.com/cards/VEN-070,normal,,¥0.50,$0.05,VEN-070,Brutal Hunter VEN-070/166 CN ¥0.50 EN $0.05
2026-09-11T19:27:05+00:00,https://bilgewatermarket.com/cards,Fretful Feline,foil,0.15,https://bilgewatermarket.com/cards/VEN-071?print_variation=foiled,foiled,,¥0.50,$0.15,VEN-071,Fretful Feline VEN-071/166 Foiled CN ¥0.50 EN $0.15
2026-09-11T19:27:05+00:00,https://bilgewatermarket.com/cards,Fretful Feline,nonfoil,0.04,https://bilgewatermarket.com/cards/VEN-071,normal,,¥0.50,$0.04,VEN-071,Fretful Feline VEN-071/166 CN ¥0.50 EN $0.04
2026-09-11T19:27:05+00:00,https://bilgewatermarket.com/cards,Fretful Feline,nonfoil,0.15,https://bilgewatermarket.com/cards/VEN-071?print_variation=promo,promo,,¥0.75,$0.15,VEN-071,Fretful Feline VEN-071/166 CN ¥0.75 EN $0.15
2026-09-11T19:27:05+00:00,https://bilgewatermarket.com/cards,Guttural Roar,foil,0.24,https://bilgewatermarket.com/cards/VEN-072?print_variation=foiled,foiled,,¥1.11,$0.24,VEN-072,Guttural Roar VEN-072/166 Foiled CN ¥1.11 EN $0.24
2026-09-11T19:27:05+00:00,https://bilgewatermarket.com/cards,Guttural Roar,nonfoil,0.06,https://bilgewatermarket.com/cards/VEN-072,normal,,¥0.51,$0.06,VEN-072,Guttural Roar VEN-072/166 CN ¥0.51 EN $0.06
2026-09-11T19:27:05+00:00,https://bilgewatermarket.com/cards,Jagged Cutlass,foil,0.18,https://bilgewatermarket.com/cards/VEN-073?print_variation=foiled,foiled,,¥0.61,$0.18,VEN-073,Jagged Cutlass VEN-073/166 Foiled CN ¥0.61 EN $0.18
2026-09-11T19:27:05+00:00,https://bilgewatermarket.com/cards,Jagged Cutlass,nonfoil,0.07,https://bilgewatermarket.com/cards/VEN-073,normal,,¥0.50,$0.07,VEN-073,Jagged Cutlass VEN-073/166 CN ¥0.50 EN $0.07
2026-09-11T19:27:05+00:00,https://bilgewatermarket.com/cards,Legion Marauder,foil,0.24,https://bilgewatermarket.com/cards/VEN-074?print_variation=foiled,foiled,,¥1.38,$0.24,VEN-074,Legion Marauder VEN-074/166 Foiled CN ¥1.38 EN $0.24
2026-09-11T19:27:05+00:00,https://bilgewatermarket.com/cards,Legion Marauder,nonfoil,0.07,https://bilgewatermarket.com/cards/VEN-074,normal,,¥0.52,$0.07,VEN-074,Legion Marauder VEN-074/166 CN ¥0.52 EN $0.07
2026-09-11T19:27:05+00:00,https://bilgewatermarket.com/cards,Platewyrm Egg,foil,0.25,https://bilgewatermarket.com/cards/VEN-075?print_variation=foiled,foiled,,¥2.80,$0.25,VEN-075,Platewyrm Egg VEN-075/166 Foiled CN ¥2.80 EN $0.25
2026-09-11T19:27:05+00:00,https://bilgewatermarket.com/cards,Platewyrm Egg,nonfoil,0.05,https://bilgewatermarket.com/cards/VEN-075,normal,,¥0.54,$0.05,VEN-075,Platewyrm Egg VEN-075/166 CN ¥0.54 EN $0.05
2026-09-11T19:27:05+00:00,https://bilgewatermarket.com/cards,Repair Specialist,foil,0.25,https://bilgewatermarket.com/cards/VEN-076?print_variation=foiled,foiled,,¥0.52,$0.25,VEN-076,Repair Specialist VEN-076/166 Foiled CN ¥0.52 EN $0.25
2026-09-11T19:27:05+00:00,https://bilgewatermarket.com/cards,Repair Specialist,nonfoil,0.09,https://bilgewatermarket.com/cards/VEN-076,normal,,¥0.50,$0.09,VEN-076,Repair Specialist VEN-076/166 CN ¥0.50 EN $0.09
2026-09-11T19:27:05+00:00,https://bilgewatermarket.com/cards,Repair Specialist,nonfoil,0.25,https://bilgewatermarket.com/cards/VEN-076?print_variation=promo,promo,,¥0.50,$0.25,VEN-076,Repair Specialist VEN-076/166 CN ¥0.50 EN $0.25
2026-09-11T19:27:05+00:00,https://bilgewatermarket.com/cards,Tools of Empire,foil,0.30,https://bilgewatermarket.com/cards/VEN-077?print_variation=foiled,foiled,,¥1.05,$0.30,VEN-077,Tools of Empire VEN-077/166 Foiled CN ¥1.05 EN $0.30
2026-09-11T19:27:05+00:00,https://bilgewatermarket.com/cards,Tools of Empire,nonfoil,0.05,https://bilgewatermarket.com/cards/VEN-077,normal,,¥0.50,$0.05,VEN-077,Tools of Empire VEN-077/166 CN ¥0.50 EN $0.05
2026-09-11T19:27:05+00:00,https://bilgewatermarket.com/cards,Baccai Witherclaw,foil,0.30,https://bilgewatermarket.com/cards/VEN-078?print_variation=foiled,foiled,,¥1.22,$0.30,VEN-078,Baccai Witherclaw VEN-078/166 Foiled CN ¥1.22 EN $0.30
2026-09-11T19:27:05+00:00,https://bilgewatermarket.com/cards,Baccai Witherclaw,nonfoil,0.06,https://bilgewatermarket.com/cards/VEN-078,normal,,¥0.56,$0.06,VEN-078,Baccai Witherclaw VEN-078/166 CN ¥0.56 EN $0.06
2026-09-11T19:27:05+00:00,https://bilgewatermarket.com/cards,Dame the Despoiler,foil,0.21,https://bilgewatermarket.com/cards/VEN-079?print_variation=foiled,foiled,,¥0.60,$0.21,VEN-079,Dame the Despoiler VEN-079/166 Foiled CN ¥0.60 EN $0.21
2026-09-11T19:27:05+00:00,https://bilgewatermarket.com/cards,Dame the Despoiler,nonfoil,0.07,https://bilgewatermarket.com/cards/VEN-079,normal,,¥0.50,$0.07,VEN-079,Dame the Despoiler VEN-079/166 CN ¥0.50 EN $0.07
2026-09-11T19:27:05+00:00,https://bilgewatermarket.com/cards,Noxian Demolitionist,foil,0.20,https://bilgewatermarket.com/cards/VEN-080?print_variation=foiled,foiled,,¥1.23,$0.20,VEN-080,Noxian Demolitionist VEN-080/166 Foiled CN ¥1.23 EN $0.20
2026-09-11T19:27:05+00:00,https://bilgewatermarket.com/cards,Noxian Demolitionist,nonfoil,0.09,https://bilgewatermarket.com/cards/VEN-080,normal,,¥0.57,$0.09,VEN-080,Noxian Demolitionist VEN-080/166 CN ¥0.57 EN $0.09
2026-09-11T19:27:05+00:00,https://bilgewatermarket.com/cards,Onslaught,foil,0.33,https://bilgewatermarket.com/cards/VEN-081?print_variation=foiled,foiled,,¥1.90,$0.33,VEN-081,Onslaught VEN-081/166 Foiled CN ¥1.90 EN $0.33
2026-09-11T19:27:05+00:00,https://bilgewatermarket.com/cards,Onslaught,nonfoil,0.14,https://bilgewatermarket.com/cards/VEN-081,normal,,¥1.13,$0.14,VEN-081,Onslaught VEN-081/166 CN ¥1.13 EN $0.14
2026-09-11T19:27:05+00:00,https://bilgewatermarket.com/cards,Profiteer,foil,0.27,https://bilgewatermarket.com/cards/VEN-082?print_variation=foiled,foiled,,¥2.20,$0.27,VEN-082,Profiteer VEN-082/166 Foiled CN ¥2.20 EN $0.27
2026-09-11T19:27:05+00:00,https://bilgewatermarket.com/cards,Profiteer,nonfoil,0.10,https://bilgewatermarket.com/cards/VEN-082,normal,,¥1.05,$0.10,VEN-082,Profiteer VEN-082/166 CN ¥1.05 EN $0.10
2026-09-11T19:27:05+00:00,https://bilgewatermarket.com/cards,Profiteer,nonfoil,0.27,https://bilgewatermarket.com/cards/VEN-082?print_variation=promo,promo,,¥0.50,$0.27,VEN-082,Profiteer VEN-082/166 CN ¥0.50 EN $0.27
2026-09-11T19:27:05+00:00,https://bilgewatermarket.com/cards,Rampage,foil,0.88,https://bilgewatermarket.com/cards/VEN-083?print_variation=foiled,foiled,,¥7.47,$0.88,VEN-083,Rampage VEN-083/166 Foiled CN ¥7.47 EN $0.88
2026-09-11T19:27:05+00:00,https://bilgewatermarket.com/cards,Rampage,nonfoil,0.24,https://bilgewatermarket.com/cards/VEN-083,normal,,¥1.50,$0.24,VEN-083,Rampage VEN-083/166 CN ¥1.50 EN $0.24
2026-09-11T19:27:05+00:00,https://bilgewatermarket.com/cards,"Ambessa, The Wolf",nonfoil,0.18,https://bilgewatermarket.com/cards/VEN-084,normal,,¥1.93,$0.18,VEN-084,"Ambessa, The Wolf VEN-084/166 CN ¥1.93 EN $0.18"
2026-09-11T19:27:05+00:00,https://bilgewatermarket.com/cards,"Ambessa, The Wolf",nonfoil,1.97,https://bilgewatermarket.com/cards/VEN-084a?print_variation=showcase,showcase,,¥9.63,$1.97,VEN-084a,"Ambessa, The Wolf VEN-084a/166 Showcase CN ¥9.63 EN $1.97"
2026-09-11T19:27:05+00:00,https://bilgewatermarket.com/cards,Decree of Strength,nonfoil,0.27,https://bilgewatermarket.com/cards/VEN-085,normal,,¥3.65,$0.27,VEN-085,Decree of Strength VEN-085/166 CN ¥3.65 EN $0.27
2026-09-11T19:27:05+00:00,https://bilgewatermarket.com/cards,"Gangplank, Naval",nonfoil,0.22,https://bilgewatermarket.com/cards/VEN-086,normal,,¥1.58,$0.22,VEN-086,"Gangplank, Naval VEN-086/166 CN ¥1.58 EN $0.22"
2026-09-11T19:27:05+00:00,https://bilgewatermarket.com/cards,Hextech Disc,nonfoil,0.17,https://bilgewatermarket.com/cards/VEN-087,normal,,¥1.02,$0.17,VEN-087,Hextech Disc VEN-087/166 CN ¥1.02 EN $0.17
2026-09-11T19:27:05+00:00,https://bilgewatermarket.com/cards,"Jayce, Hammer in Hand",nonfoil,0.14,https://bilgewatermarket.com/cards/VEN-088,normal,,¥1.58,$0.14,VEN-088,"Jayce, Hammer in Hand VEN-088/166 CN ¥1.58 EN $0.14"
2026-09-11T19:27:05+00:00,https://bilgewatermarket.com/cards,"Jayce, Hammer in Hand",nonfoil,1.18,https://bilgewatermarket.com/cards/VEN-088a?print_variation=showcase,showcase,,¥4.96,$1.18,VEN-088a,"Jayce, Hammer in Hand VEN-088a/166 Showcase CN ¥4.96 EN $1.18"
2026-09-11T19:27:05+00:00,https://bilgewatermarket.com/cards,Wild Claw,nonfoil,0.13,https://bilgewatermarket.com/cards/VEN-089,normal,,¥0.58,$0.13,VEN-089,Wild Claw VEN-089/166 CN ¥0.58 EN $0.13
2026-09-11T19:27:05+00:00,https://bilgewatermarket.com/cards,Cataclysmic Duel,nonfoil,0.55,https://bilgewatermarket.com/cards/VEN-090,normal,,¥2.51,$0.55,VEN-090,Cataclysmic Duel VEN-090/166 CN ¥2.51 EN $0.55
2026-09-11T19:27:05+00:00,https://bilgewatermarket.com/cards,Corrupted Dragon,nonfoil,0.64,https://bilgewatermarket.com/cards/VEN-091,normal,,¥3.72,$0.64,VEN-091,Corrupted Dragon VEN-091/166 CN ¥3.72 EN $0.64
2026-09-11T19:27:05+00:00,https://bilgewatermarket.com/cards,"Renekton, Brute",nonfoil,0.34,https://bilgewatermarket.com/cards/VEN-092,normal,,¥1.33,$0.34,VEN-092,"Renekton, Brute VEN-092/166 CN ¥1.33 EN $0.34"
2026-09-11T19:27:05+00:00,https://bilgewatermarket.com/cards,"Renekton, Brute",nonfoil,1.93,https://bilgewatermarket.com/cards/VEN-092a?print_variation=showcase,showcase,,¥5.62,$1.93,VEN-092a,"Renekton, Brute VEN-092a/166 Showcase CN ¥5.62 EN $1.93"
2026-09-11T19:27:05+00:00,https://bilgewatermarket.com/cards,Kinkou Lifeblade,foil,0.13,https://bilgewatermarket.com/cards/VEN-093?print_variation=foiled,foiled,,¥0.51,$0.13,VEN-093,Kinkou Lifeblade VEN-093/166 Foiled CN ¥0.51 EN $0.13
2026-09-11T19:27:05+00:00,https://bilgewatermarket.com/cards,Kinkou Lifeblade,nonfoil,0.06,https://bilgewatermarket.com/cards/VEN-093,normal,,¥0.50,$0.06,VEN-093,Kinkou Lifeblade VEN-093/166 CN ¥0.50 EN $0.06
2026-09-11T19:27:05+00:00,https://bilgewatermarket.com/cards,Mask Mother,foil,0.26,https://bilgewatermarket.com/cards/VEN-094?print_variation=foiled,foiled,,¥1.14,$0.26,VEN-094,Mask Mother VEN-094/166 Foiled CN ¥1.14 EN $0.26
2026-09-11T19:27:05+00:00,https://bilgewatermarket.com/cards,Mask Mother,nonfoil,0.07,https://bilgewatermarket.com/cards/VEN-094,normal,,¥0.50,$0.07,VEN-094,Mask Mother VEN-094/166 CN ¥0.50 EN $0.07
2026-09-11T19:27:05+00:00,https://bilgewatermarket.com/cards,Shadow Order Disciple,foil,0.30,https://bilgewatermarket.com/cards/VEN-095?print_variation=foiled,foiled,,¥2.13,$0.30,VEN-095,Shadow Order Disciple VEN-095/166 Foiled CN ¥2.13 EN $0.30
2026-09-11T19:27:05+00:00,https://bilgewatermarket.com/cards,Shadow Order Disciple,nonfoil,0.06,https://bilgewatermarket.com/cards/VEN-095,normal,,¥0.60,$0.06,VEN-095,Shadow Order Disciple VEN-095/166 CN ¥0.60 EN $0.06
2026-09-11T19:27:05+00:00,https://bilgewatermarket.com/cards,Shadowblade Lurker,foil,0.27,https://bilgewatermarket.com/cards/VEN-096?print_variation=foiled,foiled,,¥2.66,$0.27,VEN-096,Shadowblade Lurker VEN-096/166 Foiled CN ¥2.66 EN $0.27
2026-09-11T19:27:05+00:00,https://bilgewatermarket.com/cards,Shadowblade Lurker,nonfoil,0.04,https://bilgewatermarket.com/cards/VEN-096,normal,,¥0.51,$0.04,VEN-096,Shadowblade Lurker VEN-096/166 CN ¥0.51 EN $0.04
2026-09-11T19:27:05+00:00,https://bilgewatermarket.com/cards,Spiderling,foil,0.59,https://bilgewatermarket.com/cards/VEN-097?print_variation=foiled,foiled,,¥1.16,$0.59,VEN-097,Spiderling VEN-097/166 Foiled CN ¥1.16 EN $0.59
2026-09-11T19:27:05+00:00,https://bilgewatermarket.com/cards,Spiderling,nonfoil,0.28,https://bilgewatermarket.com/cards/VEN-097,normal,,¥0.70,$0.28,VEN-097,Spiderling VEN-097/166 CN ¥0.70 EN $0.28
2026-09-11T19:27:05+00:00,https://bilgewatermarket.com/cards,Spiderling,nonfoil,0.59,https://bilgewatermarket.com/cards/VEN-097?print_variation=promo,promo,,¥2.00,$0.59,VEN-097,Spiderling VEN-097/166 CN ¥2.00 EN $0.59
2026-09-11T19:27:05+00:00,https://bilgewatermarket.com/cards,Stargazer,foil,0.14,https://bilgewatermarket.com/cards/VEN-098?print_variation=foiled,foiled,,¥0.51,$0.14,VEN-098,Stargazer VEN-098/166 Foiled CN ¥0.51 EN $0.14
2026-09-11T19:27:05+00:00,https://bilgewatermarket.com/cards,Stargazer,nonfoil,0.05,https://bilgewatermarket.com/cards/VEN-098,normal,,¥0.50,$0.05,VEN-098,Stargazer VEN-098/166 CN ¥0.50 EN $0.05
2026-09-11T19:27:05+00:00,https://bilgewatermarket.com/cards,Tornado Warrior,foil,0.24,https://bilgewatermarket.com/cards/VEN-099?print_variation=foiled,foiled,,¥2.67,$0.24,VEN-099,Tornado Warrior VEN-099/166 Foiled CN ¥2.67 EN $0.24
2026-09-11T19:27:05+00:00,https://bilgewatermarket.com/cards,Tornado Warrior,nonfoil,0.05,https://bilgewatermarket.com/cards/VEN-099,normal,,¥0.53,$0.05,VEN-099,Tornado Warrior VEN-099/166 CN ¥0.53 EN $0.05
2026-09-11T19:27:05+00:00,https://bilgewatermarket.com/cards,Tornado Warrior,nonfoil,0.24,https://bilgewatermarket.com/cards/VEN-099?print_variation=promo,promo,,¥1.08,$0.24,VEN-099,Tornado Warrior VEN-099/166 CN ¥1.08 EN $0.24
2026-09-11T19:27:05+00:00,https://bilgewatermarket.com/cards,Up from the Deep,foil,0.66,https://bilgewatermarket.com/cards/VEN-100?print_variation=foiled,foiled,,¥2.05,$0.66,VEN-100,Up from the Deep VEN-100/166 Foiled CN ¥2.05 EN $0.66
2026-09-11T19:27:05+00:00,https://bilgewatermarket.com/cards,Up from the Deep,nonfoil,0.15,https://bilgewatermarket.com/cards/VEN-100,normal,,¥0.60,$0.15,VEN-100,Up from the Deep VEN-100/166 CN ¥0.60 EN $0.15
2026-09-11T19:27:05+00:00,https://bilgewatermarket.com/cards,Gust Monk,foil,0.31,https://bilgewatermarket.com/cards/VEN-101?print_variation=foiled,foiled,,¥3.75,$0.31,VEN-101,Gust Monk VEN-101/166 Foiled CN ¥3.75 EN $0.31
2026-09-11T19:27:05+00:00,https://bilgewatermarket.com/cards,Gust Monk,nonfoil,0.17,https://bilgewatermarket.com/cards/VEN-101,normal,,¥1.40,$0.17,VEN-101,Gust Monk VEN-101/166 CN ¥1.40 EN $0.17
2026-09-11T19:27:05+00:00,https://bilgewatermarket.com/cards,Gust Monk,nonfoil,0.31,https://bilgewatermarket.com/cards/VEN-101?print_variation=promo,promo,,¥3.10,$0.31,VEN-101,Gust Monk VEN-101/166 CN ¥3.10 EN $0.31
2026-09-11T19:27:05+00:00,https://bilgewatermarket.com/cards,Ravenbloom Prefect,foil,1.37,https://bilgewatermarket.com/cards/VEN-102?print_variation=foiled,foiled,,¥11.34,$1.37,VEN-102,Ravenbloom Prefect VEN-102/166 Foiled CN ¥11.34 EN $1.37
2026-09-11T19:27:05+00:00,https://bilgewatermarket.com/cards,Ravenbloom Prefect,nonfoil,0.16,https://bilgewatermarket.com/cards/VEN-102,normal,,¥1.83,$0.16,VEN-102,Ravenbloom Prefect VEN-102/166 CN ¥1.83 EN $0.16
2026-09-11T19:27:05+00:00,https://bilgewatermarket.com/cards,Shadows of the Past,foil,0.29,https://bilgewatermarket.com/cards/VEN-103?print_variation=foiled,foiled,,¥5.04,$0.29,VEN-103,Shadows of the Past VEN-103/166 Foiled CN ¥5.04 EN $0.29
2026-09-11T19:27:05+00:00,https://bilgewatermarket.com/cards,Shadows of the Past,nonfoil,0.10,https://bilgewatermarket.com/cards/VEN-103,normal,,¥0.97,$0.10,VEN-103,Shadows of the Past VEN-103/166 CN ¥0.97 EN $0.10
2026-09-11T19:27:05+00:00,https://bilgewatermarket.com/cards,Tail-Cloaked Matriarch,foil,0.48,https://bilgewatermarket.com/cards/VEN-104?print_variation=foiled,foiled,,¥3.65,$0.48,VEN-104,Tail-Cloaked Matriarch VEN-104/166 Foiled CN ¥3.65 EN $0.48
2026-09-11T19:27:05+00:00,https://bilgewatermarket.com/cards,Tail-Cloaked Matriarch,nonfoil,0.20,https://bilgewatermarket.com/cards/VEN-104,normal,,¥1.95,$0.20,VEN-104,Tail-Cloaked Matriarch VEN-104/166 CN ¥1.95 EN $0.20
2026-09-11T19:27:05+00:00,https://bilgewatermarket.com/cards,Twilight Step,foil,0.36,https://bilgewatermarket.com/cards/VEN-105?print_variation=foiled,foiled,,¥1.35,$0.36,VEN-105,Twilight Step VEN-105/166 Foiled CN ¥1.35 EN $0.36
2026-09-11T19:27:05+00:00,https://bilgewatermarket.com/cards,Twilight Step,nonfoil,0.10,https://bilgewatermarket.com/cards/VEN-105,normal,,¥0.51,$0.10,VEN-105,Twilight Step VEN-105/166 CN ¥0.51 EN $0.10
2026-09-11T19:27:05+00:00,https://bilgewatermarket.com/cards,Wind and Ghosts,foil,0.59,https://bilgewatermarket.com/cards/VEN-106?print_variation=foiled,foiled,,¥3.53,$0.59,VEN-106,Wind and Ghosts VEN-106/166 Foiled CN ¥3.53 EN $0.59
2026-09-11T19:27:05+00:00,https://bilgewatermarket.com/cards,Wind and Ghosts,nonfoil,0.10,https://bilgewatermarket.com/cards/VEN-106,normal,,¥1.91,$0.10,VEN-106,Wind and Ghosts VEN-106/166 CN ¥1.91 EN $0.10
2026-09-11T19:27:05+00:00,https://bilgewatermarket.com/cards,Decree of Discord,nonfoil,0.19,https://bilgewatermarket.com/cards/VEN-107,normal,,¥1.67,$0.19,VEN-107,Decree of Discord VEN-107/166 CN ¥1.67 EN $0.19
2026-09-11T19:27:05+00:00,https://bilgewatermarket.com/cards,Forgotten Relic,nonfoil,0.12,https://bilgewatermarket.com/cards/VEN-108,normal,,¥0.68,$0.12,VEN-108,Forgotten Relic VEN-108/166 CN ¥0.68 EN $0.12
2026-09-11T19:27:05+00:00,https://bilgewatermarket.com/cards,"Illaoi, Prophet of the Great Kraken",nonfoil,0.24,https://bilgewatermarket.com/cards/VEN-109,normal,,¥1.29,$0.24,VEN-109,"Illaoi, Prophet of the Great Kraken VEN-109/166 CN ¥1.29 EN $0.24"
2026-09-11T19:27:05+00:00,https://bilgewatermarket.com/cards,"Mel, Defiant Soul",nonfoil,0.14,https://bilgewatermarket.com/cards/VEN-110,normal,,¥1.02,$0.14,VEN-110,"Mel, Defiant Soul VEN-110/166 CN ¥1.02 EN $0.14"
2026-09-11T19:27:05+00:00,https://bilgewatermarket.com/cards,"Mel, Defiant Soul",nonfoil,1.43,https://bilgewatermarket.com/cards/VEN-110a?print_variation=showcase,showcase,,¥6.13,$1.43,VEN-110a,"Mel, Defiant Soul VEN-110a/166 Showcase CN ¥6.13 EN $1.43"
2026-09-11T19:27:05+00:00,https://bilgewatermarket.com/cards,Minah Swiftfoot,nonfoil,0.13,https://bilgewatermarket.com/cards/VEN-111,normal,,¥0.55,$0.13,VEN-111,Minah Swiftfoot VEN-111/166 CN ¥0.55 EN $0.13
2026-09-11T19:27:05+00:00,https://bilgewatermarket.com/cards,"Zed, Without a Sound",nonfoil,0.17,https://bilgewatermarket.com/cards/VEN-112,normal,,¥1.06,$0.17,VEN-112,"Zed, Without a Sound VEN-112/166 CN ¥1.06 EN $0.17"
2026-09-11T19:27:05+00:00,https://bilgewatermarket.com/cards,"Zed, Without a Sound",nonfoil,3.51,https://bilgewatermarket.com/cards/VEN-112a?print_variation=showcase,showcase,,¥7.06,$3.51,VEN-112a,"Zed, Without a Sound VEN-112a/166 Showcase CN ¥7.06 EN $3.51"
2026-09-11T19:27:05+00:00,https://bilgewatermarket.com/cards,"Kennen, Storm of Shuriken",nonfoil,2.25,https://bilgewatermarket.com/cards/VEN-113,normal,,¥13.38,$2.25,VEN-113,"Kennen, Storm of Shuriken VEN-113/166 CN ¥13.38 EN $2.25"
2026-09-11T19:27:05+00:00,https://bilgewatermarket.com/cards,"Kennen, Storm of Shuriken",nonfoil,4.76,https://bilgewatermarket.com/cards/VEN-113a?print_variation=showcase,showcase,,¥25.92,$4.76,VEN-113a,"Kennen, Storm of Shuriken VEN-113a/166 Showcase CN ¥25.92 EN $4.76"
2026-09-11T19:27:05+00:00,https://bilgewatermarket.com/cards,Kharox,nonfoil,4.12,https://bilgewatermarket.com/cards/VEN-114,normal,,¥15.63,$4.12,VEN-114,Kharox VEN-114/166 CN ¥15.63 EN $4.12
2026-09-11T19:27:05+00:00,https://bilgewatermarket.com/cards,Ocean Drake,nonfoil,1.06,https://bilgewatermarket.com/cards/VEN-115,normal,,¥7.60,$1.06,VEN-115,Ocean Drake VEN-115/166 CN ¥7.60 EN $1.06
2026-09-11T19:27:05+00:00,https://bilgewatermarket.com/cards,Dragon Form,foil,0.26,https://bilgewatermarket.com/cards/VEN-116?print_variation=foiled,foiled,,¥1.11,$0.26,VEN-116,Dragon Form VEN-116/166 Foiled CN ¥1.11 EN $0.26
2026-09-11T19:27:05+00:00,https://bilgewatermarket.com/cards,Dragon Form,nonfoil,0.07,https://bilgewatermarket.com/cards/VEN-116,normal,,¥0.52,$0.07,VEN-116,Dragon Form VEN-116/166 CN ¥0.52 EN $0.07
2026-09-11T19:27:05+00:00,https://bilgewatermarket.com/cards,Disciple of Shen,foil,0.21,https://bilgewatermarket.com/cards/VEN-117?print_variation=foiled,foiled,,¥0.87,$0.21,VEN-117,Disciple of Shen VEN-117/166 Foiled CN ¥0.87 EN $0.21
2026-09-11T19:27:05+00:00,https://bilgewatermarket.com/cards,Disciple of Shen,nonfoil,0.06,https://bilgewatermarket.com/cards/VEN-117,normal,,¥0.51,$0.06,VEN-117,Disciple of Shen VEN-117/166 CN ¥0.51 EN $0.06
2026-09-11T19:27:05+00:00,https://bilgewatermarket.com/cards,Horns of the Dragon,foil,0.13,https://bilgewatermarket.com/cards/VEN-118?print_variation=foiled,foiled,,¥0.50,$0.13,VEN-118,Horns of the Dragon VEN-118/166 Foiled CN ¥0.50 EN $0.13
2026-09-11T19:27:05+00:00,https://bilgewatermarket.com/cards,Horns of the Dragon,nonfoil,0.03,https://bilgewatermarket.com/cards/VEN-118,normal,,¥0.50,$0.03,VEN-118,Horns of the Dragon VEN-118/166 CN ¥0.50 EN $0.03
2026-09-11T19:27:05+00:00,https://bilgewatermarket.com/cards,Horns of the Dragon,nonfoil,0.13,https://bilgewatermarket.com/cards/VEN-118?print_variation=promo,promo,,¥0.50,$0.13,VEN-118,Horns of the Dragon VEN-118/166 CN ¥0.50 EN $0.13
2026-09-11T19:27:05+00:00,https://bilgewatermarket.com/cards,Keeper of Law,foil,0.13,https://bilgewatermarket.com/cards/VEN-119?print_variation=foiled,foiled,,¥0.65,$0.13,VEN-119,Keeper of Law VEN-119/166 Foiled CN ¥0.65 EN $0.13
2026-09-11T19:27:05+00:00,https://bilgewatermarket.com/cards,Keeper of Law,nonfoil,0.05,https://bilgewatermarket.com/cards/VEN-119,normal,,¥0.50,$0.05,VEN-119,Keeper of Law VEN-119/166 CN ¥0.50 EN $0.05
2026-09-11T19:27:05+00:00,https://bilgewatermarket.com/cards,"Masa, Crashing Thunder",foil,0.16,https://bilgewatermarket.com/cards/VEN-120?print_variation=foiled,foiled,,¥0.50,$0.16,VEN-120,"Masa, Crashing Thunder VEN-120/166 Foiled CN ¥0.50 EN $0.16"
2026-09-11T19:27:05+00:00,https://bilgewatermarket.com/cards,"Masa, Crashing Thunder",nonfoil,0.07,https://bilgewatermarket.com/cards/VEN-120,normal,,¥0.50,$0.07,VEN-120,"Masa, Crashing Thunder VEN-120/166 CN ¥0.50 EN $0.07"
2026-09-11T19:27:05+00:00,https://bilgewatermarket.com/cards,Reluctant Leader,foil,0.13,https://bilgewatermarket.com/cards/VEN-121?print_variation=foiled,foiled,,¥0.50,$0.13,VEN-121,Reluctant Leader VEN-121/166 Foiled CN ¥0.50 EN $0.13
2026-09-11T19:27:05+00:00,https://bilgewatermarket.com/cards,Reluctant Leader,nonfoil,0.06,https://bilgewatermarket.com/cards/VEN-121,normal,,¥0.50,$0.06,VEN-121,Reluctant Leader VEN-121/166 CN ¥0.50 EN $0.06
2026-09-11T19:27:05+00:00,https://bilgewatermarket.com/cards,Solari Sunhawk,foil,0.42,https://bilgewatermarket.com/cards/VEN-122?print_variation=foiled,foiled,,¥1.06,$0.42,VEN-122,Solari Sunhawk VEN-122/166 Foiled CN ¥1.06 EN $0.42
2026-09-11T19:27:05+00:00,https://bilgewatermarket.com/cards,Solari Sunhawk,nonfoil,0.11,https://bilgewatermarket.com/cards/VEN-122,normal,,¥0.51,$0.11,VEN-122,Solari Sunhawk VEN-122/166 CN ¥0.51 EN $0.11
2026-09-11T19:27:05+00:00,https://bilgewatermarket.com/cards,Soulspinner,foil,0.16,https://bilgewatermarket.com/cards/VEN-123?print_variation=foiled,foiled,,¥0.50,$0.16,VEN-123,Soulspinner VEN-123/166 Foiled CN ¥0.50 EN $0.16
2026-09-11T19:27:05+00:00,https://bilgewatermarket.com/cards,Soulspinner,nonfoil,0.04,https://bilgewatermarket.com/cards/VEN-123,normal,,¥0.50,$0.04,VEN-123,Soulspinner VEN-123/166 CN ¥0.50 EN $0.04
2026-09-11T19:27:05+00:00,https://bilgewatermarket.com/cards,Soulspinner,nonfoil,0.16,https://bilgewatermarket.com/cards/VEN-123?print_variation=promo,promo,,¥0.50,$0.16,VEN-123,Soulspinner VEN-123/166 CN ¥0.50 EN $0.16
2026-09-11T19:27:05+00:00,https://bilgewatermarket.com/cards,Escaped Grayback,foil,0.33,https://bilgewatermarket.com/cards/VEN-124?print_variation=foiled,foiled,,¥1.02,$0.33,VEN-124,Escaped Grayback VEN-124/166 Foiled CN ¥1.02 EN $0.33
2026-09-11T19:27:05+00:00,https://bilgewatermarket.com/cards,Escaped Grayback,nonfoil,0.17,https://bilgewatermarket.com/cards/VEN-124,normal,,¥0.57,$0.17,VEN-124,Escaped Grayback VEN-124/166 CN ¥0.57 EN $0.17
2026-09-11T19:27:05+00:00,https://bilgewatermarket.com/cards,Hungry Wolf,foil,0.18,https://bilgewatermarket.com/cards/VEN-125?print_variation=foiled,foiled,,¥1.00,$0.18,VEN-125,Hungry Wolf VEN-125/166 Foiled CN ¥1.00 EN $0.18
2026-09-11T19:27:05+00:00,https://bilgewatermarket.com/cards,Hungry Wolf,nonfoil,0.05,https://bilgewatermarket.com/cards/VEN-125,normal,,¥0.51,$0.05,VEN-125,Hungry Wolf VEN-125/166 CN ¥0.51 EN $0.05
2026-09-11T19:27:05+00:00,https://bilgewatermarket.com/cards,Hungry Wolf,nonfoil,0.18,https://bilgewatermarket.com/cards/VEN-125?print_variation=promo,promo,,¥0.50,$0.18,VEN-125,Hungry Wolf VEN-125/166 CN ¥0.50 EN $0.18
2026-09-11T19:27:05+00:00,https://bilgewatermarket.com/cards,Ki Barrier,foil,0.34,https://bilgewatermarket.com/cards/VEN-126?print_variation=foiled,foiled,,¥3.64,$0.34,VEN-126,Ki Barrier VEN-126/166 Foiled CN ¥3.64 EN $0.34
2026-09-11T19:27:05+00:00,https://bilgewatermarket.com/cards,Ki Barrier,nonfoil,0.13,https://bilgewatermarket.com/cards/VEN-126,normal,,¥1.09,$0.13,VEN-126,Ki Barrier VEN-126/166 CN ¥1.09 EN $0.13
2026-09-11T19:27:05+00:00,https://bilgewatermarket.com/cards,Lacerate,foil,0.30,https://bilgewatermarket.com/cards/VEN-127?print_variation=foiled,foiled,,¥4.46,$0.30,VEN-127,Lacerate VEN-127/166 Foiled CN ¥4.46 EN $0.30
2026-09-11T19:27:05+00:00,https://bilgewatermarket.com/cards,Lacerate,nonfoil,0.10,https://bilgewatermarket.com/cards/VEN-127,normal,,¥2.02,$0.10,VEN-127,Lacerate VEN-127/166 CN ¥2.02 EN $0.10
2026-09-11T19:27:05+00:00,https://bilgewatermarket.com/cards,Noxian Emissary,foil,0.40,https://bilgewatermarket.com/cards/VEN-128?print_variation=foiled,foiled,,¥3.01,$0.40,VEN-128,Noxian Emissary VEN-128/166 Foiled CN ¥3.01 EN $0.40
2026-09-11T19:27:05+00:00,https://bilgewatermarket.com/cards,Noxian Emissary,nonfoil,0.15,https://bilgewatermarket.com/cards/VEN-128,normal,,¥1.14,$0.15,VEN-128,Noxian Emissary VEN-128/166 CN ¥1.14 EN $0.15
2026-09-11T19:27:05+00:00,https://bilgewatermarket.com/cards,Sacred Protector,foil,0.33,https://bilgewatermarket.com/cards/VEN-129?print_variation=foiled,foiled,,¥0.51,$0.33,VEN-129,Sacred Protector VEN-129/166 Foiled CN ¥0.51 EN $0.33
2026-09-11T19:27:05+00:00,https://bilgewatermarket.com/cards,Sacred Protector,nonfoil,0.08,https://bilgewatermarket.com/cards/VEN-129,normal,,¥0.51,$0.08,VEN-129,Sacred Protector VEN-129/166 CN ¥0.51 EN $0.08
2026-09-11T19:27:05+00:00,https://bilgewatermarket.com/cards,Aurok General,nonfoil,0.15,https://bilgewatermarket.com/cards/VEN-130,normal,,¥0.59,$0.15,VEN-130,Aurok General VEN-130/166 CN ¥0.59 EN $0.15
2026-09-11T19:27:05+00:00,https://bilgewatermarket.com/cards,Decree of Unity,nonfoil,0.43,https://bilgewatermarket.com/cards/VEN-131,normal,,¥2.40,$0.43,VEN-131,Decree of Unity VEN-131/166 CN ¥2.40 EN $0.43
2026-09-11T19:27:05+00:00,https://bilgewatermarket.com/cards,Fallen Feline,nonfoil,0.25,https://bilgewatermarket.com/cards/VEN-132,normal,,¥2.74,$0.25,VEN-132,Fallen Feline VEN-132/166 CN ¥2.74 EN $0.25
2026-09-11T19:27:05+00:00,https://bilgewatermarket.com/cards,Glowstone,nonfoil,0.17,https://bilgewatermarket.com/cards/VEN-133,normal,,¥0.74,$0.17,VEN-133,Glowstone VEN-133/166 CN ¥0.74 EN $0.17
2026-09-11T19:27:05+00:00,https://bilgewatermarket.com/cards,"Kayle, Justified",nonfoil,0.32,https://bilgewatermarket.com/cards/VEN-134,normal,,¥2.31,$0.32,VEN-134,"Kayle, Justified VEN-134/166 CN ¥2.31 EN $0.32"
2026-09-11T19:27:05+00:00,https://bilgewatermarket.com/cards,"Kennen, Keeper of Balance",nonfoil,0.32,https://bilgewatermarket.com/cards/VEN-135,normal,,¥2.76,$0.32,VEN-135,"Kennen, Keeper of Balance VEN-135/166 CN ¥2.76 EN $0.32"
2026-09-11T19:27:05+00:00,https://bilgewatermarket.com/cards,"Kennen, Keeper of Balance",nonfoil,4.44,https://bilgewatermarket.com/cards/VEN-135a?print_variation=showcase,showcase,,¥9.56,$4.44,VEN-135a,"Kennen, Keeper of Balance VEN-135a/166 Showcase CN ¥9.56 EN $4.44"
2026-09-11T19:27:05+00:00,https://bilgewatermarket.com/cards,"Ambessa, Respected and Feared",nonfoil,0.44,https://bilgewatermarket.com/cards/VEN-136,normal,,¥3.11,$0.44,VEN-136,"Ambessa, Respected and Feared VEN-136/166 CN ¥3.11 EN $0.44"
2026-09-11T19:27:05+00:00,https://bilgewatermarket.com/cards,"Ambessa, Respected and Feared",nonfoil,2.81,https://bilgewatermarket.com/cards/VEN-136a?print_variation=showcase,showcase,,¥9.12,$2.81,VEN-136a,"Ambessa, Respected and Feared VEN-136a/166 Showcase CN ¥9.12 EN $2.81"
2026-09-11T19:27:05+00:00,https://bilgewatermarket.com/cards,Shady Spectacles,nonfoil,1.23,https://bilgewatermarket.com/cards/VEN-137,normal,,¥8.45,$1.23,VEN-137,Shady Spectacles VEN-137/166 CN ¥8.45 EN $1.23
2026-09-11T19:27:05+00:00,https://bilgewatermarket.com/cards,"Shen, Leader of the Kinkou Order",nonfoil,0.32,https://bilgewatermarket.com/cards/VEN-138,normal,,¥1.11,$0.32,VEN-138,"Shen, Leader of the Kinkou Order VEN-138/166 CN ¥1.11 EN $0.32"
2026-09-11T19:27:05+00:00,https://bilgewatermarket.com/cards,"Shen, Leader of the Kinkou Order",nonfoil,1.84,https://bilgewatermarket.com/cards/VEN-138a?print_variation=showcase,showcase,,¥7.93,$1.84,VEN-138a,"Shen, Leader of the Kinkou Order VEN-138a/166 Showcase CN ¥7.93 EN $1.84"
2026-09-11T19:27:05+00:00,https://bilgewatermarket.com/cards,"Akali, Rogue Assassin",nonfoil,0.22,https://bilgewatermarket.com/cards/VEN-139,normal,,¥0.63,$0.22,VEN-139,"Akali, Rogue Assassin VEN-139/166 CN ¥0.63 EN $0.22"
2026-09-11T19:27:05+00:00,https://bilgewatermarket.com/cards,Shuriken Flip,nonfoil,12.73,https://bilgewatermarket.com/cards/VEN-140,normal,,¥36.14,$12.73,VEN-140,Shuriken Flip VEN-140/166 CN ¥36.14 EN $12.73
2026-09-11T19:27:05+00:00,https://bilgewatermarket.com/cards,"Renekton, Butcher of the Sands",nonfoil,0.15,https://bilgewatermarket.com/cards/VEN-141,normal,,¥0.56,$0.15,VEN-141,"Renekton, Butcher of the Sands VEN-141/166 CN ¥0.56 EN $0.15"
2026-09-11T19:27:05+00:00,https://bilgewatermarket.com/cards,Dominus,nonfoil,0.69,https://bilgewatermarket.com/cards/VEN-142,normal,,¥3.60,$0.69,VEN-142,Dominus VEN-142/166 CN ¥3.60 EN $0.69
2026-09-11T19:27:05+00:00,https://bilgewatermarket.com/cards,"Zed, Master of Shadows",nonfoil,0.09,https://bilgewatermarket.com/cards/VEN-143,normal,,¥0.57,$0.09,VEN-143,"Zed, Master of Shadows VEN-143/166 CN ¥0.57 EN $0.09"
2026-09-11T19:27:05+00:00,https://bilgewatermarket.com/cards,Death Mark,nonfoil,1.23,https://bilgewatermarket.com/cards/VEN-144,normal,,¥6.61,$1.23,VEN-144,Death Mark VEN-144/166 CN ¥6.61 EN $1.23
2026-09-11T19:27:05+00:00,https://bilgewatermarket.com/cards,"Nasus, Curator of the Sands",nonfoil,0.12,https://bilgewatermarket.com/cards/VEN-145,normal,,¥0.60,$0.12,VEN-145,"Nasus, Curator of the Sands VEN-145/166 CN ¥0.60 EN $0.12"
2026-09-11T19:27:05+00:00,https://bilgewatermarket.com/cards,Siphoning Strike,nonfoil,1.29,https://bilgewatermarket.com/cards/VEN-146,normal,,¥9.91,$1.29,VEN-146,Siphoning Strike VEN-146/166 CN ¥9.91 EN $1.29
2026-09-11T19:27:05+00:00,https://bilgewatermarket.com/cards,"Shen, Eye of Twilight",nonfoil,0.07,https://bilgewatermarket.com/cards/VEN-147,normal,,¥0.53,$0.07,VEN-147,"Shen, Eye of Twilight VEN-147/166 CN ¥0.53 EN $0.07"
2026-09-11T19:27:05+00:00,https://bilgewatermarket.com/cards,Shadow Dash,nonfoil,0.44,https://bilgewatermarket.com/cards/VEN-148,normal,,¥2.61,$0.44,VEN-148,Shadow Dash VEN-148/166 CN ¥2.61 EN $0.44
2026-09-11T19:27:05+00:00,https://bilgewatermarket.com/cards,"Jayce, Defender of Tomorrow",nonfoil,0.10,https://bilgewatermarket.com/cards/VEN-149,normal,,¥0.65,$0.10,VEN-149,"Jayce, Defender of Tomorrow VEN-149/166 CN ¥0.65 EN $0.10"
2026-09-11T19:27:05+00:00,https://bilgewatermarket.com/cards,Acceleration Gate,nonfoil,0.98,https://bilgewatermarket.com/cards/VEN-150,normal,,¥12.27,$0.98,VEN-150,Acceleration Gate VEN-150/166 CN ¥12.27 EN $0.98
2026-09-11T19:27:05+00:00,https://bilgewatermarket.com/cards,"Mel, Soul's Reflection",nonfoil,0.11,https://bilgewatermarket.com/cards/VEN-151,normal,,¥0.67,$0.11,VEN-151,"Mel, Soul's Reflection VEN-151/166 CN ¥0.67 EN $0.11"
2026-09-11T19:27:05+00:00,https://bilgewatermarket.com/cards,Rebuttal,nonfoil,3.18,https://bilgewatermarket.com/cards/VEN-152,normal,,¥18.03,$3.18,VEN-152,Rebuttal VEN-152/166 CN ¥18.03 EN $3.18
2026-09-11T19:27:05+00:00,https://bilgewatermarket.com/cards,"Ambessa, Matriarch of War",nonfoil,0.13,https://bilgewatermarket.com/cards/VEN-153,normal,,¥0.52,$0.13,VEN-153,"Ambessa, Matriarch of War VEN-153/166 CN ¥0.52 EN $0.13"
2026-09-11T19:27:05+00:00,https://bilgewatermarket.com/cards,Public Execution,nonfoil,1.60,https://bilgewatermarket.com/cards/VEN-154,normal,,¥7.78,$1.60,VEN-154,Public Execution VEN-154/166 CN ¥7.78 EN $1.60
2026-09-11T19:27:05+00:00,https://bilgewatermarket.com/cards,"Kennen, Heart of the Tempest",nonfoil,0.13,https://bilgewatermarket.com/cards/VEN-155,normal,,¥0.72,$0.13,VEN-155,"Kennen, Heart of the Tempest VEN-155/166 CN ¥0.72 EN $0.13"
2026-09-11T19:27:05+00:00,https://bilgewatermarket.com/cards,Lightning Rush,nonfoil,10.10,https://bilgewatermarket.com/cards/VEN-156,normal,,¥60.38,$10.10,VEN-156,Lightning Rush VEN-156/166 CN ¥60.38 EN $10.10
2026-09-11T19:27:05+00:00,https://bilgewatermarket.com/cards,Dragon Roost,foil,0.63,https://bilgewatermarket.com/cards/VEN-157?print_variation=foiled,foiled,,¥1.56,$0.63,VEN-157,Dragon Roost VEN-157/166 Foiled CN ¥1.56 EN $0.63
2026-09-11T19:27:05+00:00,https://bilgewatermarket.com/cards,Dragon Roost,nonfoil,0.13,https://bilgewatermarket.com/cards/VEN-157,normal,,¥0.69,$0.13,VEN-157,Dragon Roost VEN-157/166 CN ¥0.69 EN $0.13
2026-09-11T19:27:05+00:00,https://bilgewatermarket.com/cards,"Heisho, Shell of the World",foil,1.10,https://bilgewatermarket.com/cards/VEN-158?print_variation=foiled,foiled,,¥3.24,$1.10,VEN-158,"Heisho, Shell of the World VEN-158/166 Foiled CN ¥3.24 EN $1.10"
2026-09-11T19:27:05+00:00,https://bilgewatermarket.com/cards,"Heisho, Shell of the World",nonfoil,0.13,https://bilgewatermarket.com/cards/VEN-158,normal,,¥1.18,$0.13,VEN-158,"Heisho, Shell of the World VEN-158/166 CN ¥1.18 EN $0.13"
2026-09-11T19:27:05+00:00,https://bilgewatermarket.com/cards,Kinkou Temple,foil,0.25,https://bilgewatermarket.com/cards/VEN-159?print_variation=foiled,foiled,,¥1.00,$0.25,VEN-159,Kinkou Temple VEN-159/166 Foiled CN ¥1.00 EN $0.25
2026-09-11T19:27:05+00:00,https://bilgewatermarket.com/cards,Kinkou Temple,nonfoil,0.08,https://bilgewatermarket.com/cards/VEN-159,normal,,¥0.51,$0.08,VEN-159,Kinkou Temple VEN-159/166 CN ¥0.51 EN $0.08
2026-09-11T19:27:05+00:00,https://bilgewatermarket.com/cards,Mystic Vortex,foil,0.24,https://bilgewatermarket.com/cards/VEN-160?print_variation=foiled,foiled,,¥3.43,$0.24,VEN-160,Mystic Vortex VEN-160/166 Foiled CN ¥3.43 EN $0.24
2026-09-11T19:27:05+00:00,https://bilgewatermarket.com/cards,Mystic Vortex,nonfoil,0.08,https://bilgewatermarket.com/cards/VEN-160,normal,,¥1.03,$0.08,VEN-160,Mystic Vortex VEN-160/166 CN ¥1.03 EN $0.08
2026-09-11T19:27:05+00:00,https://bilgewatermarket.com/cards,Piltovan Forge,foil,0.21,https://bilgewatermarket.com/cards/VEN-161?print_variation=foiled,foiled,,¥3.09,$0.21,VEN-161,Piltovan Forge VEN-161/166 Foiled CN ¥3.09 EN $0.21
2026-09-11T19:27:05+00:00,https://bilgewatermarket.com/cards,Piltovan Forge,nonfoil,0.08,https://bilgewatermarket.com/cards/VEN-161,normal,,¥0.56,$0.08,VEN-161,Piltovan Forge VEN-161/166 CN ¥0.56 EN $0.08
2026-09-11T19:27:05+00:00,https://bilgewatermarket.com/cards,Protective Sands,foil,0.28,https://bilgewatermarket.com/cards/VEN-162?print_variation=foiled,foiled,,¥3.76,$0.28,VEN-162,Protective Sands VEN-162/166 Foiled CN ¥3.76 EN $0.28
2026-09-11T19:27:05+00:00,https://bilgewatermarket.com/cards,Protective Sands,nonfoil,0.06,https://bilgewatermarket.com/cards/VEN-162,normal,,¥0.54,$0.06,VEN-162,Protective Sands VEN-162/166 CN ¥0.54 EN $0.06
2026-09-11T19:27:05+00:00,https://bilgewatermarket.com/cards,Risen Altar,foil,0.40,https://bilgewatermarket.com/cards/VEN-163?print_variation=foiled,foiled,,¥5.54,$0.40,VEN-163,Risen Altar VEN-163/166 Foiled CN ¥5.54 EN $0.40
2026-09-11T19:27:05+00:00,https://bilgewatermarket.com/cards,Risen Altar,nonfoil,0.08,https://bilgewatermarket.com/cards/VEN-163,normal,,¥1.00,$0.08,VEN-163,Risen Altar VEN-163/166 CN ¥1.00 EN $0.08
2026-09-11T19:27:05+00:00,https://bilgewatermarket.com/cards,Sandswept Tomb,foil,0.31,https://bilgewatermarket.com/cards/VEN-164?print_variation=foiled,foiled,,¥1.98,$0.31,VEN-164,Sandswept Tomb VEN-164/166 Foiled CN ¥1.98 EN $0.31
2026-09-11T19:27:05+00:00,https://bilgewatermarket.com/cards,Sandswept Tomb,nonfoil,0.09,https://bilgewatermarket.com/cards/VEN-164,normal,,¥1.02,$0.09,VEN-164,Sandswept Tomb VEN-164/166 CN ¥1.02 EN $0.09
2026-09-11T19:27:05+00:00,https://bilgewatermarket.com/cards,Shadow Temple,foil,0.41,https://bilgewatermarket.com/cards/VEN-165?print_variation=foiled,foiled,,¥3.15,$0.41,VEN-165,Shadow Temple VEN-165/166 Foiled CN ¥3.15 EN $0.41
2026-09-11T19:27:05+00:00,https://bilgewatermarket.com/cards,Shadow Temple,nonfoil,0.08,https://bilgewatermarket.com/cards/VEN-165,normal,,¥1.12,$0.08,VEN-165,Shadow Temple VEN-165/166 CN ¥1.12 EN $0.08
2026-09-11T19:27:05+00:00,https://bilgewatermarket.com/cards,Threshold of the Gray,foil,0.23,https://bilgewatermarket.com/cards/VEN-166?print_variation=foiled,foiled,,¥3.68,$0.23,VEN-166,Threshold of the Gray VEN-166/166 Foiled CN ¥3.68 EN $0.23
2026-09-11T19:27:05+00:00,https://bilgewatermarket.com/cards,Threshold of the Gray,nonfoil,0.08,https://bilgewatermarket.com/cards/VEN-166,normal,,¥0.64,$0.08,VEN-166,Threshold of the Gray VEN-166/166 CN ¥0.64 EN $0.08
2026-09-11T19:27:05+00:00,https://bilgewatermarket.com/cards,"Vi, Destructive",nonfoil,103.41,https://bilgewatermarket.com/cards/VEN-167?print_variation=showcase,showcase,,¥287.17,$103.41,VEN-167,"Vi, Destructive VEN-167/166 Showcase CN ¥287.17 EN $103.41"
2026-09-11T19:27:05+00:00,https://bilgewatermarket.com/cards,"Jinx, Demolitionist",nonfoil,115.67,https://bilgewatermarket.com/cards/VEN-168?print_variation=showcase,showcase,,¥317.95,$115.67,VEN-168,"Jinx, Demolitionist VEN-168/166 Showcase CN ¥317.95 EN $115.67"
2026-09-11T19:27:05+00:00,https://bilgewatermarket.com/cards,"Zed, From the Shadows",nonfoil,64.80,https://bilgewatermarket.com/cards/VEN-169?print_variation=showcase,showcase,,¥143.57,$64.80,VEN-169,"Zed, From the Shadows VEN-169/166 Showcase CN ¥143.57 EN $64.80"
2026-09-11T19:27:05+00:00,https://bilgewatermarket.com/cards,"Shen, Scourge of Shadows",nonfoil,53.44,https://bilgewatermarket.com/cards/VEN-170?print_variation=showcase,showcase,,¥101.49,$53.44,VEN-170,"Shen, Scourge of Shadows VEN-170/166 Showcase CN ¥101.49 EN $53.44"
2026-09-11T19:27:05+00:00,https://bilgewatermarket.com/cards,"Riven, Shattered",nonfoil,75.39,https://bilgewatermarket.com/cards/VEN-171?print_variation=showcase,showcase,,¥113.44,$75.39,VEN-171,"Riven, Shattered VEN-171/166 Showcase CN ¥113.44 EN $75.39"
2026-09-11T19:27:05+00:00,https://bilgewatermarket.com/cards,"Draven, Showboat",nonfoil,79.79,https://bilgewatermarket.com/cards/VEN-172?print_variation=showcase,showcase,,¥137.96,$79.79,VEN-172,"Draven, Showboat VEN-172/166 Showcase CN ¥137.96 EN $79.79"
2026-09-11T19:27:05+00:00,https://bilgewatermarket.com/cards,"Swain, Visionary",nonfoil,83.60,https://bilgewatermarket.com/cards/VEN-173?print_variation=showcase,showcase,,¥271.04,$83.60,VEN-173,"Swain, Visionary VEN-173/166 Showcase CN ¥271.04 EN $83.60"
2026-09-11T19:27:05+00:00,https://bilgewatermarket.com/cards,"Irelia, Fervent",nonfoil,167.62,https://bilgewatermarket.com/cards/VEN-174?print_variation=showcase,showcase,,¥484.42,$167.62,VEN-174,"Irelia, Fervent VEN-174/166 Showcase CN ¥484.42 EN $167.62"
2026-09-11T19:27:05+00:00,https://bilgewatermarket.com/cards,"Jayce, Man of Progress",nonfoil,92.81,https://bilgewatermarket.com/cards/VEN-175?print_variation=showcase,showcase,,¥317.28,$92.81,VEN-175,"Jayce, Man of Progress VEN-175/166 Showcase CN ¥317.28 EN $92.81"
2026-09-11T19:27:05+00:00,https://bilgewatermarket.com/cards,"Viktor, Innovator",nonfoil,79.26,https://bilgewatermarket.com/cards/VEN-176?print_variation=showcase,showcase,,¥187.31,$79.26,VEN-176,"Viktor, Innovator VEN-176/166 Showcase CN ¥187.31 EN $79.26"
2026-09-11T19:27:05+00:00,https://bilgewatermarket.com/cards,"Renekton, Brute",nonfoil,66.56,https://bilgewatermarket.com/cards/VEN-177?print_variation=showcase,showcase,,¥103.72,$66.56,VEN-177,"Renekton, Brute VEN-177/166 Showcase CN ¥103.72 EN $66.56"
2026-09-11T19:27:05+00:00,https://bilgewatermarket.com/cards,"Nasus, Guardian of Knowledge",nonfoil,64.44,https://bilgewatermarket.com/cards/VEN-178?print_variation=showcase,showcase,,¥106.73,$64.44,VEN-178,"Nasus, Guardian of Knowledge VEN-178/166 Showcase CN ¥106.73 EN $64.44"
2026-09-11T19:27:05+00:00,https://bilgewatermarket.com/cards,"Rengar, Trophy Hunter",nonfoil,163.76,https://bilgewatermarket.com/cards/VEN-179?print_variation=showcase,showcase,,¥419.56,$163.76,VEN-179,"Rengar, Trophy Hunter VEN-179/166 Showcase CN ¥419.56 EN $163.76"
2026-09-11T19:27:05+00:00,https://bilgewatermarket.com/cards,"Kha'Zix, Evolving Hunter",nonfoil,74.50,https://bilgewatermarket.com/cards/VEN-180?print_variation=showcase,showcase,,¥95.00,$74.50,VEN-180,"Kha'Zix, Evolving Hunter VEN-180/166 Showcase CN ¥95.00 EN $74.50"
2026-09-11T19:27:05+00:00,https://bilgewatermarket.com/cards,"Gangplank, Naval",nonfoil,97.99,https://bilgewatermarket.com/cards/VEN-181?print_variation=showcase,showcase,,¥174.69,$97.99,VEN-181,"Gangplank, Naval VEN-181/166 Showcase CN ¥174.69 EN $97.99"
2026-09-11T19:27:05+00:00,https://bilgewatermarket.com/cards,"Illaoi, Prophet of the Great Kraken",nonfoil,98.58,https://bilgewatermarket.com/cards/VEN-182?print_variation=showcase,showcase,,¥136.91,$98.58,VEN-182,"Illaoi, Prophet of the Great Kraken VEN-182/166 Showcase CN ¥136.91 EN $98.58"
2026-09-11T19:27:05+00:00,https://bilgewatermarket.com/cards,"Diana, No Longer Human",nonfoil,142.04,https://bilgewatermarket.com/cards/VEN-183?print_variation=showcase,showcase,,¥199.15,$142.04,VEN-183,"Diana, No Longer Human VEN-183/166 Showcase CN ¥199.15 EN $142.04"
2026-09-11T19:27:05+00:00,https://bilgewatermarket.com/cards,"Leona, Determined",nonfoil,88.68,https://bilgewatermarket.com/cards/VEN-184?print_variation=showcase,showcase,,¥187.92,$88.68,VEN-184,"Leona, Determined VEN-184/166 Showcase CN ¥187.92 EN $88.68"
2026-09-11T19:27:05+00:00,https://bilgewatermarket.com/cards,"Kayle, Justified",nonfoil,177.68,https://bilgewatermarket.com/cards/VEN-185?print_variation=showcase,showcase,,¥484.64,$177.68,VEN-185,"Kayle, Justified VEN-185/166 Showcase CN ¥484.64 EN $177.68"
2026-09-11T19:27:05+00:00,https://bilgewatermarket.com/cards,"Morgana, Vindictive",nonfoil,112.66,https://bilgewatermarket.com/cards/VEN-186?print_variation=showcase,showcase,,¥306.22,$112.66,VEN-186,"Morgana, Vindictive VEN-186/166 Showcase CN ¥306.22 EN $112.66"
2026-09-11T19:27:05+00:00,https://bilgewatermarket.com/cards,"Ambessa, Respected and Feared",nonfoil,50.94,https://bilgewatermarket.com/cards/VEN-187?print_variation=showcase,showcase,,¥106.34,$50.94,VEN-187,"Ambessa, Respected and Feared VEN-187/166 Showcase CN ¥106.34 EN $50.94"
2026-09-11T19:27:05+00:00,https://bilgewatermarket.com/cards,"Mel, Defiant Soul",nonfoil,81.42,https://bilgewatermarket.com/cards/VEN-188?print_variation=showcase,showcase,,¥132.26,$81.42,VEN-188,"Mel, Defiant Soul VEN-188/166 Showcase CN ¥132.26 EN $81.42"
2026-09-11T19:27:05+00:00,https://bilgewatermarket.com/cards,"Akali, Rogue Assassin",nonfoil,567.13,https://bilgewatermarket.com/cards/VEN-189?print_variation=showcase,showcase,,¥1077.12,$567.13,VEN-189,"Akali, Rogue Assassin VEN-189/166 Showcase CN ¥1077.12 EN $567.13"
2026-09-11T19:27:05+00:00,https://bilgewatermarket.com/cards,"Akali, Rogue Assassin",nonfoil,3229.71,https://bilgewatermarket.com/cards/VEN-189*?print_variation=signature,signature,,¥5294.33,$3229.71,VEN-189*,"Akali, Rogue Assassin VEN-189*/166 CN ¥5294.33 EN $3229.71"
2026-09-11T19:27:05+00:00,https://bilgewatermarket.com/cards,"Renekton, Butcher of the Sands",nonfoil,59.92,https://bilgewatermarket.com/cards/VEN-190?print_variation=showcase,showcase,,¥66.16,$59.92,VEN-190,"Renekton, Butcher of the Sands VEN-190/166 Showcase CN ¥66.16 EN $59.92"
2026-09-11T19:27:05+00:00,https://bilgewatermarket.com/cards,"Renekton, Butcher of the Sands",nonfoil,478.37,https://bilgewatermarket.com/cards/VEN-190*?print_variation=signature,signature,,¥638.80,$478.37,VEN-190*,"Renekton, Butcher of the Sands VEN-190*/166 CN ¥638.80 EN $478.37"
2026-09-11T19:27:05+00:00,https://bilgewatermarket.com/cards,"Zed, Master of Shadows",nonfoil,181.37,https://bilgewatermarket.com/cards/VEN-191?print_variation=showcase,showcase,,¥230.02,$181.37,VEN-191,"Zed, Master of Shadows VEN-191/166 Showcase CN ¥230.02 EN $181.37"
2026-09-11T19:27:05+00:00,https://bilgewatermarket.com/cards,"Zed, Master of Shadows",nonfoil,1344.01,https://bilgewatermarket.com/cards/VEN-191*?print_variation=signature,signature,,¥2480.64,$1344.01,VEN-191*,"Zed, Master of Shadows VEN-191*/166 CN ¥2480.64 EN $1344.01"
2026-09-11T19:27:05+00:00,https://bilgewatermarket.com/cards,"Nasus, Curator of the Sands",nonfoil,166.56,https://bilgewatermarket.com/cards/VEN-192?print_variation=showcase,showcase,,¥226.87,$166.56,VEN-192,"Nasus, Curator of the Sands VEN-192/166 Showcase CN ¥226.87 EN $166.56"
2026-09-11T19:27:05+00:00,https://bilgewatermarket.com/cards,"Nasus, Curator of the Sands",nonfoil,593.87,https://bilgewatermarket.com/cards/VEN-192*?print_variation=signature,signature,,¥1166.09,$593.87,VEN-192*,"Nasus, Curator of the Sands VEN-192*/166 CN ¥1166.09 EN $593.87"
2026-09-11T19:27:05+00:00,https://bilgewatermarket.com/cards,"Shen, Eye of Twilight",nonfoil,78.44,https://bilgewatermarket.com/cards/VEN-193?print_variation=showcase,showcase,,¥106.31,$78.44,VEN-193,"Shen, Eye of Twilight VEN-193/166 Showcase CN ¥106.31 EN $78.44"
2026-09-11T19:27:05+00:00,https://bilgewatermarket.com/cards,"Shen, Eye of Twilight",nonfoil,528.83,https://bilgewatermarket.com/cards/VEN-193*?print_variation=signature,signature,,¥835.50,$528.83,VEN-193*,"Shen, Eye of Twilight VEN-193*/166 CN ¥835.50 EN $528.83"
2026-09-11T19:27:05+00:00,https://bilgewatermarket.com/cards,"Jayce, Defender of Tomorrow",nonfoil,217.18,https://bilgewatermarket.com/cards/VEN-194?print_variation=showcase,showcase,,¥410.74,$217.18,VEN-194,"Jayce, Defender of Tomorrow VEN-194/166 Showcase CN ¥410.74 EN $217.18"
2026-09-11T19:27:05+00:00,https://bilgewatermarket.com/cards,"Jayce, Defender of Tomorrow",nonfoil,1241.92,https://bilgewatermarket.com/cards/VEN-194*?print_variation=signature,signature,,¥2304.17,$1241.92,VEN-194*,"Jayce, Defender of Tomorrow VEN-194*/166 CN ¥2304.17 EN $1241.92"
2026-09-11T19:27:05+00:00,https://bilgewatermarket.com/cards,"Mel, Soul's Reflection",nonfoil,189.09,https://bilgewatermarket.com/cards/VEN-195?print_variation=showcase,showcase,,¥298.07,$189.09,VEN-195,"Mel, Soul's Reflection VEN-195/166 Showcase CN ¥298.07 EN $189.09"
2026-09-11T19:27:05+00:00,https://bilgewatermarket.com/cards,"Mel, Soul's Reflection",nonfoil,1118.32,https://bilgewatermarket.com/cards/VEN-195*?print_variation=signature,signature,,¥1814.89,$1118.32,VEN-195*,"Mel, Soul's Reflection VEN-195*/166 CN ¥1814.89 EN $1118.32"
2026-09-11T19:27:05+00:00,https://bilgewatermarket.com/cards,"Ambessa, Matriarch of War",nonfoil,132.82,https://bilgewatermarket.com/cards/VEN-196?print_variation=showcase,showcase,,¥122.83,$132.82,VEN-196,"Ambessa, Matriarch of War VEN-196/166 Showcase CN ¥122.83 EN $132.82"
2026-09-11T19:27:05+00:00,https://bilgewatermarket.com/cards,"Ambessa, Matriarch of War",nonfoil,491.53,https://bilgewatermarket.com/cards/VEN-196*?print_variation=signature,signature,,¥822.77,$491.53,VEN-196*,"Ambessa, Matriarch of War VEN-196*/166 CN ¥822.77 EN $491.53"
2026-09-11T19:27:05+00:00,https://bilgewatermarket.com/cards,"Kennen, Heart of the Tempest",nonfoil,263.47,https://bilgewatermarket.com/cards/VEN-197?print_variation=showcase,showcase,,¥658.19,$263.47,VEN-197,"Kennen, Heart of the Tempest VEN-197/166 Showcase CN ¥658.19 EN $263.47"
2026-09-11T19:27:05+00:00,https://bilgewatermarket.com/cards,"Kennen, Heart of the Tempest",nonfoil,1152.22,https://bilgewatermarket.com/cards/VEN-197*?print_variation=signature,signature,,¥3617.61,$1152.22,VEN-197*,"Kennen, Heart of the Tempest VEN-197*/166 CN ¥3617.61 EN $1152.22"
2026-09-11T19:27:05+00:00,https://bilgewatermarket.com/cards,Fury Rune,nonfoil,0.08,https://bilgewatermarket.com/cards/VEN-R01,normal,,¥0.51,$0.08,VEN-R01,Fury Rune VEN-R01 CN ¥0.51 EN $0.08
2026-09-11T19:27:05+00:00,https://bilgewatermarket.com/cards,Fury Rune,nonfoil,7.96,https://bilgewatermarket.com/cards/VEN-R01A?print_variation=showcase,showcase,,¥24.76,$7.96,VEN-R01A,Fury Rune VEN-R01a Showcase CN ¥24.76 EN $7.96
2026-09-11T19:27:05+00:00,https://bilgewatermarket.com/cards,Fury Rune,nonfoil,13.87,https://bilgewatermarket.com/cards/VEN-R01B?print_variation=promo,promo,,¥20.67,$13.87,VEN-R01B,Fury Rune VEN-R01b CN ¥20.67 EN $13.87
2026-09-11T19:27:05+00:00,https://bilgewatermarket.com/cards,Calm Rune,nonfoil,0.09,https://bilgewatermarket.com/cards/VEN-R02,normal,,¥0.80,$0.09,VEN-R02,Calm Rune VEN-R02 CN ¥0.80 EN $0.09
2026-09-11T19:27:05+00:00,https://bilgewatermarket.com/cards,Calm Rune,nonfoil,6.75,https://bilgewatermarket.com/cards/VEN-R02A?print_variation=showcase,showcase,,¥26.62,$6.75,VEN-R02A,Calm Rune VEN-R02a Showcase CN ¥26.62 EN $6.75
2026-09-11T19:27:05+00:00,https://bilgewatermarket.com/cards,Calm Rune,nonfoil,11.72,https://bilgewatermarket.com/cards/VEN-R02B?print_variation=promo,promo,,¥24.28,$11.72,VEN-R02B,Calm Rune VEN-R02b CN ¥24.28 EN $11.72
2026-09-11T19:27:05+00:00,https://bilgewatermarket.com/cards,Mind Rune,nonfoil,0.09,https://bilgewatermarket.com/cards/VEN-R03,normal,,¥0.53,$0.09,VEN-R03,Mind Rune VEN-R03 CN ¥0.53 EN $0.09
2026-09-11T19:27:05+00:00,https://bilgewatermarket.com/cards,Mind Rune,nonfoil,6.92,https://bilgewatermarket.com/cards/VEN-R03A?print_variation=showcase,showcase,,¥26.96,$6.92,VEN-R03A,Mind Rune VEN-R03a Showcase CN ¥26.96 EN $6.92
2026-09-11T19:27:05+00:00,https://bilgewatermarket.com/cards,Mind Rune,nonfoil,16.57,https://bilgewatermarket.com/cards/VEN-R03B?print_variation=promo,promo,,¥23.95,$16.57,VEN-R03B,Mind Rune VEN-R03b CN ¥23.95 EN $16.57
2026-09-11T19:27:05+00:00,https://bilgewatermarket.com/cards,Body Rune,nonfoil,0.06,https://bilgewatermarket.com/cards/VEN-R04,normal,,¥0.56,$0.06,VEN-R04,Body Rune VEN-R04 CN ¥0.56 EN $0.06
2026-09-11T19:27:05+00:00,https://bilgewatermarket.com/cards,Body Rune,nonfoil,5.68,https://bilgewatermarket.com/cards/VEN-R04A?print_variation=showcase,showcase,,¥21.87,$5.68,VEN-R04A,Body Rune VEN-R04a Showcase CN ¥21.87 EN $5.68
2026-09-11T19:27:05+00:00,https://bilgewatermarket.com/cards,Body Rune,nonfoil,6.87,https://bilgewatermarket.com/cards/VEN-R04B?print_variation=promo,promo,,¥20.46,$6.87,VEN-R04B,Body Rune VEN-R04b CN ¥20.46 EN $6.87
2026-09-11T19:27:05+00:00,https://bilgewatermarket.com/cards,Chaos Rune,nonfoil,0.09,https://bilgewatermarket.com/cards/VEN-R05,normal,,¥0.63,$0.09,VEN-R05,Chaos Rune VEN-R05 CN ¥0.63 EN $0.09
2026-09-11T19:27:05+00:00,https://bilgewatermarket.com/cards,Chaos Rune,nonfoil,10.01,https://bilgewatermarket.com/cards/VEN-R05A?print_variation=showcase,showcase,,¥30.00,$10.01,VEN-R05A,Chaos Rune VEN-R05a Showcase CN ¥30.00 EN $10.01
2026-09-11T19:27:05+00:00,https://bilgewatermarket.com/cards,Chaos Rune,nonfoil,25.76,https://bilgewatermarket.com/cards/VEN-R05B?print_variation=promo,promo,,¥40.32,$25.76,VEN-R05B,Chaos Rune VEN-R05b CN ¥40.32 EN $25.76
2026-09-11T19:27:05+00:00,https://bilgewatermarket.com/cards,Order Rune,nonfoil,0.07,https://bilgewatermarket.com/cards/VEN-R06,normal,,¥0.55,$0.07,VEN-R06,Order Rune VEN-R06 CN ¥0.55 EN $0.07
2026-09-11T19:27:05+00:00,https://bilgewatermarket.com/cards,Order Rune,nonfoil,5.46,https://bilgewatermarket.com/cards/VEN-R06A?print_variation=showcase,showcase,,¥23.67,$5.46,VEN-R06A,Order Rune VEN-R06a Showcase CN ¥23.67 EN $5.46
2026-09-11T19:27:05+00:00,https://bilgewatermarket.com/cards,Order Rune,nonfoil,8.15,https://bilgewatermarket.com/cards/VEN-R06B?print_variation=promo,promo,,¥19.98,$8.15,VEN-R06B,Order Rune VEN-R06b CN ¥19.98 EN $8.15
2026-09-11T19:27:05+00:00,https://bilgewatermarket.com/cards,"Kai'Sa, Survivor",nonfoil,98.92,https://bilgewatermarket.com/cards/VEN-SP1?print_variation=showcase,showcase,,¥226.27,$98.92,VEN-SP1,"Kai'Sa, Survivor VEN-SP1/006 Showcase CN ¥226.27 EN $98.92"
2026-09-11T19:27:05+00:00,https://bilgewatermarket.com/cards,"Sona, Harmonious",nonfoil,31.94,https://bilgewatermarket.com/cards/VEN-SP2?print_variation=showcase,showcase,,¥65.62,$31.94,VEN-SP2,"Sona, Harmonious VEN-SP2/006 Showcase CN ¥65.62 EN $31.94"
2026-09-11T19:27:05+00:00,https://bilgewatermarket.com/cards,"Ahri, Inquisitive",nonfoil,100.04,https://bilgewatermarket.com/cards/VEN-SP3?print_variation=showcase,showcase,,¥245.21,$100.04,VEN-SP3,"Ahri, Inquisitive VEN-SP3/006 Showcase CN ¥245.21 EN $100.04"
2026-09-11T19:27:05+00:00,https://bilgewatermarket.com/cards,"Sett, Brawler",nonfoil,14.63,https://bilgewatermarket.com/cards/VEN-SP4?print_variation=showcase,showcase,,¥44.51,$14.63,VEN-SP4,"Sett, Brawler VEN-SP4/006 Showcase CN ¥44.51 EN $14.63"
2026-09-11T19:27:05+00:00,https://bilgewatermarket.com/cards,"Ezreal, Prodigy",nonfoil,13.47,https://bilgewatermarket.com/cards/VEN-SP5?print_variation=showcase,showcase,,¥56.98,$13.47,VEN-SP5,"Ezreal, Prodigy VEN-SP5/006 Showcase CN ¥56.98 EN $13.47"
2026-09-11T19:27:05+00:00,https://bilgewatermarket.com/cards,"Lux, Crownguard",nonfoil,45.89,https://bilgewatermarket.com/cards/VEN-SP6?print_variation=showcase,showcase,,¥84.35,$45.89,VEN-SP6,"Lux, Crownguard VEN-SP6/006 Showcase CN ¥84.35 EN $45.89"
2026-09-11T19:27:05+00:00,https://bilgewatermarket.com/cards,Empowered,nonfoil,0.13,https://bilgewatermarket.com/cards/VEN-T01,normal,,,$0.13,VEN-T01,Empowered VEN-T01 EN $0.13
2026-09-11T19:27:05+00:00,https://bilgewatermarket.com/cards,Gold,nonfoil,0.13,https://bilgewatermarket.com/cards/VEN-T02,normal,,¥0.59,$0.13,VEN-T02,Gold VEN-T02 CN ¥0.59 EN $0.13
2026-09-11T19:27:05+00:00,https://bilgewatermarket.com/cards,Mech,nonfoil,0.08,https://bilgewatermarket.com/cards/VEN-T03,normal,,¥0.51,$0.08,VEN-T03,Mech VEN-T03 CN ¥0.51 EN $0.08
2026-09-11T19:27:05+00:00,https://bilgewatermarket.com/cards,Recruit (NX),nonfoil,0.08,https://bilgewatermarket.com/cards/VEN-T04,normal,,¥0.53,$0.08,VEN-T04,Recruit (NX) VEN-T04 CN ¥0.53 EN $0.08
2026-09-11T19:27:05+00:00,https://bilgewatermarket.com/cards,Shadow Clone,nonfoil,0.11,https://bilgewatermarket.com/cards/VEN-T05,normal,,¥0.54,$0.11,VEN-T05,Shadow Clone VEN-T05 CN ¥0.54 EN $0.11
2026-09-11T19:27:05+00:00,https://bilgewatermarket.com/cards,Shadow Clone,nonfoil,3.88,https://bilgewatermarket.com/cards/VEN-T05-P?print_variation=promo,promo,,¥3.88,,VEN-T05-P,Shadow Clone VEN-T05-P CN ¥3.88
2026-09-11T19:27:05+00:00,https://bilgewatermarket.com/cards,Tentacle,nonfoil,0.11,https://bilgewatermarket.com/cards/VEN-T06,normal,,¥0.62,$0.11,VEN-T06,Tentacle VEN-T06 CN ¥0.62 EN $0.11
