collected_at,source_url,name,foil_status,price,url,print_variation,image_url,cn_price,en_price,set_number,raw_text
2026-09-03T19:41:39+00:00,https://bilgewatermarket.com/cards/VEN-001?print_variation=foiled,Baccai Sandspinner,foil,0.10,https://bilgewatermarket.com/cards/VEN-001?print_variation=foiled,foiled,,¥0.51,$0.10,VEN-001,Baccai Sandspinner VEN-001/166 Foiled CN ¥0.51 EN $0.10
2026-09-03T19:41:39+00:00,https://bilgewatermarket.com/cards/VEN-001,Baccai Sandspinner,nonfoil,0.06,https://bilgewatermarket.com/cards/VEN-001,normal,,¥2.29,$0.06,VEN-001,Baccai Sandspinner VEN-001/166 CN ¥2.29 EN $0.06
2026-09-03T19:41:39+00:00,https://bilgewatermarket.com/cards/VEN-002?print_variation=foiled,Blade Twirler,foil,0.15,https://bilgewatermarket.com/cards/VEN-002?print_variation=foiled,foiled,,¥0.73,$0.15,VEN-002,Blade Twirler VEN-002/166 Foiled CN ¥0.73 EN $0.15
2026-09-03T19:41:39+00:00,https://bilgewatermarket.com/cards/VEN-002,Blade Twirler,nonfoil,0.06,https://bilgewatermarket.com/cards/VEN-002,normal,,¥0.50,$0.06,VEN-002,Blade Twirler VEN-002/166 CN ¥0.50 EN $0.06
2026-09-03T19:41:39+00:00,https://bilgewatermarket.com/cards/VEN-003?print_variation=foiled,Brittle Steel,foil,0.32,https://bilgewatermarket.com/cards/VEN-003?print_variation=foiled,foiled,,¥2.19,$0.32,VEN-003,Brittle Steel VEN-003/166 Foiled CN ¥2.19 EN $0.32
2026-09-03T19:41:39+00:00,https://bilgewatermarket.com/cards/VEN-003,Brittle Steel,nonfoil,0.10,https://bilgewatermarket.com/cards/VEN-003,normal,,¥1.08,$0.10,VEN-003,Brittle Steel VEN-003/166 CN ¥1.08 EN $0.10
2026-09-03T19:41:39+00:00,https://bilgewatermarket.com/cards/VEN-004?print_variation=foiled,Dune Surfer,foil,0.22,https://bilgewatermarket.com/cards/VEN-004?print_variation=foiled,foiled,,¥0.51,$0.22,VEN-004,Dune Surfer VEN-004/166 Foiled CN ¥0.51 EN $0.22
2026-09-03T19:41:39+00:00,https://bilgewatermarket.com/cards/VEN-004,Dune Surfer,nonfoil,0.08,https://bilgewatermarket.com/cards/VEN-004,normal,,¥0.50,$0.08,VEN-004,Dune Surfer VEN-004/166 CN ¥0.50 EN $0.08
2026-09-03T19:41:39+00:00,https://bilgewatermarket.com/cards/VEN-005?print_variation=foiled,Forsaken Baccai,foil,0.22,https://bilgewatermarket.com/cards/VEN-005?print_variation=foiled,foiled,,¥0.53,$0.22,VEN-005,Forsaken Baccai VEN-005/166 Foiled CN ¥0.53 EN $0.22
2026-09-03T19:41:39+00:00,https://bilgewatermarket.com/cards/VEN-005,Forsaken Baccai,nonfoil,0.08,https://bilgewatermarket.com/cards/VEN-005,normal,,¥0.50,$0.08,VEN-005,Forsaken Baccai VEN-005/166 CN ¥0.50 EN $0.08
2026-09-03T19:41:39+00:00,https://bilgewatermarket.com/cards/VEN-006?print_variation=foiled,Oasis Raider,foil,0.13,https://bilgewatermarket.com/cards/VEN-006?print_variation=foiled,foiled,,¥0.54,$0.13,VEN-006,Oasis Raider VEN-006/166 Foiled CN ¥0.54 EN $0.13
2026-09-03T19:41:39+00:00,https://bilgewatermarket.com/cards/VEN-006,Oasis Raider,nonfoil,0.07,https://bilgewatermarket.com/cards/VEN-006,normal,,¥0.50,$0.07,VEN-006,Oasis Raider VEN-006/166 CN ¥0.50 EN $0.07
2026-09-03T19:41:39+00:00,https://bilgewatermarket.com/cards/VEN-007?print_variation=foiled,Punching Poro,foil,0.21,https://bilgewatermarket.com/cards/VEN-007?print_variation=foiled,foiled,,¥0.69,$0.21,VEN-007,Punching Poro VEN-007/166 Foiled CN ¥0.69 EN $0.21
2026-09-03T19:41:39+00:00,https://bilgewatermarket.com/cards/VEN-007,Punching Poro,nonfoil,0.09,https://bilgewatermarket.com/cards/VEN-007,normal,,¥0.52,$0.09,VEN-007,Punching Poro VEN-007/166 CN ¥0.52 EN $0.09
2026-09-03T19:41:39+00:00,https://bilgewatermarket.com/cards/VEN-008?print_variation=foiled,Ruthless Strike,foil,0.20,https://bilgewatermarket.com/cards/VEN-008?print_variation=foiled,foiled,,¥0.69,$0.20,VEN-008,Ruthless Strike VEN-008/166 Foiled CN ¥0.69 EN $0.20
2026-09-03T19:41:39+00:00,https://bilgewatermarket.com/cards/VEN-008,Ruthless Strike,nonfoil,0.11,https://bilgewatermarket.com/cards/VEN-008,normal,,¥0.50,$0.11,VEN-008,Ruthless Strike VEN-008/166 CN ¥0.50 EN $0.11
2026-09-03T19:41:39+00:00,https://bilgewatermarket.com/cards/VEN-009?print_variation=foiled,Baccai Reaper,foil,0.24,https://bilgewatermarket.com/cards/VEN-009?print_variation=foiled,foiled,,¥0.53,$0.24,VEN-009,Baccai Reaper VEN-009/166 Foiled CN ¥0.53 EN $0.24
2026-09-03T19:41:39+00:00,https://bilgewatermarket.com/cards/VEN-009,Baccai Reaper,nonfoil,0.08,https://bilgewatermarket.com/cards/VEN-009,normal,,¥0.50,$0.08,VEN-009,Baccai Reaper VEN-009/166 CN ¥0.50 EN $0.08
2026-09-03T19:41:39+00:00,https://bilgewatermarket.com/cards/VEN-010?print_variation=foiled,Consuming Curse,foil,0.17,https://bilgewatermarket.com/cards/VEN-010?print_variation=foiled,foiled,,¥0.96,$0.17,VEN-010,Consuming Curse VEN-010/166 Foiled CN ¥0.96 EN $0.17
2026-09-03T19:41:39+00:00,https://bilgewatermarket.com/cards/VEN-010,Consuming Curse,nonfoil,0.12,https://bilgewatermarket.com/cards/VEN-010,normal,,¥0.51,$0.12,VEN-010,Consuming Curse VEN-010/166 CN ¥0.51 EN $0.12
2026-09-03T19:41:39+00:00,https://bilgewatermarket.com/cards/VEN-011?print_variation=foiled,Pendulum Blade,foil,0.37,https://bilgewatermarket.com/cards/VEN-011?print_variation=foiled,foiled,,¥3.76,$0.37,VEN-011,Pendulum Blade VEN-011/166 Foiled CN ¥3.76 EN $0.37
2026-09-03T19:41:39+00:00,https://bilgewatermarket.com/cards/VEN-011,Pendulum Blade,nonfoil,0.12,https://bilgewatermarket.com/cards/VEN-011,normal,,¥1.09,$0.12,VEN-011,Pendulum Blade VEN-011/166 CN ¥1.09 EN $0.12
2026-09-03T19:41:39+00:00,https://bilgewatermarket.com/cards/VEN-012?print_variation=foiled,Perfect Execution,foil,0.41,https://bilgewatermarket.com/cards/VEN-012?print_variation=foiled,foiled,,¥2.51,$0.41,VEN-012,Perfect Execution VEN-012/166 Foiled CN ¥2.51 EN $0.41
2026-09-03T19:41:39+00:00,https://bilgewatermarket.com/cards/VEN-012,Perfect Execution,nonfoil,0.13,https://bilgewatermarket.com/cards/VEN-012,normal,,¥1.38,$0.13,VEN-012,Perfect Execution VEN-012/166 CN ¥1.38 EN $0.13
2026-09-03T19:41:39+00:00,https://bilgewatermarket.com/cards/VEN-013?print_variation=foiled,Shadow Assassin,foil,0.24,https://bilgewatermarket.com/cards/VEN-013?print_variation=foiled,foiled,,¥1.01,$0.24,VEN-013,Shadow Assassin VEN-013/166 Foiled CN ¥1.01 EN $0.24
2026-09-03T19:41:39+00:00,https://bilgewatermarket.com/cards/VEN-013,Shadow Assassin,nonfoil,0.07,https://bilgewatermarket.com/cards/VEN-013,normal,,¥0.50,$0.07,VEN-013,Shadow Assassin VEN-013/166 CN ¥0.50 EN $0.07
2026-09-03T19:41:39+00:00,https://bilgewatermarket.com/cards/VEN-014?print_variation=foiled,Shadow Fiend,foil,0.27,https://bilgewatermarket.com/cards/VEN-014?print_variation=foiled,foiled,,¥2.89,$0.27,VEN-014,Shadow Fiend VEN-014/166 Foiled CN ¥2.89 EN $0.27
2026-09-03T19:41:39+00:00,https://bilgewatermarket.com/cards/VEN-014,Shadow Fiend,nonfoil,0.08,https://bilgewatermarket.com/cards/VEN-014,normal,,¥0.90,$0.08,VEN-014,Shadow Fiend VEN-014/166 CN ¥0.90 EN $0.08
2026-09-03T19:41:39+00:00,https://bilgewatermarket.com/cards/VEN-015,Decree of Rage,nonfoil,0.24,https://bilgewatermarket.com/cards/VEN-015,normal,,¥3.63,$0.24,VEN-015,Decree of Rage VEN-015/166 CN ¥3.63 EN $0.24
2026-09-03T19:41:39+00:00,https://bilgewatermarket.com/cards/VEN-016,Eclipse Dragon,nonfoil,0.14,https://bilgewatermarket.com/cards/VEN-016,normal,,¥0.62,$0.14,VEN-016,Eclipse Dragon VEN-016/166 CN ¥0.62 EN $0.14
2026-09-03T19:41:39+00:00,https://bilgewatermarket.com/cards/VEN-017,"Morgana, Vindictive",nonfoil,0.17,https://bilgewatermarket.com/cards/VEN-017,normal,,¥1.21,$0.17,VEN-017,"Morgana, Vindictive VEN-017/166 CN ¥1.21 EN $0.17"
2026-09-03T19:41:39+00:00,https://bilgewatermarket.com/cards/VEN-018,Rage Amplifier,nonfoil,0.19,https://bilgewatermarket.com/cards/VEN-018,normal,,¥0.63,$0.19,VEN-018,Rage Amplifier VEN-018/166 CN ¥0.63 EN $0.19
2026-09-03T19:41:39+00:00,https://bilgewatermarket.com/cards/VEN-019,"Renekton, Rage Fueled",nonfoil,0.14,https://bilgewatermarket.com/cards/VEN-019,normal,,¥0.55,$0.14,VEN-019,"Renekton, Rage Fueled VEN-019/166 CN ¥0.55 EN $0.14"
2026-09-03T19:41:39+00:00,https://bilgewatermarket.com/cards/VEN-019a?print_variation=showcase,"Renekton, Rage Fueled",nonfoil,1.30,https://bilgewatermarket.com/cards/VEN-019a?print_variation=showcase,showcase,,¥5.47,$1.30,VEN-019a,"Renekton, Rage Fueled VEN-019a/166 Showcase CN ¥5.47 EN $1.30"
2026-09-03T19:41:39+00:00,https://bilgewatermarket.com/cards/VEN-020,Twilight Reveler,nonfoil,0.23,https://bilgewatermarket.com/cards/VEN-020,normal,,¥2.95,$0.23,VEN-020,Twilight Reveler VEN-020/166 CN ¥2.95 EN $0.23
2026-09-03T19:41:39+00:00,https://bilgewatermarket.com/cards/VEN-021,"Akali, Deadly Weapon",nonfoil,1.04,https://bilgewatermarket.com/cards/VEN-021,normal,,¥9.55,$1.04,VEN-021,"Akali, Deadly Weapon VEN-021/166 CN ¥9.55 EN $1.04"
2026-09-03T19:41:39+00:00,https://bilgewatermarket.com/cards/VEN-021a?print_variation=showcase,"Akali, Deadly Weapon",nonfoil,13.51,https://bilgewatermarket.com/cards/VEN-021a?print_variation=showcase,showcase,,¥31.62,$13.51,VEN-021a,"Akali, Deadly Weapon VEN-021a/166 Showcase CN ¥31.62 EN $13.51"
2026-09-03T19:41:39+00:00,https://bilgewatermarket.com/cards/VEN-022,Endless Riches,nonfoil,1.01,https://bilgewatermarket.com/cards/VEN-022,normal,,¥4.53,$1.01,VEN-022,Endless Riches VEN-022/166 CN ¥4.53 EN $1.01
2026-09-03T19:41:39+00:00,https://bilgewatermarket.com/cards/VEN-023,"Zed, From the Shadows",nonfoil,0.63,https://bilgewatermarket.com/cards/VEN-023,normal,,¥4.43,$0.63,VEN-023,"Zed, From the Shadows VEN-023/166 CN ¥4.43 EN $0.63"
2026-09-03T19:41:39+00:00,https://bilgewatermarket.com/cards/VEN-023a?print_variation=showcase,"Zed, From the Shadows",nonfoil,3.41,https://bilgewatermarket.com/cards/VEN-023a?print_variation=showcase,showcase,,¥9.78,$3.41,VEN-023a,"Zed, From the Shadows VEN-023a/166 Showcase CN ¥9.78 EN $3.41"
2026-09-03T19:41:39+00:00,https://bilgewatermarket.com/cards/VEN-024?print_variation=foiled,Affectionate Poro,foil,0.23,https://bilgewatermarket.com/cards/VEN-024?print_variation=foiled,foiled,,¥1.00,$0.23,VEN-024,Affectionate Poro VEN-024/166 Foiled CN ¥1.00 EN $0.23
2026-09-03T19:41:39+00:00,https://bilgewatermarket.com/cards/VEN-024,Affectionate Poro,nonfoil,0.06,https://bilgewatermarket.com/cards/VEN-024,normal,,¥0.58,$0.06,VEN-024,Affectionate Poro VEN-024/166 CN ¥0.58 EN $0.06
2026-09-03T19:41:39+00:00,https://bilgewatermarket.com/cards/VEN-025?print_variation=foiled,Esteemed Hierophant,foil,0.12,https://bilgewatermarket.com/cards/VEN-025?print_variation=foiled,foiled,,¥0.52,$0.12,VEN-025,Esteemed Hierophant VEN-025/166 Foiled CN ¥0.52 EN $0.12
2026-09-03T19:41:39+00:00,https://bilgewatermarket.com/cards/VEN-025,Esteemed Hierophant,nonfoil,0.04,https://bilgewatermarket.com/cards/VEN-025,normal,,¥0.51,$0.04,VEN-025,Esteemed Hierophant VEN-025/166 CN ¥0.51 EN $0.04
2026-09-03T19:41:39+00:00,https://bilgewatermarket.com/cards/VEN-026?print_variation=foiled,Field Musicians,foil,0.11,https://bilgewatermarket.com/cards/VEN-026?print_variation=foiled,foiled,,¥0.54,$0.11,VEN-026,Field Musicians VEN-026/166 Foiled CN ¥0.54 EN $0.11
2026-09-03T19:41:39+00:00,https://bilgewatermarket.com/cards/VEN-026,Field Musicians,nonfoil,0.06,https://bilgewatermarket.com/cards/VEN-026,normal,,¥0.59,$0.06,VEN-026,Field Musicians VEN-026/166 CN ¥0.59 EN $0.06
2026-09-03T19:41:39+00:00,https://bilgewatermarket.com/cards/VEN-027?print_variation=foiled,Hand Hammer,foil,0.29,https://bilgewatermarket.com/cards/VEN-027?print_variation=foiled,foiled,,¥1.06,$0.29,VEN-027,Hand Hammer VEN-027/166 Foiled CN ¥1.06 EN $0.29
2026-09-03T19:41:39+00:00,https://bilgewatermarket.com/cards/VEN-027,Hand Hammer,nonfoil,0.09,https://bilgewatermarket.com/cards/VEN-027,normal,,¥0.55,$0.09,VEN-027,Hand Hammer VEN-027/166 CN ¥0.55 EN $0.09
2026-09-03T19:41:39+00:00,https://bilgewatermarket.com/cards/VEN-028?print_variation=foiled,Mournful Witness,foil,0.26,https://bilgewatermarket.com/cards/VEN-028?print_variation=foiled,foiled,,¥3.27,$0.26,VEN-028,Mournful Witness VEN-028/166 Foiled CN ¥3.27 EN $0.26
2026-09-03T19:41:39+00:00,https://bilgewatermarket.com/cards/VEN-028,Mournful Witness,nonfoil,0.05,https://bilgewatermarket.com/cards/VEN-028,normal,,¥0.57,$0.05,VEN-028,Mournful Witness VEN-028/166 CN ¥0.57 EN $0.05
2026-09-03T19:41:39+00:00,https://bilgewatermarket.com/cards/VEN-029?print_variation=foiled,Ol' Poro,foil,0.32,https://bilgewatermarket.com/cards/VEN-029?print_variation=foiled,foiled,,¥0.98,$0.32,VEN-029,Ol' Poro VEN-029/166 Foiled CN ¥0.98 EN $0.32
2026-09-03T19:41:39+00:00,https://bilgewatermarket.com/cards/VEN-029,Ol' Poro,nonfoil,0.08,https://bilgewatermarket.com/cards/VEN-029,normal,,¥0.50,$0.08,VEN-029,Ol' Poro VEN-029/166 CN ¥0.50 EN $0.08
2026-09-03T19:41:39+00:00,https://bilgewatermarket.com/cards/VEN-030?print_variation=foiled,Serene Ascetic,foil,0.17,https://bilgewatermarket.com/cards/VEN-030?print_variation=foiled,foiled,,¥0.53,$0.17,VEN-030,Serene Ascetic VEN-030/166 Foiled CN ¥0.53 EN $0.17
2026-09-03T19:41:39+00:00,https://bilgewatermarket.com/cards/VEN-030,Serene Ascetic,nonfoil,0.05,https://bilgewatermarket.com/cards/VEN-030,normal,,¥0.51,$0.05,VEN-030,Serene Ascetic VEN-030/166 CN ¥0.51 EN $0.05
2026-09-03T19:41:39+00:00,https://bilgewatermarket.com/cards/VEN-031?print_variation=foiled,Twilight Shroud,foil,0.32,https://bilgewatermarket.com/cards/VEN-031?print_variation=foiled,foiled,,¥3.34,$0.32,VEN-031,Twilight Shroud VEN-031/166 Foiled CN ¥3.34 EN $0.32
2026-09-03T19:41:39+00:00,https://bilgewatermarket.com/cards/VEN-031,Twilight Shroud,nonfoil,0.09,https://bilgewatermarket.com/cards/VEN-031,normal,,¥1.20,$0.09,VEN-031,Twilight Shroud VEN-031/166 CN ¥1.20 EN $0.09
2026-09-03T19:41:39+00:00,https://bilgewatermarket.com/cards/VEN-032?print_variation=foiled,Frostcoat Mother,foil,0.24,https://bilgewatermarket.com/cards/VEN-032?print_variation=foiled,foiled,,¥0.86,$0.24,VEN-032,Frostcoat Mother VEN-032/166 Foiled CN ¥0.86 EN $0.24
2026-09-03T19:41:39+00:00,https://bilgewatermarket.com/cards/VEN-032,Frostcoat Mother,nonfoil,0.11,https://bilgewatermarket.com/cards/VEN-032,normal,,¥0.66,$0.11,VEN-032,Frostcoat Mother VEN-032/166 CN ¥0.66 EN $0.11
2026-09-03T19:41:39+00:00,https://bilgewatermarket.com/cards/VEN-033?print_variation=foiled,Pakaa Protector,foil,0.26,https://bilgewatermarket.com/cards/VEN-033?print_variation=foiled,foiled,,¥1.10,$0.26,VEN-033,Pakaa Protector VEN-033/166 Foiled CN ¥1.10 EN $0.26
2026-09-03T19:41:39+00:00,https://bilgewatermarket.com/cards/VEN-033,Pakaa Protector,nonfoil,0.07,https://bilgewatermarket.com/cards/VEN-033,normal,,¥0.51,$0.07,VEN-033,Pakaa Protector VEN-033/166 CN ¥0.51 EN $0.07
2026-09-03T19:41:39+00:00,https://bilgewatermarket.com/cards/VEN-034?print_variation=foiled,Resonating Strike,foil,0.35,https://bilgewatermarket.com/cards/VEN-034?print_variation=foiled,foiled,,¥1.45,$0.35,VEN-034,Resonating Strike VEN-034/166 Foiled CN ¥1.45 EN $0.35
2026-09-03T19:41:39+00:00,https://bilgewatermarket.com/cards/VEN-034,Resonating Strike,nonfoil,0.12,https://bilgewatermarket.com/cards/VEN-034,normal,,¥1.06,$0.12,VEN-034,Resonating Strike VEN-034/166 CN ¥1.06 EN $0.12
2026-09-03T19:41:39+00:00,https://bilgewatermarket.com/cards/VEN-035?print_variation=foiled,Sanction,foil,0.24,https://bilgewatermarket.com/cards/VEN-035?print_variation=foiled,foiled,,¥1.92,$0.24,VEN-035,Sanction VEN-035/166 Foiled CN ¥1.92 EN $0.24
2026-09-03T19:41:39+00:00,https://bilgewatermarket.com/cards/VEN-035,Sanction,nonfoil,0.11,https://bilgewatermarket.com/cards/VEN-035,normal,,¥0.67,$0.11,VEN-035,Sanction VEN-035/166 CN ¥0.67 EN $0.11
2026-09-03T19:41:39+00:00,https://bilgewatermarket.com/cards/VEN-036?print_variation=foiled,Sandstone Chimera,foil,0.16,https://bilgewatermarket.com/cards/VEN-036?print_variation=foiled,foiled,,¥1.16,$0.16,VEN-036,Sandstone Chimera VEN-036/166 Foiled CN ¥1.16 EN $0.16
2026-09-03T19:41:39+00:00,https://bilgewatermarket.com/cards/VEN-036,Sandstone Chimera,nonfoil,0.04,https://bilgewatermarket.com/cards/VEN-036,normal,,¥0.50,$0.04,VEN-036,Sandstone Chimera VEN-036/166 CN ¥0.50 EN $0.04
2026-09-03T19:41:39+00:00,https://bilgewatermarket.com/cards/VEN-037?print_variation=foiled,Tomb-Raider Barbara,foil,0.37,https://bilgewatermarket.com/cards/VEN-037?print_variation=foiled,foiled,,¥2.20,$0.37,VEN-037,Tomb-Raider Barbara VEN-037/166 Foiled CN ¥2.20 EN $0.37
2026-09-03T19:41:39+00:00,https://bilgewatermarket.com/cards/VEN-037,Tomb-Raider Barbara,nonfoil,0.13,https://bilgewatermarket.com/cards/VEN-037,normal,,¥0.86,$0.13,VEN-037,Tomb-Raider Barbara VEN-037/166 CN ¥0.86 EN $0.13
2026-09-03T19:41:39+00:00,https://bilgewatermarket.com/cards/VEN-038,"Akali, Silent",nonfoil,0.35,https://bilgewatermarket.com/cards/VEN-038,normal,,¥2.20,$0.35,VEN-038,"Akali, Silent VEN-038/166 CN ¥2.20 EN $0.35"
2026-09-03T19:41:39+00:00,https://bilgewatermarket.com/cards/VEN-038a?print_variation=showcase,"Akali, Silent",nonfoil,15.08,https://bilgewatermarket.com/cards/VEN-038a?print_variation=showcase,showcase,,¥35.24,$15.08,VEN-038a,"Akali, Silent VEN-038a/166 Showcase CN ¥35.24 EN $15.08"
2026-09-03T19:41:39+00:00,https://bilgewatermarket.com/cards/VEN-039,Crumbling Sands,nonfoil,0.29,https://bilgewatermarket.com/cards/VEN-039,normal,,¥4.96,$0.29,VEN-039,Crumbling Sands VEN-039/166 CN ¥4.96 EN $0.29
2026-09-03T19:41:39+00:00,https://bilgewatermarket.com/cards/VEN-040,Decree of Focus,nonfoil,0.29,https://bilgewatermarket.com/cards/VEN-040,normal,,¥3.65,$0.29,VEN-040,Decree of Focus VEN-040/166 CN ¥3.65 EN $0.29
2026-09-03T19:41:39+00:00,https://bilgewatermarket.com/cards/VEN-041,"Riven, Shattered",nonfoil,0.16,https://bilgewatermarket.com/cards/VEN-041,normal,,¥0.67,$0.16,VEN-041,"Riven, Shattered VEN-041/166 CN ¥0.67 EN $0.16"
2026-09-03T19:41:39+00:00,https://bilgewatermarket.com/cards/VEN-042,"Shen, Scourge of Shadows",nonfoil,0.12,https://bilgewatermarket.com/cards/VEN-042,normal,,¥0.68,$0.12,VEN-042,"Shen, Scourge of Shadows VEN-042/166 CN ¥0.68 EN $0.12"
2026-09-03T19:41:39+00:00,https://bilgewatermarket.com/cards/VEN-042a?print_variation=showcase,"Shen, Scourge of Shadows",nonfoil,1.05,https://bilgewatermarket.com/cards/VEN-042a?print_variation=showcase,showcase,,¥5.63,$1.05,VEN-042a,"Shen, Scourge of Shadows VEN-042a/166 Showcase CN ¥5.63 EN $1.05"
2026-09-03T19:41:39+00:00,https://bilgewatermarket.com/cards/VEN-043,Steel Paws,nonfoil,0.33,https://bilgewatermarket.com/cards/VEN-043,normal,,¥2.37,$0.33,VEN-043,Steel Paws VEN-043/166 CN ¥2.37 EN $0.33
2026-09-03T19:41:39+00:00,https://bilgewatermarket.com/cards/VEN-044,Astral Heron,nonfoil,34.52,https://bilgewatermarket.com/cards/VEN-044,normal,,¥86.19,$34.52,VEN-044,Astral Heron VEN-044/166 CN ¥86.19 EN $34.52
2026-09-03T19:41:39+00:00,https://bilgewatermarket.com/cards/VEN-045,Helm of Suppression,nonfoil,4.90,https://bilgewatermarket.com/cards/VEN-045,normal,,¥10.70,$4.90,VEN-045,Helm of Suppression VEN-045/166 CN ¥10.70 EN $4.90
2026-09-03T19:41:39+00:00,https://bilgewatermarket.com/cards/VEN-046,"Nasus, Ascended",nonfoil,0.70,https://bilgewatermarket.com/cards/VEN-046,normal,,¥5.47,$0.70,VEN-046,"Nasus, Ascended VEN-046/166 CN ¥5.47 EN $0.70"
2026-09-03T19:41:39+00:00,https://bilgewatermarket.com/cards/VEN-046a?print_variation=showcase,"Nasus, Ascended",nonfoil,3.35,https://bilgewatermarket.com/cards/VEN-046a?print_variation=showcase,showcase,,¥14.40,$3.35,VEN-046a,"Nasus, Ascended VEN-046a/166 Showcase CN ¥14.40 EN $3.35"
2026-09-03T19:41:39+00:00,https://bilgewatermarket.com/cards/VEN-047?print_variation=foiled,Apprentice Mage,foil,0.17,https://bilgewatermarket.com/cards/VEN-047?print_variation=foiled,foiled,,¥0.76,$0.17,VEN-047,Apprentice Mage VEN-047/166 Foiled CN ¥0.76 EN $0.17
2026-09-03T19:41:39+00:00,https://bilgewatermarket.com/cards/VEN-047,Apprentice Mage,nonfoil,0.04,https://bilgewatermarket.com/cards/VEN-047,normal,,¥0.50,$0.04,VEN-047,Apprentice Mage VEN-047/166 CN ¥0.50 EN $0.04
2026-09-03T19:41:39+00:00,https://bilgewatermarket.com/cards/VEN-048?print_variation=foiled,Cloud Drake,foil,0.19,https://bilgewatermarket.com/cards/VEN-048?print_variation=foiled,foiled,,¥0.51,$0.19,VEN-048,Cloud Drake VEN-048/166 Foiled CN ¥0.51 EN $0.19
2026-09-03T19:41:39+00:00,https://bilgewatermarket.com/cards/VEN-048,Cloud Drake,nonfoil,0.04,https://bilgewatermarket.com/cards/VEN-048,normal,,¥0.50,$0.04,VEN-048,Cloud Drake VEN-048/166 CN ¥0.50 EN $0.04
2026-09-03T19:41:39+00:00,https://bilgewatermarket.com/cards/VEN-049?print_variation=foiled,Dredge Up,foil,0.42,https://bilgewatermarket.com/cards/VEN-049?print_variation=foiled,foiled,,¥1.80,$0.42,VEN-049,Dredge Up VEN-049/166 Foiled CN ¥1.80 EN $0.42
2026-09-03T19:41:39+00:00,https://bilgewatermarket.com/cards/VEN-049,Dredge Up,nonfoil,0.09,https://bilgewatermarket.com/cards/VEN-049,normal,,¥0.56,$0.09,VEN-049,Dredge Up VEN-049/166 CN ¥0.56 EN $0.09
2026-09-03T19:41:39+00:00,https://bilgewatermarket.com/cards/VEN-050?print_variation=foiled,Grumpy Rockbear,foil,0.12,https://bilgewatermarket.com/cards/VEN-050?print_variation=foiled,foiled,,¥0.64,$0.12,VEN-050,Grumpy Rockbear VEN-050/166 Foiled CN ¥0.64 EN $0.12
2026-09-03T19:41:39+00:00,https://bilgewatermarket.com/cards/VEN-050,Grumpy Rockbear,nonfoil,0.06,https://bilgewatermarket.com/cards/VEN-050,normal,,¥0.50,$0.06,VEN-050,Grumpy Rockbear VEN-050/166 CN ¥0.50 EN $0.06
2026-09-03T19:41:39+00:00,https://bilgewatermarket.com/cards/VEN-051?print_variation=foiled,Iterative Design,foil,0.23,https://bilgewatermarket.com/cards/VEN-051?print_variation=foiled,foiled,,¥0.65,$0.23,VEN-051,Iterative Design VEN-051/166 Foiled CN ¥0.65 EN $0.23
2026-09-03T19:41:39+00:00,https://bilgewatermarket.com/cards/VEN-051,Iterative Design,nonfoil,0.06,https://bilgewatermarket.com/cards/VEN-051,normal,,¥0.50,$0.06,VEN-051,Iterative Design VEN-051/166 CN ¥0.50 EN $0.06
2026-09-03T19:41:39+00:00,https://bilgewatermarket.com/cards/VEN-052?print_variation=foiled,Mesmerize,foil,0.31,https://bilgewatermarket.com/cards/VEN-052?print_variation=foiled,foiled,,¥1.97,$0.31,VEN-052,Mesmerize VEN-052/166 Foiled CN ¥1.97 EN $0.31
2026-09-03T19:41:39+00:00,https://bilgewatermarket.com/cards/VEN-052,Mesmerize,nonfoil,0.09,https://bilgewatermarket.com/cards/VEN-052,normal,,¥0.50,$0.09,VEN-052,Mesmerize VEN-052/166 CN ¥0.50 EN $0.09
2026-09-03T19:41:39+00:00,https://bilgewatermarket.com/cards/VEN-053?print_variation=foiled,Otterpus,foil,0.20,https://bilgewatermarket.com/cards/VEN-053?print_variation=foiled,foiled,,¥1.27,$0.20,VEN-053,Otterpus VEN-053/166 Foiled CN ¥1.27 EN $0.20
2026-09-03T19:41:39+00:00,https://bilgewatermarket.com/cards/VEN-053,Otterpus,nonfoil,0.07,https://bilgewatermarket.com/cards/VEN-053,normal,,¥0.51,$0.07,VEN-053,Otterpus VEN-053/166 CN ¥0.51 EN $0.07
2026-09-03T19:41:39+00:00,https://bilgewatermarket.com/cards/VEN-054?print_variation=foiled,Questionable Tome,foil,0.40,https://bilgewatermarket.com/cards/VEN-054?print_variation=foiled,foiled,,¥1.10,$0.40,VEN-054,Questionable Tome VEN-054/166 Foiled CN ¥1.10 EN $0.40
2026-09-03T19:41:39+00:00,https://bilgewatermarket.com/cards/VEN-054,Questionable Tome,nonfoil,0.06,https://bilgewatermarket.com/cards/VEN-054,normal,,¥0.59,$0.06,VEN-054,Questionable Tome VEN-054/166 CN ¥0.59 EN $0.06
2026-09-03T19:41:39+00:00,https://bilgewatermarket.com/cards/VEN-055?print_variation=foiled,Applied Researchers,foil,0.75,https://bilgewatermarket.com/cards/VEN-055?print_variation=foiled,foiled,,¥3.28,$0.75,VEN-055,Applied Researchers VEN-055/166 Foiled CN ¥3.28 EN $0.75
2026-09-03T19:41:39+00:00,https://bilgewatermarket.com/cards/VEN-055,Applied Researchers,nonfoil,0.18,https://bilgewatermarket.com/cards/VEN-055,normal,,¥1.10,$0.18,VEN-055,Applied Researchers VEN-055/166 CN ¥1.10 EN $0.18
2026-09-03T19:41:39+00:00,https://bilgewatermarket.com/cards/VEN-056?print_variation=foiled,Clairvoyance,foil,0.33,https://bilgewatermarket.com/cards/VEN-056?print_variation=foiled,foiled,,¥3.01,$0.33,VEN-056,Clairvoyance VEN-056/166 Foiled CN ¥3.01 EN $0.33
2026-09-03T19:41:39+00:00,https://bilgewatermarket.com/cards/VEN-056,Clairvoyance,nonfoil,0.13,https://bilgewatermarket.com/cards/VEN-056,normal,,¥1.29,$0.13,VEN-056,Clairvoyance VEN-056/166 CN ¥1.29 EN $0.13
2026-09-03T19:41:39+00:00,https://bilgewatermarket.com/cards/VEN-057?print_variation=foiled,Covert Informant,foil,0.22,https://bilgewatermarket.com/cards/VEN-057?print_variation=foiled,foiled,,¥1.54,$0.22,VEN-057,Covert Informant VEN-057/166 Foiled CN ¥1.54 EN $0.22
2026-09-03T19:41:39+00:00,https://bilgewatermarket.com/cards/VEN-057,Covert Informant,nonfoil,0.07,https://bilgewatermarket.com/cards/VEN-057,normal,,¥0.56,$0.07,VEN-057,Covert Informant VEN-057/166 CN ¥0.56 EN $0.07
2026-09-03T19:41:39+00:00,https://bilgewatermarket.com/cards/VEN-058?print_variation=foiled,Patched Porobot,foil,0.64,https://bilgewatermarket.com/cards/VEN-058?print_variation=foiled,foiled,,¥3.33,$0.64,VEN-058,Patched Porobot VEN-058/166 Foiled CN ¥3.33 EN $0.64
2026-09-03T19:41:39+00:00,https://bilgewatermarket.com/cards/VEN-058,Patched Porobot,nonfoil,0.19,https://bilgewatermarket.com/cards/VEN-058,normal,,¥2.06,$0.19,VEN-058,Patched Porobot VEN-058/166 CN ¥2.06 EN $0.19
2026-09-03T19:41:39+00:00,https://bilgewatermarket.com/cards/VEN-059?print_variation=foiled,Shock Blast,foil,0.45,https://bilgewatermarket.com/cards/VEN-059?print_variation=foiled,foiled,,¥3.20,$0.45,VEN-059,Shock Blast VEN-059/166 Foiled CN ¥3.20 EN $0.45
2026-09-03T19:41:39+00:00,https://bilgewatermarket.com/cards/VEN-059,Shock Blast,nonfoil,0.13,https://bilgewatermarket.com/cards/VEN-059,normal,,¥1.02,$0.13,VEN-059,Shock Blast VEN-059/166 CN ¥1.02 EN $0.13
2026-09-03T19:41:39+00:00,https://bilgewatermarket.com/cards/VEN-060?print_variation=foiled,Sky Cruiser,foil,0.11,https://bilgewatermarket.com/cards/VEN-060?print_variation=foiled,foiled,,¥1.00,$0.11,VEN-060,Sky Cruiser VEN-060/166 Foiled CN ¥1.00 EN $0.11
2026-09-03T19:41:39+00:00,https://bilgewatermarket.com/cards/VEN-060,Sky Cruiser,nonfoil,0.07,https://bilgewatermarket.com/cards/VEN-060,normal,,¥0.58,$0.07,VEN-060,Sky Cruiser VEN-060/166 CN ¥0.58 EN $0.07
2026-09-03T19:41:39+00:00,https://bilgewatermarket.com/cards/VEN-061,Decree of Insight,nonfoil,0.29,https://bilgewatermarket.com/cards/VEN-061,normal,,¥3.54,$0.29,VEN-061,Decree of Insight VEN-061/166 CN ¥3.54 EN $0.29
2026-09-03T19:41:39+00:00,https://bilgewatermarket.com/cards/VEN-062,Hextech Formula,nonfoil,0.12,https://bilgewatermarket.com/cards/VEN-062,normal,,¥1.26,$0.12,VEN-062,Hextech Formula VEN-062/166 CN ¥1.26 EN $0.12
2026-09-03T19:41:39+00:00,https://bilgewatermarket.com/cards/VEN-063,"Nasus, Guardian of Knowledge",nonfoil,0.15,https://bilgewatermarket.com/cards/VEN-063,normal,,¥0.66,$0.15,VEN-063,"Nasus, Guardian of Knowledge VEN-063/166 CN ¥0.66 EN $0.15"
2026-09-03T19:41:39+00:00,https://bilgewatermarket.com/cards/VEN-063a?print_variation=showcase,"Nasus, Guardian of Knowledge",nonfoil,1.40,https://bilgewatermarket.com/cards/VEN-063a?print_variation=showcase,showcase,,¥4.51,$1.40,VEN-063a,"Nasus, Guardian of Knowledge VEN-063a/166 Showcase CN ¥4.51 EN $1.40"
2026-09-03T19:41:39+00:00,https://bilgewatermarket.com/cards/VEN-064,Plaza Guardian,nonfoil,0.19,https://bilgewatermarket.com/cards/VEN-064,normal,,¥0.68,$0.19,VEN-064,Plaza Guardian VEN-064/166 CN ¥0.68 EN $0.19
2026-09-03T19:41:39+00:00,https://bilgewatermarket.com/cards/VEN-065,"Swain, Visionary",nonfoil,0.22,https://bilgewatermarket.com/cards/VEN-065,normal,,¥2.11,$0.22,VEN-065,"Swain, Visionary VEN-065/166 CN ¥2.11 EN $0.22"
2026-09-03T19:41:39+00:00,https://bilgewatermarket.com/cards/VEN-066,Temporal Breach,nonfoil,0.67,https://bilgewatermarket.com/cards/VEN-066,normal,,¥10.59,$0.67,VEN-066,Temporal Breach VEN-066/166 CN ¥10.59 EN $0.67
2026-09-03T19:41:39+00:00,https://bilgewatermarket.com/cards/VEN-067,Bottled Constellation,nonfoil,0.49,https://bilgewatermarket.com/cards/VEN-067,normal,,¥4.54,$0.49,VEN-067,Bottled Constellation VEN-067/166 CN ¥4.54 EN $0.49
2026-09-03T19:41:39+00:00,https://bilgewatermarket.com/cards/VEN-068,"Jayce, Brilliant Inventor",nonfoil,0.61,https://bilgewatermarket.com/cards/VEN-068,normal,,¥3.39,$0.61,VEN-068,"Jayce, Brilliant Inventor VEN-068/166 CN ¥3.39 EN $0.61"
2026-09-03T19:41:39+00:00,https://bilgewatermarket.com/cards/VEN-068a?print_variation=showcase,"Jayce, Brilliant Inventor",nonfoil,1.65,https://bilgewatermarket.com/cards/VEN-068a?print_variation=showcase,showcase,,¥9.22,$1.65,VEN-068a,"Jayce, Brilliant Inventor VEN-068a/166 Showcase CN ¥9.22 EN $1.65"
2026-09-03T19:41:39+00:00,https://bilgewatermarket.com/cards/VEN-069,"Mel, Newly Awakened",nonfoil,1.30,https://bilgewatermarket.com/cards/VEN-069,normal,,¥7.36,$1.30,VEN-069,"Mel, Newly Awakened VEN-069/166 CN ¥7.36 EN $1.30"
2026-09-03T19:41:39+00:00,https://bilgewatermarket.com/cards/VEN-069a?print_variation=showcase,"Mel, Newly Awakened",nonfoil,4.70,https://bilgewatermarket.com/cards/VEN-069a?print_variation=showcase,showcase,,¥17.74,$4.70,VEN-069a,"Mel, Newly Awakened VEN-069a/166 Showcase CN ¥17.74 EN $4.70"
2026-09-03T19:41:39+00:00,https://bilgewatermarket.com/cards/VEN-070?print_variation=foiled,Brutal Hunter,foil,0.15,https://bilgewatermarket.com/cards/VEN-070?print_variation=foiled,foiled,,¥0.74,$0.15,VEN-070,Brutal Hunter VEN-070/166 Foiled CN ¥0.74 EN $0.15
2026-09-03T19:41:39+00:00,https://bilgewatermarket.com/cards/VEN-070,Brutal Hunter,nonfoil,0.05,https://bilgewatermarket.com/cards/VEN-070,normal,,¥0.50,$0.05,VEN-070,Brutal Hunter VEN-070/166 CN ¥0.50 EN $0.05
2026-09-03T19:41:39+00:00,https://bilgewatermarket.com/cards/VEN-071?print_variation=foiled,Fretful Feline,foil,0.15,https://bilgewatermarket.com/cards/VEN-071?print_variation=foiled,foiled,,¥0.50,$0.15,VEN-071,Fretful Feline VEN-071/166 Foiled CN ¥0.50 EN $0.15
2026-09-03T19:41:39+00:00,https://bilgewatermarket.com/cards/VEN-071,Fretful Feline,nonfoil,0.04,https://bilgewatermarket.com/cards/VEN-071,normal,,¥0.50,$0.04,VEN-071,Fretful Feline VEN-071/166 CN ¥0.50 EN $0.04
2026-09-03T19:41:39+00:00,https://bilgewatermarket.com/cards/VEN-072?print_variation=foiled,Guttural Roar,foil,0.27,https://bilgewatermarket.com/cards/VEN-072?print_variation=foiled,foiled,,¥1.12,$0.27,VEN-072,Guttural Roar VEN-072/166 Foiled CN ¥1.12 EN $0.27
2026-09-03T19:41:39+00:00,https://bilgewatermarket.com/cards/VEN-072,Guttural Roar,nonfoil,0.07,https://bilgewatermarket.com/cards/VEN-072,normal,,¥0.52,$0.07,VEN-072,Guttural Roar VEN-072/166 CN ¥0.52 EN $0.07
2026-09-03T19:41:39+00:00,https://bilgewatermarket.com/cards/VEN-073?print_variation=foiled,Jagged Cutlass,foil,0.18,https://bilgewatermarket.com/cards/VEN-073?print_variation=foiled,foiled,,¥0.58,$0.18,VEN-073,Jagged Cutlass VEN-073/166 Foiled CN ¥0.58 EN $0.18
2026-09-03T19:41:39+00:00,https://bilgewatermarket.com/cards/VEN-073,Jagged Cutlass,nonfoil,0.08,https://bilgewatermarket.com/cards/VEN-073,normal,,¥0.59,$0.08,VEN-073,Jagged Cutlass VEN-073/166 CN ¥0.59 EN $0.08
2026-09-03T19:41:39+00:00,https://bilgewatermarket.com/cards/VEN-074?print_variation=foiled,Legion Marauder,foil,0.22,https://bilgewatermarket.com/cards/VEN-074?print_variation=foiled,foiled,,¥2.04,$0.22,VEN-074,Legion Marauder VEN-074/166 Foiled CN ¥2.04 EN $0.22
2026-09-03T19:41:39+00:00,https://bilgewatermarket.com/cards/VEN-074,Legion Marauder,nonfoil,0.06,https://bilgewatermarket.com/cards/VEN-074,normal,,¥0.52,$0.06,VEN-074,Legion Marauder VEN-074/166 CN ¥0.52 EN $0.06
2026-09-03T19:41:39+00:00,https://bilgewatermarket.com/cards/VEN-075?print_variation=foiled,Platewyrm Egg,foil,0.23,https://bilgewatermarket.com/cards/VEN-075?print_variation=foiled,foiled,,¥4.11,$0.23,VEN-075,Platewyrm Egg VEN-075/166 Foiled CN ¥4.11 EN $0.23
2026-09-03T19:41:39+00:00,https://bilgewatermarket.com/cards/VEN-075,Platewyrm Egg,nonfoil,0.05,https://bilgewatermarket.com/cards/VEN-075,normal,,¥0.54,$0.05,VEN-075,Platewyrm Egg VEN-075/166 CN ¥0.54 EN $0.05
2026-09-03T19:41:39+00:00,https://bilgewatermarket.com/cards/VEN-076?print_variation=foiled,Repair Specialist,foil,0.26,https://bilgewatermarket.com/cards/VEN-076?print_variation=foiled,foiled,,¥0.96,$0.26,VEN-076,Repair Specialist VEN-076/166 Foiled CN ¥0.96 EN $0.26
2026-09-03T19:41:39+00:00,https://bilgewatermarket.com/cards/VEN-076,Repair Specialist,nonfoil,0.06,https://bilgewatermarket.com/cards/VEN-076,normal,,¥0.50,$0.06,VEN-076,Repair Specialist VEN-076/166 CN ¥0.50 EN $0.06
2026-09-03T19:41:39+00:00,https://bilgewatermarket.com/cards/VEN-077?print_variation=foiled,Tools of Empire,foil,0.28,https://bilgewatermarket.com/cards/VEN-077?print_variation=foiled,foiled,,¥1.22,$0.28,VEN-077,Tools of Empire VEN-077/166 Foiled CN ¥1.22 EN $0.28
2026-09-03T19:41:39+00:00,https://bilgewatermarket.com/cards/VEN-077,Tools of Empire,nonfoil,0.08,https://bilgewatermarket.com/cards/VEN-077,normal,,¥0.51,$0.08,VEN-077,Tools of Empire VEN-077/166 CN ¥0.51 EN $0.08
2026-09-03T19:41:39+00:00,https://bilgewatermarket.com/cards/VEN-078?print_variation=foiled,Baccai Witherclaw,foil,0.30,https://bilgewatermarket.com/cards/VEN-078?print_variation=foiled,foiled,,¥1.07,$0.30,VEN-078,Baccai Witherclaw VEN-078/166 Foiled CN ¥1.07 EN $0.30
2026-09-03T19:41:39+00:00,https://bilgewatermarket.com/cards/VEN-078,Baccai Witherclaw,nonfoil,0.07,https://bilgewatermarket.com/cards/VEN-078,normal,,¥0.54,$0.07,VEN-078,Baccai Witherclaw VEN-078/166 CN ¥0.54 EN $0.07
2026-09-03T19:41:39+00:00,https://bilgewatermarket.com/cards/VEN-079?print_variation=foiled,Dame the Despoiler,foil,0.20,https://bilgewatermarket.com/cards/VEN-079?print_variation=foiled,foiled,,¥0.71,$0.20,VEN-079,Dame the Despoiler VEN-079/166 Foiled CN ¥0.71 EN $0.20
2026-09-03T19:41:39+00:00,https://bilgewatermarket.com/cards/VEN-079,Dame the Despoiler,nonfoil,0.08,https://bilgewatermarket.com/cards/VEN-079,normal,,¥0.50,$0.08,VEN-079,Dame the Despoiler VEN-079/166 CN ¥0.50 EN $0.08
2026-09-03T19:41:39+00:00,https://bilgewatermarket.com/cards/VEN-080?print_variation=foiled,Noxian Demolitionist,foil,0.22,https://bilgewatermarket.com/cards/VEN-080?print_variation=foiled,foiled,,¥1.01,$0.22,VEN-080,Noxian Demolitionist VEN-080/166 Foiled CN ¥1.01 EN $0.22
2026-09-03T19:41:39+00:00,https://bilgewatermarket.com/cards/VEN-080,Noxian Demolitionist,nonfoil,0.09,https://bilgewatermarket.com/cards/VEN-080,normal,,¥0.54,$0.09,VEN-080,Noxian Demolitionist VEN-080/166 CN ¥0.54 EN $0.09
2026-09-03T19:41:39+00:00,https://bilgewatermarket.com/cards/VEN-081?print_variation=foiled,Onslaught,foil,0.35,https://bilgewatermarket.com/cards/VEN-081?print_variation=foiled,foiled,,¥1.77,$0.35,VEN-081,Onslaught VEN-081/166 Foiled CN ¥1.77 EN $0.35
2026-09-03T19:41:39+00:00,https://bilgewatermarket.com/cards/VEN-081,Onslaught,nonfoil,0.14,https://bilgewatermarket.com/cards/VEN-081,normal,,¥1.11,$0.14,VEN-081,Onslaught VEN-081/166 CN ¥1.11 EN $0.14
2026-09-03T19:41:39+00:00,https://bilgewatermarket.com/cards/VEN-082?print_variation=foiled,Profiteer,foil,0.27,https://bilgewatermarket.com/cards/VEN-082?print_variation=foiled,foiled,,¥2.02,$0.27,VEN-082,Profiteer VEN-082/166 Foiled CN ¥2.02 EN $0.27
2026-09-03T19:41:39+00:00,https://bilgewatermarket.com/cards/VEN-082,Profiteer,nonfoil,0.06,https://bilgewatermarket.com/cards/VEN-082,normal,,¥1.23,$0.06,VEN-082,Profiteer VEN-082/166 CN ¥1.23 EN $0.06
2026-09-03T19:41:39+00:00,https://bilgewatermarket.com/cards/VEN-083?print_variation=foiled,Rampage,foil,0.82,https://bilgewatermarket.com/cards/VEN-083?print_variation=foiled,foiled,,¥6.82,$0.82,VEN-083,Rampage VEN-083/166 Foiled CN ¥6.82 EN $0.82
2026-09-03T19:41:39+00:00,https://bilgewatermarket.com/cards/VEN-083,Rampage,nonfoil,0.22,https://bilgewatermarket.com/cards/VEN-083,normal,,¥1.62,$0.22,VEN-083,Rampage VEN-083/166 CN ¥1.62 EN $0.22
2026-09-03T19:41:39+00:00,https://bilgewatermarket.com/cards/VEN-084,"Ambessa, The Wolf",nonfoil,0.23,https://bilgewatermarket.com/cards/VEN-084,normal,,¥2.11,$0.23,VEN-084,"Ambessa, The Wolf VEN-084/166 CN ¥2.11 EN $0.23"
2026-09-03T19:41:39+00:00,https://bilgewatermarket.com/cards/VEN-084a?print_variation=showcase,"Ambessa, The Wolf",nonfoil,1.96,https://bilgewatermarket.com/cards/VEN-084a?print_variation=showcase,showcase,,¥10.12,$1.96,VEN-084a,"Ambessa, The Wolf VEN-084a/166 Showcase CN ¥10.12 EN $1.96"
2026-09-03T19:41:39+00:00,https://bilgewatermarket.com/cards/VEN-085,Decree of Strength,nonfoil,0.28,https://bilgewatermarket.com/cards/VEN-085,normal,,¥3.61,$0.28,VEN-085,Decree of Strength VEN-085/166 CN ¥3.61 EN $0.28
2026-09-03T19:41:39+00:00,https://bilgewatermarket.com/cards/VEN-086,"Gangplank, Naval",nonfoil,0.22,https://bilgewatermarket.com/cards/VEN-086,normal,,¥1.80,$0.22,VEN-086,"Gangplank, Naval VEN-086/166 CN ¥1.80 EN $0.22"
2026-09-03T19:41:39+00:00,https://bilgewatermarket.com/cards/VEN-087,Hextech Disc,nonfoil,0.18,https://bilgewatermarket.com/cards/VEN-087,normal,,¥0.78,$0.18,VEN-087,Hextech Disc VEN-087/166 CN ¥0.78 EN $0.18
2026-09-03T19:41:39+00:00,https://bilgewatermarket.com/cards/VEN-088,"Jayce, Hammer in Hand",nonfoil,0.16,https://bilgewatermarket.com/cards/VEN-088,normal,,¥1.48,$0.16,VEN-088,"Jayce, Hammer in Hand VEN-088/166 CN ¥1.48 EN $0.16"
2026-09-03T19:41:39+00:00,https://bilgewatermarket.com/cards/VEN-088a?print_variation=showcase,"Jayce, Hammer in Hand",nonfoil,1.24,https://bilgewatermarket.com/cards/VEN-088a?print_variation=showcase,showcase,,¥5.95,$1.24,VEN-088a,"Jayce, Hammer in Hand VEN-088a/166 Showcase CN ¥5.95 EN $1.24"
2026-09-03T19:41:39+00:00,https://bilgewatermarket.com/cards/VEN-089,Wild Claw,nonfoil,0.12,https://bilgewatermarket.com/cards/VEN-089,normal,,¥0.62,$0.12,VEN-089,Wild Claw VEN-089/166 CN ¥0.62 EN $0.12
2026-09-03T19:41:39+00:00,https://bilgewatermarket.com/cards/VEN-090,Cataclysmic Duel,nonfoil,0.61,https://bilgewatermarket.com/cards/VEN-090,normal,,¥3.45,$0.61,VEN-090,Cataclysmic Duel VEN-090/166 CN ¥3.45 EN $0.61
2026-09-03T19:41:39+00:00,https://bilgewatermarket.com/cards/VEN-091,Corrupted Dragon,nonfoil,0.75,https://bilgewatermarket.com/cards/VEN-091,normal,,¥3.93,$0.75,VEN-091,Corrupted Dragon VEN-091/166 CN ¥3.93 EN $0.75
2026-09-03T19:41:39+00:00,https://bilgewatermarket.com/cards/VEN-092,"Renekton, Brute",nonfoil,0.39,https://bilgewatermarket.com/cards/VEN-092,normal,,¥3.11,$0.39,VEN-092,"Renekton, Brute VEN-092/166 CN ¥3.11 EN $0.39"
2026-09-03T19:41:39+00:00,https://bilgewatermarket.com/cards/VEN-092a?print_variation=showcase,"Renekton, Brute",nonfoil,1.87,https://bilgewatermarket.com/cards/VEN-092a?print_variation=showcase,showcase,,¥6.23,$1.87,VEN-092a,"Renekton, Brute VEN-092a/166 Showcase CN ¥6.23 EN $1.87"
2026-09-03T19:41:39+00:00,https://bilgewatermarket.com/cards/VEN-093?print_variation=foiled,Kinkou Lifeblade,foil,0.12,https://bilgewatermarket.com/cards/VEN-093?print_variation=foiled,foiled,,¥1.00,$0.12,VEN-093,Kinkou Lifeblade VEN-093/166 Foiled CN ¥1.00 EN $0.12
2026-09-03T19:41:39+00:00,https://bilgewatermarket.com/cards/VEN-093,Kinkou Lifeblade,nonfoil,0.06,https://bilgewatermarket.com/cards/VEN-093,normal,,¥0.50,$0.06,VEN-093,Kinkou Lifeblade VEN-093/166 CN ¥0.50 EN $0.06
2026-09-03T19:41:39+00:00,https://bilgewatermarket.com/cards/VEN-094?print_variation=foiled,Mask Mother,foil,0.28,https://bilgewatermarket.com/cards/VEN-094?print_variation=foiled,foiled,,¥1.26,$0.28,VEN-094,Mask Mother VEN-094/166 Foiled CN ¥1.26 EN $0.28
2026-09-03T19:41:39+00:00,https://bilgewatermarket.com/cards/VEN-094,Mask Mother,nonfoil,0.07,https://bilgewatermarket.com/cards/VEN-094,normal,,¥0.50,$0.07,VEN-094,Mask Mother VEN-094/166 CN ¥0.50 EN $0.07
2026-09-03T19:41:39+00:00,https://bilgewatermarket.com/cards/VEN-095?print_variation=foiled,Shadow Order Disciple,foil,0.32,https://bilgewatermarket.com/cards/VEN-095?print_variation=foiled,foiled,,¥2.04,$0.32,VEN-095,Shadow Order Disciple VEN-095/166 Foiled CN ¥2.04 EN $0.32
2026-09-03T19:41:39+00:00,https://bilgewatermarket.com/cards/VEN-095,Shadow Order Disciple,nonfoil,0.08,https://bilgewatermarket.com/cards/VEN-095,normal,,¥0.53,$0.08,VEN-095,Shadow Order Disciple VEN-095/166 CN ¥0.53 EN $0.08
2026-09-03T19:41:39+00:00,https://bilgewatermarket.com/cards/VEN-096?print_variation=foiled,Shadowblade Lurker,foil,0.29,https://bilgewatermarket.com/cards/VEN-096?print_variation=foiled,foiled,,¥2.81,$0.29,VEN-096,Shadowblade Lurker VEN-096/166 Foiled CN ¥2.81 EN $0.29
2026-09-03T19:41:39+00:00,https://bilgewatermarket.com/cards/VEN-096,Shadowblade Lurker,nonfoil,0.04,https://bilgewatermarket.com/cards/VEN-096,normal,,¥0.51,$0.04,VEN-096,Shadowblade Lurker VEN-096/166 CN ¥0.51 EN $0.04
2026-09-03T19:41:39+00:00,https://bilgewatermarket.com/cards/VEN-097?print_variation=foiled,Spiderling,foil,0.63,https://bilgewatermarket.com/cards/VEN-097?print_variation=foiled,foiled,,¥1.78,$0.63,VEN-097,Spiderling VEN-097/166 Foiled CN ¥1.78 EN $0.63
2026-09-03T19:41:39+00:00,https://bilgewatermarket.com/cards/VEN-097,Spiderling,nonfoil,0.31,https://bilgewatermarket.com/cards/VEN-097,normal,,¥0.75,$0.31,VEN-097,Spiderling VEN-097/166 CN ¥0.75 EN $0.31
2026-09-03T19:41:39+00:00,https://bilgewatermarket.com/cards/VEN-098?print_variation=foiled,Stargazer,foil,0.15,https://bilgewatermarket.com/cards/VEN-098?print_variation=foiled,foiled,,¥0.61,$0.15,VEN-098,Stargazer VEN-098/166 Foiled CN ¥0.61 EN $0.15
2026-09-03T19:41:39+00:00,https://bilgewatermarket.com/cards/VEN-098,Stargazer,nonfoil,0.05,https://bilgewatermarket.com/cards/VEN-098,normal,,¥0.50,$0.05,VEN-098,Stargazer VEN-098/166 CN ¥0.50 EN $0.05
2026-09-03T19:41:39+00:00,https://bilgewatermarket.com/cards/VEN-099?print_variation=foiled,Tornado Warrior,foil,0.26,https://bilgewatermarket.com/cards/VEN-099?print_variation=foiled,foiled,,¥2.28,$0.26,VEN-099,Tornado Warrior VEN-099/166 Foiled CN ¥2.28 EN $0.26
2026-09-03T19:41:39+00:00,https://bilgewatermarket.com/cards/VEN-099,Tornado Warrior,nonfoil,0.06,https://bilgewatermarket.com/cards/VEN-099,normal,,¥0.56,$0.06,VEN-099,Tornado Warrior VEN-099/166 CN ¥0.56 EN $0.06
2026-09-03T19:41:39+00:00,https://bilgewatermarket.com/cards/VEN-100?print_variation=foiled,Up from the Deep,foil,0.70,https://bilgewatermarket.com/cards/VEN-100?print_variation=foiled,foiled,,¥2.13,$0.70,VEN-100,Up from the Deep VEN-100/166 Foiled CN ¥2.13 EN $0.70
2026-09-03T19:41:39+00:00,https://bilgewatermarket.com/cards/VEN-100,Up from the Deep,nonfoil,0.12,https://bilgewatermarket.com/cards/VEN-100,normal,,¥0.61,$0.12,VEN-100,Up from the Deep VEN-100/166 CN ¥0.61 EN $0.12
2026-09-03T19:41:39+00:00,https://bilgewatermarket.com/cards/VEN-101?print_variation=foiled,Gust Monk,foil,0.31,https://bilgewatermarket.com/cards/VEN-101?print_variation=foiled,foiled,,¥3.76,$0.31,VEN-101,Gust Monk VEN-101/166 Foiled CN ¥3.76 EN $0.31
2026-09-03T19:41:39+00:00,https://bilgewatermarket.com/cards/VEN-101,Gust Monk,nonfoil,0.12,https://bilgewatermarket.com/cards/VEN-101,normal,,¥1.41,$0.12,VEN-101,Gust Monk VEN-101/166 CN ¥1.41 EN $0.12
2026-09-03T19:41:39+00:00,https://bilgewatermarket.com/cards/VEN-102?print_variation=foiled,Ravenbloom Prefect,foil,1.48,https://bilgewatermarket.com/cards/VEN-102?print_variation=foiled,foiled,,¥9.80,$1.48,VEN-102,Ravenbloom Prefect VEN-102/166 Foiled CN ¥9.80 EN $1.48
2026-09-03T19:41:39+00:00,https://bilgewatermarket.com/cards/VEN-102,Ravenbloom Prefect,nonfoil,0.22,https://bilgewatermarket.com/cards/VEN-102,normal,,¥1.87,$0.22,VEN-102,Ravenbloom Prefect VEN-102/166 CN ¥1.87 EN $0.22
2026-09-03T19:41:39+00:00,https://bilgewatermarket.com/cards/VEN-103?print_variation=foiled,Shadows of the Past,foil,0.29,https://bilgewatermarket.com/cards/VEN-103?print_variation=foiled,foiled,,¥4.15,$0.29,VEN-103,Shadows of the Past VEN-103/166 Foiled CN ¥4.15 EN $0.29
2026-09-03T19:41:39+00:00,https://bilgewatermarket.com/cards/VEN-103,Shadows of the Past,nonfoil,0.11,https://bilgewatermarket.com/cards/VEN-103,normal,,¥1.20,$0.11,VEN-103,Shadows of the Past VEN-103/166 CN ¥1.20 EN $0.11
2026-09-03T19:41:39+00:00,https://bilgewatermarket.com/cards/VEN-104?print_variation=foiled,Tail-Cloaked Matriarch,foil,0.41,https://bilgewatermarket.com/cards/VEN-104?print_variation=foiled,foiled,,¥3.71,$0.41,VEN-104,Tail-Cloaked Matriarch VEN-104/166 Foiled CN ¥3.71 EN $0.41
2026-09-03T19:41:39+00:00,https://bilgewatermarket.com/cards/VEN-104,Tail-Cloaked Matriarch,nonfoil,0.13,https://bilgewatermarket.com/cards/VEN-104,normal,,¥1.91,$0.13,VEN-104,Tail-Cloaked Matriarch VEN-104/166 CN ¥1.91 EN $0.13
2026-09-03T19:41:39+00:00,https://bilgewatermarket.com/cards/VEN-105?print_variation=foiled,Twilight Step,foil,0.36,https://bilgewatermarket.com/cards/VEN-105?print_variation=foiled,foiled,,¥1.24,$0.36,VEN-105,Twilight Step VEN-105/166 Foiled CN ¥1.24 EN $0.36
2026-09-03T19:41:39+00:00,https://bilgewatermarket.com/cards/VEN-105,Twilight Step,nonfoil,0.13,https://bilgewatermarket.com/cards/VEN-105,normal,,¥0.61,$0.13,VEN-105,Twilight Step VEN-105/166 CN ¥0.61 EN $0.13
2026-09-03T19:41:39+00:00,https://bilgewatermarket.com/cards/VEN-106?print_variation=foiled,Wind and Ghosts,foil,0.61,https://bilgewatermarket.com/cards/VEN-106?print_variation=foiled,foiled,,¥4.30,$0.61,VEN-106,Wind and Ghosts VEN-106/166 Foiled CN ¥4.30 EN $0.61
2026-09-03T19:41:39+00:00,https://bilgewatermarket.com/cards/VEN-106,Wind and Ghosts,nonfoil,0.14,https://bilgewatermarket.com/cards/VEN-106,normal,,¥2.14,$0.14,VEN-106,Wind and Ghosts VEN-106/166 CN ¥2.14 EN $0.14
2026-09-03T19:41:39+00:00,https://bilgewatermarket.com/cards/VEN-107,Decree of Discord,nonfoil,0.22,https://bilgewatermarket.com/cards/VEN-107,normal,,¥1.65,$0.22,VEN-107,Decree of Discord VEN-107/166 CN ¥1.65 EN $0.22
2026-09-03T19:41:39+00:00,https://bilgewatermarket.com/cards/VEN-108,Forgotten Relic,nonfoil,0.08,https://bilgewatermarket.com/cards/VEN-108,normal,,¥0.58,$0.08,VEN-108,Forgotten Relic VEN-108/166 CN ¥0.58 EN $0.08
2026-09-03T19:41:39+00:00,https://bilgewatermarket.com/cards/VEN-109,"Illaoi, Prophet of the Great Kraken",nonfoil,0.16,https://bilgewatermarket.com/cards/VEN-109,normal,,¥1.42,$0.16,VEN-109,"Illaoi, Prophet of the Great Kraken VEN-109/166 CN ¥1.42 EN $0.16"
2026-09-03T19:41:39+00:00,https://bilgewatermarket.com/cards/VEN-110,"Mel, Defiant Soul",nonfoil,0.17,https://bilgewatermarket.com/cards/VEN-110,normal,,¥1.07,$0.17,VEN-110,"Mel, Defiant Soul VEN-110/166 CN ¥1.07 EN $0.17"
2026-09-03T19:41:39+00:00,https://bilgewatermarket.com/cards/VEN-110a?print_variation=showcase,"Mel, Defiant Soul",nonfoil,1.43,https://bilgewatermarket.com/cards/VEN-110a?print_variation=showcase,showcase,,¥6.03,$1.43,VEN-110a,"Mel, Defiant Soul VEN-110a/166 Showcase CN ¥6.03 EN $1.43"
2026-09-03T19:41:39+00:00,https://bilgewatermarket.com/cards/VEN-111,Minah Swiftfoot,nonfoil,0.14,https://bilgewatermarket.com/cards/VEN-111,normal,,¥0.73,$0.14,VEN-111,Minah Swiftfoot VEN-111/166 CN ¥0.73 EN $0.14
2026-09-03T19:41:39+00:00,https://bilgewatermarket.com/cards/VEN-112,"Zed, Without a Sound",nonfoil,0.21,https://bilgewatermarket.com/cards/VEN-112,normal,,¥1.04,$0.21,VEN-112,"Zed, Without a Sound VEN-112/166 CN ¥1.04 EN $0.21"
2026-09-03T19:41:39+00:00,https://bilgewatermarket.com/cards/VEN-112a?print_variation=showcase,"Zed, Without a Sound",nonfoil,3.78,https://bilgewatermarket.com/cards/VEN-112a?print_variation=showcase,showcase,,¥7.12,$3.78,VEN-112a,"Zed, Without a Sound VEN-112a/166 Showcase CN ¥7.12 EN $3.78"
2026-09-03T19:41:39+00:00,https://bilgewatermarket.com/cards/VEN-113,"Kennen, Storm of Shuriken",nonfoil,3.16,https://bilgewatermarket.com/cards/VEN-113,normal,,¥16.49,$3.16,VEN-113,"Kennen, Storm of Shuriken VEN-113/166 CN ¥16.49 EN $3.16"
2026-09-03T19:41:39+00:00,https://bilgewatermarket.com/cards/VEN-113a?print_variation=showcase,"Kennen, Storm of Shuriken",nonfoil,5.05,https://bilgewatermarket.com/cards/VEN-113a?print_variation=showcase,showcase,,¥31.27,$5.05,VEN-113a,"Kennen, Storm of Shuriken VEN-113a/166 Showcase CN ¥31.27 EN $5.05"
2026-09-03T19:41:39+00:00,https://bilgewatermarket.com/cards/VEN-114,Kharox,nonfoil,4.81,https://bilgewatermarket.com/cards/VEN-114,normal,,¥15.74,$4.81,VEN-114,Kharox VEN-114/166 CN ¥15.74 EN $4.81
2026-09-03T19:41:39+00:00,https://bilgewatermarket.com/cards/VEN-115,Ocean Drake,nonfoil,1.17,https://bilgewatermarket.com/cards/VEN-115,normal,,¥8.82,$1.17,VEN-115,Ocean Drake VEN-115/166 CN ¥8.82 EN $1.17
2026-09-03T19:41:39+00:00,https://bilgewatermarket.com/cards/VEN-116?print_variation=foiled,Dragon Form,foil,0.21,https://bilgewatermarket.com/cards/VEN-116?print_variation=foiled,foiled,,¥1.33,$0.21,VEN-116,Dragon Form VEN-116/166 Foiled CN ¥1.33 EN $0.21
2026-09-03T19:41:39+00:00,https://bilgewatermarket.com/cards/VEN-116,Dragon Form,nonfoil,0.08,https://bilgewatermarket.com/cards/VEN-116,normal,,¥0.54,$0.08,VEN-116,Dragon Form VEN-116/166 CN ¥0.54 EN $0.08
2026-09-03T19:41:39+00:00,https://bilgewatermarket.com/cards/VEN-117?print_variation=foiled,Disciple of Shen,foil,0.30,https://bilgewatermarket.com/cards/VEN-117?print_variation=foiled,foiled,,¥1.08,$0.30,VEN-117,Disciple of Shen VEN-117/166 Foiled CN ¥1.08 EN $0.30
2026-09-03T19:41:39+00:00,https://bilgewatermarket.com/cards/VEN-117,Disciple of Shen,nonfoil,0.07,https://bilgewatermarket.com/cards/VEN-117,normal,,¥0.51,$0.07,VEN-117,Disciple of Shen VEN-117/166 CN ¥0.51 EN $0.07
2026-09-03T19:41:39+00:00,https://bilgewatermarket.com/cards/VEN-118?print_variation=foiled,Horns of the Dragon,foil,0.13,https://bilgewatermarket.com/cards/VEN-118?print_variation=foiled,foiled,,¥0.51,$0.13,VEN-118,Horns of the Dragon VEN-118/166 Foiled CN ¥0.51 EN $0.13
2026-09-03T19:41:39+00:00,https://bilgewatermarket.com/cards/VEN-118,Horns of the Dragon,nonfoil,0.04,https://bilgewatermarket.com/cards/VEN-118,normal,,¥0.50,$0.04,VEN-118,Horns of the Dragon VEN-118/166 CN ¥0.50 EN $0.04
2026-09-03T19:41:39+00:00,https://bilgewatermarket.com/cards/VEN-119?print_variation=foiled,Keeper of Law,foil,0.14,https://bilgewatermarket.com/cards/VEN-119?print_variation=foiled,foiled,,¥0.87,$0.14,VEN-119,Keeper of Law VEN-119/166 Foiled CN ¥0.87 EN $0.14
2026-09-03T19:41:39+00:00,https://bilgewatermarket.com/cards/VEN-119,Keeper of Law,nonfoil,0.05,https://bilgewatermarket.com/cards/VEN-119,normal,,¥0.51,$0.05,VEN-119,Keeper of Law VEN-119/166 CN ¥0.51 EN $0.05
2026-09-03T19:41:39+00:00,https://bilgewatermarket.com/cards/VEN-120?print_variation=foiled,"Masa, Crashing Thunder",foil,0.16,https://bilgewatermarket.com/cards/VEN-120?print_variation=foiled,foiled,,¥0.52,$0.16,VEN-120,"Masa, Crashing Thunder VEN-120/166 Foiled CN ¥0.52 EN $0.16"
2026-09-03T19:41:39+00:00,https://bilgewatermarket.com/cards/VEN-120,"Masa, Crashing Thunder",nonfoil,0.06,https://bilgewatermarket.com/cards/VEN-120,normal,,¥0.50,$0.06,VEN-120,"Masa, Crashing Thunder VEN-120/166 CN ¥0.50 EN $0.06"
2026-09-03T19:41:39+00:00,https://bilgewatermarket.com/cards/VEN-121?print_variation=foiled,Reluctant Leader,foil,0.13,https://bilgewatermarket.com/cards/VEN-121?print_variation=foiled,foiled,,¥0.50,$0.13,VEN-121,Reluctant Leader VEN-121/166 Foiled CN ¥0.50 EN $0.13
2026-09-03T19:41:39+00:00,https://bilgewatermarket.com/cards/VEN-121,Reluctant Leader,nonfoil,0.06,https://bilgewatermarket.com/cards/VEN-121,normal,,¥0.50,$0.06,VEN-121,Reluctant Leader VEN-121/166 CN ¥0.50 EN $0.06
2026-09-03T19:41:39+00:00,https://bilgewatermarket.com/cards/VEN-122?print_variation=foiled,Solari Sunhawk,foil,0.45,https://bilgewatermarket.com/cards/VEN-122?print_variation=foiled,foiled,,¥1.00,$0.45,VEN-122,Solari Sunhawk VEN-122/166 Foiled CN ¥1.00 EN $0.45
2026-09-03T19:41:39+00:00,https://bilgewatermarket.com/cards/VEN-122,Solari Sunhawk,nonfoil,0.09,https://bilgewatermarket.com/cards/VEN-122,normal,,¥0.51,$0.09,VEN-122,Solari Sunhawk VEN-122/166 CN ¥0.51 EN $0.09
2026-09-03T19:41:39+00:00,https://bilgewatermarket.com/cards/VEN-123?print_variation=foiled,Soulspinner,foil,0.16,https://bilgewatermarket.com/cards/VEN-123?print_variation=foiled,foiled,,¥0.52,$0.16,VEN-123,Soulspinner VEN-123/166 Foiled CN ¥0.52 EN $0.16
2026-09-03T19:41:39+00:00,https://bilgewatermarket.com/cards/VEN-123,Soulspinner,nonfoil,0.05,https://bilgewatermarket.com/cards/VEN-123,normal,,¥0.50,$0.05,VEN-123,Soulspinner VEN-123/166 CN ¥0.50 EN $0.05
2026-09-03T19:41:39+00:00,https://bilgewatermarket.com/cards/VEN-124?print_variation=foiled,Escaped Grayback,foil,0.33,https://bilgewatermarket.com/cards/VEN-124?print_variation=foiled,foiled,,¥1.09,$0.33,VEN-124,Escaped Grayback VEN-124/166 Foiled CN ¥1.09 EN $0.33
2026-09-03T19:41:39+00:00,https://bilgewatermarket.com/cards/VEN-124,Escaped Grayback,nonfoil,0.12,https://bilgewatermarket.com/cards/VEN-124,normal,,¥0.52,$0.12,VEN-124,Escaped Grayback VEN-124/166 CN ¥0.52 EN $0.12
2026-09-03T19:41:39+00:00,https://bilgewatermarket.com/cards/VEN-125?print_variation=foiled,Hungry Wolf,foil,0.17,https://bilgewatermarket.com/cards/VEN-125?print_variation=foiled,foiled,,¥1.00,$0.17,VEN-125,Hungry Wolf VEN-125/166 Foiled CN ¥1.00 EN $0.17
2026-09-03T19:41:39+00:00,https://bilgewatermarket.com/cards/VEN-125,Hungry Wolf,nonfoil,0.07,https://bilgewatermarket.com/cards/VEN-125,normal,,¥0.51,$0.07,VEN-125,Hungry Wolf VEN-125/166 CN ¥0.51 EN $0.07
2026-09-03T19:41:39+00:00,https://bilgewatermarket.com/cards/VEN-126?print_variation=foiled,Ki Barrier,foil,0.38,https://bilgewatermarket.com/cards/VEN-126?print_variation=foiled,foiled,,¥3.99,$0.38,VEN-126,Ki Barrier VEN-126/166 Foiled CN ¥3.99 EN $0.38
2026-09-03T19:41:39+00:00,https://bilgewatermarket.com/cards/VEN-126,Ki Barrier,nonfoil,0.14,https://bilgewatermarket.com/cards/VEN-126,normal,,¥1.20,$0.14,VEN-126,Ki Barrier VEN-126/166 CN ¥1.20 EN $0.14
2026-09-03T19:41:39+00:00,https://bilgewatermarket.com/cards/VEN-127?print_variation=foiled,Lacerate,foil,0.27,https://bilgewatermarket.com/cards/VEN-127?print_variation=foiled,foiled,,¥5.63,$0.27,VEN-127,Lacerate VEN-127/166 Foiled CN ¥5.63 EN $0.27
2026-09-03T19:41:39+00:00,https://bilgewatermarket.com/cards/VEN-127,Lacerate,nonfoil,0.12,https://bilgewatermarket.com/cards/VEN-127,normal,,¥2.03,$0.12,VEN-127,Lacerate VEN-127/166 CN ¥2.03 EN $0.12
2026-09-03T19:41:39+00:00,https://bilgewatermarket.com/cards/VEN-128?print_variation=foiled,Noxian Emissary,foil,0.43,https://bilgewatermarket.com/cards/VEN-128?print_variation=foiled,foiled,,¥2.92,$0.43,VEN-128,Noxian Emissary VEN-128/166 Foiled CN ¥2.92 EN $0.43
2026-09-03T19:41:39+00:00,https://bilgewatermarket.com/cards/VEN-128,Noxian Emissary,nonfoil,0.13,https://bilgewatermarket.com/cards/VEN-128,normal,,¥1.13,$0.13,VEN-128,Noxian Emissary VEN-128/166 CN ¥1.13 EN $0.13
2026-09-03T19:41:39+00:00,https://bilgewatermarket.com/cards/VEN-129?print_variation=foiled,Sacred Protector,foil,0.37,https://bilgewatermarket.com/cards/VEN-129?print_variation=foiled,foiled,,¥0.86,$0.37,VEN-129,Sacred Protector VEN-129/166 Foiled CN ¥0.86 EN $0.37
2026-09-03T19:41:39+00:00,https://bilgewatermarket.com/cards/VEN-129,Sacred Protector,nonfoil,0.09,https://bilgewatermarket.com/cards/VEN-129,normal,,¥0.51,$0.09,VEN-129,Sacred Protector VEN-129/166 CN ¥0.51 EN $0.09
2026-09-03T19:41:39+00:00,https://bilgewatermarket.com/cards/VEN-130,Aurok General,nonfoil,0.09,https://bilgewatermarket.com/cards/VEN-130,normal,,¥0.65,$0.09,VEN-130,Aurok General VEN-130/166 CN ¥0.65 EN $0.09
2026-09-03T19:41:39+00:00,https://bilgewatermarket.com/cards/VEN-131,Decree of Unity,nonfoil,0.28,https://bilgewatermarket.com/cards/VEN-131,normal,,¥2.27,$0.28,VEN-131,Decree of Unity VEN-131/166 CN ¥2.27 EN $0.28
2026-09-03T19:41:39+00:00,https://bilgewatermarket.com/cards/VEN-132,Fallen Feline,nonfoil,0.23,https://bilgewatermarket.com/cards/VEN-132,normal,,¥2.36,$0.23,VEN-132,Fallen Feline VEN-132/166 CN ¥2.36 EN $0.23
2026-09-03T19:41:39+00:00,https://bilgewatermarket.com/cards/VEN-133,Glowstone,nonfoil,0.17,https://bilgewatermarket.com/cards/VEN-133,normal,,¥0.67,$0.17,VEN-133,Glowstone VEN-133/166 CN ¥0.67 EN $0.17
2026-09-03T19:41:39+00:00,https://bilgewatermarket.com/cards/VEN-134,"Kayle, Justified",nonfoil,0.31,https://bilgewatermarket.com/cards/VEN-134,normal,,¥2.26,$0.31,VEN-134,"Kayle, Justified VEN-134/166 CN ¥2.26 EN $0.31"
2026-09-03T19:41:39+00:00,https://bilgewatermarket.com/cards/VEN-135,"Kennen, Keeper of Balance",nonfoil,0.27,https://bilgewatermarket.com/cards/VEN-135,normal,,¥2.76,$0.27,VEN-135,"Kennen, Keeper of Balance VEN-135/166 CN ¥2.76 EN $0.27"
2026-09-03T19:41:39+00:00,https://bilgewatermarket.com/cards/VEN-135a?print_variation=showcase,"Kennen, Keeper of Balance",nonfoil,3.34,https://bilgewatermarket.com/cards/VEN-135a?print_variation=showcase,showcase,,¥9.68,$3.34,VEN-135a,"Kennen, Keeper of Balance VEN-135a/166 Showcase CN ¥9.68 EN $3.34"
2026-09-03T19:41:39+00:00,https://bilgewatermarket.com/cards/VEN-136,"Ambessa, Respected and Feared",nonfoil,0.63,https://bilgewatermarket.com/cards/VEN-136,normal,,¥4.29,$0.63,VEN-136,"Ambessa, Respected and Feared VEN-136/166 CN ¥4.29 EN $0.63"
2026-09-03T19:41:39+00:00,https://bilgewatermarket.com/cards/VEN-136a?print_variation=showcase,"Ambessa, Respected and Feared",nonfoil,2.75,https://bilgewatermarket.com/cards/VEN-136a?print_variation=showcase,showcase,,¥10.77,$2.75,VEN-136a,"Ambessa, Respected and Feared VEN-136a/166 Showcase CN ¥10.77 EN $2.75"
2026-09-03T19:41:39+00:00,https://bilgewatermarket.com/cards/VEN-137,Shady Spectacles,nonfoil,1.03,https://bilgewatermarket.com/cards/VEN-137,normal,,¥8.10,$1.03,VEN-137,Shady Spectacles VEN-137/166 CN ¥8.10 EN $1.03
2026-09-03T19:41:39+00:00,https://bilgewatermarket.com/cards/VEN-138,"Shen, Leader of the Kinkou Order",nonfoil,0.35,https://bilgewatermarket.com/cards/VEN-138,normal,,¥1.38,$0.35,VEN-138,"Shen, Leader of the Kinkou Order VEN-138/166 CN ¥1.38 EN $0.35"
2026-09-03T19:41:39+00:00,https://bilgewatermarket.com/cards/VEN-138a?print_variation=showcase,"Shen, Leader of the Kinkou Order",nonfoil,2.32,https://bilgewatermarket.com/cards/VEN-138a?print_variation=showcase,showcase,,¥10.05,$2.32,VEN-138a,"Shen, Leader of the Kinkou Order VEN-138a/166 Showcase CN ¥10.05 EN $2.32"
2026-09-03T19:41:39+00:00,https://bilgewatermarket.com/cards/VEN-139,"Akali, Rogue Assassin",nonfoil,0.13,https://bilgewatermarket.com/cards/VEN-139,normal,,¥0.57,$0.13,VEN-139,"Akali, Rogue Assassin VEN-139/166 CN ¥0.57 EN $0.13"
2026-09-03T19:41:39+00:00,https://bilgewatermarket.com/cards/VEN-140,Shuriken Flip,nonfoil,10.97,https://bilgewatermarket.com/cards/VEN-140,normal,,¥40.74,$10.97,VEN-140,Shuriken Flip VEN-140/166 CN ¥40.74 EN $10.97
2026-09-03T19:41:39+00:00,https://bilgewatermarket.com/cards/VEN-141,"Renekton, Butcher of the Sands",nonfoil,0.12,https://bilgewatermarket.com/cards/VEN-141,normal,,¥0.52,$0.12,VEN-141,"Renekton, Butcher of the Sands VEN-141/166 CN ¥0.52 EN $0.12"
2026-09-03T19:41:39+00:00,https://bilgewatermarket.com/cards/VEN-142,Dominus,nonfoil,0.73,https://bilgewatermarket.com/cards/VEN-142,normal,,¥5.50,$0.73,VEN-142,Dominus VEN-142/166 CN ¥5.50 EN $0.73
2026-09-03T19:41:39+00:00,https://bilgewatermarket.com/cards/VEN-143,"Zed, Master of Shadows",nonfoil,0.12,https://bilgewatermarket.com/cards/VEN-143,normal,,¥0.51,$0.12,VEN-143,"Zed, Master of Shadows VEN-143/166 CN ¥0.51 EN $0.12"
2026-09-03T19:41:39+00:00,https://bilgewatermarket.com/cards/VEN-144,Death Mark,nonfoil,1.46,https://bilgewatermarket.com/cards/VEN-144,normal,,¥6.79,$1.46,VEN-144,Death Mark VEN-144/166 CN ¥6.79 EN $1.46
2026-09-03T19:41:39+00:00,https://bilgewatermarket.com/cards/VEN-145,"Nasus, Curator of the Sands",nonfoil,0.12,https://bilgewatermarket.com/cards/VEN-145,normal,,¥0.57,$0.12,VEN-145,"Nasus, Curator of the Sands VEN-145/166 CN ¥0.57 EN $0.12"
2026-09-03T19:41:39+00:00,https://bilgewatermarket.com/cards/VEN-146,Siphoning Strike,nonfoil,1.56,https://bilgewatermarket.com/cards/VEN-146,normal,,¥10.99,$1.56,VEN-146,Siphoning Strike VEN-146/166 CN ¥10.99 EN $1.56
2026-09-03T19:41:39+00:00,https://bilgewatermarket.com/cards/VEN-147,"Shen, Eye of Twilight",nonfoil,0.07,https://bilgewatermarket.com/cards/VEN-147,normal,,¥0.51,$0.07,VEN-147,"Shen, Eye of Twilight VEN-147/166 CN ¥0.51 EN $0.07"
2026-09-03T19:41:39+00:00,https://bilgewatermarket.com/cards/VEN-148,Shadow Dash,nonfoil,0.42,https://bilgewatermarket.com/cards/VEN-148,normal,,¥2.93,$0.42,VEN-148,Shadow Dash VEN-148/166 CN ¥2.93 EN $0.42
2026-09-03T19:41:39+00:00,https://bilgewatermarket.com/cards/VEN-149,"Jayce, Defender of Tomorrow",nonfoil,0.10,https://bilgewatermarket.com/cards/VEN-149,normal,,¥0.68,$0.10,VEN-149,"Jayce, Defender of Tomorrow VEN-149/166 CN ¥0.68 EN $0.10"
2026-09-03T19:41:39+00:00,https://bilgewatermarket.com/cards/VEN-150,Acceleration Gate,nonfoil,1.28,https://bilgewatermarket.com/cards/VEN-150,normal,,¥13.47,$1.28,VEN-150,Acceleration Gate VEN-150/166 CN ¥13.47 EN $1.28
2026-09-03T19:41:39+00:00,https://bilgewatermarket.com/cards/VEN-151,"Mel, Soul's Reflection",nonfoil,0.12,https://bilgewatermarket.com/cards/VEN-151,normal,,¥0.52,$0.12,VEN-151,"Mel, Soul's Reflection VEN-151/166 CN ¥0.52 EN $0.12"
2026-09-03T19:41:39+00:00,https://bilgewatermarket.com/cards/VEN-152,Rebuttal,nonfoil,4.11,https://bilgewatermarket.com/cards/VEN-152,normal,,¥20.26,$4.11,VEN-152,Rebuttal VEN-152/166 CN ¥20.26 EN $4.11
2026-09-03T19:41:39+00:00,https://bilgewatermarket.com/cards/VEN-153,"Ambessa, Matriarch of War",nonfoil,0.10,https://bilgewatermarket.com/cards/VEN-153,normal,,¥0.52,$0.10,VEN-153,"Ambessa, Matriarch of War VEN-153/166 CN ¥0.52 EN $0.10"
2026-09-03T19:41:39+00:00,https://bilgewatermarket.com/cards/VEN-154,Public Execution,nonfoil,1.66,https://bilgewatermarket.com/cards/VEN-154,normal,,¥9.32,$1.66,VEN-154,Public Execution VEN-154/166 CN ¥9.32 EN $1.66
2026-09-03T19:41:39+00:00,https://bilgewatermarket.com/cards/VEN-155,"Kennen, Heart of the Tempest",nonfoil,0.13,https://bilgewatermarket.com/cards/VEN-155,normal,,¥0.70,$0.13,VEN-155,"Kennen, Heart of the Tempest VEN-155/166 CN ¥0.70 EN $0.13"
2026-09-03T19:41:39+00:00,https://bilgewatermarket.com/cards/VEN-156,Lightning Rush,nonfoil,11.46,https://bilgewatermarket.com/cards/VEN-156,normal,,¥66.23,$11.46,VEN-156,Lightning Rush VEN-156/166 CN ¥66.23 EN $11.46
2026-09-03T19:41:39+00:00,https://bilgewatermarket.com/cards/VEN-157?print_variation=foiled,Dragon Roost,foil,0.63,https://bilgewatermarket.com/cards/VEN-157?print_variation=foiled,foiled,,¥1.96,$0.63,VEN-157,Dragon Roost VEN-157/166 Foiled CN ¥1.96 EN $0.63
2026-09-03T19:41:39+00:00,https://bilgewatermarket.com/cards/VEN-157,Dragon Roost,nonfoil,0.15,https://bilgewatermarket.com/cards/VEN-157,normal,,¥0.67,$0.15,VEN-157,Dragon Roost VEN-157/166 CN ¥0.67 EN $0.15
2026-09-03T19:41:39+00:00,https://bilgewatermarket.com/cards/VEN-158?print_variation=foiled,"Heisho, Shell of the World",foil,1.07,https://bilgewatermarket.com/cards/VEN-158?print_variation=foiled,foiled,,¥3.19,$1.07,VEN-158,"Heisho, Shell of the World VEN-158/166 Foiled CN ¥3.19 EN $1.07"
2026-09-03T19:41:39+00:00,https://bilgewatermarket.com/cards/VEN-158,"Heisho, Shell of the World",nonfoil,0.12,https://bilgewatermarket.com/cards/VEN-158,normal,,¥1.11,$0.12,VEN-158,"Heisho, Shell of the World VEN-158/166 CN ¥1.11 EN $0.12"
2026-09-03T19:41:39+00:00,https://bilgewatermarket.com/cards/VEN-159?print_variation=foiled,Kinkou Temple,foil,0.25,https://bilgewatermarket.com/cards/VEN-159?print_variation=foiled,foiled,,¥1.12,$0.25,VEN-159,Kinkou Temple VEN-159/166 Foiled CN ¥1.12 EN $0.25
2026-09-03T19:41:39+00:00,https://bilgewatermarket.com/cards/VEN-159,Kinkou Temple,nonfoil,0.08,https://bilgewatermarket.com/cards/VEN-159,normal,,¥0.64,$0.08,VEN-159,Kinkou Temple VEN-159/166 CN ¥0.64 EN $0.08
2026-09-03T19:41:39+00:00,https://bilgewatermarket.com/cards/VEN-160?print_variation=foiled,Mystic Vortex,foil,0.20,https://bilgewatermarket.com/cards/VEN-160?print_variation=foiled,foiled,,¥3.91,$0.20,VEN-160,Mystic Vortex VEN-160/166 Foiled CN ¥3.91 EN $0.20
2026-09-03T19:41:39+00:00,https://bilgewatermarket.com/cards/VEN-160,Mystic Vortex,nonfoil,0.09,https://bilgewatermarket.com/cards/VEN-160,normal,,¥0.89,$0.09,VEN-160,Mystic Vortex VEN-160/166 CN ¥0.89 EN $0.09
2026-09-03T19:41:39+00:00,https://bilgewatermarket.com/cards/VEN-161?print_variation=foiled,Piltovan Forge,foil,0.26,https://bilgewatermarket.com/cards/VEN-161?print_variation=foiled,foiled,,¥4.14,$0.26,VEN-161,Piltovan Forge VEN-161/166 Foiled CN ¥4.14 EN $0.26
2026-09-03T19:41:39+00:00,https://bilgewatermarket.com/cards/VEN-161,Piltovan Forge,nonfoil,0.08,https://bilgewatermarket.com/cards/VEN-161,normal,,¥0.54,$0.08,VEN-161,Piltovan Forge VEN-161/166 CN ¥0.54 EN $0.08
2026-09-03T19:41:39+00:00,https://bilgewatermarket.com/cards/VEN-162?print_variation=foiled,Protective Sands,foil,0.31,https://bilgewatermarket.com/cards/VEN-162?print_variation=foiled,foiled,,¥2.33,$0.31,VEN-162,Protective Sands VEN-162/166 Foiled CN ¥2.33 EN $0.31
2026-09-03T19:41:39+00:00,https://bilgewatermarket.com/cards/VEN-162,Protective Sands,nonfoil,0.08,https://bilgewatermarket.com/cards/VEN-162,normal,,¥0.54,$0.08,VEN-162,Protective Sands VEN-162/166 CN ¥0.54 EN $0.08
2026-09-03T19:41:39+00:00,https://bilgewatermarket.com/cards/VEN-163?print_variation=foiled,Risen Altar,foil,0.38,https://bilgewatermarket.com/cards/VEN-163?print_variation=foiled,foiled,,¥5.53,$0.38,VEN-163,Risen Altar VEN-163/166 Foiled CN ¥5.53 EN $0.38
2026-09-03T19:41:39+00:00,https://bilgewatermarket.com/cards/VEN-163,Risen Altar,nonfoil,0.10,https://bilgewatermarket.com/cards/VEN-163,normal,,¥1.01,$0.10,VEN-163,Risen Altar VEN-163/166 CN ¥1.01 EN $0.10
2026-09-03T19:41:39+00:00,https://bilgewatermarket.com/cards/VEN-164?print_variation=foiled,Sandswept Tomb,foil,0.28,https://bilgewatermarket.com/cards/VEN-164?print_variation=foiled,foiled,,¥2.03,$0.28,VEN-164,Sandswept Tomb VEN-164/166 Foiled CN ¥2.03 EN $0.28
2026-09-03T19:41:39+00:00,https://bilgewatermarket.com/cards/VEN-164,Sandswept Tomb,nonfoil,0.10,https://bilgewatermarket.com/cards/VEN-164,normal,,¥1.13,$0.10,VEN-164,Sandswept Tomb VEN-164/166 CN ¥1.13 EN $0.10
2026-09-03T19:41:39+00:00,https://bilgewatermarket.com/cards/VEN-165?print_variation=foiled,Shadow Temple,foil,0.43,https://bilgewatermarket.com/cards/VEN-165?print_variation=foiled,foiled,,¥2.45,$0.43,VEN-165,Shadow Temple VEN-165/166 Foiled CN ¥2.45 EN $0.43
2026-09-03T19:41:39+00:00,https://bilgewatermarket.com/cards/VEN-165,Shadow Temple,nonfoil,0.11,https://bilgewatermarket.com/cards/VEN-165,normal,,¥1.16,$0.11,VEN-165,Shadow Temple VEN-165/166 CN ¥1.16 EN $0.11
2026-09-03T19:41:39+00:00,https://bilgewatermarket.com/cards/VEN-166?print_variation=foiled,Threshold of the Gray,foil,0.23,https://bilgewatermarket.com/cards/VEN-166?print_variation=foiled,foiled,,¥3.63,$0.23,VEN-166,Threshold of the Gray VEN-166/166 Foiled CN ¥3.63 EN $0.23
2026-09-03T19:41:39+00:00,https://bilgewatermarket.com/cards/VEN-166,Threshold of the Gray,nonfoil,0.10,https://bilgewatermarket.com/cards/VEN-166,normal,,¥0.66,$0.10,VEN-166,Threshold of the Gray VEN-166/166 CN ¥0.66 EN $0.10
2026-09-03T19:41:39+00:00,https://bilgewatermarket.com/cards/VEN-167?print_variation=showcase,"Vi, Destructive",nonfoil,104.47,https://bilgewatermarket.com/cards/VEN-167?print_variation=showcase,showcase,,¥292.01,$104.47,VEN-167,"Vi, Destructive VEN-167/166 Showcase CN ¥292.01 EN $104.47"
2026-09-03T19:41:39+00:00,https://bilgewatermarket.com/cards/VEN-168?print_variation=showcase,"Jinx, Demolitionist",nonfoil,118.89,https://bilgewatermarket.com/cards/VEN-168?print_variation=showcase,showcase,,¥337.09,$118.89,VEN-168,"Jinx, Demolitionist VEN-168/166 Showcase CN ¥337.09 EN $118.89"
2026-09-03T19:41:39+00:00,https://bilgewatermarket.com/cards/VEN-169?print_variation=showcase,"Zed, From the Shadows",nonfoil,64.81,https://bilgewatermarket.com/cards/VEN-169?print_variation=showcase,showcase,,¥146.01,$64.81,VEN-169,"Zed, From the Shadows VEN-169/166 Showcase CN ¥146.01 EN $64.81"
2026-09-03T19:41:39+00:00,https://bilgewatermarket.com/cards/VEN-170?print_variation=showcase,"Shen, Scourge of Shadows",nonfoil,54.20,https://bilgewatermarket.com/cards/VEN-170?print_variation=showcase,showcase,,¥101.41,$54.20,VEN-170,"Shen, Scourge of Shadows VEN-170/166 Showcase CN ¥101.41 EN $54.20"
2026-09-03T19:41:39+00:00,https://bilgewatermarket.com/cards/VEN-171?print_variation=showcase,"Riven, Shattered",nonfoil,74.70,https://bilgewatermarket.com/cards/VEN-171?print_variation=showcase,showcase,,¥117.58,$74.70,VEN-171,"Riven, Shattered VEN-171/166 Showcase CN ¥117.58 EN $74.70"
2026-09-03T19:41:39+00:00,https://bilgewatermarket.com/cards/VEN-172?print_variation=showcase,"Draven, Showboat",nonfoil,83.63,https://bilgewatermarket.com/cards/VEN-172?print_variation=showcase,showcase,,¥143.37,$83.63,VEN-172,"Draven, Showboat VEN-172/166 Showcase CN ¥143.37 EN $83.63"
2026-09-03T19:41:39+00:00,https://bilgewatermarket.com/cards/VEN-173?print_variation=showcase,"Swain, Visionary",nonfoil,84.77,https://bilgewatermarket.com/cards/VEN-173?print_variation=showcase,showcase,,¥284.18,$84.77,VEN-173,"Swain, Visionary VEN-173/166 Showcase CN ¥284.18 EN $84.77"
2026-09-03T19:41:39+00:00,https://bilgewatermarket.com/cards/VEN-174?print_variation=showcase,"Irelia, Fervent",nonfoil,135.26,https://bilgewatermarket.com/cards/VEN-174?print_variation=showcase,showcase,,¥480.40,$135.26,VEN-174,"Irelia, Fervent VEN-174/166 Showcase CN ¥480.40 EN $135.26"
2026-09-03T19:41:39+00:00,https://bilgewatermarket.com/cards/VEN-175?print_variation=showcase,"Jayce, Man of Progress",nonfoil,93.34,https://bilgewatermarket.com/cards/VEN-175?print_variation=showcase,showcase,,¥313.98,$93.34,VEN-175,"Jayce, Man of Progress VEN-175/166 Showcase CN ¥313.98 EN $93.34"
2026-09-03T19:41:39+00:00,https://bilgewatermarket.com/cards/VEN-176?print_variation=showcase,"Viktor, Innovator",nonfoil,78.68,https://bilgewatermarket.com/cards/VEN-176?print_variation=showcase,showcase,,¥182.60,$78.68,VEN-176,"Viktor, Innovator VEN-176/166 Showcase CN ¥182.60 EN $78.68"
2026-09-03T19:41:39+00:00,https://bilgewatermarket.com/cards/VEN-177?print_variation=showcase,"Renekton, Brute",nonfoil,67.50,https://bilgewatermarket.com/cards/VEN-177?print_variation=showcase,showcase,,¥102.81,$67.50,VEN-177,"Renekton, Brute VEN-177/166 Showcase CN ¥102.81 EN $67.50"
2026-09-03T19:41:39+00:00,https://bilgewatermarket.com/cards/VEN-178?print_variation=showcase,"Nasus, Guardian of Knowledge",nonfoil,63.51,https://bilgewatermarket.com/cards/VEN-178?print_variation=showcase,showcase,,¥114.17,$63.51,VEN-178,"Nasus, Guardian of Knowledge VEN-178/166 Showcase CN ¥114.17 EN $63.51"
2026-09-03T19:41:39+00:00,https://bilgewatermarket.com/cards/VEN-179?print_variation=showcase,"Rengar, Trophy Hunter",nonfoil,163.06,https://bilgewatermarket.com/cards/VEN-179?print_variation=showcase,showcase,,¥401.12,$163.06,VEN-179,"Rengar, Trophy Hunter VEN-179/166 Showcase CN ¥401.12 EN $163.06"
2026-09-03T19:41:39+00:00,https://bilgewatermarket.com/cards/VEN-180?print_variation=showcase,"Kha'Zix, Evolving Hunter",nonfoil,72.34,https://bilgewatermarket.com/cards/VEN-180?print_variation=showcase,showcase,,¥97.32,$72.34,VEN-180,"Kha'Zix, Evolving Hunter VEN-180/166 Showcase CN ¥97.32 EN $72.34"
2026-09-03T19:41:39+00:00,https://bilgewatermarket.com/cards/VEN-181?print_variation=showcase,"Gangplank, Naval",nonfoil,98.67,https://bilgewatermarket.com/cards/VEN-181?print_variation=showcase,showcase,,¥177.40,$98.67,VEN-181,"Gangplank, Naval VEN-181/166 Showcase CN ¥177.40 EN $98.67"
2026-09-03T19:41:39+00:00,https://bilgewatermarket.com/cards/VEN-182?print_variation=showcase,"Illaoi, Prophet of the Great Kraken",nonfoil,99.24,https://bilgewatermarket.com/cards/VEN-182?print_variation=showcase,showcase,,¥144.26,$99.24,VEN-182,"Illaoi, Prophet of the Great Kraken VEN-182/166 Showcase CN ¥144.26 EN $99.24"
2026-09-03T19:41:39+00:00,https://bilgewatermarket.com/cards/VEN-183?print_variation=showcase,"Diana, No Longer Human",nonfoil,155.96,https://bilgewatermarket.com/cards/VEN-183?print_variation=showcase,showcase,,¥199.10,$155.96,VEN-183,"Diana, No Longer Human VEN-183/166 Showcase CN ¥199.10 EN $155.96"
2026-09-03T19:41:39+00:00,https://bilgewatermarket.com/cards/VEN-184?print_variation=showcase,"Leona, Determined",nonfoil,92.53,https://bilgewatermarket.com/cards/VEN-184?print_variation=showcase,showcase,,¥156.96,$92.53,VEN-184,"Leona, Determined VEN-184/166 Showcase CN ¥156.96 EN $92.53"
2026-09-03T19:41:39+00:00,https://bilgewatermarket.com/cards/VEN-185?print_variation=showcase,"Kayle, Justified",nonfoil,179.67,https://bilgewatermarket.com/cards/VEN-185?print_variation=showcase,showcase,,¥542.69,$179.67,VEN-185,"Kayle, Justified VEN-185/166 Showcase CN ¥542.69 EN $179.67"
2026-09-03T19:41:39+00:00,https://bilgewatermarket.com/cards/VEN-186?print_variation=showcase,"Morgana, Vindictive",nonfoil,111.66,https://bilgewatermarket.com/cards/VEN-186?print_variation=showcase,showcase,,¥314.78,$111.66,VEN-186,"Morgana, Vindictive VEN-186/166 Showcase CN ¥314.78 EN $111.66"
2026-09-03T19:41:39+00:00,https://bilgewatermarket.com/cards/VEN-187?print_variation=showcase,"Ambessa, Respected and Feared",nonfoil,51.61,https://bilgewatermarket.com/cards/VEN-187?print_variation=showcase,showcase,,¥109.72,$51.61,VEN-187,"Ambessa, Respected and Feared VEN-187/166 Showcase CN ¥109.72 EN $51.61"
2026-09-03T19:41:39+00:00,https://bilgewatermarket.com/cards/VEN-188?print_variation=showcase,"Mel, Defiant Soul",nonfoil,82.20,https://bilgewatermarket.com/cards/VEN-188?print_variation=showcase,showcase,,¥131.23,$82.20,VEN-188,"Mel, Defiant Soul VEN-188/166 Showcase CN ¥131.23 EN $82.20"
2026-09-03T19:41:39+00:00,https://bilgewatermarket.com/cards/VEN-189?print_variation=showcase,"Akali, Rogue Assassin",nonfoil,548.03,https://bilgewatermarket.com/cards/VEN-189?print_variation=showcase,showcase,,¥1099.21,$548.03,VEN-189,"Akali, Rogue Assassin VEN-189/166 Showcase CN ¥1099.21 EN $548.03"
2026-09-03T19:41:39+00:00,https://bilgewatermarket.com/cards/VEN-190?print_variation=showcase,"Renekton, Butcher of the Sands",nonfoil,59.69,https://bilgewatermarket.com/cards/VEN-190?print_variation=showcase,showcase,,¥68.84,$59.69,VEN-190,"Renekton, Butcher of the Sands VEN-190/166 Showcase CN ¥68.84 EN $59.69"
2026-09-03T19:41:39+00:00,https://bilgewatermarket.com/cards/VEN-191?print_variation=showcase,"Zed, Master of Shadows",nonfoil,184.36,https://bilgewatermarket.com/cards/VEN-191?print_variation=showcase,showcase,,¥215.10,$184.36,VEN-191,"Zed, Master of Shadows VEN-191/166 Showcase CN ¥215.10 EN $184.36"
2026-09-03T19:41:39+00:00,https://bilgewatermarket.com/cards/VEN-192?print_variation=showcase,"Nasus, Curator of the Sands",nonfoil,163.83,https://bilgewatermarket.com/cards/VEN-192?print_variation=showcase,showcase,,¥244.62,$163.83,VEN-192,"Nasus, Curator of the Sands VEN-192/166 Showcase CN ¥244.62 EN $163.83"
2026-09-03T19:41:39+00:00,https://bilgewatermarket.com/cards/VEN-193?print_variation=showcase,"Shen, Eye of Twilight",nonfoil,80.90,https://bilgewatermarket.com/cards/VEN-193?print_variation=showcase,showcase,,¥102.55,$80.90,VEN-193,"Shen, Eye of Twilight VEN-193/166 Showcase CN ¥102.55 EN $80.90"
2026-09-03T19:41:39+00:00,https://bilgewatermarket.com/cards/VEN-194?print_variation=showcase,"Jayce, Defender of Tomorrow",nonfoil,216.69,https://bilgewatermarket.com/cards/VEN-194?print_variation=showcase,showcase,,¥397.47,$216.69,VEN-194,"Jayce, Defender of Tomorrow VEN-194/166 Showcase CN ¥397.47 EN $216.69"
2026-09-03T19:41:39+00:00,https://bilgewatermarket.com/cards/VEN-195?print_variation=showcase,"Mel, Soul's Reflection",nonfoil,206.24,https://bilgewatermarket.com/cards/VEN-195?print_variation=showcase,showcase,,¥305.40,$206.24,VEN-195,"Mel, Soul's Reflection VEN-195/166 Showcase CN ¥305.40 EN $206.24"
2026-09-03T19:41:39+00:00,https://bilgewatermarket.com/cards/VEN-196?print_variation=showcase,"Ambessa, Matriarch of War",nonfoil,127.95,https://bilgewatermarket.com/cards/VEN-196?print_variation=showcase,showcase,,¥138.02,$127.95,VEN-196,"Ambessa, Matriarch of War VEN-196/166 Showcase CN ¥138.02 EN $127.95"
2026-09-03T19:41:39+00:00,https://bilgewatermarket.com/cards/VEN-197?print_variation=showcase,"Kennen, Heart of the Tempest",nonfoil,272.70,https://bilgewatermarket.com/cards/VEN-197?print_variation=showcase,showcase,,¥666.34,$272.70,VEN-197,"Kennen, Heart of the Tempest VEN-197/166 Showcase CN ¥666.34 EN $272.70"
2026-09-03T19:41:39+00:00,https://bilgewatermarket.com/cards/UNL-001?print_variation=foiled,Arena Kingpin,foil,0.12,https://bilgewatermarket.com/cards/UNL-001?print_variation=foiled,foiled,,¥0.50,$0.12,UNL-001,Arena Kingpin UNL-001/219 Foiled CN ¥0.50 EN $0.12
2026-09-03T19:41:39+00:00,https://bilgewatermarket.com/cards/UNL-001,Arena Kingpin,nonfoil,0.08,https://bilgewatermarket.com/cards/UNL-001,normal,,¥0.53,$0.08,UNL-001,Arena Kingpin UNL-001/219 CN ¥0.53 EN $0.08
2026-09-03T19:41:39+00:00,https://bilgewatermarket.com/cards/UNL-002?print_variation=foiled,Inferna,foil,0.37,https://bilgewatermarket.com/cards/UNL-002?print_variation=foiled,foiled,,¥1.24,$0.37,UNL-002,Inferna UNL-002/219 Foiled CN ¥1.24 EN $0.37
2026-09-03T19:41:39+00:00,https://bilgewatermarket.com/cards/UNL-002,Inferna,nonfoil,0.11,https://bilgewatermarket.com/cards/UNL-002,normal,,¥0.58,$0.11,UNL-002,Inferna UNL-002/219 CN ¥0.58 EN $0.11
2026-09-03T19:41:39+00:00,https://bilgewatermarket.com/cards/UNL-003?print_variation=foiled,Mischievous Marai,foil,0.15,https://bilgewatermarket.com/cards/UNL-003?print_variation=foiled,foiled,,¥1.22,$0.15,UNL-003,Mischievous Marai UNL-003/219 Foiled CN ¥1.22 EN $0.15
2026-09-03T19:41:39+00:00,https://bilgewatermarket.com/cards/UNL-003,Mischievous Marai,nonfoil,0.05,https://bilgewatermarket.com/cards/UNL-003,normal,,¥0.53,$0.05,UNL-003,Mischievous Marai UNL-003/219 CN ¥0.53 EN $0.05
2026-09-03T19:41:39+00:00,https://bilgewatermarket.com/cards/UNL-004?print_variation=foiled,Prepared Neophyte,foil,0.17,https://bilgewatermarket.com/cards/UNL-004?print_variation=foiled,foiled,,¥0.60,$0.17,UNL-004,Prepared Neophyte UNL-004/219 Foiled CN ¥0.60 EN $0.17
2026-09-03T19:41:39+00:00,https://bilgewatermarket.com/cards/UNL-004,Prepared Neophyte,nonfoil,0.04,https://bilgewatermarket.com/cards/UNL-004,normal,,¥0.50,$0.04,UNL-004,Prepared Neophyte UNL-004/219 CN ¥0.50 EN $0.04
2026-09-03T19:41:39+00:00,https://bilgewatermarket.com/cards/UNL-005?print_variation=foiled,Revna the Lorekeeper,foil,0.16,https://bilgewatermarket.com/cards/UNL-005?print_variation=foiled,foiled,,¥0.50,$0.16,UNL-005,Revna the Lorekeeper UNL-005/219 Foiled CN ¥0.50 EN $0.16
2026-09-03T19:41:39+00:00,https://bilgewatermarket.com/cards/UNL-005,Revna the Lorekeeper,nonfoil,0.03,https://bilgewatermarket.com/cards/UNL-005,normal,,¥0.50,$0.03,UNL-005,Revna the Lorekeeper UNL-005/219 CN ¥0.50 EN $0.03
2026-09-03T19:41:39+00:00,https://bilgewatermarket.com/cards/UNL-006?print_variation=foiled,Sharkling,foil,0.24,https://bilgewatermarket.com/cards/UNL-006?print_variation=foiled,foiled,,¥0.56,$0.24,UNL-006,Sharkling UNL-006/219 Foiled CN ¥0.56 EN $0.24
2026-09-03T19:41:39+00:00,https://bilgewatermarket.com/cards/UNL-006,Sharkling,nonfoil,0.07,https://bilgewatermarket.com/cards/UNL-006,normal,,¥0.58,$0.07,UNL-006,Sharkling UNL-006/219 CN ¥0.58 EN $0.07
2026-09-03T19:41:39+00:00,https://bilgewatermarket.com/cards/UNL-007?print_variation=foiled,Smite,foil,0.18,https://bilgewatermarket.com/cards/UNL-007?print_variation=foiled,foiled,,¥1.22,$0.18,UNL-007,Smite UNL-007/219 Foiled CN ¥1.22 EN $0.18
2026-09-03T19:41:39+00:00,https://bilgewatermarket.com/cards/UNL-007,Smite,nonfoil,0.07,https://bilgewatermarket.com/cards/UNL-007,normal,,¥0.50,$0.07,UNL-007,Smite UNL-007/219 CN ¥0.50 EN $0.07
2026-09-03T19:41:39+00:00,https://bilgewatermarket.com/cards/UNL-008?print_variation=foiled,Towering Pairofant,foil,0.07,https://bilgewatermarket.com/cards/UNL-008?print_variation=foiled,foiled,,¥0.50,$0.07,UNL-008,Towering Pairofant UNL-008/219 Foiled CN ¥0.50 EN $0.07
2026-09-03T19:41:39+00:00,https://bilgewatermarket.com/cards/UNL-008,Towering Pairofant,nonfoil,0.02,https://bilgewatermarket.com/cards/UNL-008,normal,,¥0.50,$0.02,UNL-008,Towering Pairofant UNL-008/219 CN ¥0.50 EN $0.02
2026-09-03T19:41:39+00:00,https://bilgewatermarket.com/cards/UNL-009?print_variation=foiled,Upstage Comedy,foil,0.27,https://bilgewatermarket.com/cards/UNL-009?print_variation=foiled,foiled,,¥0.96,$0.27,UNL-009,Upstage Comedy UNL-009/219 Foiled CN ¥0.96 EN $0.27
2026-09-03T19:41:39+00:00,https://bilgewatermarket.com/cards/UNL-009,Upstage Comedy,nonfoil,0.14,https://bilgewatermarket.com/cards/UNL-009,normal,,¥0.50,$0.14,UNL-009,Upstage Comedy UNL-009/219 CN ¥0.50 EN $0.14
2026-09-03T19:41:39+00:00,https://bilgewatermarket.com/cards/UNL-010?print_variation=foiled,Vault Breaker,foil,0.22,https://bilgewatermarket.com/cards/UNL-010?print_variation=foiled,foiled,,¥0.54,$0.22,UNL-010,Vault Breaker UNL-010/219 Foiled CN ¥0.54 EN $0.22
2026-09-03T19:41:39+00:00,https://bilgewatermarket.com/cards/UNL-010,Vault Breaker,nonfoil,0.07,https://bilgewatermarket.com/cards/UNL-010,normal,,¥0.50,$0.07,UNL-010,Vault Breaker UNL-010/219 CN ¥0.50 EN $0.07
2026-09-03T19:41:39+00:00,https://bilgewatermarket.com/cards/UNL-011?print_variation=foiled,Fresh Beans,foil,0.23,https://bilgewatermarket.com/cards/UNL-011?print_variation=foiled,foiled,,¥0.99,$0.23,UNL-011,Fresh Beans UNL-011/219 Foiled CN ¥0.99 EN $0.23
2026-09-03T19:41:39+00:00,https://bilgewatermarket.com/cards/UNL-011,Fresh Beans,nonfoil,0.09,https://bilgewatermarket.com/cards/UNL-011,normal,,¥0.64,$0.09,UNL-011,Fresh Beans UNL-011/219 CN ¥0.64 EN $0.09
2026-09-03T19:41:39+00:00,https://bilgewatermarket.com/cards/UNL-012?print_variation=foiled,Lord Broadmane,foil,0.26,https://bilgewatermarket.com/cards/UNL-012?print_variation=foiled,foiled,,¥0.51,$0.26,UNL-012,Lord Broadmane UNL-012/219 Foiled CN ¥0.51 EN $0.26
2026-09-03T19:41:39+00:00,https://bilgewatermarket.com/cards/UNL-012,Lord Broadmane,nonfoil,0.06,https://bilgewatermarket.com/cards/UNL-012,normal,,¥0.50,$0.06,UNL-012,Lord Broadmane UNL-012/219 CN ¥0.50 EN $0.06
2026-09-03T19:41:39+00:00,https://bilgewatermarket.com/cards/UNL-013?print_variation=foiled,Lotus Trap,foil,0.42,https://bilgewatermarket.com/cards/UNL-013?print_variation=foiled,foiled,,¥0.74,$0.42,UNL-013,Lotus Trap UNL-013/219 Foiled CN ¥0.74 EN $0.42
2026-09-03T19:41:39+00:00,https://bilgewatermarket.com/cards/UNL-013,Lotus Trap,nonfoil,0.17,https://bilgewatermarket.com/cards/UNL-013,normal,,¥0.50,$0.17,UNL-013,Lotus Trap UNL-013/219 CN ¥0.50 EN $0.17
2026-09-03T19:41:39+00:00,https://bilgewatermarket.com/cards/UNL-014?print_variation=foiled,Monster Harpoon,foil,0.26,https://bilgewatermarket.com/cards/UNL-014?print_variation=foiled,foiled,,¥0.51,$0.26,UNL-014,Monster Harpoon UNL-014/219 Foiled CN ¥0.51 EN $0.26
2026-09-03T19:41:39+00:00,https://bilgewatermarket.com/cards/UNL-014,Monster Harpoon,nonfoil,0.08,https://bilgewatermarket.com/cards/UNL-014,normal,,¥0.50,$0.08,UNL-014,Monster Harpoon UNL-014/219 CN ¥0.50 EN $0.08
2026-09-03T19:41:39+00:00,https://bilgewatermarket.com/cards/UNL-015?print_variation=foiled,Right of Conquest,foil,0.25,https://bilgewatermarket.com/cards/UNL-015?print_variation=foiled,foiled,,¥0.69,$0.25,UNL-015,Right of Conquest UNL-015/219 Foiled CN ¥0.69 EN $0.25
2026-09-03T19:41:39+00:00,https://bilgewatermarket.com/cards/UNL-015,Right of Conquest,nonfoil,0.07,https://bilgewatermarket.com/cards/UNL-015,normal,,¥0.51,$0.07,UNL-015,Right of Conquest UNL-015/219 CN ¥0.51 EN $0.07
2026-09-03T19:41:39+00:00,https://bilgewatermarket.com/cards/UNL-016?print_variation=foiled,Scorchclaw,foil,0.18,https://bilgewatermarket.com/cards/UNL-016?print_variation=foiled,foiled,,¥0.54,$0.18,UNL-016,Scorchclaw UNL-016/219 Foiled CN ¥0.54 EN $0.18
2026-09-03T19:41:39+00:00,https://bilgewatermarket.com/cards/UNL-016,Scorchclaw,nonfoil,0.06,https://bilgewatermarket.com/cards/UNL-016,normal,,¥0.50,$0.06,UNL-016,Scorchclaw UNL-016/219 CN ¥0.50 EN $0.06
2026-09-03T19:41:39+00:00,https://bilgewatermarket.com/cards/UNL-017?print_variation=foiled,Square Up,foil,0.43,https://bilgewatermarket.com/cards/UNL-017?print_variation=foiled,foiled,,¥1.98,$0.43,UNL-017,Square Up UNL-017/219 Foiled CN ¥1.98 EN $0.43
2026-09-03T19:41:39+00:00,https://bilgewatermarket.com/cards/UNL-017,Square Up,nonfoil,0.10,https://bilgewatermarket.com/cards/UNL-017,normal,,¥0.51,$0.10,UNL-017,Square Up UNL-017/219 CN ¥0.51 EN $0.10
2026-09-03T19:41:39+00:00,https://bilgewatermarket.com/cards/UNL-018?print_variation=foiled,Yeti Brawler,foil,0.26,https://bilgewatermarket.com/cards/UNL-018?print_variation=foiled,foiled,,¥0.51,$0.26,UNL-018,Yeti Brawler UNL-018/219 Foiled CN ¥0.51 EN $0.26
2026-09-03T19:41:39+00:00,https://bilgewatermarket.com/cards/UNL-018,Yeti Brawler,nonfoil,0.06,https://bilgewatermarket.com/cards/UNL-018,normal,,¥0.50,$0.06,UNL-018,Yeti Brawler UNL-018/219 CN ¥0.50 EN $0.06
2026-09-03T19:41:39+00:00,https://bilgewatermarket.com/cards/UNL-019,Blighted Battleaxe,nonfoil,0.30,https://bilgewatermarket.com/cards/UNL-019,normal,,¥0.70,$0.30,UNL-019,Blighted Battleaxe UNL-019/219 CN ¥0.70 EN $0.30
2026-09-03T19:41:39+00:00,https://bilgewatermarket.com/cards/UNL-020,Dancing Grenade,nonfoil,0.14,https://bilgewatermarket.com/cards/UNL-020,normal,,¥0.55,$0.14,UNL-020,Dancing Grenade UNL-020/219 CN ¥0.55 EN $0.14
2026-09-03T19:41:39+00:00,https://bilgewatermarket.com/cards/UNL-021,Grim Apothecary,nonfoil,0.23,https://bilgewatermarket.com/cards/UNL-021,normal,,¥0.76,$0.23,UNL-021,Grim Apothecary UNL-021/219 CN ¥0.76 EN $0.23
2026-09-03T19:41:39+00:00,https://bilgewatermarket.com/cards/UNL-022,"Jhin, Murderous Artist",nonfoil,0.36,https://bilgewatermarket.com/cards/UNL-022,normal,,¥1.09,$0.36,UNL-022,"Jhin, Murderous Artist UNL-022/219 CN ¥1.09 EN $0.36"
2026-09-03T19:41:39+00:00,https://bilgewatermarket.com/cards/UNL-022a?print_variation=showcase,"Jhin, Murderous Artist",nonfoil,8.32,https://bilgewatermarket.com/cards/UNL-022a?print_variation=showcase,showcase,,¥16.51,$8.32,UNL-022a,"Jhin, Murderous Artist UNL-022a/219 Showcase CN ¥16.51 EN $8.32"
2026-09-03T19:41:39+00:00,https://bilgewatermarket.com/cards/UNL-023,"Katarina, Reckless",nonfoil,0.22,https://bilgewatermarket.com/cards/UNL-023,normal,,¥0.54,$0.22,UNL-023,"Katarina, Reckless UNL-023/219 CN ¥0.54 EN $0.22"
2026-09-03T19:41:39+00:00,https://bilgewatermarket.com/cards/UNL-024,"Rengar, Unseen",nonfoil,0.38,https://bilgewatermarket.com/cards/UNL-024,normal,,¥0.92,$0.38,UNL-024,"Rengar, Unseen UNL-024/219 CN ¥0.92 EN $0.38"
2026-09-03T19:41:39+00:00,https://bilgewatermarket.com/cards/UNL-024a?print_variation=showcase,"Rengar, Unseen",nonfoil,3.19,https://bilgewatermarket.com/cards/UNL-024a?print_variation=showcase,showcase,,¥4.19,$3.19,UNL-024a,"Rengar, Unseen UNL-024a/219 Showcase CN ¥4.19 EN $3.19"
2026-09-03T19:41:39+00:00,https://bilgewatermarket.com/cards/UNL-025,Undying Legion,nonfoil,0.15,https://bilgewatermarket.com/cards/UNL-025,normal,,¥0.61,$0.15,UNL-025,Undying Legion UNL-025/219 CN ¥0.61 EN $0.15
2026-09-03T19:41:39+00:00,https://bilgewatermarket.com/cards/UNL-026,"Xerath, Freed",nonfoil,0.14,https://bilgewatermarket.com/cards/UNL-026,normal,,¥0.51,$0.14,UNL-026,"Xerath, Freed UNL-026/219 CN ¥0.51 EN $0.14"
2026-09-03T19:41:39+00:00,https://bilgewatermarket.com/cards/UNL-027,Inviolus Vox,nonfoil,0.55,https://bilgewatermarket.com/cards/UNL-027,normal,,¥1.37,$0.55,UNL-027,Inviolus Vox UNL-027/219 CN ¥1.37 EN $0.55
2026-09-03T19:41:39+00:00,https://bilgewatermarket.com/cards/UNL-028,"Pyke, Dockside Butcher",nonfoil,16.66,https://bilgewatermarket.com/cards/UNL-028,normal,,¥10.53,$16.66,UNL-028,"Pyke, Dockside Butcher UNL-028/219 CN ¥10.53 EN $16.66"
2026-09-03T19:41:39+00:00,https://bilgewatermarket.com/cards/UNL-028a?print_variation=showcase,"Pyke, Dockside Butcher",nonfoil,18.35,https://bilgewatermarket.com/cards/UNL-028a?print_variation=showcase,showcase,,¥17.91,$18.35,UNL-028a,"Pyke, Dockside Butcher UNL-028a/219 Showcase CN ¥17.91 EN $18.35"
2026-09-03T19:41:39+00:00,https://bilgewatermarket.com/cards/UNL-029,Red Brambleback,nonfoil,0.75,https://bilgewatermarket.com/cards/UNL-029,normal,,¥1.81,$0.75,UNL-029,Red Brambleback UNL-029/219 CN ¥1.81 EN $0.75
2026-09-03T19:41:39+00:00,https://bilgewatermarket.com/cards/UNL-029a?print_variation=showcase,Red Brambleback,nonfoil,2.44,https://bilgewatermarket.com/cards/UNL-029a?print_variation=showcase,showcase,,¥3.81,$2.44,UNL-029a,Red Brambleback UNL-029a/219 Showcase CN ¥3.81 EN $2.44
2026-09-03T19:41:39+00:00,https://bilgewatermarket.com/cards/UNL-030,"Vi, Hotheaded",nonfoil,0.51,https://bilgewatermarket.com/cards/UNL-030,normal,,¥1.33,$0.51,UNL-030,"Vi, Hotheaded UNL-030/219 CN ¥1.33 EN $0.51"
2026-09-03T19:41:39+00:00,https://bilgewatermarket.com/cards/UNL-030a?print_variation=showcase,"Vi, Hotheaded",nonfoil,3.18,https://bilgewatermarket.com/cards/UNL-030a?print_variation=showcase,showcase,,¥3.08,$3.18,UNL-030a,"Vi, Hotheaded UNL-030a/219 Showcase CN ¥3.08 EN $3.18"
2026-09-03T19:41:39+00:00,https://bilgewatermarket.com/cards/UNL-031?print_variation=foiled,Combat Experience,foil,0.12,https://bilgewatermarket.com/cards/UNL-031?print_variation=foiled,foiled,,¥0.52,$0.12,UNL-031,Combat Experience UNL-031/219 Foiled CN ¥0.52 EN $0.12
2026-09-03T19:41:39+00:00,https://bilgewatermarket.com/cards/UNL-031,Combat Experience,nonfoil,0.06,https://bilgewatermarket.com/cards/UNL-031,normal,,¥0.50,$0.06,UNL-031,Combat Experience UNL-031/219 CN ¥0.50 EN $0.06
2026-09-03T19:41:39+00:00,https://bilgewatermarket.com/cards/UNL-032?print_variation=foiled,Double Trouble,foil,0.15,https://bilgewatermarket.com/cards/UNL-032?print_variation=foiled,foiled,,¥0.51,$0.15,UNL-032,Double Trouble UNL-032/219 Foiled CN ¥0.51 EN $0.15
2026-09-03T19:41:39+00:00,https://bilgewatermarket.com/cards/UNL-032,Double Trouble,nonfoil,0.05,https://bilgewatermarket.com/cards/UNL-032,normal,,¥0.50,$0.05,UNL-032,Double Trouble UNL-032/219 CN ¥0.50 EN $0.05
2026-09-03T19:41:39+00:00,https://bilgewatermarket.com/cards/UNL-033?print_variation=foiled,Frisky Hunter,foil,0.23,https://bilgewatermarket.com/cards/UNL-033?print_variation=foiled,foiled,,¥0.95,$0.23,UNL-033,Frisky Hunter UNL-033/219 Foiled CN ¥0.95 EN $0.23
2026-09-03T19:41:39+00:00,https://bilgewatermarket.com/cards/UNL-033,Frisky Hunter,nonfoil,0.06,https://bilgewatermarket.com/cards/UNL-033,normal,,¥0.50,$0.06,UNL-033,Frisky Hunter UNL-033/219 CN ¥0.50 EN $0.06
2026-09-03T19:41:39+00:00,https://bilgewatermarket.com/cards/UNL-034?print_variation=foiled,Herald of Spring,foil,0.11,https://bilgewatermarket.com/cards/UNL-034?print_variation=foiled,foiled,,¥0.80,$0.11,UNL-034,Herald of Spring UNL-034/219 Foiled CN ¥0.80 EN $0.11
2026-09-03T19:41:39+00:00,https://bilgewatermarket.com/cards/UNL-034,Herald of Spring,nonfoil,0.04,https://bilgewatermarket.com/cards/UNL-034,normal,,¥0.50,$0.04,UNL-034,Herald of Spring UNL-034/219 CN ¥0.50 EN $0.04
2026-09-03T19:41:39+00:00,https://bilgewatermarket.com/cards/UNL-035?print_variation=foiled,Monch,foil,0.15,https://bilgewatermarket.com/cards/UNL-035?print_variation=foiled,foiled,,¥0.53,$0.15,UNL-035,Monch UNL-035/219 Foiled CN ¥0.53 EN $0.15
2026-09-03T19:41:39+00:00,https://bilgewatermarket.com/cards/UNL-035,Monch,nonfoil,0.03,https://bilgewatermarket.com/cards/UNL-035,normal,,¥0.50,$0.03,UNL-035,Monch UNL-035/219 CN ¥0.50 EN $0.03
2026-09-03T19:41:39+00:00,https://bilgewatermarket.com/cards/UNL-036?print_variation=foiled,Mutated Mouser,foil,0.22,https://bilgewatermarket.com/cards/UNL-036?print_variation=foiled,foiled,,¥1.43,$0.22,UNL-036,Mutated Mouser UNL-036/219 Foiled CN ¥1.43 EN $0.22
2026-09-03T19:41:39+00:00,https://bilgewatermarket.com/cards/UNL-036,Mutated Mouser,nonfoil,0.06,https://bilgewatermarket.com/cards/UNL-036,normal,,¥0.51,$0.06,UNL-036,Mutated Mouser UNL-036/219 CN ¥0.51 EN $0.06
2026-09-03T19:41:39+00:00,https://bilgewatermarket.com/cards/UNL-037?print_variation=foiled,Shadow Watcher,foil,0.14,https://bilgewatermarket.com/cards/UNL-037?print_variation=foiled,foiled,,¥0.50,$0.14,UNL-037,Shadow Watcher UNL-037/219 Foiled CN ¥0.50 EN $0.14
2026-09-03T19:41:39+00:00,https://bilgewatermarket.com/cards/UNL-037,Shadow Watcher,nonfoil,0.04,https://bilgewatermarket.com/cards/UNL-037,normal,,¥0.50,$0.04,UNL-037,Shadow Watcher UNL-037/219 CN ¥0.50 EN $0.04
2026-09-03T19:41:39+00:00,https://bilgewatermarket.com/cards/UNL-038?print_variation=foiled,Skyward Strike,foil,0.19,https://bilgewatermarket.com/cards/UNL-038?print_variation=foiled,foiled,,¥1.33,$0.19,UNL-038,Skyward Strike UNL-038/219 Foiled CN ¥1.33 EN $0.19
2026-09-03T19:41:39+00:00,https://bilgewatermarket.com/cards/UNL-038,Skyward Strike,nonfoil,0.08,https://bilgewatermarket.com/cards/UNL-038,normal,,¥0.50,$0.08,UNL-038,Skyward Strike UNL-038/219 CN ¥0.50 EN $0.08
2026-09-03T19:41:39+00:00,https://bilgewatermarket.com/cards/UNL-039?print_variation=foiled,Soul Sword,foil,0.32,https://bilgewatermarket.com/cards/UNL-039?print_variation=foiled,foiled,,¥0.80,$0.32,UNL-039,Soul Sword UNL-039/219 Foiled CN ¥0.80 EN $0.32
2026-09-03T19:41:39+00:00,https://bilgewatermarket.com/cards/UNL-039,Soul Sword,nonfoil,0.10,https://bilgewatermarket.com/cards/UNL-039,normal,,¥0.53,$0.10,UNL-039,Soul Sword UNL-039/219 CN ¥0.53 EN $0.10
2026-09-03T19:41:39+00:00,https://bilgewatermarket.com/cards/UNL-040?print_variation=foiled,Wuju Apprentice,foil,0.17,https://bilgewatermarket.com/cards/UNL-040?print_variation=foiled,foiled,,¥1.22,$0.17,UNL-040,Wuju Apprentice UNL-040/219 Foiled CN ¥1.22 EN $0.17
2026-09-03T19:41:39+00:00,https://bilgewatermarket.com/cards/UNL-040,Wuju Apprentice,nonfoil,0.06,https://bilgewatermarket.com/cards/UNL-040,normal,,¥0.50,$0.06,UNL-040,Wuju Apprentice UNL-040/219 CN ¥0.50 EN $0.06
2026-09-03T19:41:39+00:00,https://bilgewatermarket.com/cards/UNL-041?print_variation=foiled,"Allay, Eager Admirer",foil,0.47,https://bilgewatermarket.com/cards/UNL-041?print_variation=foiled,foiled,,¥1.51,$0.47,UNL-041,"Allay, Eager Admirer UNL-041/219 Foiled CN ¥1.51 EN $0.47"
2026-09-03T19:41:39+00:00,https://bilgewatermarket.com/cards/UNL-041,"Allay, Eager Admirer",nonfoil,0.12,https://bilgewatermarket.com/cards/UNL-041,normal,,¥0.65,$0.12,UNL-041,"Allay, Eager Admirer UNL-041/219 CN ¥0.65 EN $0.12"
2026-09-03T19:41:39+00:00,https://bilgewatermarket.com/cards/UNL-042?print_variation=foiled,Back Off,foil,1.30,https://bilgewatermarket.com/cards/UNL-042?print_variation=foiled,foiled,,¥5.80,$1.30,UNL-042,Back Off UNL-042/219 Foiled CN ¥5.80 EN $1.30
2026-09-03T19:41:39+00:00,https://bilgewatermarket.com/cards/UNL-042,Back Off,nonfoil,0.20,https://bilgewatermarket.com/cards/UNL-042,normal,,¥2.00,$0.20,UNL-042,Back Off UNL-042/219 CN ¥2.00 EN $0.20
2026-09-03T19:41:39+00:00,https://bilgewatermarket.com/cards/UNL-043?print_variation=foiled,Enthusiastic Promoter,foil,0.22,https://bilgewatermarket.com/cards/UNL-043?print_variation=foiled,foiled,,¥0.50,$0.22,UNL-043,Enthusiastic Promoter UNL-043/219 Foiled CN ¥0.50 EN $0.22
2026-09-03T19:41:39+00:00,https://bilgewatermarket.com/cards/UNL-043,Enthusiastic Promoter,nonfoil,0.08,https://bilgewatermarket.com/cards/UNL-043,normal,,¥0.50,$0.08,UNL-043,Enthusiastic Promoter UNL-043/219 CN ¥0.50 EN $0.08
2026-09-03T19:41:39+00:00,https://bilgewatermarket.com/cards/UNL-044?print_variation=foiled,Flurry of Feathers,foil,0.46,https://bilgewatermarket.com/cards/UNL-044?print_variation=foiled,foiled,,¥2.32,$0.46,UNL-044,Flurry of Feathers UNL-044/219 Foiled CN ¥2.32 EN $0.46
2026-09-03T19:41:39+00:00,https://bilgewatermarket.com/cards/UNL-044,Flurry of Feathers,nonfoil,0.17,https://bilgewatermarket.com/cards/UNL-044,normal,,¥0.98,$0.17,UNL-044,Flurry of Feathers UNL-044/219 CN ¥0.98 EN $0.17
2026-09-03T19:41:39+00:00,https://bilgewatermarket.com/cards/UNL-045?print_variation=foiled,Forgotten Signpost,foil,0.39,https://bilgewatermarket.com/cards/UNL-045?print_variation=foiled,foiled,,¥0.97,$0.39,UNL-045,Forgotten Signpost UNL-045/219 Foiled CN ¥0.97 EN $0.39
2026-09-03T19:41:39+00:00,https://bilgewatermarket.com/cards/UNL-045,Forgotten Signpost,nonfoil,0.16,https://bilgewatermarket.com/cards/UNL-045,normal,,¥0.53,$0.16,UNL-045,Forgotten Signpost UNL-045/219 CN ¥0.53 EN $0.16
2026-09-03T19:41:39+00:00,https://bilgewatermarket.com/cards/UNL-046?print_variation=foiled,Friendship,foil,0.39,https://bilgewatermarket.com/cards/UNL-046?print_variation=foiled,foiled,,¥1.30,$0.39,UNL-046,Friendship UNL-046/219 Foiled CN ¥1.30 EN $0.39
2026-09-03T19:41:39+00:00,https://bilgewatermarket.com/cards/UNL-046,Friendship,nonfoil,0.15,https://bilgewatermarket.com/cards/UNL-046,normal,,¥0.59,$0.15,UNL-046,Friendship UNL-046/219 CN ¥0.59 EN $0.15
2026-09-03T19:41:39+00:00,https://bilgewatermarket.com/cards/UNL-047?print_variation=foiled,Mosstomper,foil,0.29,https://bilgewatermarket.com/cards/UNL-047?print_variation=foiled,foiled,,¥0.50,$0.29,UNL-047,Mosstomper UNL-047/219 Foiled CN ¥0.50 EN $0.29
2026-09-03T19:41:39+00:00,https://bilgewatermarket.com/cards/UNL-047,Mosstomper,nonfoil,0.09,https://bilgewatermarket.com/cards/UNL-047,normal,,¥0.50,$0.09,UNL-047,Mosstomper UNL-047/219 CN ¥0.50 EN $0.09
2026-09-03T19:41:39+00:00,https://bilgewatermarket.com/cards/UNL-048?print_variation=foiled,Trevor Snoozebottom,foil,0.22,https://bilgewatermarket.com/cards/UNL-048?print_variation=foiled,foiled,,¥1.36,$0.22,UNL-048,Trevor Snoozebottom UNL-048/219 Foiled CN ¥1.36 EN $0.22
2026-09-03T19:41:39+00:00,https://bilgewatermarket.com/cards/UNL-048,Trevor Snoozebottom,nonfoil,0.09,https://bilgewatermarket.com/cards/UNL-048,normal,,¥0.53,$0.09,UNL-048,Trevor Snoozebottom UNL-048/219 CN ¥0.53 EN $0.09
2026-09-03T19:41:39+00:00,https://bilgewatermarket.com/cards/UNL-049,Honeyfruit,nonfoil,0.15,https://bilgewatermarket.com/cards/UNL-049,normal,,¥1.12,$0.15,UNL-049,Honeyfruit UNL-049/219 CN ¥1.12 EN $0.15
2026-09-03T19:41:39+00:00,https://bilgewatermarket.com/cards/UNL-050,Iascylla,nonfoil,0.11,https://bilgewatermarket.com/cards/UNL-050,normal,,¥0.50,$0.11,UNL-050,Iascylla UNL-050/219 CN ¥0.50 EN $0.11
2026-09-03T19:41:39+00:00,https://bilgewatermarket.com/cards/UNL-051,"Ivern, Nurturer",nonfoil,0.17,https://bilgewatermarket.com/cards/UNL-051,normal,,¥0.58,$0.17,UNL-051,"Ivern, Nurturer UNL-051/219 CN ¥0.58 EN $0.17"
2026-09-03T19:41:39+00:00,https://bilgewatermarket.com/cards/UNL-051a?print_variation=showcase,"Ivern, Nurturer",nonfoil,1.43,https://bilgewatermarket.com/cards/UNL-051a?print_variation=showcase,showcase,,¥2.00,$1.43,UNL-051a,"Ivern, Nurturer UNL-051a/219 Showcase CN ¥2.00 EN $1.43"
2026-09-03T19:41:39+00:00,https://bilgewatermarket.com/cards/UNL-052,"Nami, Headstrong",nonfoil,0.37,https://bilgewatermarket.com/cards/UNL-052,normal,,¥0.96,$0.37,UNL-052,"Nami, Headstrong UNL-052/219 CN ¥0.96 EN $0.37"
2026-09-03T19:41:39+00:00,https://bilgewatermarket.com/cards/UNL-053,Scuttle Crab,nonfoil,3.75,https://bilgewatermarket.com/cards/UNL-053,normal,,¥14.24,$3.75,UNL-053,Scuttle Crab UNL-053/219 CN ¥14.24 EN $3.75
2026-09-03T19:41:39+00:00,https://bilgewatermarket.com/cards/UNL-054,Tricksy Tentacles,nonfoil,0.17,https://bilgewatermarket.com/cards/UNL-054,normal,,¥0.96,$0.17,UNL-054,Tricksy Tentacles UNL-054/219 CN ¥0.96 EN $0.17
2026-09-03T19:41:39+00:00,https://bilgewatermarket.com/cards/UNL-055,"Vex, Mocking",nonfoil,0.18,https://bilgewatermarket.com/cards/UNL-055,normal,,¥0.67,$0.18,UNL-055,"Vex, Mocking UNL-055/219 CN ¥0.67 EN $0.18"
2026-09-03T19:41:39+00:00,https://bilgewatermarket.com/cards/UNL-055a?print_variation=showcase,"Vex, Mocking",nonfoil,2.01,https://bilgewatermarket.com/cards/UNL-055a?print_variation=showcase,showcase,,¥4.32,$2.01,UNL-055a,"Vex, Mocking UNL-055a/219 Showcase CN ¥4.32 EN $2.01"
2026-09-03T19:41:39+00:00,https://bilgewatermarket.com/cards/UNL-056,"Yuumi, Magical Cat",nonfoil,0.18,https://bilgewatermarket.com/cards/UNL-056,normal,,¥0.75,$0.18,UNL-056,"Yuumi, Magical Cat UNL-056/219 CN ¥0.75 EN $0.18"
2026-09-03T19:41:39+00:00,https://bilgewatermarket.com/cards/UNL-057,Alpha Wildclaw,nonfoil,0.47,https://bilgewatermarket.com/cards/UNL-057,normal,,¥4.47,$0.47,UNL-057,Alpha Wildclaw UNL-057/219 CN ¥4.47 EN $0.47
2026-09-03T19:41:39+00:00,https://bilgewatermarket.com/cards/UNL-058,"Lillia, Protector of Dreams",nonfoil,0.71,https://bilgewatermarket.com/cards/UNL-058,normal,,¥1.24,$0.71,UNL-058,"Lillia, Protector of Dreams UNL-058/219 CN ¥1.24 EN $0.71"
2026-09-03T19:41:39+00:00,https://bilgewatermarket.com/cards/UNL-058a?print_variation=showcase,"Lillia, Protector of Dreams",nonfoil,6.37,https://bilgewatermarket.com/cards/UNL-058a?print_variation=showcase,showcase,,¥4.78,$6.37,UNL-058a,"Lillia, Protector of Dreams UNL-058a/219 Showcase CN ¥4.78 EN $6.37"
2026-09-03T19:41:39+00:00,https://bilgewatermarket.com/cards/UNL-059,"Master Yi, Unstoppable",nonfoil,0.99,https://bilgewatermarket.com/cards/UNL-059,normal,,¥3.87,$0.99,UNL-059,"Master Yi, Unstoppable UNL-059/219 CN ¥3.87 EN $0.99"
2026-09-03T19:41:39+00:00,https://bilgewatermarket.com/cards/UNL-059a?print_variation=showcase,"Master Yi, Unstoppable",nonfoil,3.34,https://bilgewatermarket.com/cards/UNL-059a?print_variation=showcase,showcase,,¥10.81,$3.34,UNL-059a,"Master Yi, Unstoppable UNL-059a/219 Showcase CN ¥10.81 EN $3.34"
2026-09-03T19:41:39+00:00,https://bilgewatermarket.com/cards/UNL-060,Vilemaw,nonfoil,23.04,https://bilgewatermarket.com/cards/UNL-060,normal,,¥39.75,$23.04,UNL-060,Vilemaw UNL-060/219 CN ¥39.75 EN $23.04
2026-09-03T19:41:39+00:00,https://bilgewatermarket.com/cards/UNL-060a?print_variation=showcase,Vilemaw,nonfoil,26.02,https://bilgewatermarket.com/cards/UNL-060a?print_variation=showcase,showcase,,¥49.50,$26.02,UNL-060a,Vilemaw UNL-060a/219 Showcase CN ¥49.50 EN $26.02
2026-09-03T19:41:39+00:00,https://bilgewatermarket.com/cards/UNL-061?print_variation=foiled,Downstage Dramatics,foil,0.27,https://bilgewatermarket.com/cards/UNL-061?print_variation=foiled,foiled,,¥0.95,$0.27,UNL-061,Downstage Dramatics UNL-061/219 Foiled CN ¥0.95 EN $0.27
2026-09-03T19:41:39+00:00,https://bilgewatermarket.com/cards/UNL-061,Downstage Dramatics,nonfoil,0.08,https://bilgewatermarket.com/cards/UNL-061,normal,,¥0.51,$0.08,UNL-061,Downstage Dramatics UNL-061/219 CN ¥0.51 EN $0.08
2026-09-03T19:41:39+00:00,https://bilgewatermarket.com/cards/UNL-062?print_variation=foiled,Dramatic Visionary,foil,0.15,https://bilgewatermarket.com/cards/UNL-062?print_variation=foiled,foiled,,¥0.50,$0.15,UNL-062,Dramatic Visionary UNL-062/219 Foiled CN ¥0.50 EN $0.15
2026-09-03T19:41:39+00:00,https://bilgewatermarket.com/cards/UNL-062,Dramatic Visionary,nonfoil,0.05,https://bilgewatermarket.com/cards/UNL-062,normal,,¥0.51,$0.05,UNL-062,Dramatic Visionary UNL-062/219 CN ¥0.51 EN $0.05
2026-09-03T19:41:39+00:00,https://bilgewatermarket.com/cards/UNL-063?print_variation=foiled,Eclipse,foil,0.29,https://bilgewatermarket.com/cards/UNL-063?print_variation=foiled,foiled,,¥1.58,$0.29,UNL-063,Eclipse UNL-063/219 Foiled CN ¥1.58 EN $0.29
2026-09-03T19:41:39+00:00,https://bilgewatermarket.com/cards/UNL-063,Eclipse,nonfoil,0.13,https://bilgewatermarket.com/cards/UNL-063,normal,,¥0.56,$0.13,UNL-063,Eclipse UNL-063/219 CN ¥0.56 EN $0.13
2026-09-03T19:41:39+00:00,https://bilgewatermarket.com/cards/UNL-064?print_variation=foiled,Fate Weaver,foil,0.11,https://bilgewatermarket.com/cards/UNL-064?print_variation=foiled,foiled,,¥0.50,$0.11,UNL-064,Fate Weaver UNL-064/219 Foiled CN ¥0.50 EN $0.11
2026-09-03T19:41:39+00:00,https://bilgewatermarket.com/cards/UNL-064,Fate Weaver,nonfoil,0.04,https://bilgewatermarket.com/cards/UNL-064,normal,,¥0.50,$0.04,UNL-064,Fate Weaver UNL-064/219 CN ¥0.50 EN $0.04
2026-09-03T19:41:39+00:00,https://bilgewatermarket.com/cards/UNL-065?print_variation=foiled,Icevale Archer,foil,0.12,https://bilgewatermarket.com/cards/UNL-065?print_variation=foiled,foiled,,¥0.50,$0.12,UNL-065,Icevale Archer UNL-065/219 Foiled CN ¥0.50 EN $0.12
2026-09-03T19:41:39+00:00,https://bilgewatermarket.com/cards/UNL-065,Icevale Archer,nonfoil,0.04,https://bilgewatermarket.com/cards/UNL-065,normal,,¥0.51,$0.04,UNL-065,Icevale Archer UNL-065/219 CN ¥0.51 EN $0.04
2026-09-03T19:41:39+00:00,https://bilgewatermarket.com/cards/UNL-066?print_variation=foiled,Moonlight Affliction,foil,0.16,https://bilgewatermarket.com/cards/UNL-066?print_variation=foiled,foiled,,¥0.90,$0.16,UNL-066,Moonlight Affliction UNL-066/219 Foiled CN ¥0.90 EN $0.16
2026-09-03T19:41:39+00:00,https://bilgewatermarket.com/cards/UNL-066,Moonlight Affliction,nonfoil,0.04,https://bilgewatermarket.com/cards/UNL-066,normal,,¥0.50,$0.04,UNL-066,Moonlight Affliction UNL-066/219 CN ¥0.50 EN $0.04
2026-09-03T19:41:39+00:00,https://bilgewatermarket.com/cards/UNL-067?print_variation=foiled,Ruined Rex,foil,0.23,https://bilgewatermarket.com/cards/UNL-067?print_variation=foiled,foiled,,¥1.04,$0.23,UNL-067,Ruined Rex UNL-067/219 Foiled CN ¥1.04 EN $0.23
2026-09-03T19:41:39+00:00,https://bilgewatermarket.com/cards/UNL-067,Ruined Rex,nonfoil,0.10,https://bilgewatermarket.com/cards/UNL-067,normal,,¥0.52,$0.10,UNL-067,Ruined Rex UNL-067/219 CN ¥0.52 EN $0.10
2026-09-03T19:41:39+00:00,https://bilgewatermarket.com/cards/UNL-068?print_variation=foiled,Spectral Centaur,foil,0.13,https://bilgewatermarket.com/cards/UNL-068?print_variation=foiled,foiled,,¥0.50,$0.13,UNL-068,Spectral Centaur UNL-068/219 Foiled CN ¥0.50 EN $0.13
2026-09-03T19:41:39+00:00,https://bilgewatermarket.com/cards/UNL-068,Spectral Centaur,nonfoil,0.04,https://bilgewatermarket.com/cards/UNL-068,normal,,¥0.50,$0.04,UNL-068,Spectral Centaur UNL-068/219 CN ¥0.50 EN $0.04
2026-09-03T19:41:39+00:00,https://bilgewatermarket.com/cards/UNL-069?print_variation=foiled,Sprite Burst,foil,0.28,https://bilgewatermarket.com/cards/UNL-069?print_variation=foiled,foiled,,¥1.93,$0.28,UNL-069,Sprite Burst UNL-069/219 Foiled CN ¥1.93 EN $0.28
2026-09-03T19:41:39+00:00,https://bilgewatermarket.com/cards/UNL-069,Sprite Burst,nonfoil,0.10,https://bilgewatermarket.com/cards/UNL-069,normal,,¥0.56,$0.10,UNL-069,Sprite Burst UNL-069/219 CN ¥0.56 EN $0.10
2026-09-03T19:41:39+00:00,https://bilgewatermarket.com/cards/UNL-070?print_variation=foiled,Turn to Dust,foil,0.91,https://bilgewatermarket.com/cards/UNL-070?print_variation=foiled,foiled,,¥1.87,$0.91,UNL-070,Turn to Dust UNL-070/219 Foiled CN ¥1.87 EN $0.91
2026-09-03T19:41:39+00:00,https://bilgewatermarket.com/cards/UNL-070,Turn to Dust,nonfoil,0.13,https://bilgewatermarket.com/cards/UNL-070,normal,,¥0.55,$0.13,UNL-070,Turn to Dust UNL-070/219 CN ¥0.55 EN $0.13
2026-09-03T19:41:39+00:00,https://bilgewatermarket.com/cards/UNL-071?print_variation=foiled,Chakram Dancer,foil,0.23,https://bilgewatermarket.com/cards/UNL-071?print_variation=foiled,foiled,,¥1.02,$0.23,UNL-071,Chakram Dancer UNL-071/219 Foiled CN ¥1.02 EN $0.23
2026-09-03T19:41:39+00:00,https://bilgewatermarket.com/cards/UNL-071,Chakram Dancer,nonfoil,0.13,https://bilgewatermarket.com/cards/UNL-071,normal,,¥0.53,$0.13,UNL-071,Chakram Dancer UNL-071/219 CN ¥0.53 EN $0.13
2026-09-03T19:41:39+00:00,https://bilgewatermarket.com/cards/UNL-072?print_variation=foiled,Crescent Strike,foil,0.29,https://bilgewatermarket.com/cards/UNL-072?print_variation=foiled,foiled,,¥1.69,$0.29,UNL-072,Crescent Strike UNL-072/219 Foiled CN ¥1.69 EN $0.29
2026-09-03T19:41:39+00:00,https://bilgewatermarket.com/cards/UNL-072,Crescent Strike,nonfoil,0.12,https://bilgewatermarket.com/cards/UNL-072,normal,,¥0.51,$0.12,UNL-072,Crescent Strike UNL-072/219 CN ¥0.51 EN $0.12
2026-09-03T19:41:39+00:00,https://bilgewatermarket.com/cards/UNL-073?print_variation=foiled,Deadly Flourish,foil,4.97,https://bilgewatermarket.com/cards/UNL-073?print_variation=foiled,foiled,,¥2.42,$4.97,UNL-073,Deadly Flourish UNL-073/219 Foiled CN ¥2.42 EN $4.97
2026-09-03T19:41:39+00:00,https://bilgewatermarket.com/cards/UNL-073,Deadly Flourish,nonfoil,0.28,https://bilgewatermarket.com/cards/UNL-073,normal,,¥0.89,$0.28,UNL-073,Deadly Flourish UNL-073/219 CN ¥0.89 EN $0.28
2026-09-03T19:41:39+00:00,https://bilgewatermarket.com/cards/UNL-074?print_variation=foiled,Frigid Jewel,foil,0.49,https://bilgewatermarket.com/cards/UNL-074?print_variation=foiled,foiled,,¥1.42,$0.49,UNL-074,Frigid Jewel UNL-074/219 Foiled CN ¥1.42 EN $0.49
2026-09-03T19:41:39+00:00,https://bilgewatermarket.com/cards/UNL-074,Frigid Jewel,nonfoil,0.14,https://bilgewatermarket.com/cards/UNL-074,normal,,¥0.51,$0.14,UNL-074,Frigid Jewel UNL-074/219 CN ¥0.51 EN $0.14
2026-09-03T19:41:39+00:00,https://bilgewatermarket.com/cards/UNL-075?print_variation=foiled,Gustwalker,foil,0.29,https://bilgewatermarket.com/cards/UNL-075?print_variation=foiled,foiled,,¥0.70,$0.29,UNL-075,Gustwalker UNL-075/219 Foiled CN ¥0.70 EN $0.29
2026-09-03T19:41:39+00:00,https://bilgewatermarket.com/cards/UNL-075,Gustwalker,nonfoil,0.10,https://bilgewatermarket.com/cards/UNL-075,normal,,¥0.50,$0.10,UNL-075,Gustwalker UNL-075/219 CN ¥0.50 EN $0.10
2026-09-03T19:41:39+00:00,https://bilgewatermarket.com/cards/UNL-076?print_variation=foiled,Petal Pixie,foil,0.27,https://bilgewatermarket.com/cards/UNL-076?print_variation=foiled,foiled,,¥1.35,$0.27,UNL-076,Petal Pixie UNL-076/219 Foiled CN ¥1.35 EN $0.27
2026-09-03T19:41:39+00:00,https://bilgewatermarket.com/cards/UNL-076,Petal Pixie,nonfoil,0.10,https://bilgewatermarket.com/cards/UNL-076,normal,,¥0.50,$0.10,UNL-076,Petal Pixie UNL-076/219 CN ¥0.50 EN $0.10
2026-09-03T19:41:39+00:00,https://bilgewatermarket.com/cards/UNL-077?print_variation=foiled,Soul Shepherd,foil,0.30,https://bilgewatermarket.com/cards/UNL-077?print_variation=foiled,foiled,,¥0.75,$0.30,UNL-077,Soul Shepherd UNL-077/219 Foiled CN ¥0.75 EN $0.30
2026-09-03T19:41:39+00:00,https://bilgewatermarket.com/cards/UNL-077,Soul Shepherd,nonfoil,0.14,https://bilgewatermarket.com/cards/UNL-077,normal,,¥0.50,$0.14,UNL-077,Soul Shepherd UNL-077/219 CN ¥0.50 EN $0.14
2026-09-03T19:41:39+00:00,https://bilgewatermarket.com/cards/UNL-078?print_variation=foiled,Sprite Fountain,foil,7.76,https://bilgewatermarket.com/cards/UNL-078?print_variation=foiled,foiled,,¥5.15,$7.76,UNL-078,Sprite Fountain UNL-078/219 Foiled CN ¥5.15 EN $7.76
2026-09-03T19:41:39+00:00,https://bilgewatermarket.com/cards/UNL-078,Sprite Fountain,nonfoil,4.77,https://bilgewatermarket.com/cards/UNL-078,normal,,¥1.81,$4.77,UNL-078,Sprite Fountain UNL-078/219 CN ¥1.81 EN $4.77
2026-09-03T19:41:39+00:00,https://bilgewatermarket.com/cards/UNL-079,"Diana, Lunari",nonfoil,0.17,https://bilgewatermarket.com/cards/UNL-079,normal,,¥0.98,$0.17,UNL-079,"Diana, Lunari UNL-079/219 CN ¥0.98 EN $0.17"
2026-09-03T19:41:39+00:00,https://bilgewatermarket.com/cards/UNL-079a?print_variation=showcase,"Diana, Lunari",nonfoil,6.39,https://bilgewatermarket.com/cards/UNL-079a?print_variation=showcase,showcase,,¥12.53,$6.39,UNL-079a,"Diana, Lunari UNL-079a/219 Showcase CN ¥12.53 EN $6.39"
2026-09-03T19:41:39+00:00,https://bilgewatermarket.com/cards/UNL-080,"Hwei, Brooding Painter",nonfoil,3.19,https://bilgewatermarket.com/cards/UNL-080,normal,,¥2.94,$3.19,UNL-080,"Hwei, Brooding Painter UNL-080/219 CN ¥2.94 EN $3.19"
2026-09-03T19:41:39+00:00,https://bilgewatermarket.com/cards/UNL-081,Keeper of Masks,nonfoil,0.18,https://bilgewatermarket.com/cards/UNL-081,normal,,¥0.78,$0.18,UNL-081,Keeper of Masks UNL-081/219 CN ¥0.78 EN $0.18
2026-09-03T19:41:39+00:00,https://bilgewatermarket.com/cards/UNL-082,"Lillia, Fae Fawn",nonfoil,0.36,https://bilgewatermarket.com/cards/UNL-082,normal,,¥0.68,$0.36,UNL-082,"Lillia, Fae Fawn UNL-082/219 CN ¥0.68 EN $0.36"
2026-09-03T19:41:39+00:00,https://bilgewatermarket.com/cards/UNL-082a?print_variation=showcase,"Lillia, Fae Fawn",nonfoil,6.15,https://bilgewatermarket.com/cards/UNL-082a?print_variation=showcase,showcase,,¥12.20,$6.15,UNL-082a,"Lillia, Fae Fawn UNL-082a/219 Showcase CN ¥12.20 EN $6.15"
2026-09-03T19:41:39+00:00,https://bilgewatermarket.com/cards/UNL-083,Smoke and Mirrors,nonfoil,0.52,https://bilgewatermarket.com/cards/UNL-083,normal,,¥1.22,$0.52,UNL-083,Smoke and Mirrors UNL-083/219 CN ¥1.22 EN $0.52
2026-09-03T19:41:39+00:00,https://bilgewatermarket.com/cards/UNL-084,Sprite Queen,nonfoil,0.24,https://bilgewatermarket.com/cards/UNL-084,normal,,¥1.20,$0.24,UNL-084,Sprite Queen UNL-084/219 CN ¥1.20 EN $0.24
2026-09-03T19:41:39+00:00,https://bilgewatermarket.com/cards/UNL-085,Sumpworks Map,nonfoil,0.12,https://bilgewatermarket.com/cards/UNL-085,normal,,¥0.56,$0.12,UNL-085,Sumpworks Map UNL-085/219 CN ¥0.56 EN $0.12
2026-09-03T19:41:39+00:00,https://bilgewatermarket.com/cards/UNL-086,"Zilean, Time Mage",nonfoil,0.20,https://bilgewatermarket.com/cards/UNL-086,normal,,¥0.51,$0.20,UNL-086,"Zilean, Time Mage UNL-086/219 CN ¥0.51 EN $0.20"
2026-09-03T19:41:39+00:00,https://bilgewatermarket.com/cards/UNL-087,Blue Sentinel,nonfoil,2.64,https://bilgewatermarket.com/cards/UNL-087,normal,,¥2.57,$2.64,UNL-087,Blue Sentinel UNL-087/219 CN ¥2.57 EN $2.64
2026-09-03T19:41:39+00:00,https://bilgewatermarket.com/cards/UNL-087a?print_variation=showcase,Blue Sentinel,nonfoil,6.47,https://bilgewatermarket.com/cards/UNL-087a?print_variation=showcase,showcase,,¥8.71,$6.47,UNL-087a,Blue Sentinel UNL-087a/219 Showcase CN ¥8.71 EN $6.47
2026-09-03T19:41:39+00:00,https://bilgewatermarket.com/cards/UNL-088,Gutter Palace,nonfoil,0.71,https://bilgewatermarket.com/cards/UNL-088,normal,,¥4.23,$0.71,UNL-088,Gutter Palace UNL-088/219 CN ¥4.23 EN $0.71
2026-09-03T19:41:39+00:00,https://bilgewatermarket.com/cards/UNL-089,"Jhin, Meticulous Killer",nonfoil,1.33,https://bilgewatermarket.com/cards/UNL-089,normal,,¥5.25,$1.33,UNL-089,"Jhin, Meticulous Killer UNL-089/219 CN ¥5.25 EN $1.33"
2026-09-03T19:41:39+00:00,https://bilgewatermarket.com/cards/UNL-089a?print_variation=showcase,"Jhin, Meticulous Killer",nonfoil,4.85,https://bilgewatermarket.com/cards/UNL-089a?print_variation=showcase,showcase,,¥11.91,$4.85,UNL-089a,"Jhin, Meticulous Killer UNL-089a/219 Showcase CN ¥11.91 EN $4.85"
2026-09-03T19:41:39+00:00,https://bilgewatermarket.com/cards/UNL-090,"LeBlanc, Everywhere at Once",nonfoil,2.31,https://bilgewatermarket.com/cards/UNL-090,normal,,¥2.66,$2.31,UNL-090,"LeBlanc, Everywhere at Once UNL-090/219 CN ¥2.66 EN $2.31"
2026-09-03T19:41:39+00:00,https://bilgewatermarket.com/cards/UNL-090a?print_variation=showcase,"LeBlanc, Everywhere at Once",nonfoil,5.72,https://bilgewatermarket.com/cards/UNL-090a?print_variation=showcase,showcase,,¥9.35,$5.72,UNL-090a,"LeBlanc, Everywhere at Once UNL-090a/219 Showcase CN ¥9.35 EN $5.72"
2026-09-03T19:41:39+00:00,https://bilgewatermarket.com/cards/UNL-091?print_variation=foiled,Concentrate,foil,0.18,https://bilgewatermarket.com/cards/UNL-091?print_variation=foiled,foiled,,¥0.94,$0.18,UNL-091,Concentrate UNL-091/219 Foiled CN ¥0.94 EN $0.18
2026-09-03T19:41:39+00:00,https://bilgewatermarket.com/cards/UNL-091,Concentrate,nonfoil,0.07,https://bilgewatermarket.com/cards/UNL-091,normal,,¥0.58,$0.07,UNL-091,Concentrate UNL-091/219 CN ¥0.58 EN $0.07
2026-09-03T19:41:39+00:00,https://bilgewatermarket.com/cards/UNL-092?print_variation=foiled,Demacian Diplomat,foil,0.19,https://bilgewatermarket.com/cards/UNL-092?print_variation=foiled,foiled,,¥1.55,$0.19,UNL-092,Demacian Diplomat UNL-092/219 Foiled CN ¥1.55 EN $0.19
2026-09-03T19:41:39+00:00,https://bilgewatermarket.com/cards/UNL-092,Demacian Diplomat,nonfoil,0.06,https://bilgewatermarket.com/cards/UNL-092,normal,,¥0.52,$0.06,UNL-092,Demacian Diplomat UNL-092/219 CN ¥0.52 EN $0.06
2026-09-03T19:41:39+00:00,https://bilgewatermarket.com/cards/UNL-093?print_variation=foiled,Dragonsoul Sage,foil,0.27,https://bilgewatermarket.com/cards/UNL-093?print_variation=foiled,foiled,,¥0.52,$0.27,UNL-093,Dragonsoul Sage UNL-093/219 Foiled CN ¥0.52 EN $0.27
2026-09-03T19:41:39+00:00,https://bilgewatermarket.com/cards/UNL-093,Dragonsoul Sage,nonfoil,0.10,https://bilgewatermarket.com/cards/UNL-093,normal,,¥0.52,$0.10,UNL-093,Dragonsoul Sage UNL-093/219 CN ¥0.52 EN $0.10
2026-09-03T19:41:39+00:00,https://bilgewatermarket.com/cards/UNL-094?print_variation=foiled,Gemhand Hunter,foil,0.21,https://bilgewatermarket.com/cards/UNL-094?print_variation=foiled,foiled,,¥0.72,$0.21,UNL-094,Gemhand Hunter UNL-094/219 Foiled CN ¥0.72 EN $0.21
2026-09-03T19:41:39+00:00,https://bilgewatermarket.com/cards/UNL-094,Gemhand Hunter,nonfoil,0.06,https://bilgewatermarket.com/cards/UNL-094,normal,,¥0.50,$0.06,UNL-094,Gemhand Hunter UNL-094/219 CN ¥0.50 EN $0.06
2026-09-03T19:41:39+00:00,https://bilgewatermarket.com/cards/UNL-095?print_variation=foiled,Grim Resolve,foil,0.23,https://bilgewatermarket.com/cards/UNL-095?print_variation=foiled,foiled,,¥1.87,$0.23,UNL-095,Grim Resolve UNL-095/219 Foiled CN ¥1.87 EN $0.23
2026-09-03T19:41:39+00:00,https://bilgewatermarket.com/cards/UNL-095,Grim Resolve,nonfoil,0.10,https://bilgewatermarket.com/cards/UNL-095,normal,,¥0.54,$0.10,UNL-095,Grim Resolve UNL-095/219 CN ¥0.54 EN $0.10
2026-09-03T19:41:39+00:00,https://bilgewatermarket.com/cards/UNL-096?print_variation=foiled,Hunter's Machete,foil,0.18,https://bilgewatermarket.com/cards/UNL-096?print_variation=foiled,foiled,,¥1.00,$0.18,UNL-096,Hunter's Machete UNL-096/219 Foiled CN ¥1.00 EN $0.18
2026-09-03T19:41:39+00:00,https://bilgewatermarket.com/cards/UNL-096,Hunter's Machete,nonfoil,0.07,https://bilgewatermarket.com/cards/UNL-096,normal,,¥0.50,$0.07,UNL-096,Hunter's Machete UNL-096/219 CN ¥0.50 EN $0.07
2026-09-03T19:41:39+00:00,https://bilgewatermarket.com/cards/UNL-097?print_variation=foiled,Kinkou Initiate,foil,0.28,https://bilgewatermarket.com/cards/UNL-097?print_variation=foiled,foiled,,¥1.08,$0.28,UNL-097,Kinkou Initiate UNL-097/219 Foiled CN ¥1.08 EN $0.28
2026-09-03T19:41:39+00:00,https://bilgewatermarket.com/cards/UNL-097,Kinkou Initiate,nonfoil,0.11,https://bilgewatermarket.com/cards/UNL-097,normal,,¥0.51,$0.11,UNL-097,Kinkou Initiate UNL-097/219 CN ¥0.51 EN $0.11
2026-09-03T19:41:39+00:00,https://bilgewatermarket.com/cards/UNL-098?print_variation=foiled,Targonian Visionary,foil,0.13,https://bilgewatermarket.com/cards/UNL-098?print_variation=foiled,foiled,,¥0.50,$0.13,UNL-098,Targonian Visionary UNL-098/219 Foiled CN ¥0.50 EN $0.13
2026-09-03T19:41:39+00:00,https://bilgewatermarket.com/cards/UNL-098,Targonian Visionary,nonfoil,0.05,https://bilgewatermarket.com/cards/UNL-098,normal,,¥0.50,$0.05,UNL-098,Targonian Visionary UNL-098/219 CN ¥0.50 EN $0.05
2026-09-03T19:41:39+00:00,https://bilgewatermarket.com/cards/UNL-099?print_variation=foiled,Towering Combatant,foil,0.15,https://bilgewatermarket.com/cards/UNL-099?print_variation=foiled,foiled,,¥0.50,$0.15,UNL-099,Towering Combatant UNL-099/219 Foiled CN ¥0.50 EN $0.15
2026-09-03T19:41:39+00:00,https://bilgewatermarket.com/cards/UNL-099,Towering Combatant,nonfoil,0.03,https://bilgewatermarket.com/cards/UNL-099,normal,,¥0.51,$0.03,UNL-099,Towering Combatant UNL-099/219 CN ¥0.51 EN $0.03
2026-09-03T19:41:39+00:00,https://bilgewatermarket.com/cards/UNL-100?print_variation=foiled,Voracious Gromp,foil,0.14,https://bilgewatermarket.com/cards/UNL-100?print_variation=foiled,foiled,,¥0.76,$0.14,UNL-100,Voracious Gromp UNL-100/219 Foiled CN ¥0.76 EN $0.14
2026-09-03T19:41:39+00:00,https://bilgewatermarket.com/cards/UNL-100,Voracious Gromp,nonfoil,0.08,https://bilgewatermarket.com/cards/UNL-100,normal,,¥0.50,$0.08,UNL-100,Voracious Gromp UNL-100/219 CN ¥0.50 EN $0.08
2026-09-03T19:41:39+00:00,https://bilgewatermarket.com/cards/UNL-101?print_variation=foiled,Call to Battle,foil,0.22,https://bilgewatermarket.com/cards/UNL-101?print_variation=foiled,foiled,,¥0.50,$0.22,UNL-101,Call to Battle UNL-101/219 Foiled CN ¥0.50 EN $0.22
2026-09-03T19:41:39+00:00,https://bilgewatermarket.com/cards/UNL-101,Call to Battle,nonfoil,0.10,https://bilgewatermarket.com/cards/UNL-101,normal,,¥0.50,$0.10,UNL-101,Call to Battle UNL-101/219 CN ¥0.50 EN $0.10
2026-09-03T19:41:39+00:00,https://bilgewatermarket.com/cards/UNL-102?print_variation=foiled,Crowd Favorite,foil,0.14,https://bilgewatermarket.com/cards/UNL-102?print_variation=foiled,foiled,,¥0.50,$0.14,UNL-102,Crowd Favorite UNL-102/219 Foiled CN ¥0.50 EN $0.14
2026-09-03T19:41:39+00:00,https://bilgewatermarket.com/cards/UNL-102,Crowd Favorite,nonfoil,0.04,https://bilgewatermarket.com/cards/UNL-102,normal,,¥0.50,$0.04,UNL-102,Crowd Favorite UNL-102/219 CN ¥0.50 EN $0.04
2026-09-03T19:41:39+00:00,https://bilgewatermarket.com/cards/UNL-103?print_variation=foiled,Disposal Order,foil,0.45,https://bilgewatermarket.com/cards/UNL-103?print_variation=foiled,foiled,,¥1.49,$0.45,UNL-103,Disposal Order UNL-103/219 Foiled CN ¥1.49 EN $0.45
2026-09-03T19:41:39+00:00,https://bilgewatermarket.com/cards/UNL-103,Disposal Order,nonfoil,0.23,https://bilgewatermarket.com/cards/UNL-103,normal,,¥0.59,$0.23,UNL-103,Disposal Order UNL-103/219 CN ¥0.59 EN $0.23
2026-09-03T19:41:39+00:00,https://bilgewatermarket.com/cards/UNL-104?print_variation=foiled,Gentle Gemdragon,foil,0.37,https://bilgewatermarket.com/cards/UNL-104?print_variation=foiled,foiled,,¥1.43,$0.37,UNL-104,Gentle Gemdragon UNL-104/219 Foiled CN ¥1.43 EN $0.37
2026-09-03T19:41:39+00:00,https://bilgewatermarket.com/cards/UNL-104,Gentle Gemdragon,nonfoil,0.15,https://bilgewatermarket.com/cards/UNL-104,normal,,¥0.53,$0.15,UNL-104,Gentle Gemdragon UNL-104/219 CN ¥0.53 EN $0.15
2026-09-03T19:41:39+00:00,https://bilgewatermarket.com/cards/UNL-105?print_variation=foiled,Imposing Challenger,foil,0.29,https://bilgewatermarket.com/cards/UNL-105?print_variation=foiled,foiled,,¥0.50,$0.29,UNL-105,Imposing Challenger UNL-105/219 Foiled CN ¥0.50 EN $0.29
2026-09-03T19:41:39+00:00,https://bilgewatermarket.com/cards/UNL-105,Imposing Challenger,nonfoil,0.07,https://bilgewatermarket.com/cards/UNL-105,normal,,¥0.60,$0.07,UNL-105,Imposing Challenger UNL-105/219 CN ¥0.60 EN $0.07
2026-09-03T19:41:39+00:00,https://bilgewatermarket.com/cards/UNL-106?print_variation=foiled,Repulse,foil,2.07,https://bilgewatermarket.com/cards/UNL-106?print_variation=foiled,foiled,,¥4.25,$2.07,UNL-106,Repulse UNL-106/219 Foiled CN ¥4.25 EN $2.07
2026-09-03T19:41:39+00:00,https://bilgewatermarket.com/cards/UNL-106,Repulse,nonfoil,0.36,https://bilgewatermarket.com/cards/UNL-106,normal,,¥1.23,$0.36,UNL-106,Repulse UNL-106/219 CN ¥1.23 EN $0.36
2026-09-03T19:41:39+00:00,https://bilgewatermarket.com/cards/UNL-107?print_variation=foiled,Stare Down,foil,0.33,https://bilgewatermarket.com/cards/UNL-107?print_variation=foiled,foiled,,¥1.00,$0.33,UNL-107,Stare Down UNL-107/219 Foiled CN ¥1.00 EN $0.33
2026-09-03T19:41:39+00:00,https://bilgewatermarket.com/cards/UNL-107,Stare Down,nonfoil,0.12,https://bilgewatermarket.com/cards/UNL-107,normal,,¥0.50,$0.12,UNL-107,Stare Down UNL-107/219 CN ¥0.50 EN $0.12
2026-09-03T19:41:39+00:00,https://bilgewatermarket.com/cards/UNL-108?print_variation=foiled,Wily Newtfish,foil,0.21,https://bilgewatermarket.com/cards/UNL-108?print_variation=foiled,foiled,,¥0.89,$0.21,UNL-108,Wily Newtfish UNL-108/219 Foiled CN ¥0.89 EN $0.21
2026-09-03T19:41:39+00:00,https://bilgewatermarket.com/cards/UNL-108,Wily Newtfish,nonfoil,0.07,https://bilgewatermarket.com/cards/UNL-108,normal,,¥0.50,$0.07,UNL-108,Wily Newtfish UNL-108/219 CN ¥0.50 EN $0.07
2026-09-03T19:41:39+00:00,https://bilgewatermarket.com/cards/UNL-109,Blood Rose,nonfoil,0.11,https://bilgewatermarket.com/cards/UNL-109,normal,,¥0.55,$0.11,UNL-109,Blood Rose UNL-109/219 CN ¥0.55 EN $0.11
2026-09-03T19:41:39+00:00,https://bilgewatermarket.com/cards/UNL-110,Clash of Giants,nonfoil,0.11,https://bilgewatermarket.com/cards/UNL-110,normal,,¥0.52,$0.11,UNL-110,Clash of Giants UNL-110/219 CN ¥0.52 EN $0.11
2026-09-03T19:41:39+00:00,https://bilgewatermarket.com/cards/UNL-111,Determined Sentry,nonfoil,0.30,https://bilgewatermarket.com/cards/UNL-111,normal,,¥0.57,$0.30,UNL-111,Determined Sentry UNL-111/219 CN ¥0.57 EN $0.30
2026-09-03T19:41:39+00:00,https://bilgewatermarket.com/cards/UNL-112,Irresistible Faefolk,nonfoil,5.48,https://bilgewatermarket.com/cards/UNL-112,normal,,¥1.46,$5.48,UNL-112,Irresistible Faefolk UNL-112/219 CN ¥1.46 EN $5.48
2026-09-03T19:41:39+00:00,https://bilgewatermarket.com/cards/UNL-113,"Master Yi, Tempered",nonfoil,0.18,https://bilgewatermarket.com/cards/UNL-113,normal,,¥1.11,$0.18,UNL-113,"Master Yi, Tempered UNL-113/219 CN ¥1.11 EN $0.18"
2026-09-03T19:41:39+00:00,https://bilgewatermarket.com/cards/UNL-113a?print_variation=showcase,"Master Yi, Tempered",nonfoil,2.59,https://bilgewatermarket.com/cards/UNL-113a?print_variation=showcase,showcase,,¥10.11,$2.59,UNL-113a,"Master Yi, Tempered UNL-113a/219 Showcase CN ¥10.11 EN $2.59"
2026-09-03T19:41:39+00:00,https://bilgewatermarket.com/cards/UNL-114,"Nidalee, Cat Form",nonfoil,2.31,https://bilgewatermarket.com/cards/UNL-114,normal,,¥1.48,$2.31,UNL-114,"Nidalee, Cat Form UNL-114/219 CN ¥1.48 EN $2.31"
2026-09-03T19:41:39+00:00,https://bilgewatermarket.com/cards/UNL-115,"Nilah, Joyful Ascetic",nonfoil,0.26,https://bilgewatermarket.com/cards/UNL-115,normal,,¥0.63,$0.26,UNL-115,"Nilah, Joyful Ascetic UNL-115/219 CN ¥0.63 EN $0.26"
2026-09-03T19:41:39+00:00,https://bilgewatermarket.com/cards/UNL-116,"Poppy, Paragon",nonfoil,0.27,https://bilgewatermarket.com/cards/UNL-116,normal,,¥0.69,$0.27,UNL-116,"Poppy, Paragon UNL-116/219 CN ¥0.69 EN $0.27"
2026-09-03T19:41:39+00:00,https://bilgewatermarket.com/cards/UNL-116a?print_variation=showcase,"Poppy, Paragon",nonfoil,1.38,https://bilgewatermarket.com/cards/UNL-116a?print_variation=showcase,showcase,,¥4.31,$1.38,UNL-116a,"Poppy, Paragon UNL-116a/219 Showcase CN ¥4.31 EN $1.38"
2026-09-03T19:41:39+00:00,https://bilgewatermarket.com/cards/UNL-117,Arachnoid Horror,nonfoil,1.48,https://bilgewatermarket.com/cards/UNL-117,normal,,¥7.20,$1.48,UNL-117,Arachnoid Horror UNL-117/219 CN ¥7.20 EN $1.48
2026-09-03T19:41:39+00:00,https://bilgewatermarket.com/cards/UNL-118,Elder Dragon,nonfoil,14.99,https://bilgewatermarket.com/cards/UNL-118,normal,,¥39.88,$14.99,UNL-118,Elder Dragon UNL-118/219 CN ¥39.88 EN $14.99
2026-09-03T19:41:39+00:00,https://bilgewatermarket.com/cards/UNL-118a?print_variation=showcase,Elder Dragon,nonfoil,20.51,https://bilgewatermarket.com/cards/UNL-118a?print_variation=showcase,showcase,,¥56.60,$20.51,UNL-118a,Elder Dragon UNL-118a/219 Showcase CN ¥56.60 EN $20.51
2026-09-03T19:41:39+00:00,https://bilgewatermarket.com/cards/UNL-119,"Kha'Zix, Evolving Hunter",nonfoil,0.66,https://bilgewatermarket.com/cards/UNL-119,normal,,¥1.22,$0.66,UNL-119,"Kha'Zix, Evolving Hunter UNL-119/219 CN ¥1.22 EN $0.66"
2026-09-03T19:41:39+00:00,https://bilgewatermarket.com/cards/UNL-119a?print_variation=showcase,"Kha'Zix, Evolving Hunter",nonfoil,2.39,https://bilgewatermarket.com/cards/UNL-119a?print_variation=showcase,showcase,,¥2.69,$2.39,UNL-119a,"Kha'Zix, Evolving Hunter UNL-119a/219 Showcase CN ¥2.69 EN $2.39"
2026-09-03T19:41:39+00:00,https://bilgewatermarket.com/cards/UNL-120,"Rengar, Trophy Hunter",nonfoil,31.22,https://bilgewatermarket.com/cards/UNL-120,normal,,¥86.65,$31.22,UNL-120,"Rengar, Trophy Hunter UNL-120/219 CN ¥86.65 EN $31.22"
2026-09-03T19:41:39+00:00,https://bilgewatermarket.com/cards/UNL-120a?print_variation=showcase,"Rengar, Trophy Hunter",nonfoil,35.60,https://bilgewatermarket.com/cards/UNL-120a?print_variation=showcase,showcase,,¥97.21,$35.60,UNL-120a,"Rengar, Trophy Hunter UNL-120a/219 Showcase CN ¥97.21 EN $35.60"
2026-09-03T19:41:39+00:00,https://bilgewatermarket.com/cards/UNL-121?print_variation=foiled,Bewitching Spirit,foil,0.28,https://bilgewatermarket.com/cards/UNL-121?print_variation=foiled,foiled,,¥1.68,$0.28,UNL-121,Bewitching Spirit UNL-121/219 Foiled CN ¥1.68 EN $0.28
2026-09-03T19:41:39+00:00,https://bilgewatermarket.com/cards/UNL-121,Bewitching Spirit,nonfoil,0.13,https://bilgewatermarket.com/cards/UNL-121,normal,,¥0.55,$0.13,UNL-121,Bewitching Spirit UNL-121/219 CN ¥0.55 EN $0.13
2026-09-03T19:41:39+00:00,https://bilgewatermarket.com/cards/UNL-122?print_variation=foiled,Crescent Guardian,foil,0.09,https://bilgewatermarket.com/cards/UNL-122?print_variation=foiled,foiled,,¥0.50,$0.09,UNL-122,Crescent Guardian UNL-122/219 Foiled CN ¥0.50 EN $0.09
2026-09-03T19:41:39+00:00,https://bilgewatermarket.com/cards/UNL-122,Crescent Guardian,nonfoil,0.06,https://bilgewatermarket.com/cards/UNL-122,normal,,¥0.50,$0.06,UNL-122,Crescent Guardian UNL-122/219 CN ¥0.50 EN $0.06
2026-09-03T19:41:39+00:00,https://bilgewatermarket.com/cards/UNL-123?print_variation=foiled,Evershade Stalker,foil,0.16,https://bilgewatermarket.com/cards/UNL-123?print_variation=foiled,foiled,,¥0.51,$0.16,UNL-123,Evershade Stalker UNL-123/219 Foiled CN ¥0.51 EN $0.16
2026-09-03T19:41:39+00:00,https://bilgewatermarket.com/cards/UNL-123,Evershade Stalker,nonfoil,0.08,https://bilgewatermarket.com/cards/UNL-123,normal,,¥0.50,$0.08,UNL-123,Evershade Stalker UNL-123/219 CN ¥0.50 EN $0.08
2026-09-03T19:41:39+00:00,https://bilgewatermarket.com/cards/UNL-124?print_variation=foiled,Isolate,foil,0.19,https://bilgewatermarket.com/cards/UNL-124?print_variation=foiled,foiled,,¥0.52,$0.19,UNL-124,Isolate UNL-124/219 Foiled CN ¥0.52 EN $0.19
2026-09-03T19:41:39+00:00,https://bilgewatermarket.com/cards/UNL-124,Isolate,nonfoil,0.05,https://bilgewatermarket.com/cards/UNL-124,normal,,¥0.50,$0.05,UNL-124,Isolate UNL-124/219 CN ¥0.50 EN $0.05
2026-09-03T19:41:39+00:00,https://bilgewatermarket.com/cards/UNL-125?print_variation=foiled,Lunar Boon,foil,0.20,https://bilgewatermarket.com/cards/UNL-125?print_variation=foiled,foiled,,¥1.76,$0.20,UNL-125,Lunar Boon UNL-125/219 Foiled CN ¥1.76 EN $0.20
2026-09-03T19:41:39+00:00,https://bilgewatermarket.com/cards/UNL-125,Lunar Boon,nonfoil,0.07,https://bilgewatermarket.com/cards/UNL-125,normal,,¥0.57,$0.07,UNL-125,Lunar Boon UNL-125/219 CN ¥0.57 EN $0.07
2026-09-03T19:41:39+00:00,https://bilgewatermarket.com/cards/UNL-126?print_variation=foiled,Megatusk,foil,0.09,https://bilgewatermarket.com/cards/UNL-126?print_variation=foiled,foiled,,¥0.54,$0.09,UNL-126,Megatusk UNL-126/219 Foiled CN ¥0.54 EN $0.09
2026-09-03T19:41:39+00:00,https://bilgewatermarket.com/cards/UNL-126,Megatusk,nonfoil,0.03,https://bilgewatermarket.com/cards/UNL-126,normal,,¥0.50,$0.03,UNL-126,Megatusk UNL-126/219 CN ¥0.50 EN $0.03
2026-09-03T19:41:39+00:00,https://bilgewatermarket.com/cards/UNL-127?print_variation=foiled,Mister Root,foil,0.24,https://bilgewatermarket.com/cards/UNL-127?print_variation=foiled,foiled,,¥0.60,$0.24,UNL-127,Mister Root UNL-127/219 Foiled CN ¥0.60 EN $0.24
2026-09-03T19:41:39+00:00,https://bilgewatermarket.com/cards/UNL-127,Mister Root,nonfoil,0.09,https://bilgewatermarket.com/cards/UNL-127,normal,,¥0.50,$0.09,UNL-127,Mister Root UNL-127/219 CN ¥0.50 EN $0.09
2026-09-03T19:41:39+00:00,https://bilgewatermarket.com/cards/UNL-128?print_variation=foiled,"Star,Crossed",foil,0.85,https://bilgewatermarket.com/cards/UNL-128?print_variation=foiled,foiled,,¥4.63,$0.85,UNL-128,"Star,Crossed UNL-128/219 Foiled CN ¥4.63 EN $0.85"
2026-09-03T19:41:39+00:00,https://bilgewatermarket.com/cards/UNL-128,"Star,Crossed",nonfoil,0.20,https://bilgewatermarket.com/cards/UNL-128,normal,,¥0.78,$0.20,UNL-128,"Star,Crossed UNL-128/219 CN ¥0.78 EN $0.20"
2026-09-03T19:41:39+00:00,https://bilgewatermarket.com/cards/UNL-129?print_variation=foiled,Vicious Snapjaws,foil,0.17,https://bilgewatermarket.com/cards/UNL-129?print_variation=foiled,foiled,,¥0.60,$0.17,UNL-129,Vicious Snapjaws UNL-129/219 Foiled CN ¥0.60 EN $0.17
2026-09-03T19:41:39+00:00,https://bilgewatermarket.com/cards/UNL-129,Vicious Snapjaws,nonfoil,0.04,https://bilgewatermarket.com/cards/UNL-129,normal,,¥0.50,$0.04,UNL-129,Vicious Snapjaws UNL-129/219 CN ¥0.50 EN $0.04
2026-09-03T19:41:39+00:00,https://bilgewatermarket.com/cards/UNL-130?print_variation=foiled,Walking Roost,foil,0.15,https://bilgewatermarket.com/cards/UNL-130?print_variation=foiled,foiled,,¥0.60,$0.15,UNL-130,Walking Roost UNL-130/219 Foiled CN ¥0.60 EN $0.15
2026-09-03T19:41:39+00:00,https://bilgewatermarket.com/cards/UNL-130,Walking Roost,nonfoil,0.05,https://bilgewatermarket.com/cards/UNL-130,normal,,¥0.50,$0.05,UNL-130,Walking Roost UNL-130/219 CN ¥0.50 EN $0.05
2026-09-03T19:41:39+00:00,https://bilgewatermarket.com/cards/UNL-131?print_variation=foiled,Abandon,foil,4.10,https://bilgewatermarket.com/cards/UNL-131?print_variation=foiled,foiled,,¥6.72,$4.10,UNL-131,Abandon UNL-131/219 Foiled CN ¥6.72 EN $4.10
2026-09-03T19:41:39+00:00,https://bilgewatermarket.com/cards/UNL-131,Abandon,nonfoil,0.41,https://bilgewatermarket.com/cards/UNL-131,normal,,¥2.44,$0.41,UNL-131,Abandon UNL-131/219 CN ¥2.44 EN $0.41
2026-09-03T19:41:39+00:00,https://bilgewatermarket.com/cards/UNL-132?print_variation=foiled,Angler Beast,foil,0.55,https://bilgewatermarket.com/cards/UNL-132?print_variation=foiled,foiled,,¥1.08,$0.55,UNL-132,Angler Beast UNL-132/219 Foiled CN ¥1.08 EN $0.55
2026-09-03T19:41:39+00:00,https://bilgewatermarket.com/cards/UNL-132,Angler Beast,nonfoil,0.16,https://bilgewatermarket.com/cards/UNL-132,normal,,¥0.67,$0.16,UNL-132,Angler Beast UNL-132/219 CN ¥0.67 EN $0.16
2026-09-03T19:41:39+00:00,https://bilgewatermarket.com/cards/UNL-133?print_variation=foiled,Blast Cone,foil,0.18,https://bilgewatermarket.com/cards/UNL-133?print_variation=foiled,foiled,,¥1.00,$0.18,UNL-133,Blast Cone UNL-133/219 Foiled CN ¥1.00 EN $0.18
2026-09-03T19:41:39+00:00,https://bilgewatermarket.com/cards/UNL-133,Blast Cone,nonfoil,0.08,https://bilgewatermarket.com/cards/UNL-133,normal,,¥0.50,$0.08,UNL-133,Blast Cone UNL-133/219 CN ¥0.50 EN $0.08
2026-09-03T19:41:39+00:00,https://bilgewatermarket.com/cards/UNL-134?print_variation=foiled,Existential Dread,foil,1.25,https://bilgewatermarket.com/cards/UNL-134?print_variation=foiled,foiled,,¥1.71,$1.25,UNL-134,Existential Dread UNL-134/219 Foiled CN ¥1.71 EN $1.25
2026-09-03T19:41:39+00:00,https://bilgewatermarket.com/cards/UNL-134,Existential Dread,nonfoil,0.20,https://bilgewatermarket.com/cards/UNL-134,normal,,¥0.63,$0.20,UNL-134,Existential Dread UNL-134/219 CN ¥0.63 EN $0.20
2026-09-03T19:41:39+00:00,https://bilgewatermarket.com/cards/UNL-135?print_variation=foiled,Insightful Investigator,foil,0.27,https://bilgewatermarket.com/cards/UNL-135?print_variation=foiled,foiled,,¥0.51,$0.27,UNL-135,Insightful Investigator UNL-135/219 Foiled CN ¥0.51 EN $0.27
2026-09-03T19:41:39+00:00,https://bilgewatermarket.com/cards/UNL-135,Insightful Investigator,nonfoil,0.09,https://bilgewatermarket.com/cards/UNL-135,normal,,¥0.60,$0.09,UNL-135,Insightful Investigator UNL-135/219 CN ¥0.60 EN $0.09
2026-09-03T19:41:39+00:00,https://bilgewatermarket.com/cards/UNL-136?print_variation=foiled,Scryer's Bloom,foil,0.27,https://bilgewatermarket.com/cards/UNL-136?print_variation=foiled,foiled,,¥1.98,$0.27,UNL-136,Scryer's Bloom UNL-136/219 Foiled CN ¥1.98 EN $0.27
2026-09-03T19:41:39+00:00,https://bilgewatermarket.com/cards/UNL-136,Scryer's Bloom,nonfoil,0.08,https://bilgewatermarket.com/cards/UNL-136,normal,,¥0.56,$0.08,UNL-136,Scryer's Bloom UNL-136/219 CN ¥0.56 EN $0.08
2026-09-03T19:41:39+00:00,https://bilgewatermarket.com/cards/UNL-137?print_variation=foiled,Sinister Poro,foil,0.40,https://bilgewatermarket.com/cards/UNL-137?print_variation=foiled,foiled,,¥0.98,$0.40,UNL-137,Sinister Poro UNL-137/219 Foiled CN ¥0.98 EN $0.40
2026-09-03T19:41:39+00:00,https://bilgewatermarket.com/cards/UNL-137,Sinister Poro,nonfoil,0.17,https://bilgewatermarket.com/cards/UNL-137,normal,,¥0.50,$0.17,UNL-137,Sinister Poro UNL-137/219 CN ¥0.50 EN $0.17
2026-09-03T19:41:39+00:00,https://bilgewatermarket.com/cards/UNL-138?print_variation=foiled,The List,foil,0.79,https://bilgewatermarket.com/cards/UNL-138?print_variation=foiled,foiled,,¥0.93,$0.79,UNL-138,The List UNL-138/219 Foiled CN ¥0.93 EN $0.79
2026-09-03T19:41:39+00:00,https://bilgewatermarket.com/cards/UNL-138,The List,nonfoil,0.20,https://bilgewatermarket.com/cards/UNL-138,normal,,¥0.62,$0.20,UNL-138,The List UNL-138/219 CN ¥0.62 EN $0.20
2026-09-03T19:41:39+00:00,https://bilgewatermarket.com/cards/UNL-139,Bone Skewer,nonfoil,0.30,https://bilgewatermarket.com/cards/UNL-139,normal,,¥2.02,$0.30,UNL-139,Bone Skewer UNL-139/219 CN ¥2.02 EN $0.30
2026-09-03T19:41:39+00:00,https://bilgewatermarket.com/cards/UNL-140,Conscription,nonfoil,0.13,https://bilgewatermarket.com/cards/UNL-140,normal,,¥0.52,$0.13,UNL-140,Conscription UNL-140/219 CN ¥0.52 EN $0.13
2026-09-03T19:41:39+00:00,https://bilgewatermarket.com/cards/UNL-141,"Evelynn, Entrancing",nonfoil,0.61,https://bilgewatermarket.com/cards/UNL-141,normal,,¥1.65,$0.61,UNL-141,"Evelynn, Entrancing UNL-141/219 CN ¥1.65 EN $0.61"
2026-09-03T19:41:39+00:00,https://bilgewatermarket.com/cards/UNL-142,Heedless Resurrection,nonfoil,0.28,https://bilgewatermarket.com/cards/UNL-142,normal,,¥1.37,$0.28,UNL-142,Heedless Resurrection UNL-142/219 CN ¥1.37 EN $0.28
2026-09-03T19:41:39+00:00,https://bilgewatermarket.com/cards/UNL-143,"Kha'Zix, Mutating Horror",nonfoil,0.27,https://bilgewatermarket.com/cards/UNL-143,normal,,¥1.05,$0.27,UNL-143,"Kha'Zix, Mutating Horror UNL-143/219 CN ¥1.05 EN $0.27"
2026-09-03T19:41:39+00:00,https://bilgewatermarket.com/cards/UNL-143a?print_variation=showcase,"Kha'Zix, Mutating Horror",nonfoil,7.83,https://bilgewatermarket.com/cards/UNL-143a?print_variation=showcase,showcase,,¥15.10,$7.83,UNL-143a,"Kha'Zix, Mutating Horror UNL-143a/219 Showcase CN ¥15.10 EN $7.83"
2026-09-03T19:41:39+00:00,https://bilgewatermarket.com/cards/UNL-144,Maduli the Gatekeeper,nonfoil,0.10,https://bilgewatermarket.com/cards/UNL-144,normal,,¥0.52,$0.10,UNL-144,Maduli the Gatekeeper UNL-144/219 CN ¥0.52 EN $0.10
2026-09-03T19:41:39+00:00,https://bilgewatermarket.com/cards/UNL-145,"Pyke, Returned",nonfoil,0.41,https://bilgewatermarket.com/cards/UNL-145,normal,,¥1.16,$0.41,UNL-145,"Pyke, Returned UNL-145/219 CN ¥1.16 EN $0.41"
2026-09-03T19:41:39+00:00,https://bilgewatermarket.com/cards/UNL-145a?print_variation=showcase,"Pyke, Returned",nonfoil,6.29,https://bilgewatermarket.com/cards/UNL-145a?print_variation=showcase,showcase,,¥13.36,$6.29,UNL-145a,"Pyke, Returned UNL-145a/219 Showcase CN ¥13.36 EN $6.29"
2026-09-03T19:41:39+00:00,https://bilgewatermarket.com/cards/UNL-146,"Syndra, Transcendent",nonfoil,0.25,https://bilgewatermarket.com/cards/UNL-146,normal,,¥0.57,$0.25,UNL-146,"Syndra, Transcendent UNL-146/219 CN ¥0.57 EN $0.25"
2026-09-03T19:41:39+00:00,https://bilgewatermarket.com/cards/UNL-147,Baron Nashor,nonfoil,18.96,https://bilgewatermarket.com/cards/UNL-147,normal,,¥33.78,$18.96,UNL-147,Baron Nashor UNL-147/219 CN ¥33.78 EN $18.96
2026-09-03T19:41:39+00:00,https://bilgewatermarket.com/cards/UNL-147a?print_variation=showcase,Baron Nashor,nonfoil,26.84,https://bilgewatermarket.com/cards/UNL-147a?print_variation=showcase,showcase,,¥49.81,$26.84,UNL-147a,Baron Nashor UNL-147a/219 Showcase CN ¥49.81 EN $26.84
2026-09-03T19:41:39+00:00,https://bilgewatermarket.com/cards/UNL-148,Cursed Sarcophagus,nonfoil,0.55,https://bilgewatermarket.com/cards/UNL-148,normal,,¥1.67,$0.55,UNL-148,Cursed Sarcophagus UNL-148/219 CN ¥1.67 EN $0.55
2026-09-03T19:41:39+00:00,https://bilgewatermarket.com/cards/UNL-149,"Diana, No Longer Human",nonfoil,1.12,https://bilgewatermarket.com/cards/UNL-149,normal,,¥2.04,$1.12,UNL-149,"Diana, No Longer Human UNL-149/219 CN ¥2.04 EN $1.12"
2026-09-03T19:41:39+00:00,https://bilgewatermarket.com/cards/UNL-149a?print_variation=showcase,"Diana, No Longer Human",nonfoil,6.91,https://bilgewatermarket.com/cards/UNL-149a?print_variation=showcase,showcase,,¥9.57,$6.91,UNL-149a,"Diana, No Longer Human UNL-149a/219 Showcase CN ¥9.57 EN $6.91"
2026-09-03T19:41:39+00:00,https://bilgewatermarket.com/cards/UNL-150,"Vex, Apathetic",nonfoil,16.07,https://bilgewatermarket.com/cards/UNL-150,normal,,¥31.49,$16.07,UNL-150,"Vex, Apathetic UNL-150/219 CN ¥31.49 EN $16.07"
2026-09-03T19:41:39+00:00,https://bilgewatermarket.com/cards/UNL-150a?print_variation=showcase,"Vex, Apathetic",nonfoil,24.72,https://bilgewatermarket.com/cards/UNL-150a?print_variation=showcase,showcase,,¥65.84,$24.72,UNL-150a,"Vex, Apathetic UNL-150a/219 Showcase CN ¥65.84 EN $24.72"
2026-09-03T19:41:39+00:00,https://bilgewatermarket.com/cards/UNL-151?print_variation=foiled,Bandle Soldier,foil,0.11,https://bilgewatermarket.com/cards/UNL-151?print_variation=foiled,foiled,,¥0.80,$0.11,UNL-151,Bandle Soldier UNL-151/219 Foiled CN ¥0.80 EN $0.11
2026-09-03T19:41:39+00:00,https://bilgewatermarket.com/cards/UNL-151,Bandle Soldier,nonfoil,0.04,https://bilgewatermarket.com/cards/UNL-151,normal,,¥0.50,$0.04,UNL-151,Bandle Soldier UNL-151/219 CN ¥0.50 EN $0.04
2026-09-03T19:41:39+00:00,https://bilgewatermarket.com/cards/UNL-152?print_variation=foiled,Black Rose Dignitary,foil,0.34,https://bilgewatermarket.com/cards/UNL-152?print_variation=foiled,foiled,,¥0.97,$0.34,UNL-152,Black Rose Dignitary UNL-152/219 Foiled CN ¥0.97 EN $0.34
2026-09-03T19:41:39+00:00,https://bilgewatermarket.com/cards/UNL-152,Black Rose Dignitary,nonfoil,0.05,https://bilgewatermarket.com/cards/UNL-152,normal,,¥0.51,$0.05,UNL-152,Black Rose Dignitary UNL-152/219 CN ¥0.51 EN $0.05
2026-09-03T19:41:39+00:00,https://bilgewatermarket.com/cards/UNL-153?print_variation=foiled,Carrion Dredger,foil,0.22,https://bilgewatermarket.com/cards/UNL-153?print_variation=foiled,foiled,,¥1.03,$0.22,UNL-153,Carrion Dredger UNL-153/219 Foiled CN ¥1.03 EN $0.22
2026-09-03T19:41:39+00:00,https://bilgewatermarket.com/cards/UNL-153,Carrion Dredger,nonfoil,0.10,https://bilgewatermarket.com/cards/UNL-153,normal,,¥0.60,$0.10,UNL-153,Carrion Dredger UNL-153/219 CN ¥0.60 EN $0.10
2026-09-03T19:41:39+00:00,https://bilgewatermarket.com/cards/UNL-154?print_variation=foiled,Crimson Pigeons,foil,0.21,https://bilgewatermarket.com/cards/UNL-154?print_variation=foiled,foiled,,¥1.00,$0.21,UNL-154,Crimson Pigeons UNL-154/219 Foiled CN ¥1.00 EN $0.21
2026-09-03T19:41:39+00:00,https://bilgewatermarket.com/cards/UNL-154,Crimson Pigeons,nonfoil,0.06,https://bilgewatermarket.com/cards/UNL-154,normal,,¥0.50,$0.06,UNL-154,Crimson Pigeons UNL-154/219 CN ¥0.50 EN $0.06
2026-09-03T19:41:39+00:00,https://bilgewatermarket.com/cards/UNL-155?print_variation=foiled,Heroic Charge,foil,0.19,https://bilgewatermarket.com/cards/UNL-155?print_variation=foiled,foiled,,¥0.90,$0.19,UNL-155,Heroic Charge UNL-155/219 Foiled CN ¥0.90 EN $0.19
2026-09-03T19:41:39+00:00,https://bilgewatermarket.com/cards/UNL-155,Heroic Charge,nonfoil,0.05,https://bilgewatermarket.com/cards/UNL-155,normal,,¥0.50,$0.05,UNL-155,Heroic Charge UNL-155/219 CN ¥0.50 EN $0.05
2026-09-03T19:41:39+00:00,https://bilgewatermarket.com/cards/UNL-156?print_variation=foiled,Loyal Poro,foil,0.29,https://bilgewatermarket.com/cards/UNL-156?print_variation=foiled,foiled,,¥1.00,$0.29,UNL-156,Loyal Poro UNL-156/219 Foiled CN ¥1.00 EN $0.29
2026-09-03T19:41:39+00:00,https://bilgewatermarket.com/cards/UNL-156,Loyal Poro,nonfoil,0.13,https://bilgewatermarket.com/cards/UNL-156,normal,,¥0.52,$0.13,UNL-156,Loyal Poro UNL-156/219 CN ¥0.52 EN $0.13
2026-09-03T19:41:39+00:00,https://bilgewatermarket.com/cards/UNL-157?print_variation=foiled,Scrutinizing Sergeant,foil,0.12,https://bilgewatermarket.com/cards/UNL-157?print_variation=foiled,foiled,,¥0.50,$0.12,UNL-157,Scrutinizing Sergeant UNL-157/219 Foiled CN ¥0.50 EN $0.12
2026-09-03T19:41:39+00:00,https://bilgewatermarket.com/cards/UNL-157,Scrutinizing Sergeant,nonfoil,0.04,https://bilgewatermarket.com/cards/UNL-157,normal,,¥0.50,$0.04,UNL-157,Scrutinizing Sergeant UNL-157/219 CN ¥0.50 EN $0.04
2026-09-03T19:41:39+00:00,https://bilgewatermarket.com/cards/UNL-158?print_variation=foiled,Shepherd's Heirloom,foil,0.28,https://bilgewatermarket.com/cards/UNL-158?print_variation=foiled,foiled,,¥1.14,$0.28,UNL-158,Shepherd's Heirloom UNL-158/219 Foiled CN ¥1.14 EN $0.28
2026-09-03T19:41:39+00:00,https://bilgewatermarket.com/cards/UNL-158,Shepherd's Heirloom,nonfoil,0.12,https://bilgewatermarket.com/cards/UNL-158,normal,,¥0.53,$0.12,UNL-158,Shepherd's Heirloom UNL-158/219 CN ¥0.53 EN $0.12
2026-09-03T19:41:39+00:00,https://bilgewatermarket.com/cards/UNL-159?print_variation=foiled,Soul Harvest,foil,0.15,https://bilgewatermarket.com/cards/UNL-159?print_variation=foiled,foiled,,¥0.50,$0.15,UNL-159,Soul Harvest UNL-159/219 Foiled CN ¥0.50 EN $0.15
2026-09-03T19:41:39+00:00,https://bilgewatermarket.com/cards/UNL-159,Soul Harvest,nonfoil,0.07,https://bilgewatermarket.com/cards/UNL-159,normal,,¥0.50,$0.07,UNL-159,Soul Harvest UNL-159/219 CN ¥0.50 EN $0.07
2026-09-03T19:41:39+00:00,https://bilgewatermarket.com/cards/UNL-160?print_variation=foiled,Ultrasoft Poro,foil,0.32,https://bilgewatermarket.com/cards/UNL-160?print_variation=foiled,foiled,,¥1.03,$0.32,UNL-160,Ultrasoft Poro UNL-160/219 Foiled CN ¥1.03 EN $0.32
2026-09-03T19:41:39+00:00,https://bilgewatermarket.com/cards/UNL-160,Ultrasoft Poro,nonfoil,0.08,https://bilgewatermarket.com/cards/UNL-160,normal,,¥0.50,$0.08,UNL-160,Ultrasoft Poro UNL-160/219 CN ¥0.50 EN $0.08
2026-09-03T19:41:39+00:00,https://bilgewatermarket.com/cards/UNL-161?print_variation=foiled,Divining Shells,foil,0.32,https://bilgewatermarket.com/cards/UNL-161?print_variation=foiled,foiled,,¥1.03,$0.32,UNL-161,Divining Shells UNL-161/219 Foiled CN ¥1.03 EN $0.32
2026-09-03T19:41:39+00:00,https://bilgewatermarket.com/cards/UNL-161,Divining Shells,nonfoil,0.12,https://bilgewatermarket.com/cards/UNL-161,normal,,¥0.97,$0.12,UNL-161,Divining Shells UNL-161/219 CN ¥0.97 EN $0.12
2026-09-03T19:41:39+00:00,https://bilgewatermarket.com/cards/UNL-162?print_variation=foiled,Enthralling Protector,foil,0.22,https://bilgewatermarket.com/cards/UNL-162?print_variation=foiled,foiled,,¥0.57,$0.22,UNL-162,Enthralling Protector UNL-162/219 Foiled CN ¥0.57 EN $0.22
2026-09-03T19:41:39+00:00,https://bilgewatermarket.com/cards/UNL-162,Enthralling Protector,nonfoil,0.07,https://bilgewatermarket.com/cards/UNL-162,normal,,¥0.50,$0.07,UNL-162,Enthralling Protector UNL-162/219 CN ¥0.50 EN $0.07
2026-09-03T19:41:39+00:00,https://bilgewatermarket.com/cards/UNL-163?print_variation=foiled,Mageseeker Investigator,foil,0.22,https://bilgewatermarket.com/cards/UNL-163?print_variation=foiled,foiled,,¥0.50,$0.22,UNL-163,Mageseeker Investigator UNL-163/219 Foiled CN ¥0.50 EN $0.22
2026-09-03T19:41:39+00:00,https://bilgewatermarket.com/cards/UNL-163,Mageseeker Investigator,nonfoil,0.10,https://bilgewatermarket.com/cards/UNL-163,normal,,¥0.50,$0.10,UNL-163,Mageseeker Investigator UNL-163/219 CN ¥0.50 EN $0.10
2026-09-03T19:41:39+00:00,https://bilgewatermarket.com/cards/UNL-164?print_variation=foiled,Safety Inspector,foil,0.76,https://bilgewatermarket.com/cards/UNL-164?print_variation=foiled,foiled,,¥1.11,$0.76,UNL-164,Safety Inspector UNL-164/219 Foiled CN ¥1.11 EN $0.76
2026-09-03T19:41:39+00:00,https://bilgewatermarket.com/cards/UNL-164,Safety Inspector,nonfoil,0.18,https://bilgewatermarket.com/cards/UNL-164,normal,,¥1.06,$0.18,UNL-164,Safety Inspector UNL-164/219 CN ¥1.06 EN $0.18
2026-09-03T19:41:39+00:00,https://bilgewatermarket.com/cards/UNL-165?print_variation=foiled,Shadow's Call,foil,1.43,https://bilgewatermarket.com/cards/UNL-165?print_variation=foiled,foiled,,¥4.83,$1.43,UNL-165,Shadow's Call UNL-165/219 Foiled CN ¥4.83 EN $1.43
2026-09-03T19:41:39+00:00,https://bilgewatermarket.com/cards/UNL-165,Shadow's Call,nonfoil,0.41,https://bilgewatermarket.com/cards/UNL-165,normal,,¥2.23,$0.41,UNL-165,Shadow's Call UNL-165/219 CN ¥2.23 EN $0.41
2026-09-03T19:41:39+00:00,https://bilgewatermarket.com/cards/UNL-166?print_variation=foiled,Stalking Wolf,foil,0.19,https://bilgewatermarket.com/cards/UNL-166?print_variation=foiled,foiled,,¥1.00,$0.19,UNL-166,Stalking Wolf UNL-166/219 Foiled CN ¥1.00 EN $0.19
2026-09-03T19:41:39+00:00,https://bilgewatermarket.com/cards/UNL-166,Stalking Wolf,nonfoil,0.09,https://bilgewatermarket.com/cards/UNL-166,normal,,¥0.51,$0.09,UNL-166,Stalking Wolf UNL-166/219 CN ¥0.51 EN $0.09
2026-09-03T19:41:39+00:00,https://bilgewatermarket.com/cards/UNL-167?print_variation=foiled,Starhound,foil,0.22,https://bilgewatermarket.com/cards/UNL-167?print_variation=foiled,foiled,,¥1.00,$0.22,UNL-167,Starhound UNL-167/219 Foiled CN ¥1.00 EN $0.22
2026-09-03T19:41:39+00:00,https://bilgewatermarket.com/cards/UNL-167,Starhound,nonfoil,0.12,https://bilgewatermarket.com/cards/UNL-167,normal,,¥0.50,$0.12,UNL-167,Starhound UNL-167/219 CN ¥0.50 EN $0.12
2026-09-03T19:41:39+00:00,https://bilgewatermarket.com/cards/UNL-168?print_variation=foiled,Undying Loyalty,foil,0.35,https://bilgewatermarket.com/cards/UNL-168?print_variation=foiled,foiled,,¥0.80,$0.35,UNL-168,Undying Loyalty UNL-168/219 Foiled CN ¥0.80 EN $0.35
2026-09-03T19:41:39+00:00,https://bilgewatermarket.com/cards/UNL-168,Undying Loyalty,nonfoil,0.13,https://bilgewatermarket.com/cards/UNL-168,normal,,¥0.50,$0.13,UNL-168,Undying Loyalty UNL-168/219 CN ¥0.50 EN $0.13
2026-09-03T19:41:39+00:00,https://bilgewatermarket.com/cards/UNL-169,"Ashe, Focused",nonfoil,1.30,https://bilgewatermarket.com/cards/UNL-169,normal,,¥1.49,$1.30,UNL-169,"Ashe, Focused UNL-169/219 CN ¥1.49 EN $1.30"
2026-09-03T19:41:39+00:00,https://bilgewatermarket.com/cards/UNL-170,Atakhan,nonfoil,0.24,https://bilgewatermarket.com/cards/UNL-170,normal,,¥1.25,$0.24,UNL-170,Atakhan UNL-170/219 CN ¥1.25 EN $0.24
2026-09-03T19:41:39+00:00,https://bilgewatermarket.com/cards/UNL-171,"Galio, Indefatigable",nonfoil,0.26,https://bilgewatermarket.com/cards/UNL-171,normal,,¥1.14,$0.26,UNL-171,"Galio, Indefatigable UNL-171/219 CN ¥1.14 EN $0.26"
2026-09-03T19:41:39+00:00,https://bilgewatermarket.com/cards/UNL-172,"LeBlanc, Fragmented",nonfoil,0.27,https://bilgewatermarket.com/cards/UNL-172,normal,,¥1.03,$0.27,UNL-172,"LeBlanc, Fragmented UNL-172/219 CN ¥1.03 EN $0.27"
2026-09-03T19:41:39+00:00,https://bilgewatermarket.com/cards/UNL-172a?print_variation=showcase,"LeBlanc, Fragmented",nonfoil,2.97,https://bilgewatermarket.com/cards/UNL-172a?print_variation=showcase,showcase,,¥7.28,$2.97,UNL-172a,"LeBlanc, Fragmented UNL-172a/219 Showcase CN ¥7.28 EN $2.97"
2026-09-03T19:41:39+00:00,https://bilgewatermarket.com/cards/UNL-173,Sacrifice,nonfoil,1.83,https://bilgewatermarket.com/cards/UNL-173,normal,,¥5.65,$1.83,UNL-173,Sacrifice UNL-173/219 CN ¥5.65 EN $1.83
2026-09-03T19:41:39+00:00,https://bilgewatermarket.com/cards/UNL-174,Shard of Undoing,nonfoil,0.14,https://bilgewatermarket.com/cards/UNL-174,normal,,¥0.56,$0.14,UNL-174,Shard of Undoing UNL-174/219 CN ¥0.56 EN $0.14
2026-09-03T19:41:39+00:00,https://bilgewatermarket.com/cards/UNL-175,Tactical Retreat,nonfoil,0.20,https://bilgewatermarket.com/cards/UNL-175,normal,,¥1.89,$0.20,UNL-175,Tactical Retreat UNL-175/219 CN ¥1.89 EN $0.20
2026-09-03T19:41:39+00:00,https://bilgewatermarket.com/cards/UNL-176,"Vi, Peacekeeper",nonfoil,3.09,https://bilgewatermarket.com/cards/UNL-176,normal,,¥3.10,$3.09,UNL-176,"Vi, Peacekeeper UNL-176/219 CN ¥3.10 EN $3.09"
2026-09-03T19:41:39+00:00,https://bilgewatermarket.com/cards/UNL-176a?print_variation=showcase,"Vi, Peacekeeper",nonfoil,15.25,https://bilgewatermarket.com/cards/UNL-176a?print_variation=showcase,showcase,,¥23.42,$15.25,UNL-176a,"Vi, Peacekeeper UNL-176a/219 Showcase CN ¥23.42 EN $15.25"
2026-09-03T19:41:39+00:00,https://bilgewatermarket.com/cards/UNL-177,"Ivern, Friend to All",nonfoil,1.15,https://bilgewatermarket.com/cards/UNL-177,normal,,¥1.27,$1.15,UNL-177,"Ivern, Friend to All UNL-177/219 CN ¥1.27 EN $1.15"
2026-09-03T19:41:39+00:00,https://bilgewatermarket.com/cards/UNL-177a?print_variation=showcase,"Ivern, Friend to All",nonfoil,2.57,https://bilgewatermarket.com/cards/UNL-177a?print_variation=showcase,showcase,,¥2.58,$2.57,UNL-177a,"Ivern, Friend to All UNL-177a/219 Showcase CN ¥2.58 EN $2.57"
2026-09-03T19:41:39+00:00,https://bilgewatermarket.com/cards/UNL-178,"Poppy, Defender of the Meek",nonfoil,0.66,https://bilgewatermarket.com/cards/UNL-178,normal,,¥1.05,$0.66,UNL-178,"Poppy, Defender of the Meek UNL-178/219 CN ¥1.05 EN $0.66"
2026-09-03T19:41:39+00:00,https://bilgewatermarket.com/cards/UNL-178a?print_variation=showcase,"Poppy, Defender of the Meek",nonfoil,2.17,https://bilgewatermarket.com/cards/UNL-178a?print_variation=showcase,showcase,,¥4.08,$2.17,UNL-178a,"Poppy, Defender of the Meek UNL-178a/219 Showcase CN ¥4.08 EN $2.17"
2026-09-03T19:41:39+00:00,https://bilgewatermarket.com/cards/UNL-179,Rift Herald,nonfoil,3.72,https://bilgewatermarket.com/cards/UNL-179,normal,,¥18.63,$3.72,UNL-179,Rift Herald UNL-179/219 CN ¥18.63 EN $3.72
2026-09-03T19:41:39+00:00,https://bilgewatermarket.com/cards/UNL-179a?print_variation=showcase,Rift Herald,nonfoil,9.40,https://bilgewatermarket.com/cards/UNL-179a?print_variation=showcase,showcase,,¥29.66,$9.40,UNL-179a,Rift Herald UNL-179a/219 Showcase CN ¥29.66 EN $9.40
2026-09-03T19:41:39+00:00,https://bilgewatermarket.com/cards/UNL-180,The Ruination,nonfoil,8.52,https://bilgewatermarket.com/cards/UNL-180,normal,,¥22.28,$8.52,UNL-180,The Ruination UNL-180/219 CN ¥22.28 EN $8.52
2026-09-03T19:41:39+00:00,https://bilgewatermarket.com/cards/UNL-181,"Jhin, Virtuoso",nonfoil,0.11,https://bilgewatermarket.com/cards/UNL-181,normal,,¥0.50,$0.11,UNL-181,"Jhin, Virtuoso UNL-181/219 CN ¥0.50 EN $0.11"
2026-09-03T19:41:39+00:00,https://bilgewatermarket.com/cards/UNL-182,Curtain Call,nonfoil,1.01,https://bilgewatermarket.com/cards/UNL-182,normal,,¥3.56,$1.01,UNL-182,Curtain Call UNL-182/219 CN ¥3.56 EN $1.01
2026-09-03T19:41:39+00:00,https://bilgewatermarket.com/cards/UNL-183,"Rengar, Pridestalker",nonfoil,0.19,https://bilgewatermarket.com/cards/UNL-183,normal,,¥0.55,$0.19,UNL-183,"Rengar, Pridestalker UNL-183/219 CN ¥0.55 EN $0.19"
2026-09-03T19:41:39+00:00,https://bilgewatermarket.com/cards/UNL-184,Thrill of the Hunt,nonfoil,10.16,https://bilgewatermarket.com/cards/UNL-184,normal,,¥12.55,$10.16,UNL-184,Thrill of the Hunt UNL-184/219 CN ¥12.55 EN $10.16
2026-09-03T19:41:39+00:00,https://bilgewatermarket.com/cards/UNL-185,"Pyke, Bloodharbor Ripper",nonfoil,0.12,https://bilgewatermarket.com/cards/UNL-185,normal,,¥0.59,$0.12,UNL-185,"Pyke, Bloodharbor Ripper UNL-185/219 CN ¥0.59 EN $0.12"
2026-09-03T19:41:39+00:00,https://bilgewatermarket.com/cards/UNL-186,Death from Below,nonfoil,0.80,https://bilgewatermarket.com/cards/UNL-186,normal,,¥3.00,$0.80,UNL-186,Death from Below UNL-186/219 CN ¥3.00 EN $0.80
2026-09-03T19:41:39+00:00,https://bilgewatermarket.com/cards/UNL-187,"Vi, Piltover Enforcer",nonfoil,0.17,https://bilgewatermarket.com/cards/UNL-187,normal,,¥0.53,$0.17,UNL-187,"Vi, Piltover Enforcer UNL-187/219 CN ¥0.53 EN $0.17"
2026-09-03T19:41:39+00:00,https://bilgewatermarket.com/cards/UNL-188,Hextech Gauntlets,nonfoil,0.65,https://bilgewatermarket.com/cards/UNL-188,normal,,¥2.09,$0.65,UNL-188,Hextech Gauntlets UNL-188/219 CN ¥2.09 EN $0.65
2026-09-03T19:41:39+00:00,https://bilgewatermarket.com/cards/UNL-189,"Lillia, Bashful Bloom",nonfoil,0.16,https://bilgewatermarket.com/cards/UNL-189,normal,,¥0.51,$0.16,UNL-189,"Lillia, Bashful Bloom UNL-189/219 CN ¥0.51 EN $0.16"
2026-09-03T19:41:39+00:00,https://bilgewatermarket.com/cards/UNL-190,Lilting Lullaby,nonfoil,1.56,https://bilgewatermarket.com/cards/UNL-190,normal,,¥10.40,$1.56,UNL-190,Lilting Lullaby UNL-190/219 CN ¥10.40 EN $1.56
2026-09-03T19:41:39+00:00,https://bilgewatermarket.com/cards/UNL-191,"Master Yi, Wuju Master",nonfoil,0.11,https://bilgewatermarket.com/cards/UNL-191,normal,,¥0.52,$0.11,UNL-191,"Master Yi, Wuju Master UNL-191/219 CN ¥0.52 EN $0.11"
2026-09-03T19:41:39+00:00,https://bilgewatermarket.com/cards/UNL-192,Alpha Strike,nonfoil,2.01,https://bilgewatermarket.com/cards/UNL-192,normal,,¥13.22,$2.01,UNL-192,Alpha Strike UNL-192/219 CN ¥13.22 EN $2.01
2026-09-03T19:41:39+00:00,https://bilgewatermarket.com/cards/UNL-193,"Vex, Gloomist",nonfoil,0.14,https://bilgewatermarket.com/cards/UNL-193,normal,,¥0.59,$0.14,UNL-193,"Vex, Gloomist UNL-193/219 CN ¥0.59 EN $0.14"
2026-09-03T19:41:39+00:00,https://bilgewatermarket.com/cards/UNL-194,Shadow,nonfoil,0.40,https://bilgewatermarket.com/cards/UNL-194,normal,,¥2.12,$0.40,UNL-194,Shadow UNL-194/219 CN ¥2.12 EN $0.40
2026-09-03T19:41:39+00:00,https://bilgewatermarket.com/cards/UNL-195,"Ivern, Green Father",nonfoil,0.12,https://bilgewatermarket.com/cards/UNL-195,normal,,¥0.51,$0.12,UNL-195,"Ivern, Green Father UNL-195/219 CN ¥0.51 EN $0.12"
2026-09-03T19:41:39+00:00,https://bilgewatermarket.com/cards/UNL-196,Daisy!,nonfoil,1.33,https://bilgewatermarket.com/cards/UNL-196,normal,,¥3.25,$1.33,UNL-196,Daisy! UNL-196/219 CN ¥3.25 EN $1.33
2026-09-03T19:41:39+00:00,https://bilgewatermarket.com/cards/UNL-197,"Diana, Scorn of the Moon",nonfoil,0.20,https://bilgewatermarket.com/cards/UNL-197,normal,,¥0.53,$0.20,UNL-197,"Diana, Scorn of the Moon UNL-197/219 CN ¥0.53 EN $0.20"
2026-09-03T19:41:39+00:00,https://bilgewatermarket.com/cards/UNL-198,Moonfall,nonfoil,13.48,https://bilgewatermarket.com/cards/UNL-198,normal,,¥39.95,$13.48,UNL-198,Moonfall UNL-198/219 CN ¥39.95 EN $13.48
2026-09-03T19:41:39+00:00,https://bilgewatermarket.com/cards/UNL-199,"LeBlanc, Deceiver",nonfoil,0.14,https://bilgewatermarket.com/cards/UNL-199,normal,,¥0.61,$0.14,UNL-199,"LeBlanc, Deceiver UNL-199/219 CN ¥0.61 EN $0.14"
2026-09-03T19:41:39+00:00,https://bilgewatermarket.com/cards/UNL-200,Mirror Image,nonfoil,6.69,https://bilgewatermarket.com/cards/UNL-200,normal,,¥23.52,$6.69,UNL-200,Mirror Image UNL-200/219 CN ¥23.52 EN $6.69
2026-09-03T19:41:39+00:00,https://bilgewatermarket.com/cards/UNL-201,"Kha'Zix, Voidreaver",nonfoil,0.16,https://bilgewatermarket.com/cards/UNL-201,normal,,¥0.51,$0.16,UNL-201,"Kha'Zix, Voidreaver UNL-201/219 CN ¥0.51 EN $0.16"
2026-09-03T19:41:39+00:00,https://bilgewatermarket.com/cards/UNL-202,Void Assault,nonfoil,4.27,https://bilgewatermarket.com/cards/UNL-202,normal,,¥9.31,$4.27,UNL-202,Void Assault UNL-202/219 CN ¥9.31 EN $4.27
2026-09-03T19:41:39+00:00,https://bilgewatermarket.com/cards/UNL-203,"Poppy, Keeper of the Hammer",nonfoil,0.17,https://bilgewatermarket.com/cards/UNL-203,normal,,¥0.58,$0.17,UNL-203,"Poppy, Keeper of the Hammer UNL-203/219 CN ¥0.58 EN $0.17"
2026-09-03T19:41:39+00:00,https://bilgewatermarket.com/cards/UNL-204,Keeper's Verdict,nonfoil,0.62,https://bilgewatermarket.com/cards/UNL-204,normal,,¥1.36,$0.62,UNL-204,Keeper's Verdict UNL-204/219 CN ¥1.36 EN $0.62
2026-09-03T19:41:39+00:00,https://bilgewatermarket.com/cards/UNL-205?print_variation=foiled,Abandoned Hall,foil,0.47,https://bilgewatermarket.com/cards/UNL-205?print_variation=foiled,foiled,,¥4.57,$0.47,UNL-205,Abandoned Hall UNL-205/219 Foiled CN ¥4.57 EN $0.47
2026-09-03T19:41:39+00:00,https://bilgewatermarket.com/cards/UNL-205,Abandoned Hall,nonfoil,0.14,https://bilgewatermarket.com/cards/UNL-205,normal,,¥0.95,$0.14,UNL-205,Abandoned Hall UNL-205/219 CN ¥0.95 EN $0.14
2026-09-03T19:41:39+00:00,https://bilgewatermarket.com/cards/UNL-206?print_variation=foiled,Altar of Blood,foil,0.21,https://bilgewatermarket.com/cards/UNL-206?print_variation=foiled,foiled,,¥1.14,$0.21,UNL-206,Altar of Blood UNL-206/219 Foiled CN ¥1.14 EN $0.21
2026-09-03T19:41:39+00:00,https://bilgewatermarket.com/cards/UNL-206,Altar of Blood,nonfoil,0.08,https://bilgewatermarket.com/cards/UNL-206,normal,,¥0.56,$0.08,UNL-206,Altar of Blood UNL-206/219 CN ¥0.56 EN $0.08
2026-09-03T19:41:39+00:00,https://bilgewatermarket.com/cards/UNL-207?print_variation=foiled,Amateur Recital,foil,0.27,https://bilgewatermarket.com/cards/UNL-207?print_variation=foiled,foiled,,¥2.14,$0.27,UNL-207,Amateur Recital UNL-207/219 Foiled CN ¥2.14 EN $0.27
2026-09-03T19:41:39+00:00,https://bilgewatermarket.com/cards/UNL-207,Amateur Recital,nonfoil,0.05,https://bilgewatermarket.com/cards/UNL-207,normal,,¥0.60,$0.05,UNL-207,Amateur Recital UNL-207/219 CN ¥0.60 EN $0.05
2026-09-03T19:41:39+00:00,https://bilgewatermarket.com/cards/UNL-208?print_variation=foiled,Black Flame Altar,foil,0.20,https://bilgewatermarket.com/cards/UNL-208?print_variation=foiled,foiled,,¥1.24,$0.20,UNL-208,Black Flame Altar UNL-208/219 Foiled CN ¥1.24 EN $0.20
2026-09-03T19:41:39+00:00,https://bilgewatermarket.com/cards/UNL-208,Black Flame Altar,nonfoil,0.14,https://bilgewatermarket.com/cards/UNL-208,normal,,¥0.52,$0.14,UNL-208,Black Flame Altar UNL-208/219 CN ¥0.52 EN $0.14
2026-09-03T19:41:39+00:00,https://bilgewatermarket.com/cards/UNL-209?print_variation=foiled,Dusk Rose Lab,foil,0.31,https://bilgewatermarket.com/cards/UNL-209?print_variation=foiled,foiled,,¥2.65,$0.31,UNL-209,Dusk Rose Lab UNL-209/219 Foiled CN ¥2.65 EN $0.31
2026-09-03T19:41:39+00:00,https://bilgewatermarket.com/cards/UNL-209,Dusk Rose Lab,nonfoil,0.05,https://bilgewatermarket.com/cards/UNL-209,normal,,¥0.56,$0.05,UNL-209,Dusk Rose Lab UNL-209/219 CN ¥0.56 EN $0.05
2026-09-03T19:41:39+00:00,https://bilgewatermarket.com/cards/UNL-210?print_variation=foiled,Forbidding Waste,foil,0.28,https://bilgewatermarket.com/cards/UNL-210?print_variation=foiled,foiled,,¥2.68,$0.28,UNL-210,Forbidding Waste UNL-210/219 Foiled CN ¥2.68 EN $0.28
2026-09-03T19:41:39+00:00,https://bilgewatermarket.com/cards/UNL-210,Forbidding Waste,nonfoil,0.11,https://bilgewatermarket.com/cards/UNL-210,normal,,¥0.69,$0.11,UNL-210,Forbidding Waste UNL-210/219 CN ¥0.69 EN $0.11
2026-09-03T19:41:39+00:00,https://bilgewatermarket.com/cards/UNL-211?print_variation=foiled,Forgotten Library,foil,0.17,https://bilgewatermarket.com/cards/UNL-211?print_variation=foiled,foiled,,¥1.22,$0.17,UNL-211,Forgotten Library UNL-211/219 Foiled CN ¥1.22 EN $0.17
2026-09-03T19:41:39+00:00,https://bilgewatermarket.com/cards/UNL-211,Forgotten Library,nonfoil,0.06,https://bilgewatermarket.com/cards/UNL-211,normal,,¥0.50,$0.06,UNL-211,Forgotten Library UNL-211/219 CN ¥0.50 EN $0.06
2026-09-03T19:41:39+00:00,https://bilgewatermarket.com/cards/UNL-212?print_variation=foiled,Frozen Fortress,foil,0.32,https://bilgewatermarket.com/cards/UNL-212?print_variation=foiled,foiled,,¥2.39,$0.32,UNL-212,Frozen Fortress UNL-212/219 Foiled CN ¥2.39 EN $0.32
2026-09-03T19:41:39+00:00,https://bilgewatermarket.com/cards/UNL-212,Frozen Fortress,nonfoil,0.09,https://bilgewatermarket.com/cards/UNL-212,normal,,¥0.60,$0.09,UNL-212,Frozen Fortress UNL-212/219 CN ¥0.60 EN $0.09
2026-09-03T19:41:39+00:00,https://bilgewatermarket.com/cards/UNL-213?print_variation=foiled,Gardens of Becoming,foil,0.26,https://bilgewatermarket.com/cards/UNL-213?print_variation=foiled,foiled,,¥1.33,$0.26,UNL-213,Gardens of Becoming UNL-213/219 Foiled CN ¥1.33 EN $0.26
2026-09-03T19:41:39+00:00,https://bilgewatermarket.com/cards/UNL-213,Gardens of Becoming,nonfoil,0.06,https://bilgewatermarket.com/cards/UNL-213,normal,,¥0.51,$0.06,UNL-213,Gardens of Becoming UNL-213/219 CN ¥0.51 EN $0.06
2026-09-03T19:41:39+00:00,https://bilgewatermarket.com/cards/UNL-214?print_variation=foiled,Ripper's Bay,foil,0.24,https://bilgewatermarket.com/cards/UNL-214?print_variation=foiled,foiled,,¥1.04,$0.24,UNL-214,Ripper's Bay UNL-214/219 Foiled CN ¥1.04 EN $0.24
2026-09-03T19:41:39+00:00,https://bilgewatermarket.com/cards/UNL-214,Ripper's Bay,nonfoil,0.07,https://bilgewatermarket.com/cards/UNL-214,normal,,¥0.51,$0.07,UNL-214,Ripper's Bay UNL-214/219 CN ¥0.51 EN $0.07
2026-09-03T19:41:39+00:00,https://bilgewatermarket.com/cards/UNL-215?print_variation=foiled,Star Spring,foil,0.43,https://bilgewatermarket.com/cards/UNL-215?print_variation=foiled,foiled,,¥3.58,$0.43,UNL-215,Star Spring UNL-215/219 Foiled CN ¥3.58 EN $0.43
2026-09-03T19:41:39+00:00,https://bilgewatermarket.com/cards/UNL-215,Star Spring,nonfoil,0.13,https://bilgewatermarket.com/cards/UNL-215,normal,,¥0.87,$0.13,UNL-215,Star Spring UNL-215/219 CN ¥0.87 EN $0.13
2026-09-03T19:41:39+00:00,https://bilgewatermarket.com/cards/UNL-216?print_variation=foiled,The Academy,foil,0.22,https://bilgewatermarket.com/cards/UNL-216?print_variation=foiled,foiled,,¥0.51,$0.22,UNL-216,The Academy UNL-216/219 Foiled CN ¥0.51 EN $0.22
2026-09-03T19:41:39+00:00,https://bilgewatermarket.com/cards/UNL-216,The Academy,nonfoil,0.07,https://bilgewatermarket.com/cards/UNL-216,normal,,¥0.50,$0.07,UNL-216,The Academy UNL-216/219 CN ¥0.50 EN $0.07
2026-09-03T19:41:39+00:00,https://bilgewatermarket.com/cards/UNL-217?print_variation=foiled,Trapping Grounds,foil,0.17,https://bilgewatermarket.com/cards/UNL-217?print_variation=foiled,foiled,,¥1.28,$0.17,UNL-217,Trapping Grounds UNL-217/219 Foiled CN ¥1.28 EN $0.17
2026-09-03T19:41:39+00:00,https://bilgewatermarket.com/cards/UNL-217,Trapping Grounds,nonfoil,0.05,https://bilgewatermarket.com/cards/UNL-217,normal,,¥0.50,$0.05,UNL-217,Trapping Grounds UNL-217/219 CN ¥0.50 EN $0.05
2026-09-03T19:41:39+00:00,https://bilgewatermarket.com/cards/UNL-218?print_variation=foiled,Valley of Idols,foil,0.26,https://bilgewatermarket.com/cards/UNL-218?print_variation=foiled,foiled,,¥1.60,$0.26,UNL-218,Valley of Idols UNL-218/219 Foiled CN ¥1.60 EN $0.26
2026-09-03T19:41:39+00:00,https://bilgewatermarket.com/cards/UNL-218,Valley of Idols,nonfoil,0.07,https://bilgewatermarket.com/cards/UNL-218,normal,,¥0.68,$0.07,UNL-218,Valley of Idols UNL-218/219 CN ¥0.68 EN $0.07
2026-09-03T19:41:39+00:00,https://bilgewatermarket.com/cards/UNL-219?print_variation=foiled,Vaults of Helia,foil,0.19,https://bilgewatermarket.com/cards/UNL-219?print_variation=foiled,foiled,,¥2.23,$0.19,UNL-219,Vaults of Helia UNL-219/219 Foiled CN ¥2.23 EN $0.19
2026-09-03T19:41:39+00:00,https://bilgewatermarket.com/cards/UNL-219,Vaults of Helia,nonfoil,0.09,https://bilgewatermarket.com/cards/UNL-219,normal,,¥0.84,$0.09,UNL-219,Vaults of Helia UNL-219/219 CN ¥0.84 EN $0.09
2026-09-03T19:41:39+00:00,https://bilgewatermarket.com/cards/UNL-220?print_variation=showcase,Pouty Poro,nonfoil,127.40,https://bilgewatermarket.com/cards/UNL-220?print_variation=showcase,showcase,,¥214.93,$127.40,UNL-220,Pouty Poro UNL-220/219 Showcase CN ¥214.93 EN $127.40
2026-09-03T19:41:39+00:00,https://bilgewatermarket.com/cards/UNL-221?print_variation=showcase,Lonely Poro,nonfoil,323.83,https://bilgewatermarket.com/cards/UNL-221?print_variation=showcase,showcase,,¥455.63,$323.83,UNL-221,Lonely Poro UNL-221/219 Showcase CN ¥455.63 EN $323.83
2026-09-03T19:41:39+00:00,https://bilgewatermarket.com/cards/UNL-222?print_variation=showcase,Plundering Poro,nonfoil,179.37,https://bilgewatermarket.com/cards/UNL-222?print_variation=showcase,showcase,,¥361.27,$179.37,UNL-222,Plundering Poro UNL-222/219 Showcase CN ¥361.27 EN $179.37
2026-09-03T19:41:39+00:00,https://bilgewatermarket.com/cards/UNL-223?print_variation=showcase,Veteran Poro,nonfoil,120.43,https://bilgewatermarket.com/cards/UNL-223?print_variation=showcase,showcase,,¥152.46,$120.43,UNL-223,Veteran Poro UNL-223/219 Showcase CN ¥152.46 EN $120.43
2026-09-03T19:41:39+00:00,https://bilgewatermarket.com/cards/UNL-224?print_variation=showcase,Mystic Poro,nonfoil,124.59,https://bilgewatermarket.com/cards/UNL-224?print_variation=showcase,showcase,,¥230.05,$124.59,UNL-224,Mystic Poro UNL-224/219 Showcase CN ¥230.05 EN $124.59
2026-09-03T19:41:39+00:00,https://bilgewatermarket.com/cards/UNL-225?print_variation=showcase,Daring Poro,nonfoil,124.83,https://bilgewatermarket.com/cards/UNL-225?print_variation=showcase,showcase,,¥240.44,$124.83,UNL-225,Daring Poro UNL-225/219 Showcase CN ¥240.44 EN $124.83
2026-09-03T19:41:39+00:00,https://bilgewatermarket.com/cards/UNL-226?print_variation=showcase,"Jhin, Virtuoso",nonfoil,69.75,https://bilgewatermarket.com/cards/UNL-226?print_variation=showcase,showcase,,¥71.19,$69.75,UNL-226,"Jhin, Virtuoso UNL-226/219 Showcase CN ¥71.19 EN $69.75"
2026-09-03T19:41:39+00:00,https://bilgewatermarket.com/cards/UNL-227?print_variation=showcase,"Rengar, Pridestalker",nonfoil,116.80,https://bilgewatermarket.com/cards/UNL-227?print_variation=showcase,showcase,,¥91.27,$116.80,UNL-227,"Rengar, Pridestalker UNL-227/219 Showcase CN ¥91.27 EN $116.80"
2026-09-03T19:41:39+00:00,https://bilgewatermarket.com/cards/UNL-228?print_variation=showcase,"Pyke, Bloodharbor Ripper",nonfoil,96.44,https://bilgewatermarket.com/cards/UNL-228?print_variation=showcase,showcase,,¥109.60,$96.44,UNL-228,"Pyke, Bloodharbor Ripper UNL-228/219 Showcase CN ¥109.60 EN $96.44"
2026-09-03T19:41:39+00:00,https://bilgewatermarket.com/cards/UNL-229?print_variation=showcase,"Vi, Piltover Enforcer",nonfoil,88.23,https://bilgewatermarket.com/cards/UNL-229?print_variation=showcase,showcase,,¥88.95,$88.23,UNL-229,"Vi, Piltover Enforcer UNL-229/219 Showcase CN ¥88.95 EN $88.23"
2026-09-03T19:41:39+00:00,https://bilgewatermarket.com/cards/UNL-230?print_variation=showcase,"Lillia, Bashful Bloom",nonfoil,83.35,https://bilgewatermarket.com/cards/UNL-230?print_variation=showcase,showcase,,¥91.71,$83.35,UNL-230,"Lillia, Bashful Bloom UNL-230/219 Showcase CN ¥91.71 EN $83.35"
2026-09-03T19:41:39+00:00,https://bilgewatermarket.com/cards/UNL-231?print_variation=showcase,"Master Yi, Wuju Master",nonfoil,52.14,https://bilgewatermarket.com/cards/UNL-231?print_variation=showcase,showcase,,¥107.13,$52.14,UNL-231,"Master Yi, Wuju Master UNL-231/219 Showcase CN ¥107.13 EN $52.14"
2026-09-03T19:41:39+00:00,https://bilgewatermarket.com/cards/UNL-232?print_variation=showcase,"Vex, Gloomist",nonfoil,102.21,https://bilgewatermarket.com/cards/UNL-232?print_variation=showcase,showcase,,¥300.73,$102.21,UNL-232,"Vex, Gloomist UNL-232/219 Showcase CN ¥300.73 EN $102.21"
2026-09-03T19:41:39+00:00,https://bilgewatermarket.com/cards/UNL-233?print_variation=showcase,"Ivern, Green Father",nonfoil,62.05,https://bilgewatermarket.com/cards/UNL-233?print_variation=showcase,showcase,,¥51.60,$62.05,UNL-233,"Ivern, Green Father UNL-233/219 Showcase CN ¥51.60 EN $62.05"
2026-09-03T19:41:39+00:00,https://bilgewatermarket.com/cards/UNL-234?print_variation=showcase,"Diana, Scorn of the Moon",nonfoil,244.46,https://bilgewatermarket.com/cards/UNL-234?print_variation=showcase,showcase,,¥349.93,$244.46,UNL-234,"Diana, Scorn of the Moon UNL-234/219 Showcase CN ¥349.93 EN $244.46"
2026-09-03T19:41:39+00:00,https://bilgewatermarket.com/cards/UNL-235?print_variation=showcase,"LeBlanc, Deceiver",nonfoil,143.90,https://bilgewatermarket.com/cards/UNL-235?print_variation=showcase,showcase,,¥196.84,$143.90,UNL-235,"LeBlanc, Deceiver UNL-235/219 Showcase CN ¥196.84 EN $143.90"
2026-09-03T19:41:39+00:00,https://bilgewatermarket.com/cards/UNL-236?print_variation=showcase,"Kha'Zix, Voidreaver",nonfoil,99.20,https://bilgewatermarket.com/cards/UNL-236?print_variation=showcase,showcase,,¥95.53,$99.20,UNL-236,"Kha'Zix, Voidreaver UNL-236/219 Showcase CN ¥95.53 EN $99.20"
2026-09-03T19:41:39+00:00,https://bilgewatermarket.com/cards/UNL-237?print_variation=showcase,"Poppy, Keeper of the Hammer",nonfoil,50.86,https://bilgewatermarket.com/cards/UNL-237?print_variation=showcase,showcase,,¥63.70,$50.86,UNL-237,"Poppy, Keeper of the Hammer UNL-237/219 Showcase CN ¥63.70 EN $50.86"
2026-09-03T19:41:39+00:00,https://bilgewatermarket.com/cards/UNL-238?print_variation=showcase,Baron Nashor,nonfoil,1746.89,https://bilgewatermarket.com/cards/UNL-238?print_variation=showcase,showcase,,¥10200.00,$1746.89,UNL-238,Baron Nashor UNL-238/219 Showcase CN ¥10200.00 EN $1746.89
2026-09-03T19:41:39+00:00,https://bilgewatermarket.com/cards/SFD-001?print_variation=foiled,Against the Odds,foil,0.23,https://bilgewatermarket.com/cards/SFD-001?print_variation=foiled,foiled,,¥1.00,$0.23,SFD-001,Against the Odds SFD-001/221 Foiled CN ¥1.00 EN $0.23
2026-09-03T19:41:39+00:00,https://bilgewatermarket.com/cards/SFD-001,Against the Odds,nonfoil,0.07,https://bilgewatermarket.com/cards/SFD-001,normal,,¥0.51,$0.07,SFD-001,Against the Odds SFD-001/221 CN ¥0.51 EN $0.07
2026-09-03T19:41:39+00:00,https://bilgewatermarket.com/cards/SFD-002?print_variation=foiled,Armed Assailant,foil,0.14,https://bilgewatermarket.com/cards/SFD-002?print_variation=foiled,foiled,,¥0.50,$0.14,SFD-002,Armed Assailant SFD-002/221 Foiled CN ¥0.50 EN $0.14
2026-09-03T19:41:39+00:00,https://bilgewatermarket.com/cards/SFD-002,Armed Assailant,nonfoil,0.05,https://bilgewatermarket.com/cards/SFD-002,normal,,¥0.50,$0.05,SFD-002,Armed Assailant SFD-002/221 CN ¥0.50 EN $0.05
2026-09-03T19:41:39+00:00,https://bilgewatermarket.com/cards/SFD-003?print_variation=foiled,Blood Rush,foil,0.30,https://bilgewatermarket.com/cards/SFD-003?print_variation=foiled,foiled,,¥1.10,$0.30,SFD-003,Blood Rush SFD-003/221 Foiled CN ¥1.10 EN $0.30
2026-09-03T19:41:39+00:00,https://bilgewatermarket.com/cards/SFD-003,Blood Rush,nonfoil,0.14,https://bilgewatermarket.com/cards/SFD-003,normal,,¥0.53,$0.14,SFD-003,Blood Rush SFD-003/221 CN ¥0.53 EN $0.14
2026-09-03T19:41:39+00:00,https://bilgewatermarket.com/cards/SFD-004?print_variation=foiled,Bushwhack,foil,0.23,https://bilgewatermarket.com/cards/SFD-004?print_variation=foiled,foiled,,¥0.64,$0.23,SFD-004,Bushwhack SFD-004/221 Foiled CN ¥0.64 EN $0.23
2026-09-03T19:41:39+00:00,https://bilgewatermarket.com/cards/SFD-004,Bushwhack,nonfoil,0.09,https://bilgewatermarket.com/cards/SFD-004,normal,,¥0.53,$0.09,SFD-004,Bushwhack SFD-004/221 CN ¥0.53 EN $0.09
2026-09-03T19:41:39+00:00,https://bilgewatermarket.com/cards/SFD-005?print_variation=foiled,Detonate,foil,0.26,https://bilgewatermarket.com/cards/SFD-005?print_variation=foiled,foiled,,¥0.51,$0.26,SFD-005,Detonate SFD-005/221 Foiled CN ¥0.51 EN $0.26
2026-09-03T19:41:39+00:00,https://bilgewatermarket.com/cards/SFD-005,Detonate,nonfoil,0.10,https://bilgewatermarket.com/cards/SFD-005,normal,,¥0.50,$0.10,SFD-005,Detonate SFD-005/221 CN ¥0.50 EN $0.10
2026-09-03T19:41:39+00:00,https://bilgewatermarket.com/cards/SFD-006?print_variation=foiled,Eager Drakehound,foil,0.19,https://bilgewatermarket.com/cards/SFD-006?print_variation=foiled,foiled,,¥0.51,$0.19,SFD-006,Eager Drakehound SFD-006/221 Foiled CN ¥0.51 EN $0.19
2026-09-03T19:41:39+00:00,https://bilgewatermarket.com/cards/SFD-006,Eager Drakehound,nonfoil,0.09,https://bilgewatermarket.com/cards/SFD-006,normal,,¥0.50,$0.09,SFD-006,Eager Drakehound SFD-006/221 CN ¥0.50 EN $0.09
2026-09-03T19:41:39+00:00,https://bilgewatermarket.com/cards/SFD-007?print_variation=foiled,Gem Jammer,foil,0.18,https://bilgewatermarket.com/cards/SFD-007?print_variation=foiled,foiled,,¥0.62,$0.18,SFD-007,Gem Jammer SFD-007/221 Foiled CN ¥0.62 EN $0.18
2026-09-03T19:41:39+00:00,https://bilgewatermarket.com/cards/SFD-007,Gem Jammer,nonfoil,0.08,https://bilgewatermarket.com/cards/SFD-007,normal,,¥0.50,$0.08,SFD-007,Gem Jammer SFD-007/221 CN ¥0.50 EN $0.08
2026-09-03T19:41:39+00:00,https://bilgewatermarket.com/cards/SFD-008?print_variation=foiled,Sentinel Adept,foil,0.22,https://bilgewatermarket.com/cards/SFD-008?print_variation=foiled,foiled,,¥0.50,$0.22,SFD-008,Sentinel Adept SFD-008/221 Foiled CN ¥0.50 EN $0.22
2026-09-03T19:41:39+00:00,https://bilgewatermarket.com/cards/SFD-008,Sentinel Adept,nonfoil,0.04,https://bilgewatermarket.com/cards/SFD-008,normal,,¥0.50,$0.04,SFD-008,Sentinel Adept SFD-008/221 CN ¥0.50 EN $0.04
2026-09-03T19:41:39+00:00,https://bilgewatermarket.com/cards/SFD-009?print_variation=foiled,Serrated Dirk,foil,0.24,https://bilgewatermarket.com/cards/SFD-009?print_variation=foiled,foiled,,¥0.50,$0.24,SFD-009,Serrated Dirk SFD-009/221 Foiled CN ¥0.50 EN $0.24
2026-09-03T19:41:39+00:00,https://bilgewatermarket.com/cards/SFD-009,Serrated Dirk,nonfoil,0.10,https://bilgewatermarket.com/cards/SFD-009,normal,,¥0.50,$0.10,SFD-009,Serrated Dirk SFD-009/221 CN ¥0.50 EN $0.10
2026-09-03T19:41:39+00:00,https://bilgewatermarket.com/cards/SFD-010?print_variation=foiled,Void Drone,foil,0.18,https://bilgewatermarket.com/cards/SFD-010?print_variation=foiled,foiled,,¥0.53,$0.18,SFD-010,Void Drone SFD-010/221 Foiled CN ¥0.53 EN $0.18
2026-09-03T19:41:39+00:00,https://bilgewatermarket.com/cards/SFD-010,Void Drone,nonfoil,0.08,https://bilgewatermarket.com/cards/SFD-010,normal,,¥0.50,$0.08,SFD-010,Void Drone SFD-010/221 CN ¥0.50 EN $0.08
2026-09-03T19:41:39+00:00,https://bilgewatermarket.com/cards/SFD-011?print_variation=foiled,Angle Shot,foil,0.27,https://bilgewatermarket.com/cards/SFD-011?print_variation=foiled,foiled,,¥2.20,$0.27,SFD-011,Angle Shot SFD-011/221 Foiled CN ¥2.20 EN $0.27
2026-09-03T19:41:39+00:00,https://bilgewatermarket.com/cards/SFD-011,Angle Shot,nonfoil,0.13,https://bilgewatermarket.com/cards/SFD-011,normal,,¥0.52,$0.13,SFD-011,Angle Shot SFD-011/221 CN ¥0.52 EN $0.13
2026-09-03T19:41:39+00:00,https://bilgewatermarket.com/cards/SFD-012?print_variation=foiled,Battering Ram,foil,0.42,https://bilgewatermarket.com/cards/SFD-012?print_variation=foiled,foiled,,¥1.54,$0.42,SFD-012,Battering Ram SFD-012/221 Foiled CN ¥1.54 EN $0.42
2026-09-03T19:41:39+00:00,https://bilgewatermarket.com/cards/SFD-012,Battering Ram,nonfoil,0.18,https://bilgewatermarket.com/cards/SFD-012,normal,,¥0.53,$0.18,SFD-012,Battering Ram SFD-012/221 CN ¥0.53 EN $0.18
2026-09-03T19:41:39+00:00,https://bilgewatermarket.com/cards/SFD-013?print_variation=foiled,Blast Corps Cadet,foil,0.21,https://bilgewatermarket.com/cards/SFD-013?print_variation=foiled,foiled,,¥0.50,$0.21,SFD-013,Blast Corps Cadet SFD-013/221 Foiled CN ¥0.50 EN $0.21
2026-09-03T19:41:39+00:00,https://bilgewatermarket.com/cards/SFD-013,Blast Corps Cadet,nonfoil,0.09,https://bilgewatermarket.com/cards/SFD-013,normal,,¥0.50,$0.09,SFD-013,Blast Corps Cadet SFD-013/221 CN ¥0.50 EN $0.09
2026-09-03T19:41:39+00:00,https://bilgewatermarket.com/cards/SFD-014?print_variation=foiled,Minotaur Reckoner,foil,0.32,https://bilgewatermarket.com/cards/SFD-014?print_variation=foiled,foiled,,¥1.18,$0.32,SFD-014,Minotaur Reckoner SFD-014/221 Foiled CN ¥1.18 EN $0.32
2026-09-03T19:41:39+00:00,https://bilgewatermarket.com/cards/SFD-014,Minotaur Reckoner,nonfoil,0.11,https://bilgewatermarket.com/cards/SFD-014,normal,,¥0.58,$0.11,SFD-014,Minotaur Reckoner SFD-014/221 CN ¥0.58 EN $0.11
2026-09-03T19:41:39+00:00,https://bilgewatermarket.com/cards/SFD-015?print_variation=foiled,Perched Grimwyrm,foil,0.21,https://bilgewatermarket.com/cards/SFD-015?print_variation=foiled,foiled,,¥0.60,$0.21,SFD-015,Perched Grimwyrm SFD-015/221 Foiled CN ¥0.60 EN $0.21
2026-09-03T19:41:39+00:00,https://bilgewatermarket.com/cards/SFD-015,Perched Grimwyrm,nonfoil,0.10,https://bilgewatermarket.com/cards/SFD-015,normal,,¥0.50,$0.10,SFD-015,Perched Grimwyrm SFD-015/221 CN ¥0.50 EN $0.10
2026-09-03T19:41:39+00:00,https://bilgewatermarket.com/cards/SFD-016?print_variation=foiled,Recurve Bow,foil,0.20,https://bilgewatermarket.com/cards/SFD-016?print_variation=foiled,foiled,,¥0.52,$0.20,SFD-016,Recurve Bow SFD-016/221 Foiled CN ¥0.52 EN $0.20
2026-09-03T19:41:39+00:00,https://bilgewatermarket.com/cards/SFD-016,Recurve Bow,nonfoil,0.14,https://bilgewatermarket.com/cards/SFD-016,normal,,¥0.50,$0.14,SFD-016,Recurve Bow SFD-016/221 CN ¥0.50 EN $0.14
2026-09-03T19:41:39+00:00,https://bilgewatermarket.com/cards/SFD-017?print_variation=foiled,Sudden Storm,foil,0.27,https://bilgewatermarket.com/cards/SFD-017?print_variation=foiled,foiled,,¥0.66,$0.27,SFD-017,Sudden Storm SFD-017/221 Foiled CN ¥0.66 EN $0.27
2026-09-03T19:41:39+00:00,https://bilgewatermarket.com/cards/SFD-017,Sudden Storm,nonfoil,0.15,https://bilgewatermarket.com/cards/SFD-017,normal,,¥0.50,$0.15,SFD-017,Sudden Storm SFD-017/221 CN ¥0.50 EN $0.15
2026-09-03T19:41:39+00:00,https://bilgewatermarket.com/cards/SFD-018?print_variation=foiled,Void Hatchling,foil,0.31,https://bilgewatermarket.com/cards/SFD-018?print_variation=foiled,foiled,,¥1.00,$0.31,SFD-018,Void Hatchling SFD-018/221 Foiled CN ¥1.00 EN $0.31
2026-09-03T19:41:39+00:00,https://bilgewatermarket.com/cards/SFD-018,Void Hatchling,nonfoil,0.10,https://bilgewatermarket.com/cards/SFD-018,normal,,¥0.50,$0.10,SFD-018,Void Hatchling SFD-018/221 CN ¥0.50 EN $0.10
2026-09-03T19:41:39+00:00,https://bilgewatermarket.com/cards/SFD-019,Assembly Rig,nonfoil,0.12,https://bilgewatermarket.com/cards/SFD-019,normal,,¥0.50,$0.12,SFD-019,Assembly Rig SFD-019/221 CN ¥0.50 EN $0.12
2026-09-03T19:41:39+00:00,https://bilgewatermarket.com/cards/SFD-020,"Draven, Vanquisher",nonfoil,0.21,https://bilgewatermarket.com/cards/SFD-020,normal,,¥1.15,$0.21,SFD-020,"Draven, Vanquisher SFD-020/221 CN ¥1.15 EN $0.21"
2026-09-03T19:41:39+00:00,https://bilgewatermarket.com/cards/SFD-020a?print_variation=showcase,"Draven, Vanquisher",nonfoil,1.87,https://bilgewatermarket.com/cards/SFD-020a?print_variation=showcase,showcase,,¥1.15,$1.87,SFD-020a,"Draven, Vanquisher SFD-020a/221 Showcase CN ¥1.15 EN $1.87"
2026-09-03T19:41:39+00:00,https://bilgewatermarket.com/cards/SFD-021,Ferrous Forerunner,nonfoil,3.45,https://bilgewatermarket.com/cards/SFD-021,normal,,¥2.51,$3.45,SFD-021,Ferrous Forerunner SFD-021/221 CN ¥2.51 EN $3.45
2026-09-03T19:41:39+00:00,https://bilgewatermarket.com/cards/SFD-022,Long Sword,nonfoil,0.40,https://bilgewatermarket.com/cards/SFD-022,normal,,¥1.13,$0.40,SFD-022,Long Sword SFD-022/221 CN ¥1.13 EN $0.40
2026-09-03T19:41:39+00:00,https://bilgewatermarket.com/cards/SFD-023,Piercing Light,nonfoil,0.32,https://bilgewatermarket.com/cards/SFD-023,normal,,¥1.23,$0.32,SFD-023,Piercing Light SFD-023/221 CN ¥1.23 EN $0.32
2026-09-03T19:41:39+00:00,https://bilgewatermarket.com/cards/SFD-024,"Rell, Magnetic",nonfoil,0.25,https://bilgewatermarket.com/cards/SFD-024,normal,,¥0.50,$0.25,SFD-024,"Rell, Magnetic SFD-024/221 CN ¥0.50 EN $0.25"
2026-09-03T19:41:39+00:00,https://bilgewatermarket.com/cards/SFD-025,"Rengar, Pouncing",nonfoil,0.72,https://bilgewatermarket.com/cards/SFD-025,normal,,¥0.97,$0.72,SFD-025,"Rengar, Pouncing SFD-025/221 CN ¥0.97 EN $0.72"
2026-09-03T19:41:39+00:00,https://bilgewatermarket.com/cards/SFD-026,"Rumble, Hotheaded",nonfoil,0.19,https://bilgewatermarket.com/cards/SFD-026,normal,,¥0.51,$0.19,SFD-026,"Rumble, Hotheaded SFD-026/221 CN ¥0.51 EN $0.19"
2026-09-03T19:41:39+00:00,https://bilgewatermarket.com/cards/SFD-026a?print_variation=showcase,"Rumble, Hotheaded",nonfoil,1.13,https://bilgewatermarket.com/cards/SFD-026a?print_variation=showcase,showcase,,¥1.89,$1.13,SFD-026a,"Rumble, Hotheaded SFD-026a/221 Showcase CN ¥1.89 EN $1.13"
2026-09-03T19:41:39+00:00,https://bilgewatermarket.com/cards/SFD-027,Dunebreaker,nonfoil,1.19,https://bilgewatermarket.com/cards/SFD-027,normal,,¥4.00,$1.19,SFD-027,Dunebreaker SFD-027/221 CN ¥4.00 EN $1.19
2026-09-03T19:41:39+00:00,https://bilgewatermarket.com/cards/SFD-028,"Lucian, Gunslinger",nonfoil,0.95,https://bilgewatermarket.com/cards/SFD-028,normal,,¥1.15,$0.95,SFD-028,"Lucian, Gunslinger SFD-028/221 CN ¥1.15 EN $0.95"
2026-09-03T19:41:39+00:00,https://bilgewatermarket.com/cards/SFD-028a?print_variation=showcase,"Lucian, Gunslinger",nonfoil,1.57,https://bilgewatermarket.com/cards/SFD-028a?print_variation=showcase,showcase,,¥1.53,$1.57,SFD-028a,"Lucian, Gunslinger SFD-028a/221 Showcase CN ¥1.53 EN $1.57"
2026-09-03T19:41:39+00:00,https://bilgewatermarket.com/cards/SFD-029,"Rek'Sai, Breacher",nonfoil,11.65,https://bilgewatermarket.com/cards/SFD-029,normal,,¥4.82,$11.65,SFD-029,"Rek'Sai, Breacher SFD-029/221 CN ¥4.82 EN $11.65"
2026-09-03T19:41:39+00:00,https://bilgewatermarket.com/cards/SFD-029a?print_variation=showcase,"Rek'Sai, Breacher",nonfoil,10.81,https://bilgewatermarket.com/cards/SFD-029a?print_variation=showcase,showcase,,¥7.22,$10.81,SFD-029a,"Rek'Sai, Breacher SFD-029a/221 Showcase CN ¥7.22 EN $10.81"
2026-09-03T19:41:39+00:00,https://bilgewatermarket.com/cards/SFD-030,Skyfall of Areion,nonfoil,4.17,https://bilgewatermarket.com/cards/SFD-030,normal,,¥7.90,$4.17,SFD-030,Skyfall of Areion SFD-030/221 CN ¥7.90 EN $4.17
2026-09-03T19:41:39+00:00,https://bilgewatermarket.com/cards/SFD-031?print_variation=foiled,Desert's Call,foil,0.28,https://bilgewatermarket.com/cards/SFD-031?print_variation=foiled,foiled,,¥1.13,$0.28,SFD-031,Desert's Call SFD-031/221 Foiled CN ¥1.13 EN $0.28
2026-09-03T19:41:39+00:00,https://bilgewatermarket.com/cards/SFD-031,Desert's Call,nonfoil,0.13,https://bilgewatermarket.com/cards/SFD-031,normal,,¥0.57,$0.13,SFD-031,Desert's Call SFD-031/221 CN ¥0.57 EN $0.13
2026-09-03T19:41:39+00:00,https://bilgewatermarket.com/cards/SFD-032?print_variation=foiled,Disarming Rake,foil,0.54,https://bilgewatermarket.com/cards/SFD-032?print_variation=foiled,foiled,,¥1.45,$0.54,SFD-032,Disarming Rake SFD-032/221 Foiled CN ¥1.45 EN $0.54
2026-09-03T19:41:39+00:00,https://bilgewatermarket.com/cards/SFD-032,Disarming Rake,nonfoil,0.14,https://bilgewatermarket.com/cards/SFD-032,normal,,¥0.60,$0.14,SFD-032,Disarming Rake SFD-032/221 CN ¥0.60 EN $0.14
2026-09-03T19:41:39+00:00,https://bilgewatermarket.com/cards/SFD-033?print_variation=foiled,Doran's Shield,foil,0.22,https://bilgewatermarket.com/cards/SFD-033?print_variation=foiled,foiled,,¥0.72,$0.22,SFD-033,Doran's Shield SFD-033/221 Foiled CN ¥0.72 EN $0.22
2026-09-03T19:41:39+00:00,https://bilgewatermarket.com/cards/SFD-033,Doran's Shield,nonfoil,0.13,https://bilgewatermarket.com/cards/SFD-033,normal,,¥0.55,$0.13,SFD-033,Doran's Shield SFD-033/221 CN ¥0.55 EN $0.13
2026-09-03T19:41:39+00:00,https://bilgewatermarket.com/cards/SFD-034?print_variation=foiled,Feral Strength,foil,0.20,https://bilgewatermarket.com/cards/SFD-034?print_variation=foiled,foiled,,¥0.51,$0.20,SFD-034,Feral Strength SFD-034/221 Foiled CN ¥0.51 EN $0.20
2026-09-03T19:41:39+00:00,https://bilgewatermarket.com/cards/SFD-034,Feral Strength,nonfoil,0.11,https://bilgewatermarket.com/cards/SFD-034,normal,,¥0.50,$0.11,SFD-034,Feral Strength SFD-034/221 CN ¥0.50 EN $0.11
2026-09-03T19:41:39+00:00,https://bilgewatermarket.com/cards/SFD-035?print_variation=foiled,Guardian of the Passage,foil,0.18,https://bilgewatermarket.com/cards/SFD-035?print_variation=foiled,foiled,,¥0.50,$0.18,SFD-035,Guardian of the Passage SFD-035/221 Foiled CN ¥0.50 EN $0.18
2026-09-03T19:41:39+00:00,https://bilgewatermarket.com/cards/SFD-035,Guardian of the Passage,nonfoil,0.08,https://bilgewatermarket.com/cards/SFD-035,normal,,¥0.50,$0.08,SFD-035,Guardian of the Passage SFD-035/221 CN ¥0.50 EN $0.08
2026-09-03T19:41:39+00:00,https://bilgewatermarket.com/cards/SFD-036?print_variation=foiled,Lonely Poro,foil,0.61,https://bilgewatermarket.com/cards/SFD-036?print_variation=foiled,foiled,,¥2.05,$0.61,SFD-036,Lonely Poro SFD-036/221 Foiled CN ¥2.05 EN $0.61
2026-09-03T19:41:39+00:00,https://bilgewatermarket.com/cards/SFD-036,Lonely Poro,nonfoil,0.19,https://bilgewatermarket.com/cards/SFD-036,normal,,¥0.59,$0.19,SFD-036,Lonely Poro SFD-036/221 CN ¥0.59 EN $0.19
2026-09-03T19:41:39+00:00,https://bilgewatermarket.com/cards/SFD-037?print_variation=foiled,Navori Scout,foil,0.17,https://bilgewatermarket.com/cards/SFD-037?print_variation=foiled,foiled,,¥0.50,$0.17,SFD-037,Navori Scout SFD-037/221 Foiled CN ¥0.50 EN $0.17
2026-09-03T19:41:39+00:00,https://bilgewatermarket.com/cards/SFD-037,Navori Scout,nonfoil,0.05,https://bilgewatermarket.com/cards/SFD-037,normal,,¥0.50,$0.05,SFD-037,Navori Scout SFD-037/221 CN ¥0.50 EN $0.05
2026-09-03T19:41:39+00:00,https://bilgewatermarket.com/cards/SFD-038?print_variation=foiled,Ribbon Dancer,foil,0.15,https://bilgewatermarket.com/cards/SFD-038?print_variation=foiled,foiled,,¥0.50,$0.15,SFD-038,Ribbon Dancer SFD-038/221 Foiled CN ¥0.50 EN $0.15
2026-09-03T19:41:39+00:00,https://bilgewatermarket.com/cards/SFD-038,Ribbon Dancer,nonfoil,0.05,https://bilgewatermarket.com/cards/SFD-038,normal,,¥0.49,$0.05,SFD-038,Ribbon Dancer SFD-038/221 CN ¥0.49 EN $0.05
2026-09-03T19:41:39+00:00,https://bilgewatermarket.com/cards/SFD-039?print_variation=foiled,Royal Entourage,foil,0.21,https://bilgewatermarket.com/cards/SFD-039?print_variation=foiled,foiled,,¥0.50,$0.21,SFD-039,Royal Entourage SFD-039/221 Foiled CN ¥0.50 EN $0.21
2026-09-03T19:41:39+00:00,https://bilgewatermarket.com/cards/SFD-039,Royal Entourage,nonfoil,0.04,https://bilgewatermarket.com/cards/SFD-039,normal,,¥0.50,$0.04,SFD-039,Royal Entourage SFD-039/221 CN ¥0.50 EN $0.04
2026-09-03T19:41:39+00:00,https://bilgewatermarket.com/cards/SFD-040?print_variation=foiled,Thwonk!,foil,0.22,https://bilgewatermarket.com/cards/SFD-040?print_variation=foiled,foiled,,¥1.02,$0.22,SFD-040,Thwonk! SFD-040/221 Foiled CN ¥1.02 EN $0.22
2026-09-03T19:41:39+00:00,https://bilgewatermarket.com/cards/SFD-040,Thwonk!,nonfoil,0.13,https://bilgewatermarket.com/cards/SFD-040,normal,,¥0.51,$0.13,SFD-040,Thwonk! SFD-040/221 CN ¥0.51 EN $0.13
2026-09-03T19:41:39+00:00,https://bilgewatermarket.com/cards/SFD-041?print_variation=foiled,Apprentice Smith,foil,0.28,https://bilgewatermarket.com/cards/SFD-041?print_variation=foiled,foiled,,¥0.78,$0.28,SFD-041,Apprentice Smith SFD-041/221 Foiled CN ¥0.78 EN $0.28
2026-09-03T19:41:39+00:00,https://bilgewatermarket.com/cards/SFD-041,Apprentice Smith,nonfoil,0.10,https://bilgewatermarket.com/cards/SFD-041,normal,,¥0.52,$0.10,SFD-041,Apprentice Smith SFD-041/221 CN ¥0.52 EN $0.10
2026-09-03T19:41:39+00:00,https://bilgewatermarket.com/cards/SFD-042?print_variation=foiled,Brutalizer,foil,1.17,https://bilgewatermarket.com/cards/SFD-042?print_variation=foiled,foiled,,¥3.03,$1.17,SFD-042,Brutalizer SFD-042/221 Foiled CN ¥3.03 EN $1.17
2026-09-03T19:41:39+00:00,https://bilgewatermarket.com/cards/SFD-042,Brutalizer,nonfoil,0.35,https://bilgewatermarket.com/cards/SFD-042,normal,,¥1.18,$0.35,SFD-042,Brutalizer SFD-042/221 CN ¥1.18 EN $0.35
2026-09-03T19:41:39+00:00,https://bilgewatermarket.com/cards/SFD-043?print_variation=foiled,Emperor's Divide,foil,1.07,https://bilgewatermarket.com/cards/SFD-043?print_variation=foiled,foiled,,¥3.39,$1.07,SFD-043,Emperor's Divide SFD-043/221 Foiled CN ¥3.39 EN $1.07
2026-09-03T19:41:39+00:00,https://bilgewatermarket.com/cards/SFD-043,Emperor's Divide,nonfoil,0.40,https://bilgewatermarket.com/cards/SFD-043,normal,,¥1.21,$0.40,SFD-043,Emperor's Divide SFD-043/221 CN ¥1.21 EN $0.40
2026-09-03T19:41:39+00:00,https://bilgewatermarket.com/cards/SFD-044?print_variation=foiled,Legion Quartermaster,foil,0.24,https://bilgewatermarket.com/cards/SFD-044?print_variation=foiled,foiled,,¥0.98,$0.24,SFD-044,Legion Quartermaster SFD-044/221 Foiled CN ¥0.98 EN $0.24
2026-09-03T19:41:39+00:00,https://bilgewatermarket.com/cards/SFD-044,Legion Quartermaster,nonfoil,0.10,https://bilgewatermarket.com/cards/SFD-044,normal,,¥0.50,$0.10,SFD-044,Legion Quartermaster SFD-044/221 CN ¥0.50 EN $0.10
2026-09-03T19:41:39+00:00,https://bilgewatermarket.com/cards/SFD-045?print_variation=foiled,Not So Fast,foil,4.16,https://bilgewatermarket.com/cards/SFD-045?print_variation=foiled,foiled,,¥7.89,$4.16,SFD-045,Not So Fast SFD-045/221 Foiled CN ¥7.89 EN $4.16
2026-09-03T19:41:39+00:00,https://bilgewatermarket.com/cards/SFD-045,Not So Fast,nonfoil,1.79,https://bilgewatermarket.com/cards/SFD-045,normal,,¥2.92,$1.79,SFD-045,Not So Fast SFD-045/221 CN ¥2.92 EN $1.79
2026-09-03T19:41:39+00:00,https://bilgewatermarket.com/cards/SFD-046?print_variation=foiled,Poro Snax,foil,0.49,https://bilgewatermarket.com/cards/SFD-046?print_variation=foiled,foiled,,¥1.07,$0.49,SFD-046,Poro Snax SFD-046/221 Foiled CN ¥1.07 EN $0.49
2026-09-03T19:41:39+00:00,https://bilgewatermarket.com/cards/SFD-046,Poro Snax,nonfoil,0.21,https://bilgewatermarket.com/cards/SFD-046,normal,,¥0.66,$0.21,SFD-046,Poro Snax SFD-046/221 CN ¥0.66 EN $0.21
2026-09-03T19:41:39+00:00,https://bilgewatermarket.com/cards/SFD-047?print_variation=foiled,Simian Ancestor,foil,0.19,https://bilgewatermarket.com/cards/SFD-047?print_variation=foiled,foiled,,¥0.50,$0.19,SFD-047,Simian Ancestor SFD-047/221 Foiled CN ¥0.50 EN $0.19
2026-09-03T19:41:39+00:00,https://bilgewatermarket.com/cards/SFD-047,Simian Ancestor,nonfoil,0.11,https://bilgewatermarket.com/cards/SFD-047,normal,,¥0.50,$0.11,SFD-047,Simian Ancestor SFD-047/221 CN ¥0.50 EN $0.11
2026-09-03T19:41:39+00:00,https://bilgewatermarket.com/cards/SFD-048?print_variation=foiled,Stellacorn Herder,foil,2.32,https://bilgewatermarket.com/cards/SFD-048?print_variation=foiled,foiled,,¥3.53,$2.32,SFD-048,Stellacorn Herder SFD-048/221 Foiled CN ¥3.53 EN $2.32
2026-09-03T19:41:39+00:00,https://bilgewatermarket.com/cards/SFD-048,Stellacorn Herder,nonfoil,2.43,https://bilgewatermarket.com/cards/SFD-048,normal,,¥1.41,$2.43,SFD-048,Stellacorn Herder SFD-048/221 CN ¥1.41 EN $2.43
2026-09-03T19:41:39+00:00,https://bilgewatermarket.com/cards/SFD-049,"Aphelios, Exalted",nonfoil,0.25,https://bilgewatermarket.com/cards/SFD-049,normal,,¥0.53,$0.25,SFD-049,"Aphelios, Exalted SFD-049/221 CN ¥0.53 EN $0.25"
2026-09-03T19:41:39+00:00,https://bilgewatermarket.com/cards/SFD-050,"Azir, Ascendant",nonfoil,0.23,https://bilgewatermarket.com/cards/SFD-050,normal,,¥0.65,$0.23,SFD-050,"Azir, Ascendant SFD-050/221 CN ¥0.65 EN $0.23"
2026-09-03T19:41:39+00:00,https://bilgewatermarket.com/cards/SFD-050a?print_variation=showcase,"Azir, Ascendant",nonfoil,0.85,https://bilgewatermarket.com/cards/SFD-050a?print_variation=showcase,showcase,,¥3.31,$0.85,SFD-050a,"Azir, Ascendant SFD-050a/221 Showcase CN ¥3.31 EN $0.85"
2026-09-03T19:41:39+00:00,https://bilgewatermarket.com/cards/SFD-051,Guardian Angel,nonfoil,1.51,https://bilgewatermarket.com/cards/SFD-051,normal,,¥4.34,$1.51,SFD-051,Guardian Angel SFD-051/221 CN ¥4.34 EN $1.51
2026-09-03T19:41:39+00:00,https://bilgewatermarket.com/cards/SFD-052,Heart of Dark Ice,nonfoil,0.35,https://bilgewatermarket.com/cards/SFD-052,normal,,¥1.19,$0.35,SFD-052,Heart of Dark Ice SFD-052/221 CN ¥1.19 EN $0.35
2026-09-03T19:41:39+00:00,https://bilgewatermarket.com/cards/SFD-053,"Janna, Savior",nonfoil,0.46,https://bilgewatermarket.com/cards/SFD-053,normal,,¥1.18,$0.46,SFD-053,"Janna, Savior SFD-053/221 CN ¥1.18 EN $0.46"
2026-09-03T19:41:39+00:00,https://bilgewatermarket.com/cards/SFD-054,"Jax, Unmatched",nonfoil,0.21,https://bilgewatermarket.com/cards/SFD-054,normal,,¥0.60,$0.21,SFD-054,"Jax, Unmatched SFD-054/221 CN ¥0.60 EN $0.21"
2026-09-03T19:41:39+00:00,https://bilgewatermarket.com/cards/SFD-054a?print_variation=showcase,"Jax, Unmatched",nonfoil,1.30,https://bilgewatermarket.com/cards/SFD-054a?print_variation=showcase,showcase,,¥3.09,$1.30,SFD-054a,"Jax, Unmatched SFD-054a/221 Showcase CN ¥3.09 EN $1.30"
2026-09-03T19:41:39+00:00,https://bilgewatermarket.com/cards/SFD-055,Needlessly Large Yordle,nonfoil,0.13,https://bilgewatermarket.com/cards/SFD-055,normal,,¥0.50,$0.13,SFD-055,Needlessly Large Yordle SFD-055/221 CN ¥0.50 EN $0.13
2026-09-03T19:41:39+00:00,https://bilgewatermarket.com/cards/SFD-056,Sterak's Gage,nonfoil,0.34,https://bilgewatermarket.com/cards/SFD-056,normal,,¥0.78,$0.34,SFD-056,Sterak's Gage SFD-056/221 CN ¥0.78 EN $0.34
2026-09-03T19:41:39+00:00,https://bilgewatermarket.com/cards/SFD-057,"Irelia, Fervent",nonfoil,30.43,https://bilgewatermarket.com/cards/SFD-057,normal,,¥28.78,$30.43,SFD-057,"Irelia, Fervent SFD-057/221 CN ¥28.78 EN $30.43"
2026-09-03T19:41:39+00:00,https://bilgewatermarket.com/cards/SFD-057a?print_variation=showcase,"Irelia, Fervent",nonfoil,32.34,https://bilgewatermarket.com/cards/SFD-057a?print_variation=showcase,showcase,,¥34.20,$32.34,SFD-057a,"Irelia, Fervent SFD-057a/221 Showcase CN ¥34.20 EN $32.34"
2026-09-03T19:41:39+00:00,https://bilgewatermarket.com/cards/SFD-058,"Ornn, Blacksmith",nonfoil,1.54,https://bilgewatermarket.com/cards/SFD-058,normal,,¥1.28,$1.54,SFD-058,"Ornn, Blacksmith SFD-058/221 CN ¥1.28 EN $1.54"
2026-09-03T19:41:39+00:00,https://bilgewatermarket.com/cards/SFD-058a?print_variation=showcase,"Ornn, Blacksmith",nonfoil,5.59,https://bilgewatermarket.com/cards/SFD-058a?print_variation=showcase,showcase,,¥2.79,$5.59,SFD-058a,"Ornn, Blacksmith SFD-058a/221 Showcase CN ¥2.79 EN $5.59"
2026-09-03T19:41:39+00:00,https://bilgewatermarket.com/cards/SFD-059,Svellsongur,nonfoil,13.49,https://bilgewatermarket.com/cards/SFD-059,normal,,¥29.18,$13.49,SFD-059,Svellsongur SFD-059/221 CN ¥29.18 EN $13.49
2026-09-03T19:41:39+00:00,https://bilgewatermarket.com/cards/SFD-060,Tianna Crownguard,nonfoil,1.73,https://bilgewatermarket.com/cards/SFD-060,normal,,¥4.58,$1.73,SFD-060,Tianna Crownguard SFD-060/221 CN ¥4.58 EN $1.73
2026-09-03T19:41:39+00:00,https://bilgewatermarket.com/cards/SFD-061?print_variation=foiled,Aspiring Engineer,foil,0.20,https://bilgewatermarket.com/cards/SFD-061?print_variation=foiled,foiled,,¥0.58,$0.20,SFD-061,Aspiring Engineer SFD-061/221 Foiled CN ¥0.58 EN $0.20
2026-09-03T19:41:39+00:00,https://bilgewatermarket.com/cards/SFD-061,Aspiring Engineer,nonfoil,0.06,https://bilgewatermarket.com/cards/SFD-061,normal,,¥0.52,$0.06,SFD-061,Aspiring Engineer SFD-061/221 CN ¥0.52 EN $0.06
2026-09-03T19:41:39+00:00,https://bilgewatermarket.com/cards/SFD-062?print_variation=foiled,Bubble Bot,foil,0.21,https://bilgewatermarket.com/cards/SFD-062?print_variation=foiled,foiled,,¥0.50,$0.21,SFD-062,Bubble Bot SFD-062/221 Foiled CN ¥0.50 EN $0.21
2026-09-03T19:41:39+00:00,https://bilgewatermarket.com/cards/SFD-062,Bubble Bot,nonfoil,0.10,https://bilgewatermarket.com/cards/SFD-062,normal,,¥0.50,$0.10,SFD-062,Bubble Bot SFD-062/221 CN ¥0.50 EN $0.10
2026-09-03T19:41:39+00:00,https://bilgewatermarket.com/cards/SFD-063?print_variation=foiled,Chemtech Cask,foil,0.23,https://bilgewatermarket.com/cards/SFD-063?print_variation=foiled,foiled,,¥0.51,$0.23,SFD-063,Chemtech Cask SFD-063/221 Foiled CN ¥0.51 EN $0.23
2026-09-03T19:41:39+00:00,https://bilgewatermarket.com/cards/SFD-063,Chemtech Cask,nonfoil,0.09,https://bilgewatermarket.com/cards/SFD-063,normal,,¥0.50,$0.09,SFD-063,Chemtech Cask SFD-063/221 CN ¥0.50 EN $0.09
2026-09-03T19:41:39+00:00,https://bilgewatermarket.com/cards/SFD-064?print_variation=foiled,Cloth Armor,foil,0.23,https://bilgewatermarket.com/cards/SFD-064?print_variation=foiled,foiled,,¥0.53,$0.23,SFD-064,Cloth Armor SFD-064/221 Foiled CN ¥0.53 EN $0.23
2026-09-03T19:41:39+00:00,https://bilgewatermarket.com/cards/SFD-064,Cloth Armor,nonfoil,0.07,https://bilgewatermarket.com/cards/SFD-064,normal,,¥0.50,$0.07,SFD-064,Cloth Armor SFD-064/221 CN ¥0.50 EN $0.07
2026-09-03T19:41:39+00:00,https://bilgewatermarket.com/cards/SFD-065?print_variation=foiled,Forecaster,foil,0.17,https://bilgewatermarket.com/cards/SFD-065?print_variation=foiled,foiled,,¥1.02,$0.17,SFD-065,Forecaster SFD-065/221 Foiled CN ¥1.02 EN $0.17
2026-09-03T19:41:39+00:00,https://bilgewatermarket.com/cards/SFD-065,Forecaster,nonfoil,0.09,https://bilgewatermarket.com/cards/SFD-065,normal,,¥0.54,$0.09,SFD-065,Forecaster SFD-065/221 CN ¥0.54 EN $0.09
2026-09-03T19:41:39+00:00,https://bilgewatermarket.com/cards/SFD-066?print_variation=foiled,Frigid Touch,foil,0.28,https://bilgewatermarket.com/cards/SFD-066?print_variation=foiled,foiled,,¥0.90,$0.28,SFD-066,Frigid Touch SFD-066/221 Foiled CN ¥0.90 EN $0.28
2026-09-03T19:41:39+00:00,https://bilgewatermarket.com/cards/SFD-066,Frigid Touch,nonfoil,0.07,https://bilgewatermarket.com/cards/SFD-066,normal,,¥0.58,$0.07,SFD-066,Frigid Touch SFD-066/221 CN ¥0.58 EN $0.07
2026-09-03T19:41:39+00:00,https://bilgewatermarket.com/cards/SFD-067?print_variation=foiled,Frostcoat Cub,foil,0.17,https://bilgewatermarket.com/cards/SFD-067?print_variation=foiled,foiled,,¥0.50,$0.17,SFD-067,Frostcoat Cub SFD-067/221 Foiled CN ¥0.50 EN $0.17
2026-09-03T19:41:39+00:00,https://bilgewatermarket.com/cards/SFD-067,Frostcoat Cub,nonfoil,0.06,https://bilgewatermarket.com/cards/SFD-067,normal,,¥0.50,$0.06,SFD-067,Frostcoat Cub SFD-067/221 CN ¥0.50 EN $0.06
2026-09-03T19:41:39+00:00,https://bilgewatermarket.com/cards/SFD-068?print_variation=foiled,Gearhead,foil,0.19,https://bilgewatermarket.com/cards/SFD-068?print_variation=foiled,foiled,,¥0.50,$0.19,SFD-068,Gearhead SFD-068/221 Foiled CN ¥0.50 EN $0.19
2026-09-03T19:41:39+00:00,https://bilgewatermarket.com/cards/SFD-068,Gearhead,nonfoil,0.05,https://bilgewatermarket.com/cards/SFD-068,normal,,¥0.50,$0.05,SFD-068,Gearhead SFD-068/221 CN ¥0.50 EN $0.05
2026-09-03T19:41:39+00:00,https://bilgewatermarket.com/cards/SFD-069?print_variation=foiled,Plundering Poro,foil,0.49,https://bilgewatermarket.com/cards/SFD-069?print_variation=foiled,foiled,,¥1.71,$0.49,SFD-069,Plundering Poro SFD-069/221 Foiled CN ¥1.71 EN $0.49
2026-09-03T19:41:39+00:00,https://bilgewatermarket.com/cards/SFD-069,Plundering Poro,nonfoil,0.14,https://bilgewatermarket.com/cards/SFD-069,normal,,¥0.59,$0.14,SFD-069,Plundering Poro SFD-069/221 CN ¥0.59 EN $0.14
2026-09-03T19:41:39+00:00,https://bilgewatermarket.com/cards/SFD-070?print_variation=foiled,Wages of Pain,foil,0.71,https://bilgewatermarket.com/cards/SFD-070?print_variation=foiled,foiled,,¥1.83,$0.71,SFD-070,Wages of Pain SFD-070/221 Foiled CN ¥1.83 EN $0.71
2026-09-03T19:41:39+00:00,https://bilgewatermarket.com/cards/SFD-070,Wages of Pain,nonfoil,0.14,https://bilgewatermarket.com/cards/SFD-070,normal,,¥0.56,$0.14,SFD-070,Wages of Pain SFD-070/221 CN ¥0.56 EN $0.14
2026-09-03T19:41:39+00:00,https://bilgewatermarket.com/cards/SFD-071?print_variation=foiled,Breakneck Mech,foil,0.30,https://bilgewatermarket.com/cards/SFD-071?print_variation=foiled,foiled,,¥0.51,$0.30,SFD-071,Breakneck Mech SFD-071/221 Foiled CN ¥0.51 EN $0.30
2026-09-03T19:41:39+00:00,https://bilgewatermarket.com/cards/SFD-071,Breakneck Mech,nonfoil,0.10,https://bilgewatermarket.com/cards/SFD-071,normal,,¥0.51,$0.10,SFD-071,Breakneck Mech SFD-071/221 CN ¥0.51 EN $0.10
2026-09-03T19:41:39+00:00,https://bilgewatermarket.com/cards/SFD-072?print_variation=foiled,Dropboarder,foil,0.34,https://bilgewatermarket.com/cards/SFD-072?print_variation=foiled,foiled,,¥0.52,$0.34,SFD-072,Dropboarder SFD-072/221 Foiled CN ¥0.52 EN $0.34
2026-09-03T19:41:39+00:00,https://bilgewatermarket.com/cards/SFD-072,Dropboarder,nonfoil,0.17,https://bilgewatermarket.com/cards/SFD-072,normal,,¥0.53,$0.17,SFD-072,Dropboarder SFD-072/221 CN ¥0.53 EN $0.17
2026-09-03T19:41:39+00:00,https://bilgewatermarket.com/cards/SFD-073?print_variation=foiled,Experimental Hexplate,foil,0.27,https://bilgewatermarket.com/cards/SFD-073?print_variation=foiled,foiled,,¥0.76,$0.27,SFD-073,Experimental Hexplate SFD-073/221 Foiled CN ¥0.76 EN $0.27
2026-09-03T19:41:39+00:00,https://bilgewatermarket.com/cards/SFD-073,Experimental Hexplate,nonfoil,0.09,https://bilgewatermarket.com/cards/SFD-073,normal,,¥0.50,$0.09,SFD-073,Experimental Hexplate SFD-073/221 CN ¥0.50 EN $0.09
2026-09-03T19:41:39+00:00,https://bilgewatermarket.com/cards/SFD-074?print_variation=foiled,Pickpocket,foil,1.28,https://bilgewatermarket.com/cards/SFD-074?print_variation=foiled,foiled,,¥1.35,$1.28,SFD-074,Pickpocket SFD-074/221 Foiled CN ¥1.35 EN $1.28
2026-09-03T19:41:39+00:00,https://bilgewatermarket.com/cards/SFD-074,Pickpocket,nonfoil,0.28,https://bilgewatermarket.com/cards/SFD-074,normal,,¥0.66,$0.28,SFD-074,Pickpocket SFD-074/221 CN ¥0.66 EN $0.28
2026-09-03T19:41:39+00:00,https://bilgewatermarket.com/cards/SFD-075?print_variation=foiled,Prize of Progress,foil,0.19,https://bilgewatermarket.com/cards/SFD-075?print_variation=foiled,foiled,,¥0.70,$0.19,SFD-075,Prize of Progress SFD-075/221 Foiled CN ¥0.70 EN $0.19
2026-09-03T19:41:39+00:00,https://bilgewatermarket.com/cards/SFD-075,Prize of Progress,nonfoil,0.07,https://bilgewatermarket.com/cards/SFD-075,normal,,¥0.50,$0.07,SFD-075,Prize of Progress SFD-075/221 CN ¥0.50 EN $0.07
2026-09-03T19:41:39+00:00,https://bilgewatermarket.com/cards/SFD-076?print_variation=foiled,Production Surge,foil,0.29,https://bilgewatermarket.com/cards/SFD-076?print_variation=foiled,foiled,,¥1.23,$0.29,SFD-076,Production Surge SFD-076/221 Foiled CN ¥1.23 EN $0.29
2026-09-03T19:41:39+00:00,https://bilgewatermarket.com/cards/SFD-076,Production Surge,nonfoil,0.09,https://bilgewatermarket.com/cards/SFD-076,normal,,¥0.53,$0.09,SFD-076,Production Surge SFD-076/221 CN ¥0.53 EN $0.09
2026-09-03T19:41:39+00:00,https://bilgewatermarket.com/cards/SFD-077?print_variation=foiled,Rocket Barrage,foil,1.02,https://bilgewatermarket.com/cards/SFD-077?print_variation=foiled,foiled,,¥2.36,$1.02,SFD-077,Rocket Barrage SFD-077/221 Foiled CN ¥2.36 EN $1.02
2026-09-03T19:41:39+00:00,https://bilgewatermarket.com/cards/SFD-077,Rocket Barrage,nonfoil,0.19,https://bilgewatermarket.com/cards/SFD-077,normal,,¥0.69,$0.19,SFD-077,Rocket Barrage SFD-077/221 CN ¥0.69 EN $0.19
2026-09-03T19:41:39+00:00,https://bilgewatermarket.com/cards/SFD-078?print_variation=foiled,Temporal Portal,foil,0.23,https://bilgewatermarket.com/cards/SFD-078?print_variation=foiled,foiled,,¥0.52,$0.23,SFD-078,Temporal Portal SFD-078/221 Foiled CN ¥0.52 EN $0.23
2026-09-03T19:41:39+00:00,https://bilgewatermarket.com/cards/SFD-078,Temporal Portal,nonfoil,0.09,https://bilgewatermarket.com/cards/SFD-078,normal,,¥0.60,$0.09,SFD-078,Temporal Portal SFD-078/221 CN ¥0.60 EN $0.09
2026-09-03T19:41:39+00:00,https://bilgewatermarket.com/cards/SFD-079,"Bard, Mercurial",nonfoil,0.23,https://bilgewatermarket.com/cards/SFD-079,normal,,¥0.50,$0.23,SFD-079,"Bard, Mercurial SFD-079/221 CN ¥0.50 EN $0.23"
2026-09-03T19:41:39+00:00,https://bilgewatermarket.com/cards/SFD-080,Bellows Breath,nonfoil,4.05,https://bilgewatermarket.com/cards/SFD-080,normal,,¥5.85,$4.05,SFD-080,Bellows Breath SFD-080/221 CN ¥5.85 EN $4.05
2026-09-03T19:41:39+00:00,https://bilgewatermarket.com/cards/SFD-081,Card Sharp,nonfoil,0.30,https://bilgewatermarket.com/cards/SFD-081,normal,,¥1.08,$0.30,SFD-081,Card Sharp SFD-081/221 CN ¥1.08 EN $0.30
2026-09-03T19:41:39+00:00,https://bilgewatermarket.com/cards/SFD-082,"Ezreal, Dashing",nonfoil,0.20,https://bilgewatermarket.com/cards/SFD-082,normal,,¥0.50,$0.20,SFD-082,"Ezreal, Dashing SFD-082/221 CN ¥0.50 EN $0.20"
2026-09-03T19:41:39+00:00,https://bilgewatermarket.com/cards/SFD-082a?print_variation=showcase,"Ezreal, Dashing",nonfoil,1.43,https://bilgewatermarket.com/cards/SFD-082a?print_variation=showcase,showcase,,¥2.09,$1.43,SFD-082a,"Ezreal, Dashing SFD-082a/221 Showcase CN ¥2.09 EN $1.43"
2026-09-03T19:41:39+00:00,https://bilgewatermarket.com/cards/SFD-083,Hextech Anomaly,nonfoil,0.23,https://bilgewatermarket.com/cards/SFD-083,normal,,¥0.64,$0.23,SFD-083,Hextech Anomaly SFD-083/221 CN ¥0.64 EN $0.23
2026-09-03T19:41:39+00:00,https://bilgewatermarket.com/cards/SFD-084,"Jayce, Man of Progress",nonfoil,0.30,https://bilgewatermarket.com/cards/SFD-084,normal,,¥1.14,$0.30,SFD-084,"Jayce, Man of Progress SFD-084/221 CN ¥1.14 EN $0.30"
2026-09-03T19:41:39+00:00,https://bilgewatermarket.com/cards/SFD-085,"Ornn, Forge God",nonfoil,0.27,https://bilgewatermarket.com/cards/SFD-085,normal,,¥0.62,$0.27,SFD-085,"Ornn, Forge God SFD-085/221 CN ¥0.62 EN $0.27"
2026-09-03T19:41:39+00:00,https://bilgewatermarket.com/cards/SFD-085a?print_variation=showcase,"Ornn, Forge God",nonfoil,2.39,https://bilgewatermarket.com/cards/SFD-085a?print_variation=showcase,showcase,,¥3.87,$2.39,SFD-085a,"Ornn, Forge God SFD-085a/221 Showcase CN ¥3.87 EN $2.39"
2026-09-03T19:41:39+00:00,https://bilgewatermarket.com/cards/SFD-086,World Atlas,nonfoil,0.15,https://bilgewatermarket.com/cards/SFD-086,normal,,¥0.65,$0.15,SFD-086,World Atlas SFD-086/221 CN ¥0.65 EN $0.15
2026-09-03T19:41:39+00:00,https://bilgewatermarket.com/cards/SFD-087,Premonition,nonfoil,11.95,https://bilgewatermarket.com/cards/SFD-087,normal,,¥14.91,$11.95,SFD-087,Premonition SFD-087/221 CN ¥14.91 EN $11.95
2026-09-03T19:41:39+00:00,https://bilgewatermarket.com/cards/SFD-088,"Renata Glasc, Mastermind",nonfoil,1.09,https://bilgewatermarket.com/cards/SFD-088,normal,,¥1.68,$1.09,SFD-088,"Renata Glasc, Mastermind SFD-088/221 CN ¥1.68 EN $1.09"
2026-09-03T19:41:39+00:00,https://bilgewatermarket.com/cards/SFD-088a?print_variation=showcase,"Renata Glasc, Mastermind",nonfoil,2.66,https://bilgewatermarket.com/cards/SFD-088a?print_variation=showcase,showcase,,¥4.20,$2.66,SFD-088a,"Renata Glasc, Mastermind SFD-088a/221 Showcase CN ¥4.20 EN $2.66"
2026-09-03T19:41:39+00:00,https://bilgewatermarket.com/cards/SFD-089,"Rumble, Scrapper",nonfoil,0.69,https://bilgewatermarket.com/cards/SFD-089,normal,,¥1.04,$0.69,SFD-089,"Rumble, Scrapper SFD-089/221 CN ¥1.04 EN $0.69"
2026-09-03T19:41:39+00:00,https://bilgewatermarket.com/cards/SFD-089a?print_variation=showcase,"Rumble, Scrapper",nonfoil,2.13,https://bilgewatermarket.com/cards/SFD-089a?print_variation=showcase,showcase,,¥1.97,$2.13,SFD-089a,"Rumble, Scrapper SFD-089a/221 Showcase CN ¥1.97 EN $2.13"
2026-09-03T19:41:39+00:00,https://bilgewatermarket.com/cards/SFD-090,The Zero Drive,nonfoil,3.84,https://bilgewatermarket.com/cards/SFD-090,normal,,¥3.46,$3.84,SFD-090,The Zero Drive SFD-090/221 CN ¥3.46 EN $3.84
2026-09-03T19:41:39+00:00,https://bilgewatermarket.com/cards/SFD-091?print_variation=foiled,Buhru Captain,foil,0.17,https://bilgewatermarket.com/cards/SFD-091?print_variation=foiled,foiled,,¥0.50,$0.17,SFD-091,Buhru Captain SFD-091/221 Foiled CN ¥0.50 EN $0.17
2026-09-03T19:41:39+00:00,https://bilgewatermarket.com/cards/SFD-091,Buhru Captain,nonfoil,0.05,https://bilgewatermarket.com/cards/SFD-091,normal,,¥0.50,$0.05,SFD-091,Buhru Captain SFD-091/221 CN ¥0.50 EN $0.05
2026-09-03T19:41:39+00:00,https://bilgewatermarket.com/cards/SFD-092?print_variation=foiled,Combat Chef,foil,0.12,https://bilgewatermarket.com/cards/SFD-092?print_variation=foiled,foiled,,¥0.50,$0.12,SFD-092,Combat Chef SFD-092/221 Foiled CN ¥0.50 EN $0.12
2026-09-03T19:41:39+00:00,https://bilgewatermarket.com/cards/SFD-092,Combat Chef,nonfoil,0.03,https://bilgewatermarket.com/cards/SFD-092,normal,,¥0.50,$0.03,SFD-092,Combat Chef SFD-092/221 CN ¥0.50 EN $0.03
2026-09-03T19:41:39+00:00,https://bilgewatermarket.com/cards/SFD-093?print_variation=foiled,Dauntless Vanguard,foil,0.15,https://bilgewatermarket.com/cards/SFD-093?print_variation=foiled,foiled,,¥0.55,$0.15,SFD-093,Dauntless Vanguard SFD-093/221 Foiled CN ¥0.55 EN $0.15
2026-09-03T19:41:39+00:00,https://bilgewatermarket.com/cards/SFD-093,Dauntless Vanguard,nonfoil,0.09,https://bilgewatermarket.com/cards/SFD-093,normal,,¥0.50,$0.09,SFD-093,Dauntless Vanguard SFD-093/221 CN ¥0.50 EN $0.09
2026-09-03T19:41:39+00:00,https://bilgewatermarket.com/cards/SFD-094?print_variation=foiled,Direwing,foil,0.23,https://bilgewatermarket.com/cards/SFD-094?print_variation=foiled,foiled,,¥0.52,$0.23,SFD-094,Direwing SFD-094/221 Foiled CN ¥0.52 EN $0.23
2026-09-03T19:41:39+00:00,https://bilgewatermarket.com/cards/SFD-094,Direwing,nonfoil,0.07,https://bilgewatermarket.com/cards/SFD-094,normal,,¥0.50,$0.07,SFD-094,Direwing SFD-094/221 CN ¥0.50 EN $0.07
2026-09-03T19:41:39+00:00,https://bilgewatermarket.com/cards/SFD-095?print_variation=foiled,Doran's Blade,foil,0.22,https://bilgewatermarket.com/cards/SFD-095?print_variation=foiled,foiled,,¥1.00,$0.22,SFD-095,Doran's Blade SFD-095/221 Foiled CN ¥1.00 EN $0.22
2026-09-03T19:41:39+00:00,https://bilgewatermarket.com/cards/SFD-095,Doran's Blade,nonfoil,0.09,https://bilgewatermarket.com/cards/SFD-095,normal,,¥0.50,$0.09,SFD-095,Doran's Blade SFD-095/221 CN ¥0.50 EN $0.09
2026-09-03T19:41:39+00:00,https://bilgewatermarket.com/cards/SFD-096?print_variation=foiled,Laurent Bladekeeper,foil,0.15,https://bilgewatermarket.com/cards/SFD-096?print_variation=foiled,foiled,,¥0.50,$0.15,SFD-096,Laurent Bladekeeper SFD-096/221 Foiled CN ¥0.50 EN $0.15
2026-09-03T19:41:39+00:00,https://bilgewatermarket.com/cards/SFD-096,Laurent Bladekeeper,nonfoil,0.07,https://bilgewatermarket.com/cards/SFD-096,normal,,¥0.50,$0.07,SFD-096,Laurent Bladekeeper SFD-096/221 CN ¥0.50 EN $0.07
2026-09-03T19:41:39+00:00,https://bilgewatermarket.com/cards/SFD-097?print_variation=foiled,Punch First,foil,2.00,https://bilgewatermarket.com/cards/SFD-097?print_variation=foiled,foiled,,¥2.55,$2.00,SFD-097,Punch First SFD-097/221 Foiled CN ¥2.55 EN $2.00
2026-09-03T19:41:39+00:00,https://bilgewatermarket.com/cards/SFD-097,Punch First,nonfoil,0.19,https://bilgewatermarket.com/cards/SFD-097,normal,,¥0.70,$0.19,SFD-097,Punch First SFD-097/221 CN ¥0.70 EN $0.19
2026-09-03T19:41:39+00:00,https://bilgewatermarket.com/cards/SFD-098?print_variation=foiled,Sea Monkey,foil,0.21,https://bilgewatermarket.com/cards/SFD-098?print_variation=foiled,foiled,,¥1.02,$0.21,SFD-098,Sea Monkey SFD-098/221 Foiled CN ¥1.02 EN $0.21
2026-09-03T19:41:39+00:00,https://bilgewatermarket.com/cards/SFD-098,Sea Monkey,nonfoil,0.09,https://bilgewatermarket.com/cards/SFD-098,normal,,¥0.53,$0.09,SFD-098,Sea Monkey SFD-098/221 CN ¥0.53 EN $0.09
2026-09-03T19:41:39+00:00,https://bilgewatermarket.com/cards/SFD-099?print_variation=foiled,Veteran Poro,foil,0.22,https://bilgewatermarket.com/cards/SFD-099?print_variation=foiled,foiled,,¥0.51,$0.22,SFD-099,Veteran Poro SFD-099/221 Foiled CN ¥0.51 EN $0.22
2026-09-03T19:41:39+00:00,https://bilgewatermarket.com/cards/SFD-099,Veteran Poro,nonfoil,0.10,https://bilgewatermarket.com/cards/SFD-099,normal,,¥0.50,$0.10,SFD-099,Veteran Poro SFD-099/221 CN ¥0.50 EN $0.10
2026-09-03T19:41:39+00:00,https://bilgewatermarket.com/cards/SFD-100?print_variation=foiled,Yordle Explorer,foil,0.18,https://bilgewatermarket.com/cards/SFD-100?print_variation=foiled,foiled,,¥0.50,$0.18,SFD-100,Yordle Explorer SFD-100/221 Foiled CN ¥0.50 EN $0.18
2026-09-03T19:41:39+00:00,https://bilgewatermarket.com/cards/SFD-100,Yordle Explorer,nonfoil,0.05,https://bilgewatermarket.com/cards/SFD-100,normal,,¥0.50,$0.05,SFD-100,Yordle Explorer SFD-100/221 CN ¥0.50 EN $0.05
2026-09-03T19:41:39+00:00,https://bilgewatermarket.com/cards/SFD-101?print_variation=foiled,Fae Dragon,foil,0.37,https://bilgewatermarket.com/cards/SFD-101?print_variation=foiled,foiled,,¥1.27,$0.37,SFD-101,Fae Dragon SFD-101/221 Foiled CN ¥1.27 EN $0.37
2026-09-03T19:41:39+00:00,https://bilgewatermarket.com/cards/SFD-101,Fae Dragon,nonfoil,0.14,https://bilgewatermarket.com/cards/SFD-101,normal,,¥0.52,$0.14,SFD-101,Fae Dragon SFD-101/221 CN ¥0.52 EN $0.14
2026-09-03T19:41:39+00:00,https://bilgewatermarket.com/cards/SFD-102?print_variation=foiled,Hexdrinker,foil,0.26,https://bilgewatermarket.com/cards/SFD-102?print_variation=foiled,foiled,,¥0.75,$0.26,SFD-102,Hexdrinker SFD-102/221 Foiled CN ¥0.75 EN $0.26
2026-09-03T19:41:39+00:00,https://bilgewatermarket.com/cards/SFD-102,Hexdrinker,nonfoil,0.08,https://bilgewatermarket.com/cards/SFD-102,normal,,¥0.50,$0.08,SFD-102,Hexdrinker SFD-102/221 CN ¥0.50 EN $0.08
2026-09-03T19:41:39+00:00,https://bilgewatermarket.com/cards/SFD-103?print_variation=foiled,Jaull-Fish,foil,0.25,https://bilgewatermarket.com/cards/SFD-103?print_variation=foiled,foiled,,¥0.68,$0.25,SFD-103,Jaull-Fish SFD-103/221 Foiled CN ¥0.68 EN $0.25
2026-09-03T19:41:39+00:00,https://bilgewatermarket.com/cards/SFD-103,Jaull-Fish,nonfoil,0.09,https://bilgewatermarket.com/cards/SFD-103,normal,,¥0.50,$0.09,SFD-103,Jaull-Fish SFD-103/221 CN ¥0.50 EN $0.09
2026-09-03T19:41:39+00:00,https://bilgewatermarket.com/cards/SFD-104?print_variation=foiled,Petricite Monument,foil,0.22,https://bilgewatermarket.com/cards/SFD-104?print_variation=foiled,foiled,,¥0.75,$0.22,SFD-104,Petricite Monument SFD-104/221 Foiled CN ¥0.75 EN $0.22
2026-09-03T19:41:39+00:00,https://bilgewatermarket.com/cards/SFD-104,Petricite Monument,nonfoil,0.07,https://bilgewatermarket.com/cards/SFD-104,normal,,¥0.50,$0.07,SFD-104,Petricite Monument SFD-104/221 CN ¥0.50 EN $0.07
2026-09-03T19:41:39+00:00,https://bilgewatermarket.com/cards/SFD-105?print_variation=foiled,Ruin Runner,foil,3.03,https://bilgewatermarket.com/cards/SFD-105?print_variation=foiled,foiled,,¥3.86,$3.03,SFD-105,Ruin Runner SFD-105/221 Foiled CN ¥3.86 EN $3.03
2026-09-03T19:41:39+00:00,https://bilgewatermarket.com/cards/SFD-105,Ruin Runner,nonfoil,0.47,https://bilgewatermarket.com/cards/SFD-105,normal,,¥1.48,$0.47,SFD-105,Ruin Runner SFD-105/221 CN ¥1.48 EN $0.47
2026-09-03T19:41:39+00:00,https://bilgewatermarket.com/cards/SFD-106?print_variation=foiled,Show of Strength,foil,0.40,https://bilgewatermarket.com/cards/SFD-106?print_variation=foiled,foiled,,¥0.91,$0.40,SFD-106,Show of Strength SFD-106/221 Foiled CN ¥0.91 EN $0.40
2026-09-03T19:41:39+00:00,https://bilgewatermarket.com/cards/SFD-106,Show of Strength,nonfoil,0.14,https://bilgewatermarket.com/cards/SFD-106,normal,,¥0.50,$0.14,SFD-106,Show of Strength SFD-106/221 CN ¥0.50 EN $0.14
2026-09-03T19:41:39+00:00,https://bilgewatermarket.com/cards/SFD-107?print_variation=foiled,Strike Down,foil,0.29,https://bilgewatermarket.com/cards/SFD-107?print_variation=foiled,foiled,,¥0.71,$0.29,SFD-107,Strike Down SFD-107/221 Foiled CN ¥0.71 EN $0.29
2026-09-03T19:41:39+00:00,https://bilgewatermarket.com/cards/SFD-107,Strike Down,nonfoil,0.11,https://bilgewatermarket.com/cards/SFD-107,normal,,¥0.50,$0.11,SFD-107,Strike Down SFD-107/221 CN ¥0.50 EN $0.11
2026-09-03T19:41:39+00:00,https://bilgewatermarket.com/cards/SFD-108?print_variation=foiled,Warmog's Armor,foil,0.23,https://bilgewatermarket.com/cards/SFD-108?print_variation=foiled,foiled,,¥1.02,$0.23,SFD-108,Warmog's Armor SFD-108/221 Foiled CN ¥1.02 EN $0.23
2026-09-03T19:41:39+00:00,https://bilgewatermarket.com/cards/SFD-108,Warmog's Armor,nonfoil,0.12,https://bilgewatermarket.com/cards/SFD-108,normal,,¥0.69,$0.12,SFD-108,Warmog's Armor SFD-108/221 CN ¥0.69 EN $0.12
2026-09-03T19:41:39+00:00,https://bilgewatermarket.com/cards/SFD-109,"Akshan, Mischievous",nonfoil,1.12,https://bilgewatermarket.com/cards/SFD-109,normal,,¥2.73,$1.12,SFD-109,"Akshan, Mischievous SFD-109/221 CN ¥2.73 EN $1.12"
2026-09-03T19:41:39+00:00,https://bilgewatermarket.com/cards/SFD-110,"Fiora, Peerless",nonfoil,0.21,https://bilgewatermarket.com/cards/SFD-110,normal,,¥0.97,$0.21,SFD-110,"Fiora, Peerless SFD-110/221 CN ¥0.97 EN $0.21"
2026-09-03T19:41:39+00:00,https://bilgewatermarket.com/cards/SFD-110a?print_variation=showcase,"Fiora, Peerless",nonfoil,3.35,https://bilgewatermarket.com/cards/SFD-110a?print_variation=showcase,showcase,,¥5.24,$3.35,SFD-110a,"Fiora, Peerless SFD-110a/221 Showcase CN ¥5.24 EN $3.35"
2026-09-03T19:41:39+00:00,https://bilgewatermarket.com/cards/SFD-111,Here to Help,nonfoil,0.21,https://bilgewatermarket.com/cards/SFD-111,normal,,¥0.55,$0.21,SFD-111,Here to Help SFD-111/221 CN ¥0.55 EN $0.21
2026-09-03T19:41:39+00:00,https://bilgewatermarket.com/cards/SFD-112,Kato the Arm,nonfoil,0.14,https://bilgewatermarket.com/cards/SFD-112,normal,,¥0.50,$0.14,SFD-112,Kato the Arm SFD-112/221 CN ¥0.50 EN $0.14
2026-09-03T19:41:39+00:00,https://bilgewatermarket.com/cards/SFD-113,"Lucian, Merciless",nonfoil,0.29,https://bilgewatermarket.com/cards/SFD-113,normal,,¥1.12,$0.29,SFD-113,"Lucian, Merciless SFD-113/221 CN ¥1.12 EN $0.29"
2026-09-03T19:41:39+00:00,https://bilgewatermarket.com/cards/SFD-113a?print_variation=showcase,"Lucian, Merciless",nonfoil,4.31,https://bilgewatermarket.com/cards/SFD-113a?print_variation=showcase,showcase,,¥7.48,$4.31,SFD-113a,"Lucian, Merciless SFD-113a/221 Showcase CN ¥7.48 EN $4.31"
2026-09-03T19:41:39+00:00,https://bilgewatermarket.com/cards/SFD-114,Marching Orders,nonfoil,0.19,https://bilgewatermarket.com/cards/SFD-114,normal,,¥0.51,$0.19,SFD-114,Marching Orders SFD-114/221 CN ¥0.51 EN $0.19
2026-09-03T19:41:39+00:00,https://bilgewatermarket.com/cards/SFD-115,Trinity Force,nonfoil,0.38,https://bilgewatermarket.com/cards/SFD-115,normal,,¥1.01,$0.38,SFD-115,Trinity Force SFD-115/221 CN ¥1.01 EN $0.38
2026-09-03T19:41:39+00:00,https://bilgewatermarket.com/cards/SFD-116,"Yone, Blademaster",nonfoil,0.23,https://bilgewatermarket.com/cards/SFD-116,normal,,¥0.59,$0.23,SFD-116,"Yone, Blademaster SFD-116/221 CN ¥0.59 EN $0.23"
2026-09-03T19:41:39+00:00,https://bilgewatermarket.com/cards/SFD-117,Ancient Henge,nonfoil,1.06,https://bilgewatermarket.com/cards/SFD-117,normal,,¥2.18,$1.06,SFD-117,Ancient Henge SFD-117/221 CN ¥2.18 EN $1.06
2026-09-03T19:41:39+00:00,https://bilgewatermarket.com/cards/SFD-118,Boneshiver,nonfoil,3.56,https://bilgewatermarket.com/cards/SFD-118,normal,,¥10.45,$3.56,SFD-118,Boneshiver SFD-118/221 CN ¥10.45 EN $3.56
2026-09-03T19:41:39+00:00,https://bilgewatermarket.com/cards/SFD-119,"Jax, Unrelenting",nonfoil,0.78,https://bilgewatermarket.com/cards/SFD-119,normal,,¥1.08,$0.78,SFD-119,"Jax, Unrelenting SFD-119/221 CN ¥1.08 EN $0.78"
2026-09-03T19:41:39+00:00,https://bilgewatermarket.com/cards/SFD-119a?print_variation=showcase,"Jax, Unrelenting",nonfoil,1.29,https://bilgewatermarket.com/cards/SFD-119a?print_variation=showcase,showcase,,¥1.41,$1.29,SFD-119a,"Jax, Unrelenting SFD-119a/221 Showcase CN ¥1.41 EN $1.29"
2026-09-03T19:41:39+00:00,https://bilgewatermarket.com/cards/SFD-120,"Sivir, Ambitious",nonfoil,0.39,https://bilgewatermarket.com/cards/SFD-120,normal,,¥0.69,$0.39,SFD-120,"Sivir, Ambitious SFD-120/221 CN ¥0.69 EN $0.39"
2026-09-03T19:41:39+00:00,https://bilgewatermarket.com/cards/SFD-120a?print_variation=showcase,"Sivir, Ambitious",nonfoil,1.33,https://bilgewatermarket.com/cards/SFD-120a?print_variation=showcase,showcase,,¥1.70,$1.33,SFD-120a,"Sivir, Ambitious SFD-120a/221 Showcase CN ¥1.70 EN $1.33"
2026-09-03T19:41:39+00:00,https://bilgewatermarket.com/cards/SFD-121?print_variation=foiled,Black Market Broker,foil,0.17,https://bilgewatermarket.com/cards/SFD-121?print_variation=foiled,foiled,,¥0.50,$0.17,SFD-121,Black Market Broker SFD-121/221 Foiled CN ¥0.50 EN $0.17
2026-09-03T19:41:39+00:00,https://bilgewatermarket.com/cards/SFD-121,Black Market Broker,nonfoil,0.06,https://bilgewatermarket.com/cards/SFD-121,normal,,¥0.50,$0.06,SFD-121,Black Market Broker SFD-121/221 CN ¥0.50 EN $0.06
2026-09-03T19:41:39+00:00,https://bilgewatermarket.com/cards/SFD-122?print_variation=foiled,Called Shot,foil,0.35,https://bilgewatermarket.com/cards/SFD-122?print_variation=foiled,foiled,,¥1.00,$0.35,SFD-122,Called Shot SFD-122/221 Foiled CN ¥1.00 EN $0.35
2026-09-03T19:41:39+00:00,https://bilgewatermarket.com/cards/SFD-122,Called Shot,nonfoil,0.11,https://bilgewatermarket.com/cards/SFD-122,normal,,¥0.50,$0.11,SFD-122,Called Shot SFD-122/221 CN ¥0.50 EN $0.11
2026-09-03T19:41:39+00:00,https://bilgewatermarket.com/cards/SFD-123?print_variation=foiled,Corrupt Enforcer,foil,0.17,https://bilgewatermarket.com/cards/SFD-123?print_variation=foiled,foiled,,¥0.50,$0.17,SFD-123,Corrupt Enforcer SFD-123/221 Foiled CN ¥0.50 EN $0.17
2026-09-03T19:41:39+00:00,https://bilgewatermarket.com/cards/SFD-123,Corrupt Enforcer,nonfoil,0.04,https://bilgewatermarket.com/cards/SFD-123,normal,,¥0.50,$0.04,SFD-123,Corrupt Enforcer SFD-123/221 CN ¥0.50 EN $0.04
2026-09-03T19:41:39+00:00,https://bilgewatermarket.com/cards/SFD-124?print_variation=foiled,Doran's Ring,foil,0.16,https://bilgewatermarket.com/cards/SFD-124?print_variation=foiled,foiled,,¥0.53,$0.16,SFD-124,Doran's Ring SFD-124/221 Foiled CN ¥0.53 EN $0.16
2026-09-03T19:41:39+00:00,https://bilgewatermarket.com/cards/SFD-124,Doran's Ring,nonfoil,0.05,https://bilgewatermarket.com/cards/SFD-124,normal,,¥0.50,$0.05,SFD-124,Doran's Ring SFD-124/221 CN ¥0.50 EN $0.05
2026-09-03T19:41:39+00:00,https://bilgewatermarket.com/cards/SFD-125?print_variation=foiled,Fae Porter,foil,0.19,https://bilgewatermarket.com/cards/SFD-125?print_variation=foiled,foiled,,¥0.50,$0.19,SFD-125,Fae Porter SFD-125/221 Foiled CN ¥0.50 EN $0.19
2026-09-03T19:41:39+00:00,https://bilgewatermarket.com/cards/SFD-125,Fae Porter,nonfoil,0.05,https://bilgewatermarket.com/cards/SFD-125,normal,,¥0.50,$0.05,SFD-125,Fae Porter SFD-125/221 CN ¥0.50 EN $0.05
2026-09-03T19:41:39+00:00,https://bilgewatermarket.com/cards/SFD-126?print_variation=foiled,Loyal Pup,foil,0.22,https://bilgewatermarket.com/cards/SFD-126?print_variation=foiled,foiled,,¥0.50,$0.22,SFD-126,Loyal Pup SFD-126/221 Foiled CN ¥0.50 EN $0.22
2026-09-03T19:41:39+00:00,https://bilgewatermarket.com/cards/SFD-126,Loyal Pup,nonfoil,0.06,https://bilgewatermarket.com/cards/SFD-126,normal,,¥0.50,$0.06,SFD-126,Loyal Pup SFD-126/221 CN ¥0.50 EN $0.06
2026-09-03T19:41:39+00:00,https://bilgewatermarket.com/cards/SFD-127?print_variation=foiled,Master Bingwen,foil,0.15,https://bilgewatermarket.com/cards/SFD-127?print_variation=foiled,foiled,,¥0.50,$0.15,SFD-127,Master Bingwen SFD-127/221 Foiled CN ¥0.50 EN $0.15
2026-09-03T19:41:39+00:00,https://bilgewatermarket.com/cards/SFD-127,Master Bingwen,nonfoil,0.03,https://bilgewatermarket.com/cards/SFD-127,normal,,¥0.40,$0.03,SFD-127,Master Bingwen SFD-127/221 CN ¥0.40 EN $0.03
2026-09-03T19:41:39+00:00,https://bilgewatermarket.com/cards/SFD-128?print_variation=foiled,Overzealous Fan,foil,0.37,https://bilgewatermarket.com/cards/SFD-128?print_variation=foiled,foiled,,¥1.74,$0.37,SFD-128,Overzealous Fan SFD-128/221 Foiled CN ¥1.74 EN $0.37
2026-09-03T19:41:39+00:00,https://bilgewatermarket.com/cards/SFD-128,Overzealous Fan,nonfoil,0.14,https://bilgewatermarket.com/cards/SFD-128,normal,,¥0.55,$0.14,SFD-128,Overzealous Fan SFD-128/221 CN ¥0.55 EN $0.14
2026-09-03T19:41:39+00:00,https://bilgewatermarket.com/cards/SFD-129?print_variation=foiled,Temptation,foil,0.13,https://bilgewatermarket.com/cards/SFD-129?print_variation=foiled,foiled,,¥0.50,$0.13,SFD-129,Temptation SFD-129/221 Foiled CN ¥0.50 EN $0.13
2026-09-03T19:41:39+00:00,https://bilgewatermarket.com/cards/SFD-129,Temptation,nonfoil,0.06,https://bilgewatermarket.com/cards/SFD-129,normal,,¥0.50,$0.06,SFD-129,Temptation SFD-129/221 CN ¥0.50 EN $0.06
2026-09-03T19:41:39+00:00,https://bilgewatermarket.com/cards/SFD-130?print_variation=foiled,Treasure Hunter,foil,0.27,https://bilgewatermarket.com/cards/SFD-130?print_variation=foiled,foiled,,¥1.63,$0.27,SFD-130,Treasure Hunter SFD-130/221 Foiled CN ¥1.63 EN $0.27
2026-09-03T19:41:39+00:00,https://bilgewatermarket.com/cards/SFD-130,Treasure Hunter,nonfoil,0.16,https://bilgewatermarket.com/cards/SFD-130,normal,,¥0.55,$0.16,SFD-130,Treasure Hunter SFD-130/221 CN ¥0.55 EN $0.16
2026-09-03T19:41:39+00:00,https://bilgewatermarket.com/cards/SFD-131?print_variation=foiled,Ancient Warmonger,foil,0.23,https://bilgewatermarket.com/cards/SFD-131?print_variation=foiled,foiled,,¥0.50,$0.23,SFD-131,Ancient Warmonger SFD-131/221 Foiled CN ¥0.50 EN $0.23
2026-09-03T19:41:39+00:00,https://bilgewatermarket.com/cards/SFD-131,Ancient Warmonger,nonfoil,0.09,https://bilgewatermarket.com/cards/SFD-131,normal,,¥0.50,$0.09,SFD-131,Ancient Warmonger SFD-131/221 CN ¥0.50 EN $0.09
2026-09-03T19:41:39+00:00,https://bilgewatermarket.com/cards/SFD-132?print_variation=foiled,Beast Below,foil,0.30,https://bilgewatermarket.com/cards/SFD-132?print_variation=foiled,foiled,,¥0.51,$0.30,SFD-132,Beast Below SFD-132/221 Foiled CN ¥0.51 EN $0.30
2026-09-03T19:41:39+00:00,https://bilgewatermarket.com/cards/SFD-132,Beast Below,nonfoil,0.11,https://bilgewatermarket.com/cards/SFD-132,normal,,¥0.70,$0.11,SFD-132,Beast Below SFD-132/221 CN ¥0.70 EN $0.11
2026-09-03T19:41:39+00:00,https://bilgewatermarket.com/cards/SFD-133?print_variation=foiled,Boots of Swiftness,foil,2.17,https://bilgewatermarket.com/cards/SFD-133?print_variation=foiled,foiled,,¥4.60,$2.17,SFD-133,Boots of Swiftness SFD-133/221 Foiled CN ¥4.60 EN $2.17
2026-09-03T19:41:39+00:00,https://bilgewatermarket.com/cards/SFD-133,Boots of Swiftness,nonfoil,0.51,https://bilgewatermarket.com/cards/SFD-133,normal,,¥1.27,$0.51,SFD-133,Boots of Swiftness SFD-133/221 CN ¥1.27 EN $0.51
2026-09-03T19:41:39+00:00,https://bilgewatermarket.com/cards/SFD-134?print_variation=foiled,Cull,foil,0.35,https://bilgewatermarket.com/cards/SFD-134?print_variation=foiled,foiled,,¥1.05,$0.35,SFD-134,Cull SFD-134/221 Foiled CN ¥1.05 EN $0.35
2026-09-03T19:41:39+00:00,https://bilgewatermarket.com/cards/SFD-134,Cull,nonfoil,0.11,https://bilgewatermarket.com/cards/SFD-134,normal,,¥0.67,$0.11,SFD-134,Cull SFD-134/221 CN ¥0.67 EN $0.11
2026-09-03T19:41:39+00:00,https://bilgewatermarket.com/cards/SFD-135?print_variation=foiled,Factory Recall,foil,0.30,https://bilgewatermarket.com/cards/SFD-135?print_variation=foiled,foiled,,¥1.71,$0.30,SFD-135,Factory Recall SFD-135/221 Foiled CN ¥1.71 EN $0.30
2026-09-03T19:41:39+00:00,https://bilgewatermarket.com/cards/SFD-135,Factory Recall,nonfoil,0.08,https://bilgewatermarket.com/cards/SFD-135,normal,,¥0.83,$0.08,SFD-135,Factory Recall SFD-135/221 CN ¥0.83 EN $0.08
2026-09-03T19:41:39+00:00,https://bilgewatermarket.com/cards/SFD-136?print_variation=foiled,Hard Bargain,foil,5.10,https://bilgewatermarket.com/cards/SFD-136?print_variation=foiled,foiled,,¥6.47,$5.10,SFD-136,Hard Bargain SFD-136/221 Foiled CN ¥6.47 EN $5.10
2026-09-03T19:41:39+00:00,https://bilgewatermarket.com/cards/SFD-136,Hard Bargain,nonfoil,1.63,https://bilgewatermarket.com/cards/SFD-136,normal,,¥2.45,$1.63,SFD-136,Hard Bargain SFD-136/221 CN ¥2.45 EN $1.63
2026-09-03T19:41:39+00:00,https://bilgewatermarket.com/cards/SFD-137?print_variation=foiled,Harpoon Squad,foil,0.29,https://bilgewatermarket.com/cards/SFD-137?print_variation=foiled,foiled,,¥0.50,$0.29,SFD-137,Harpoon Squad SFD-137/221 Foiled CN ¥0.50 EN $0.29
2026-09-03T19:41:39+00:00,https://bilgewatermarket.com/cards/SFD-137,Harpoon Squad,nonfoil,0.06,https://bilgewatermarket.com/cards/SFD-137,normal,,¥0.98,$0.06,SFD-137,Harpoon Squad SFD-137/221 CN ¥0.98 EN $0.06
2026-09-03T19:41:39+00:00,https://bilgewatermarket.com/cards/SFD-138?print_variation=foiled,Windsinger,foil,0.53,https://bilgewatermarket.com/cards/SFD-138?print_variation=foiled,foiled,,¥0.89,$0.53,SFD-138,Windsinger SFD-138/221 Foiled CN ¥0.89 EN $0.53
2026-09-03T19:41:39+00:00,https://bilgewatermarket.com/cards/SFD-138,Windsinger,nonfoil,0.22,https://bilgewatermarket.com/cards/SFD-138,normal,,¥0.58,$0.22,SFD-138,Windsinger SFD-138/221 CN ¥0.58 EN $0.22
2026-09-03T19:41:39+00:00,https://bilgewatermarket.com/cards/SFD-139,Edge of Night,nonfoil,0.33,https://bilgewatermarket.com/cards/SFD-139,normal,,¥2.14,$0.33,SFD-139,Edge of Night SFD-139/221 CN ¥2.14 EN $0.33
2026-09-03T19:41:39+00:00,https://bilgewatermarket.com/cards/SFD-140,"Fizz, Trickster",nonfoil,6.70,https://bilgewatermarket.com/cards/SFD-140,normal,,¥5.93,$6.70,SFD-140,"Fizz, Trickster SFD-140/221 CN ¥5.93 EN $6.70"
2026-09-03T19:41:39+00:00,https://bilgewatermarket.com/cards/SFD-141,"Irelia, Graceful",nonfoil,0.21,https://bilgewatermarket.com/cards/SFD-141,normal,,¥0.50,$0.21,SFD-141,"Irelia, Graceful SFD-141/221 CN ¥0.50 EN $0.21"
2026-09-03T19:41:39+00:00,https://bilgewatermarket.com/cards/SFD-141a?print_variation=showcase,"Irelia, Graceful",nonfoil,2.12,https://bilgewatermarket.com/cards/SFD-141a?print_variation=showcase,showcase,,¥4.05,$2.12,SFD-141a,"Irelia, Graceful SFD-141a/221 Showcase CN ¥4.05 EN $2.12"
2026-09-03T19:41:39+00:00,https://bilgewatermarket.com/cards/SFD-142,Jae Medarda,nonfoil,0.10,https://bilgewatermarket.com/cards/SFD-142,normal,,¥0.50,$0.10,SFD-142,Jae Medarda SFD-142/221 CN ¥0.50 EN $0.10
2026-09-03T19:41:39+00:00,https://bilgewatermarket.com/cards/SFD-143,"Sivir, Mercenary",nonfoil,0.19,https://bilgewatermarket.com/cards/SFD-143,normal,,¥0.65,$0.19,SFD-143,"Sivir, Mercenary SFD-143/221 CN ¥0.65 EN $0.19"
2026-09-03T19:41:39+00:00,https://bilgewatermarket.com/cards/SFD-143a?print_variation=showcase,"Sivir, Mercenary",nonfoil,1.21,https://bilgewatermarket.com/cards/SFD-143a?print_variation=showcase,showcase,,¥2.93,$1.21,SFD-143a,"Sivir, Mercenary SFD-143a/221 Showcase CN ¥2.93 EN $1.21"
2026-09-03T19:41:39+00:00,https://bilgewatermarket.com/cards/SFD-144,Spirit Wheel,nonfoil,0.17,https://bilgewatermarket.com/cards/SFD-144,normal,,¥0.73,$0.17,SFD-144,Spirit Wheel SFD-144/221 CN ¥0.73 EN $0.17
2026-09-03T19:41:39+00:00,https://bilgewatermarket.com/cards/SFD-145,Switcheroo,nonfoil,3.18,https://bilgewatermarket.com/cards/SFD-145,normal,,¥3.38,$3.18,SFD-145,Switcheroo SFD-145/221 CN ¥3.38 EN $3.18
2026-09-03T19:41:39+00:00,https://bilgewatermarket.com/cards/SFD-146,"Vex, Cheerless",nonfoil,0.34,https://bilgewatermarket.com/cards/SFD-146,normal,,¥1.80,$0.34,SFD-146,"Vex, Cheerless SFD-146/221 CN ¥1.80 EN $0.34"
2026-09-03T19:41:39+00:00,https://bilgewatermarket.com/cards/SFD-147,Downwell,nonfoil,5.06,https://bilgewatermarket.com/cards/SFD-147,normal,,¥16.68,$5.06,SFD-147,Downwell SFD-147/221 CN ¥16.68 EN $5.06
2026-09-03T19:41:39+00:00,https://bilgewatermarket.com/cards/SFD-148,"Draven, Audacious",nonfoil,1.18,https://bilgewatermarket.com/cards/SFD-148,normal,,¥9.89,$1.18,SFD-148,"Draven, Audacious SFD-148/221 CN ¥9.89 EN $1.18"
2026-09-03T19:41:39+00:00,https://bilgewatermarket.com/cards/SFD-148a?print_variation=showcase,"Draven, Audacious",nonfoil,1.90,https://bilgewatermarket.com/cards/SFD-148a?print_variation=showcase,showcase,,¥15.68,$1.90,SFD-148a,"Draven, Audacious SFD-148a/221 Showcase CN ¥15.68 EN $1.90"
2026-09-03T19:41:39+00:00,https://bilgewatermarket.com/cards/SFD-149,"Ezreal, Prodigy",nonfoil,5.94,https://bilgewatermarket.com/cards/SFD-149,normal,,¥34.90,$5.94,SFD-149,"Ezreal, Prodigy SFD-149/221 CN ¥34.90 EN $5.94"
2026-09-03T19:41:39+00:00,https://bilgewatermarket.com/cards/SFD-149a?print_variation=showcase,"Ezreal, Prodigy",nonfoil,7.47,https://bilgewatermarket.com/cards/SFD-149a?print_variation=showcase,showcase,,¥35.00,$7.47,SFD-149a,"Ezreal, Prodigy SFD-149a/221 Showcase CN ¥35.00 EN $7.47"
2026-09-03T19:41:39+00:00,https://bilgewatermarket.com/cards/SFD-150,Last Rites,nonfoil,53.87,https://bilgewatermarket.com/cards/SFD-150,normal,,¥91.84,$53.87,SFD-150,Last Rites SFD-150/221 CN ¥91.84 EN $53.87
2026-09-03T19:41:39+00:00,https://bilgewatermarket.com/cards/SFD-151?print_variation=foiled,Bonds of Strength,foil,0.18,https://bilgewatermarket.com/cards/SFD-151?print_variation=foiled,foiled,,¥0.53,$0.18,SFD-151,Bonds of Strength SFD-151/221 Foiled CN ¥0.53 EN $0.18
2026-09-03T19:41:39+00:00,https://bilgewatermarket.com/cards/SFD-151,Bonds of Strength,nonfoil,0.07,https://bilgewatermarket.com/cards/SFD-151,normal,,¥0.50,$0.07,SFD-151,Bonds of Strength SFD-151/221 CN ¥0.50 EN $0.07
2026-09-03T19:41:39+00:00,https://bilgewatermarket.com/cards/SFD-152?print_variation=foiled,Eminent Benefactor,foil,0.17,https://bilgewatermarket.com/cards/SFD-152?print_variation=foiled,foiled,,¥0.50,$0.17,SFD-152,Eminent Benefactor SFD-152/221 Foiled CN ¥0.50 EN $0.17
2026-09-03T19:41:39+00:00,https://bilgewatermarket.com/cards/SFD-152,Eminent Benefactor,nonfoil,0.04,https://bilgewatermarket.com/cards/SFD-152,normal,,¥0.50,$0.04,SFD-152,Eminent Benefactor SFD-152/221 CN ¥0.50 EN $0.04
2026-09-03T19:41:39+00:00,https://bilgewatermarket.com/cards/SFD-153?print_variation=foiled,Eye of the Herald,foil,0.28,https://bilgewatermarket.com/cards/SFD-153?print_variation=foiled,foiled,,¥0.75,$0.28,SFD-153,Eye of the Herald SFD-153/221 Foiled CN ¥0.75 EN $0.28
2026-09-03T19:41:39+00:00,https://bilgewatermarket.com/cards/SFD-153,Eye of the Herald,nonfoil,0.11,https://bilgewatermarket.com/cards/SFD-153,normal,,¥0.54,$0.11,SFD-153,Eye of the Herald SFD-153/221 CN ¥0.54 EN $0.11
2026-09-03T19:41:39+00:00,https://bilgewatermarket.com/cards/SFD-154?print_variation=foiled,Guards!,foil,0.30,https://bilgewatermarket.com/cards/SFD-154?print_variation=foiled,foiled,,¥1.19,$0.30,SFD-154,Guards! SFD-154/221 Foiled CN ¥1.19 EN $0.30
2026-09-03T19:41:39+00:00,https://bilgewatermarket.com/cards/SFD-154,Guards!,nonfoil,0.13,https://bilgewatermarket.com/cards/SFD-154,normal,,¥0.58,$0.13,SFD-154,Guards! SFD-154/221 CN ¥0.58 EN $0.13
2026-09-03T19:41:39+00:00,https://bilgewatermarket.com/cards/SFD-155?print_variation=foiled,Honest Broker,foil,0.34,https://bilgewatermarket.com/cards/SFD-155?print_variation=foiled,foiled,,¥1.39,$0.34,SFD-155,Honest Broker SFD-155/221 Foiled CN ¥1.39 EN $0.34
2026-09-03T19:41:39+00:00,https://bilgewatermarket.com/cards/SFD-155,Honest Broker,nonfoil,0.17,https://bilgewatermarket.com/cards/SFD-155,normal,,¥0.54,$0.17,SFD-155,Honest Broker SFD-155/221 CN ¥0.54 EN $0.17
2026-09-03T19:41:39+00:00,https://bilgewatermarket.com/cards/SFD-156?print_variation=foiled,Laurent Duelist,foil,0.17,https://bilgewatermarket.com/cards/SFD-156?print_variation=foiled,foiled,,¥0.50,$0.17,SFD-156,Laurent Duelist SFD-156/221 Foiled CN ¥0.50 EN $0.17
2026-09-03T19:41:39+00:00,https://bilgewatermarket.com/cards/SFD-156,Laurent Duelist,nonfoil,0.03,https://bilgewatermarket.com/cards/SFD-156,normal,,¥0.50,$0.03,SFD-156,Laurent Duelist SFD-156/221 CN ¥0.50 EN $0.03
2026-09-03T19:41:39+00:00,https://bilgewatermarket.com/cards/SFD-157?print_variation=foiled,Royal Guard,foil,0.17,https://bilgewatermarket.com/cards/SFD-157?print_variation=foiled,foiled,,¥0.50,$0.17,SFD-157,Royal Guard SFD-157/221 Foiled CN ¥0.50 EN $0.17
2026-09-03T19:41:39+00:00,https://bilgewatermarket.com/cards/SFD-157,Royal Guard,nonfoil,0.06,https://bilgewatermarket.com/cards/SFD-157,normal,,¥0.50,$0.06,SFD-157,Royal Guard SFD-157/221 CN ¥0.50 EN $0.06
2026-09-03T19:41:39+00:00,https://bilgewatermarket.com/cards/SFD-158?print_variation=foiled,Sandshifter,foil,0.18,https://bilgewatermarket.com/cards/SFD-158?print_variation=foiled,foiled,,¥0.50,$0.18,SFD-158,Sandshifter SFD-158/221 Foiled CN ¥0.50 EN $0.18
2026-09-03T19:41:39+00:00,https://bilgewatermarket.com/cards/SFD-158,Sandshifter,nonfoil,0.05,https://bilgewatermarket.com/cards/SFD-158,normal,,¥0.51,$0.05,SFD-158,Sandshifter SFD-158/221 CN ¥0.51 EN $0.05
2026-09-03T19:41:39+00:00,https://bilgewatermarket.com/cards/SFD-159?print_variation=foiled,Trusty Ramhound,foil,0.22,https://bilgewatermarket.com/cards/SFD-159?print_variation=foiled,foiled,,¥0.52,$0.22,SFD-159,Trusty Ramhound SFD-159/221 Foiled CN ¥0.52 EN $0.22
2026-09-03T19:41:39+00:00,https://bilgewatermarket.com/cards/SFD-159,Trusty Ramhound,nonfoil,0.07,https://bilgewatermarket.com/cards/SFD-159,normal,,¥0.50,$0.07,SFD-159,Trusty Ramhound SFD-159/221 CN ¥0.50 EN $0.07
2026-09-03T19:41:39+00:00,https://bilgewatermarket.com/cards/SFD-160?print_variation=foiled,Zaun Punk,foil,0.19,https://bilgewatermarket.com/cards/SFD-160?print_variation=foiled,foiled,,¥0.60,$0.19,SFD-160,Zaun Punk SFD-160/221 Foiled CN ¥0.60 EN $0.19
2026-09-03T19:41:39+00:00,https://bilgewatermarket.com/cards/SFD-160,Zaun Punk,nonfoil,0.04,https://bilgewatermarket.com/cards/SFD-160,normal,,¥0.50,$0.04,SFD-160,Zaun Punk SFD-160/221 CN ¥0.50 EN $0.04
2026-09-03T19:41:39+00:00,https://bilgewatermarket.com/cards/SFD-161?print_variation=foiled,B.F. Sword,foil,1.94,https://bilgewatermarket.com/cards/SFD-161?print_variation=foiled,foiled,,¥3.59,$1.94,SFD-161,B.F. Sword SFD-161/221 Foiled CN ¥3.59 EN $1.94
2026-09-03T19:41:39+00:00,https://bilgewatermarket.com/cards/SFD-161,B.F. Sword,nonfoil,0.33,https://bilgewatermarket.com/cards/SFD-161,normal,,¥1.22,$0.33,SFD-161,B.F. Sword SFD-161/221 CN ¥1.22 EN $0.33
2026-09-03T19:41:39+00:00,https://bilgewatermarket.com/cards/SFD-162?print_variation=foiled,Blood Money,foil,0.32,https://bilgewatermarket.com/cards/SFD-162?print_variation=foiled,foiled,,¥1.82,$0.32,SFD-162,Blood Money SFD-162/221 Foiled CN ¥1.82 EN $0.32
2026-09-03T19:41:39+00:00,https://bilgewatermarket.com/cards/SFD-162,Blood Money,nonfoil,0.15,https://bilgewatermarket.com/cards/SFD-162,normal,,¥1.13,$0.15,SFD-162,Blood Money SFD-162/221 CN ¥1.13 EN $0.15
2026-09-03T19:41:39+00:00,https://bilgewatermarket.com/cards/SFD-163?print_variation=foiled,Deathgrip,foil,2.36,https://bilgewatermarket.com/cards/SFD-163?print_variation=foiled,foiled,,¥3.91,$2.36,SFD-163,Deathgrip SFD-163/221 Foiled CN ¥3.91 EN $2.36
2026-09-03T19:41:39+00:00,https://bilgewatermarket.com/cards/SFD-163,Deathgrip,nonfoil,0.48,https://bilgewatermarket.com/cards/SFD-163,normal,,¥1.96,$0.48,SFD-163,Deathgrip SFD-163/221 CN ¥1.96 EN $0.48
2026-09-03T19:41:39+00:00,https://bilgewatermarket.com/cards/SFD-164?print_variation=foiled,Drag Under,foil,0.51,https://bilgewatermarket.com/cards/SFD-164?print_variation=foiled,foiled,,¥1.05,$0.51,SFD-164,Drag Under SFD-164/221 Foiled CN ¥1.05 EN $0.51
2026-09-03T19:41:39+00:00,https://bilgewatermarket.com/cards/SFD-164,Drag Under,nonfoil,0.20,https://bilgewatermarket.com/cards/SFD-164,normal,,¥1.71,$0.20,SFD-164,Drag Under SFD-164/221 CN ¥1.71 EN $0.20
2026-09-03T19:41:39+00:00,https://bilgewatermarket.com/cards/SFD-165?print_variation=foiled,Glasc Mixologist,foil,2.31,https://bilgewatermarket.com/cards/SFD-165?print_variation=foiled,foiled,,¥1.22,$2.31,SFD-165,Glasc Mixologist SFD-165/221 Foiled CN ¥1.22 EN $2.31
2026-09-03T19:41:39+00:00,https://bilgewatermarket.com/cards/SFD-165,Glasc Mixologist,nonfoil,0.28,https://bilgewatermarket.com/cards/SFD-165,normal,,¥0.57,$0.28,SFD-165,Glasc Mixologist SFD-165/221 CN ¥0.57 EN $0.28
2026-09-03T19:41:39+00:00,https://bilgewatermarket.com/cards/SFD-166?print_variation=foiled,Rally the Troops,foil,0.45,https://bilgewatermarket.com/cards/SFD-166?print_variation=foiled,foiled,,¥2.10,$0.45,SFD-166,Rally the Troops SFD-166/221 Foiled CN ¥2.10 EN $0.45
2026-09-03T19:41:39+00:00,https://bilgewatermarket.com/cards/SFD-166,Rally the Troops,nonfoil,0.18,https://bilgewatermarket.com/cards/SFD-166,normal,,¥0.72,$0.18,SFD-166,Rally the Troops SFD-166/221 CN ¥0.72 EN $0.18
2026-09-03T19:41:39+00:00,https://bilgewatermarket.com/cards/SFD-167?print_variation=foiled,Unsung Hero,foil,0.29,https://bilgewatermarket.com/cards/SFD-167?print_variation=foiled,foiled,,¥1.11,$0.29,SFD-167,Unsung Hero SFD-167/221 Foiled CN ¥1.11 EN $0.29
2026-09-03T19:41:39+00:00,https://bilgewatermarket.com/cards/SFD-167,Unsung Hero,nonfoil,0.22,https://bilgewatermarket.com/cards/SFD-167,normal,,¥0.88,$0.22,SFD-167,Unsung Hero SFD-167/221 CN ¥0.88 EN $0.22
2026-09-03T19:41:39+00:00,https://bilgewatermarket.com/cards/SFD-168?print_variation=foiled,Vanguard Armory,foil,1.09,https://bilgewatermarket.com/cards/SFD-168?print_variation=foiled,foiled,,¥1.85,$1.09,SFD-168,Vanguard Armory SFD-168/221 Foiled CN ¥1.85 EN $1.09
2026-09-03T19:41:39+00:00,https://bilgewatermarket.com/cards/SFD-168,Vanguard Armory,nonfoil,0.24,https://bilgewatermarket.com/cards/SFD-168,normal,,¥0.96,$0.24,SFD-168,Vanguard Armory SFD-168/221 CN ¥0.96 EN $0.24
2026-09-03T19:41:39+00:00,https://bilgewatermarket.com/cards/SFD-169,Altar of Memories,nonfoil,0.19,https://bilgewatermarket.com/cards/SFD-169,normal,,¥0.50,$0.19,SFD-169,Altar of Memories SFD-169/221 CN ¥0.50 EN $0.19
2026-09-03T19:41:39+00:00,https://bilgewatermarket.com/cards/SFD-170,"Rek'Sai, Swarm Queen",nonfoil,0.19,https://bilgewatermarket.com/cards/SFD-170,normal,,¥0.51,$0.19,SFD-170,"Rek'Sai, Swarm Queen SFD-170/221 CN ¥0.51 EN $0.19"
2026-09-03T19:41:39+00:00,https://bilgewatermarket.com/cards/SFD-170a?print_variation=showcase,"Rek'Sai, Swarm Queen",nonfoil,1.31,https://bilgewatermarket.com/cards/SFD-170a?print_variation=showcase,showcase,,¥2.06,$1.31,SFD-170a,"Rek'Sai, Swarm Queen SFD-170a/221 Showcase CN ¥2.06 EN $1.31"
2026-09-03T19:41:39+00:00,https://bilgewatermarket.com/cards/SFD-171,"Renata Glasc, Industrialist",nonfoil,0.23,https://bilgewatermarket.com/cards/SFD-171,normal,,¥0.67,$0.23,SFD-171,"Renata Glasc, Industrialist SFD-171/221 CN ¥0.67 EN $0.23"
2026-09-03T19:41:39+00:00,https://bilgewatermarket.com/cards/SFD-171a?print_variation=showcase,"Renata Glasc, Industrialist",nonfoil,1.19,https://bilgewatermarket.com/cards/SFD-171a?print_variation=showcase,showcase,,¥1.69,$1.19,SFD-171a,"Renata Glasc, Industrialist SFD-171a/221 Showcase CN ¥1.69 EN $1.19"
2026-09-03T19:41:39+00:00,https://bilgewatermarket.com/cards/SFD-172,Sacred Shears,nonfoil,0.23,https://bilgewatermarket.com/cards/SFD-172,normal,,¥0.59,$0.23,SFD-172,Sacred Shears SFD-172/221 CN ¥0.59 EN $0.23
2026-09-03T19:41:39+00:00,https://bilgewatermarket.com/cards/SFD-173,"Soraka, Wanderer",nonfoil,0.25,https://bilgewatermarket.com/cards/SFD-173,normal,,¥0.71,$0.25,SFD-173,"Soraka, Wanderer SFD-173/221 CN ¥0.71 EN $0.25"
2026-09-03T19:41:39+00:00,https://bilgewatermarket.com/cards/SFD-174,Trove Golem,nonfoil,0.22,https://bilgewatermarket.com/cards/SFD-174,normal,,¥0.50,$0.22,SFD-174,Trove Golem SFD-174/221 CN ¥0.50 EN $0.22
2026-09-03T19:41:39+00:00,https://bilgewatermarket.com/cards/SFD-175,Undertitan,nonfoil,0.30,https://bilgewatermarket.com/cards/SFD-175,normal,,¥0.95,$0.30,SFD-175,Undertitan SFD-175/221 CN ¥0.95 EN $0.30
2026-09-03T19:41:39+00:00,https://bilgewatermarket.com/cards/SFD-176,"Xin Zhao, Vigilant",nonfoil,0.69,https://bilgewatermarket.com/cards/SFD-176,normal,,¥1.22,$0.69,SFD-176,"Xin Zhao, Vigilant SFD-176/221 CN ¥1.22 EN $0.69"
2026-09-03T19:41:39+00:00,https://bilgewatermarket.com/cards/SFD-177,"Azir, Sovereign",nonfoil,8.78,https://bilgewatermarket.com/cards/SFD-177,normal,,¥5.51,$8.78,SFD-177,"Azir, Sovereign SFD-177/221 CN ¥5.51 EN $8.78"
2026-09-03T19:41:39+00:00,https://bilgewatermarket.com/cards/SFD-177a?print_variation=showcase,"Azir, Sovereign",nonfoil,8.20,https://bilgewatermarket.com/cards/SFD-177a?print_variation=showcase,showcase,,¥6.76,$8.20,SFD-177a,"Azir, Sovereign SFD-177a/221 Showcase CN ¥6.76 EN $8.20"
2026-09-03T19:41:39+00:00,https://bilgewatermarket.com/cards/SFD-178,Blade of the Ruined King,nonfoil,2.35,https://bilgewatermarket.com/cards/SFD-178,normal,,¥3.85,$2.35,SFD-178,Blade of the Ruined King SFD-178/221 CN ¥3.85 EN $2.35
2026-09-03T19:41:39+00:00,https://bilgewatermarket.com/cards/SFD-179,Corina Veraza,nonfoil,1.49,https://bilgewatermarket.com/cards/SFD-179,normal,,¥1.43,$1.49,SFD-179,Corina Veraza SFD-179/221 CN ¥1.43 EN $1.49
2026-09-03T19:41:39+00:00,https://bilgewatermarket.com/cards/SFD-180,"Fiora, Worthy",nonfoil,1.04,https://bilgewatermarket.com/cards/SFD-180,normal,,¥1.12,$1.04,SFD-180,"Fiora, Worthy SFD-180/221 CN ¥1.12 EN $1.04"
2026-09-03T19:41:39+00:00,https://bilgewatermarket.com/cards/SFD-180a?print_variation=showcase,"Fiora, Worthy",nonfoil,7.03,https://bilgewatermarket.com/cards/SFD-180a?print_variation=showcase,showcase,,¥9.15,$7.03,SFD-180a,"Fiora, Worthy SFD-180a/221 Showcase CN ¥9.15 EN $7.03"
2026-09-03T19:41:39+00:00,https://bilgewatermarket.com/cards/SFD-181,"Rumble, Mechanized Menace",nonfoil,0.13,https://bilgewatermarket.com/cards/SFD-181,normal,,¥0.50,$0.13,SFD-181,"Rumble, Mechanized Menace SFD-181/221 CN ¥0.50 EN $0.13"
2026-09-03T19:41:39+00:00,https://bilgewatermarket.com/cards/SFD-182,Danger Zone,nonfoil,0.39,https://bilgewatermarket.com/cards/SFD-182,normal,,¥1.27,$0.39,SFD-182,Danger Zone SFD-182/221 CN ¥1.27 EN $0.39
2026-09-03T19:41:39+00:00,https://bilgewatermarket.com/cards/SFD-183,"Lucian, Purifier",nonfoil,0.15,https://bilgewatermarket.com/cards/SFD-183,normal,,¥0.55,$0.15,SFD-183,"Lucian, Purifier SFD-183/221 CN ¥0.55 EN $0.15"
2026-09-03T19:41:39+00:00,https://bilgewatermarket.com/cards/SFD-184,Relentless Pursuit,nonfoil,1.14,https://bilgewatermarket.com/cards/SFD-184,normal,,¥2.89,$1.14,SFD-184,Relentless Pursuit SFD-184/221 CN ¥2.89 EN $1.14
2026-09-03T19:41:39+00:00,https://bilgewatermarket.com/cards/SFD-185,"Draven, Glorious Executioner",nonfoil,0.17,https://bilgewatermarket.com/cards/SFD-185,normal,,¥0.63,$0.17,SFD-185,"Draven, Glorious Executioner SFD-185/221 CN ¥0.63 EN $0.17"
2026-09-03T19:41:39+00:00,https://bilgewatermarket.com/cards/SFD-186,Spinning Axe,nonfoil,3.07,https://bilgewatermarket.com/cards/SFD-186,normal,,¥16.64,$3.07,SFD-186,Spinning Axe SFD-186/221 CN ¥16.64 EN $3.07
2026-09-03T19:41:39+00:00,https://bilgewatermarket.com/cards/SFD-187,"Rek'Sai, Void Burrower",nonfoil,0.15,https://bilgewatermarket.com/cards/SFD-187,normal,,¥0.52,$0.15,SFD-187,"Rek'Sai, Void Burrower SFD-187/221 CN ¥0.52 EN $0.15"
2026-09-03T19:41:39+00:00,https://bilgewatermarket.com/cards/SFD-188,Void Rush,nonfoil,12.10,https://bilgewatermarket.com/cards/SFD-188,normal,,¥15.35,$12.10,SFD-188,Void Rush SFD-188/221 CN ¥15.35 EN $12.10
2026-09-03T19:41:39+00:00,https://bilgewatermarket.com/cards/SFD-189,"Ornn, Fire Below the Mountain",nonfoil,0.15,https://bilgewatermarket.com/cards/SFD-189,normal,,¥0.51,$0.15,SFD-189,"Ornn, Fire Below the Mountain SFD-189/221 CN ¥0.51 EN $0.15"
2026-09-03T19:41:39+00:00,https://bilgewatermarket.com/cards/SFD-190,Forgefire Cape,nonfoil,0.41,https://bilgewatermarket.com/cards/SFD-190,normal,,¥1.49,$0.41,SFD-190,Forgefire Cape SFD-190/221 CN ¥1.49 EN $0.41
2026-09-03T19:41:39+00:00,https://bilgewatermarket.com/cards/SFD-191,Rabadon's Deathcrown,nonfoil,0.36,https://bilgewatermarket.com/cards/SFD-191,normal,,¥1.27,$0.36,SFD-191,Rabadon's Deathcrown SFD-191/221 CN ¥1.27 EN $0.36
2026-09-03T19:41:39+00:00,https://bilgewatermarket.com/cards/SFD-192,Shurelya's Requiem,nonfoil,0.56,https://bilgewatermarket.com/cards/SFD-192,normal,,¥1.47,$0.56,SFD-192,Shurelya's Requiem SFD-192/221 CN ¥1.47 EN $0.56
2026-09-03T19:41:39+00:00,https://bilgewatermarket.com/cards/SFD-193,"Jax, Grandmaster at Arms",nonfoil,0.17,https://bilgewatermarket.com/cards/SFD-193,normal,,¥0.53,$0.17,SFD-193,"Jax, Grandmaster at Arms SFD-193/221 CN ¥0.53 EN $0.17"
2026-09-03T19:41:39+00:00,https://bilgewatermarket.com/cards/SFD-194,Counter Strike,nonfoil,1.04,https://bilgewatermarket.com/cards/SFD-194,normal,,¥3.55,$1.04,SFD-194,Counter Strike SFD-194/221 CN ¥3.55 EN $1.04
2026-09-03T19:41:39+00:00,https://bilgewatermarket.com/cards/SFD-195,"Irelia, Blade Dancer",nonfoil,0.18,https://bilgewatermarket.com/cards/SFD-195,normal,,¥0.54,$0.18,SFD-195,"Irelia, Blade Dancer SFD-195/221 CN ¥0.54 EN $0.18"
2026-09-03T19:41:39+00:00,https://bilgewatermarket.com/cards/SFD-196,Defiant Dance,nonfoil,22.67,https://bilgewatermarket.com/cards/SFD-196,normal,,¥66.32,$22.67,SFD-196,Defiant Dance SFD-196/221 CN ¥66.32 EN $22.67
2026-09-03T19:41:39+00:00,https://bilgewatermarket.com/cards/SFD-197,"Azir, Emperor of the Sands",nonfoil,0.21,https://bilgewatermarket.com/cards/SFD-197,normal,,¥0.57,$0.21,SFD-197,"Azir, Emperor of the Sands SFD-197/221 CN ¥0.57 EN $0.21"
2026-09-03T19:41:39+00:00,https://bilgewatermarket.com/cards/SFD-198,Arise!,nonfoil,23.85,https://bilgewatermarket.com/cards/SFD-198,normal,,¥38.92,$23.85,SFD-198,Arise! SFD-198/221 CN ¥38.92 EN $23.85
2026-09-03T19:41:39+00:00,https://bilgewatermarket.com/cards/SFD-199,"Ezreal, Prodigal Explorer",nonfoil,0.19,https://bilgewatermarket.com/cards/SFD-199,normal,,¥0.53,$0.19,SFD-199,"Ezreal, Prodigal Explorer SFD-199/221 CN ¥0.53 EN $0.19"
2026-09-03T19:41:39+00:00,https://bilgewatermarket.com/cards/SFD-200,Arcane Shift,nonfoil,1.13,https://bilgewatermarket.com/cards/SFD-200,normal,,¥7.73,$1.13,SFD-200,Arcane Shift SFD-200/221 CN ¥7.73 EN $1.13
2026-09-03T19:41:39+00:00,https://bilgewatermarket.com/cards/SFD-201,"Renata Glasc, Chem-Baroness",nonfoil,0.17,https://bilgewatermarket.com/cards/SFD-201,normal,,¥0.51,$0.17,SFD-201,"Renata Glasc, Chem-Baroness SFD-201/221 CN ¥0.51 EN $0.17"
2026-09-03T19:41:39+00:00,https://bilgewatermarket.com/cards/SFD-202,Hostile Takeover,nonfoil,1.01,https://bilgewatermarket.com/cards/SFD-202,normal,,¥2.65,$1.01,SFD-202,Hostile Takeover SFD-202/221 CN ¥2.65 EN $1.01
2026-09-03T19:41:39+00:00,https://bilgewatermarket.com/cards/SFD-203,"Sivir, Battle Mistress",nonfoil,0.16,https://bilgewatermarket.com/cards/SFD-203,normal,,¥0.58,$0.16,SFD-203,"Sivir, Battle Mistress SFD-203/221 CN ¥0.58 EN $0.16"
2026-09-03T19:41:39+00:00,https://bilgewatermarket.com/cards/SFD-204,On the Hunt,nonfoil,0.50,https://bilgewatermarket.com/cards/SFD-204,normal,,¥1.40,$0.50,SFD-204,On the Hunt SFD-204/221 CN ¥1.40 EN $0.50
2026-09-03T19:41:39+00:00,https://bilgewatermarket.com/cards/SFD-205,"Fiora, Grand Duelist",nonfoil,0.14,https://bilgewatermarket.com/cards/SFD-205,normal,,¥0.60,$0.14,SFD-205,"Fiora, Grand Duelist SFD-205/221 CN ¥0.60 EN $0.14"
2026-09-03T19:41:39+00:00,https://bilgewatermarket.com/cards/SFD-206,Riposte,nonfoil,2.61,https://bilgewatermarket.com/cards/SFD-206,normal,,¥11.23,$2.61,SFD-206,Riposte SFD-206/221 CN ¥11.23 EN $2.61
2026-09-03T19:41:39+00:00,https://bilgewatermarket.com/cards/SFD-207?print_variation=foiled,Emperor's Dais,foil,0.38,https://bilgewatermarket.com/cards/SFD-207?print_variation=foiled,foiled,,¥2.03,$0.38,SFD-207,Emperor's Dais SFD-207/221 Foiled CN ¥2.03 EN $0.38
2026-09-03T19:41:39+00:00,https://bilgewatermarket.com/cards/SFD-207,Emperor's Dais,nonfoil,0.13,https://bilgewatermarket.com/cards/SFD-207,normal,,¥0.59,$0.13,SFD-207,Emperor's Dais SFD-207/221 CN ¥0.59 EN $0.13
2026-09-03T19:41:39+00:00,https://bilgewatermarket.com/cards/SFD-208?print_variation=foiled,Forge of the Fluft,foil,0.34,https://bilgewatermarket.com/cards/SFD-208?print_variation=foiled,foiled,,¥1.16,$0.34,SFD-208,Forge of the Fluft SFD-208/221 Foiled CN ¥1.16 EN $0.34
2026-09-03T19:41:39+00:00,https://bilgewatermarket.com/cards/SFD-208,Forge of the Fluft,nonfoil,0.13,https://bilgewatermarket.com/cards/SFD-208,normal,,¥0.55,$0.13,SFD-208,Forge of the Fluft SFD-208/221 CN ¥0.55 EN $0.13
2026-09-03T19:41:39+00:00,https://bilgewatermarket.com/cards/SFD-209?print_variation=foiled,Forgotten Monument,foil,0.39,https://bilgewatermarket.com/cards/SFD-209?print_variation=foiled,foiled,,¥1.51,$0.39,SFD-209,Forgotten Monument SFD-209/221 Foiled CN ¥1.51 EN $0.39
2026-09-03T19:41:39+00:00,https://bilgewatermarket.com/cards/SFD-209,Forgotten Monument,nonfoil,0.19,https://bilgewatermarket.com/cards/SFD-209,normal,,¥0.60,$0.19,SFD-209,Forgotten Monument SFD-209/221 CN ¥0.60 EN $0.19
2026-09-03T19:41:39+00:00,https://bilgewatermarket.com/cards/SFD-210?print_variation=foiled,Hall of Legends,foil,0.35,https://bilgewatermarket.com/cards/SFD-210?print_variation=foiled,foiled,,¥1.66,$0.35,SFD-210,Hall of Legends SFD-210/221 Foiled CN ¥1.66 EN $0.35
2026-09-03T19:41:39+00:00,https://bilgewatermarket.com/cards/SFD-210,Hall of Legends,nonfoil,0.11,https://bilgewatermarket.com/cards/SFD-210,normal,,¥0.64,$0.11,SFD-210,Hall of Legends SFD-210/221 CN ¥0.64 EN $0.11
2026-09-03T19:41:39+00:00,https://bilgewatermarket.com/cards/SFD-211?print_variation=foiled,Marai Spire,foil,0.31,https://bilgewatermarket.com/cards/SFD-211?print_variation=foiled,foiled,,¥0.82,$0.31,SFD-211,Marai Spire SFD-211/221 Foiled CN ¥0.82 EN $0.31
2026-09-03T19:41:39+00:00,https://bilgewatermarket.com/cards/SFD-211,Marai Spire,nonfoil,0.09,https://bilgewatermarket.com/cards/SFD-211,normal,,¥0.50,$0.09,SFD-211,Marai Spire SFD-211/221 CN ¥0.50 EN $0.09
2026-09-03T19:41:39+00:00,https://bilgewatermarket.com/cards/SFD-212?print_variation=foiled,Minefield,foil,0.43,https://bilgewatermarket.com/cards/SFD-212?print_variation=foiled,foiled,,¥1.45,$0.43,SFD-212,Minefield SFD-212/221 Foiled CN ¥1.45 EN $0.43
2026-09-03T19:41:39+00:00,https://bilgewatermarket.com/cards/SFD-212,Minefield,nonfoil,0.12,https://bilgewatermarket.com/cards/SFD-212,normal,,¥0.60,$0.12,SFD-212,Minefield SFD-212/221 CN ¥0.60 EN $0.12
2026-09-03T19:41:39+00:00,https://bilgewatermarket.com/cards/SFD-213?print_variation=foiled,Ornn's Forge,foil,0.39,https://bilgewatermarket.com/cards/SFD-213?print_variation=foiled,foiled,,¥2.40,$0.39,SFD-213,Ornn's Forge SFD-213/221 Foiled CN ¥2.40 EN $0.39
2026-09-03T19:41:39+00:00,https://bilgewatermarket.com/cards/SFD-213,Ornn's Forge,nonfoil,0.12,https://bilgewatermarket.com/cards/SFD-213,normal,,¥0.54,$0.12,SFD-213,Ornn's Forge SFD-213/221 CN ¥0.54 EN $0.12
2026-09-03T19:41:39+00:00,https://bilgewatermarket.com/cards/SFD-214?print_variation=foiled,Power Nexus,foil,0.33,https://bilgewatermarket.com/cards/SFD-214?print_variation=foiled,foiled,,¥1.96,$0.33,SFD-214,Power Nexus SFD-214/221 Foiled CN ¥1.96 EN $0.33
2026-09-03T19:41:39+00:00,https://bilgewatermarket.com/cards/SFD-214,Power Nexus,nonfoil,0.13,https://bilgewatermarket.com/cards/SFD-214,normal,,¥0.56,$0.13,SFD-214,Power Nexus SFD-214/221 CN ¥0.56 EN $0.13
2026-09-03T19:41:39+00:00,https://bilgewatermarket.com/cards/SFD-215?print_variation=foiled,Ravenbloom Conservatory,foil,0.53,https://bilgewatermarket.com/cards/SFD-215?print_variation=foiled,foiled,,¥2.15,$0.53,SFD-215,Ravenbloom Conservatory SFD-215/221 Foiled CN ¥2.15 EN $0.53
2026-09-03T19:41:39+00:00,https://bilgewatermarket.com/cards/SFD-215,Ravenbloom Conservatory,nonfoil,0.15,https://bilgewatermarket.com/cards/SFD-215,normal,,¥0.56,$0.15,SFD-215,Ravenbloom Conservatory SFD-215/221 CN ¥0.56 EN $0.15
2026-09-03T19:41:39+00:00,https://bilgewatermarket.com/cards/SFD-216?print_variation=foiled,Rockfall Path,foil,0.49,https://bilgewatermarket.com/cards/SFD-216?print_variation=foiled,foiled,,¥2.31,$0.49,SFD-216,Rockfall Path SFD-216/221 Foiled CN ¥2.31 EN $0.49
2026-09-03T19:41:39+00:00,https://bilgewatermarket.com/cards/SFD-216,Rockfall Path,nonfoil,0.16,https://bilgewatermarket.com/cards/SFD-216,normal,,¥0.72,$0.16,SFD-216,Rockfall Path SFD-216/221 CN ¥0.72 EN $0.16
2026-09-03T19:41:39+00:00,https://bilgewatermarket.com/cards/SFD-217?print_variation=foiled,Seat of Power,foil,0.39,https://bilgewatermarket.com/cards/SFD-217?print_variation=foiled,foiled,,¥1.95,$0.39,SFD-217,Seat of Power SFD-217/221 Foiled CN ¥1.95 EN $0.39
2026-09-03T19:41:39+00:00,https://bilgewatermarket.com/cards/SFD-217,Seat of Power,nonfoil,0.15,https://bilgewatermarket.com/cards/SFD-217,normal,,¥0.62,$0.15,SFD-217,Seat of Power SFD-217/221 CN ¥0.62 EN $0.15
2026-09-03T19:41:39+00:00,https://bilgewatermarket.com/cards/SFD-218?print_variation=foiled,Sunken Temple,foil,0.74,https://bilgewatermarket.com/cards/SFD-218?print_variation=foiled,foiled,,¥2.83,$0.74,SFD-218,Sunken Temple SFD-218/221 Foiled CN ¥2.83 EN $0.74
2026-09-03T19:41:39+00:00,https://bilgewatermarket.com/cards/SFD-218,Sunken Temple,nonfoil,0.15,https://bilgewatermarket.com/cards/SFD-218,normal,,¥0.62,$0.15,SFD-218,Sunken Temple SFD-218/221 CN ¥0.62 EN $0.15
2026-09-03T19:41:39+00:00,https://bilgewatermarket.com/cards/SFD-219?print_variation=foiled,The Papertree,foil,0.37,https://bilgewatermarket.com/cards/SFD-219?print_variation=foiled,foiled,,¥2.34,$0.37,SFD-219,The Papertree SFD-219/221 Foiled CN ¥2.34 EN $0.37
2026-09-03T19:41:39+00:00,https://bilgewatermarket.com/cards/SFD-219,The Papertree,nonfoil,0.13,https://bilgewatermarket.com/cards/SFD-219,normal,,¥0.59,$0.13,SFD-219,The Papertree SFD-219/221 CN ¥0.59 EN $0.13
2026-09-03T19:41:39+00:00,https://bilgewatermarket.com/cards/SFD-220?print_variation=foiled,Treasure Hoard,foil,0.35,https://bilgewatermarket.com/cards/SFD-220?print_variation=foiled,foiled,,¥2.46,$0.35,SFD-220,Treasure Hoard SFD-220/221 Foiled CN ¥2.46 EN $0.35
2026-09-03T19:41:39+00:00,https://bilgewatermarket.com/cards/SFD-220,Treasure Hoard,nonfoil,0.14,https://bilgewatermarket.com/cards/SFD-220,normal,,¥0.64,$0.14,SFD-220,Treasure Hoard SFD-220/221 CN ¥0.64 EN $0.14
2026-09-03T19:41:39+00:00,https://bilgewatermarket.com/cards/SFD-221?print_variation=foiled,Veiled Temple,foil,0.42,https://bilgewatermarket.com/cards/SFD-221?print_variation=foiled,foiled,,¥1.81,$0.42,SFD-221,Veiled Temple SFD-221/221 Foiled CN ¥1.81 EN $0.42
2026-09-03T19:41:39+00:00,https://bilgewatermarket.com/cards/SFD-221,Veiled Temple,nonfoil,0.14,https://bilgewatermarket.com/cards/SFD-221,normal,,¥0.57,$0.14,SFD-221,Veiled Temple SFD-221/221 CN ¥0.57 EN $0.14
2026-09-03T19:41:39+00:00,https://bilgewatermarket.com/cards/SFD-222?print_variation=showcase,Seal of Rage,nonfoil,62.04,https://bilgewatermarket.com/cards/SFD-222?print_variation=showcase,showcase,,¥128.82,$62.04,SFD-222,Seal of Rage SFD-222/221 Showcase CN ¥128.82 EN $62.04
2026-09-03T19:41:39+00:00,https://bilgewatermarket.com/cards/SFD-223?print_variation=showcase,"Vayne, Hunter",nonfoil,230.47,https://bilgewatermarket.com/cards/SFD-223?print_variation=showcase,showcase,,¥248.58,$230.47,SFD-223,"Vayne, Hunter SFD-223/221 Showcase CN ¥248.58 EN $230.47"
2026-09-03T19:41:39+00:00,https://bilgewatermarket.com/cards/SFD-224?print_variation=showcase,"Aphelios, Exalted",nonfoil,75.22,https://bilgewatermarket.com/cards/SFD-224?print_variation=showcase,showcase,,¥113.57,$75.22,SFD-224,"Aphelios, Exalted SFD-224/221 Showcase CN ¥113.57 EN $75.22"
2026-09-03T19:41:39+00:00,https://bilgewatermarket.com/cards/SFD-225?print_variation=showcase,"Irelia, Fervent",nonfoil,322.06,https://bilgewatermarket.com/cards/SFD-225?print_variation=showcase,showcase,,¥996.68,$322.06,SFD-225,"Irelia, Fervent SFD-225/221 Showcase CN ¥996.68 EN $322.06"
2026-09-03T19:41:39+00:00,https://bilgewatermarket.com/cards/SFD-226?print_variation=showcase,Seal of Focus,nonfoil,69.00,https://bilgewatermarket.com/cards/SFD-226?print_variation=showcase,showcase,,¥130.56,$69.00,SFD-226,Seal of Focus SFD-226/221 Showcase CN ¥130.56 EN $69.00
2026-09-03T19:41:39+00:00,https://bilgewatermarket.com/cards/SFD-227?print_variation=showcase,"Ahri, Inquisitive",nonfoil,684.25,https://bilgewatermarket.com/cards/SFD-227?print_variation=showcase,showcase,,¥1549.96,$684.25,SFD-227,"Ahri, Inquisitive SFD-227/221 Showcase CN ¥1549.96 EN $684.25"
2026-09-03T19:41:39+00:00,https://bilgewatermarket.com/cards/SFD-228?print_variation=showcase,"Bard, Mercurial",nonfoil,66.11,https://bilgewatermarket.com/cards/SFD-228?print_variation=showcase,showcase,,¥45.60,$66.11,SFD-228,"Bard, Mercurial SFD-228/221 Showcase CN ¥45.60 EN $66.11"
2026-09-03T19:41:39+00:00,https://bilgewatermarket.com/cards/SFD-229?print_variation=showcase,Seal of Insight,nonfoil,49.99,https://bilgewatermarket.com/cards/SFD-229?print_variation=showcase,showcase,,¥148.44,$49.99,SFD-229,Seal of Insight SFD-229/221 Showcase CN ¥148.44 EN $49.99
2026-09-03T19:41:39+00:00,https://bilgewatermarket.com/cards/SFD-230?print_variation=showcase,"Teemo, Strategist",nonfoil,176.03,https://bilgewatermarket.com/cards/SFD-230?print_variation=showcase,showcase,,¥176.21,$176.03,SFD-230,"Teemo, Strategist SFD-230/221 Showcase CN ¥176.21 EN $176.03"
2026-09-03T19:41:39+00:00,https://bilgewatermarket.com/cards/SFD-231?print_variation=showcase,Seal of Strength,nonfoil,46.30,https://bilgewatermarket.com/cards/SFD-231?print_variation=showcase,showcase,,¥111.85,$46.30,SFD-231,Seal of Strength SFD-231/221 Showcase CN ¥111.85 EN $46.30
2026-09-03T19:41:39+00:00,https://bilgewatermarket.com/cards/SFD-232?print_variation=showcase,"Sett, Brawler",nonfoil,85.54,https://bilgewatermarket.com/cards/SFD-232?print_variation=showcase,showcase,,¥182.05,$85.54,SFD-232,"Sett, Brawler SFD-232/221 Showcase CN ¥182.05 EN $85.54"
2026-09-03T19:41:39+00:00,https://bilgewatermarket.com/cards/SFD-233?print_variation=showcase,"Yone, Blademaster",nonfoil,84.62,https://bilgewatermarket.com/cards/SFD-233?print_variation=showcase,showcase,,¥110.05,$84.62,SFD-233,"Yone, Blademaster SFD-233/221 Showcase CN ¥110.05 EN $84.62"
2026-09-03T19:41:39+00:00,https://bilgewatermarket.com/cards/SFD-234?print_variation=showcase,Seal of Discord,nonfoil,118.89,https://bilgewatermarket.com/cards/SFD-234?print_variation=showcase,showcase,,¥337.81,$118.89,SFD-234,Seal of Discord SFD-234/221 Showcase CN ¥337.81 EN $118.89
2026-09-03T19:41:39+00:00,https://bilgewatermarket.com/cards/SFD-235?print_variation=showcase,"Yasuo, Windrider",nonfoil,63.39,https://bilgewatermarket.com/cards/SFD-235?print_variation=showcase,showcase,,¥127.79,$63.39,SFD-235,"Yasuo, Windrider SFD-235/221 Showcase CN ¥127.79 EN $63.39"
2026-09-03T19:41:39+00:00,https://bilgewatermarket.com/cards/SFD-236?print_variation=showcase,"Darius, Executioner",nonfoil,49.24,https://bilgewatermarket.com/cards/SFD-236?print_variation=showcase,showcase,,¥41.79,$49.24,SFD-236,"Darius, Executioner SFD-236/221 Showcase CN ¥41.79 EN $49.24"
2026-09-03T19:41:39+00:00,https://bilgewatermarket.com/cards/SFD-237?print_variation=showcase,"Karma, Channeler",nonfoil,51.06,https://bilgewatermarket.com/cards/SFD-237?print_variation=showcase,showcase,,¥52.27,$51.06,SFD-237,"Karma, Channeler SFD-237/221 Showcase CN ¥52.27 EN $51.06"
2026-09-03T19:41:39+00:00,https://bilgewatermarket.com/cards/SFD-238?print_variation=showcase,Seal of Unity,nonfoil,64.46,https://bilgewatermarket.com/cards/SFD-238?print_variation=showcase,showcase,,¥153.86,$64.46,SFD-238,Seal of Unity SFD-238/221 Showcase CN ¥153.86 EN $64.46
2026-09-03T19:41:39+00:00,https://bilgewatermarket.com/cards/SFD-239?print_variation=showcase,"Soraka, Wanderer",nonfoil,139.68,https://bilgewatermarket.com/cards/SFD-239?print_variation=showcase,showcase,,¥177.72,$139.68,SFD-239,"Soraka, Wanderer SFD-239/221 Showcase CN ¥177.72 EN $139.68"
2026-09-03T19:41:39+00:00,https://bilgewatermarket.com/cards/SFD-240?print_variation=showcase,"Rumble, Mechanized Menace",nonfoil,53.34,https://bilgewatermarket.com/cards/SFD-240?print_variation=showcase,showcase,,¥43.67,$53.34,SFD-240,"Rumble, Mechanized Menace SFD-240/221 Showcase CN ¥43.67 EN $53.34"
2026-09-03T19:41:39+00:00,https://bilgewatermarket.com/cards/SFD-241?print_variation=showcase,"Lucian, Purifier",nonfoil,57.86,https://bilgewatermarket.com/cards/SFD-241?print_variation=showcase,showcase,,¥55.69,$57.86,SFD-241,"Lucian, Purifier SFD-241/221 Showcase CN ¥55.69 EN $57.86"
2026-09-03T19:41:39+00:00,https://bilgewatermarket.com/cards/SFD-242?print_variation=showcase,"Draven, Glorious Executioner",nonfoil,117.92,https://bilgewatermarket.com/cards/SFD-242?print_variation=showcase,showcase,,¥105.18,$117.92,SFD-242,"Draven, Glorious Executioner SFD-242/221 Showcase CN ¥105.18 EN $117.92"
2026-09-03T19:41:39+00:00,https://bilgewatermarket.com/cards/SFD-243?print_variation=showcase,"Rek'Sai, Void Burrower",nonfoil,99.82,https://bilgewatermarket.com/cards/SFD-243?print_variation=showcase,showcase,,¥96.45,$99.82,SFD-243,"Rek'Sai, Void Burrower SFD-243/221 Showcase CN ¥96.45 EN $99.82"
2026-09-03T19:41:39+00:00,https://bilgewatermarket.com/cards/SFD-244?print_variation=showcase,"Ornn, Fire Below the Mountain",nonfoil,97.81,https://bilgewatermarket.com/cards/SFD-244?print_variation=showcase,showcase,,¥102.93,$97.81,SFD-244,"Ornn, Fire Below the Mountain SFD-244/221 Showcase CN ¥102.93 EN $97.81"
2026-09-03T19:41:39+00:00,https://bilgewatermarket.com/cards/SFD-245?print_variation=showcase,"Jax, Grandmaster at Arms",nonfoil,60.61,https://bilgewatermarket.com/cards/SFD-245?print_variation=showcase,showcase,,¥70.45,$60.61,SFD-245,"Jax, Grandmaster at Arms SFD-245/221 Showcase CN ¥70.45 EN $60.61"
2026-09-03T19:41:39+00:00,https://bilgewatermarket.com/cards/SFD-246?print_variation=showcase,"Irelia, Blade Dancer",nonfoil,182.40,https://bilgewatermarket.com/cards/SFD-246?print_variation=showcase,showcase,,¥174.71,$182.40,SFD-246,"Irelia, Blade Dancer SFD-246/221 Showcase CN ¥174.71 EN $182.40"
2026-09-03T19:41:39+00:00,https://bilgewatermarket.com/cards/SFD-247?print_variation=showcase,"Azir, Emperor of the Sands",nonfoil,125.54,https://bilgewatermarket.com/cards/SFD-247?print_variation=showcase,showcase,,¥193.74,$125.54,SFD-247,"Azir, Emperor of the Sands SFD-247/221 Showcase CN ¥193.74 EN $125.54"
2026-09-03T19:41:39+00:00,https://bilgewatermarket.com/cards/SFD-248?print_variation=showcase,"Ezreal, Prodigal Explorer",nonfoil,104.59,https://bilgewatermarket.com/cards/SFD-248?print_variation=showcase,showcase,,¥161.75,$104.59,SFD-248,"Ezreal, Prodigal Explorer SFD-248/221 Showcase CN ¥161.75 EN $104.59"
2026-09-03T19:41:39+00:00,https://bilgewatermarket.com/cards/SFD-249?print_variation=showcase,"Renata Glasc, Chem-Baroness",nonfoil,48.49,https://bilgewatermarket.com/cards/SFD-249?print_variation=showcase,showcase,,¥52.02,$48.49,SFD-249,"Renata Glasc, Chem-Baroness SFD-249/221 Showcase CN ¥52.02 EN $48.49"
2026-09-03T19:41:39+00:00,https://bilgewatermarket.com/cards/SFD-250?print_variation=showcase,"Sivir, Battle Mistress",nonfoil,62.77,https://bilgewatermarket.com/cards/SFD-250?print_variation=showcase,showcase,,¥72.88,$62.77,SFD-250,"Sivir, Battle Mistress SFD-250/221 Showcase CN ¥72.88 EN $62.77"
2026-09-03T19:41:39+00:00,https://bilgewatermarket.com/cards/SFD-251?print_variation=showcase,"Fiora, Grand Duelist",nonfoil,109.46,https://bilgewatermarket.com/cards/SFD-251?print_variation=showcase,showcase,,¥194.51,$109.46,SFD-251,"Fiora, Grand Duelist SFD-251/221 Showcase CN ¥194.51 EN $109.46"
2026-09-03T19:41:39+00:00,https://bilgewatermarket.com/cards/OGS-001,"Annie, Fiery",nonfoil,1.40,https://bilgewatermarket.com/cards/OGS-001,normal,,¥1.02,$1.40,OGS-001,"Annie, Fiery OGS-001/024 CN ¥1.02 EN $1.40"
2026-09-03T19:41:39+00:00,https://bilgewatermarket.com/cards/OGS-002,Firestorm,nonfoil,0.41,https://bilgewatermarket.com/cards/OGS-002,normal,,¥0.51,$0.41,OGS-002,Firestorm OGS-002/024 CN ¥0.51 EN $0.41
2026-09-03T19:41:39+00:00,https://bilgewatermarket.com/cards/OGS-003,Incinerate,nonfoil,0.48,https://bilgewatermarket.com/cards/OGS-003,normal,,¥0.50,$0.48,OGS-003,Incinerate OGS-003/024 CN ¥0.50 EN $0.48
2026-09-03T19:41:39+00:00,https://bilgewatermarket.com/cards/OGS-004,"Yi, Meditative",nonfoil,0.62,https://bilgewatermarket.com/cards/OGS-004,normal,,¥1.89,$0.62,OGS-004,"Yi, Meditative OGS-004/024 CN ¥1.89 EN $0.62"
2026-09-03T19:41:39+00:00,https://bilgewatermarket.com/cards/OGS-005,Zephyr Sage,nonfoil,0.26,https://bilgewatermarket.com/cards/OGS-005,normal,,¥0.50,$0.26,OGS-005,Zephyr Sage OGS-005/024 CN ¥0.50 EN $0.26
2026-09-03T19:41:39+00:00,https://bilgewatermarket.com/cards/OGS-006,"Lux, Illuminated",nonfoil,0.77,https://bilgewatermarket.com/cards/OGS-006,normal,,¥0.99,$0.77,OGS-006,"Lux, Illuminated OGS-006/024 CN ¥0.99 EN $0.77"
2026-09-03T19:41:39+00:00,https://bilgewatermarket.com/cards/OGS-007,"Garen, Rugged",nonfoil,0.56,https://bilgewatermarket.com/cards/OGS-007,normal,,¥0.50,$0.56,OGS-007,"Garen, Rugged OGS-007/024 CN ¥0.50 EN $0.56"
2026-09-03T19:41:39+00:00,https://bilgewatermarket.com/cards/OGS-008,Gentlemen's Duel,nonfoil,0.36,https://bilgewatermarket.com/cards/OGS-008,normal,,¥0.50,$0.36,OGS-008,Gentlemen's Duel OGS-008/024 CN ¥0.50 EN $0.36
2026-09-03T19:41:39+00:00,https://bilgewatermarket.com/cards/OGS-009,"Yi, Honed",nonfoil,1.18,https://bilgewatermarket.com/cards/OGS-009,normal,,¥4.09,$1.18,OGS-009,"Yi, Honed OGS-009/024 CN ¥4.09 EN $1.18"
2026-09-03T19:41:39+00:00,https://bilgewatermarket.com/cards/OGS-010,"Annie, Stubborn",nonfoil,4.53,https://bilgewatermarket.com/cards/OGS-010,normal,,¥4.26,$4.53,OGS-010,"Annie, Stubborn OGS-010/024 CN ¥4.26 EN $4.53"
2026-09-03T19:41:39+00:00,https://bilgewatermarket.com/cards/OGS-011,Flash,nonfoil,4.64,https://bilgewatermarket.com/cards/OGS-011,normal,,¥51.71,$4.64,OGS-011,Flash OGS-011/024 CN ¥51.71 EN $4.64
2026-09-03T19:41:39+00:00,https://bilgewatermarket.com/cards/OGS-012,Blast of Power,nonfoil,0.54,https://bilgewatermarket.com/cards/OGS-012,normal,,¥2.01,$0.54,OGS-012,Blast of Power OGS-012/024 CN ¥2.01 EN $0.54
2026-09-03T19:41:39+00:00,https://bilgewatermarket.com/cards/OGS-013,"Garen, Commander",nonfoil,0.89,https://bilgewatermarket.com/cards/OGS-013,normal,,¥0.51,$0.89,OGS-013,"Garen, Commander OGS-013/024 CN ¥0.51 EN $0.89"
2026-09-03T19:41:39+00:00,https://bilgewatermarket.com/cards/OGS-014,"Lux, Crownguard",nonfoil,4.71,https://bilgewatermarket.com/cards/OGS-014,normal,,¥2.98,$4.71,OGS-014,"Lux, Crownguard OGS-014/024 CN ¥2.98 EN $4.71"
2026-09-03T19:41:39+00:00,https://bilgewatermarket.com/cards/OGS-015,Recruit the Vanguard,nonfoil,0.89,https://bilgewatermarket.com/cards/OGS-015,normal,,¥1.21,$0.89,OGS-015,Recruit the Vanguard OGS-015/024 CN ¥1.21 EN $0.89
2026-09-03T19:41:39+00:00,https://bilgewatermarket.com/cards/OGS-016,Vanguard Attendant,nonfoil,0.24,https://bilgewatermarket.com/cards/OGS-016,normal,,¥0.50,$0.24,OGS-016,Vanguard Attendant OGS-016/024 CN ¥0.50 EN $0.24
2026-09-03T19:41:39+00:00,https://bilgewatermarket.com/cards/OGS-017,"Annie, Dark Child, Starter",nonfoil,4.64,https://bilgewatermarket.com/cards/OGS-017,normal,,¥4.48,$4.64,OGS-017,"Annie, Dark Child, Starter OGS-017/024 CN ¥4.48 EN $4.64"
2026-09-03T19:41:39+00:00,https://bilgewatermarket.com/cards/OGS-018,Tibbers,nonfoil,0.63,https://bilgewatermarket.com/cards/OGS-018,normal,,¥0.93,$0.63,OGS-018,Tibbers OGS-018/024 CN ¥0.93 EN $0.63
2026-09-03T19:41:39+00:00,https://bilgewatermarket.com/cards/OGS-019,"Master Yi, Wuju Bladesman, Starter",nonfoil,20.88,https://bilgewatermarket.com/cards/OGS-019,normal,,¥39.50,$20.88,OGS-019,"Master Yi, Wuju Bladesman, Starter OGS-019/024 CN ¥39.50 EN $20.88"
2026-09-03T19:41:39+00:00,https://bilgewatermarket.com/cards/OGS-020,Highlander,nonfoil,0.86,https://bilgewatermarket.com/cards/OGS-020,normal,,¥1.21,$0.86,OGS-020,Highlander OGS-020/024 CN ¥1.21 EN $0.86
2026-09-03T19:41:39+00:00,https://bilgewatermarket.com/cards/OGS-021,"Lux, Lady of Luminosity, Starter",nonfoil,10.13,https://bilgewatermarket.com/cards/OGS-021,normal,,¥6.07,$10.13,OGS-021,"Lux, Lady of Luminosity, Starter OGS-021/024 CN ¥6.07 EN $10.13"
2026-09-03T19:41:39+00:00,https://bilgewatermarket.com/cards/OGS-022,Final Spark,nonfoil,1.19,https://bilgewatermarket.com/cards/OGS-022,normal,,¥0.98,$1.19,OGS-022,Final Spark OGS-022/024 CN ¥0.98 EN $1.19
2026-09-03T19:41:39+00:00,https://bilgewatermarket.com/cards/OGS-023,"Garen, Might of Demacia, Starter",nonfoil,1.02,https://bilgewatermarket.com/cards/OGS-023,normal,,¥1.01,$1.02,OGS-023,"Garen, Might of Demacia, Starter OGS-023/024 CN ¥1.01 EN $1.02"
2026-09-03T19:41:39+00:00,https://bilgewatermarket.com/cards/OGS-024,Decisive Strike,nonfoil,0.43,https://bilgewatermarket.com/cards/OGS-024,normal,,¥0.51,$0.43,OGS-024,Decisive Strike OGS-024/024 CN ¥0.51 EN $0.43
2026-09-03T19:41:39+00:00,https://bilgewatermarket.com/cards/OGN-001?print_variation=foiled,Blazing Scorcher,foil,0.25,https://bilgewatermarket.com/cards/OGN-001?print_variation=foiled,foiled,,¥0.52,$0.25,OGN-001,Blazing Scorcher OGN-001/298 Foiled CN ¥0.52 EN $0.25
2026-09-03T19:41:39+00:00,https://bilgewatermarket.com/cards/OGN-001,Blazing Scorcher,nonfoil,0.10,https://bilgewatermarket.com/cards/OGN-001,normal,,¥0.51,$0.10,OGN-001,Blazing Scorcher OGN-001/298 CN ¥0.51 EN $0.10
2026-09-03T19:41:39+00:00,https://bilgewatermarket.com/cards/OGN-002?print_variation=foiled,Brazen Buccaneer,foil,0.15,https://bilgewatermarket.com/cards/OGN-002?print_variation=foiled,foiled,,¥0.50,$0.15,OGN-002,Brazen Buccaneer OGN-002/298 Foiled CN ¥0.50 EN $0.15
2026-09-03T19:41:39+00:00,https://bilgewatermarket.com/cards/OGN-002,Brazen Buccaneer,nonfoil,0.09,https://bilgewatermarket.com/cards/OGN-002,normal,,¥0.50,$0.09,OGN-002,Brazen Buccaneer OGN-002/298 CN ¥0.50 EN $0.09
2026-09-03T19:41:39+00:00,https://bilgewatermarket.com/cards/OGN-003?print_variation=foiled,Chemtech Enforcer,foil,0.13,https://bilgewatermarket.com/cards/OGN-003?print_variation=foiled,foiled,,¥0.50,$0.13,OGN-003,Chemtech Enforcer OGN-003/298 Foiled CN ¥0.50 EN $0.13
2026-09-03T19:41:39+00:00,https://bilgewatermarket.com/cards/OGN-003,Chemtech Enforcer,nonfoil,0.05,https://bilgewatermarket.com/cards/OGN-003,normal,,¥0.56,$0.05,OGN-003,Chemtech Enforcer OGN-003/298 CN ¥0.56 EN $0.05
2026-09-03T19:41:39+00:00,https://bilgewatermarket.com/cards/OGN-004?print_variation=foiled,Cleave,foil,0.42,https://bilgewatermarket.com/cards/OGN-004?print_variation=foiled,foiled,,¥2.29,$0.42,OGN-004,Cleave OGN-004/298 Foiled CN ¥2.29 EN $0.42
2026-09-03T19:41:39+00:00,https://bilgewatermarket.com/cards/OGN-004,Cleave,nonfoil,0.16,https://bilgewatermarket.com/cards/OGN-004,normal,,¥0.56,$0.16,OGN-004,Cleave OGN-004/298 CN ¥0.56 EN $0.16
2026-09-03T19:41:39+00:00,https://bilgewatermarket.com/cards/OGN-005?print_variation=foiled,Disintegrate,foil,0.23,https://bilgewatermarket.com/cards/OGN-005?print_variation=foiled,foiled,,¥0.51,$0.23,OGN-005,Disintegrate OGN-005/298 Foiled CN ¥0.51 EN $0.23
2026-09-03T19:41:39+00:00,https://bilgewatermarket.com/cards/OGN-005,Disintegrate,nonfoil,0.07,https://bilgewatermarket.com/cards/OGN-005,normal,,¥0.65,$0.07,OGN-005,Disintegrate OGN-005/298 CN ¥0.65 EN $0.07
2026-09-03T19:41:39+00:00,https://bilgewatermarket.com/cards/OGN-006?print_variation=foiled,Flame Chompers,foil,0.21,https://bilgewatermarket.com/cards/OGN-006?print_variation=foiled,foiled,,¥0.55,$0.21,OGN-006,Flame Chompers OGN-006/298 Foiled CN ¥0.55 EN $0.21
2026-09-03T19:41:39+00:00,https://bilgewatermarket.com/cards/OGN-006,Flame Chompers,nonfoil,0.12,https://bilgewatermarket.com/cards/OGN-006,normal,,¥0.54,$0.12,OGN-006,Flame Chompers OGN-006/298 CN ¥0.54 EN $0.12
2026-09-03T19:41:39+00:00,https://bilgewatermarket.com/cards/OGN-007,Fury Rune,nonfoil,0.09,https://bilgewatermarket.com/cards/OGN-007,normal,,¥0.52,$0.09,OGN-007,Fury Rune OGN-007/298 CN ¥0.52 EN $0.09
2026-09-03T19:41:39+00:00,https://bilgewatermarket.com/cards/OGN-007a?print_variation=showcase,Fury Rune,nonfoil,3.76,https://bilgewatermarket.com/cards/OGN-007a?print_variation=showcase,showcase,,¥32.25,$3.76,OGN-007a,Fury Rune OGN-007a/298 Showcase CN ¥32.25 EN $3.76
2026-09-03T19:41:39+00:00,https://bilgewatermarket.com/cards/OGN-008?print_variation=foiled,Get Excited!,foil,0.28,https://bilgewatermarket.com/cards/OGN-008?print_variation=foiled,foiled,,¥0.84,$0.28,OGN-008,Get Excited! OGN-008/298 Foiled CN ¥0.84 EN $0.28
2026-09-03T19:41:39+00:00,https://bilgewatermarket.com/cards/OGN-008,Get Excited!,nonfoil,0.08,https://bilgewatermarket.com/cards/OGN-008,normal,,¥0.50,$0.08,OGN-008,Get Excited! OGN-008/298 CN ¥0.50 EN $0.08
2026-09-03T19:41:39+00:00,https://bilgewatermarket.com/cards/OGN-009?print_variation=foiled,Hextech Ray,foil,0.52,https://bilgewatermarket.com/cards/OGN-009?print_variation=foiled,foiled,,¥1.79,$0.52,OGN-009,Hextech Ray OGN-009/298 Foiled CN ¥1.79 EN $0.52
2026-09-03T19:41:39+00:00,https://bilgewatermarket.com/cards/OGN-009,Hextech Ray,nonfoil,0.19,https://bilgewatermarket.com/cards/OGN-009,normal,,¥0.55,$0.19,OGN-009,Hextech Ray OGN-009/298 CN ¥0.55 EN $0.19
2026-09-03T19:41:39+00:00,https://bilgewatermarket.com/cards/OGN-010?print_variation=foiled,Legion Rearguard,foil,0.29,https://bilgewatermarket.com/cards/OGN-010?print_variation=foiled,foiled,,¥0.82,$0.29,OGN-010,Legion Rearguard OGN-010/298 Foiled CN ¥0.82 EN $0.29
2026-09-03T19:41:39+00:00,https://bilgewatermarket.com/cards/OGN-010,Legion Rearguard,nonfoil,0.10,https://bilgewatermarket.com/cards/OGN-010,normal,,¥0.57,$0.10,OGN-010,Legion Rearguard OGN-010/298 CN ¥0.57 EN $0.10
2026-09-03T19:41:39+00:00,https://bilgewatermarket.com/cards/OGN-011?print_variation=foiled,Magma Wurm,foil,0.18,https://bilgewatermarket.com/cards/OGN-011?print_variation=foiled,foiled,,¥0.50,$0.18,OGN-011,Magma Wurm OGN-011/298 Foiled CN ¥0.50 EN $0.18
2026-09-03T19:41:39+00:00,https://bilgewatermarket.com/cards/OGN-011,Magma Wurm,nonfoil,0.06,https://bilgewatermarket.com/cards/OGN-011,normal,,¥0.50,$0.06,OGN-011,Magma Wurm OGN-011/298 CN ¥0.50 EN $0.06
2026-09-03T19:41:39+00:00,https://bilgewatermarket.com/cards/OGN-012?print_variation=foiled,Noxus Hopeful,foil,6.71,https://bilgewatermarket.com/cards/OGN-012?print_variation=foiled,foiled,,¥3.39,$6.71,OGN-012,Noxus Hopeful OGN-012/298 Foiled CN ¥3.39 EN $6.71
2026-09-03T19:41:39+00:00,https://bilgewatermarket.com/cards/OGN-012,Noxus Hopeful,nonfoil,0.68,https://bilgewatermarket.com/cards/OGN-012,normal,,¥0.62,$0.68,OGN-012,Noxus Hopeful OGN-012/298 CN ¥0.62 EN $0.68
2026-09-03T19:41:39+00:00,https://bilgewatermarket.com/cards/OGN-013?print_variation=foiled,Pouty Poro,foil,0.36,https://bilgewatermarket.com/cards/OGN-013?print_variation=foiled,foiled,,¥1.13,$0.36,OGN-013,Pouty Poro OGN-013/298 Foiled CN ¥1.13 EN $0.36
2026-09-03T19:41:39+00:00,https://bilgewatermarket.com/cards/OGN-013,Pouty Poro,nonfoil,0.13,https://bilgewatermarket.com/cards/OGN-013,normal,,¥0.50,$0.13,OGN-013,Pouty Poro OGN-013/298 CN ¥0.50 EN $0.13
2026-09-03T19:41:39+00:00,https://bilgewatermarket.com/cards/OGN-014?print_variation=foiled,Sky Splitter,foil,0.30,https://bilgewatermarket.com/cards/OGN-014?print_variation=foiled,foiled,,¥0.58,$0.30,OGN-014,Sky Splitter OGN-014/298 Foiled CN ¥0.58 EN $0.30
2026-09-03T19:41:39+00:00,https://bilgewatermarket.com/cards/OGN-014,Sky Splitter,nonfoil,0.13,https://bilgewatermarket.com/cards/OGN-014,normal,,¥0.50,$0.13,OGN-014,Sky Splitter OGN-014/298 CN ¥0.50 EN $0.13
2026-09-03T19:41:39+00:00,https://bilgewatermarket.com/cards/OGN-015?print_variation=foiled,Captain Farron,foil,0.30,https://bilgewatermarket.com/cards/OGN-015?print_variation=foiled,foiled,,¥0.50,$0.30,OGN-015,Captain Farron OGN-015/298 Foiled CN ¥0.50 EN $0.30
2026-09-03T19:41:39+00:00,https://bilgewatermarket.com/cards/OGN-015,Captain Farron,nonfoil,0.11,https://bilgewatermarket.com/cards/OGN-015,normal,,¥0.59,$0.11,OGN-015,Captain Farron OGN-015/298 CN ¥0.59 EN $0.11
2026-09-03T19:41:39+00:00,https://bilgewatermarket.com/cards/OGN-016?print_variation=foiled,Dangerous Duo,foil,0.21,https://bilgewatermarket.com/cards/OGN-016?print_variation=foiled,foiled,,¥0.51,$0.21,OGN-016,Dangerous Duo OGN-016/298 Foiled CN ¥0.51 EN $0.21
2026-09-03T19:41:39+00:00,https://bilgewatermarket.com/cards/OGN-016,Dangerous Duo,nonfoil,0.07,https://bilgewatermarket.com/cards/OGN-016,normal,,¥0.50,$0.07,OGN-016,Dangerous Duo OGN-016/298 CN ¥0.50 EN $0.07
2026-09-03T19:41:39+00:00,https://bilgewatermarket.com/cards/OGN-017?print_variation=foiled,Iron Ballista,foil,0.44,https://bilgewatermarket.com/cards/OGN-017?print_variation=foiled,foiled,,¥0.63,$0.44,OGN-017,Iron Ballista OGN-017/298 Foiled CN ¥0.63 EN $0.44
2026-09-03T19:41:39+00:00,https://bilgewatermarket.com/cards/OGN-017,Iron Ballista,nonfoil,0.14,https://bilgewatermarket.com/cards/OGN-017,normal,,¥0.59,$0.14,OGN-017,Iron Ballista OGN-017/298 CN ¥0.59 EN $0.14
2026-09-03T19:41:39+00:00,https://bilgewatermarket.com/cards/OGN-018?print_variation=foiled,Noxus Saboteur,foil,0.26,https://bilgewatermarket.com/cards/OGN-018?print_variation=foiled,foiled,,¥0.69,$0.26,OGN-018,Noxus Saboteur OGN-018/298 Foiled CN ¥0.69 EN $0.26
2026-09-03T19:41:39+00:00,https://bilgewatermarket.com/cards/OGN-018,Noxus Saboteur,nonfoil,0.12,https://bilgewatermarket.com/cards/OGN-018,normal,,¥0.50,$0.12,OGN-018,Noxus Saboteur OGN-018/298 CN ¥0.50 EN $0.12
2026-09-03T19:41:39+00:00,https://bilgewatermarket.com/cards/OGN-019?print_variation=foiled,Raging Soul,foil,0.27,https://bilgewatermarket.com/cards/OGN-019?print_variation=foiled,foiled,,¥0.70,$0.27,OGN-019,Raging Soul OGN-019/298 Foiled CN ¥0.70 EN $0.27
2026-09-03T19:41:39+00:00,https://bilgewatermarket.com/cards/OGN-019,Raging Soul,nonfoil,0.06,https://bilgewatermarket.com/cards/OGN-019,normal,,¥0.50,$0.06,OGN-019,Raging Soul OGN-019/298 CN ¥0.50 EN $0.06
2026-09-03T19:41:39+00:00,https://bilgewatermarket.com/cards/OGN-020?print_variation=foiled,Scrapyard Champion,foil,0.31,https://bilgewatermarket.com/cards/OGN-020?print_variation=foiled,foiled,,¥0.69,$0.31,OGN-020,Scrapyard Champion OGN-020/298 Foiled CN ¥0.69 EN $0.31
2026-09-03T19:41:39+00:00,https://bilgewatermarket.com/cards/OGN-020,Scrapyard Champion,nonfoil,0.17,https://bilgewatermarket.com/cards/OGN-020,normal,,¥0.50,$0.17,OGN-020,Scrapyard Champion OGN-020/298 CN ¥0.50 EN $0.17
2026-09-03T19:41:39+00:00,https://bilgewatermarket.com/cards/OGN-021?print_variation=foiled,Sun Disc,foil,0.60,https://bilgewatermarket.com/cards/OGN-021?print_variation=foiled,foiled,,¥1.90,$0.60,OGN-021,Sun Disc OGN-021/298 Foiled CN ¥1.90 EN $0.60
2026-09-03T19:41:39+00:00,https://bilgewatermarket.com/cards/OGN-021,Sun Disc,nonfoil,0.19,https://bilgewatermarket.com/cards/OGN-021,normal,,¥0.51,$0.19,OGN-021,Sun Disc OGN-021/298 CN ¥0.51 EN $0.19
2026-09-03T19:41:39+00:00,https://bilgewatermarket.com/cards/OGN-022?print_variation=foiled,Thermo Beam,foil,2.24,https://bilgewatermarket.com/cards/OGN-022?print_variation=foiled,foiled,,¥3.89,$2.24,OGN-022,Thermo Beam OGN-022/298 Foiled CN ¥3.89 EN $2.24
2026-09-03T19:41:39+00:00,https://bilgewatermarket.com/cards/OGN-022,Thermo Beam,nonfoil,0.36,https://bilgewatermarket.com/cards/OGN-022,normal,,¥0.99,$0.36,OGN-022,Thermo Beam OGN-022/298 CN ¥0.99 EN $0.36
2026-09-03T19:41:39+00:00,https://bilgewatermarket.com/cards/OGN-023?print_variation=foiled,Unlicensed Armory,foil,0.25,https://bilgewatermarket.com/cards/OGN-023?print_variation=foiled,foiled,,¥0.77,$0.25,OGN-023,Unlicensed Armory OGN-023/298 Foiled CN ¥0.77 EN $0.25
2026-09-03T19:41:39+00:00,https://bilgewatermarket.com/cards/OGN-023,Unlicensed Armory,nonfoil,0.16,https://bilgewatermarket.com/cards/OGN-023,normal,,¥0.50,$0.16,OGN-023,Unlicensed Armory OGN-023/298 CN ¥0.50 EN $0.16
2026-09-03T19:41:39+00:00,https://bilgewatermarket.com/cards/OGN-024?print_variation=foiled,Void Seeker,foil,0.50,https://bilgewatermarket.com/cards/OGN-024?print_variation=foiled,foiled,,¥3.35,$0.50,OGN-024,Void Seeker OGN-024/298 Foiled CN ¥3.35 EN $0.50
2026-09-03T19:41:39+00:00,https://bilgewatermarket.com/cards/OGN-024,Void Seeker,nonfoil,0.25,https://bilgewatermarket.com/cards/OGN-024,normal,,¥0.64,$0.25,OGN-024,Void Seeker OGN-024/298 CN ¥0.64 EN $0.25
2026-09-03T19:41:39+00:00,https://bilgewatermarket.com/cards/OGN-025,Blind Fury,nonfoil,0.25,https://bilgewatermarket.com/cards/OGN-025,normal,,¥0.51,$0.25,OGN-025,Blind Fury OGN-025/298 CN ¥0.51 EN $0.25
2026-09-03T19:41:39+00:00,https://bilgewatermarket.com/cards/OGN-026,Brynhir Thundersong,nonfoil,2.41,https://bilgewatermarket.com/cards/OGN-026,normal,,¥5.49,$2.41,OGN-026,Brynhir Thundersong OGN-026/298 CN ¥5.49 EN $2.41
2026-09-03T19:41:39+00:00,https://bilgewatermarket.com/cards/OGN-027,"Darius, Trifarian",nonfoil,1.62,https://bilgewatermarket.com/cards/OGN-027,normal,,¥5.47,$1.62,OGN-027,"Darius, Trifarian OGN-027/298 CN ¥5.47 EN $1.62"
2026-09-03T19:41:39+00:00,https://bilgewatermarket.com/cards/OGN-027a?print_variation=showcase,"Darius, Trifarian",nonfoil,5.14,https://bilgewatermarket.com/cards/OGN-027a?print_variation=showcase,showcase,,¥13.99,$5.14,OGN-027a,"Darius, Trifarian OGN-027a/298 Showcase CN ¥13.99 EN $5.14"
2026-09-03T19:41:39+00:00,https://bilgewatermarket.com/cards/OGN-028,"Draven, Showboat",nonfoil,0.29,https://bilgewatermarket.com/cards/OGN-028,normal,,¥1.20,$0.29,OGN-028,"Draven, Showboat OGN-028/298 CN ¥1.20 EN $0.29"
2026-09-03T19:41:39+00:00,https://bilgewatermarket.com/cards/OGN-029,Falling Star,nonfoil,14.89,https://bilgewatermarket.com/cards/OGN-029,normal,,¥15.15,$14.89,OGN-029,Falling Star OGN-029/298 CN ¥15.15 EN $14.89
2026-09-03T19:41:39+00:00,https://bilgewatermarket.com/cards/OGN-030,"Jinx, Demolitionist",nonfoil,0.31,https://bilgewatermarket.com/cards/OGN-030,normal,,¥0.55,$0.31,OGN-030,"Jinx, Demolitionist OGN-030/298 CN ¥0.55 EN $0.31"
2026-09-03T19:41:39+00:00,https://bilgewatermarket.com/cards/OGN-030a?print_variation=showcase,"Jinx, Demolitionist",nonfoil,4.42,https://bilgewatermarket.com/cards/OGN-030a?print_variation=showcase,showcase,,¥3.60,$4.42,OGN-030a,"Jinx, Demolitionist OGN-030a/298 Showcase CN ¥3.60 EN $4.42"
2026-09-03T19:41:39+00:00,https://bilgewatermarket.com/cards/OGN-031,Raging Firebrand,nonfoil,0.23,https://bilgewatermarket.com/cards/OGN-031,normal,,¥0.50,$0.23,OGN-031,Raging Firebrand OGN-031/298 CN ¥0.50 EN $0.23
2026-09-03T19:41:39+00:00,https://bilgewatermarket.com/cards/OGN-032,Ravenborn Tome,nonfoil,0.16,https://bilgewatermarket.com/cards/OGN-032,normal,,¥0.53,$0.16,OGN-032,Ravenborn Tome OGN-032/298 CN ¥0.53 EN $0.16
2026-09-03T19:41:39+00:00,https://bilgewatermarket.com/cards/OGN-033,Shakedown,nonfoil,0.29,https://bilgewatermarket.com/cards/OGN-033,normal,,¥0.71,$0.29,OGN-033,Shakedown OGN-033/298 CN ¥0.71 EN $0.29
2026-09-03T19:41:39+00:00,https://bilgewatermarket.com/cards/OGN-034,"Tryndamere, Barbarian",nonfoil,0.26,https://bilgewatermarket.com/cards/OGN-034,normal,,¥0.67,$0.26,OGN-034,"Tryndamere, Barbarian OGN-034/298 CN ¥0.67 EN $0.26"
2026-09-03T19:41:39+00:00,https://bilgewatermarket.com/cards/OGN-035,"Vayne, Hunter",nonfoil,0.37,https://bilgewatermarket.com/cards/OGN-035,normal,,¥0.59,$0.37,OGN-035,"Vayne, Hunter OGN-035/298 CN ¥0.59 EN $0.37"
2026-09-03T19:41:39+00:00,https://bilgewatermarket.com/cards/OGN-036,"Vi, Destructive",nonfoil,0.42,https://bilgewatermarket.com/cards/OGN-036,normal,,¥1.59,$0.42,OGN-036,"Vi, Destructive OGN-036/298 CN ¥1.59 EN $0.42"
2026-09-03T19:41:39+00:00,https://bilgewatermarket.com/cards/OGN-037,Immortal Phoenix,nonfoil,5.36,https://bilgewatermarket.com/cards/OGN-037,normal,,¥12.78,$5.36,OGN-037,Immortal Phoenix OGN-037/298 CN ¥12.78 EN $5.36
2026-09-03T19:41:39+00:00,https://bilgewatermarket.com/cards/OGN-038,Kadregrin the Infernal,nonfoil,7.13,https://bilgewatermarket.com/cards/OGN-038,normal,,¥10.22,$7.13,OGN-038,Kadregrin the Infernal OGN-038/298 CN ¥10.22 EN $7.13
2026-09-03T19:41:39+00:00,https://bilgewatermarket.com/cards/OGN-039,"Kai'Sa, Survivor",nonfoil,72.94,https://bilgewatermarket.com/cards/OGN-039,normal,,¥144.66,$72.94,OGN-039,"Kai'Sa, Survivor OGN-039/298 CN ¥144.66 EN $72.94"
2026-09-03T19:41:39+00:00,https://bilgewatermarket.com/cards/OGN-039a?print_variation=showcase,"Kai'Sa, Survivor",nonfoil,70.58,https://bilgewatermarket.com/cards/OGN-039a?print_variation=showcase,showcase,,¥146.24,$70.58,OGN-039a,"Kai'Sa, Survivor OGN-039a/298 Showcase CN ¥146.24 EN $70.58"
2026-09-03T19:41:39+00:00,https://bilgewatermarket.com/cards/OGN-040,Seal of Rage,nonfoil,16.26,https://bilgewatermarket.com/cards/OGN-040,normal,,¥38.99,$16.26,OGN-040,Seal of Rage OGN-040/298 CN ¥38.99 EN $16.26
2026-09-03T19:41:39+00:00,https://bilgewatermarket.com/cards/OGN-041,"Volibear, Furious",nonfoil,1.05,https://bilgewatermarket.com/cards/OGN-041,normal,,¥1.31,$1.05,OGN-041,"Volibear, Furious OGN-041/298 CN ¥1.31 EN $1.05"
2026-09-03T19:41:39+00:00,https://bilgewatermarket.com/cards/OGN-041a?print_variation=showcase,"Volibear, Furious",nonfoil,2.90,https://bilgewatermarket.com/cards/OGN-041a?print_variation=showcase,showcase,,¥2.75,$2.90,OGN-041a,"Volibear, Furious OGN-041a/298 Showcase CN ¥2.75 EN $2.90"
2026-09-03T19:41:39+00:00,https://bilgewatermarket.com/cards/OGN-042,Calm Rune,nonfoil,0.15,https://bilgewatermarket.com/cards/OGN-042,normal,,¥0.52,$0.15,OGN-042,Calm Rune OGN-042/298 CN ¥0.52 EN $0.15
2026-09-03T19:41:39+00:00,https://bilgewatermarket.com/cards/OGN-042a?print_variation=showcase,Calm Rune,nonfoil,5.01,https://bilgewatermarket.com/cards/OGN-042a?print_variation=showcase,showcase,,¥34.23,$5.01,OGN-042a,Calm Rune OGN-042a/298 Showcase CN ¥34.23 EN $5.01
2026-09-03T19:41:39+00:00,https://bilgewatermarket.com/cards/OGN-043?print_variation=foiled,Charm,foil,4.93,https://bilgewatermarket.com/cards/OGN-043?print_variation=foiled,foiled,,¥4.90,$4.93,OGN-043,Charm OGN-043/298 Foiled CN ¥4.90 EN $4.93
2026-09-03T19:41:39+00:00,https://bilgewatermarket.com/cards/OGN-043,Charm,nonfoil,0.87,https://bilgewatermarket.com/cards/OGN-043,normal,,¥0.69,$0.87,OGN-043,Charm OGN-043/298 CN ¥0.69 EN $0.87
2026-09-03T19:41:39+00:00,https://bilgewatermarket.com/cards/OGN-044?print_variation=foiled,Clockwork Keeper,foil,0.31,https://bilgewatermarket.com/cards/OGN-044?print_variation=foiled,foiled,,¥1.66,$0.31,OGN-044,Clockwork Keeper OGN-044/298 Foiled CN ¥1.66 EN $0.31
2026-09-03T19:41:39+00:00,https://bilgewatermarket.com/cards/OGN-044,Clockwork Keeper,nonfoil,0.11,https://bilgewatermarket.com/cards/OGN-044,normal,,¥0.54,$0.11,OGN-044,Clockwork Keeper OGN-044/298 CN ¥0.54 EN $0.11
2026-09-03T19:41:39+00:00,https://bilgewatermarket.com/cards/OGN-045?print_variation=foiled,Defy,foil,9.40,https://bilgewatermarket.com/cards/OGN-045?print_variation=foiled,foiled,,¥7.01,$9.40,OGN-045,Defy OGN-045/298 Foiled CN ¥7.01 EN $9.40
2026-09-03T19:41:39+00:00,https://bilgewatermarket.com/cards/OGN-045,Defy,nonfoil,3.42,https://bilgewatermarket.com/cards/OGN-045,normal,,¥1.82,$3.42,OGN-045,Defy OGN-045/298 CN ¥1.82 EN $3.42
2026-09-03T19:41:39+00:00,https://bilgewatermarket.com/cards/OGN-046?print_variation=foiled,En Garde,foil,0.67,https://bilgewatermarket.com/cards/OGN-046?print_variation=foiled,foiled,,¥3.61,$0.67,OGN-046,En Garde OGN-046/298 Foiled CN ¥3.61 EN $0.67
2026-09-03T19:41:39+00:00,https://bilgewatermarket.com/cards/OGN-046,En Garde,nonfoil,0.26,https://bilgewatermarket.com/cards/OGN-046,normal,,¥0.61,$0.26,OGN-046,En Garde OGN-046/298 CN ¥0.61 EN $0.26
2026-09-03T19:41:39+00:00,https://bilgewatermarket.com/cards/OGN-047?print_variation=foiled,Find Your Center,foil,0.52,https://bilgewatermarket.com/cards/OGN-047?print_variation=foiled,foiled,,¥1.52,$0.52,OGN-047,Find Your Center OGN-047/298 Foiled CN ¥1.52 EN $0.52
2026-09-03T19:41:39+00:00,https://bilgewatermarket.com/cards/OGN-047,Find Your Center,nonfoil,0.24,https://bilgewatermarket.com/cards/OGN-047,normal,,¥0.56,$0.24,OGN-047,Find Your Center OGN-047/298 CN ¥0.56 EN $0.24
2026-09-03T19:41:39+00:00,https://bilgewatermarket.com/cards/OGN-048?print_variation=foiled,Meditation,foil,0.33,https://bilgewatermarket.com/cards/OGN-048?print_variation=foiled,foiled,,¥0.97,$0.33,OGN-048,Meditation OGN-048/298 Foiled CN ¥0.97 EN $0.33
2026-09-03T19:41:39+00:00,https://bilgewatermarket.com/cards/OGN-048,Meditation,nonfoil,0.17,https://bilgewatermarket.com/cards/OGN-048,normal,,¥0.51,$0.17,OGN-048,Meditation OGN-048/298 CN ¥0.51 EN $0.17
2026-09-03T19:41:39+00:00,https://bilgewatermarket.com/cards/OGN-049?print_variation=foiled,Playful Phantom,foil,0.10,https://bilgewatermarket.com/cards/OGN-049?print_variation=foiled,foiled,,¥0.50,$0.10,OGN-049,Playful Phantom OGN-049/298 Foiled CN ¥0.50 EN $0.10
2026-09-03T19:41:39+00:00,https://bilgewatermarket.com/cards/OGN-049,Playful Phantom,nonfoil,0.03,https://bilgewatermarket.com/cards/OGN-049,normal,,¥0.50,$0.03,OGN-049,Playful Phantom OGN-049/298 CN ¥0.50 EN $0.03
2026-09-03T19:41:39+00:00,https://bilgewatermarket.com/cards/OGN-050?print_variation=foiled,Rune Prison,foil,0.27,https://bilgewatermarket.com/cards/OGN-050?print_variation=foiled,foiled,,¥1.01,$0.27,OGN-050,Rune Prison OGN-050/298 Foiled CN ¥1.01 EN $0.27
2026-09-03T19:41:39+00:00,https://bilgewatermarket.com/cards/OGN-050,Rune Prison,nonfoil,0.11,https://bilgewatermarket.com/cards/OGN-050,normal,,¥0.53,$0.11,OGN-050,Rune Prison OGN-050/298 CN ¥0.53 EN $0.11
2026-09-03T19:41:39+00:00,https://bilgewatermarket.com/cards/OGN-051?print_variation=foiled,Solari Shieldbearer,foil,0.21,https://bilgewatermarket.com/cards/OGN-051?print_variation=foiled,foiled,,¥0.51,$0.21,OGN-051,Solari Shieldbearer OGN-051/298 Foiled CN ¥0.51 EN $0.21
2026-09-03T19:41:39+00:00,https://bilgewatermarket.com/cards/OGN-051,Solari Shieldbearer,nonfoil,0.09,https://bilgewatermarket.com/cards/OGN-051,normal,,¥0.50,$0.09,OGN-051,Solari Shieldbearer OGN-051/298 CN ¥0.50 EN $0.09
2026-09-03T19:41:39+00:00,https://bilgewatermarket.com/cards/OGN-052?print_variation=foiled,Stalwart Poro,foil,0.40,https://bilgewatermarket.com/cards/OGN-052?print_variation=foiled,foiled,,¥1.06,$0.40,OGN-052,Stalwart Poro OGN-052/298 Foiled CN ¥1.06 EN $0.40
2026-09-03T19:41:39+00:00,https://bilgewatermarket.com/cards/OGN-052,Stalwart Poro,nonfoil,0.13,https://bilgewatermarket.com/cards/OGN-052,normal,,¥0.50,$0.13,OGN-052,Stalwart Poro OGN-052/298 CN ¥0.50 EN $0.13
2026-09-03T19:41:39+00:00,https://bilgewatermarket.com/cards/OGN-053?print_variation=foiled,Stand United,foil,0.19,https://bilgewatermarket.com/cards/OGN-053?print_variation=foiled,foiled,,¥0.50,$0.19,OGN-053,Stand United OGN-053/298 Foiled CN ¥0.50 EN $0.19
2026-09-03T19:41:39+00:00,https://bilgewatermarket.com/cards/OGN-053,Stand United,nonfoil,0.07,https://bilgewatermarket.com/cards/OGN-053,normal,,¥0.50,$0.07,OGN-053,Stand United OGN-053/298 CN ¥0.50 EN $0.07
2026-09-03T19:41:39+00:00,https://bilgewatermarket.com/cards/OGN-054?print_variation=foiled,Sunlit Guardian,foil,0.19,https://bilgewatermarket.com/cards/OGN-054?print_variation=foiled,foiled,,¥0.94,$0.19,OGN-054,Sunlit Guardian OGN-054/298 Foiled CN ¥0.94 EN $0.19
2026-09-03T19:41:39+00:00,https://bilgewatermarket.com/cards/OGN-054,Sunlit Guardian,nonfoil,0.08,https://bilgewatermarket.com/cards/OGN-054,normal,,¥0.50,$0.08,OGN-054,Sunlit Guardian OGN-054/298 CN ¥0.50 EN $0.08
2026-09-03T19:41:39+00:00,https://bilgewatermarket.com/cards/OGN-055?print_variation=foiled,Wielder of Water,foil,0.20,https://bilgewatermarket.com/cards/OGN-055?print_variation=foiled,foiled,,¥0.53,$0.20,OGN-055,Wielder of Water OGN-055/298 Foiled CN ¥0.53 EN $0.20
2026-09-03T19:41:39+00:00,https://bilgewatermarket.com/cards/OGN-055,Wielder of Water,nonfoil,0.05,https://bilgewatermarket.com/cards/OGN-055,normal,,¥0.50,$0.05,OGN-055,Wielder of Water OGN-055/298 CN ¥0.50 EN $0.05
2026-09-03T19:41:39+00:00,https://bilgewatermarket.com/cards/OGN-056?print_variation=foiled,Adaptatron,foil,2.41,https://bilgewatermarket.com/cards/OGN-056?print_variation=foiled,foiled,,¥2.46,$2.41,OGN-056,Adaptatron OGN-056/298 Foiled CN ¥2.46 EN $2.41
2026-09-03T19:41:39+00:00,https://bilgewatermarket.com/cards/OGN-056,Adaptatron,nonfoil,0.34,https://bilgewatermarket.com/cards/OGN-056,normal,,¥0.62,$0.34,OGN-056,Adaptatron OGN-056/298 CN ¥0.62 EN $0.34
2026-09-03T19:41:39+00:00,https://bilgewatermarket.com/cards/OGN-057?print_variation=foiled,Block,foil,0.53,https://bilgewatermarket.com/cards/OGN-057?print_variation=foiled,foiled,,¥1.82,$0.53,OGN-057,Block OGN-057/298 Foiled CN ¥1.82 EN $0.53
2026-09-03T19:41:39+00:00,https://bilgewatermarket.com/cards/OGN-057,Block,nonfoil,0.23,https://bilgewatermarket.com/cards/OGN-057,normal,,¥0.64,$0.23,OGN-057,Block OGN-057/298 CN ¥0.64 EN $0.23
2026-09-03T19:41:39+00:00,https://bilgewatermarket.com/cards/OGN-058?print_variation=foiled,Discipline,foil,2.53,https://bilgewatermarket.com/cards/OGN-058?print_variation=foiled,foiled,,¥12.74,$2.53,OGN-058,Discipline OGN-058/298 Foiled CN ¥12.74 EN $2.53
2026-09-03T19:41:39+00:00,https://bilgewatermarket.com/cards/OGN-058,Discipline,nonfoil,1.52,https://bilgewatermarket.com/cards/OGN-058,normal,,¥9.62,$1.52,OGN-058,Discipline OGN-058/298 CN ¥9.62 EN $1.52
2026-09-03T19:41:39+00:00,https://bilgewatermarket.com/cards/OGN-059?print_variation=foiled,Eclipse Herald,foil,0.25,https://bilgewatermarket.com/cards/OGN-059?print_variation=foiled,foiled,,¥0.70,$0.25,OGN-059,Eclipse Herald OGN-059/298 Foiled CN ¥0.70 EN $0.25
2026-09-03T19:41:39+00:00,https://bilgewatermarket.com/cards/OGN-059,Eclipse Herald,nonfoil,0.15,https://bilgewatermarket.com/cards/OGN-059,normal,,¥0.50,$0.15,OGN-059,Eclipse Herald OGN-059/298 CN ¥0.50 EN $0.15
2026-09-03T19:41:39+00:00,https://bilgewatermarket.com/cards/OGN-060?print_variation=foiled,Mask of Foresight,foil,4.94,https://bilgewatermarket.com/cards/OGN-060?print_variation=foiled,foiled,,¥2.64,$4.94,OGN-060,Mask of Foresight OGN-060/298 Foiled CN ¥2.64 EN $4.94
2026-09-03T19:41:39+00:00,https://bilgewatermarket.com/cards/OGN-060,Mask of Foresight,nonfoil,0.84,https://bilgewatermarket.com/cards/OGN-060,normal,,¥0.61,$0.84,OGN-060,Mask of Foresight OGN-060/298 CN ¥0.61 EN $0.84
2026-09-03T19:41:39+00:00,https://bilgewatermarket.com/cards/OGN-061?print_variation=foiled,Poro Herder,foil,0.37,https://bilgewatermarket.com/cards/OGN-061?print_variation=foiled,foiled,,¥0.53,$0.37,OGN-061,Poro Herder OGN-061/298 Foiled CN ¥0.53 EN $0.37
2026-09-03T19:41:39+00:00,https://bilgewatermarket.com/cards/OGN-061,Poro Herder,nonfoil,0.16,https://bilgewatermarket.com/cards/OGN-061,normal,,¥0.50,$0.16,OGN-061,Poro Herder OGN-061/298 CN ¥0.50 EN $0.16
2026-09-03T19:41:39+00:00,https://bilgewatermarket.com/cards/OGN-062?print_variation=foiled,Reinforce,foil,0.42,https://bilgewatermarket.com/cards/OGN-062?print_variation=foiled,foiled,,¥0.52,$0.42,OGN-062,Reinforce OGN-062/298 Foiled CN ¥0.52 EN $0.42
2026-09-03T19:41:39+00:00,https://bilgewatermarket.com/cards/OGN-062,Reinforce,nonfoil,0.09,https://bilgewatermarket.com/cards/OGN-062,normal,,¥0.59,$0.09,OGN-062,Reinforce OGN-062/298 CN ¥0.59 EN $0.09
2026-09-03T19:41:39+00:00,https://bilgewatermarket.com/cards/OGN-063?print_variation=foiled,Spirit's Refuge,foil,0.49,https://bilgewatermarket.com/cards/OGN-063?print_variation=foiled,foiled,,¥1.19,$0.49,OGN-063,Spirit's Refuge OGN-063/298 Foiled CN ¥1.19 EN $0.49
2026-09-03T19:41:39+00:00,https://bilgewatermarket.com/cards/OGN-063,Spirit's Refuge,nonfoil,0.16,https://bilgewatermarket.com/cards/OGN-063,normal,,¥0.54,$0.16,OGN-063,Spirit's Refuge OGN-063/298 CN ¥0.54 EN $0.16
2026-09-03T19:41:39+00:00,https://bilgewatermarket.com/cards/OGN-064?print_variation=foiled,Wind Wall,foil,1.31,https://bilgewatermarket.com/cards/OGN-064?print_variation=foiled,foiled,,¥3.89,$1.31,OGN-064,Wind Wall OGN-064/298 Foiled CN ¥3.89 EN $1.31
2026-09-03T19:41:39+00:00,https://bilgewatermarket.com/cards/OGN-064,Wind Wall,nonfoil,0.35,https://bilgewatermarket.com/cards/OGN-064,normal,,¥1.61,$0.35,OGN-064,Wind Wall OGN-064/298 CN ¥1.61 EN $0.35
2026-09-03T19:41:39+00:00,https://bilgewatermarket.com/cards/OGN-065?print_variation=foiled,Wizened Elder,foil,0.28,https://bilgewatermarket.com/cards/OGN-065?print_variation=foiled,foiled,,¥0.57,$0.28,OGN-065,Wizened Elder OGN-065/298 Foiled CN ¥0.57 EN $0.28
2026-09-03T19:41:39+00:00,https://bilgewatermarket.com/cards/OGN-065,Wizened Elder,nonfoil,0.06,https://bilgewatermarket.com/cards/OGN-065,normal,,¥0.50,$0.06,OGN-065,Wizened Elder OGN-065/298 CN ¥0.50 EN $0.06
2026-09-03T19:41:39+00:00,https://bilgewatermarket.com/cards/OGN-066,"Ahri, Alluring",nonfoil,1.01,https://bilgewatermarket.com/cards/OGN-066,normal,,¥0.75,$1.01,OGN-066,"Ahri, Alluring OGN-066/298 CN ¥0.75 EN $1.01"
2026-09-03T19:41:39+00:00,https://bilgewatermarket.com/cards/OGN-066a?print_variation=showcase,"Ahri, Alluring",nonfoil,6.89,https://bilgewatermarket.com/cards/OGN-066a?print_variation=showcase,showcase,,¥5.02,$6.89,OGN-066a,"Ahri, Alluring OGN-066a/298 Showcase CN ¥5.02 EN $6.89"
2026-09-03T19:41:39+00:00,https://bilgewatermarket.com/cards/OGN-067,"Blitzcrank, Impassive",nonfoil,0.92,https://bilgewatermarket.com/cards/OGN-067,normal,,¥1.72,$0.92,OGN-067,"Blitzcrank, Impassive OGN-067/298 CN ¥1.72 EN $0.92"
2026-09-03T19:41:39+00:00,https://bilgewatermarket.com/cards/OGN-068,"Caitlyn, Patrolling",nonfoil,0.26,https://bilgewatermarket.com/cards/OGN-068,normal,,¥0.51,$0.26,OGN-068,"Caitlyn, Patrolling OGN-068/298 CN ¥0.51 EN $0.26"
2026-09-03T19:41:39+00:00,https://bilgewatermarket.com/cards/OGN-069,Last Stand,nonfoil,0.27,https://bilgewatermarket.com/cards/OGN-069,normal,,¥0.64,$0.27,OGN-069,Last Stand OGN-069/298 CN ¥0.64 EN $0.27
2026-09-03T19:41:39+00:00,https://bilgewatermarket.com/cards/OGN-070,Mageseeker Warden,nonfoil,0.20,https://bilgewatermarket.com/cards/OGN-070,normal,,¥0.59,$0.20,OGN-070,Mageseeker Warden OGN-070/298 CN ¥0.59 EN $0.20
2026-09-03T19:41:39+00:00,https://bilgewatermarket.com/cards/OGN-071,Party Favors,nonfoil,0.32,https://bilgewatermarket.com/cards/OGN-071,normal,,¥0.56,$0.32,OGN-071,Party Favors OGN-071/298 CN ¥0.56 EN $0.32
2026-09-03T19:41:39+00:00,https://bilgewatermarket.com/cards/OGN-072,Solari Shrine,nonfoil,0.14,https://bilgewatermarket.com/cards/OGN-072,normal,,¥0.61,$0.14,OGN-072,Solari Shrine OGN-072/298 CN ¥0.61 EN $0.14
2026-09-03T19:41:39+00:00,https://bilgewatermarket.com/cards/OGN-073,"Sona, Harmonious",nonfoil,2.70,https://bilgewatermarket.com/cards/OGN-073,normal,,¥4.16,$2.70,OGN-073,"Sona, Harmonious OGN-073/298 CN ¥4.16 EN $2.70"
2026-09-03T19:41:39+00:00,https://bilgewatermarket.com/cards/OGN-074,"Taric, Protector",nonfoil,0.33,https://bilgewatermarket.com/cards/OGN-074,normal,,¥0.56,$0.33,OGN-074,"Taric, Protector OGN-074/298 CN ¥0.56 EN $0.33"
2026-09-03T19:41:39+00:00,https://bilgewatermarket.com/cards/OGN-075,Tasty Faefolk,nonfoil,1.48,https://bilgewatermarket.com/cards/OGN-075,normal,,¥4.06,$1.48,OGN-075,Tasty Faefolk OGN-075/298 CN ¥4.06 EN $1.48
2026-09-03T19:41:39+00:00,https://bilgewatermarket.com/cards/OGN-076,"Yasuo, Remorseful",nonfoil,0.36,https://bilgewatermarket.com/cards/OGN-076,normal,,¥0.57,$0.36,OGN-076,"Yasuo, Remorseful OGN-076/298 CN ¥0.57 EN $0.36"
2026-09-03T19:41:39+00:00,https://bilgewatermarket.com/cards/OGN-076a?print_variation=showcase,"Yasuo, Remorseful",nonfoil,3.25,https://bilgewatermarket.com/cards/OGN-076a?print_variation=showcase,showcase,,¥3.81,$3.25,OGN-076a,"Yasuo, Remorseful OGN-076a/298 Showcase CN ¥3.81 EN $3.25"
2026-09-03T19:41:39+00:00,https://bilgewatermarket.com/cards/OGN-077,Zhonya's Hourglass,nonfoil,14.42,https://bilgewatermarket.com/cards/OGN-077,normal,,¥17.95,$14.42,OGN-077,Zhonya's Hourglass OGN-077/298 CN ¥17.95 EN $14.42
2026-09-03T19:41:39+00:00,https://bilgewatermarket.com/cards/OGN-078,"Lee Sin, Ascetic",nonfoil,0.90,https://bilgewatermarket.com/cards/OGN-078,normal,,¥0.67,$0.90,OGN-078,"Lee Sin, Ascetic OGN-078/298 CN ¥0.67 EN $0.90"
2026-09-03T19:41:39+00:00,https://bilgewatermarket.com/cards/OGN-078a?print_variation=showcase,"Lee Sin, Ascetic",nonfoil,4.24,https://bilgewatermarket.com/cards/OGN-078a?print_variation=showcase,showcase,,¥4.02,$4.24,OGN-078a,"Lee Sin, Ascetic OGN-078a/298 Showcase CN ¥4.02 EN $4.24"
2026-09-03T19:41:39+00:00,https://bilgewatermarket.com/cards/OGN-079,"Leona, Zealot",nonfoil,2.13,https://bilgewatermarket.com/cards/OGN-079,normal,,¥1.93,$2.13,OGN-079,"Leona, Zealot OGN-079/298 CN ¥1.93 EN $2.13"
2026-09-03T19:41:39+00:00,https://bilgewatermarket.com/cards/OGN-079a?print_variation=showcase,"Leona, Zealot",nonfoil,7.87,https://bilgewatermarket.com/cards/OGN-079a?print_variation=showcase,showcase,,¥5.21,$7.87,OGN-079a,"Leona, Zealot OGN-079a/298 Showcase CN ¥5.21 EN $7.87"
2026-09-03T19:41:39+00:00,https://bilgewatermarket.com/cards/OGN-080,Mystic Reversal,nonfoil,1.13,https://bilgewatermarket.com/cards/OGN-080,normal,,¥4.84,$1.13,OGN-080,Mystic Reversal OGN-080/298 CN ¥4.84 EN $1.13
2026-09-03T19:41:39+00:00,https://bilgewatermarket.com/cards/OGN-081,Seal of Focus,nonfoil,21.10,https://bilgewatermarket.com/cards/OGN-081,normal,,¥42.10,$21.10,OGN-081,Seal of Focus OGN-081/298 CN ¥42.10 EN $21.10
2026-09-03T19:41:39+00:00,https://bilgewatermarket.com/cards/OGN-082,Whiteflame Protector,nonfoil,3.88,https://bilgewatermarket.com/cards/OGN-082,normal,,¥43.30,$3.88,OGN-082,Whiteflame Protector OGN-082/298 CN ¥43.30 EN $3.88
2026-09-03T19:41:39+00:00,https://bilgewatermarket.com/cards/OGN-083?print_variation=foiled,Consult the Past,foil,0.51,https://bilgewatermarket.com/cards/OGN-083?print_variation=foiled,foiled,,¥1.59,$0.51,OGN-083,Consult the Past OGN-083/298 Foiled CN ¥1.59 EN $0.51
2026-09-03T19:41:39+00:00,https://bilgewatermarket.com/cards/OGN-083,Consult the Past,nonfoil,0.19,https://bilgewatermarket.com/cards/OGN-083,normal,,¥0.59,$0.19,OGN-083,Consult the Past OGN-083/298 CN ¥0.59 EN $0.19
2026-09-03T19:41:39+00:00,https://bilgewatermarket.com/cards/OGN-084?print_variation=foiled,Eager Apprentice,foil,0.22,https://bilgewatermarket.com/cards/OGN-084?print_variation=foiled,foiled,,¥1.00,$0.22,OGN-084,Eager Apprentice OGN-084/298 Foiled CN ¥1.00 EN $0.22
2026-09-03T19:41:39+00:00,https://bilgewatermarket.com/cards/OGN-084,Eager Apprentice,nonfoil,0.06,https://bilgewatermarket.com/cards/OGN-084,normal,,¥0.50,$0.06,OGN-084,Eager Apprentice OGN-084/298 CN ¥0.50 EN $0.06
2026-09-03T19:41:39+00:00,https://bilgewatermarket.com/cards/OGN-085?print_variation=foiled,Falling Comet,foil,0.33,https://bilgewatermarket.com/cards/OGN-085?print_variation=foiled,foiled,,¥0.62,$0.33,OGN-085,Falling Comet OGN-085/298 Foiled CN ¥0.62 EN $0.33
2026-09-03T19:41:39+00:00,https://bilgewatermarket.com/cards/OGN-085,Falling Comet,nonfoil,0.14,https://bilgewatermarket.com/cards/OGN-085,normal,,¥0.63,$0.14,OGN-085,Falling Comet OGN-085/298 CN ¥0.63 EN $0.14
2026-09-03T19:41:39+00:00,https://bilgewatermarket.com/cards/OGN-086?print_variation=foiled,Jeweled Colossus,foil,0.12,https://bilgewatermarket.com/cards/OGN-086?print_variation=foiled,foiled,,¥0.50,$0.12,OGN-086,Jeweled Colossus OGN-086/298 Foiled CN ¥0.50 EN $0.12
2026-09-03T19:41:39+00:00,https://bilgewatermarket.com/cards/OGN-086,Jeweled Colossus,nonfoil,0.05,https://bilgewatermarket.com/cards/OGN-086,normal,,¥0.50,$0.05,OGN-086,Jeweled Colossus OGN-086/298 CN ¥0.50 EN $0.05
2026-09-03T19:41:39+00:00,https://bilgewatermarket.com/cards/OGN-087?print_variation=foiled,Lecturing Yordle,foil,0.57,https://bilgewatermarket.com/cards/OGN-087?print_variation=foiled,foiled,,¥1.51,$0.57,OGN-087,Lecturing Yordle OGN-087/298 Foiled CN ¥1.51 EN $0.57
2026-09-03T19:41:39+00:00,https://bilgewatermarket.com/cards/OGN-087,Lecturing Yordle,nonfoil,0.16,https://bilgewatermarket.com/cards/OGN-087,normal,,¥0.54,$0.16,OGN-087,Lecturing Yordle OGN-087/298 CN ¥0.54 EN $0.16
2026-09-03T19:41:39+00:00,https://bilgewatermarket.com/cards/OGN-088?print_variation=foiled,Mega-Mech,foil,0.17,https://bilgewatermarket.com/cards/OGN-088?print_variation=foiled,foiled,,¥0.65,$0.17,OGN-088,Mega-Mech OGN-088/298 Foiled CN ¥0.65 EN $0.17
2026-09-03T19:41:39+00:00,https://bilgewatermarket.com/cards/OGN-088,Mega-Mech,nonfoil,0.03,https://bilgewatermarket.com/cards/OGN-088,normal,,¥0.50,$0.03,OGN-088,Mega-Mech OGN-088/298 CN ¥0.50 EN $0.03
2026-09-03T19:41:39+00:00,https://bilgewatermarket.com/cards/OGN-089,Mind Rune,nonfoil,0.15,https://bilgewatermarket.com/cards/OGN-089,normal,,¥0.51,$0.15,OGN-089,Mind Rune OGN-089/298 CN ¥0.51 EN $0.15
2026-09-03T19:41:39+00:00,https://bilgewatermarket.com/cards/OGN-089a?print_variation=showcase,Mind Rune,nonfoil,5.19,https://bilgewatermarket.com/cards/OGN-089a?print_variation=showcase,showcase,,¥41.51,$5.19,OGN-089a,Mind Rune OGN-089a/298 Showcase CN ¥41.51 EN $5.19
2026-09-03T19:41:39+00:00,https://bilgewatermarket.com/cards/OGN-090?print_variation=foiled,Orb of Regret,foil,0.20,https://bilgewatermarket.com/cards/OGN-090?print_variation=foiled,foiled,,¥0.61,$0.20,OGN-090,Orb of Regret OGN-090/298 Foiled CN ¥0.61 EN $0.20
2026-09-03T19:41:39+00:00,https://bilgewatermarket.com/cards/OGN-090,Orb of Regret,nonfoil,0.08,https://bilgewatermarket.com/cards/OGN-090,normal,,¥0.50,$0.08,OGN-090,Orb of Regret OGN-090/298 CN ¥0.50 EN $0.08
2026-09-03T19:41:39+00:00,https://bilgewatermarket.com/cards/OGN-091?print_variation=foiled,Pit Crew,foil,0.45,https://bilgewatermarket.com/cards/OGN-091?print_variation=foiled,foiled,,¥0.67,$0.45,OGN-091,Pit Crew OGN-091/298 Foiled CN ¥0.67 EN $0.45
2026-09-03T19:41:39+00:00,https://bilgewatermarket.com/cards/OGN-091,Pit Crew,nonfoil,0.15,https://bilgewatermarket.com/cards/OGN-091,normal,,¥0.57,$0.15,OGN-091,Pit Crew OGN-091/298 CN ¥0.57 EN $0.15
2026-09-03T19:41:39+00:00,https://bilgewatermarket.com/cards/OGN-092?print_variation=foiled,Riptide Rex,foil,0.26,https://bilgewatermarket.com/cards/OGN-092?print_variation=foiled,foiled,,¥0.72,$0.26,OGN-092,Riptide Rex OGN-092/298 Foiled CN ¥0.72 EN $0.26
2026-09-03T19:41:39+00:00,https://bilgewatermarket.com/cards/OGN-092,Riptide Rex,nonfoil,0.13,https://bilgewatermarket.com/cards/OGN-092,normal,,¥0.56,$0.13,OGN-092,Riptide Rex OGN-092/298 CN ¥0.56 EN $0.13
2026-09-03T19:41:39+00:00,https://bilgewatermarket.com/cards/OGN-093?print_variation=foiled,Smoke Screen,foil,0.69,https://bilgewatermarket.com/cards/OGN-093?print_variation=foiled,foiled,,¥1.81,$0.69,OGN-093,Smoke Screen OGN-093/298 Foiled CN ¥1.81 EN $0.69
2026-09-03T19:41:39+00:00,https://bilgewatermarket.com/cards/OGN-093,Smoke Screen,nonfoil,0.23,https://bilgewatermarket.com/cards/OGN-093,normal,,¥0.56,$0.23,OGN-093,Smoke Screen OGN-093/298 CN ¥0.56 EN $0.23
2026-09-03T19:41:39+00:00,https://bilgewatermarket.com/cards/OGN-094?print_variation=foiled,Sprite Call,foil,0.36,https://bilgewatermarket.com/cards/OGN-094?print_variation=foiled,foiled,,¥0.90,$0.36,OGN-094,Sprite Call OGN-094/298 Foiled CN ¥0.90 EN $0.36
2026-09-03T19:41:39+00:00,https://bilgewatermarket.com/cards/OGN-094,Sprite Call,nonfoil,0.15,https://bilgewatermarket.com/cards/OGN-094,normal,,¥0.50,$0.15,OGN-094,Sprite Call OGN-094/298 CN ¥0.50 EN $0.15
2026-09-03T19:41:39+00:00,https://bilgewatermarket.com/cards/OGN-095?print_variation=foiled,Stupefy,foil,1.19,https://bilgewatermarket.com/cards/OGN-095?print_variation=foiled,foiled,,¥4.62,$1.19,OGN-095,Stupefy OGN-095/298 Foiled CN ¥4.62 EN $1.19
2026-09-03T19:41:39+00:00,https://bilgewatermarket.com/cards/OGN-095,Stupefy,nonfoil,0.29,https://bilgewatermarket.com/cards/OGN-095,normal,,¥0.61,$0.29,OGN-095,Stupefy OGN-095/298 CN ¥0.61 EN $0.29
2026-09-03T19:41:39+00:00,https://bilgewatermarket.com/cards/OGN-096?print_variation=foiled,Watchful Sentry,foil,1.35,https://bilgewatermarket.com/cards/OGN-096?print_variation=foiled,foiled,,¥2.40,$1.35,OGN-096,Watchful Sentry OGN-096/298 Foiled CN ¥2.40 EN $1.35
2026-09-03T19:41:39+00:00,https://bilgewatermarket.com/cards/OGN-096,Watchful Sentry,nonfoil,0.16,https://bilgewatermarket.com/cards/OGN-096,normal,,¥0.57,$0.16,OGN-096,Watchful Sentry OGN-096/298 CN ¥0.57 EN $0.16
2026-09-03T19:41:39+00:00,https://bilgewatermarket.com/cards/OGN-097?print_variation=foiled,Blastcone Fae,foil,0.35,https://bilgewatermarket.com/cards/OGN-097?print_variation=foiled,foiled,,¥1.60,$0.35,OGN-097,Blastcone Fae OGN-097/298 Foiled CN ¥1.60 EN $0.35
2026-09-03T19:41:39+00:00,https://bilgewatermarket.com/cards/OGN-097,Blastcone Fae,nonfoil,0.17,https://bilgewatermarket.com/cards/OGN-097,normal,,¥0.60,$0.17,OGN-097,Blastcone Fae OGN-097/298 CN ¥0.60 EN $0.17
2026-09-03T19:41:39+00:00,https://bilgewatermarket.com/cards/OGN-098?print_variation=foiled,Energy Conduit,foil,0.43,https://bilgewatermarket.com/cards/OGN-098?print_variation=foiled,foiled,,¥1.63,$0.43,OGN-098,Energy Conduit OGN-098/298 Foiled CN ¥1.63 EN $0.43
2026-09-03T19:41:39+00:00,https://bilgewatermarket.com/cards/OGN-098,Energy Conduit,nonfoil,0.15,https://bilgewatermarket.com/cards/OGN-098,normal,,¥0.67,$0.15,OGN-098,Energy Conduit OGN-098/298 CN ¥0.67 EN $0.15
2026-09-03T19:41:39+00:00,https://bilgewatermarket.com/cards/OGN-099?print_variation=foiled,Garbage Grabber,foil,0.96,https://bilgewatermarket.com/cards/OGN-099?print_variation=foiled,foiled,,¥1.67,$0.96,OGN-099,Garbage Grabber OGN-099/298 Foiled CN ¥1.67 EN $0.96
2026-09-03T19:41:39+00:00,https://bilgewatermarket.com/cards/OGN-099,Garbage Grabber,nonfoil,0.23,https://bilgewatermarket.com/cards/OGN-099,normal,,¥0.57,$0.23,OGN-099,Garbage Grabber OGN-099/298 CN ¥0.57 EN $0.23
2026-09-03T19:41:39+00:00,https://bilgewatermarket.com/cards/OGN-100?print_variation=foiled,Gemcraft Seer,foil,0.28,https://bilgewatermarket.com/cards/OGN-100?print_variation=foiled,foiled,,¥0.50,$0.28,OGN-100,Gemcraft Seer OGN-100/298 Foiled CN ¥0.50 EN $0.28
2026-09-03T19:41:39+00:00,https://bilgewatermarket.com/cards/OGN-100,Gemcraft Seer,nonfoil,0.11,https://bilgewatermarket.com/cards/OGN-100,normal,,¥0.50,$0.11,OGN-100,Gemcraft Seer OGN-100/298 CN ¥0.50 EN $0.11
2026-09-03T19:41:39+00:00,https://bilgewatermarket.com/cards/OGN-101?print_variation=foiled,Mushroom Pouch,foil,0.32,https://bilgewatermarket.com/cards/OGN-101?print_variation=foiled,foiled,,¥0.53,$0.32,OGN-101,Mushroom Pouch OGN-101/298 Foiled CN ¥0.53 EN $0.32
2026-09-03T19:41:39+00:00,https://bilgewatermarket.com/cards/OGN-101,Mushroom Pouch,nonfoil,0.11,https://bilgewatermarket.com/cards/OGN-101,normal,,¥0.50,$0.11,OGN-101,Mushroom Pouch OGN-101/298 CN ¥0.50 EN $0.11
2026-09-03T19:41:39+00:00,https://bilgewatermarket.com/cards/OGN-102?print_variation=foiled,Portal Rescue,foil,0.40,https://bilgewatermarket.com/cards/OGN-102?print_variation=foiled,foiled,,¥0.66,$0.40,OGN-102,Portal Rescue OGN-102/298 Foiled CN ¥0.66 EN $0.40
2026-09-03T19:41:39+00:00,https://bilgewatermarket.com/cards/OGN-102,Portal Rescue,nonfoil,0.15,https://bilgewatermarket.com/cards/OGN-102,normal,,¥0.63,$0.15,OGN-102,Portal Rescue OGN-102/298 CN ¥0.63 EN $0.15
2026-09-03T19:41:39+00:00,https://bilgewatermarket.com/cards/OGN-103?print_variation=foiled,Ravenbloom Student,foil,0.52,https://bilgewatermarket.com/cards/OGN-103?print_variation=foiled,foiled,,¥4.84,$0.52,OGN-103,Ravenbloom Student OGN-103/298 Foiled CN ¥4.84 EN $0.52
2026-09-03T19:41:39+00:00,https://bilgewatermarket.com/cards/OGN-103,Ravenbloom Student,nonfoil,0.37,https://bilgewatermarket.com/cards/OGN-103,normal,,¥1.17,$0.37,OGN-103,Ravenbloom Student OGN-103/298 CN ¥1.17 EN $0.37
2026-09-03T19:41:39+00:00,https://bilgewatermarket.com/cards/OGN-104?print_variation=foiled,Retreat,foil,2.37,https://bilgewatermarket.com/cards/OGN-104?print_variation=foiled,foiled,,¥7.64,$2.37,OGN-104,Retreat OGN-104/298 Foiled CN ¥7.64 EN $2.37
2026-09-03T19:41:39+00:00,https://bilgewatermarket.com/cards/OGN-104,Retreat,nonfoil,0.82,https://bilgewatermarket.com/cards/OGN-104,normal,,¥3.14,$0.82,OGN-104,Retreat OGN-104/298 CN ¥3.14 EN $0.82
2026-09-03T19:41:39+00:00,https://bilgewatermarket.com/cards/OGN-105?print_variation=foiled,Singularity,foil,5.08,https://bilgewatermarket.com/cards/OGN-105?print_variation=foiled,foiled,,¥8.95,$5.08,OGN-105,Singularity OGN-105/298 Foiled CN ¥8.95 EN $5.08
2026-09-03T19:41:39+00:00,https://bilgewatermarket.com/cards/OGN-105,Singularity,nonfoil,1.12,https://bilgewatermarket.com/cards/OGN-105,normal,,¥2.06,$1.12,OGN-105,Singularity OGN-105/298 CN ¥2.06 EN $1.12
2026-09-03T19:41:39+00:00,https://bilgewatermarket.com/cards/OGN-106?print_variation=foiled,Sprite Mother,foil,0.40,https://bilgewatermarket.com/cards/OGN-106?print_variation=foiled,foiled,,¥2.18,$0.40,OGN-106,Sprite Mother OGN-106/298 Foiled CN ¥2.18 EN $0.40
2026-09-03T19:41:39+00:00,https://bilgewatermarket.com/cards/OGN-106,Sprite Mother,nonfoil,0.23,https://bilgewatermarket.com/cards/OGN-106,normal,,¥1.35,$0.23,OGN-106,Sprite Mother OGN-106/298 CN ¥1.35 EN $0.23
2026-09-03T19:41:39+00:00,https://bilgewatermarket.com/cards/OGN-107,Ava Achiever,nonfoil,0.20,https://bilgewatermarket.com/cards/OGN-107,normal,,¥0.51,$0.20,OGN-107,Ava Achiever OGN-107/298 CN ¥0.51 EN $0.20
2026-09-03T19:41:39+00:00,https://bilgewatermarket.com/cards/OGN-108,Convergent Mutation,nonfoil,0.18,https://bilgewatermarket.com/cards/OGN-108,normal,,¥0.76,$0.18,OGN-108,Convergent Mutation OGN-108/298 CN ¥0.76 EN $0.18
2026-09-03T19:41:39+00:00,https://bilgewatermarket.com/cards/OGN-109,"Dr. Mundo, Expert",nonfoil,0.41,https://bilgewatermarket.com/cards/OGN-109,normal,,¥1.60,$0.41,OGN-109,"Dr. Mundo, Expert OGN-109/298 CN ¥1.60 EN $0.41"
2026-09-03T19:41:39+00:00,https://bilgewatermarket.com/cards/OGN-110,"Ekko, Recurrent",nonfoil,1.03,https://bilgewatermarket.com/cards/OGN-110,normal,,¥1.14,$1.03,OGN-110,"Ekko, Recurrent OGN-110/298 CN ¥1.14 EN $1.03"
2026-09-03T19:41:39+00:00,https://bilgewatermarket.com/cards/OGN-111,"Heimerdinger, Inventor",nonfoil,0.33,https://bilgewatermarket.com/cards/OGN-111,normal,,¥0.64,$0.33,OGN-111,"Heimerdinger, Inventor OGN-111/298 CN ¥0.64 EN $0.33"
2026-09-03T19:41:39+00:00,https://bilgewatermarket.com/cards/OGN-112,"Kai'Sa, Evolutionary",nonfoil,0.40,https://bilgewatermarket.com/cards/OGN-112,normal,,¥0.56,$0.40,OGN-112,"Kai'Sa, Evolutionary OGN-112/298 CN ¥0.56 EN $0.40"
2026-09-03T19:41:39+00:00,https://bilgewatermarket.com/cards/OGN-112a?print_variation=showcase,"Kai'Sa, Evolutionary",nonfoil,3.05,https://bilgewatermarket.com/cards/OGN-112a?print_variation=showcase,showcase,,¥3.45,$3.05,OGN-112a,"Kai'Sa, Evolutionary OGN-112a/298 Showcase CN ¥3.45 EN $3.05"
2026-09-03T19:41:39+00:00,https://bilgewatermarket.com/cards/OGN-113,"Malzahar, Fanatic",nonfoil,0.28,https://bilgewatermarket.com/cards/OGN-113,normal,,¥0.68,$0.28,OGN-113,"Malzahar, Fanatic OGN-113/298 CN ¥0.68 EN $0.28"
2026-09-03T19:41:39+00:00,https://bilgewatermarket.com/cards/OGN-114,Progress Day,nonfoil,1.23,https://bilgewatermarket.com/cards/OGN-114,normal,,¥1.83,$1.23,OGN-114,Progress Day OGN-114/298 CN ¥1.83 EN $1.23
2026-09-03T19:41:39+00:00,https://bilgewatermarket.com/cards/OGN-115,Promising Future,nonfoil,1.12,https://bilgewatermarket.com/cards/OGN-115,normal,,¥0.77,$1.12,OGN-115,Promising Future OGN-115/298 CN ¥0.77 EN $1.12
2026-09-03T19:41:39+00:00,https://bilgewatermarket.com/cards/OGN-116,Thousand-Tailed Watcher,nonfoil,24.13,https://bilgewatermarket.com/cards/OGN-116,normal,,¥40.86,$24.13,OGN-116,Thousand-Tailed Watcher OGN-116/298 CN ¥40.86 EN $24.13
2026-09-03T19:41:39+00:00,https://bilgewatermarket.com/cards/OGN-117,"Viktor, Innovator",nonfoil,0.25,https://bilgewatermarket.com/cards/OGN-117,normal,,¥0.61,$0.25,OGN-117,"Viktor, Innovator OGN-117/298 CN ¥0.61 EN $0.25"
2026-09-03T19:41:39+00:00,https://bilgewatermarket.com/cards/OGN-117a?print_variation=showcase,"Viktor, Innovator",nonfoil,1.59,https://bilgewatermarket.com/cards/OGN-117a?print_variation=showcase,showcase,,¥3.32,$1.59,OGN-117a,"Viktor, Innovator OGN-117a/298 Showcase CN ¥3.32 EN $1.59"
2026-09-03T19:41:39+00:00,https://bilgewatermarket.com/cards/OGN-118,Wraith of Echoes,nonfoil,0.16,https://bilgewatermarket.com/cards/OGN-118,normal,,¥0.53,$0.16,OGN-118,Wraith of Echoes OGN-118/298 CN ¥0.53 EN $0.16
2026-09-03T19:41:39+00:00,https://bilgewatermarket.com/cards/OGN-119,"Ahri, Inquisitive",nonfoil,7.07,https://bilgewatermarket.com/cards/OGN-119,normal,,¥3.13,$7.07,OGN-119,"Ahri, Inquisitive OGN-119/298 CN ¥3.13 EN $7.07"
2026-09-03T19:41:39+00:00,https://bilgewatermarket.com/cards/OGN-119a?print_variation=showcase,"Ahri, Inquisitive",nonfoil,15.73,https://bilgewatermarket.com/cards/OGN-119a?print_variation=showcase,showcase,,¥6.62,$15.73,OGN-119a,"Ahri, Inquisitive OGN-119a/298 Showcase CN ¥6.62 EN $15.73"
2026-09-03T19:41:39+00:00,https://bilgewatermarket.com/cards/OGN-120,Seal of Insight,nonfoil,15.16,https://bilgewatermarket.com/cards/OGN-120,normal,,¥34.79,$15.16,OGN-120,Seal of Insight OGN-120/298 CN ¥34.79 EN $15.16
2026-09-03T19:41:39+00:00,https://bilgewatermarket.com/cards/OGN-121,"Teemo, Strategist",nonfoil,4.14,https://bilgewatermarket.com/cards/OGN-121,normal,,¥3.12,$4.14,OGN-121,"Teemo, Strategist OGN-121/298 CN ¥3.12 EN $4.14"
2026-09-03T19:41:39+00:00,https://bilgewatermarket.com/cards/OGN-121a?print_variation=showcase,"Teemo, Strategist",nonfoil,7.90,https://bilgewatermarket.com/cards/OGN-121a?print_variation=showcase,showcase,,¥4.90,$7.90,OGN-121a,"Teemo, Strategist OGN-121a/298 Showcase CN ¥4.90 EN $7.90"
2026-09-03T19:41:39+00:00,https://bilgewatermarket.com/cards/OGN-122,Time Warp,nonfoil,61.55,https://bilgewatermarket.com/cards/OGN-122,normal,,¥148.81,$61.55,OGN-122,Time Warp OGN-122/298 CN ¥148.81 EN $61.55
2026-09-03T19:41:39+00:00,https://bilgewatermarket.com/cards/OGN-123,Unchecked Power,nonfoil,25.46,https://bilgewatermarket.com/cards/OGN-123,normal,,¥57.13,$25.46,OGN-123,Unchecked Power OGN-123/298 CN ¥57.13 EN $25.46
2026-09-03T19:41:39+00:00,https://bilgewatermarket.com/cards/OGN-124?print_variation=foiled,Arena Bar,foil,0.30,https://bilgewatermarket.com/cards/OGN-124?print_variation=foiled,foiled,,¥0.81,$0.30,OGN-124,Arena Bar OGN-124/298 Foiled CN ¥0.81 EN $0.30
2026-09-03T19:41:39+00:00,https://bilgewatermarket.com/cards/OGN-124,Arena Bar,nonfoil,0.09,https://bilgewatermarket.com/cards/OGN-124,normal,,¥0.50,$0.09,OGN-124,Arena Bar OGN-124/298 CN ¥0.50 EN $0.09
2026-09-03T19:41:39+00:00,https://bilgewatermarket.com/cards/OGN-125?print_variation=foiled,Bilgewater Bully,foil,0.11,https://bilgewatermarket.com/cards/OGN-125?print_variation=foiled,foiled,,¥0.50,$0.11,OGN-125,Bilgewater Bully OGN-125/298 Foiled CN ¥0.50 EN $0.11
2026-09-03T19:41:39+00:00,https://bilgewatermarket.com/cards/OGN-125,Bilgewater Bully,nonfoil,0.04,https://bilgewatermarket.com/cards/OGN-125,normal,,¥0.41,$0.04,OGN-125,Bilgewater Bully OGN-125/298 CN ¥0.41 EN $0.04
2026-09-03T19:41:39+00:00,https://bilgewatermarket.com/cards/OGN-126,Body Rune,nonfoil,0.12,https://bilgewatermarket.com/cards/OGN-126,normal,,¥0.51,$0.12,OGN-126,Body Rune OGN-126/298 CN ¥0.51 EN $0.12
2026-09-03T19:41:39+00:00,https://bilgewatermarket.com/cards/OGN-126a?print_variation=showcase,Body Rune,nonfoil,3.40,https://bilgewatermarket.com/cards/OGN-126a?print_variation=showcase,showcase,,¥29.46,$3.40,OGN-126a,Body Rune OGN-126a/298 Showcase CN ¥29.46 EN $3.40
2026-09-03T19:41:39+00:00,https://bilgewatermarket.com/cards/OGN-127?print_variation=foiled,Cannon Barrage,foil,0.23,https://bilgewatermarket.com/cards/OGN-127?print_variation=foiled,foiled,,¥0.50,$0.23,OGN-127,Cannon Barrage OGN-127/298 Foiled CN ¥0.50 EN $0.23
2026-09-03T19:41:39+00:00,https://bilgewatermarket.com/cards/OGN-127,Cannon Barrage,nonfoil,0.09,https://bilgewatermarket.com/cards/OGN-127,normal,,¥0.60,$0.09,OGN-127,Cannon Barrage OGN-127/298 CN ¥0.60 EN $0.09
2026-09-03T19:41:39+00:00,https://bilgewatermarket.com/cards/OGN-128?print_variation=foiled,Challenge,foil,0.56,https://bilgewatermarket.com/cards/OGN-128?print_variation=foiled,foiled,,¥2.14,$0.56,OGN-128,Challenge OGN-128/298 Foiled CN ¥2.14 EN $0.56
2026-09-03T19:41:39+00:00,https://bilgewatermarket.com/cards/OGN-128,Challenge,nonfoil,0.28,https://bilgewatermarket.com/cards/OGN-128,normal,,¥0.54,$0.28,OGN-128,Challenge OGN-128/298 CN ¥0.54 EN $0.28
2026-09-03T19:41:39+00:00,https://bilgewatermarket.com/cards/OGN-129?print_variation=foiled,Confront,foil,0.27,https://bilgewatermarket.com/cards/OGN-129?print_variation=foiled,foiled,,¥1.17,$0.27,OGN-129,Confront OGN-129/298 Foiled CN ¥1.17 EN $0.27
2026-09-03T19:41:39+00:00,https://bilgewatermarket.com/cards/OGN-129,Confront,nonfoil,0.09,https://bilgewatermarket.com/cards/OGN-129,normal,,¥0.51,$0.09,OGN-129,Confront OGN-129/298 CN ¥0.51 EN $0.09
2026-09-03T19:41:39+00:00,https://bilgewatermarket.com/cards/OGN-130?print_variation=foiled,Crackshot Corsair,foil,0.15,https://bilgewatermarket.com/cards/OGN-130?print_variation=foiled,foiled,,¥0.50,$0.15,OGN-130,Crackshot Corsair OGN-130/298 Foiled CN ¥0.50 EN $0.15
2026-09-03T19:41:39+00:00,https://bilgewatermarket.com/cards/OGN-130,Crackshot Corsair,nonfoil,0.05,https://bilgewatermarket.com/cards/OGN-130,normal,,¥0.50,$0.05,OGN-130,Crackshot Corsair OGN-130/298 CN ¥0.50 EN $0.05
2026-09-03T19:41:39+00:00,https://bilgewatermarket.com/cards/OGN-131?print_variation=foiled,Dune Drake,foil,0.25,https://bilgewatermarket.com/cards/OGN-131?print_variation=foiled,foiled,,¥0.50,$0.25,OGN-131,Dune Drake OGN-131/298 Foiled CN ¥0.50 EN $0.25
2026-09-03T19:41:39+00:00,https://bilgewatermarket.com/cards/OGN-131,Dune Drake,nonfoil,0.06,https://bilgewatermarket.com/cards/OGN-131,normal,,¥0.50,$0.06,OGN-131,Dune Drake OGN-131/298 CN ¥0.50 EN $0.06
2026-09-03T19:41:39+00:00,https://bilgewatermarket.com/cards/OGN-132?print_variation=foiled,First Mate,foil,1.92,https://bilgewatermarket.com/cards/OGN-132?print_variation=foiled,foiled,,¥2.89,$1.92,OGN-132,First Mate OGN-132/298 Foiled CN ¥2.89 EN $1.92
2026-09-03T19:41:39+00:00,https://bilgewatermarket.com/cards/OGN-132,First Mate,nonfoil,0.24,https://bilgewatermarket.com/cards/OGN-132,normal,,¥0.55,$0.24,OGN-132,First Mate OGN-132/298 CN ¥0.55 EN $0.24
2026-09-03T19:41:39+00:00,https://bilgewatermarket.com/cards/OGN-133?print_variation=foiled,Flurry of Blades,foil,0.28,https://bilgewatermarket.com/cards/OGN-133?print_variation=foiled,foiled,,¥1.18,$0.28,OGN-133,Flurry of Blades OGN-133/298 Foiled CN ¥1.18 EN $0.28
2026-09-03T19:41:39+00:00,https://bilgewatermarket.com/cards/OGN-133,Flurry of Blades,nonfoil,0.12,https://bilgewatermarket.com/cards/OGN-133,normal,,¥0.56,$0.12,OGN-133,Flurry of Blades OGN-133/298 CN ¥0.56 EN $0.12
2026-09-03T19:41:39+00:00,https://bilgewatermarket.com/cards/OGN-134?print_variation=foiled,Mobilize,foil,0.85,https://bilgewatermarket.com/cards/OGN-134?print_variation=foiled,foiled,,¥1.35,$0.85,OGN-134,Mobilize OGN-134/298 Foiled CN ¥1.35 EN $0.85
2026-09-03T19:41:39+00:00,https://bilgewatermarket.com/cards/OGN-134,Mobilize,nonfoil,0.13,https://bilgewatermarket.com/cards/OGN-134,normal,,¥0.52,$0.13,OGN-134,Mobilize OGN-134/298 CN ¥0.52 EN $0.13
2026-09-03T19:41:39+00:00,https://bilgewatermarket.com/cards/OGN-135?print_variation=foiled,Pakaa Cub,foil,0.19,https://bilgewatermarket.com/cards/OGN-135?print_variation=foiled,foiled,,¥0.50,$0.19,OGN-135,Pakaa Cub OGN-135/298 Foiled CN ¥0.50 EN $0.19
2026-09-03T19:41:39+00:00,https://bilgewatermarket.com/cards/OGN-135,Pakaa Cub,nonfoil,0.07,https://bilgewatermarket.com/cards/OGN-135,normal,,¥0.50,$0.07,OGN-135,Pakaa Cub OGN-135/298 CN ¥0.50 EN $0.07
2026-09-03T19:41:39+00:00,https://bilgewatermarket.com/cards/OGN-136?print_variation=foiled,Pit Rookie,foil,1.40,https://bilgewatermarket.com/cards/OGN-136?print_variation=foiled,foiled,,¥2.01,$1.40,OGN-136,Pit Rookie OGN-136/298 Foiled CN ¥2.01 EN $1.40
2026-09-03T19:41:39+00:00,https://bilgewatermarket.com/cards/OGN-136,Pit Rookie,nonfoil,0.15,https://bilgewatermarket.com/cards/OGN-136,normal,,¥0.54,$0.15,OGN-136,Pit Rookie OGN-136/298 CN ¥0.54 EN $0.15
2026-09-03T19:41:39+00:00,https://bilgewatermarket.com/cards/OGN-137?print_variation=foiled,Stormclaw Ursine,foil,0.15,https://bilgewatermarket.com/cards/OGN-137?print_variation=foiled,foiled,,¥0.50,$0.15,OGN-137,Stormclaw Ursine OGN-137/298 Foiled CN ¥0.50 EN $0.15
2026-09-03T19:41:39+00:00,https://bilgewatermarket.com/cards/OGN-137,Stormclaw Ursine,nonfoil,0.07,https://bilgewatermarket.com/cards/OGN-137,normal,,¥0.50,$0.07,OGN-137,Stormclaw Ursine OGN-137/298 CN ¥0.50 EN $0.07
2026-09-03T19:41:39+00:00,https://bilgewatermarket.com/cards/OGN-138?print_variation=foiled,Catalyst of Aeons,foil,3.67,https://bilgewatermarket.com/cards/OGN-138?print_variation=foiled,foiled,,¥5.77,$3.67,OGN-138,Catalyst of Aeons OGN-138/298 Foiled CN ¥5.77 EN $3.67
2026-09-03T19:41:39+00:00,https://bilgewatermarket.com/cards/OGN-138,Catalyst of Aeons,nonfoil,0.42,https://bilgewatermarket.com/cards/OGN-138,normal,,¥1.28,$0.42,OGN-138,Catalyst of Aeons OGN-138/298 CN ¥1.28 EN $0.42
2026-09-03T19:41:39+00:00,https://bilgewatermarket.com/cards/OGN-139?print_variation=foiled,Cithria of Cloudfield,foil,0.27,https://bilgewatermarket.com/cards/OGN-139?print_variation=foiled,foiled,,¥1.27,$0.27,OGN-139,Cithria of Cloudfield OGN-139/298 Foiled CN ¥1.27 EN $0.27
2026-09-03T19:41:39+00:00,https://bilgewatermarket.com/cards/OGN-139,Cithria of Cloudfield,nonfoil,0.11,https://bilgewatermarket.com/cards/OGN-139,normal,,¥0.59,$0.11,OGN-139,Cithria of Cloudfield OGN-139/298 CN ¥0.59 EN $0.11
2026-09-03T19:41:39+00:00,https://bilgewatermarket.com/cards/OGN-140?print_variation=foiled,Herald of Scales,foil,1.00,https://bilgewatermarket.com/cards/OGN-140?print_variation=foiled,foiled,,¥1.01,$1.00,OGN-140,Herald of Scales OGN-140/298 Foiled CN ¥1.01 EN $1.00
2026-09-03T19:41:39+00:00,https://bilgewatermarket.com/cards/OGN-140,Herald of Scales,nonfoil,0.22,https://bilgewatermarket.com/cards/OGN-140,normal,,¥0.61,$0.22,OGN-140,Herald of Scales OGN-140/298 CN ¥0.61 EN $0.22
2026-09-03T19:41:39+00:00,https://bilgewatermarket.com/cards/OGN-141?print_variation=foiled,Kinkou Monk,foil,0.47,https://bilgewatermarket.com/cards/OGN-141?print_variation=foiled,foiled,,¥1.52,$0.47,OGN-141,Kinkou Monk OGN-141/298 Foiled CN ¥1.52 EN $0.47
2026-09-03T19:41:39+00:00,https://bilgewatermarket.com/cards/OGN-141,Kinkou Monk,nonfoil,0.22,https://bilgewatermarket.com/cards/OGN-141,normal,,¥0.61,$0.22,OGN-141,Kinkou Monk OGN-141/298 CN ¥0.61 EN $0.22
2026-09-03T19:41:39+00:00,https://bilgewatermarket.com/cards/OGN-142?print_variation=foiled,Mountain Drake,foil,0.36,https://bilgewatermarket.com/cards/OGN-142?print_variation=foiled,foiled,,¥1.08,$0.36,OGN-142,Mountain Drake OGN-142/298 Foiled CN ¥1.08 EN $0.36
2026-09-03T19:41:39+00:00,https://bilgewatermarket.com/cards/OGN-142,Mountain Drake,nonfoil,0.08,https://bilgewatermarket.com/cards/OGN-142,normal,,¥0.50,$0.08,OGN-142,Mountain Drake OGN-142/298 CN ¥0.50 EN $0.08
2026-09-03T19:41:39+00:00,https://bilgewatermarket.com/cards/OGN-143?print_variation=foiled,Pirate's Haven,foil,0.29,https://bilgewatermarket.com/cards/OGN-143?print_variation=foiled,foiled,,¥0.51,$0.29,OGN-143,Pirate's Haven OGN-143/298 Foiled CN ¥0.51 EN $0.29
2026-09-03T19:41:39+00:00,https://bilgewatermarket.com/cards/OGN-143,Pirate's Haven,nonfoil,0.15,https://bilgewatermarket.com/cards/OGN-143,normal,,¥0.55,$0.15,OGN-143,Pirate's Haven OGN-143/298 CN ¥0.55 EN $0.15
2026-09-03T19:41:39+00:00,https://bilgewatermarket.com/cards/OGN-144?print_variation=foiled,Spoils of War,foil,0.40,https://bilgewatermarket.com/cards/OGN-144?print_variation=foiled,foiled,,¥0.51,$0.40,OGN-144,Spoils of War OGN-144/298 Foiled CN ¥0.51 EN $0.40
2026-09-03T19:41:39+00:00,https://bilgewatermarket.com/cards/OGN-144,Spoils of War,nonfoil,0.15,https://bilgewatermarket.com/cards/OGN-144,normal,,¥0.50,$0.15,OGN-144,Spoils of War OGN-144/298 CN ¥0.50 EN $0.15
2026-09-03T19:41:39+00:00,https://bilgewatermarket.com/cards/OGN-145?print_variation=foiled,Unyielding Spirit,foil,2.14,https://bilgewatermarket.com/cards/OGN-145?print_variation=foiled,foiled,,¥6.04,$2.14,OGN-145,Unyielding Spirit OGN-145/298 Foiled CN ¥6.04 EN $2.14
2026-09-03T19:41:39+00:00,https://bilgewatermarket.com/cards/OGN-145,Unyielding Spirit,nonfoil,0.64,https://bilgewatermarket.com/cards/OGN-145,normal,,¥2.04,$0.64,OGN-145,Unyielding Spirit OGN-145/298 CN ¥2.04 EN $0.64
2026-09-03T19:41:39+00:00,https://bilgewatermarket.com/cards/OGN-146?print_variation=foiled,Wallop,foil,0.36,https://bilgewatermarket.com/cards/OGN-146?print_variation=foiled,foiled,,¥0.51,$0.36,OGN-146,Wallop OGN-146/298 Foiled CN ¥0.51 EN $0.36
2026-09-03T19:41:39+00:00,https://bilgewatermarket.com/cards/OGN-146,Wallop,nonfoil,0.16,https://bilgewatermarket.com/cards/OGN-146,normal,,¥0.50,$0.16,OGN-146,Wallop OGN-146/298 CN ¥0.50 EN $0.16
2026-09-03T19:41:39+00:00,https://bilgewatermarket.com/cards/OGN-147?print_variation=foiled,Wildclaw Shaman,foil,0.26,https://bilgewatermarket.com/cards/OGN-147?print_variation=foiled,foiled,,¥0.50,$0.26,OGN-147,Wildclaw Shaman OGN-147/298 Foiled CN ¥0.50 EN $0.26
2026-09-03T19:41:39+00:00,https://bilgewatermarket.com/cards/OGN-147,Wildclaw Shaman,nonfoil,0.06,https://bilgewatermarket.com/cards/OGN-147,normal,,¥0.50,$0.06,OGN-147,Wildclaw Shaman OGN-147/298 CN ¥0.50 EN $0.06
2026-09-03T19:41:39+00:00,https://bilgewatermarket.com/cards/OGN-148,"Anivia, Primal",nonfoil,0.28,https://bilgewatermarket.com/cards/OGN-148,normal,,¥0.53,$0.28,OGN-148,"Anivia, Primal OGN-148/298 CN ¥0.53 EN $0.28"
2026-09-03T19:41:39+00:00,https://bilgewatermarket.com/cards/OGN-149,Carnivorous Snapvine,nonfoil,0.21,https://bilgewatermarket.com/cards/OGN-149,normal,,¥0.86,$0.21,OGN-149,Carnivorous Snapvine OGN-149/298 CN ¥0.86 EN $0.21
2026-09-03T19:41:39+00:00,https://bilgewatermarket.com/cards/OGN-150,Kraken Hunter,nonfoil,0.21,https://bilgewatermarket.com/cards/OGN-150,normal,,¥0.50,$0.21,OGN-150,Kraken Hunter OGN-150/298 CN ¥0.50 EN $0.21
2026-09-03T19:41:39+00:00,https://bilgewatermarket.com/cards/OGN-151,"Lee Sin, Centered",nonfoil,0.25,https://bilgewatermarket.com/cards/OGN-151,normal,,¥0.52,$0.25,OGN-151,"Lee Sin, Centered OGN-151/298 CN ¥0.52 EN $0.25"
2026-09-03T19:41:39+00:00,https://bilgewatermarket.com/cards/OGN-151a?print_variation=showcase,"Lee Sin, Centered",nonfoil,1.79,https://bilgewatermarket.com/cards/OGN-151a?print_variation=showcase,showcase,,¥3.06,$1.79,OGN-151a,"Lee Sin, Centered OGN-151a/298 Showcase CN ¥3.06 EN $1.79"
2026-09-03T19:41:39+00:00,https://bilgewatermarket.com/cards/OGN-152,Mistfall,nonfoil,0.13,https://bilgewatermarket.com/cards/OGN-152,normal,,¥0.52,$0.13,OGN-152,Mistfall OGN-152/298 CN ¥0.52 EN $0.13
2026-09-03T19:41:39+00:00,https://bilgewatermarket.com/cards/OGN-153,Overt Operation,nonfoil,0.24,https://bilgewatermarket.com/cards/OGN-153,normal,,¥0.54,$0.24,OGN-153,Overt Operation OGN-153/298 CN ¥0.54 EN $0.24
2026-09-03T19:41:39+00:00,https://bilgewatermarket.com/cards/OGN-154,Primal Strength,nonfoil,0.46,https://bilgewatermarket.com/cards/OGN-154,normal,,¥1.23,$0.46,OGN-154,Primal Strength OGN-154/298 CN ¥1.23 EN $0.46
2026-09-03T19:41:39+00:00,https://bilgewatermarket.com/cards/OGN-155,"Qiyana, Victorious",nonfoil,0.65,https://bilgewatermarket.com/cards/OGN-155,normal,,¥2.79,$0.65,OGN-155,"Qiyana, Victorious OGN-155/298 CN ¥2.79 EN $0.65"
2026-09-03T19:41:39+00:00,https://bilgewatermarket.com/cards/OGN-156,Sabotage,nonfoil,15.41,https://bilgewatermarket.com/cards/OGN-156,normal,,¥17.42,$15.41,OGN-156,Sabotage OGN-156/298 CN ¥17.42 EN $15.41
2026-09-03T19:41:39+00:00,https://bilgewatermarket.com/cards/OGN-157,"Udyr, Wildman",nonfoil,0.25,https://bilgewatermarket.com/cards/OGN-157,normal,,¥0.51,$0.25,OGN-157,"Udyr, Wildman OGN-157/298 CN ¥0.51 EN $0.25"
2026-09-03T19:41:39+00:00,https://bilgewatermarket.com/cards/OGN-158,"Volibear, Imposing",nonfoil,0.27,https://bilgewatermarket.com/cards/OGN-158,normal,,¥0.56,$0.27,OGN-158,"Volibear, Imposing OGN-158/298 CN ¥0.56 EN $0.27"
2026-09-03T19:41:39+00:00,https://bilgewatermarket.com/cards/OGN-158a?print_variation=showcase,"Volibear, Imposing",nonfoil,1.11,https://bilgewatermarket.com/cards/OGN-158a?print_variation=showcase,showcase,,¥2.15,$1.11,OGN-158a,"Volibear, Imposing OGN-158a/298 Showcase CN ¥2.15 EN $1.11"
2026-09-03T19:41:39+00:00,https://bilgewatermarket.com/cards/OGN-159,"Warwick, Hunter",nonfoil,0.36,https://bilgewatermarket.com/cards/OGN-159,normal,,¥0.62,$0.36,OGN-159,"Warwick, Hunter OGN-159/298 CN ¥0.62 EN $0.36"
2026-09-03T19:41:39+00:00,https://bilgewatermarket.com/cards/OGN-160,Dazzling Aurora,nonfoil,36.94,https://bilgewatermarket.com/cards/OGN-160,normal,,¥118.28,$36.94,OGN-160,Dazzling Aurora OGN-160/298 CN ¥118.28 EN $36.94
2026-09-03T19:41:39+00:00,https://bilgewatermarket.com/cards/OGN-161,Deadbloom Predator,nonfoil,3.37,https://bilgewatermarket.com/cards/OGN-161,normal,,¥27.77,$3.37,OGN-161,Deadbloom Predator OGN-161/298 CN ¥27.77 EN $3.37
2026-09-03T19:41:39+00:00,https://bilgewatermarket.com/cards/OGN-162,"Miss Fortune, Captain",nonfoil,4.73,https://bilgewatermarket.com/cards/OGN-162,normal,,¥3.61,$4.73,OGN-162,"Miss Fortune, Captain OGN-162/298 CN ¥3.61 EN $4.73"
2026-09-03T19:41:39+00:00,https://bilgewatermarket.com/cards/OGN-162a?print_variation=showcase,"Miss Fortune, Captain",nonfoil,15.39,https://bilgewatermarket.com/cards/OGN-162a?print_variation=showcase,showcase,,¥14.38,$15.39,OGN-162a,"Miss Fortune, Captain OGN-162a/298 Showcase CN ¥14.38 EN $15.39"
2026-09-03T19:41:39+00:00,https://bilgewatermarket.com/cards/OGN-163,Seal of Strength,nonfoil,12.86,https://bilgewatermarket.com/cards/OGN-163,normal,,¥24.84,$12.86,OGN-163,Seal of Strength OGN-163/298 CN ¥24.84 EN $12.86
2026-09-03T19:41:39+00:00,https://bilgewatermarket.com/cards/OGN-164,"Sett, Brawler",nonfoil,7.73,https://bilgewatermarket.com/cards/OGN-164,normal,,¥21.79,$7.73,OGN-164,"Sett, Brawler OGN-164/298 CN ¥21.79 EN $7.73"
2026-09-03T19:41:39+00:00,https://bilgewatermarket.com/cards/OGN-164a?print_variation=showcase,"Sett, Brawler",nonfoil,8.26,https://bilgewatermarket.com/cards/OGN-164a?print_variation=showcase,showcase,,¥23.92,$8.26,OGN-164a,"Sett, Brawler OGN-164a/298 Showcase CN ¥23.92 EN $8.26"
2026-09-03T19:41:39+00:00,https://bilgewatermarket.com/cards/OGN-165?print_variation=foiled,Cemetery Attendant,foil,0.21,https://bilgewatermarket.com/cards/OGN-165?print_variation=foiled,foiled,,¥0.55,$0.21,OGN-165,Cemetery Attendant OGN-165/298 Foiled CN ¥0.55 EN $0.21
2026-09-03T19:41:39+00:00,https://bilgewatermarket.com/cards/OGN-165,Cemetery Attendant,nonfoil,0.08,https://bilgewatermarket.com/cards/OGN-165,normal,,¥0.50,$0.08,OGN-165,Cemetery Attendant OGN-165/298 CN ¥0.50 EN $0.08
2026-09-03T19:41:39+00:00,https://bilgewatermarket.com/cards/OGN-166,Chaos Rune,nonfoil,0.12,https://bilgewatermarket.com/cards/OGN-166,normal,,¥0.52,$0.12,OGN-166,Chaos Rune OGN-166/298 CN ¥0.52 EN $0.12
2026-09-03T19:41:39+00:00,https://bilgewatermarket.com/cards/OGN-166a?print_variation=showcase,Chaos Rune,nonfoil,6.93,https://bilgewatermarket.com/cards/OGN-166a?print_variation=showcase,showcase,,¥37.14,$6.93,OGN-166a,Chaos Rune OGN-166a/298 Showcase CN ¥37.14 EN $6.93
2026-09-03T19:41:39+00:00,https://bilgewatermarket.com/cards/OGN-167?print_variation=foiled,Ember Monk,foil,0.26,https://bilgewatermarket.com/cards/OGN-167?print_variation=foiled,foiled,,¥0.50,$0.26,OGN-167,Ember Monk OGN-167/298 Foiled CN ¥0.50 EN $0.26
2026-09-03T19:41:39+00:00,https://bilgewatermarket.com/cards/OGN-167,Ember Monk,nonfoil,0.11,https://bilgewatermarket.com/cards/OGN-167,normal,,¥0.51,$0.11,OGN-167,Ember Monk OGN-167/298 CN ¥0.51 EN $0.11
2026-09-03T19:41:39+00:00,https://bilgewatermarket.com/cards/OGN-168?print_variation=foiled,Fight or Flight,foil,0.20,https://bilgewatermarket.com/cards/OGN-168?print_variation=foiled,foiled,,¥0.50,$0.20,OGN-168,Fight or Flight OGN-168/298 Foiled CN ¥0.50 EN $0.20
2026-09-03T19:41:39+00:00,https://bilgewatermarket.com/cards/OGN-168,Fight or Flight,nonfoil,0.11,https://bilgewatermarket.com/cards/OGN-168,normal,,¥0.51,$0.11,OGN-168,Fight or Flight OGN-168/298 CN ¥0.51 EN $0.11
2026-09-03T19:41:39+00:00,https://bilgewatermarket.com/cards/OGN-169?print_variation=foiled,Gust,foil,1.13,https://bilgewatermarket.com/cards/OGN-169?print_variation=foiled,foiled,,¥3.81,$1.13,OGN-169,Gust OGN-169/298 Foiled CN ¥3.81 EN $1.13
2026-09-03T19:41:39+00:00,https://bilgewatermarket.com/cards/OGN-169,Gust,nonfoil,0.24,https://bilgewatermarket.com/cards/OGN-169,normal,,¥0.61,$0.24,OGN-169,Gust OGN-169/298 CN ¥0.61 EN $0.24
2026-09-03T19:41:39+00:00,https://bilgewatermarket.com/cards/OGN-170?print_variation=foiled,Morbid Return,foil,0.33,https://bilgewatermarket.com/cards/OGN-170?print_variation=foiled,foiled,,¥0.94,$0.33,OGN-170,Morbid Return OGN-170/298 Foiled CN ¥0.94 EN $0.33
2026-09-03T19:41:39+00:00,https://bilgewatermarket.com/cards/OGN-170,Morbid Return,nonfoil,0.14,https://bilgewatermarket.com/cards/OGN-170,normal,,¥0.53,$0.14,OGN-170,Morbid Return OGN-170/298 CN ¥0.53 EN $0.14
2026-09-03T19:41:39+00:00,https://bilgewatermarket.com/cards/OGN-171?print_variation=foiled,Mystic Poro,foil,0.27,https://bilgewatermarket.com/cards/OGN-171?print_variation=foiled,foiled,,¥0.65,$0.27,OGN-171,Mystic Poro OGN-171/298 Foiled CN ¥0.65 EN $0.27
2026-09-03T19:41:39+00:00,https://bilgewatermarket.com/cards/OGN-171,Mystic Poro,nonfoil,0.12,https://bilgewatermarket.com/cards/OGN-171,normal,,¥0.50,$0.12,OGN-171,Mystic Poro OGN-171/298 CN ¥0.50 EN $0.12
2026-09-03T19:41:39+00:00,https://bilgewatermarket.com/cards/OGN-172?print_variation=foiled,Rebuke,foil,0.87,https://bilgewatermarket.com/cards/OGN-172?print_variation=foiled,foiled,,¥3.38,$0.87,OGN-172,Rebuke OGN-172/298 Foiled CN ¥3.38 EN $0.87
2026-09-03T19:41:39+00:00,https://bilgewatermarket.com/cards/OGN-172,Rebuke,nonfoil,0.27,https://bilgewatermarket.com/cards/OGN-172,normal,,¥0.57,$0.27,OGN-172,Rebuke OGN-172/298 CN ¥0.57 EN $0.27
2026-09-03T19:41:39+00:00,https://bilgewatermarket.com/cards/OGN-173?print_variation=foiled,Ride the Wind,foil,9.96,https://bilgewatermarket.com/cards/OGN-173?print_variation=foiled,foiled,,¥5.01,$9.96,OGN-173,Ride the Wind OGN-173/298 Foiled CN ¥5.01 EN $9.96
2026-09-03T19:41:39+00:00,https://bilgewatermarket.com/cards/OGN-173,Ride the Wind,nonfoil,1.00,https://bilgewatermarket.com/cards/OGN-173,normal,,¥0.68,$1.00,OGN-173,Ride the Wind OGN-173/298 CN ¥0.68 EN $1.00
2026-09-03T19:41:39+00:00,https://bilgewatermarket.com/cards/OGN-174?print_variation=foiled,Sai Scout,foil,0.12,https://bilgewatermarket.com/cards/OGN-174?print_variation=foiled,foiled,,¥0.50,$0.12,OGN-174,Sai Scout OGN-174/298 Foiled CN ¥0.50 EN $0.12
2026-09-03T19:41:39+00:00,https://bilgewatermarket.com/cards/OGN-174,Sai Scout,nonfoil,0.05,https://bilgewatermarket.com/cards/OGN-174,normal,,¥0.50,$0.05,OGN-174,Sai Scout OGN-174/298 CN ¥0.50 EN $0.05
2026-09-03T19:41:39+00:00,https://bilgewatermarket.com/cards/OGN-175?print_variation=foiled,Shipyard Skulker,foil,0.19,https://bilgewatermarket.com/cards/OGN-175?print_variation=foiled,foiled,,¥0.50,$0.19,OGN-175,Shipyard Skulker OGN-175/298 Foiled CN ¥0.50 EN $0.19
2026-09-03T19:41:39+00:00,https://bilgewatermarket.com/cards/OGN-175,Shipyard Skulker,nonfoil,0.06,https://bilgewatermarket.com/cards/OGN-175,normal,,¥0.50,$0.06,OGN-175,Shipyard Skulker OGN-175/298 CN ¥0.50 EN $0.06
2026-09-03T19:41:39+00:00,https://bilgewatermarket.com/cards/OGN-176?print_variation=foiled,Sneaky Deckhand,foil,0.73,https://bilgewatermarket.com/cards/OGN-176?print_variation=foiled,foiled,,¥1.82,$0.73,OGN-176,Sneaky Deckhand OGN-176/298 Foiled CN ¥1.82 EN $0.73
2026-09-03T19:41:39+00:00,https://bilgewatermarket.com/cards/OGN-176,Sneaky Deckhand,nonfoil,0.16,https://bilgewatermarket.com/cards/OGN-176,normal,,¥0.53,$0.16,OGN-176,Sneaky Deckhand OGN-176/298 CN ¥0.53 EN $0.16
2026-09-03T19:41:39+00:00,https://bilgewatermarket.com/cards/OGN-177?print_variation=foiled,Stealthy Pursuer,foil,0.19,https://bilgewatermarket.com/cards/OGN-177?print_variation=foiled,foiled,,¥0.53,$0.19,OGN-177,Stealthy Pursuer OGN-177/298 Foiled CN ¥0.53 EN $0.19
2026-09-03T19:41:39+00:00,https://bilgewatermarket.com/cards/OGN-177,Stealthy Pursuer,nonfoil,0.06,https://bilgewatermarket.com/cards/OGN-177,normal,,¥0.50,$0.06,OGN-177,Stealthy Pursuer OGN-177/298 CN ¥0.50 EN $0.06
2026-09-03T19:41:39+00:00,https://bilgewatermarket.com/cards/OGN-178?print_variation=foiled,Undercover Agent,foil,0.13,https://bilgewatermarket.com/cards/OGN-178?print_variation=foiled,foiled,,¥0.50,$0.13,OGN-178,Undercover Agent OGN-178/298 Foiled CN ¥0.50 EN $0.13
2026-09-03T19:41:39+00:00,https://bilgewatermarket.com/cards/OGN-178,Undercover Agent,nonfoil,0.03,https://bilgewatermarket.com/cards/OGN-178,normal,,¥0.50,$0.03,OGN-178,Undercover Agent OGN-178/298 CN ¥0.50 EN $0.03
2026-09-03T19:41:39+00:00,https://bilgewatermarket.com/cards/OGN-179?print_variation=foiled,Acceptable Losses,foil,3.62,https://bilgewatermarket.com/cards/OGN-179?print_variation=foiled,foiled,,¥2.85,$3.62,OGN-179,Acceptable Losses OGN-179/298 Foiled CN ¥2.85 EN $3.62
2026-09-03T19:41:39+00:00,https://bilgewatermarket.com/cards/OGN-179,Acceptable Losses,nonfoil,0.65,https://bilgewatermarket.com/cards/OGN-179,normal,,¥0.68,$0.65,OGN-179,Acceptable Losses OGN-179/298 CN ¥0.68 EN $0.65
2026-09-03T19:41:39+00:00,https://bilgewatermarket.com/cards/OGN-180?print_variation=foiled,Fading Memories,foil,0.64,https://bilgewatermarket.com/cards/OGN-180?print_variation=foiled,foiled,,¥1.87,$0.64,OGN-180,Fading Memories OGN-180/298 Foiled CN ¥1.87 EN $0.64
2026-09-03T19:41:39+00:00,https://bilgewatermarket.com/cards/OGN-180,Fading Memories,nonfoil,0.15,https://bilgewatermarket.com/cards/OGN-180,normal,,¥0.72,$0.15,OGN-180,Fading Memories OGN-180/298 CN ¥0.72 EN $0.15
2026-09-03T19:41:39+00:00,https://bilgewatermarket.com/cards/OGN-181?print_variation=foiled,Pack of Wonders,foil,4.83,https://bilgewatermarket.com/cards/OGN-181?print_variation=foiled,foiled,,¥2.40,$4.83,OGN-181,Pack of Wonders OGN-181/298 Foiled CN ¥2.40 EN $4.83
2026-09-03T19:41:39+00:00,https://bilgewatermarket.com/cards/OGN-181,Pack of Wonders,nonfoil,0.62,https://bilgewatermarket.com/cards/OGN-181,normal,,¥0.72,$0.62,OGN-181,Pack of Wonders OGN-181/298 CN ¥0.72 EN $0.62
2026-09-03T19:41:39+00:00,https://bilgewatermarket.com/cards/OGN-182?print_variation=foiled,Scrapheap,foil,0.70,https://bilgewatermarket.com/cards/OGN-182?print_variation=foiled,foiled,,¥0.90,$0.70,OGN-182,Scrapheap OGN-182/298 Foiled CN ¥0.90 EN $0.70
2026-09-03T19:41:39+00:00,https://bilgewatermarket.com/cards/OGN-182,Scrapheap,nonfoil,0.13,https://bilgewatermarket.com/cards/OGN-182,normal,,¥0.53,$0.13,OGN-182,Scrapheap OGN-182/298 CN ¥0.53 EN $0.13
2026-09-03T19:41:39+00:00,https://bilgewatermarket.com/cards/OGN-183?print_variation=foiled,Stacked Deck,foil,13.36,https://bilgewatermarket.com/cards/OGN-183?print_variation=foiled,foiled,,¥16.08,$13.36,OGN-183,Stacked Deck OGN-183/298 Foiled CN ¥16.08 EN $13.36
2026-09-03T19:41:39+00:00,https://bilgewatermarket.com/cards/OGN-183,Stacked Deck,nonfoil,9.27,https://bilgewatermarket.com/cards/OGN-183,normal,,¥11.44,$9.27,OGN-183,Stacked Deck OGN-183/298 CN ¥11.44 EN $9.27
2026-09-03T19:41:39+00:00,https://bilgewatermarket.com/cards/OGN-184?print_variation=foiled,The Syren,foil,0.69,https://bilgewatermarket.com/cards/OGN-184?print_variation=foiled,foiled,,¥1.45,$0.69,OGN-184,The Syren OGN-184/298 Foiled CN ¥1.45 EN $0.69
2026-09-03T19:41:39+00:00,https://bilgewatermarket.com/cards/OGN-184,The Syren,nonfoil,0.25,https://bilgewatermarket.com/cards/OGN-184,normal,,¥0.65,$0.25,OGN-184,The Syren OGN-184/298 CN ¥0.65 EN $0.25
2026-09-03T19:41:39+00:00,https://bilgewatermarket.com/cards/OGN-185?print_variation=foiled,Traveling Merchant,foil,4.80,https://bilgewatermarket.com/cards/OGN-185?print_variation=foiled,foiled,,¥5.80,$4.80,OGN-185,Traveling Merchant OGN-185/298 Foiled CN ¥5.80 EN $4.80
2026-09-03T19:41:39+00:00,https://bilgewatermarket.com/cards/OGN-185,Traveling Merchant,nonfoil,0.25,https://bilgewatermarket.com/cards/OGN-185,normal,,¥0.73,$0.25,OGN-185,Traveling Merchant OGN-185/298 CN ¥0.73 EN $0.25
2026-09-03T19:41:39+00:00,https://bilgewatermarket.com/cards/OGN-186?print_variation=foiled,Treasure Trove,foil,3.78,https://bilgewatermarket.com/cards/OGN-186?print_variation=foiled,foiled,,¥2.07,$3.78,OGN-186,Treasure Trove OGN-186/298 Foiled CN ¥2.07 EN $3.78
2026-09-03T19:41:39+00:00,https://bilgewatermarket.com/cards/OGN-186,Treasure Trove,nonfoil,0.59,https://bilgewatermarket.com/cards/OGN-186,normal,,¥0.97,$0.59,OGN-186,Treasure Trove OGN-186/298 CN ¥0.97 EN $0.59
2026-09-03T19:41:39+00:00,https://bilgewatermarket.com/cards/OGN-187?print_variation=foiled,Whirlwind,foil,0.32,https://bilgewatermarket.com/cards/OGN-187?print_variation=foiled,foiled,,¥0.81,$0.32,OGN-187,Whirlwind OGN-187/298 Foiled CN ¥0.81 EN $0.32
2026-09-03T19:41:39+00:00,https://bilgewatermarket.com/cards/OGN-187,Whirlwind,nonfoil,0.14,https://bilgewatermarket.com/cards/OGN-187,normal,,¥0.50,$0.14,OGN-187,Whirlwind OGN-187/298 CN ¥0.50 EN $0.14
2026-09-03T19:41:39+00:00,https://bilgewatermarket.com/cards/OGN-188?print_variation=foiled,Zaunite Bouncer,foil,0.28,https://bilgewatermarket.com/cards/OGN-188?print_variation=foiled,foiled,,¥0.50,$0.28,OGN-188,Zaunite Bouncer OGN-188/298 Foiled CN ¥0.50 EN $0.28
2026-09-03T19:41:39+00:00,https://bilgewatermarket.com/cards/OGN-188,Zaunite Bouncer,nonfoil,0.14,https://bilgewatermarket.com/cards/OGN-188,normal,,¥0.50,$0.14,OGN-188,Zaunite Bouncer OGN-188/298 CN ¥0.50 EN $0.14
2026-09-03T19:41:39+00:00,https://bilgewatermarket.com/cards/OGN-189,"Kayn, Unleashed",nonfoil,0.25,https://bilgewatermarket.com/cards/OGN-189,normal,,¥0.77,$0.25,OGN-189,"Kayn, Unleashed OGN-189/298 CN ¥0.77 EN $0.25"
2026-09-03T19:41:39+00:00,https://bilgewatermarket.com/cards/OGN-190,"Kog'Maw, Caustic",nonfoil,0.23,https://bilgewatermarket.com/cards/OGN-190,normal,,¥0.53,$0.23,OGN-190,"Kog'Maw, Caustic OGN-190/298 CN ¥0.53 EN $0.23"
2026-09-03T19:41:39+00:00,https://bilgewatermarket.com/cards/OGN-191,Maddened Marauder,nonfoil,0.27,https://bilgewatermarket.com/cards/OGN-191,normal,,¥0.53,$0.27,OGN-191,Maddened Marauder OGN-191/298 CN ¥0.53 EN $0.27
2026-09-03T19:41:39+00:00,https://bilgewatermarket.com/cards/OGN-192,Mindsplitter,nonfoil,0.96,https://bilgewatermarket.com/cards/OGN-192,normal,,¥5.46,$0.96,OGN-192,Mindsplitter OGN-192/298 CN ¥5.46 EN $0.96
2026-09-03T19:41:39+00:00,https://bilgewatermarket.com/cards/OGN-193,"Miss Fortune, Buccaneer",nonfoil,0.28,https://bilgewatermarket.com/cards/OGN-193,normal,,¥0.66,$0.28,OGN-193,"Miss Fortune, Buccaneer OGN-193/298 CN ¥0.66 EN $0.28"
2026-09-03T19:41:39+00:00,https://bilgewatermarket.com/cards/OGN-193a?print_variation=showcase,"Miss Fortune, Buccaneer",nonfoil,5.15,https://bilgewatermarket.com/cards/OGN-193a?print_variation=showcase,showcase,,¥3.77,$5.15,OGN-193a,"Miss Fortune, Buccaneer OGN-193a/298 Showcase CN ¥3.77 EN $5.15"
2026-09-03T19:41:39+00:00,https://bilgewatermarket.com/cards/OGN-194,"Nocturne, Horrifying",nonfoil,4.76,https://bilgewatermarket.com/cards/OGN-194,normal,,¥2.65,$4.76,OGN-194,"Nocturne, Horrifying OGN-194/298 CN ¥2.65 EN $4.76"
2026-09-03T19:41:39+00:00,https://bilgewatermarket.com/cards/OGN-195,Rhasa the Sunderer,nonfoil,2.79,https://bilgewatermarket.com/cards/OGN-195,normal,,¥2.78,$2.79,OGN-195,Rhasa the Sunderer OGN-195/298 CN ¥2.78 EN $2.79
2026-09-03T19:41:39+00:00,https://bilgewatermarket.com/cards/OGN-196,Soulgorger,nonfoil,0.40,https://bilgewatermarket.com/cards/OGN-196,normal,,¥0.63,$0.40,OGN-196,Soulgorger OGN-196/298 CN ¥0.63 EN $0.40
2026-09-03T19:41:39+00:00,https://bilgewatermarket.com/cards/OGN-197,"Teemo, Scout",nonfoil,0.59,https://bilgewatermarket.com/cards/OGN-197,normal,,¥0.64,$0.59,OGN-197,"Teemo, Scout OGN-197/298 CN ¥0.64 EN $0.59"
2026-09-03T19:41:39+00:00,https://bilgewatermarket.com/cards/OGN-197a?print_variation=showcase,"Teemo, Scout",nonfoil,16.04,https://bilgewatermarket.com/cards/OGN-197a?print_variation=showcase,showcase,,¥5.01,$16.04,OGN-197a,"Teemo, Scout OGN-197a/298 Showcase CN ¥5.01 EN $16.04"
2026-09-03T19:41:39+00:00,https://bilgewatermarket.com/cards/OGN-198,The Harrowing,nonfoil,0.56,https://bilgewatermarket.com/cards/OGN-198,normal,,¥0.68,$0.56,OGN-198,The Harrowing OGN-198/298 CN ¥0.68 EN $0.56
2026-09-03T19:41:39+00:00,https://bilgewatermarket.com/cards/OGN-199,Tideturner,nonfoil,2.69,https://bilgewatermarket.com/cards/OGN-199,normal,,¥16.92,$2.69,OGN-199,Tideturner OGN-199/298 CN ¥16.92 EN $2.69
2026-09-03T19:41:39+00:00,https://bilgewatermarket.com/cards/OGN-200,"Twisted Fate, Gambler",nonfoil,0.31,https://bilgewatermarket.com/cards/OGN-200,normal,,¥0.79,$0.31,OGN-200,"Twisted Fate, Gambler OGN-200/298 CN ¥0.79 EN $0.31"
2026-09-03T19:41:39+00:00,https://bilgewatermarket.com/cards/OGN-201,Invert Timelines,nonfoil,23.62,https://bilgewatermarket.com/cards/OGN-201,normal,,¥52.56,$23.62,OGN-201,Invert Timelines OGN-201/298 CN ¥52.56 EN $23.62
2026-09-03T19:41:39+00:00,https://bilgewatermarket.com/cards/OGN-202,"Jinx, Rebel",nonfoil,2.88,https://bilgewatermarket.com/cards/OGN-202,normal,,¥2.40,$2.88,OGN-202,"Jinx, Rebel OGN-202/298 CN ¥2.40 EN $2.88"
2026-09-03T19:41:39+00:00,https://bilgewatermarket.com/cards/OGN-202a?print_variation=showcase,"Jinx, Rebel",nonfoil,4.22,https://bilgewatermarket.com/cards/OGN-202a?print_variation=showcase,showcase,,¥2.00,$4.22,OGN-202a,"Jinx, Rebel OGN-202a/298 Showcase CN ¥2.00 EN $4.22"
2026-09-03T19:41:39+00:00,https://bilgewatermarket.com/cards/OGN-203,Possession,nonfoil,0.99,https://bilgewatermarket.com/cards/OGN-203,normal,,¥4.47,$0.99,OGN-203,Possession OGN-203/298 CN ¥4.47 EN $0.99
2026-09-03T19:41:39+00:00,https://bilgewatermarket.com/cards/OGN-204,Seal of Discord,nonfoil,44.80,https://bilgewatermarket.com/cards/OGN-204,normal,,¥113.39,$44.80,OGN-204,Seal of Discord OGN-204/298 CN ¥113.39 EN $44.80
2026-09-03T19:41:39+00:00,https://bilgewatermarket.com/cards/OGN-205,"Yasuo, Windrider",nonfoil,1.58,https://bilgewatermarket.com/cards/OGN-205,normal,,¥1.75,$1.58,OGN-205,"Yasuo, Windrider OGN-205/298 CN ¥1.75 EN $1.58"
2026-09-03T19:41:39+00:00,https://bilgewatermarket.com/cards/OGN-205a?print_variation=showcase,"Yasuo, Windrider",nonfoil,3.58,https://bilgewatermarket.com/cards/OGN-205a?print_variation=showcase,showcase,,¥4.40,$3.58,OGN-205a,"Yasuo, Windrider OGN-205a/298 Showcase CN ¥4.40 EN $3.58"
2026-09-03T19:41:39+00:00,https://bilgewatermarket.com/cards/OGN-206?print_variation=foiled,Back to Back,foil,0.18,https://bilgewatermarket.com/cards/OGN-206?print_variation=foiled,foiled,,¥0.51,$0.18,OGN-206,Back to Back OGN-206/298 Foiled CN ¥0.51 EN $0.18
2026-09-03T19:41:39+00:00,https://bilgewatermarket.com/cards/OGN-206,Back to Back,nonfoil,0.07,https://bilgewatermarket.com/cards/OGN-206,normal,,¥0.50,$0.07,OGN-206,Back to Back OGN-206/298 CN ¥0.50 EN $0.07
2026-09-03T19:41:39+00:00,https://bilgewatermarket.com/cards/OGN-207?print_variation=foiled,Call to Glory,foil,0.51,https://bilgewatermarket.com/cards/OGN-207?print_variation=foiled,foiled,,¥1.29,$0.51,OGN-207,Call to Glory OGN-207/298 Foiled CN ¥1.29 EN $0.51
2026-09-03T19:41:39+00:00,https://bilgewatermarket.com/cards/OGN-207,Call to Glory,nonfoil,0.20,https://bilgewatermarket.com/cards/OGN-207,normal,,¥0.51,$0.20,OGN-207,Call to Glory OGN-207/298 CN ¥0.51 EN $0.20
2026-09-03T19:41:39+00:00,https://bilgewatermarket.com/cards/OGN-208?print_variation=foiled,Cruel Patron,foil,0.20,https://bilgewatermarket.com/cards/OGN-208?print_variation=foiled,foiled,,¥0.50,$0.20,OGN-208,Cruel Patron OGN-208/298 Foiled CN ¥0.50 EN $0.20
2026-09-03T19:41:39+00:00,https://bilgewatermarket.com/cards/OGN-208,Cruel Patron,nonfoil,0.05,https://bilgewatermarket.com/cards/OGN-208,normal,,¥0.50,$0.05,OGN-208,Cruel Patron OGN-208/298 CN ¥0.50 EN $0.05
2026-09-03T19:41:39+00:00,https://bilgewatermarket.com/cards/OGN-209?print_variation=foiled,Cull the Weak,foil,2.07,https://bilgewatermarket.com/cards/OGN-209?print_variation=foiled,foiled,,¥2.86,$2.07,OGN-209,Cull the Weak OGN-209/298 Foiled CN ¥2.86 EN $2.07
2026-09-03T19:41:39+00:00,https://bilgewatermarket.com/cards/OGN-209,Cull the Weak,nonfoil,0.51,https://bilgewatermarket.com/cards/OGN-209,normal,,¥0.60,$0.51,OGN-209,Cull the Weak OGN-209/298 CN ¥0.60 EN $0.51
2026-09-03T19:41:39+00:00,https://bilgewatermarket.com/cards/OGN-210?print_variation=foiled,Daring Poro,foil,0.26,https://bilgewatermarket.com/cards/OGN-210?print_variation=foiled,foiled,,¥0.86,$0.26,OGN-210,Daring Poro OGN-210/298 Foiled CN ¥0.86 EN $0.26
2026-09-03T19:41:39+00:00,https://bilgewatermarket.com/cards/OGN-210,Daring Poro,nonfoil,0.15,https://bilgewatermarket.com/cards/OGN-210,normal,,¥0.50,$0.15,OGN-210,Daring Poro OGN-210/298 CN ¥0.50 EN $0.15
2026-09-03T19:41:39+00:00,https://bilgewatermarket.com/cards/OGN-211?print_variation=foiled,Faithful Manufactor,foil,0.26,https://bilgewatermarket.com/cards/OGN-211?print_variation=foiled,foiled,,¥0.99,$0.26,OGN-211,Faithful Manufactor OGN-211/298 Foiled CN ¥0.99 EN $0.26
2026-09-03T19:41:39+00:00,https://bilgewatermarket.com/cards/OGN-211,Faithful Manufactor,nonfoil,0.15,https://bilgewatermarket.com/cards/OGN-211,normal,,¥0.55,$0.15,OGN-211,Faithful Manufactor OGN-211/298 CN ¥0.55 EN $0.15
2026-09-03T19:41:39+00:00,https://bilgewatermarket.com/cards/OGN-212?print_variation=foiled,Forge of the Future,foil,0.30,https://bilgewatermarket.com/cards/OGN-212?print_variation=foiled,foiled,,¥1.30,$0.30,OGN-212,Forge of the Future OGN-212/298 Foiled CN ¥1.30 EN $0.30
2026-09-03T19:41:39+00:00,https://bilgewatermarket.com/cards/OGN-212,Forge of the Future,nonfoil,0.12,https://bilgewatermarket.com/cards/OGN-212,normal,,¥0.58,$0.12,OGN-212,Forge of the Future OGN-212/298 CN ¥0.58 EN $0.12
2026-09-03T19:41:39+00:00,https://bilgewatermarket.com/cards/OGN-213?print_variation=foiled,Hidden Blade,foil,3.32,https://bilgewatermarket.com/cards/OGN-213?print_variation=foiled,foiled,,¥4.61,$3.32,OGN-213,Hidden Blade OGN-213/298 Foiled CN ¥4.61 EN $3.32
2026-09-03T19:41:39+00:00,https://bilgewatermarket.com/cards/OGN-213,Hidden Blade,nonfoil,1.03,https://bilgewatermarket.com/cards/OGN-213,normal,,¥1.08,$1.03,OGN-213,Hidden Blade OGN-213/298 CN ¥1.08 EN $1.03
2026-09-03T19:41:39+00:00,https://bilgewatermarket.com/cards/OGN-214,Order Rune,nonfoil,0.11,https://bilgewatermarket.com/cards/OGN-214,normal,,¥0.52,$0.11,OGN-214,Order Rune OGN-214/298 CN ¥0.52 EN $0.11
2026-09-03T19:41:39+00:00,https://bilgewatermarket.com/cards/OGN-214a?print_variation=showcase,Order Rune,nonfoil,4.98,https://bilgewatermarket.com/cards/OGN-214a?print_variation=showcase,showcase,,¥31.95,$4.98,OGN-214a,Order Rune OGN-214a/298 Showcase CN ¥31.95 EN $4.98
2026-09-03T19:41:39+00:00,https://bilgewatermarket.com/cards/OGN-215?print_variation=foiled,Petty Officer,foil,0.16,https://bilgewatermarket.com/cards/OGN-215?print_variation=foiled,foiled,,¥0.50,$0.16,OGN-215,Petty Officer OGN-215/298 Foiled CN ¥0.50 EN $0.16
2026-09-03T19:41:39+00:00,https://bilgewatermarket.com/cards/OGN-215,Petty Officer,nonfoil,0.04,https://bilgewatermarket.com/cards/OGN-215,normal,,¥0.50,$0.04,OGN-215,Petty Officer OGN-215/298 CN ¥0.50 EN $0.04
2026-09-03T19:41:39+00:00,https://bilgewatermarket.com/cards/OGN-216?print_variation=foiled,Soaring Scout,foil,1.41,https://bilgewatermarket.com/cards/OGN-216?print_variation=foiled,foiled,,¥1.22,$1.41,OGN-216,Soaring Scout OGN-216/298 Foiled CN ¥1.22 EN $1.41
2026-09-03T19:41:39+00:00,https://bilgewatermarket.com/cards/OGN-216,Soaring Scout,nonfoil,0.14,https://bilgewatermarket.com/cards/OGN-216,normal,,¥0.50,$0.14,OGN-216,Soaring Scout OGN-216/298 CN ¥0.50 EN $0.14
2026-09-03T19:41:39+00:00,https://bilgewatermarket.com/cards/OGN-217?print_variation=foiled,Trifarian Gloryseeker,foil,0.24,https://bilgewatermarket.com/cards/OGN-217?print_variation=foiled,foiled,,¥0.54,$0.24,OGN-217,Trifarian Gloryseeker OGN-217/298 Foiled CN ¥0.54 EN $0.24
2026-09-03T19:41:39+00:00,https://bilgewatermarket.com/cards/OGN-217,Trifarian Gloryseeker,nonfoil,0.10,https://bilgewatermarket.com/cards/OGN-217,normal,,¥0.51,$0.10,OGN-217,Trifarian Gloryseeker OGN-217/298 CN ¥0.51 EN $0.10
2026-09-03T19:41:39+00:00,https://bilgewatermarket.com/cards/OGN-218?print_variation=foiled,Vanguard Captain,foil,0.30,https://bilgewatermarket.com/cards/OGN-218?print_variation=foiled,foiled,,¥1.02,$0.30,OGN-218,Vanguard Captain OGN-218/298 Foiled CN ¥1.02 EN $0.30
2026-09-03T19:41:39+00:00,https://bilgewatermarket.com/cards/OGN-218,Vanguard Captain,nonfoil,0.18,https://bilgewatermarket.com/cards/OGN-218,normal,,¥0.52,$0.18,OGN-218,Vanguard Captain OGN-218/298 CN ¥0.52 EN $0.18
2026-09-03T19:41:39+00:00,https://bilgewatermarket.com/cards/OGN-219?print_variation=foiled,Vanguard Sergeant,foil,0.16,https://bilgewatermarket.com/cards/OGN-219?print_variation=foiled,foiled,,¥0.50,$0.16,OGN-219,Vanguard Sergeant OGN-219/298 Foiled CN ¥0.50 EN $0.16
2026-09-03T19:41:39+00:00,https://bilgewatermarket.com/cards/OGN-219,Vanguard Sergeant,nonfoil,0.03,https://bilgewatermarket.com/cards/OGN-219,normal,,¥0.50,$0.03,OGN-219,Vanguard Sergeant OGN-219/298 CN ¥0.50 EN $0.03
2026-09-03T19:41:39+00:00,https://bilgewatermarket.com/cards/OGN-220?print_variation=foiled,Facebreaker,foil,0.37,https://bilgewatermarket.com/cards/OGN-220?print_variation=foiled,foiled,,¥2.95,$0.37,OGN-220,Facebreaker OGN-220/298 Foiled CN ¥2.95 EN $0.37
2026-09-03T19:41:39+00:00,https://bilgewatermarket.com/cards/OGN-220,Facebreaker,nonfoil,0.20,https://bilgewatermarket.com/cards/OGN-220,normal,,¥1.07,$0.20,OGN-220,Facebreaker OGN-220/298 CN ¥1.07 EN $0.20
2026-09-03T19:41:39+00:00,https://bilgewatermarket.com/cards/OGN-221?print_variation=foiled,Imperial Decree,foil,1.25,https://bilgewatermarket.com/cards/OGN-221?print_variation=foiled,foiled,,¥4.10,$1.25,OGN-221,Imperial Decree OGN-221/298 Foiled CN ¥4.10 EN $1.25
2026-09-03T19:41:39+00:00,https://bilgewatermarket.com/cards/OGN-221,Imperial Decree,nonfoil,0.85,https://bilgewatermarket.com/cards/OGN-221,normal,,¥1.79,$0.85,OGN-221,Imperial Decree OGN-221/298 CN ¥1.79 EN $0.85
2026-09-03T19:41:39+00:00,https://bilgewatermarket.com/cards/OGN-222?print_variation=foiled,Noxian Drummer,foil,0.33,https://bilgewatermarket.com/cards/OGN-222?print_variation=foiled,foiled,,¥0.94,$0.33,OGN-222,Noxian Drummer OGN-222/298 Foiled CN ¥0.94 EN $0.33
2026-09-03T19:41:39+00:00,https://bilgewatermarket.com/cards/OGN-222,Noxian Drummer,nonfoil,0.12,https://bilgewatermarket.com/cards/OGN-222,normal,,¥0.50,$0.12,OGN-222,Noxian Drummer OGN-222/298 CN ¥0.50 EN $0.12
2026-09-03T19:41:39+00:00,https://bilgewatermarket.com/cards/OGN-223?print_variation=foiled,Peak Guardian,foil,0.28,https://bilgewatermarket.com/cards/OGN-223?print_variation=foiled,foiled,,¥0.56,$0.28,OGN-223,Peak Guardian OGN-223/298 Foiled CN ¥0.56 EN $0.28
2026-09-03T19:41:39+00:00,https://bilgewatermarket.com/cards/OGN-223,Peak Guardian,nonfoil,0.09,https://bilgewatermarket.com/cards/OGN-223,normal,,¥0.50,$0.09,OGN-223,Peak Guardian OGN-223/298 CN ¥0.50 EN $0.09
2026-09-03T19:41:39+00:00,https://bilgewatermarket.com/cards/OGN-224?print_variation=foiled,Salvage,foil,8.96,https://bilgewatermarket.com/cards/OGN-224?print_variation=foiled,foiled,,¥12.96,$8.96,OGN-224,Salvage OGN-224/298 Foiled CN ¥12.96 EN $8.96
2026-09-03T19:41:39+00:00,https://bilgewatermarket.com/cards/OGN-224,Salvage,nonfoil,4.43,https://bilgewatermarket.com/cards/OGN-224,normal,,¥6.96,$4.43,OGN-224,Salvage OGN-224/298 CN ¥6.96 EN $4.43
2026-09-03T19:41:39+00:00,https://bilgewatermarket.com/cards/OGN-225?print_variation=foiled,Solari Chief,foil,0.29,https://bilgewatermarket.com/cards/OGN-225?print_variation=foiled,foiled,,¥0.59,$0.29,OGN-225,Solari Chief OGN-225/298 Foiled CN ¥0.59 EN $0.29
2026-09-03T19:41:39+00:00,https://bilgewatermarket.com/cards/OGN-225,Solari Chief,nonfoil,0.16,https://bilgewatermarket.com/cards/OGN-225,normal,,¥0.50,$0.16,OGN-225,Solari Chief OGN-225/298 CN ¥0.50 EN $0.16
2026-09-03T19:41:39+00:00,https://bilgewatermarket.com/cards/OGN-226?print_variation=foiled,Spectral Matron,foil,2.22,https://bilgewatermarket.com/cards/OGN-226?print_variation=foiled,foiled,,¥2.87,$2.22,OGN-226,Spectral Matron OGN-226/298 Foiled CN ¥2.87 EN $2.22
2026-09-03T19:41:39+00:00,https://bilgewatermarket.com/cards/OGN-226,Spectral Matron,nonfoil,0.31,https://bilgewatermarket.com/cards/OGN-226,normal,,¥1.24,$0.31,OGN-226,Spectral Matron OGN-226/298 CN ¥1.24 EN $0.31
2026-09-03T19:41:39+00:00,https://bilgewatermarket.com/cards/OGN-227?print_variation=foiled,Symbol of the Solari,foil,0.26,https://bilgewatermarket.com/cards/OGN-227?print_variation=foiled,foiled,,¥0.50,$0.26,OGN-227,Symbol of the Solari OGN-227/298 Foiled CN ¥0.50 EN $0.26
2026-09-03T19:41:39+00:00,https://bilgewatermarket.com/cards/OGN-227,Symbol of the Solari,nonfoil,0.09,https://bilgewatermarket.com/cards/OGN-227,normal,,¥0.50,$0.09,OGN-227,Symbol of the Solari OGN-227/298 CN ¥0.50 EN $0.09
2026-09-03T19:41:39+00:00,https://bilgewatermarket.com/cards/OGN-228?print_variation=foiled,Vanguard Helm,foil,0.25,https://bilgewatermarket.com/cards/OGN-228?print_variation=foiled,foiled,,¥0.55,$0.25,OGN-228,Vanguard Helm OGN-228/298 Foiled CN ¥0.55 EN $0.25
2026-09-03T19:41:39+00:00,https://bilgewatermarket.com/cards/OGN-228,Vanguard Helm,nonfoil,0.08,https://bilgewatermarket.com/cards/OGN-228,normal,,¥0.50,$0.08,OGN-228,Vanguard Helm OGN-228/298 CN ¥0.50 EN $0.08
2026-09-03T19:41:39+00:00,https://bilgewatermarket.com/cards/OGN-229?print_variation=foiled,Vengeance,foil,0.50,https://bilgewatermarket.com/cards/OGN-229?print_variation=foiled,foiled,,¥2.10,$0.50,OGN-229,Vengeance OGN-229/298 Foiled CN ¥2.10 EN $0.50
2026-09-03T19:41:39+00:00,https://bilgewatermarket.com/cards/OGN-229,Vengeance,nonfoil,0.25,https://bilgewatermarket.com/cards/OGN-229,normal,,¥0.64,$0.25,OGN-229,Vengeance OGN-229/298 CN ¥0.64 EN $0.25
2026-09-03T19:41:39+00:00,https://bilgewatermarket.com/cards/OGN-230,Albus Ferros,nonfoil,0.12,https://bilgewatermarket.com/cards/OGN-230,normal,,¥0.50,$0.12,OGN-230,Albus Ferros OGN-230/298 CN ¥0.50 EN $0.12
2026-09-03T19:41:39+00:00,https://bilgewatermarket.com/cards/OGN-231,Commander Ledros,nonfoil,0.19,https://bilgewatermarket.com/cards/OGN-231,normal,,¥0.54,$0.19,OGN-231,Commander Ledros OGN-231/298 CN ¥0.54 EN $0.19
2026-09-03T19:41:39+00:00,https://bilgewatermarket.com/cards/OGN-232,"Fiora, Victorious",nonfoil,1.43,https://bilgewatermarket.com/cards/OGN-232,normal,,¥4.86,$1.43,OGN-232,"Fiora, Victorious OGN-232/298 CN ¥4.86 EN $1.43"
2026-09-03T19:41:39+00:00,https://bilgewatermarket.com/cards/OGN-233,Grand Strategem,nonfoil,0.44,https://bilgewatermarket.com/cards/OGN-233,normal,,¥1.94,$0.44,OGN-233,Grand Strategem OGN-233/298 CN ¥1.94 EN $0.44
2026-09-03T19:41:39+00:00,https://bilgewatermarket.com/cards/OGN-234,Harnessed Dragon,nonfoil,1.84,https://bilgewatermarket.com/cards/OGN-234,normal,,¥2.53,$1.84,OGN-234,Harnessed Dragon OGN-234/298 CN ¥2.53 EN $1.84
2026-09-03T19:41:39+00:00,https://bilgewatermarket.com/cards/OGN-235,"Karma, Channeler",nonfoil,0.28,https://bilgewatermarket.com/cards/OGN-235,normal,,¥0.60,$0.28,OGN-235,"Karma, Channeler OGN-235/298 CN ¥0.60 EN $0.28"
2026-09-03T19:41:39+00:00,https://bilgewatermarket.com/cards/OGN-236,"Karthus, Eternal",nonfoil,1.44,https://bilgewatermarket.com/cards/OGN-236,normal,,¥2.26,$1.44,OGN-236,"Karthus, Eternal OGN-236/298 CN ¥2.26 EN $1.44"
2026-09-03T19:41:39+00:00,https://bilgewatermarket.com/cards/OGN-237,King's Edict,nonfoil,0.17,https://bilgewatermarket.com/cards/OGN-237,normal,,¥0.55,$0.17,OGN-237,King's Edict OGN-237/298 CN ¥0.55 EN $0.17
2026-09-03T19:41:39+00:00,https://bilgewatermarket.com/cards/OGN-238,"Leona, Determined",nonfoil,0.40,https://bilgewatermarket.com/cards/OGN-238,normal,,¥0.68,$0.40,OGN-238,"Leona, Determined OGN-238/298 CN ¥0.68 EN $0.40"
2026-09-03T19:41:39+00:00,https://bilgewatermarket.com/cards/OGN-238a?print_variation=showcase,"Leona, Determined",nonfoil,3.00,https://bilgewatermarket.com/cards/OGN-238a?print_variation=showcase,showcase,,¥5.26,$3.00,OGN-238a,"Leona, Determined OGN-238a/298 Showcase CN ¥5.26 EN $3.00"
2026-09-03T19:41:39+00:00,https://bilgewatermarket.com/cards/OGN-239,Machine Evangel,nonfoil,0.28,https://bilgewatermarket.com/cards/OGN-239,normal,,¥1.38,$0.28,OGN-239,Machine Evangel OGN-239/298 CN ¥1.38 EN $0.28
2026-09-03T19:41:39+00:00,https://bilgewatermarket.com/cards/OGN-240,"Sett, Kingpin",nonfoil,0.31,https://bilgewatermarket.com/cards/OGN-240,normal,,¥0.52,$0.31,OGN-240,"Sett, Kingpin OGN-240/298 CN ¥0.52 EN $0.31"
2026-09-03T19:41:39+00:00,https://bilgewatermarket.com/cards/OGN-240a?print_variation=showcase,"Sett, Kingpin",nonfoil,1.28,https://bilgewatermarket.com/cards/OGN-240a?print_variation=showcase,showcase,,¥3.14,$1.28,OGN-240a,"Sett, Kingpin OGN-240a/298 Showcase CN ¥3.14 EN $1.28"
2026-09-03T19:41:39+00:00,https://bilgewatermarket.com/cards/OGN-241,"Shen, Kinkou",nonfoil,0.66,https://bilgewatermarket.com/cards/OGN-241,normal,,¥1.67,$0.66,OGN-241,"Shen, Kinkou OGN-241/298 CN ¥1.67 EN $0.66"
2026-09-03T19:41:39+00:00,https://bilgewatermarket.com/cards/OGN-242,Baited Hook,nonfoil,46.74,https://bilgewatermarket.com/cards/OGN-242,normal,,¥79.21,$46.74,OGN-242,Baited Hook OGN-242/298 CN ¥79.21 EN $46.74
2026-09-03T19:41:39+00:00,https://bilgewatermarket.com/cards/OGN-243,"Darius, Executioner",nonfoil,0.90,https://bilgewatermarket.com/cards/OGN-243,normal,,¥1.19,$0.90,OGN-243,"Darius, Executioner OGN-243/298 CN ¥1.19 EN $0.90"
2026-09-03T19:41:39+00:00,https://bilgewatermarket.com/cards/OGN-243a?print_variation=showcase,"Darius, Executioner",nonfoil,3.24,https://bilgewatermarket.com/cards/OGN-243a?print_variation=showcase,showcase,,¥3.44,$3.24,OGN-243a,"Darius, Executioner OGN-243a/298 Showcase CN ¥3.44 EN $3.24"
2026-09-03T19:41:39+00:00,https://bilgewatermarket.com/cards/OGN-244,Divine Judgment,nonfoil,7.79,https://bilgewatermarket.com/cards/OGN-244,normal,,¥15.00,$7.79,OGN-244,Divine Judgment OGN-244/298 CN ¥15.00 EN $7.79
2026-09-03T19:41:39+00:00,https://bilgewatermarket.com/cards/OGN-245,Seal of Unity,nonfoil,17.27,https://bilgewatermarket.com/cards/OGN-245,normal,,¥61.38,$17.27,OGN-245,Seal of Unity OGN-245/298 CN ¥61.38 EN $17.27
2026-09-03T19:41:39+00:00,https://bilgewatermarket.com/cards/OGN-246,"Viktor, Leader",nonfoil,2.94,https://bilgewatermarket.com/cards/OGN-246,normal,,¥2.89,$2.94,OGN-246,"Viktor, Leader OGN-246/298 CN ¥2.89 EN $2.94"
2026-09-03T19:41:39+00:00,https://bilgewatermarket.com/cards/OGN-246a?print_variation=showcase,"Viktor, Leader",nonfoil,3.07,https://bilgewatermarket.com/cards/OGN-246a?print_variation=showcase,showcase,,¥3.21,$3.07,OGN-246a,"Viktor, Leader OGN-246a/298 Showcase CN ¥3.21 EN $3.07"
2026-09-03T19:41:39+00:00,https://bilgewatermarket.com/cards/OGN-247,"Kai'Sa, Daughter of the Void",nonfoil,0.29,https://bilgewatermarket.com/cards/OGN-247,normal,,¥0.58,$0.29,OGN-247,"Kai'Sa, Daughter of the Void OGN-247/298 CN ¥0.58 EN $0.29"
2026-09-03T19:41:39+00:00,https://bilgewatermarket.com/cards/OGN-248,Icathian Rain,nonfoil,3.38,https://bilgewatermarket.com/cards/OGN-248,normal,,¥9.09,$3.38,OGN-248,Icathian Rain OGN-248/298 CN ¥9.09 EN $3.38
2026-09-03T19:41:39+00:00,https://bilgewatermarket.com/cards/OGN-249,"Volibear, Relentless Storm",nonfoil,0.24,https://bilgewatermarket.com/cards/OGN-249,normal,,¥0.53,$0.24,OGN-249,"Volibear, Relentless Storm OGN-249/298 CN ¥0.53 EN $0.24"
2026-09-03T19:41:39+00:00,https://bilgewatermarket.com/cards/OGN-250,Stormbringer,nonfoil,2.15,https://bilgewatermarket.com/cards/OGN-250,normal,,¥2.07,$2.15,OGN-250,Stormbringer OGN-250/298 CN ¥2.07 EN $2.15
2026-09-03T19:41:39+00:00,https://bilgewatermarket.com/cards/OGN-251,"Jinx, Loose Cannon",nonfoil,0.28,https://bilgewatermarket.com/cards/OGN-251,normal,,¥0.63,$0.28,OGN-251,"Jinx, Loose Cannon OGN-251/298 CN ¥0.63 EN $0.28"
2026-09-03T19:41:39+00:00,https://bilgewatermarket.com/cards/OGN-252,Super Mega Death Rocket!,nonfoil,4.81,https://bilgewatermarket.com/cards/OGN-252,normal,,¥4.50,$4.81,OGN-252,Super Mega Death Rocket! OGN-252/298 CN ¥4.50 EN $4.81
2026-09-03T19:41:39+00:00,https://bilgewatermarket.com/cards/OGN-253,"Darius, Hand of Noxus",nonfoil,0.20,https://bilgewatermarket.com/cards/OGN-253,normal,,¥0.61,$0.20,OGN-253,"Darius, Hand of Noxus OGN-253/298 CN ¥0.61 EN $0.20"
2026-09-03T19:41:39+00:00,https://bilgewatermarket.com/cards/OGN-254,Noxian Guillotine,nonfoil,0.76,https://bilgewatermarket.com/cards/OGN-254,normal,,¥1.31,$0.76,OGN-254,Noxian Guillotine OGN-254/298 CN ¥1.31 EN $0.76
2026-09-03T19:41:39+00:00,https://bilgewatermarket.com/cards/OGN-255,"Ahri, Nine-Tailed Fox",nonfoil,2.45,https://bilgewatermarket.com/cards/OGN-255,normal,,¥0.63,$2.45,OGN-255,"Ahri, Nine-Tailed Fox OGN-255/298 CN ¥0.63 EN $2.45"
2026-09-03T19:41:39+00:00,https://bilgewatermarket.com/cards/OGN-256,Fox-Fire,nonfoil,3.37,https://bilgewatermarket.com/cards/OGN-256,normal,,¥3.13,$3.37,OGN-256,Fox-Fire OGN-256/298 CN ¥3.13 EN $3.37
2026-09-03T19:41:39+00:00,https://bilgewatermarket.com/cards/OGN-257,"Lee Sin, Blind Monk",nonfoil,0.18,https://bilgewatermarket.com/cards/OGN-257,normal,,¥0.50,$0.18,OGN-257,"Lee Sin, Blind Monk OGN-257/298 CN ¥0.50 EN $0.18"
2026-09-03T19:41:39+00:00,https://bilgewatermarket.com/cards/OGN-258,Dragon's Rage,nonfoil,0.89,https://bilgewatermarket.com/cards/OGN-258,normal,,¥1.45,$0.89,OGN-258,Dragon's Rage OGN-258/298 CN ¥1.45 EN $0.89
2026-09-03T19:41:39+00:00,https://bilgewatermarket.com/cards/OGN-259,"Yasuo, Unforgiven",nonfoil,0.24,https://bilgewatermarket.com/cards/OGN-259,normal,,¥0.53,$0.24,OGN-259,"Yasuo, Unforgiven OGN-259/298 CN ¥0.53 EN $0.24"
2026-09-03T19:41:39+00:00,https://bilgewatermarket.com/cards/OGN-260,Last Breath,nonfoil,1.85,https://bilgewatermarket.com/cards/OGN-260,normal,,¥2.45,$1.85,OGN-260,Last Breath OGN-260/298 CN ¥2.45 EN $1.85
2026-09-03T19:41:39+00:00,https://bilgewatermarket.com/cards/OGN-261,"Leona, Radiant Dawn",nonfoil,0.27,https://bilgewatermarket.com/cards/OGN-261,normal,,¥0.54,$0.27,OGN-261,"Leona, Radiant Dawn OGN-261/298 CN ¥0.54 EN $0.27"
2026-09-03T19:41:39+00:00,https://bilgewatermarket.com/cards/OGN-262,Zenith Blade,nonfoil,6.37,https://bilgewatermarket.com/cards/OGN-262,normal,,¥4.34,$6.37,OGN-262,Zenith Blade OGN-262/298 CN ¥4.34 EN $6.37
2026-09-03T19:41:39+00:00,https://bilgewatermarket.com/cards/OGN-263,"Teemo, Swift Scout",nonfoil,0.31,https://bilgewatermarket.com/cards/OGN-263,normal,,¥0.54,$0.31,OGN-263,"Teemo, Swift Scout OGN-263/298 CN ¥0.54 EN $0.31"
2026-09-03T19:41:39+00:00,https://bilgewatermarket.com/cards/OGN-264,Guerilla Warfare,nonfoil,4.86,https://bilgewatermarket.com/cards/OGN-264,normal,,¥3.87,$4.86,OGN-264,Guerilla Warfare OGN-264/298 CN ¥3.87 EN $4.86
2026-09-03T19:41:39+00:00,https://bilgewatermarket.com/cards/OGN-265,"Viktor, Herald of the Arcane",nonfoil,0.29,https://bilgewatermarket.com/cards/OGN-265,normal,,¥0.53,$0.29,OGN-265,"Viktor, Herald of the Arcane OGN-265/298 CN ¥0.53 EN $0.29"
2026-09-03T19:41:39+00:00,https://bilgewatermarket.com/cards/OGN-266,Siphon Power,nonfoil,1.26,https://bilgewatermarket.com/cards/OGN-266,normal,,¥2.07,$1.26,OGN-266,Siphon Power OGN-266/298 CN ¥2.07 EN $1.26
2026-09-03T19:41:39+00:00,https://bilgewatermarket.com/cards/OGN-267,"Miss Fortune, Bounty Hunter",nonfoil,0.28,https://bilgewatermarket.com/cards/OGN-267,normal,,¥0.59,$0.28,OGN-267,"Miss Fortune, Bounty Hunter OGN-267/298 CN ¥0.59 EN $0.28"
2026-09-03T19:41:39+00:00,https://bilgewatermarket.com/cards/OGN-268,Bullet Time,nonfoil,3.52,https://bilgewatermarket.com/cards/OGN-268,normal,,¥4.60,$3.52,OGN-268,Bullet Time OGN-268/298 CN ¥4.60 EN $3.52
2026-09-03T19:41:39+00:00,https://bilgewatermarket.com/cards/OGN-269,"Sett, The Boss",nonfoil,0.29,https://bilgewatermarket.com/cards/OGN-269,normal,,¥0.59,$0.29,OGN-269,"Sett, The Boss OGN-269/298 CN ¥0.59 EN $0.29"
2026-09-03T19:41:39+00:00,https://bilgewatermarket.com/cards/OGN-270,Showstopper,nonfoil,5.76,https://bilgewatermarket.com/cards/OGN-270,normal,,¥12.44,$5.76,OGN-270,Showstopper OGN-270/298 CN ¥12.44 EN $5.76
2026-09-03T19:41:39+00:00,https://bilgewatermarket.com/cards/OGN-271,Recruit (DE),nonfoil,0.14,https://bilgewatermarket.com/cards/OGN-271,normal,,¥0.51,$0.14,OGN-271,Recruit (DE) OGN-271/298 CN ¥0.51 EN $0.14
2026-09-03T19:41:39+00:00,https://bilgewatermarket.com/cards/OGN-272,Recruit (NX),nonfoil,0.13,https://bilgewatermarket.com/cards/OGN-272,normal,,¥0.56,$0.13,OGN-272,Recruit (NX) OGN-272/298 CN ¥0.56 EN $0.13
2026-09-03T19:41:39+00:00,https://bilgewatermarket.com/cards/OGN-273,Recruit (ZN),nonfoil,0.18,https://bilgewatermarket.com/cards/OGN-273,normal,,¥0.53,$0.18,OGN-273,Recruit (ZN) OGN-273/298 CN ¥0.53 EN $0.18
2026-09-03T19:41:39+00:00,https://bilgewatermarket.com/cards/OGN-274,Sprite,nonfoil,0.15,https://bilgewatermarket.com/cards/OGN-274,normal,,¥0.51,$0.15,OGN-274,Sprite OGN-274/298 CN ¥0.51 EN $0.15
2026-09-03T19:41:39+00:00,https://bilgewatermarket.com/cards/OGN-275?print_variation=foiled,Altar to Unity,foil,0.39,https://bilgewatermarket.com/cards/OGN-275?print_variation=foiled,foiled,,¥1.03,$0.39,OGN-275,Altar to Unity OGN-275/298 Foiled CN ¥1.03 EN $0.39
2026-09-03T19:41:39+00:00,https://bilgewatermarket.com/cards/OGN-275,Altar to Unity,nonfoil,0.07,https://bilgewatermarket.com/cards/OGN-275,normal,,¥0.57,$0.07,OGN-275,Altar to Unity OGN-275/298 CN ¥0.57 EN $0.07
2026-09-03T19:41:39+00:00,https://bilgewatermarket.com/cards/OGN-276?print_variation=foiled,Aspirant's Climb,foil,1.29,https://bilgewatermarket.com/cards/OGN-276?print_variation=foiled,foiled,,¥2.47,$1.29,OGN-276,Aspirant's Climb OGN-276/298 Foiled CN ¥2.47 EN $1.29
2026-09-03T19:41:39+00:00,https://bilgewatermarket.com/cards/OGN-276,Aspirant's Climb,nonfoil,0.24,https://bilgewatermarket.com/cards/OGN-276,normal,,¥0.66,$0.24,OGN-276,Aspirant's Climb OGN-276/298 CN ¥0.66 EN $0.24
2026-09-03T19:41:39+00:00,https://bilgewatermarket.com/cards/OGN-277?print_variation=foiled,Back-Alley Bar,foil,0.49,https://bilgewatermarket.com/cards/OGN-277?print_variation=foiled,foiled,,¥1.60,$0.49,OGN-277,Back-Alley Bar OGN-277/298 Foiled CN ¥1.60 EN $0.49
2026-09-03T19:41:39+00:00,https://bilgewatermarket.com/cards/OGN-277,Back-Alley Bar,nonfoil,0.16,https://bilgewatermarket.com/cards/OGN-277,normal,,¥0.57,$0.16,OGN-277,Back-Alley Bar OGN-277/298 CN ¥0.57 EN $0.16
2026-09-03T19:41:39+00:00,https://bilgewatermarket.com/cards/OGN-278?print_variation=foiled,Bandle Tree,foil,0.51,https://bilgewatermarket.com/cards/OGN-278?print_variation=foiled,foiled,,¥1.07,$0.51,OGN-278,Bandle Tree OGN-278/298 Foiled CN ¥1.07 EN $0.51
2026-09-03T19:41:39+00:00,https://bilgewatermarket.com/cards/OGN-278,Bandle Tree,nonfoil,0.19,https://bilgewatermarket.com/cards/OGN-278,normal,,¥0.66,$0.19,OGN-278,Bandle Tree OGN-278/298 CN ¥0.66 EN $0.19
2026-09-03T19:41:39+00:00,https://bilgewatermarket.com/cards/OGN-279?print_variation=foiled,Fortified Position,foil,0.51,https://bilgewatermarket.com/cards/OGN-279?print_variation=foiled,foiled,,¥1.69,$0.51,OGN-279,Fortified Position OGN-279/298 Foiled CN ¥1.69 EN $0.51
2026-09-03T19:41:39+00:00,https://bilgewatermarket.com/cards/OGN-279,Fortified Position,nonfoil,0.18,https://bilgewatermarket.com/cards/OGN-279,normal,,¥0.67,$0.18,OGN-279,Fortified Position OGN-279/298 CN ¥0.67 EN $0.18
2026-09-03T19:41:39+00:00,https://bilgewatermarket.com/cards/OGN-280?print_variation=foiled,Grove of the God-Willow,foil,1.26,https://bilgewatermarket.com/cards/OGN-280?print_variation=foiled,foiled,,¥3.48,$1.26,OGN-280,Grove of the God-Willow OGN-280/298 Foiled CN ¥3.48 EN $1.26
2026-09-03T19:41:39+00:00,https://bilgewatermarket.com/cards/OGN-280,Grove of the God-Willow,nonfoil,0.28,https://bilgewatermarket.com/cards/OGN-280,normal,,¥0.59,$0.28,OGN-280,Grove of the God-Willow OGN-280/298 CN ¥0.59 EN $0.28
2026-09-03T19:41:39+00:00,https://bilgewatermarket.com/cards/OGN-281?print_variation=foiled,Hallowed Tomb,foil,0.44,https://bilgewatermarket.com/cards/OGN-281?print_variation=foiled,foiled,,¥0.90,$0.44,OGN-281,Hallowed Tomb OGN-281/298 Foiled CN ¥0.90 EN $0.44
2026-09-03T19:41:39+00:00,https://bilgewatermarket.com/cards/OGN-281,Hallowed Tomb,nonfoil,0.21,https://bilgewatermarket.com/cards/OGN-281,normal,,¥0.51,$0.21,OGN-281,Hallowed Tomb OGN-281/298 CN ¥0.51 EN $0.21
2026-09-03T19:41:39+00:00,https://bilgewatermarket.com/cards/OGN-282?print_variation=foiled,Monastery of Hirana,foil,0.60,https://bilgewatermarket.com/cards/OGN-282?print_variation=foiled,foiled,,¥1.76,$0.60,OGN-282,Monastery of Hirana OGN-282/298 Foiled CN ¥1.76 EN $0.60
2026-09-03T19:41:39+00:00,https://bilgewatermarket.com/cards/OGN-282,Monastery of Hirana,nonfoil,0.19,https://bilgewatermarket.com/cards/OGN-282,normal,,¥0.61,$0.19,OGN-282,Monastery of Hirana OGN-282/298 CN ¥0.61 EN $0.19
2026-09-03T19:41:39+00:00,https://bilgewatermarket.com/cards/OGN-283?print_variation=foiled,Navori Fighting Pit,foil,0.33,https://bilgewatermarket.com/cards/OGN-283?print_variation=foiled,foiled,,¥0.88,$0.33,OGN-283,Navori Fighting Pit OGN-283/298 Foiled CN ¥0.88 EN $0.33
2026-09-03T19:41:39+00:00,https://bilgewatermarket.com/cards/OGN-283,Navori Fighting Pit,nonfoil,0.11,https://bilgewatermarket.com/cards/OGN-283,normal,,¥0.50,$0.11,OGN-283,Navori Fighting Pit OGN-283/298 CN ¥0.50 EN $0.11
2026-09-03T19:41:39+00:00,https://bilgewatermarket.com/cards/OGN-284?print_variation=foiled,Obelisk of Power,foil,0.59,https://bilgewatermarket.com/cards/OGN-284?print_variation=foiled,foiled,,¥2.54,$0.59,OGN-284,Obelisk of Power OGN-284/298 Foiled CN ¥2.54 EN $0.59
2026-09-03T19:41:39+00:00,https://bilgewatermarket.com/cards/OGN-284,Obelisk of Power,nonfoil,0.12,https://bilgewatermarket.com/cards/OGN-284,normal,,¥0.52,$0.12,OGN-284,Obelisk of Power OGN-284/298 CN ¥0.52 EN $0.12
2026-09-03T19:41:39+00:00,https://bilgewatermarket.com/cards/OGN-285?print_variation=foiled,Reaver's Row,foil,0.70,https://bilgewatermarket.com/cards/OGN-285?print_variation=foiled,foiled,,¥0.54,$0.70,OGN-285,Reaver's Row OGN-285/298 Foiled CN ¥0.54 EN $0.70
2026-09-03T19:41:39+00:00,https://bilgewatermarket.com/cards/OGN-285,Reaver's Row,nonfoil,0.13,https://bilgewatermarket.com/cards/OGN-285,normal,,¥0.51,$0.13,OGN-285,Reaver's Row OGN-285/298 CN ¥0.51 EN $0.13
2026-09-03T19:41:39+00:00,https://bilgewatermarket.com/cards/OGN-286?print_variation=foiled,Reckoner's Arena,foil,0.35,https://bilgewatermarket.com/cards/OGN-286?print_variation=foiled,foiled,,¥1.25,$0.35,OGN-286,Reckoner's Arena OGN-286/298 Foiled CN ¥1.25 EN $0.35
2026-09-03T19:41:39+00:00,https://bilgewatermarket.com/cards/OGN-286,Reckoner's Arena,nonfoil,0.18,https://bilgewatermarket.com/cards/OGN-286,normal,,¥0.55,$0.18,OGN-286,Reckoner's Arena OGN-286/298 CN ¥0.55 EN $0.18
2026-09-03T19:41:39+00:00,https://bilgewatermarket.com/cards/OGN-287?print_variation=foiled,Sigil of the Storm,foil,1.23,https://bilgewatermarket.com/cards/OGN-287?print_variation=foiled,foiled,,¥2.31,$1.23,OGN-287,Sigil of the Storm OGN-287/298 Foiled CN ¥2.31 EN $1.23
2026-09-03T19:41:39+00:00,https://bilgewatermarket.com/cards/OGN-287,Sigil of the Storm,nonfoil,0.28,https://bilgewatermarket.com/cards/OGN-287,normal,,¥0.58,$0.28,OGN-287,Sigil of the Storm OGN-287/298 CN ¥0.58 EN $0.28
2026-09-03T19:41:39+00:00,https://bilgewatermarket.com/cards/OGN-288?print_variation=foiled,Startipped Peak,foil,0.79,https://bilgewatermarket.com/cards/OGN-288?print_variation=foiled,foiled,,¥2.05,$0.79,OGN-288,Startipped Peak OGN-288/298 Foiled CN ¥2.05 EN $0.79
2026-09-03T19:41:39+00:00,https://bilgewatermarket.com/cards/OGN-288,Startipped Peak,nonfoil,0.33,https://bilgewatermarket.com/cards/OGN-288,normal,,¥0.61,$0.33,OGN-288,Startipped Peak OGN-288/298 CN ¥0.61 EN $0.33
2026-09-03T19:41:39+00:00,https://bilgewatermarket.com/cards/OGN-289?print_variation=foiled,Targon's Peak,foil,3.46,https://bilgewatermarket.com/cards/OGN-289?print_variation=foiled,foiled,,¥2.98,$3.46,OGN-289,Targon's Peak OGN-289/298 Foiled CN ¥2.98 EN $3.46
2026-09-03T19:41:39+00:00,https://bilgewatermarket.com/cards/OGN-289,Targon's Peak,nonfoil,0.29,https://bilgewatermarket.com/cards/OGN-289,normal,,¥0.58,$0.29,OGN-289,Targon's Peak OGN-289/298 CN ¥0.58 EN $0.29
2026-09-03T19:41:39+00:00,https://bilgewatermarket.com/cards/OGN-290?print_variation=foiled,The Arena's Greatest,foil,1.15,https://bilgewatermarket.com/cards/OGN-290?print_variation=foiled,foiled,,¥3.47,$1.15,OGN-290,The Arena's Greatest OGN-290/298 Foiled CN ¥3.47 EN $1.15
2026-09-03T19:41:39+00:00,https://bilgewatermarket.com/cards/OGN-290,The Arena's Greatest,nonfoil,0.28,https://bilgewatermarket.com/cards/OGN-290,normal,,¥0.60,$0.28,OGN-290,The Arena's Greatest OGN-290/298 CN ¥0.60 EN $0.28
2026-09-03T19:41:39+00:00,https://bilgewatermarket.com/cards/OGN-291?print_variation=foiled,The Candlelit Sanctum,foil,0.94,https://bilgewatermarket.com/cards/OGN-291?print_variation=foiled,foiled,,¥2.14,$0.94,OGN-291,The Candlelit Sanctum OGN-291/298 Foiled CN ¥2.14 EN $0.94
2026-09-03T19:41:39+00:00,https://bilgewatermarket.com/cards/OGN-291,The Candlelit Sanctum,nonfoil,0.26,https://bilgewatermarket.com/cards/OGN-291,normal,,¥0.59,$0.26,OGN-291,The Candlelit Sanctum OGN-291/298 CN ¥0.59 EN $0.26
2026-09-03T19:41:39+00:00,https://bilgewatermarket.com/cards/OGN-292?print_variation=foiled,The Dreaming Tree,foil,0.77,https://bilgewatermarket.com/cards/OGN-292?print_variation=foiled,foiled,,¥1.98,$0.77,OGN-292,The Dreaming Tree OGN-292/298 Foiled CN ¥1.98 EN $0.77
2026-09-03T19:41:39+00:00,https://bilgewatermarket.com/cards/OGN-292,The Dreaming Tree,nonfoil,0.14,https://bilgewatermarket.com/cards/OGN-292,normal,,¥0.51,$0.14,OGN-292,The Dreaming Tree OGN-292/298 CN ¥0.51 EN $0.14
2026-09-03T19:41:39+00:00,https://bilgewatermarket.com/cards/OGN-293?print_variation=foiled,The Grand Plaza,foil,0.32,https://bilgewatermarket.com/cards/OGN-293?print_variation=foiled,foiled,,¥1.12,$0.32,OGN-293,The Grand Plaza OGN-293/298 Foiled CN ¥1.12 EN $0.32
2026-09-03T19:41:39+00:00,https://bilgewatermarket.com/cards/OGN-293,The Grand Plaza,nonfoil,0.13,https://bilgewatermarket.com/cards/OGN-293,normal,,¥0.50,$0.13,OGN-293,The Grand Plaza OGN-293/298 CN ¥0.50 EN $0.13
2026-09-03T19:41:39+00:00,https://bilgewatermarket.com/cards/OGN-294?print_variation=foiled,Trifarian War Camp,foil,1.33,https://bilgewatermarket.com/cards/OGN-294?print_variation=foiled,foiled,,¥2.85,$1.33,OGN-294,Trifarian War Camp OGN-294/298 Foiled CN ¥2.85 EN $1.33
2026-09-03T19:41:39+00:00,https://bilgewatermarket.com/cards/OGN-294,Trifarian War Camp,nonfoil,0.30,https://bilgewatermarket.com/cards/OGN-294,normal,,¥0.64,$0.30,OGN-294,Trifarian War Camp OGN-294/298 CN ¥0.64 EN $0.30
2026-09-03T19:41:39+00:00,https://bilgewatermarket.com/cards/OGN-295?print_variation=foiled,Vilemaw's Lair,foil,2.34,https://bilgewatermarket.com/cards/OGN-295?print_variation=foiled,foiled,,¥2.75,$2.34,OGN-295,Vilemaw's Lair OGN-295/298 Foiled CN ¥2.75 EN $2.34
2026-09-03T19:41:39+00:00,https://bilgewatermarket.com/cards/OGN-295,Vilemaw's Lair,nonfoil,0.31,https://bilgewatermarket.com/cards/OGN-295,normal,,¥0.69,$0.31,OGN-295,Vilemaw's Lair OGN-295/298 CN ¥0.69 EN $0.31
2026-09-03T19:41:39+00:00,https://bilgewatermarket.com/cards/OGN-296?print_variation=foiled,Void Gate,foil,0.77,https://bilgewatermarket.com/cards/OGN-296?print_variation=foiled,foiled,,¥2.28,$0.77,OGN-296,Void Gate OGN-296/298 Foiled CN ¥2.28 EN $0.77
2026-09-03T19:41:39+00:00,https://bilgewatermarket.com/cards/OGN-296,Void Gate,nonfoil,0.23,https://bilgewatermarket.com/cards/OGN-296,normal,,¥0.57,$0.23,OGN-296,Void Gate OGN-296/298 CN ¥0.57 EN $0.23
2026-09-03T19:41:39+00:00,https://bilgewatermarket.com/cards/OGN-297?print_variation=foiled,Windswept Hillock,foil,1.28,https://bilgewatermarket.com/cards/OGN-297?print_variation=foiled,foiled,,¥2.82,$1.28,OGN-297,Windswept Hillock OGN-297/298 Foiled CN ¥2.82 EN $1.28
2026-09-03T19:41:39+00:00,https://bilgewatermarket.com/cards/OGN-297,Windswept Hillock,nonfoil,0.25,https://bilgewatermarket.com/cards/OGN-297,normal,,¥0.64,$0.25,OGN-297,Windswept Hillock OGN-297/298 CN ¥0.64 EN $0.25
2026-09-03T19:41:39+00:00,https://bilgewatermarket.com/cards/OGN-298?print_variation=foiled,Zaun Warrens,foil,3.32,https://bilgewatermarket.com/cards/OGN-298?print_variation=foiled,foiled,,¥2.52,$3.32,OGN-298,Zaun Warrens OGN-298/298 Foiled CN ¥2.52 EN $3.32
2026-09-03T19:41:39+00:00,https://bilgewatermarket.com/cards/OGN-298,Zaun Warrens,nonfoil,0.22,https://bilgewatermarket.com/cards/OGN-298,normal,,¥0.74,$0.22,OGN-298,Zaun Warrens OGN-298/298 CN ¥0.74 EN $0.22
2026-09-03T19:41:39+00:00,https://bilgewatermarket.com/cards/OGN-299?print_variation=showcase,"Kai'Sa, Daughter of the Void",nonfoil,299.59,https://bilgewatermarket.com/cards/OGN-299?print_variation=showcase,showcase,,¥305.53,$299.59,OGN-299,"Kai'Sa, Daughter of the Void OGN-299/298 Showcase CN ¥305.53 EN $299.59"
2026-09-03T19:41:39+00:00,https://bilgewatermarket.com/cards/OGN-300?print_variation=showcase,"Volibear, Relentless Storm",nonfoil,67.57,https://bilgewatermarket.com/cards/OGN-300?print_variation=showcase,showcase,,¥68.50,$67.57,OGN-300,"Volibear, Relentless Storm OGN-300/298 Showcase CN ¥68.50 EN $67.57"
2026-09-03T19:41:39+00:00,https://bilgewatermarket.com/cards/OGN-301?print_variation=showcase,"Jinx, Loose Cannon",nonfoil,163.76,https://bilgewatermarket.com/cards/OGN-301?print_variation=showcase,showcase,,¥124.15,$163.76,OGN-301,"Jinx, Loose Cannon OGN-301/298 Showcase CN ¥124.15 EN $163.76"
2026-09-03T19:41:39+00:00,https://bilgewatermarket.com/cards/OGN-302?print_variation=showcase,"Darius, Hand of Noxus",nonfoil,63.56,https://bilgewatermarket.com/cards/OGN-302?print_variation=showcase,showcase,,¥98.11,$63.56,OGN-302,"Darius, Hand of Noxus OGN-302/298 Showcase CN ¥98.11 EN $63.56"
2026-09-03T19:41:39+00:00,https://bilgewatermarket.com/cards/OGN-303?print_variation=showcase,"Ahri, Nine-Tailed Fox",nonfoil,373.81,https://bilgewatermarket.com/cards/OGN-303?print_variation=showcase,showcase,,¥627.01,$373.81,OGN-303,"Ahri, Nine-Tailed Fox OGN-303/298 Showcase CN ¥627.01 EN $373.81"
2026-09-03T19:41:39+00:00,https://bilgewatermarket.com/cards/OGN-304?print_variation=showcase,"Lee Sin, Blind Monk",nonfoil,152.41,https://bilgewatermarket.com/cards/OGN-304?print_variation=showcase,showcase,,¥137.96,$152.41,OGN-304,"Lee Sin, Blind Monk OGN-304/298 Showcase CN ¥137.96 EN $152.41"
2026-09-03T19:41:39+00:00,https://bilgewatermarket.com/cards/OGN-305?print_variation=showcase,"Yasuo, Unforgiven",nonfoil,83.79,https://bilgewatermarket.com/cards/OGN-305?print_variation=showcase,showcase,,¥95.15,$83.79,OGN-305,"Yasuo, Unforgiven OGN-305/298 Showcase CN ¥95.15 EN $83.79"
2026-09-03T19:41:39+00:00,https://bilgewatermarket.com/cards/OGN-306?print_variation=showcase,"Leona, Radiant Dawn",nonfoil,88.46,https://bilgewatermarket.com/cards/OGN-306?print_variation=showcase,showcase,,¥79.14,$88.46,OGN-306,"Leona, Radiant Dawn OGN-306/298 Showcase CN ¥79.14 EN $88.46"
2026-09-03T19:41:39+00:00,https://bilgewatermarket.com/cards/OGN-307?print_variation=showcase,"Teemo, Swift Scout",nonfoil,175.75,https://bilgewatermarket.com/cards/OGN-307?print_variation=showcase,showcase,,¥118.80,$175.75,OGN-307,"Teemo, Swift Scout OGN-307/298 Showcase CN ¥118.80 EN $175.75"
2026-09-03T19:41:39+00:00,https://bilgewatermarket.com/cards/OGN-308?print_variation=showcase,"Viktor, Herald of the Arcane",nonfoil,101.20,https://bilgewatermarket.com/cards/OGN-308?print_variation=showcase,showcase,,¥147.91,$101.20,OGN-308,"Viktor, Herald of the Arcane OGN-308/298 Showcase CN ¥147.91 EN $101.20"
2026-09-03T19:41:39+00:00,https://bilgewatermarket.com/cards/OGN-309?print_variation=showcase,"Miss Fortune, Bounty Hunter",nonfoil,189.66,https://bilgewatermarket.com/cards/OGN-309?print_variation=showcase,showcase,,¥120.50,$189.66,OGN-309,"Miss Fortune, Bounty Hunter OGN-309/298 Showcase CN ¥120.50 EN $189.66"
2026-09-03T19:41:39+00:00,https://bilgewatermarket.com/cards/OGN-310?print_variation=showcase,"Sett, The Boss",nonfoil,89.02,https://bilgewatermarket.com/cards/OGN-310?print_variation=showcase,showcase,,¥63.88,$89.02,OGN-310,"Sett, The Boss OGN-310/298 Showcase CN ¥63.88 EN $89.02"
2026-09-03T19:41:39+00:00,https://bilgewatermarket.com/cards/VEN-002?print_variation=promo,Blade Twirler,nonfoil,0.15,https://bilgewatermarket.com/cards/VEN-002?print_variation=promo,promo,,¥0.50,$0.15,VEN-002,Blade Twirler VEN-002/166 CN ¥0.50 EN $0.15
2026-09-03T19:41:39+00:00,https://bilgewatermarket.com/cards/VEN-004?print_variation=promo,Dune Surfer,nonfoil,0.22,https://bilgewatermarket.com/cards/VEN-004?print_variation=promo,promo,,¥0.50,$0.22,VEN-004,Dune Surfer VEN-004/166 CN ¥0.50 EN $0.22
2026-09-03T19:41:39+00:00,https://bilgewatermarket.com/cards/VEN-013?print_variation=promo,Shadow Assassin,nonfoil,0.24,https://bilgewatermarket.com/cards/VEN-013?print_variation=promo,promo,,¥1.00,$0.24,VEN-013,Shadow Assassin VEN-013/166 CN ¥1.00 EN $0.24
2026-09-03T19:41:39+00:00,https://bilgewatermarket.com/cards/VEN-026?print_variation=promo,Field Musicians,nonfoil,0.11,https://bilgewatermarket.com/cards/VEN-026?print_variation=promo,promo,,¥0.50,$0.11,VEN-026,Field Musicians VEN-026/166 CN ¥0.50 EN $0.11
2026-09-03T19:41:39+00:00,https://bilgewatermarket.com/cards/VEN-029?print_variation=promo,Ol' Poro,nonfoil,0.32,https://bilgewatermarket.com/cards/VEN-029?print_variation=promo,promo,,,$0.32,VEN-029,Ol' Poro VEN-029/166 EN $0.32
2026-09-03T19:41:39+00:00,https://bilgewatermarket.com/cards/VEN-037?print_variation=promo,Tomb-Raider Barbara,nonfoil,0.37,https://bilgewatermarket.com/cards/VEN-037?print_variation=promo,promo,,¥1.01,$0.37,VEN-037,Tomb-Raider Barbara VEN-037/166 CN ¥1.01 EN $0.37
2026-09-03T19:41:39+00:00,https://bilgewatermarket.com/cards/VEN-048?print_variation=promo,Cloud Drake,nonfoil,0.19,https://bilgewatermarket.com/cards/VEN-048?print_variation=promo,promo,,¥1.00,$0.19,VEN-048,Cloud Drake VEN-048/166 CN ¥1.00 EN $0.19
2026-09-03T19:41:39+00:00,https://bilgewatermarket.com/cards/VEN-050?print_variation=promo,Grumpy Rockbear,nonfoil,0.12,https://bilgewatermarket.com/cards/VEN-050?print_variation=promo,promo,,,$0.12,VEN-050,Grumpy Rockbear VEN-050/166 EN $0.12
2026-09-03T19:41:39+00:00,https://bilgewatermarket.com/cards/VEN-058?print_variation=promo,Patched Porobot,nonfoil,0.64,https://bilgewatermarket.com/cards/VEN-058?print_variation=promo,promo,,¥3.08,$0.64,VEN-058,Patched Porobot VEN-058/166 CN ¥3.08 EN $0.64
2026-09-03T19:41:39+00:00,https://bilgewatermarket.com/cards/VEN-069b?print_variation=promo,"Mel, Newly Awakened",nonfoil,4.70,https://bilgewatermarket.com/cards/VEN-069b?print_variation=promo,promo,,¥1029.05,$4.70,VEN-069b,"Mel, Newly Awakened VEN-069b/166 CN ¥1029.05 EN $4.70"
2026-09-03T19:41:39+00:00,https://bilgewatermarket.com/cards/VEN-071?print_variation=promo,Fretful Feline,nonfoil,0.15,https://bilgewatermarket.com/cards/VEN-071?print_variation=promo,promo,,¥0.50,$0.15,VEN-071,Fretful Feline VEN-071/166 CN ¥0.50 EN $0.15
2026-09-03T19:41:39+00:00,https://bilgewatermarket.com/cards/VEN-076?print_variation=promo,Repair Specialist,nonfoil,0.26,https://bilgewatermarket.com/cards/VEN-076?print_variation=promo,promo,,¥0.50,$0.26,VEN-076,Repair Specialist VEN-076/166 CN ¥0.50 EN $0.26
2026-09-03T19:41:39+00:00,https://bilgewatermarket.com/cards/VEN-082?print_variation=promo,Profiteer,nonfoil,0.27,https://bilgewatermarket.com/cards/VEN-082?print_variation=promo,promo,,¥0.50,$0.27,VEN-082,Profiteer VEN-082/166 CN ¥0.50 EN $0.27
2026-09-03T19:41:39+00:00,https://bilgewatermarket.com/cards/VEN-097?print_variation=promo,Spiderling,nonfoil,0.63,https://bilgewatermarket.com/cards/VEN-097?print_variation=promo,promo,,¥2.00,$0.63,VEN-097,Spiderling VEN-097/166 CN ¥2.00 EN $0.63
2026-09-03T19:41:39+00:00,https://bilgewatermarket.com/cards/VEN-099?print_variation=promo,Tornado Warrior,nonfoil,0.26,https://bilgewatermarket.com/cards/VEN-099?print_variation=promo,promo,,¥1.43,$0.26,VEN-099,Tornado Warrior VEN-099/166 CN ¥1.43 EN $0.26
2026-09-03T19:41:39+00:00,https://bilgewatermarket.com/cards/VEN-101?print_variation=promo,Gust Monk,nonfoil,0.31,https://bilgewatermarket.com/cards/VEN-101?print_variation=promo,promo,,¥3.12,$0.31,VEN-101,Gust Monk VEN-101/166 CN ¥3.12 EN $0.31
2026-09-03T19:41:39+00:00,https://bilgewatermarket.com/cards/VEN-118?print_variation=promo,Horns of the Dragon,nonfoil,0.13,https://bilgewatermarket.com/cards/VEN-118?print_variation=promo,promo,,¥0.50,$0.13,VEN-118,Horns of the Dragon VEN-118/166 CN ¥0.50 EN $0.13
2026-09-03T19:41:39+00:00,https://bilgewatermarket.com/cards/VEN-123?print_variation=promo,Soulspinner,nonfoil,0.16,https://bilgewatermarket.com/cards/VEN-123?print_variation=promo,promo,,¥0.50,$0.16,VEN-123,Soulspinner VEN-123/166 CN ¥0.50 EN $0.16
2026-09-03T19:41:39+00:00,https://bilgewatermarket.com/cards/VEN-125?print_variation=promo,Hungry Wolf,nonfoil,0.17,https://bilgewatermarket.com/cards/VEN-125?print_variation=promo,promo,,¥0.50,$0.17,VEN-125,Hungry Wolf VEN-125/166 CN ¥0.50 EN $0.17
2026-09-03T19:41:39+00:00,https://bilgewatermarket.com/cards/UNL-082?print_variation=promo,"Lillia, Fae Fawn",nonfoil,49.72,https://bilgewatermarket.com/cards/UNL-082?print_variation=promo,promo,,¥49.72,,UNL-082,"Lillia, Fae Fawn UNL-082/219 CN ¥49.72"
2026-09-03T19:41:39+00:00,https://bilgewatermarket.com/cards/UNL-212?print_variation=promo,Frozen Fortress,nonfoil,38.73,https://bilgewatermarket.com/cards/UNL-212?print_variation=promo,promo,,¥38.73,,UNL-212,Frozen Fortress UNL-212/219 CN ¥38.73
2026-09-03T19:41:39+00:00,https://bilgewatermarket.com/cards/UNL-215?print_variation=promo,Star Spring,nonfoil,44.91,https://bilgewatermarket.com/cards/UNL-215?print_variation=promo,promo,,¥44.91,,UNL-215,Star Spring UNL-215/219 CN ¥44.91
2026-09-03T19:41:39+00:00,https://bilgewatermarket.com/cards/UNL-216?print_variation=promo,The Academy,nonfoil,32.52,https://bilgewatermarket.com/cards/UNL-216?print_variation=promo,promo,,¥32.52,,UNL-216,The Academy UNL-216/219 CN ¥32.52
2026-09-03T19:41:39+00:00,https://bilgewatermarket.com/cards/SFD-118a?print_variation=promo%5Blille%20participation%5D,Boneshiver,nonfoil,3.56,https://bilgewatermarket.com/cards/SFD-118a?print_variation=promo%5Blille%20participation%5D,promo[lille participation],,,$3.56,SFD-118a,Boneshiver SFD-118a/221 EN $3.56
2026-09-03T19:41:39+00:00,https://bilgewatermarket.com/cards/SFD-178a?print_variation=promo%5Blille%20champion%5D,Blade of the Ruined King,nonfoil,2.35,https://bilgewatermarket.com/cards/SFD-178a?print_variation=promo%5Blille%20champion%5D,promo[lille champion],,,$2.35,SFD-178a,Blade of the Ruined King SFD-178a/221 EN $2.35
2026-09-03T19:41:39+00:00,https://bilgewatermarket.com/cards/SFD-178a?print_variation=promo%5Blille%20top%208%5D,Blade of the Ruined King,nonfoil,2.35,https://bilgewatermarket.com/cards/SFD-178a?print_variation=promo%5Blille%20top%208%5D,promo[lille top 8],,,$2.35,SFD-178a,Blade of the Ruined King SFD-178a/221 EN $2.35
2026-09-03T19:41:39+00:00,https://bilgewatermarket.com/cards/SFD-082?print_variation=promo%5B%E5%8F%82%E8%B5%9B%E7%BA%AA%E5%BF%B5%5D,"Ezreal, Dashing",nonfoil,57.25,https://bilgewatermarket.com/cards/SFD-082?print_variation=promo%5B%E5%8F%82%E8%B5%9B%E7%BA%AA%E5%BF%B5%5D,promo[参赛纪念],,¥57.25,,SFD-082,"Ezreal, Dashing SFD-082/221 CN ¥57.25"
2026-09-03T19:41:39+00:00,https://bilgewatermarket.com/cards/SFD-118a?print_variation=promo%5Bbologna%20participation%5D,Boneshiver,nonfoil,15.76,https://bilgewatermarket.com/cards/SFD-118a?print_variation=promo%5Bbologna%20participation%5D,promo[bologna participation],,,$15.76,SFD-118a,Boneshiver SFD-118a/221 EN $15.76
2026-09-03T19:41:39+00:00,https://bilgewatermarket.com/cards/SFD-178?print_variation=promo%5Bbologna%20top%208%5D,Blade of the Ruined King,nonfoil,9.26,https://bilgewatermarket.com/cards/SFD-178?print_variation=promo%5Bbologna%20top%208%5D,promo[bologna top 8],,,$9.26,SFD-178,Blade of the Ruined King SFD-178/221 EN $9.26
2026-09-03T19:41:39+00:00,https://bilgewatermarket.com/cards/SFD-178a?print_variation=promo%5Bbologna%20champion%5D,Blade of the Ruined King,nonfoil,0.30,https://bilgewatermarket.com/cards/SFD-178a?print_variation=promo%5Bbologna%20champion%5D,promo[bologna champion],,,$0.30,SFD-178a,Blade of the Ruined King SFD-178a/221 EN $0.30
2026-09-03T19:41:39+00:00,https://bilgewatermarket.com/cards/SFD-211?print_variation=promo%5B%E5%8D%97%E4%BA%AC%E5%8F%82%E8%B5%9B%E7%BA%AA%E5%BF%B5%5D,Marai Spire,nonfoil,48.59,https://bilgewatermarket.com/cards/SFD-211?print_variation=promo%5B%E5%8D%97%E4%BA%AC%E5%8F%82%E8%B5%9B%E7%BA%AA%E5%BF%B5%5D,promo[南京参赛纪念],,¥48.59,,SFD-211,Marai Spire SFD-211/221 CN ¥48.59
2026-09-03T19:41:39+00:00,https://bilgewatermarket.com/cards/SFD-195a?print_variation=promo,"Irelia, Blade Dancer",nonfoil,888.90,https://bilgewatermarket.com/cards/SFD-195a?print_variation=promo,promo,,¥888.90,,SFD-195a,"Irelia, Blade Dancer SFD-195a/221 CN ¥888.90"
2026-09-03T19:41:39+00:00,https://bilgewatermarket.com/cards/SFD-118a?print_variation=promo%5B%E5%A4%A7%E8%BF%9E32%E5%BC%BA%5D,Boneshiver,nonfoil,1988.35,https://bilgewatermarket.com/cards/SFD-118a?print_variation=promo%5B%E5%A4%A7%E8%BF%9E32%E5%BC%BA%5D,promo[大连32强],,¥1988.35,,SFD-118a,Boneshiver SFD-118a/221 CN ¥1988.35
2026-09-03T19:41:39+00:00,https://bilgewatermarket.com/cards/SFD-221?print_variation=promo%5B%E5%A4%A7%E8%BF%9E%E5%8F%82%E8%B5%9B%E7%BA%AA%E5%BF%B5%5D,Veiled Temple,nonfoil,49.58,https://bilgewatermarket.com/cards/SFD-221?print_variation=promo%5B%E5%A4%A7%E8%BF%9E%E5%8F%82%E8%B5%9B%E7%BA%AA%E5%BF%B5%5D,promo[大连参赛纪念],,¥49.58,,SFD-221,Veiled Temple SFD-221/221 CN ¥49.58
2026-09-03T19:41:39+00:00,https://bilgewatermarket.com/cards/SFD-118a?print_variation=promo%5B%E6%88%90%E9%83%BD32%E5%BC%BA%5D,Boneshiver,nonfoil,1407.00,https://bilgewatermarket.com/cards/SFD-118a?print_variation=promo%5B%E6%88%90%E9%83%BD32%E5%BC%BA%5D,promo[成都32强],,¥1407.00,,SFD-118a,Boneshiver SFD-118a/221 CN ¥1407.00
2026-09-03T19:41:39+00:00,https://bilgewatermarket.com/cards/SFD-217?print_variation=promo%5B%E6%88%90%E9%83%BD%E5%8F%82%E8%B5%9B%E7%BA%AA%E5%BF%B5%5D,Seat of Power,nonfoil,88.86,https://bilgewatermarket.com/cards/SFD-217?print_variation=promo%5B%E6%88%90%E9%83%BD%E5%8F%82%E8%B5%9B%E7%BA%AA%E5%BF%B5%5D,promo[成都参赛纪念],,¥88.86,,SFD-217,Seat of Power SFD-217/221 CN ¥88.86
2026-09-03T19:41:39+00:00,https://bilgewatermarket.com/cards/SFD-118a?print_variation=promo%5B%E7%A6%8F%E5%B7%9E32%E5%BC%BA%5D,Boneshiver,nonfoil,1504.95,https://bilgewatermarket.com/cards/SFD-118a?print_variation=promo%5B%E7%A6%8F%E5%B7%9E32%E5%BC%BA%5D,promo[福州32强],,¥1504.95,,SFD-118a,Boneshiver SFD-118a/221 CN ¥1504.95
2026-09-03T19:41:39+00:00,https://bilgewatermarket.com/cards/SFD-215?print_variation=promo%5B%E7%A6%8F%E5%B7%9E%E5%8F%82%E8%B5%9B%E7%BA%AA%E5%BF%B5%5D,Ravenbloom Conservatory,nonfoil,46.92,https://bilgewatermarket.com/cards/SFD-215?print_variation=promo%5B%E7%A6%8F%E5%B7%9E%E5%8F%82%E8%B5%9B%E7%BA%AA%E5%BF%B5%5D,promo[福州参赛纪念],,¥46.92,,SFD-215,Ravenbloom Conservatory SFD-215/221 CN ¥46.92
2026-09-03T19:41:39+00:00,https://bilgewatermarket.com/cards/OGN-193?print_variation=promo%5Bhouston%20participation%5D,"Miss Fortune, Buccaneer",nonfoil,0.33,https://bilgewatermarket.com/cards/OGN-193?print_variation=promo%5Bhouston%20participation%5D,promo[houston participation],,,$0.33,OGN-193,"Miss Fortune, Buccaneer OGN-193/298 EN $0.33"
2026-09-03T19:41:39+00:00,https://bilgewatermarket.com/cards/OGN-193a?print_variation=promo%5Bhouston%20top%208%5D,"Miss Fortune, Buccaneer",nonfoil,5.32,https://bilgewatermarket.com/cards/OGN-193a?print_variation=promo%5Bhouston%20top%208%5D,promo[houston top 8],,,$5.32,OGN-193a,"Miss Fortune, Buccaneer OGN-193a/298 EN $5.32"
2026-09-03T19:41:39+00:00,https://bilgewatermarket.com/cards/OGN-193b?print_variation=promo%5Bhouston%20champion%5D,"Miss Fortune, Buccaneer",nonfoil,64.60,https://bilgewatermarket.com/cards/OGN-193b?print_variation=promo%5Bhouston%20champion%5D,promo[houston champion],,,$64.60,OGN-193b,"Miss Fortune, Buccaneer OGN-193b/298 EN $64.60"
2026-09-03T19:41:39+00:00,https://bilgewatermarket.com/cards/OGN-193?print_variation=promo%5B%E5%85%A8%E5%9B%BD%E5%85%AC%E5%BC%80%E8%B5%9B%E5%8F%82%E8%B5%9B%E7%BA%AA%E5%BF%B5%5D,"Miss Fortune, Buccaneer",nonfoil,130.79,https://bilgewatermarket.com/cards/OGN-193?print_variation=promo%5B%E5%85%A8%E5%9B%BD%E5%85%AC%E5%BC%80%E8%B5%9B%E5%8F%82%E8%B5%9B%E7%BA%AA%E5%BF%B5%5D,promo[全国公开赛参赛纪念],,¥130.79,,OGN-193,"Miss Fortune, Buccaneer OGN-193/298 CN ¥130.79"
2026-09-03T19:41:39+00:00,https://bilgewatermarket.com/cards/OGN-193a?print_variation=promo%5B%E5%85%A8%E5%9B%BD%E5%85%AC%E5%BC%80%E8%B5%9B64%E5%BC%BA%5D,"Miss Fortune, Buccaneer",nonfoil,3385.30,https://bilgewatermarket.com/cards/OGN-193a?print_variation=promo%5B%E5%85%A8%E5%9B%BD%E5%85%AC%E5%BC%80%E8%B5%9B64%E5%BC%BA%5D,promo[全国公开赛64强],,¥3385.30,,OGN-193a,"Miss Fortune, Buccaneer OGN-193a/298 CN ¥3385.30"
2026-09-03T19:41:39+00:00,https://bilgewatermarket.com/cards/OGN-263a?print_variation=promo,"Teemo, Swift Scout",nonfoil,692.06,https://bilgewatermarket.com/cards/OGN-263a?print_variation=promo,promo,,¥435.00,$692.06,OGN-263a,"Teemo, Swift Scout OGN-263a/298 CN ¥435.00 EN $692.06"
2026-09-03T19:41:39+00:00,https://bilgewatermarket.com/cards/OGN-276a?print_variation=showcase,Aspirant's Climb,nonfoil,61.93,https://bilgewatermarket.com/cards/OGN-276a?print_variation=showcase,showcase,,¥104.90,$61.93,OGN-276a,Aspirant's Climb OGN-276a/298 Showcase CN ¥104.90 EN $61.93
2026-09-03T19:41:39+00:00,https://bilgewatermarket.com/cards/OGN-278a?print_variation=showcase,Bandle Tree,nonfoil,59.64,https://bilgewatermarket.com/cards/OGN-278a?print_variation=showcase,showcase,,¥178.41,$59.64,OGN-278a,Bandle Tree OGN-278a/298 Showcase CN ¥178.41 EN $59.64
2026-09-03T19:41:39+00:00,https://bilgewatermarket.com/cards/OGN-293a?print_variation=showcase,The Grand Plaza,nonfoil,44.57,https://bilgewatermarket.com/cards/OGN-293a?print_variation=showcase,showcase,,¥114.75,$44.57,OGN-293a,The Grand Plaza OGN-293a/298 Showcase CN ¥114.75 EN $44.57
2026-09-03T19:41:39+00:00,https://bilgewatermarket.com/cards/OGN-193a?print_variation=promo%5B%E6%9D%AD%E5%B7%9E32%E5%BC%BA%5D,"Miss Fortune, Buccaneer",nonfoil,1888.00,https://bilgewatermarket.com/cards/OGN-193a?print_variation=promo%5B%E6%9D%AD%E5%B7%9E32%E5%BC%BA%5D,promo[杭州32强],,¥1888.00,,OGN-193a,"Miss Fortune, Buccaneer OGN-193a/298 CN ¥1888.00"
2026-09-03T19:41:39+00:00,https://bilgewatermarket.com/cards/OGN-296?print_variation=promo,Void Gate,nonfoil,81.01,https://bilgewatermarket.com/cards/OGN-296?print_variation=promo,promo,,¥81.01,,OGN-296,Void Gate OGN-296/298 CN ¥81.01
2026-09-03T19:41:39+00:00,https://bilgewatermarket.com/cards/OGN-288?print_variation=promo%5B%E9%87%8D%E5%BA%86%E5%8F%82%E8%B5%9B%E7%BA%AA%E5%BF%B5%5D,Startipped Peak,nonfoil,65.72,https://bilgewatermarket.com/cards/OGN-288?print_variation=promo%5B%E9%87%8D%E5%BA%86%E5%8F%82%E8%B5%9B%E7%BA%AA%E5%BF%B5%5D,promo[重庆参赛纪念],,¥65.72,,OGN-288,Startipped Peak OGN-288/298 CN ¥65.72
2026-09-03T19:41:39+00:00,https://bilgewatermarket.com/cards/OGN-193a?print_variation=promo%5B%E5%8C%97%E4%BA%AC32%E5%BC%BA%5D,"Miss Fortune, Buccaneer",nonfoil,3000.00,https://bilgewatermarket.com/cards/OGN-193a?print_variation=promo%5B%E5%8C%97%E4%BA%AC32%E5%BC%BA%5D,promo[北京32强],,¥3000.00,,OGN-193a,"Miss Fortune, Buccaneer OGN-193a/298 CN ¥3000.00"
2026-09-03T19:41:39+00:00,https://bilgewatermarket.com/cards/OGN-279?print_variation=promo%5B%E5%8C%97%E4%BA%AC%E5%8F%82%E8%B5%9B%E7%BA%AA%E5%BF%B5%5D,Fortified Position,nonfoil,82.91,https://bilgewatermarket.com/cards/OGN-279?print_variation=promo%5B%E5%8C%97%E4%BA%AC%E5%8F%82%E8%B5%9B%E7%BA%AA%E5%BF%B5%5D,promo[北京参赛纪念],,¥82.91,,OGN-279,Fortified Position OGN-279/298 CN ¥82.91
2026-09-03T19:41:39+00:00,https://bilgewatermarket.com/cards/OGN-193a?print_variation=promo%5B%E5%B9%BF%E5%B7%9E32%E5%BC%BA%5D,"Miss Fortune, Buccaneer",nonfoil,3000.00,https://bilgewatermarket.com/cards/OGN-193a?print_variation=promo%5B%E5%B9%BF%E5%B7%9E32%E5%BC%BA%5D,promo[广州32强],,¥3000.00,,OGN-193a,"Miss Fortune, Buccaneer OGN-193a/298 CN ¥3000.00"
2026-09-03T19:41:39+00:00,https://bilgewatermarket.com/cards/OGN-294?print_variation=promo%5B%E5%B9%BF%E5%B7%9E%E5%8F%82%E8%B5%9B%E7%BA%AA%E5%BF%B5%5D,Trifarian War Camp,nonfoil,123.84,https://bilgewatermarket.com/cards/OGN-294?print_variation=promo%5B%E5%B9%BF%E5%B7%9E%E5%8F%82%E8%B5%9B%E7%BA%AA%E5%BF%B5%5D,promo[广州参赛纪念],,¥123.84,,OGN-294,Trifarian War Camp OGN-294/298 CN ¥123.84
2026-09-03T19:41:39+00:00,https://bilgewatermarket.com/cards/ARC-001?print_variation=showcase,"Vi, Destructive",nonfoil,971.70,https://bilgewatermarket.com/cards/ARC-001?print_variation=showcase,showcase,,¥971.70,,ARC-001,"Vi, Destructive ARC-001/006 Showcase CN ¥971.70"
2026-09-03T19:41:39+00:00,https://bilgewatermarket.com/cards/ARC-002?print_variation=showcase,"Caitlyn, Patrolling",nonfoil,901.81,https://bilgewatermarket.com/cards/ARC-002?print_variation=showcase,showcase,,¥901.81,,ARC-002,"Caitlyn, Patrolling ARC-002/006 Showcase CN ¥901.81"
2026-09-03T19:41:39+00:00,https://bilgewatermarket.com/cards/ARC-003?print_variation=showcase,"Heimerdinger, Inventor",nonfoil,760.89,https://bilgewatermarket.com/cards/ARC-003?print_variation=showcase,showcase,,¥760.89,,ARC-003,"Heimerdinger, Inventor ARC-003/006 Showcase CN ¥760.89"
2026-09-03T19:41:39+00:00,https://bilgewatermarket.com/cards/ARC-004?print_variation=showcase,"Warwick, Hunter",nonfoil,539.56,https://bilgewatermarket.com/cards/ARC-004?print_variation=showcase,showcase,,¥539.56,,ARC-004,"Warwick, Hunter ARC-004/006 Showcase CN ¥539.56"
2026-09-03T19:41:39+00:00,https://bilgewatermarket.com/cards/ARC-005?print_variation=showcase,"Jinx, Rebel",nonfoil,3371.86,https://bilgewatermarket.com/cards/ARC-005?print_variation=showcase,showcase,,¥3371.86,,ARC-005,"Jinx, Rebel ARC-005/006 Showcase CN ¥3371.86"
2026-09-03T19:41:39+00:00,https://bilgewatermarket.com/cards/ARC-006?print_variation=showcase,"Viktor, Leader",nonfoil,965.69,https://bilgewatermarket.com/cards/ARC-006?print_variation=showcase,showcase,,¥965.69,,ARC-006,"Viktor, Leader ARC-006/006 Showcase CN ¥965.69"
2026-09-03T19:41:39+00:00,https://bilgewatermarket.com/cards/OGN-036a?print_variation=promo,"Vi, Destructive",nonfoil,98.34,https://bilgewatermarket.com/cards/OGN-036a?print_variation=promo,promo,,,$98.34,OGN-036a,"Vi, Destructive OGN-036a/298 EN $98.34"
2026-09-03T19:41:39+00:00,https://bilgewatermarket.com/cards/OGN-068a?print_variation=promo,"Caitlyn, Patrolling",nonfoil,90.23,https://bilgewatermarket.com/cards/OGN-068a?print_variation=promo,promo,,,$90.23,OGN-068a,"Caitlyn, Patrolling OGN-068a/298 EN $90.23"
2026-09-03T19:41:39+00:00,https://bilgewatermarket.com/cards/OGN-111a?print_variation=promo,"Heimerdinger, Inventor",nonfoil,59.25,https://bilgewatermarket.com/cards/OGN-111a?print_variation=promo,promo,,,$59.25,OGN-111a,"Heimerdinger, Inventor OGN-111a/298 EN $59.25"
2026-09-03T19:41:39+00:00,https://bilgewatermarket.com/cards/OGN-159a?print_variation=promo,"Warwick, Hunter",nonfoil,61.10,https://bilgewatermarket.com/cards/OGN-159a?print_variation=promo,promo,,,$61.10,OGN-159a,"Warwick, Hunter OGN-159a/298 EN $61.10"
2026-09-03T19:41:39+00:00,https://bilgewatermarket.com/cards/OGN-202b?print_variation=promo,"Jinx, Rebel",nonfoil,220.81,https://bilgewatermarket.com/cards/OGN-202b?print_variation=promo,promo,,,$220.81,OGN-202b,"Jinx, Rebel OGN-202b/298 EN $220.81"
2026-09-03T19:41:39+00:00,https://bilgewatermarket.com/cards/OGN-246b?print_variation=promo,"Viktor, Leader",nonfoil,58.50,https://bilgewatermarket.com/cards/OGN-246b?print_variation=promo,promo,,,$58.50,OGN-246b,"Viktor, Leader OGN-246b/298 EN $58.50"
2026-09-03T19:41:39+00:00,https://bilgewatermarket.com/cards/OGN-001?print_variation=promo,Blazing Scorcher,nonfoil,0.31,https://bilgewatermarket.com/cards/OGN-001?print_variation=promo,promo,,¥0.67,$0.31,OGN-001,Blazing Scorcher OGN-001/298 CN ¥0.67 EN $0.31
2026-09-03T19:41:39+00:00,https://bilgewatermarket.com/cards/OGN-007b?print_variation=promo,Fury Rune,nonfoil,2.92,https://bilgewatermarket.com/cards/OGN-007b?print_variation=promo,promo,,¥15.77,$2.92,OGN-007b,Fury Rune OGN-007b/298 CN ¥15.77 EN $2.92
2026-09-03T19:41:39+00:00,https://bilgewatermarket.com/cards/OGN-013?print_variation=promo,Pouty Poro,nonfoil,2.19,https://bilgewatermarket.com/cards/OGN-013?print_variation=promo,promo,,¥1.09,$2.19,OGN-013,Pouty Poro OGN-013/298 CN ¥1.09 EN $2.19
2026-09-03T19:41:39+00:00,https://bilgewatermarket.com/cards/OGN-024?print_variation=promo,Void Seeker,nonfoil,0.72,https://bilgewatermarket.com/cards/OGN-024?print_variation=promo,promo,,¥2.52,$0.72,OGN-024,Void Seeker OGN-024/298 CN ¥2.52 EN $0.72
2026-09-03T19:41:39+00:00,https://bilgewatermarket.com/cards/OGN-034?print_variation=promo,"Tryndamere, Barbarian",nonfoil,2.09,https://bilgewatermarket.com/cards/OGN-034?print_variation=promo,promo,,¥251.11,$2.09,OGN-034,"Tryndamere, Barbarian OGN-034/298 CN ¥251.11 EN $2.09"
2026-09-03T19:41:39+00:00,https://bilgewatermarket.com/cards/OGN-042b?print_variation=promo,Calm Rune,nonfoil,4.83,https://bilgewatermarket.com/cards/OGN-042b?print_variation=promo,promo,,¥18.91,$4.83,OGN-042b,Calm Rune OGN-042b/298 CN ¥18.91 EN $4.83
2026-09-03T19:41:39+00:00,https://bilgewatermarket.com/cards/OGN-052?print_variation=promo,Stalwart Poro,nonfoil,1.19,https://bilgewatermarket.com/cards/OGN-052?print_variation=promo,promo,,¥1.98,$1.19,OGN-052,Stalwart Poro OGN-052/298 CN ¥1.98 EN $1.19
2026-09-03T19:41:39+00:00,https://bilgewatermarket.com/cards/OGN-055?print_variation=promo,Wielder of Water,nonfoil,0.27,https://bilgewatermarket.com/cards/OGN-055?print_variation=promo,promo,,¥0.79,$0.27,OGN-055,Wielder of Water OGN-055/298 CN ¥0.79 EN $0.27
2026-09-03T19:41:39+00:00,https://bilgewatermarket.com/cards/OGN-058?print_variation=promo,Discipline,nonfoil,4.09,https://bilgewatermarket.com/cards/OGN-058?print_variation=promo,promo,,¥10.28,$4.09,OGN-058,Discipline OGN-058/298 CN ¥10.28 EN $4.09
2026-09-03T19:41:39+00:00,https://bilgewatermarket.com/cards/OGN-066?print_variation=promo,"Ahri, Alluring",nonfoil,23.98,https://bilgewatermarket.com/cards/OGN-066?print_variation=promo,promo,,¥23.98,,OGN-066,"Ahri, Alluring OGN-066/298 CN ¥23.98"
2026-09-03T19:41:39+00:00,https://bilgewatermarket.com/cards/OGN-066?print_variation=promo%5Borigins%20launch%20event%5D,"Ahri, Alluring",nonfoil,175.02,https://bilgewatermarket.com/cards/OGN-066?print_variation=promo%5Borigins%20launch%20event%5D,promo[origins launch event],,,$175.02,OGN-066,"Ahri, Alluring OGN-066/298 EN $175.02"
2026-09-03T19:41:39+00:00,https://bilgewatermarket.com/cards/OGN-067?print_variation=promo,"Blitzcrank, Impassive",nonfoil,193.20,https://bilgewatermarket.com/cards/OGN-067?print_variation=promo,promo,,¥193.20,,OGN-067,"Blitzcrank, Impassive OGN-067/298 CN ¥193.20"
2026-09-03T19:41:39+00:00,https://bilgewatermarket.com/cards/OGN-067?print_variation=promo%5Bsummoner%20skirmish%20top%208%5D,"Blitzcrank, Impassive",nonfoil,8.20,https://bilgewatermarket.com/cards/OGN-067?print_variation=promo%5Bsummoner%20skirmish%20top%208%5D,promo[summoner skirmish top 8],,,$8.20,OGN-067,"Blitzcrank, Impassive OGN-067/298 EN $8.20"
2026-09-03T19:41:39+00:00,https://bilgewatermarket.com/cards/OGN-078?print_variation=promo,"Lee Sin, Ascetic",nonfoil,1.31,https://bilgewatermarket.com/cards/OGN-078?print_variation=promo,promo,,¥7.25,$1.31,OGN-078,"Lee Sin, Ascetic OGN-078/298 CN ¥7.25 EN $1.31"
2026-09-03T19:41:39+00:00,https://bilgewatermarket.com/cards/OGN-083?print_variation=promo,Consult the Past,nonfoil,0.47,https://bilgewatermarket.com/cards/OGN-083?print_variation=promo,promo,,¥1.41,$0.47,OGN-083,Consult the Past OGN-083/298 CN ¥1.41 EN $0.47
2026-09-03T19:41:39+00:00,https://bilgewatermarket.com/cards/OGN-089b?print_variation=promo,Mind Rune,nonfoil,6.24,https://bilgewatermarket.com/cards/OGN-089b?print_variation=promo,promo,,¥18.68,$6.24,OGN-089b,Mind Rune OGN-089b/298 CN ¥18.68 EN $6.24
2026-09-03T19:41:39+00:00,https://bilgewatermarket.com/cards/OGN-092?print_variation=promo,Riptide Rex,nonfoil,0.26,https://bilgewatermarket.com/cards/OGN-092?print_variation=promo,promo,,¥0.95,$0.26,OGN-092,Riptide Rex OGN-092/298 CN ¥0.95 EN $0.26
2026-09-03T19:41:39+00:00,https://bilgewatermarket.com/cards/OGN-103?print_variation=promo,Ravenbloom Student,nonfoil,2.14,https://bilgewatermarket.com/cards/OGN-103?print_variation=promo,promo,,¥3.42,$2.14,OGN-103,Ravenbloom Student OGN-103/298 CN ¥3.42 EN $2.14
2026-09-03T19:41:39+00:00,https://bilgewatermarket.com/cards/OGN-111?print_variation=promo,"Heimerdinger, Inventor",nonfoil,0.43,https://bilgewatermarket.com/cards/OGN-111?print_variation=promo,promo,,¥420.80,$0.43,OGN-111,"Heimerdinger, Inventor OGN-111/298 CN ¥420.80 EN $0.43"
2026-09-03T19:41:39+00:00,https://bilgewatermarket.com/cards/OGN-126b?print_variation=promo,Body Rune,nonfoil,2.86,https://bilgewatermarket.com/cards/OGN-126b?print_variation=promo,promo,,¥13.97,$2.86,OGN-126b,Body Rune OGN-126b/298 CN ¥13.97 EN $2.86
2026-09-03T19:41:39+00:00,https://bilgewatermarket.com/cards/OGN-128?print_variation=promo,Challenge,nonfoil,0.78,https://bilgewatermarket.com/cards/OGN-128?print_variation=promo,promo,,¥2.33,$0.78,OGN-128,Challenge OGN-128/298 CN ¥2.33 EN $0.78
2026-09-03T19:41:39+00:00,https://bilgewatermarket.com/cards/OGN-135?print_variation=promo,Pakaa Cub,nonfoil,0.26,https://bilgewatermarket.com/cards/OGN-135?print_variation=promo,promo,,¥0.96,$0.26,OGN-135,Pakaa Cub OGN-135/298 CN ¥0.96 EN $0.26
2026-09-03T19:41:39+00:00,https://bilgewatermarket.com/cards/OGN-137?print_variation=promo,Stormclaw Ursine,nonfoil,0.23,https://bilgewatermarket.com/cards/OGN-137?print_variation=promo,promo,,¥0.50,$0.23,OGN-137,Stormclaw Ursine OGN-137/298 CN ¥0.50 EN $0.23
2026-09-03T19:41:39+00:00,https://bilgewatermarket.com/cards/OGN-151b?print_variation=promo,"Lee Sin, Centered",nonfoil,71.43,https://bilgewatermarket.com/cards/OGN-151b?print_variation=promo,promo,,,$71.43,OGN-151b,"Lee Sin, Centered OGN-151b/298 EN $71.43"
2026-09-03T19:41:39+00:00,https://bilgewatermarket.com/cards/OGN-166b?print_variation=promo,Chaos Rune,nonfoil,7.11,https://bilgewatermarket.com/cards/OGN-166b?print_variation=promo,promo,,¥17.96,$7.11,OGN-166b,Chaos Rune OGN-166b/298 CN ¥17.96 EN $7.11
2026-09-03T19:41:39+00:00,https://bilgewatermarket.com/cards/OGN-171?print_variation=promo,Mystic Poro,nonfoil,1.39,https://bilgewatermarket.com/cards/OGN-171?print_variation=promo,promo,,¥0.95,$1.39,OGN-171,Mystic Poro OGN-171/298 CN ¥0.95 EN $1.39
2026-09-03T19:41:39+00:00,https://bilgewatermarket.com/cards/OGN-177?print_variation=promo,Stealthy Pursuer,nonfoil,0.23,https://bilgewatermarket.com/cards/OGN-177?print_variation=promo,promo,,¥0.50,$0.23,OGN-177,Stealthy Pursuer OGN-177/298 CN ¥0.50 EN $0.23
2026-09-03T19:41:39+00:00,https://bilgewatermarket.com/cards/OGN-183?print_variation=promo,Stacked Deck,nonfoil,11.80,https://bilgewatermarket.com/cards/OGN-183?print_variation=promo,promo,,¥19.00,$11.80,OGN-183,Stacked Deck OGN-183/298 CN ¥19.00 EN $11.80
2026-09-03T19:41:39+00:00,https://bilgewatermarket.com/cards/OGN-197?print_variation=promo,"Teemo, Scout",nonfoil,7.97,https://bilgewatermarket.com/cards/OGN-197?print_variation=promo,promo,,¥7.97,,OGN-197,"Teemo, Scout OGN-197/298 CN ¥7.97"
2026-09-03T19:41:39+00:00,https://bilgewatermarket.com/cards/OGN-197?print_variation=promo%5Borigins%20store%20demo%5D,"Teemo, Scout",nonfoil,15.82,https://bilgewatermarket.com/cards/OGN-197?print_variation=promo%5Borigins%20store%20demo%5D,promo[origins store demo],,,$15.82,OGN-197,"Teemo, Scout OGN-197/298 EN $15.82"
2026-09-03T19:41:39+00:00,https://bilgewatermarket.com/cards/OGN-197b?print_variation=promo,"Teemo, Scout",nonfoil,1470.11,https://bilgewatermarket.com/cards/OGN-197b?print_variation=promo,promo,,¥2227.50,$1470.11,OGN-197b,"Teemo, Scout OGN-197b/298 CN ¥2227.50 EN $1470.11"
2026-09-03T19:41:39+00:00,https://bilgewatermarket.com/cards/OGN-202?print_variation=promo,"Jinx, Rebel",nonfoil,6.26,https://bilgewatermarket.com/cards/OGN-202?print_variation=promo,promo,,¥31.58,$6.26,OGN-202,"Jinx, Rebel OGN-202/298 CN ¥31.58 EN $6.26"
2026-09-03T19:41:39+00:00,https://bilgewatermarket.com/cards/OGN-210?print_variation=promo,Daring Poro,nonfoil,1.11,https://bilgewatermarket.com/cards/OGN-210?print_variation=promo,promo,,¥0.68,$1.11,OGN-210,Daring Poro OGN-210/298 CN ¥0.68 EN $1.11
2026-09-03T19:41:39+00:00,https://bilgewatermarket.com/cards/OGN-214b?print_variation=promo,Order Rune,nonfoil,3.35,https://bilgewatermarket.com/cards/OGN-214b?print_variation=promo,promo,,¥14.45,$3.35,OGN-214b,Order Rune OGN-214b/298 CN ¥14.45 EN $3.35
2026-09-03T19:41:39+00:00,https://bilgewatermarket.com/cards/OGN-218?print_variation=promo,Vanguard Captain,nonfoil,0.40,https://bilgewatermarket.com/cards/OGN-218?print_variation=promo,promo,,¥1.62,$0.40,OGN-218,Vanguard Captain OGN-218/298 CN ¥1.62 EN $0.40
2026-09-03T19:41:39+00:00,https://bilgewatermarket.com/cards/OGN-229?print_variation=promo,Vengeance,nonfoil,0.33,https://bilgewatermarket.com/cards/OGN-229?print_variation=promo,promo,,¥0.84,$0.33,OGN-229,Vengeance OGN-229/298 CN ¥0.84 EN $0.33
2026-09-03T19:41:39+00:00,https://bilgewatermarket.com/cards/OGN-246?print_variation=promo,"Viktor, Leader",nonfoil,6.13,https://bilgewatermarket.com/cards/OGN-246?print_variation=promo,promo,,¥10.23,$6.13,OGN-246,"Viktor, Leader OGN-246/298 CN ¥10.23 EN $6.13"
2026-09-03T19:41:39+00:00,https://bilgewatermarket.com/cards/OGN-247?print_variation=promo,"Kai'Sa, Daughter of the Void",nonfoil,0.40,https://bilgewatermarket.com/cards/OGN-247?print_variation=promo,promo,,¥21.78,$0.40,OGN-247,"Kai'Sa, Daughter of the Void OGN-247/298 CN ¥21.78 EN $0.40"
2026-09-03T19:41:39+00:00,https://bilgewatermarket.com/cards/OGN-249?print_variation=promo,"Volibear, Relentless Storm",nonfoil,0.27,https://bilgewatermarket.com/cards/OGN-249?print_variation=promo,promo,,¥5.06,$0.27,OGN-249,"Volibear, Relentless Storm OGN-249/298 CN ¥5.06 EN $0.27"
2026-09-03T19:41:39+00:00,https://bilgewatermarket.com/cards/OGN-251?print_variation=promo,"Jinx, Loose Cannon",nonfoil,0.23,https://bilgewatermarket.com/cards/OGN-251?print_variation=promo,promo,,¥177.42,$0.23,OGN-251,"Jinx, Loose Cannon OGN-251/298 CN ¥177.42 EN $0.23"
2026-09-03T19:41:39+00:00,https://bilgewatermarket.com/cards/OGN-253?print_variation=promo,"Darius, Hand of Noxus",nonfoil,0.24,https://bilgewatermarket.com/cards/OGN-253?print_variation=promo,promo,,¥5.50,$0.24,OGN-253,"Darius, Hand of Noxus OGN-253/298 CN ¥5.50 EN $0.24"
2026-09-03T19:41:39+00:00,https://bilgewatermarket.com/cards/OGN-255?print_variation=promo,"Ahri, Nine-Tailed Fox",nonfoil,1.53,https://bilgewatermarket.com/cards/OGN-255?print_variation=promo,promo,,¥44.01,$1.53,OGN-255,"Ahri, Nine-Tailed Fox OGN-255/298 CN ¥44.01 EN $1.53"
2026-09-03T19:41:39+00:00,https://bilgewatermarket.com/cards/OGN-257?print_variation=promo,"Lee Sin, Blind Monk",nonfoil,0.25,https://bilgewatermarket.com/cards/OGN-257?print_variation=promo,promo,,¥4.33,$0.25,OGN-257,"Lee Sin, Blind Monk OGN-257/298 CN ¥4.33 EN $0.25"
2026-09-03T19:41:39+00:00,https://bilgewatermarket.com/cards/OGN-259?print_variation=promo,"Yasuo, Unforgiven",nonfoil,0.30,https://bilgewatermarket.com/cards/OGN-259?print_variation=promo,promo,,¥11.60,$0.30,OGN-259,"Yasuo, Unforgiven OGN-259/298 CN ¥11.60 EN $0.30"
2026-09-03T19:41:39+00:00,https://bilgewatermarket.com/cards/OGN-261?print_variation=promo,"Leona, Radiant Dawn",nonfoil,0.28,https://bilgewatermarket.com/cards/OGN-261?print_variation=promo,promo,,¥5.58,$0.28,OGN-261,"Leona, Radiant Dawn OGN-261/298 CN ¥5.58 EN $0.28"
2026-09-03T19:41:39+00:00,https://bilgewatermarket.com/cards/OGN-263?print_variation=promo,"Teemo, Swift Scout",nonfoil,0.38,https://bilgewatermarket.com/cards/OGN-263?print_variation=promo,promo,,¥43.83,$0.38,OGN-263,"Teemo, Swift Scout OGN-263/298 CN ¥43.83 EN $0.38"
2026-09-03T19:41:39+00:00,https://bilgewatermarket.com/cards/OGN-265?print_variation=promo,"Viktor, Herald of the Arcane",nonfoil,0.24,https://bilgewatermarket.com/cards/OGN-265?print_variation=promo,promo,,¥233.11,$0.24,OGN-265,"Viktor, Herald of the Arcane OGN-265/298 CN ¥233.11 EN $0.24"
2026-09-03T19:41:39+00:00,https://bilgewatermarket.com/cards/OGN-267?print_variation=promo,"Miss Fortune, Bounty Hunter",nonfoil,0.35,https://bilgewatermarket.com/cards/OGN-267?print_variation=promo,promo,,¥21.99,$0.35,OGN-267,"Miss Fortune, Bounty Hunter OGN-267/298 CN ¥21.99 EN $0.35"
2026-09-03T19:41:39+00:00,https://bilgewatermarket.com/cards/OGN-269?print_variation=promo,"Sett, The Boss",nonfoil,0.36,https://bilgewatermarket.com/cards/OGN-269?print_variation=promo,promo,,¥5.69,$0.36,OGN-269,"Sett, The Boss OGN-269/298 CN ¥5.69 EN $0.36"
2026-09-03T19:41:39+00:00,https://bilgewatermarket.com/cards/OGN-271a?print_variation=promo,Recruit,nonfoil,90.37,https://bilgewatermarket.com/cards/OGN-271a?print_variation=promo,promo,,¥90.37,,OGN-271a,Recruit OGN-271a/298 CN ¥90.37
2026-09-03T19:41:39+00:00,https://bilgewatermarket.com/cards/OGN-275a?print_variation=promo%5Bteamfight%20tactics%20paris%20open%5D,Altar to Unity,nonfoil,0.39,https://bilgewatermarket.com/cards/OGN-275a?print_variation=promo%5Bteamfight%20tactics%20paris%20open%5D,promo[teamfight tactics paris open],,,$0.39,OGN-275a,Altar to Unity OGN-275a/298 EN $0.39
2026-09-03T19:41:39+00:00,https://bilgewatermarket.com/cards/OGS-001?print_variation=promo,"Annie, Fiery",nonfoil,30.16,https://bilgewatermarket.com/cards/OGS-001?print_variation=promo,promo,,¥7.07,$30.16,OGS-001,"Annie, Fiery OGS-001/024 CN ¥7.07 EN $30.16"
2026-09-03T19:41:39+00:00,https://bilgewatermarket.com/cards/OGS-004?print_variation=promo,"Yi, Meditative",nonfoil,3.80,https://bilgewatermarket.com/cards/OGS-004?print_variation=promo,promo,,¥6.00,$3.80,OGS-004,"Yi, Meditative OGS-004/024 CN ¥6.00 EN $3.80"
2026-09-03T19:41:39+00:00,https://bilgewatermarket.com/cards/OGS-006?print_variation=promo,"Lux, Illuminated",nonfoil,17.47,https://bilgewatermarket.com/cards/OGS-006?print_variation=promo,promo,,¥4.00,$17.47,OGS-006,"Lux, Illuminated OGS-006/024 CN ¥4.00 EN $17.47"
2026-09-03T19:41:39+00:00,https://bilgewatermarket.com/cards/OGS-007?print_variation=promo,"Garen, Rugged",nonfoil,6.76,https://bilgewatermarket.com/cards/OGS-007?print_variation=promo,promo,,¥3.97,$6.76,OGS-007,"Garen, Rugged OGS-007/024 CN ¥3.97 EN $6.76"
2026-09-03T19:41:39+00:00,https://bilgewatermarket.com/cards/OGS-009?print_variation=promo,"Yi, Honed",nonfoil,15.90,https://bilgewatermarket.com/cards/OGS-009?print_variation=promo,promo,,¥8.96,$15.90,OGS-009,"Yi, Honed OGS-009/024 CN ¥8.96 EN $15.90"
2026-09-03T19:41:39+00:00,https://bilgewatermarket.com/cards/OGS-010?print_variation=promo,"Annie, Stubborn",nonfoil,19.14,https://bilgewatermarket.com/cards/OGS-010?print_variation=promo,promo,,¥10.15,$19.14,OGS-010,"Annie, Stubborn OGS-010/024 CN ¥10.15 EN $19.14"
2026-09-03T19:41:39+00:00,https://bilgewatermarket.com/cards/OGS-011?print_variation=promo,Flash,nonfoil,2.11,https://bilgewatermarket.com/cards/OGS-011?print_variation=promo,promo,,¥64.28,$2.11,OGS-011,Flash OGS-011/024 CN ¥64.28 EN $2.11
2026-09-03T19:41:39+00:00,https://bilgewatermarket.com/cards/OGS-013?print_variation=promo,"Garen, Commander",nonfoil,4.89,https://bilgewatermarket.com/cards/OGS-013?print_variation=promo,promo,,¥2.02,$4.89,OGS-013,"Garen, Commander OGS-013/024 CN ¥2.02 EN $4.89"
2026-09-03T19:41:39+00:00,https://bilgewatermarket.com/cards/OGS-014?print_variation=promo,"Lux, Crownguard",nonfoil,60.39,https://bilgewatermarket.com/cards/OGS-014?print_variation=promo,promo,,¥35.84,$60.39,OGS-014,"Lux, Crownguard OGS-014/024 CN ¥35.84 EN $60.39"
2026-09-03T19:41:39+00:00,https://bilgewatermarket.com/cards/OGS-017?print_variation=promo,"Annie, Dark Child, Starter",nonfoil,42.89,https://bilgewatermarket.com/cards/OGS-017?print_variation=promo,promo,,¥40.57,$42.89,OGS-017,"Annie, Dark Child, Starter OGS-017/024 CN ¥40.57 EN $42.89"
2026-09-03T19:41:39+00:00,https://bilgewatermarket.com/cards/OGS-018?print_variation=promo,Tibbers,nonfoil,6.18,https://bilgewatermarket.com/cards/OGS-018?print_variation=promo,promo,,¥2.19,$6.18,OGS-018,Tibbers OGS-018/024 CN ¥2.19 EN $6.18
2026-09-03T19:41:39+00:00,https://bilgewatermarket.com/cards/OGS-019?print_variation=promo,"Master Yi, Wuju Bladesman, Starter",nonfoil,41.98,https://bilgewatermarket.com/cards/OGS-019?print_variation=promo,promo,,¥49.02,$41.98,OGS-019,"Master Yi, Wuju Bladesman, Starter OGS-019/024 CN ¥49.02 EN $41.98"
2026-09-03T19:41:39+00:00,https://bilgewatermarket.com/cards/OGS-020?print_variation=promo,Highlander,nonfoil,2.28,https://bilgewatermarket.com/cards/OGS-020?print_variation=promo,promo,,¥2.98,$2.28,OGS-020,Highlander OGS-020/024 CN ¥2.98 EN $2.28
2026-09-03T19:41:39+00:00,https://bilgewatermarket.com/cards/OGS-021?print_variation=promo,"Lux, Lady of Luminosity, Starter",nonfoil,51.11,https://bilgewatermarket.com/cards/OGS-021?print_variation=promo,promo,,¥35.70,$51.11,OGS-021,"Lux, Lady of Luminosity, Starter OGS-021/024 CN ¥35.70 EN $51.11"
2026-09-03T19:41:39+00:00,https://bilgewatermarket.com/cards/OGS-022?print_variation=promo,Final Spark,nonfoil,4.20,https://bilgewatermarket.com/cards/OGS-022?print_variation=promo,promo,,¥4.05,$4.20,OGS-022,Final Spark OGS-022/024 CN ¥4.05 EN $4.20
2026-09-03T19:41:39+00:00,https://bilgewatermarket.com/cards/OGS-023?print_variation=promo,"Garen, Might of Demacia, Starter",nonfoil,6.80,https://bilgewatermarket.com/cards/OGS-023?print_variation=promo,promo,,¥4.06,$6.80,OGS-023,"Garen, Might of Demacia, Starter OGS-023/024 CN ¥4.06 EN $6.80"
2026-09-03T19:41:39+00:00,https://bilgewatermarket.com/cards/OGS-024?print_variation=promo,Decisive Strike,nonfoil,1.74,https://bilgewatermarket.com/cards/OGS-024?print_variation=promo,promo,,¥2.04,$1.74,OGS-024,Decisive Strike OGS-024/024 CN ¥2.04 EN $1.74
2026-09-03T19:41:39+00:00,https://bilgewatermarket.com/cards/SFD-007?print_variation=promo,Gem Jammer,nonfoil,0.18,https://bilgewatermarket.com/cards/SFD-007?print_variation=promo,promo,,¥1.19,$0.18,SFD-007,Gem Jammer SFD-007/221 CN ¥1.19 EN $0.18
2026-09-03T19:41:39+00:00,https://bilgewatermarket.com/cards/SFD-009?print_variation=promo,Serrated Dirk,nonfoil,0.24,https://bilgewatermarket.com/cards/SFD-009?print_variation=promo,promo,,¥0.50,$0.24,SFD-009,Serrated Dirk SFD-009/221 CN ¥0.50 EN $0.24
2026-09-03T19:41:39+00:00,https://bilgewatermarket.com/cards/SFD-013?print_variation=promo,Blast Corps Cadet,nonfoil,0.21,https://bilgewatermarket.com/cards/SFD-013?print_variation=promo,promo,,¥0.50,$0.21,SFD-013,Blast Corps Cadet SFD-013/221 CN ¥0.50 EN $0.21
2026-09-03T19:41:39+00:00,https://bilgewatermarket.com/cards/SFD-022?print_variation=promo%5Bsummoner%20skirmish%20participation%5D,Long Sword,nonfoil,0.26,https://bilgewatermarket.com/cards/SFD-022?print_variation=promo%5Bsummoner%20skirmish%20participation%5D,promo[summoner skirmish participation],,,$0.26,SFD-022,Long Sword SFD-022/221 EN $0.26
2026-09-03T19:41:39+00:00,https://bilgewatermarket.com/cards/SFD-022?print_variation=promo%5B%E4%B8%8A%E4%BD%8D%5D,Long Sword,nonfoil,64.90,https://bilgewatermarket.com/cards/SFD-022?print_variation=promo%5B%E4%B8%8A%E4%BD%8D%5D,promo[上位],,¥64.90,,SFD-022,Long Sword SFD-022/221 CN ¥64.90
2026-09-03T19:41:39+00:00,https://bilgewatermarket.com/cards/SFD-025a?print_variation=promo,"Rengar, Pouncing",nonfoil,3983.97,https://bilgewatermarket.com/cards/SFD-025a?print_variation=promo,promo,,¥3983.97,,SFD-025a,"Rengar, Pouncing SFD-025a/221 CN ¥3983.97"
2026-09-03T19:41:39+00:00,https://bilgewatermarket.com/cards/SFD-033?print_variation=promo,Doran's Shield,nonfoil,0.22,https://bilgewatermarket.com/cards/SFD-033?print_variation=promo,promo,,¥1.14,$0.22,SFD-033,Doran's Shield SFD-033/221 CN ¥1.14 EN $0.22
2026-09-03T19:41:39+00:00,https://bilgewatermarket.com/cards/SFD-037?print_variation=promo,Navori Scout,nonfoil,0.17,https://bilgewatermarket.com/cards/SFD-037?print_variation=promo,promo,,¥0.54,$0.17,SFD-037,Navori Scout SFD-037/221 CN ¥0.54 EN $0.17
2026-09-03T19:41:39+00:00,https://bilgewatermarket.com/cards/SFD-048?print_variation=promo,Stellacorn Herder,nonfoil,2.32,https://bilgewatermarket.com/cards/SFD-048?print_variation=promo,promo,,¥2.70,$2.32,SFD-048,Stellacorn Herder SFD-048/221 CN ¥2.70 EN $2.32
2026-09-03T19:41:39+00:00,https://bilgewatermarket.com/cards/SFD-051?print_variation=promo%5Bsummoner%20skirmish%20top%208%5D,Guardian Angel,nonfoil,4.71,https://bilgewatermarket.com/cards/SFD-051?print_variation=promo%5Bsummoner%20skirmish%20top%208%5D,promo[summoner skirmish top 8],,,$4.71,SFD-051,Guardian Angel SFD-051/221 EN $4.71
2026-09-03T19:41:39+00:00,https://bilgewatermarket.com/cards/SFD-051?print_variation=promo%5B%E5%86%A0%E5%86%9B%5D,Guardian Angel,nonfoil,1797.40,https://bilgewatermarket.com/cards/SFD-051?print_variation=promo%5B%E5%86%A0%E5%86%9B%5D,promo[冠军],,¥1797.40,,SFD-051,Guardian Angel SFD-051/221 CN ¥1797.40
2026-09-03T19:41:39+00:00,https://bilgewatermarket.com/cards/SFD-059?print_variation=promo,Svellsongur,nonfoil,21.52,https://bilgewatermarket.com/cards/SFD-059?print_variation=promo,promo,,¥378.10,$21.52,SFD-059,Svellsongur SFD-059/221 CN ¥378.10 EN $21.52
2026-09-03T19:41:39+00:00,https://bilgewatermarket.com/cards/SFD-064?print_variation=promo,Cloth Armor,nonfoil,0.23,https://bilgewatermarket.com/cards/SFD-064?print_variation=promo,promo,,¥0.71,$0.23,SFD-064,Cloth Armor SFD-064/221 CN ¥0.71 EN $0.23
2026-09-03T19:41:39+00:00,https://bilgewatermarket.com/cards/SFD-067?print_variation=promo,Frostcoat Cub,nonfoil,0.17,https://bilgewatermarket.com/cards/SFD-067?print_variation=promo,promo,,¥0.93,$0.17,SFD-067,Frostcoat Cub SFD-067/221 CN ¥0.93 EN $0.17
2026-09-03T19:41:39+00:00,https://bilgewatermarket.com/cards/SFD-076?print_variation=promo,Production Surge,nonfoil,0.29,https://bilgewatermarket.com/cards/SFD-076?print_variation=promo,promo,,¥1.03,$0.29,SFD-076,Production Surge SFD-076/221 CN ¥1.03 EN $0.29
2026-09-03T19:41:39+00:00,https://bilgewatermarket.com/cards/SFD-084?print_variation=promo,"Jayce, Man of Progress",nonfoil,2.01,https://bilgewatermarket.com/cards/SFD-084?print_variation=promo,promo,,¥2.01,,SFD-084,"Jayce, Man of Progress SFD-084/221 CN ¥2.01"
2026-09-03T19:41:39+00:00,https://bilgewatermarket.com/cards/SFD-086?print_variation=promo%5Bsummoner%20skirmish%20participation%5D,World Atlas,nonfoil,0.28,https://bilgewatermarket.com/cards/SFD-086?print_variation=promo%5Bsummoner%20skirmish%20participation%5D,promo[summoner skirmish participation],,,$0.28,SFD-086,World Atlas SFD-086/221 EN $0.28
2026-09-03T19:41:39+00:00,https://bilgewatermarket.com/cards/SFD-086?print_variation=promo%5B%E4%B8%8A%E4%BD%8D%5D,World Atlas,nonfoil,27.90,https://bilgewatermarket.com/cards/SFD-086?print_variation=promo%5B%E4%B8%8A%E4%BD%8D%5D,promo[上位],,¥27.90,,SFD-086,World Atlas SFD-086/221 CN ¥27.90
2026-09-03T19:41:39+00:00,https://bilgewatermarket.com/cards/SFD-095?print_variation=promo,Doran's Blade,nonfoil,0.39,https://bilgewatermarket.com/cards/SFD-095?print_variation=promo,promo,,¥0.72,$0.39,SFD-095,Doran's Blade SFD-095/221 CN ¥0.72 EN $0.39
2026-09-03T19:41:39+00:00,https://bilgewatermarket.com/cards/SFD-098?print_variation=promo,Sea Monkey,nonfoil,0.21,https://bilgewatermarket.com/cards/SFD-098?print_variation=promo,promo,,¥0.73,$0.21,SFD-098,Sea Monkey SFD-098/221 CN ¥0.73 EN $0.21
2026-09-03T19:41:39+00:00,https://bilgewatermarket.com/cards/SFD-101?print_variation=promo,Fae Dragon,nonfoil,0.37,https://bilgewatermarket.com/cards/SFD-101?print_variation=promo,promo,,¥0.51,$0.37,SFD-101,Fae Dragon SFD-101/221 CN ¥0.51 EN $0.37
2026-09-03T19:41:39+00:00,https://bilgewatermarket.com/cards/SFD-111?print_variation=promo,Here to Help,nonfoil,1092.98,https://bilgewatermarket.com/cards/SFD-111?print_variation=promo,promo,,¥1092.98,,SFD-111,Here to Help SFD-111/221 CN ¥1092.98
2026-09-03T19:41:39+00:00,https://bilgewatermarket.com/cards/SFD-116?print_variation=promo,"Yone, Blademaster",nonfoil,3.17,https://bilgewatermarket.com/cards/SFD-116?print_variation=promo,promo,,¥2.36,$3.17,SFD-116,"Yone, Blademaster SFD-116/221 CN ¥2.36 EN $3.17"
2026-09-03T19:41:39+00:00,https://bilgewatermarket.com/cards/SFD-124?print_variation=promo,Doran's Ring,nonfoil,0.16,https://bilgewatermarket.com/cards/SFD-124?print_variation=promo,promo,,¥0.55,$0.16,SFD-124,Doran's Ring SFD-124/221 CN ¥0.55 EN $0.16
2026-09-03T19:41:39+00:00,https://bilgewatermarket.com/cards/SFD-130?print_variation=promo,Treasure Hunter,nonfoil,0.27,https://bilgewatermarket.com/cards/SFD-130?print_variation=promo,promo,,¥2.04,$0.27,SFD-130,Treasure Hunter SFD-130/221 CN ¥2.04 EN $0.27
2026-09-03T19:41:39+00:00,https://bilgewatermarket.com/cards/SFD-137?print_variation=promo,Harpoon Squad,nonfoil,0.29,https://bilgewatermarket.com/cards/SFD-137?print_variation=promo,promo,,¥0.50,$0.29,SFD-137,Harpoon Squad SFD-137/221 CN ¥0.50 EN $0.29
2026-09-03T19:41:39+00:00,https://bilgewatermarket.com/cards/SFD-139?print_variation=promo%5Bsummoner%20skirmish%20top%208%5D,Edge of Night,nonfoil,4.31,https://bilgewatermarket.com/cards/SFD-139?print_variation=promo%5Bsummoner%20skirmish%20top%208%5D,promo[summoner skirmish top 8],,,$4.31,SFD-139,Edge of Night SFD-139/221 EN $4.31
2026-09-03T19:41:39+00:00,https://bilgewatermarket.com/cards/SFD-139?print_variation=promo%5B%E5%86%A0%E5%86%9B%5D,Edge of Night,nonfoil,1250.80,https://bilgewatermarket.com/cards/SFD-139?print_variation=promo%5B%E5%86%A0%E5%86%9B%5D,promo[冠军],,¥1250.80,,SFD-139,Edge of Night SFD-139/221 CN ¥1250.80
2026-09-03T19:41:39+00:00,https://bilgewatermarket.com/cards/SFD-153?print_variation=promo,Eye of the Herald,nonfoil,0.28,https://bilgewatermarket.com/cards/SFD-153?print_variation=promo,promo,,¥1.01,$0.28,SFD-153,Eye of the Herald SFD-153/221 CN ¥1.01 EN $0.28
2026-09-03T19:41:39+00:00,https://bilgewatermarket.com/cards/SFD-156?print_variation=promo,Laurent Duelist,nonfoil,0.17,https://bilgewatermarket.com/cards/SFD-156?print_variation=promo,promo,,¥0.50,$0.17,SFD-156,Laurent Duelist SFD-156/221 CN ¥0.50 EN $0.17
2026-09-03T19:41:39+00:00,https://bilgewatermarket.com/cards/SFD-167?print_variation=promo,Unsung Hero,nonfoil,0.29,https://bilgewatermarket.com/cards/SFD-167?print_variation=promo,promo,,¥1.15,$0.29,SFD-167,Unsung Hero SFD-167/221 CN ¥1.15 EN $0.29
2026-09-03T19:41:39+00:00,https://bilgewatermarket.com/cards/SFD-220?print_variation=promo,Treasure Hoard,nonfoil,586.44,https://bilgewatermarket.com/cards/SFD-220?print_variation=promo,promo,,¥586.44,,SFD-220,Treasure Hoard SFD-220/221 CN ¥586.44
2026-09-03T19:41:39+00:00,https://bilgewatermarket.com/cards/UNL-001?print_variation=promo,Arena Kingpin,nonfoil,0.12,https://bilgewatermarket.com/cards/UNL-001?print_variation=promo,promo,,¥0.50,$0.12,UNL-001,Arena Kingpin UNL-001/219 CN ¥0.50 EN $0.12
2026-09-03T19:41:39+00:00,https://bilgewatermarket.com/cards/UNL-009?print_variation=promo,Upstage Comedy,nonfoil,0.27,https://bilgewatermarket.com/cards/UNL-009?print_variation=promo,promo,,¥0.52,$0.27,UNL-009,Upstage Comedy UNL-009/219 CN ¥0.52 EN $0.27
2026-09-03T19:41:39+00:00,https://bilgewatermarket.com/cards/UNL-016?print_variation=promo,Scorchclaw,nonfoil,0.18,https://bilgewatermarket.com/cards/UNL-016?print_variation=promo,promo,,¥0.50,$0.18,UNL-016,Scorchclaw UNL-016/219 CN ¥0.50 EN $0.18
2026-09-03T19:41:39+00:00,https://bilgewatermarket.com/cards/UNL-022?print_variation=promo,"Jhin, Murderous Artist",nonfoil,8.67,https://bilgewatermarket.com/cards/UNL-022?print_variation=promo,promo,,¥8.67,,UNL-022,"Jhin, Murderous Artist UNL-022/219 CN ¥8.67"
2026-09-03T19:41:39+00:00,https://bilgewatermarket.com/cards/UNL-036?print_variation=promo,Mutated Mouser,nonfoil,0.22,https://bilgewatermarket.com/cards/UNL-036?print_variation=promo,promo,,¥0.85,$0.22,UNL-036,Mutated Mouser UNL-036/219 CN ¥0.85 EN $0.22
2026-09-03T19:41:39+00:00,https://bilgewatermarket.com/cards/UNL-039?print_variation=promo,Soul Sword,nonfoil,0.32,https://bilgewatermarket.com/cards/UNL-039?print_variation=promo,promo,,¥0.93,$0.32,UNL-039,Soul Sword UNL-039/219 CN ¥0.93 EN $0.32
2026-09-03T19:41:39+00:00,https://bilgewatermarket.com/cards/UNL-047?print_variation=promo,Mosstomper,nonfoil,0.29,https://bilgewatermarket.com/cards/UNL-047?print_variation=promo,promo,,¥0.98,$0.29,UNL-047,Mosstomper UNL-047/219 CN ¥0.98 EN $0.29
2026-09-03T19:41:39+00:00,https://bilgewatermarket.com/cards/UNL-056?print_variation=promo,"Yuumi, Magical Cat",nonfoil,5.18,https://bilgewatermarket.com/cards/UNL-056?print_variation=promo,promo,,¥5.18,,UNL-056,"Yuumi, Magical Cat UNL-056/219 CN ¥5.18"
2026-09-03T19:41:39+00:00,https://bilgewatermarket.com/cards/UNL-058?print_variation=promo,"Lillia, Protector of Dreams",nonfoil,50.80,https://bilgewatermarket.com/cards/UNL-058?print_variation=promo,promo,,¥50.80,,UNL-058,"Lillia, Protector of Dreams UNL-058/219 CN ¥50.80"
2026-09-03T19:41:39+00:00,https://bilgewatermarket.com/cards/UNL-061?print_variation=promo,Downstage Dramatics,nonfoil,0.27,https://bilgewatermarket.com/cards/UNL-061?print_variation=promo,promo,,¥0.52,$0.27,UNL-061,Downstage Dramatics UNL-061/219 CN ¥0.52 EN $0.27
2026-09-03T19:41:39+00:00,https://bilgewatermarket.com/cards/UNL-065?print_variation=promo,Icevale Archer,nonfoil,0.12,https://bilgewatermarket.com/cards/UNL-065?print_variation=promo,promo,,¥0.50,$0.12,UNL-065,Icevale Archer UNL-065/219 CN ¥0.50 EN $0.12
2026-09-03T19:41:39+00:00,https://bilgewatermarket.com/cards/UNL-075?print_variation=promo,Gustwalker,nonfoil,0.29,https://bilgewatermarket.com/cards/UNL-075?print_variation=promo,promo,,¥0.60,$0.29,UNL-075,Gustwalker UNL-075/219 CN ¥0.60 EN $0.29
2026-09-03T19:41:39+00:00,https://bilgewatermarket.com/cards/UNL-086?print_variation=promo,"Zilean, Time Mage",nonfoil,1.80,https://bilgewatermarket.com/cards/UNL-086?print_variation=promo,promo,,¥1.80,,UNL-086,"Zilean, Time Mage UNL-086/219 CN ¥1.80"
2026-09-03T19:41:39+00:00,https://bilgewatermarket.com/cards/UNL-087?print_variation=promo,Blue Sentinel,nonfoil,424.68,https://bilgewatermarket.com/cards/UNL-087?print_variation=promo,promo,,¥424.68,,UNL-087,Blue Sentinel UNL-087/219 CN ¥424.68
2026-09-03T19:41:39+00:00,https://bilgewatermarket.com/cards/UNL-093?print_variation=promo,Dragonsoul Sage,nonfoil,0.27,https://bilgewatermarket.com/cards/UNL-093?print_variation=promo,promo,,¥1.13,$0.27,UNL-093,Dragonsoul Sage UNL-093/219 CN ¥1.13 EN $0.27
2026-09-03T19:41:39+00:00,https://bilgewatermarket.com/cards/UNL-100?print_variation=promo,Voracious Gromp,nonfoil,0.14,https://bilgewatermarket.com/cards/UNL-100?print_variation=promo,promo,,¥0.50,$0.14,UNL-100,Voracious Gromp UNL-100/219 CN ¥0.50 EN $0.14
2026-09-03T19:41:39+00:00,https://bilgewatermarket.com/cards/UNL-107?print_variation=promo,Stare Down,nonfoil,0.33,https://bilgewatermarket.com/cards/UNL-107?print_variation=promo,promo,,¥0.67,$0.33,UNL-107,Stare Down UNL-107/219 CN ¥0.67 EN $0.33
2026-09-03T19:41:39+00:00,https://bilgewatermarket.com/cards/UNL-120?print_variation=promo,"Rengar, Trophy Hunter",nonfoil,99.60,https://bilgewatermarket.com/cards/UNL-120?print_variation=promo,promo,,¥99.60,,UNL-120,"Rengar, Trophy Hunter UNL-120/219 CN ¥99.60"
2026-09-03T19:41:39+00:00,https://bilgewatermarket.com/cards/UNL-125?print_variation=promo,Lunar Boon,nonfoil,0.20,https://bilgewatermarket.com/cards/UNL-125?print_variation=promo,promo,,¥1.95,$0.20,UNL-125,Lunar Boon UNL-125/219 CN ¥1.95 EN $0.20
2026-09-03T19:41:39+00:00,https://bilgewatermarket.com/cards/UNL-127?print_variation=promo,Mister Root,nonfoil,0.24,https://bilgewatermarket.com/cards/UNL-127?print_variation=promo,promo,,¥0.90,$0.24,UNL-127,Mister Root UNL-127/219 CN ¥0.90 EN $0.24
2026-09-03T19:41:39+00:00,https://bilgewatermarket.com/cards/UNL-137?print_variation=promo,Sinister Poro,nonfoil,0.40,https://bilgewatermarket.com/cards/UNL-137?print_variation=promo,promo,,¥0.96,$0.40,UNL-137,Sinister Poro UNL-137/219 CN ¥0.96 EN $0.40
2026-09-03T19:41:39+00:00,https://bilgewatermarket.com/cards/UNL-156?print_variation=promo,Loyal Poro,nonfoil,0.29,https://bilgewatermarket.com/cards/UNL-156?print_variation=promo,promo,,¥0.54,$0.29,UNL-156,Loyal Poro UNL-156/219 CN ¥0.54 EN $0.29
2026-09-03T19:41:39+00:00,https://bilgewatermarket.com/cards/UNL-160?print_variation=promo,Ultrasoft Poro,nonfoil,0.32,https://bilgewatermarket.com/cards/UNL-160?print_variation=promo,promo,,¥0.69,$0.32,UNL-160,Ultrasoft Poro UNL-160/219 CN ¥0.69 EN $0.32
2026-09-03T19:41:39+00:00,https://bilgewatermarket.com/cards/UNL-168?print_variation=promo,Undying Loyalty,nonfoil,0.35,https://bilgewatermarket.com/cards/UNL-168?print_variation=promo,promo,,¥0.51,$0.35,UNL-168,Undying Loyalty UNL-168/219 CN ¥0.51 EN $0.35
2026-09-03T19:41:39+00:00,https://bilgewatermarket.com/cards/UNL-169?print_variation=promo,"Ashe, Focused",nonfoil,3.60,https://bilgewatermarket.com/cards/UNL-169?print_variation=promo,promo,,¥3.60,,UNL-169,"Ashe, Focused UNL-169/219 CN ¥3.60"
2026-09-03T19:41:39+00:00,https://bilgewatermarket.com/cards/UNL-207?print_variation=promo,Amateur Recital,nonfoil,504.16,https://bilgewatermarket.com/cards/UNL-207?print_variation=promo,promo,,¥504.16,,UNL-207,Amateur Recital UNL-207/219 CN ¥504.16
2026-09-03T19:41:39+00:00,https://bilgewatermarket.com/cards/VEN-017?print_variation=promo,"Morgana, Vindictive",nonfoil,3.67,https://bilgewatermarket.com/cards/VEN-017?print_variation=promo,promo,,¥3.67,,VEN-017,"Morgana, Vindictive VEN-017/166 CN ¥3.67"
2026-09-03T19:41:39+00:00,https://bilgewatermarket.com/cards/VEN-017?print_variation=promo%5Bsummoner%20skirmish%20participation%5D,"Morgana, Vindictive",nonfoil,2.92,https://bilgewatermarket.com/cards/VEN-017?print_variation=promo%5Bsummoner%20skirmish%20participation%5D,promo[summoner skirmish participation],,,$2.92,VEN-017,"Morgana, Vindictive VEN-017/166 EN $2.92"
